Date,Close,High,Low,Open,Volume
2010-01-04,6.4064812660217285,6.421149562639879,6.357686597783846,6.389118719062898,493729600
2010-01-05,6.417557239532471,6.45377913699936,6.383729831431048,6.424143184410481,601904800
2010-01-06,6.315476417541504,6.443001439806501,6.308890473783978,6.4175561476970735,552160000
2010-01-07,6.303800582885742,6.3463094541693,6.257999539269732,6.3388254275910345,477131200
2010-01-08,6.345708847045898,6.346307968712917,6.258298234838571,6.2954173992544575,447610800
2010-01-11,6.289731979370117,6.376244930831561,6.240038840929776,6.370257709409591,462229600
2010-01-12,6.218184947967529,6.279553162902965,6.179269211114541,6.2621898225915205,594459600
2010-01-13,6.305898189544678,6.314280302076134,6.109821824395583,6.22267858432166,605892000
2010-01-14,6.269376277923584,6.3002100727529875,6.2571028720228075,6.289732833522723,432894000
2010-01-15,6.1646013259887695,6.334335452765338,6.162805159598235,6.314278261404369,594067600
2010-01-19,6.437313556671143,6.4418039731324805,6.203817895897137,6.236447056473079,730007600
2010-01-20,6.338226795196533,6.45257951827247,6.271470480425866,6.433420810849993,612152800
2010-01-21,6.228662967681885,6.385524977713283,6.202918713907965,6.348704763550262,608154400
2010-01-22,5.919730186462402,6.21160046072804,5.902068681145756,6.190047261160149,881767600
2010-01-25,6.078987121582031,6.127781384990366,5.992773118182527,6.062223298689935,1065699600
2010-01-26,6.164900779724121,6.397499134941822,6.064317858428197,6.1652001407937105,1867110000
2010-01-27,6.2229766845703125,6.303801788993921,5.973015344883957,6.1921428888494106,1722568400
2010-01-28,5.965831756591797,6.151731036709648,5.9481702478399985,6.1346682502668,1173502400
2010-01-29,5.749396800994873,6.052942109520461,5.695213650273014,6.019414471458897,1245952400
2010-02-01,5.829326152801514,5.867344219308913,5.7266476769253405,5.758678520461148,749876400
2010-02-02,5.863152027130127,5.8769226372964685,5.788912475073255,5.864649232264019,698342400
2010-02-03,5.964033603668213,5.993071226301777,5.820044133762492,5.842495813190696,615328000
2010-02-04,5.749098777770996,5.93829019507585,5.734729445101834,5.8891957744849535,757652000
2010-02-05,5.8511786460876465,5.867344147914242,5.713176355720521,5.766461840157096,850306800
2010-02-08,5.811066150665283,5.923623556613391,5.807473816493953,5.858065056711218,478270800
2010-02-09,5.873031139373779,5.9122462445061315,5.829923940252894,5.879916045005989,632886800
2010-02-10,5.841000556945801,5.885305605123277,5.8152562987685394,5.864050564915447,370361600
2010-02-11,5.947271823883057,5.979602429207001,5.809269527745575,5.833816742975708,550345600
2010-02-12,5.9984612464904785,6.036179949597363,5.852376212154247,5.930507468863294,655468800
2010-02-16,6.088864326477051,6.097545396759127,6.032585651276825,6.0451584149906035,543737600
2010-02-17,6.063419342041016,6.116105284327851,6.0128277279106275,6.1125129519862185,436396800
2010-02-18,6.074796199798584,6.103534468019051,6.0146258129229535,6.035879653362987,422825200
2010-02-19,6.037078857421875,6.082880320344815,6.020315030384248,6.042767119739771,415469600
2010-02-22,5.999657154083252,6.061923058424361,5.962836941028927,6.0571336809219725,390563600
2010-02-23,5.899075031280518,6.0268994294293385,5.858662479858376,5.987085200555253,575094800
2010-02-24,6.006842613220215,6.030191979157538,5.922423983873217,5.934099066522911,460566400
2010-02-25,6.046956539154053,6.072700796983845,5.893986598782746,5.9086548944784765,665126000
2010-02-26,6.1253886222839355,6.141853088699461,6.046957985829162,6.058333311814798,507460800
2010-03-01,6.256204128265381,6.271470743015719,6.150232311067188,6.159212743216973,550093600
2010-03-02,6.252013683319092,6.311285580460449,6.218785001984629,6.284343482020809,566546400
2010-03-03,6.266383171081543,6.282548673448106,6.224773569269848,6.2547088854012545,372052800
2010-03-04,6.307692527770996,6.313979110346963,6.245426623204436,6.264885492763439,366041200
2010-03-05,6.554361820220947,6.576813504465278,6.425040614578126,6.43432080926729,899620400
2010-03-08,6.558251857757568,6.588486124094902,6.533405290838939,6.586091635428919,429889600
2010-03-09,6.676198959350586,6.735470861847223,6.522630303316937,6.535203070561518,920259200
2010-03-10,6.730679512023926,6.74983861905507,6.6815858989805035,6.700445245283315,596218000
2010-03-11,6.7504377365112305,6.7504377365112305,6.685179015041465,6.702841319961756,405700400
2010-03-12,6.783368110656738,6.817194719209327,6.757922814358655,6.806417718559328,416323600
2010-03-15,6.700747489929199,6.750439446770802,6.593278826083185,6.746847912018824,493502800
2010-03-16,6.719006061553955,6.73487180028922,6.660931606452395,6.710923711475747,446908000
2010-03-17,6.709126949310303,6.77887608152495,6.6836820572445355,6.732476313846722,450956800
2010-03-18,6.724991798400879,6.735469034982772,6.663923346083139,6.708526541735445,342109600
2010-03-19,6.653148174285889,6.742655144851482,6.622613741742777,6.729184295021868,559445600
2010-03-22,6.7279863357543945,6.765406070739366,6.590283437631667,6.599862992106159,456419600
2010-03-23,6.836053371429443,6.848626537568376,6.708527941535076,6.754628751349084,602431200
2010-03-24,6.866290092468262,6.89113666993644,6.81060971412243,6.814501809019723,597780400
2010-03-25,6.784864902496338,6.914186519564735,6.772890456648652,6.912689314152671,542284400
2010-03-26,6.912089824676514,6.943521538859744,6.841741170308381,6.853715613442197,640875200
2010-03-29,6.956692695617676,7.000997336288123,6.933643091400583,6.974954121258025,540744400
2010-03-30,7.060271263122559,7.109066733733514,7.012374275695043,7.082722950999136,527310000
2010-03-31,7.034826755523682,7.0830235092255585,7.018662050024638,7.04949585406057,430659600
2010-04-01,7.063863754272461,7.146485040236009,6.967471854300514,7.10697096397995,603145200
2010-04-05,7.1392998695373535,7.139898591776365,7.027939931167599,7.034226914358289,684507600
2010-04-06,7.170732021331787,7.1916864992653124,7.094695899583298,7.130618432727981,447017200
2010-04-07,7.202465057373047,7.241979932318012,7.144389789950442,7.1710325343097905,628502000
2010-04-08,7.1830034255981445,7.230600628864967,7.125826669665232,7.197671715937157,572989200
2010-04-09,7.238089561462402,7.241083973227842,7.198275715546416,7.227313356174121,334182800
2010-04-12,7.253052711486816,7.27640207305472,7.238683381683851,7.250358062467803,333026400
2010-04-13,7.257246494293213,7.268323257748212,7.217731617489365,7.240184105901286,306210800
2010-04-14,7.354833602905273,7.358425935618173,7.306338710005089,7.342560199150523,404076400
2010-04-15,7.451527118682861,7.454819691491371,7.349446969910742,7.357529320885941,376784800
2010-04-16,7.406023025512695,7.517981661838814,7.320707123362998,7.441047069855326,750545600
2010-04-19,7.396149158477783,7.420695981017549,7.237490897291276,7.394951713506942,566924400
2010-04-20,7.321906089782715,7.461405172769429,7.273111426785259,7.440150933156715,738326400
2010-04-21,7.759860515594482,7.790694307384745,7.655385496295912,7.747287350140174,982391200
2010-04-22,7.976891040802002,7.985273149987279,7.669454044904129,7.73052289817779,793424800
2010-04-23,8.107414245605469,8.14782681213968,7.992761693623469,8.02239725600359,796955600
2010-04-26,8.067595481872559,8.156203952796252,8.028379584795946,8.138841811609028,479068800
2010-04-27,7.8442816734313965,8.017907186899636,7.7987803660137995,8.000843996777434,709343600
2010-04-28,7.831107139587402,7.902951403856163,7.675742329374108,7.880500520913336,758402400
2010-04-29,8.041854858398438,8.08256638001314,7.843382793237005,7.8736170732690685,558840800
2010-04-30,7.815840721130371,8.099627864872698,7.813146870767117,8.061909163614377,542463600
2010-05-03,7.973303318023682,8.019105184299553,7.869426974683892,7.898165651362835,454342000
2010-05-04,7.743697166442871,7.881699865894017,7.685922459939022,7.869726218642908,723819600
2010-05-05,7.66317081451416,7.727532264364235,7.445839410238139,7.574562309938288,883103200
2010-05-06,7.371601581573486,7.730826243077675,5.964635459633544,7.598511784789909,1285860800
2010-05-07,7.060567855834961,7.381176764017634,6.741755913416297,7.295561896940916,1676018400
2010-05-10,7.603296756744385,7.62305458632602,7.439849617924293,7.491338919896291,984306400
2010-05-11,7.679035186767578,7.779917070633752,7.49882381757409,7.538936602644877,848906800
2010-05-12,7.845777988433838,7.876910752897248,7.744297342577705,7.7604612481471875,654379600
2010-05-13,7.734121322631836,7.932892415134562,7.675447311480985,7.879606906990046,599712400
2010-05-14,7.598209381103516,7.677837837094588,7.468888579916591,7.638322970207004,759362800
2010-05-17,7.610185146331787,7.668859134312434,7.415305427720954,7.624554482007597,762834800
2010-05-18,7.554503917694092,7.7398040386761116,7.491638887218659,7.692805545888321,782678400
2010-05-19,7.434165000915527,7.5712692187602455,7.329690750784921,7.468890097129853,1025726800
2010-05-20,7.117448329925537,7.299754871172136,7.071047752021249,7.240781125147937,1282915200
2010-05-21,7.253955364227295,7.319214509206246,6.925562911821427,6.9695678105964145,1223891200
2010-05-24,7.386863708496094,7.510796783490032,7.371896455553714,7.402430482892584,754238800
2010-05-25,7.340764999389648,7.386865009884788,7.09948554926995,7.165043631507781,1048006400
2010-05-26,7.3075385093688965,7.547621386480442,7.296761506578028,7.486253541853697,850654000
2010-05-27,7.584139347076416,7.600304845921866,7.457213442478885,7.5018170458056534,666282400
2010-05-28,7.689812660217285,7.765250064413117,7.584140182309939,7.764951102971489,815614800
2010-06-01,7.8080596923828125,7.961029671788008,7.752080345805612,7.7739333142009786,876472800
2010-06-02,7.901456356048584,7.926900851721735,7.793089231392683,7.91911746274968,688548000
2010-06-03,7.8766093254089355,7.949352073552692,7.795483667189645,7.938275313286013,650106800
2010-06-04,7.662269592285156,7.840085241636896,7.622455775747905,7.729623823245239,758304400
2010-06-07,7.511993885040283,7.757763297452709,7.500318405094482,7.732019048025458,886942000
2010-06-08,7.463798522949219,7.597610116810614,7.353636052759488,7.580845897725194,1000770400
2010-06-09,7.280294418334961,7.540733762456752,7.259040980641372,7.527860836301436,854630000
2010-06-10,7.499122619628906,7.513191390722457,7.250358769025144,7.329388491919177,776356000
2010-06-11,7.588931083679199,7.5994083237399614,7.405127343304467,7.4308716015936955,545759200
2010-06-14,7.611978054046631,7.757763279372705,7.6038957058707535,7.662269908016101,602960400
2010-06-15,7.773932456970215,7.778722235746496,7.6485029230343375,7.652693979463583,585074000
2010-06-16,8.000242233276367,8.015209487960174,7.802069194519625,7.816138765641697,783678000
2010-06-17,8.138545036315918,8.169378832444076,8.06759764888547,8.100526573203085,872855200
2010-06-18,8.204401969909668,8.23224295376381,8.125073271477756,8.149919844768355,784621600
2010-06-21,8.087652206420898,8.352280972227891,8.044545015804152,8.312766114109369,776490400
2010-06-22,8.197816848754883,8.261279807687185,8.127468983720155,8.14722601834544,717262000
2010-06-23,8.111602783203125,8.22206504306544,8.019700913618859,8.219670153997304,768457200
2010-06-24,8.052629470825195,8.178357931225342,8.02568697271483,8.112499290762061,714277200
2010-06-25,7.983781814575195,8.090651786850836,7.957139061901573,8.084365600021393,549942400
2010-06-28,8.031673431396484,8.075080385657893,7.9185173481705196,7.99066136562845,584948000
2010-06-29,7.668558597564697,7.9146278505798895,7.61257926536839,7.906544700398981,1133344800
2010-06-30,7.529654502868652,7.722438178724138,7.484153232418327,7.684719494428627,739452000
2010-07-01,7.438356876373291,7.627549159054059,7.280896881075766,7.612581098967624,1022896000
2010-07-02,7.39225435256958,7.511696633937693,7.28029489967309,7.498523946149649,693842800
2010-07-06,7.442842483520508,7.567672420120264,7.36890151750139,7.5137890402563,615235600
2010-07-07,7.743398666381836,7.746393077884988,7.476375657687216,7.498526788804091,654556000
2010-07-08,7.726032733917236,7.870022609645554,7.630239590384727,7.857449444808126,738144400
2010-07-09,7.771836280822754,7.780217593189198,7.6383236135177635,7.690111890512018,433322400
2010-07-12,7.702086925506592,7.838592415231853,7.629344162983821,7.739206909498744,562878400
2010-07-13,7.537737846374512,7.675440718582618,7.376984575231078,7.673046629776567,1190924000
2010-07-14,7.565581798553467,7.657483689182469,7.453922867950329,7.4652993929912705,812047600
2010-07-15,7.527262210845947,7.692505532759063,7.403030158485956,7.4308703396768,824866000
2010-07-16,7.480863094329834,7.6326355803542185,7.436259487870183,7.579051140571852,1039858400
2010-07-19,7.351542949676514,7.480265854729197,7.172529766135212,7.480265854729197,1024478000
2010-07-20,7.54043436050415,7.570669434627649,7.184802134875607,7.271315502109057,1074950800
2010-07-21,7.610780715942383,7.937376012176165,7.6035968504425835,7.935579845960738,1185671200
2010-07-22,7.753875732421875,7.783212328345792,7.642814734386963,7.713762134147924,645318800
2010-07-23,7.781414985656738,7.794586875427857,7.671851209738018,7.696099061681041,533388800
2010-07-26,7.761655807495117,7.786202614111244,7.714657321921483,7.783209003626113,420551600
2010-07-27,7.905350208282471,7.926903416123248,7.792194068553034,7.809257257907676,584771600
2010-07-28,7.811949253082275,7.962525108749507,7.790695811183458,7.893074922987016,519985200
2010-07-29,7.726632595062256,7.862539342320003,7.666463010018319,7.804464885376823,643806800
2010-07-30,7.70088529586792,7.774226740845752,7.630536661462262,7.660173799489489,448210000
2010-08-02,7.838593006134033,7.860744933991893,7.771837461700658,7.7963842789877225,428055600
2010-08-03,7.840986728668213,7.8808005604602265,7.765849082414595,7.813446303693204,417653600
2010-08-04,7.872421741485596,7.911337102519815,7.792494291771105,7.868230684280773,420375200
2010-08-05,7.834103107452393,7.878407763205184,7.799676971064382,7.83500079132087,289097200
2010-08-06,7.785906791687012,7.827816556013114,7.712264743425429,7.7766261957605956,444897600
2010-08-09,7.835595607757568,7.847570049116889,7.770336501073083,7.827512460159074,303128000
2010-08-10,7.765544891357422,7.796678431542123,7.709864551542656,7.778716773743257,451920000
2010-08-11,7.489543437957764,7.654188835402018,7.478168516218141,7.645507763715982,620054400
2010-08-12,7.537442207336426,7.576657319328331,7.367708030749016,7.384771216785528,534920400
2010-08-13,7.456915378570557,7.540135373445686,7.45661561776372,7.533250467234256,354869200
2010-08-16,7.413209915161133,7.484157307340881,7.382675078432225,7.411413748294726,318430000
2010-08-17,7.542830944061279,7.622459414510194,7.459909101145873,7.486252883428806,422640400
2010-08-18,7.575758934020996,7.623655919747832,7.53115532070015,7.5545054909310725,339696000
2010-08-19,7.480262756347656,7.5880303348557625,7.444340230178288,7.568871227905731,426706000
2010-08-20,7.473079204559326,7.60120255392735,7.453920094755026,7.46559557697305,384230000
2010-08-23,7.358127117156982,7.543727000948072,7.341663455824161,7.53744081757648,414041600
2010-08-24,7.182408332824707,7.27430941488603,7.144090902160439,7.2644316952507255,602565600
2010-08-25,7.271017074584961,7.303946804568851,7.100684958706401,7.125830498604525,596867600
2010-08-26,7.192883491516113,7.356630408103127,7.192883491516113,7.347649575540995,466505200
2010-08-27,7.232999324798584,7.262635681780235,7.051590447492315,7.236891419799088,548391200
2010-08-30,7.259340286254883,7.356630643722235,7.204857366328339,7.207252255088278,383289200
2010-08-31,7.277303218841553,7.321009146957025,7.1949809017925395,7.239883475134232,420786800
2010-09-01,7.493733882904053,7.527560483329931,7.372495452486197,7.408118219255552,697037600
2010-09-02,7.548817157745361,7.548817157745361,7.441049540402757,7.521575692415183,415427600
2010-09-03,7.746389389038086,7.746688350428602,7.618565009266077,7.636226912804752,520788800
2010-09-07,7.717650890350342,7.76913939169012,7.6709513663987305,7.682626047546147,342557600
2010-09-08,7.870621681213379,7.91462656105507,7.7562673470532895,7.776623900550993,526551200
2010-09-09,7.875108242034912,7.978384971841249,7.870618227473481,7.934081150040876,438575200
2010-09-10,7.885288238525391,7.917918189473292,7.825117873564553,7.878702296196636,387542400
2010-09-13,7.993956565856934,8.031076546634608,7.955639939920782,7.957435307339578,388780000
2010-09-14,8.024492263793945,8.05772015708058,7.948456119709124,7.969111642287227,408150400
2010-09-15,8.089153289794922,8.093943868591472,8.01790691943655,8.027786239200703,429368800
2010-09-16,8.279240608215332,8.282234219401188,8.067597493229178,8.089750216004512,652103200
2010-09-17,8.243316650390625,8.320849160796946,8.192725834031654,8.312766013093206,634477200
2010-09-20,8.47861099243164,8.495075454032085,8.257687286318008,8.264572192263758,658677600
2010-09-21,8.494773864746094,8.601942722478631,8.465437281230384,8.497468513875017,668074400
2010-09-22,8.61391830444336,8.620803209818297,8.454062680157456,8.463043512839148,585289600
2010-09-23,8.648941040039062,8.763893282829999,8.561530013291511,8.57140852806089,786116800
2010-09-24,8.750722885131836,8.786945177929125,8.697737969746402,8.744137740406938,649488000
2010-09-27,8.715996742248535,8.822865842408502,8.711506726050242,8.80041496205506,482834800
2010-09-28,8.587279319763184,8.734262081754972,8.232245705581787,8.734262081754972,1035042400
2010-09-29,8.6025390625,8.675581539694715,8.56152780908034,8.598348008963711,469644000
2010-09-30,8.494178771972656,8.681275093923421,8.419340083319907,8.651339778334764,673391600
2010-10-01,8.457356452941895,8.578893863550254,8.422331603503144,8.566021735777015,448142800
2010-10-04,8.341206550598145,8.468730368756182,8.315161738001141,8.429815028640169,435302000
2010-10-05,8.649539947509766,8.66480616062465,8.436398896156762,8.441788193927238,501967200
2010-10-06,8.657025337219238,8.740844849668886,8.539379218231877,8.66899978167265,670868800
2010-10-07,8.657917976379395,8.695636651586463,8.588767604740818,8.691445598856614,408399600
2010-10-08,8.80311107635498,8.815983205505738,8.681274691285674,8.732463447071993,658403200
2010-10-11,8.84172534942627,8.898004430103073,8.818975507283497,8.823166562180004,427753200
2010-10-12,8.93692398071289,8.965662653831272,8.755814064961745,8.843225930305568,558544000
2010-10-13,8.984817504882812,9.039299619600776,8.974639228745309,8.986613671260018,630092400
2010-10-14,9.049778938293457,9.05456791661567,8.992601366868074,9.031218549766763,435296400
2010-10-15,9.421873092651367,9.429656479317483,9.127607999043041,9.20334434012016,922194000
2010-10-18,9.519464492797852,9.549399000738205,9.408403535478135,9.533534063249094,1093010800
2010-10-19,9.264715194702148,9.392838558307254,8.981227004892906,9.082408666704007,1232784000
2010-10-20,9.29584789276123,9.407207832074452,9.186284919542405,9.25004684013201,721624400
2010-10-21,9.265609741210938,9.421872184716934,9.184185148812542,9.35062586620879,551460000
2010-10-22,9.204248428344727,9.281182260377692,9.169224366060071,9.252144622889334,372778000
2010-10-25,9.245258331298828,9.32787961423764,9.233283884773384,9.252742760058357,392462000
2010-10-26,9.22160816192627,9.272198989377484,9.14976229644431,9.18628435107337,392929600
2010-10-27,9.215021133422852,9.276986876154815,9.148264814236176,9.20963263419355,399002800
2010-10-28,9.137490272521973,9.220111544271326,9.007570742765004,9.218614338977288,551051200
2010-10-29,9.009963989257812,9.156647728153782,9.006670617536397,9.10725434659117,430511200
2010-11-01,9.105758666992188,9.148267150182251,9.046486759059206,9.047085481348676,423889200
2010-11-02,9.260824203491211,9.28567078005813,9.190177367908813,9.190177367908813,433930000
2010-11-03,9.363802909851074,9.366197799144919,9.23597849155997,9.320994663404722,508348400
2010-11-04,9.527549743652344,9.584726525752156,9.430558327243903,9.443131495872244,642488000
2010-11-05,9.49342155456543,9.566464070522912,9.482046631149272,9.519166611379502,361253200
2010-11-08,9.53802490234375,9.572450228934374,9.482344538506931,9.495516426575485,281758400
2010-11-09,9.461991310119629,9.6182546446646,9.414693843604594,9.610770215673401,383544000
2010-11-10,9.520362854003906,9.542514775150362,9.386251484687207,9.478752062459494,384227200
2010-11-11,9.479053497314453,9.53144049349737,9.40720762893792,9.429659312925189,361284000
2010-11-12,9.221007347106934,9.47456017100915,9.089292476843033,9.459592917294561,795846800
2010-11-15,9.191375732421875,9.29614975068618,9.168325320505756,9.233884221979212,403606000
2010-11-16,9.028223991394043,9.20813560029145,8.960270226671364,9.151857317130228,657650000
2010-11-17,8.995596885681152,9.100071126525652,8.913573531455004,9.016551366269825,479449600
2010-11-18,9.23298168182373,9.270101653658468,9.121023843565414,9.136290058482395,494491200
2010-11-19,9.182093620300293,9.23208572731218,9.137490013342244,9.219213599086846,384843200
2010-11-22,9.380565643310547,9.380565643310547,9.156349364681411,9.180596415882711,393075200
2010-11-23,9.241958618164062,9.332364828043646,9.176999288736004,9.293447903535808,519447600
2010-11-24,9.42366886138916,9.441630522168872,9.332366550192102,9.339849376474206,413725200
2010-11-26,9.429656028747559,9.510481903079118,9.367989259140208,9.39193734068362,237585600
2010-11-29,9.485639572143555,9.503899402940181,9.321293900714092,9.444627494971042,445785200
2010-11-30,9.314407348632812,9.41050026077041,9.306025238055875,9.385952651223665,501858000
2010-12-01,9.471571922302246,9.511984486033127,9.4296621528615,9.437744505735203,461750800
2010-12-02,9.523956298828125,9.549400795231273,9.426366171487537,9.505395909208424,462837200
2010-12-03,9.502701759338379,9.538923255024471,9.469772836219342,9.48982963114044,342092800
2010-12-06,9.58382797241211,9.64908710017087,9.532038896489636,9.538624841364078,448481600
2010-12-07,9.525751113891602,9.69877702220218,9.523057263848836,9.693090360717246,391454000
2010-12-08,9.609566688537598,9.609866449201402,9.492819102645996,9.568255672256448,321935600
2010-12-09,9.572152137756348,9.654174686463065,9.54999941489981,9.643099524078,294151200
2010-12-10,9.596098899841309,9.61076719299457,9.537424927866235,9.568857441401525,262511200
2010-12-13,9.629327774047852,9.730809991002772,9.609271778778707,9.710154474153242,439815600
2010-12-14,9.588022232055664,9.655377315532096,9.549405029758677,9.63112945350608,351008000
2010-12-15,9.590115547180176,9.669144499047308,9.555090689495351,9.579337745551445,417312000
2010-12-16,9.616758346557617,9.657470670483685,9.58233300752638,9.611968567347215,322030800
2010-12-17,9.5975980758667,9.632921890992296,9.586222352557073,9.628132112756665,386929200
2010-12-20,9.645490646362305,9.676624193231495,9.526348154829693,9.62723002336036,385610400
2010-12-21,9.705066680908203,9.710754143323582,9.64070602927444,9.669144140713586,256354000
2010-12-22,9.733799934387207,9.750564151558924,9.685604009061326,9.709851852075197,265921600
2010-12-23,9.687103271484375,9.733503040540489,9.674231144531431,9.729013023953847,223157200
2010-12-27,9.71943187713623,9.742183317703365,9.624836180232498,9.664650801543994,249816000
2010-12-28,9.743083953857422,9.77870672883852,9.730810547362049,9.756255044050482,175924000
2010-12-29,9.73769760131836,9.772422700260691,9.732009338983845,9.76553699315705,163139200
2010-12-30,9.688901901245117,9.744281717553976,9.670641270128495,9.743384033753243,157494400
2010-12-31,9.655969619750977,9.683510037601813,9.61854988734935,9.667644301279768,193508000
2011-01-03,9.86581802368164,9.886473540048767,9.724223819495322,9.748171908305025,445138400
2011-01-04,9.91730785369873,9.95352934991396,9.823310061421788,9.951733183206931,309080800
2011-01-05,9.998435020446777,10.008613301610648,9.863725673080356,9.865222878815056,255519600
2011-01-06,9.990349769592285,10.035851058055215,9.965503197980372,10.019985319440757,300428800
2011-01-07,10.061895370483398,10.06878027630323,9.935567380683935,9.998132653366198,311931200
2011-01-10,10.251387596130371,10.274736965619017,10.093328911489525,10.143021261857946,448560000
2011-01-11,10.22713851928711,10.32652320035895,10.162178363996324,10.324129111081945,444108000
2011-01-12,10.3103609085083,10.310660669362418,10.237917902734218,10.275337649675452,302590400
2011-01-13,10.348078727722168,10.376817397858613,10.293297636180093,10.332512747427137,296780400
2011-01-14,10.43189811706543,10.43189811706543,10.31095941256718,10.354365579321708,308840000
2011-01-18,10.197501182556152,10.320535786325387,9.75894720073545,9.864319900802137,1880998000
2011-01-19,10.143321990966797,10.435491296372305,10.084648800823995,10.428006867498912,1135612800
2011-01-20,9.958921432495117,10.12715844442839,9.88228655748541,10.071179094298738,764789200
2011-01-21,9.780500411987305,10.024773433446798,9.7778057628542,9.9915447565515,754401200
2011-01-24,10.10170841217041,10.10170841217041,9.780500787510226,9.784991603117176,574683200
2011-01-25,10.21995735168457,10.22115559587,10.01549884400164,10.068185616854123,546868000
2011-01-26,10.293296813964844,10.345683811506486,10.222948948384824,10.266654073668473,506875600
2011-01-27,10.27413558959961,10.318440227382585,10.262760668613561,10.291198770440662,285026000
2011-01-28,10.061295509338379,10.30976042502942,9.984362504757556,10.302875519441953,592057200
2011-01-31,10.157692909240723,10.179246918368019,10.007417564637665,10.05232015159463,377246800
2011-02-01,10.328621864318848,10.347181456826977,10.207383392610884,10.21696294970527,426633200
2011-02-02,10.307365417480469,10.335204800289247,10.284315012832524,10.311257511398864,258955200
2011-02-03,10.281022071838379,10.304970960456266,10.13463808729101,10.291799071716428,393797600
2011-02-04,10.372626304626465,10.378613527550101,10.283119320323602,10.287010615542863,321840400
2011-02-07,10.533675193786621,10.574685656017202,10.406748516621429,10.414232142603861,485021600
2011-02-08,10.633064270019531,10.642643826844303,10.541761916801194,10.587562973826305,381040800
2011-02-09,10.721671104431152,10.746817435308982,10.623184106260105,10.632762861518197,482745200
2011-02-10,10.613308906555176,10.776756923195563,10.41753067989674,10.698625648932142,928550000
2011-02-11,10.68245792388916,10.7108960327416,10.58337138636325,10.619593684107219,367572800
2011-02-14,10.752204895019531,10.761184927913085,10.6782647078537,10.680659596455186,310416400
2011-02-15,10.773757934570312,10.775853861746787,10.70341008134165,10.752503698225821,284174800
2011-02-16,10.870455741882324,10.923440679231332,10.791724940340798,10.800704977547042,481157600
2011-02-17,10.725863456726074,10.784836397945154,10.6725779770695,10.694431738370596,530583200
2011-02-18,10.494160652160645,10.761783023008629,10.463027104467916,10.738133900884531,816057200
2011-02-22,10.136433601379395,10.339695383946662,10.10979166355029,10.242405028605061,872555600
2011-02-23,10.256476402282715,10.316944949976143,10.136434592481569,10.141225169727248,671854400
2011-02-24,10.26425838470459,10.332212155363829,10.129250125729268,10.298385550105776,499900800
2011-02-25,10.42231559753418,10.430397945808169,10.321732687736155,10.335502496001187,380018800
2011-02-28,10.573492050170898,10.628572896160202,10.510926776686196,10.514519110037078,403074000
2011-03-01,10.456747055053711,10.648633194860167,10.407952376691936,10.641149564264463,456136800
2011-03-02,10.540863037109375,10.60761937217723,10.429503091297542,10.476202629699198,602590800
2011-03-03,10.763580322265625,10.770465227126081,10.654615291956443,10.692633747786946,500788400
2011-03-04,10.776755332946777,10.785436406725632,10.709400272386913,10.778850461342207,453266800
2011-03-07,10.637859344482422,10.826751913974727,10.51662082493841,10.818668759805918,546123200
2011-03-08,10.649825096130371,10.698919509829201,10.544751364142972,10.62437980611521,356316800
2011-03-09,10.551337242126465,10.619889724311665,10.495358723545936,10.617793797256901,453306000
2011-03-10,10.377713203430176,10.470513543559417,10.32472748899893,10.451054672828484,507539200
2011-03-11,10.536971092224121,10.546850409649377,10.327723647950764,10.33760136665162,471080400
2011-03-14,10.583967208862305,10.671379037826373,10.516612970178857,10.572591488820716,435957200
2011-03-15,10.340591430664062,10.41273543757871,10.18103560523979,10.24090621010055,721081200
2011-03-16,9.87899112701416,10.26785288468564,9.766733488588299,10.23791756772956,1162011200
2011-03-17,10.01758861541748,10.16636744611471,9.89844532683386,10.083146680783058,659422400
2011-03-18,9.898749351501465,10.124163120352938,9.878692552463718,10.09213187431884,753214000
2011-03-21,10.157090187072754,10.170261276990429,10.036150692680897,10.058004454121651,409402000
2011-03-22,10.213967323303223,10.25647660285101,10.152300530570866,10.254680436109554,325922800
2011-03-23,10.153797149658203,10.18463014456322,10.056805749943509,10.156490999933789,372996400
2011-03-24,10.326821327209473,10.357655113877511,10.143916132833596,10.233423083150665,404712000
2011-03-25,10.52349853515625,10.539064511564916,10.388189728466415,10.419622241399273,448910000
2011-03-28,10.490569114685059,10.606719615390022,10.490569114685059,10.571694768593728,309355200
2011-03-29,10.506136894226074,10.506136894226074,10.359453947336817,10.407350126147229,352900800
2011-03-30,10.43638801574707,10.503743872571803,10.400765239127274,10.496558405848992,329406000
2011-03-31,10.432794570922852,10.471410951871281,10.359453103452642,10.36843313664676,274019200
2011-04-01,10.31454849243164,10.524994929694397,10.27682979669695,10.510626397590997,418661600
2011-04-04,10.213666915893555,10.315747046175927,10.130147172645266,10.307065974502292,460084800
2011-04-05,10.144815444946289,10.245398369933497,10.058302091065105,10.087938438361045,482731200
2011-04-06,10.119369506835938,10.294791092045347,10.092427810665942,10.214564725658292,402539200
2011-04-07,10.120569229125977,10.190916291081821,10.059200602239992,10.12116715197429,373447200
2011-04-08,10.030163764953613,10.182534970234927,9.996935881349227,10.175650064502523,377535200
2011-04-11,9.902639389038086,10.04842385443725,9.879290021608657,10.000227914333772,398946800
2011-04-12,9.950538635253906,9.990352473274283,9.884679974811384,9.893361049377233,425639200
2011-04-13,10.0621919631958,10.062490924529355,9.95412463537302,10.028963290269406,346220000
2011-04-14,9.95113754272461,10.058306458013291,9.940361338507296,10.022383912110033,301800800
2011-04-15,9.802656173706055,9.98765737847668,9.782899136006169,9.977479098777998,453605600
2011-04-18,9.934070587158203,9.945446308846176,9.584125858006276,9.761942352844752,609898800
2011-04-19,10.113985061645508,10.117576596176836,9.929881546730373,9.971492347983048,419378400
2011-04-20,10.250192642211914,10.35017688888379,10.22295197097683,10.283121576153402,700666400
2011-04-21,10.498353004455566,10.630967171909601,10.433093884402643,10.627075077989568,753810400
2011-04-25,10.567506790161133,10.589659516605035,10.48638111263294,10.487579356667847,266546000
2011-04-26,10.489973068237305,10.62677750959672,10.457941826521576,10.585766233206677,338800000
2011-04-27,10.481890678405762,10.547749333422695,10.390588323511553,10.54445596102262,356213200
2011-04-28,10.380109786987305,10.469914925208792,10.343288769043664,10.3633455643289,360959200
2011-04-29,10.481293678283691,10.595646452597713,10.37771630781961,10.38100968050965,1006345200
2011-05-02,10.366044044494629,10.491473611566782,10.342694666154046,10.469620639807973,442713600
2011-05-03,10.42351245880127,10.474103275786378,10.346278908795988,10.41722627660893,313348000
2011-05-04,10.464530944824219,10.532184983024012,10.384003974254018,10.425315023987169,389250400
2011-05-05,10.380109786987305,10.5058382594768,10.3591545086643,10.429502373200483,335969200
2011-05-06,10.377413749694824,10.477397951952378,10.363942900826546,10.468118158188323,280134400
2011-05-09,10.40555477142334,10.453451753333207,10.37352352987875,10.413337361517875,204747200
2011-05-10,10.460933685302734,10.468118351328249,10.377413941161226,10.444169464576532,282091600
2011-05-11,10.394475936889648,10.477397755136804,10.334905081717983,10.448061169320342,336000000
2011-05-12,10.37472152709961,10.391186789970106,10.246000229884535,10.361251474442518,322000000
2011-05-13,10.193009376525879,10.365137567535161,10.18851936088074,10.347476466295406,326116000
2011-05-16,9.9774751663208,10.214564321448233,9.956519892847393,10.154094988148868,449775200
2011-05-17,10.062495231628418,10.062495231628418,9.900544450602293,9.938562916033604,452334400
2011-05-18,10.174151420593262,10.209475226618165,10.058301487133717,10.07237105739496,334776400
2011-05-19,10.193910598754883,10.250188887242027,10.138230233110027,10.240310370550871,261170000
2011-05-20,10.034955024719238,10.206485366049975,10.028967801736318,10.164874565999778,337968400
2011-05-23,10.010405540466309,10.057703793833486,9.861327712851551,9.877792173297788,383600000
2011-05-24,9.944247245788574,10.05530819631177,9.91880195636204,10.043333754378825,321927200
2011-05-25,10.081655502319336,10.134940996686153,9.96400934820238,9.981371498482117,294224000
2011-05-26,10.02837085723877,10.084948925414054,10.011307668393638,10.05740849417254,222560800
2011-05-27,10.10051155090332,10.107097495162739,10.007712007152335,10.022380301503631,203599200
2011-05-31,10.412436485290527,10.412436485290527,10.207977290665754,10.210971700439325,417754400
2011-06-01,10.342989921569824,10.54116220360825,10.317246461795436,10.443573667677914,554682800
2011-06-02,10.360652923583984,10.416932025487993,10.306769510457853,10.37262737066192,338783200
2011-06-03,10.281022071838379,10.337600122154981,10.238214632477062,10.273239482399669,313250000
2011-06-06,10.119369506835938,10.389087828002314,10.112484602103201,10.348675283747319,461941200
2011-06-07,9.939759254455566,10.124760438072151,9.935568198588278,10.123264032086349,529785200
2011-06-08,9.9457426071167,10.022377428717538,9.898146203835392,9.931972799701489,333723600
2011-06-09,9.923291206359863,9.98855030587584,9.901138492278527,9.975977143829676,275088800
2011-06-10,9.755955696105957,9.928383701186954,9.744280212963485,9.895155017170154,433955200
2011-06-13,9.7769136428833,9.828103212559993,9.731112575177166,9.794874516756089,329473200
2011-06-14,9.951733589172363,9.975981441025349,9.858035553872059,9.878691072164441,334569200
2011-06-15,9.78139877319336,9.887669146939155,9.72541865717615,9.871204689061837,399196000
2011-06-16,9.733799934387207,9.839172615666673,9.529341552948603,9.785887952666029,510591200
2011-06-17,9.587119102478027,9.856239545025156,9.560177401888996,9.848456156150382,615020000
2011-06-20,9.439238548278809,9.510484892644133,9.29494969291565,9.500306615059916,640645600
2011-06-21,9.737994194030762,9.752961450641678,9.435646657634363,9.479951303952458,493382400
2011-06-22,9.657465934753418,9.845760440497818,9.650580230833832,9.733801005080904,390583200
2011-06-23,9.915512084960938,9.92928189757203,9.523058836388005,9.547604850311659,559759200
2011-06-24,9.769428253173828,9.972989050349414,9.731709545533159,9.919704361403127,439807200
2011-06-27,9.939759254455566,9.995439625901653,9.796368868697401,9.806547147232244,339813600
2011-06-28,10.036150932312012,10.07925813525852,9.981668805896208,9.987954989885143,294299600
2011-06-29,9.999629020690918,10.069378154776198,9.934967825984625,10.059499638696778,352545200
2011-06-30,10.048423767089844,10.062195177517008,9.963707370696131,10.01938693845235,322954800
2011-07-01,10.275635719299316,10.282819587465015,10.004420115656297,10.056807117337303,435313200
2011-07-05,10.460332870483398,10.4723073114637,10.252880876351904,10.2678481282154,355054000
2011-07-06,10.530083656311035,10.600133347763535,10.378909912152348,10.445965193524273,444626000
2011-07-07,10.692931175231934,10.716879257796071,10.59713724625162,10.6171948345456,399663600
2011-07-08,10.768070220947266,10.776752091476983,10.543255257924578,10.577381619829993,489633200
2011-07-11,10.597140312194824,10.769868875293131,10.561816500496013,10.667190012733187,442674400
2011-07-12,10.589659690856934,10.707305834112079,10.436090206831372,10.583072945686746,451609200
2011-07-13,10.717482566833496,10.776754471823704,10.66838734153459,10.726761562816264,391638800
2011-07-14,10.710000038146973,10.824952334315984,10.667192588027415,10.806990663338496,430533600
2011-07-15,10.92403507232666,10.926429961129173,10.751906836137564,10.8117774574762,484467200
2011-07-18,11.189861297607422,11.215305790189419,10.934811254735392,10.939301271223503,572653200
2011-07-19,11.281164169311523,11.335047563381474,11.175491709626154,11.315589493442436,819145600
2011-07-20,11.582021713256836,11.862517217500628,11.555079999330513,11.85802719830041,941340400
2011-07-21,11.593693733215332,11.676613979314796,11.492212295263425,11.583515453462656,526534400
2011-07-22,11.773602485656738,11.825989478257874,11.60746067500003,11.624523857740263,516728800
2011-07-25,11.929267883300781,11.974170451950881,11.66344080797951,11.685292970391838,589806000
2011-07-26,12.076247215270996,12.10887716808587,11.964588348074875,11.97416710173927,476582400
2011-07-27,11.752347946166992,12.053199044458829,11.73917605831998,11.991831220578323,659324400
2011-07-28,11.72929859161377,11.884064690534888,11.618837138234781,11.723312168691532,594034000
2011-07-29,11.689188003540039,11.828986882013762,11.495206747883744,11.604171823355735,632584400
2011-08-01,11.876883506774902,11.959205034018213,11.745765707207338,11.907716509462979,612836000
2011-08-02,11.642190933227539,11.911310682037946,11.62542750381844,11.903827051017585,639539600
2011-08-03,11.751749992370605,11.781086581495051,11.442517562773814,11.704151976037771,732508000
2011-08-04,11.296730995178223,11.714329728710474,11.296132272991041,11.657153758239946,871407600
2011-08-05,11.184475898742676,11.480239151344058,10.85369018557728,11.38863622827709,1204590800
2011-08-08,10.573492050170898,11.009351438370505,10.567803789350942,10.827343878736356,1143833600
2011-08-09,11.196146965026855,11.214108628876287,10.627073972174804,10.815667445783909,1082583600
2011-08-10,10.887213706970215,11.215305444665995,10.85159093883568,11.110531468700422,878656800
2011-08-11,11.186870574951172,11.239257578072701,10.918049853092171,11.091675326313174,741969200
2011-08-12,11.285358428955078,11.364686337549976,11.202736348599888,11.317687835087868,528976000
2011-08-15,11.477540969848633,11.524240500561545,11.318284067297611,11.364384875830075,460544000
2011-08-16,11.389830589294434,11.476344754591702,11.257516170692856,11.420964146012116,498750000
2011-08-17,11.38863468170166,11.510770830055138,11.315592161858033,11.44461401615107,442061200
2011-08-18,10.957863807678223,11.155438974843051,10.817765982946495,11.101255004834634,851435200
2011-08-19,10.657909393310547,10.98630173637504,10.657011709661678,10.841713118024565,775888400
2011-08-22,10.670182228088379,10.922838195212785,10.629769679447747,10.911761435055471,535315200
2011-08-23,11.183876991271973,11.185074435895867,10.686948663426488,10.78573544681119,656835200
2011-08-24,11.261109352111816,11.344329346379808,11.094069042604387,11.179983686665645,626267600
2011-08-25,11.187464714050293,11.239252973645073,10.926427489167333,10.928822377428032,871346000
2011-08-26,11.48263168334961,11.489216828646496,11.100056164505812,11.11113212629674,641477200
2011-08-29,11.673919677734375,11.719721535171844,11.614947528085313,11.620335229560558,405269200
2011-08-30,11.674517631530762,11.72989824300477,11.561361519479297,11.622429592892907,417922400
2011-08-31,11.520052909851074,11.737084569680544,11.431144637721276,11.691882230505584,522586400
2011-09-01,11.406294822692871,11.59518727733898,11.39701502841945,11.54968598957675,343725200
2011-09-02,11.197346687316895,11.315591533948245,11.130890116277776,11.218001405902841,438939200
2011-09-06,11.367679595947266,11.385340703322381,10.970734736844673,10.997377477353979,509698000
2011-09-07,11.493110656738281,11.543102772421252,11.43533435137637,11.541905327757148,350576800
2011-09-08,11.499391555786133,11.63320313772468,11.444609686627526,11.447303536202389,416158400
2011-09-09,11.300023078918457,11.555072306690258,11.226381057651055,11.493106565785109,564813200
2011-09-12,11.373665809631348,11.40180415423026,11.132984282061786,11.165914002971766,467832400
2011-09-13,11.513761520385742,11.56135792812628,11.382942742152025,11.439520780602685,440560400
2011-09-14,11.653861045837402,11.740973130595231,11.547889610797483,11.585608311361666,534724400
2011-09-15,11.763425827026367,11.784381106567432,11.671823717404825,11.717624772215597,417818800
2011-09-16,11.989136695861816,11.989136695861816,11.825390575823894,11.840657591760765,698513200
2011-09-19,12.322318077087402,12.370215052529224,11.830480192181998,11.884362790750178,823860800
2011-09-20,12.376799583435059,12.658492344122461,12.309145582973143,12.430682975213129,775754000
2011-09-21,12.337587356567383,12.620476827995292,12.333396300774698,12.562102607068985,605976000
2011-09-22,12.02865219116211,12.268136279984514,11.875383301575805,12.005003862812002,968480800
2011-09-23,12.10289478302002,12.175937305305052,11.969681868291007,11.982553998132058,546277200
2011-09-26,12.069068908691406,12.093316765382452,11.713735569726532,11.96998235327992,812876400
2011-09-27,11.952021598815918,12.251075836405919,11.916099055051266,12.235509853746557,632497600
2011-09-28,11.884666442871094,12.086131314700815,11.86969758498843,11.979860097611706,429637600
2011-09-29,11.691879272460938,12.04032760449662,11.561360228978243,12.031646532146704,651086800
2011-09-30,11.414977073669434,11.64158904972757,11.410786017902327,11.58860253006737,547640800
2011-10-03,11.213811874389648,11.454493455479996,11.171005226092886,11.386540469260138,669099200
2011-10-04,11.150946617126465,11.42934608113137,10.6043267671914,11.212913173774364,1233677200
2011-10-05,11.323076248168945,11.370073947586851,10.785734605844759,11.012046825942042,786469600
2011-10-06,11.296730995178223,11.518552369674998,11.129990463177878,11.175791511454053,812582400
2011-10-07,11.070120811462402,11.30780794502837,11.030905703815153,11.24913476427685,535458000
2011-10-10,11.639193534851074,11.639193534851074,11.321877930585288,11.348221710085499,442514800
2011-10-11,11.9828519821167,12.069366148851076,11.719720345835094,11.751750787408485,605687600
2011-10-12,12.039729118347168,12.251072466744553,11.978361289761306,12.1938964930662,622286000
2011-10-13,12.22652530670166,12.22652530670166,12.059485020235226,12.123246932356668,426185200
2011-10-14,12.632752418518066,12.632752418518066,12.431285954389443,12.477986295483591,573367200
2011-10-17,12.572582244873047,12.773449190842848,12.451342971002685,12.62496924989954,686044800
2011-10-18,12.639935493469238,12.71687010793684,12.452839176170222,12.625566158650082,881602400
2011-10-19,11.93286418914795,12.22623098606321,11.908316569478055,12.014587802569789,1104059600
2011-10-20,11.833770751953125,11.984645529669356,11.800842633875387,11.97416829218617,549270400
2011-10-21,11.760730743408203,11.948426571817253,11.697267783577145,11.917293814152247,621244400
2011-10-24,12.146896362304688,12.16874852137746,11.836466526571662,11.859815890675831,502138000
2011-10-25,11.907413482666016,12.170246932713294,11.895739598818828,12.124744844913142,430427200
2011-10-26,11.992133140563965,12.050507364080591,11.769113486763011,12.026857434234195,456304800
2011-10-27,12.114568710327148,12.243591368736178,12.03074998565724,12.20048336274708,494664800
2011-10-28,12.122350692749023,12.164260449898869,12.049308178695266,12.063976473793394,322842800
2011-10-31,12.117263793945312,12.253470325530516,12.00560407839775,12.046616158104259,385501200
2011-11-01,11.869691848754883,11.959198797045374,11.77120486905418,11.896634341071165,531790000
2011-11-02,11.896636962890625,11.987341375273795,11.82778471115924,11.976864136744954,327350800
2011-11-03,12.066070556640625,12.07594907234144,11.835268365845668,11.946328525856085,441386400
2011-11-04,11.98135757446289,12.077150753075827,11.949027366688995,12.03494202613591,302229200
2011-11-07,11.966089248657227,11.974172399780551,11.85832242687694,11.971478548980947,270275600
2011-11-08,12.16066837310791,12.213654892420866,12.020870325208126,12.040328398603956,400442000
2011-11-09,11.83287525177002,12.00081324131655,11.801443533520892,11.883466081511608,558684000
2011-11-10,11.531726837158203,11.89065247535383,11.439824959275029,11.885263974463934,744752400
2011-11-11,11.513761520385742,11.635897629273309,11.383242502877932,11.573332369923861,653786000
2011-11-14,11.353310585021973,11.532624307310515,11.32157910415319,11.480835230765608,432905200
2011-11-15,11.63979434967041,11.659850348611252,11.358999972789325,11.399412530878333,430810800
2011-11-16,11.518254280090332,11.70894291464922,11.504782630178067,11.652364862721358,349210400
2011-11-17,11.297926902770996,11.512563581826017,11.240750140715775,11.49460191865382,479900400
2011-11-18,11.223987579345703,11.375161336241986,11.22219141276322,11.343130897897492,371938000
2011-11-21,11.04647445678711,11.126401891649927,10.953674091791667,11.088083661468767,447980400
2011-11-22,11.270990371704102,11.31349886132692,11.104249785984388,11.106644675504677,409021200
2011-11-23,10.986003875732422,11.25093250866663,10.982710503272019,11.211117873834656,428271200
2011-11-25,10.883624076843262,11.110534227746012,10.876139648585706,11.02881063409661,254760800
2011-11-28,11.259310722351074,11.277272387111713,11.085985053902057,11.146454393205488,346413200
2011-11-29,11.171902656555176,11.340439391920855,11.082096706953214,11.250932403796735,375855200
2011-11-30,11.441320419311523,11.443715308397888,11.324571974437793,11.414079754997395,405938400
2011-12-01,11.6128511428833,11.64488158644555,11.39791463633887,11.451499082402053,387181200
2011-12-02,11.6658353805542,11.78348149811725,11.632307735852674,11.66972667527339,379055600
2011-12-05,11.764921188354492,11.866702366934732,11.686490975694442,11.779290521621004,357210000
2011-12-06,11.703255653381348,11.813418954846199,11.656257952521315,11.749955192142853,283598000
2011-12-07,11.647575378417969,11.702955987276606,11.577825435617228,11.672720913454503,304746400
2011-12-08,11.694572448730469,11.839460017517572,11.681700321659184,11.718221574943223,376356400
2011-12-09,11.78317928314209,11.795752447047228,11.705646770798584,11.760129681692243,296993200
2011-12-12,11.729894638061523,11.791561414798972,11.658349346489393,11.725104861326663,301067200
2011-12-13,11.639193534851074,11.836468922842231,11.58800398054732,11.764623050840184,338928800
2011-12-14,11.381147384643555,11.596383594759404,11.306009755429193,11.576027042256952,406887600
2011-12-15,11.343731880187988,11.487422037966759,11.324872526995469,11.475148630222176,256200000
2011-12-16,11.40599536895752,11.49969339590511,11.36258920801293,11.38623833549761,421478400
2011-12-19,11.441620826721191,11.520650572313016,11.389831746982928,11.449404216691732,235530400
2011-12-20,11.852930068969727,11.85742088465743,11.592791296862883,11.607758550856571,337215200
2011-12-21,11.867903709411621,11.893349012414244,11.734989731126838,11.875087579042326,262948000
2011-12-22,11.930763244628906,11.948126187826816,11.857421776077356,11.884362675418968,202358800
2011-12-23,12.07385540008545,12.081638788900365,11.95890313259762,11.96489035476294,269399200
2011-12-27,12.169645309448242,12.246280133991851,12.064571586888697,12.066967274477694,265076000
2011-12-28,12.05319881439209,12.221135984744704,12.014282673130783,12.180424476355125,228662000
2011-12-29,12.12744140625,12.143307947764878,11.989440304905497,12.07595288430651,215978000
2011-12-30,12.123847007751465,12.162164428672305,12.078644681304574,12.079242604134421,179662000
2012-01-03,12.310344696044922,12.34836315592762,12.243589169389383,12.255563613346466,302220800
2012-01-04,12.37650203704834,12.413622814924555,12.251971011944331,12.273524212639375,260022000
2012-01-05,12.513906478881836,12.529472457947337,12.353452114076198,12.421705650896818,271269600
2012-01-06,12.644723892211914,12.655201131360059,12.549529457507239,12.565993918843496,318292800
2012-01-09,12.624667167663574,12.804878559715897,12.613291445442995,12.737524308130897,394024400
2012-01-10,12.669870376586914,12.752492450257316,12.617782339004574,12.749797800389446,258196400
2012-01-11,12.649213790893555,12.658194624091747,12.55222319043937,12.653105085598387,215084800
2012-01-12,12.614490509033203,12.659692843563281,12.535460764291553,12.641133251656948,212587200
2012-01-13,12.567192077636719,12.586351190946395,12.5327667449517,12.563900304079926,226021600
2012-01-17,12.713577270507812,12.752194459777684,12.661489228959411,12.698609212774873,242897200
2012-01-18,12.845592498779297,12.856368700780791,12.761474014318097,12.781231050789351,276791200
2012-01-19,12.804878234863281,12.913243756872244,12.767758257394686,12.876723300972687,261738400
2012-01-20,12.581860542297363,12.797395773739611,12.56539607875784,12.797096812271251,413974400
2012-01-23,12.794702529907227,12.825836090928306,12.641732572404942,12.652808535779393,306062400
2012-01-24,12.585152626037598,12.7255501929942,12.559408369181671,12.7255501929942,547638000
2012-01-25,13.370957374572754,13.604153687378082,13.2832465664951,13.603854725944865,958314000
2012-01-26,13.310190200805664,13.434720438143952,13.265586590021458,13.421849108176618,323985200
2012-01-27,13.389517784118652,13.425440318524581,13.28444483061453,13.301507215111172,299709200
2012-01-30,13.56104850769043,13.58769124958085,13.33294091359099,13.342519670748894,379341200
2012-01-31,13.664924621582031,13.717610586014718,13.562844466370636,13.638281878530272,391683600
2012-02-01,13.656241416931152,13.74006092833243,13.637083904769533,13.722698783454254,270046000
2012-02-02,13.624213218688965,13.68558025743494,13.590086846171793,13.647562589560007,186796400
2012-02-03,13.76071834564209,13.770297902408085,13.637384749728737,13.689472790281629,286599600
2012-02-06,13.88913631439209,13.919371381247169,13.716410181618052,13.721797881242713,249412800
2012-02-07,14.034625053405762,14.062166273714807,13.907398588426727,13.927456181158908,316223600
2012-02-08,14.269620895385742,14.272912668931742,14.060670813348374,14.084619704906926,407890000
2012-02-09,14.76325511932373,14.870424005789056,14.385769127654825,14.391756350255484,884214800
2012-02-10,14.770740509033203,14.896469001189228,14.624954419092386,14.697100060351302,631302000
2012-02-13,15.045549392700195,15.082369619314802,14.880604177967488,14.953646708190588,517216000
2012-02-14,15.250901222229004,15.253894033855708,15.027583438000292,15.107211092215701,460398400
2012-02-15,14.897964477539062,15.75471440565696,14.87461351121334,15.394592177075062,1506120000
2012-02-16,15.033869743347168,15.1140969197732,14.567475539218405,14.71326159778748,944552000
2012-02-17,15.031174659729004,15.200310070959462,14.976691743123878,15.060810207283488,535805200
2012-02-21,15.412254333496094,15.412254333496092,15.09104666320974,15.173668729259555,605595200
2012-02-22,15.358068466186523,15.431409929216096,15.239224120960813,15.359265910454843,483302400
2012-02-23,15.458353042602539,15.501461040212755,15.252098444334885,15.419137938264127,568027600
2012-02-24,15.638568878173828,15.653237176301221,15.52571331053232,15.55654631300479,415072000
2012-02-27,15.738853454589844,15.820876018613598,15.455065455032441,15.605639729859714,547582000
2012-02-28,16.027721405029297,16.027721405029297,15.741538673006591,15.804702647373432,600387200
2012-02-29,16.238168716430664,16.392936384906484,16.03640495900967,16.21182654206852,952011200
2012-03-01,16.298933029174805,16.41089323257381,16.128301273112836,16.409694189970544,683270000
2012-03-02,16.3201961517334,16.36869025483053,16.240566893596654,16.29205700596435,431712400
2012-03-05,15.960369110107422,16.389042939346087,15.74602979740226,16.327376961605793,809124400
2012-03-06,15.873554229736328,15.976232265017893,15.453260936948837,15.675980746572973,810238800
2012-03-07,15.886434555053711,16.09867642785355,15.665211047828647,16.06933983267682,798520800
2012-03-08,16.224700927734375,16.25463543748469,15.929237532307347,16.006171332681454,516457200
2012-03-09,16.319896697998047,16.396830504705097,16.258229108826544,16.29115803149695,418919200
2012-03-12,16.524354934692383,16.524354934692383,16.374675987822442,16.43394868451563,407282400
2012-03-13,17.00631332397461,17.008708212566514,16.63660999153819,16.690196023463102,690855200
2012-03-14,17.649324417114258,17.80319199398033,17.224839257815024,17.30416953327813,1418844000
2012-03-15,17.52898597717285,17.961552742204614,17.31913905766476,17.94957829910269,1159718000
2012-03-16,17.529281616210938,17.637946868998295,17.30267051931019,17.503836329123054,825487600
2012-03-19,17.99418830871582,18.01424430811991,17.633466491135554,17.912464707477213,901236000
2012-03-20,18.13967514038086,18.16781269189047,17.706209764477176,17.946590785493235,816662000
2012-03-21,18.03609848022461,18.25013733521134,18.003470108824455,18.04328314880574,644042000
2012-03-22,17.941495895385742,18.095963006602855,17.82744132867174,17.89479556951026,623870800
2012-03-23,17.843002319335938,18.015130478441794,17.79360815958509,17.975915390905268,430488800
2012-03-26,18.170202255249023,18.175292592620977,17.819360663976124,17.954966036534728,595742000
2012-03-27,18.39472198486328,18.44860538875719,18.14266551259537,18.146257846103254,607129600
2012-03-28,18.488719940185547,18.603372459497418,18.26989134246051,18.51146978819235,655460400
2012-03-29,18.256423950195312,18.45699195599386,18.177694752909037,18.34383582126495,608238400
2012-03-30,17.947784423828125,18.277372604302908,17.89958768601775,18.223788166010863,731038000
2012-04-02,18.51895523071289,18.52314548737613,17.972632732433848,18.016039698730552,598351600
2012-04-03,18.838964462280273,18.92547943598739,18.63510471253826,18.778494308616818,834559600
2012-04-04,18.688989639282227,18.73538942281407,18.470161014726248,18.690187083993848,572980800
2012-04-05,18.969482421875,18.998819012619272,18.661745581778316,18.768914465917362,641298000
2012-04-09,19.045814514160156,19.15388186888807,18.718621237172464,18.743467008517314,597536800
2012-04-10,18.812625885009766,19.278420738200108,18.739583348258734,19.156583523105127,889725200
2012-04-11,18.745563507080078,19.064974204849364,18.65994703237582,19.044918210317498,696614800
2012-04-12,18.64288330078125,18.899131597069836,18.5749295325479,18.70963962465731,614336800
2012-04-13,18.11782455444336,18.70066848235059,18.066336021324215,18.68300577000195,859644800
2012-04-16,17.366445541381836,18.268997635602307,17.31016723084725,18.262412488136484,1050786800
2012-04-17,18.251630783081055,18.260610817989573,17.120371804747315,17.330818291332246,1025528000
2012-04-18,18.210918426513672,18.567449936675974,18.042380908907692,18.37197071686267,954531200
2012-04-19,17.58526611328125,18.102849880129657,17.497854268154168,17.967840817702044,834719200
2012-04-20,17.152406692504883,17.800209983906207,17.075771818928075,17.70321854737428,1030985200
2012-04-23,17.114086151123047,17.262866658980926,16.662660683351046,17.081457780951855,966529200
2012-04-24,16.772218704223633,16.99404006610794,16.614159253243418,16.841967836659098,1076149200
2012-04-25,18.260604858398438,18.500088897952104,18.14086363798354,18.429441290137017,905777600
2012-04-26,18.191755294799805,18.401004280930465,18.025014780168767,18.388430316947446,536068400
2012-04-27,18.051061630249023,18.14625766791091,17.97622374765619,18.11302978233253,406722400
2012-04-30,17.481693267822266,17.913363285499944,17.452356672285134,17.895401615153368,506144800
2012-05-01,17.426319122314453,17.864273868780145,17.399377407386222,17.5092401956697,610999200
2012-05-02,17.54157066345215,17.58407916695796,17.32843022271007,17.36974128106466,427389200
2012-05-03,17.417022705078125,17.70380494564568,17.37152143210317,17.676863255185964,390549600
2012-05-04,16.92099952697754,17.31345275126671,16.9186046380869,17.27513612774071,529992400
2012-05-07,17.047630310058594,17.14611813941194,16.800662533569298,16.80874568507262,460118400
2012-05-08,17.008718490600586,17.10810322977289,16.72582889931414,17.050627467559693,497252000
2012-05-09,17.03864097595215,17.182332678023982,16.789280021439364,16.87459592038198,480704000
2012-05-10,17.078758239746094,17.239212596125185,17.016494326753985,17.20029645146196,333200000
2012-05-11,16.964706420898438,17.19700586041414,16.89405879330507,16.913516866974202,399546000
2012-05-14,16.71055793762207,16.988657696607042,16.691998342666846,16.840777261275537,352626400
2012-05-15,16.559375762939453,16.86022682102093,16.51686729356763,16.807241914032293,476336000
2012-05-16,16.347139358520508,16.670741962753205,16.196264538392118,16.58572499601744,560896000
2012-05-17,15.869366645812988,16.38964421187223,15.869366645812988,16.324085334464616,717220000
2012-05-18,15.877155303955078,16.267213747228574,15.631685519674106,15.98432421336358,732292400
2012-05-21,16.80215835571289,16.809942545448166,15.987016679737165,16.000489131349237,631106000
2012-05-22,16.673141479492188,17.17934892773731,16.541724697697557,17.04972751395469,694870400
2012-05-23,17.079954147338867,17.14700942447127,16.56117303335956,16.688995806469904,584897600
2012-05-24,16.923097610473633,17.257776181320125,16.80066089874632,17.238916029222466,496230000
2012-05-25,16.83238983154297,16.938960785886703,16.718036287854122,16.90124208612925,328507200
2012-05-29,17.131141662597656,17.18293072378263,16.92279276984752,17.090131197773403,380508800
2012-05-30,17.33769989013672,17.362246700896357,16.960213937542374,17.039243668966186,529429600
2012-05-31,17.294601440429688,17.407457029516895,17.106906341541652,17.38470557553126,491674400
2012-06-01,16.793481826782227,17.14252984910676,16.779413047112754,17.038054771536277,520987600
2012-06-04,16.892255783081055,16.98834867253057,16.419577120474255,16.80873685589022,556995600
2012-06-05,16.848554611206055,16.9575204548963,16.713846110526163,16.801855877466917,388214400
2012-06-06,17.10689926147461,17.178443769655868,16.92848323572055,16.99643700927297,401455600
2012-06-07,17.11467933654785,17.282316738889104,17.078158085519465,17.281419854725783,379766800
2012-06-08,17.372129440307617,17.37991363013706,17.033260587436715,17.11109289338385,347516400
2012-06-11,17.09822654724121,17.617006419774416,17.082060239887483,17.59365704092738,591264800
2012-06-12,17.247591018676758,17.261360827332734,16.964402665435472,17.196702039305077,435380400
2012-06-13,17.127857208251953,17.317048673650667,17.074571718753656,17.19850484644367,293580000
2012-06-14,17.10898780822754,17.167961527829192,16.981165052770184,17.10030673857245,345573200
2012-06-15,17.186819076538086,17.20148736557488,17.049714139262175,17.09312108374588,335255200
2012-06-18,17.53557014465332,17.59873412945423,17.074266340599085,17.091929042871488,440412000
2012-06-19,17.584367752075195,17.661899475047548,17.455345922665803,17.464325955821852,361404400
2012-06-20,17.53437614440918,17.63944909006576,17.386494162861872,17.608315536458708,358943200
2012-06-21,17.292795181274414,17.608613522293574,17.28590947685024,17.525393541310038,326351200
2012-06-22,17.4254093170166,17.428103167014136,17.22544091482576,17.333807226032203,284471600
2012-06-25,17.08624267578125,17.356559748478013,17.07426823201991,17.2817202743317,304382400
2012-06-26,17.12396240234375,17.197602837810965,16.98326507778711,17.10300632514119,276536400
2012-06-27,17.197900772094727,17.26495605845503,17.120668007896175,17.212868027439008,202997200
2012-06-28,17.03475570678711,17.182936677873382,16.93177866891115,17.113187528515308,282836400
2012-06-29,17.48229217529297,17.48229217529297,17.190421037633005,17.302678675586993,421500800
2012-07-02,17.73733901977539,17.765777127153832,17.470315295429238,17.50414270233392,400092000
2012-07-03,17.943588256835938,17.961250957315727,17.781639135193803,17.807981307153025,241712800
2012-07-05,18.258811950683594,18.390527630624906,17.950776188820555,17.97801684851032,484383200
2012-07-06,18.137269973754883,18.213904796836342,18.00854873081332,18.173492257817813,418930400
2012-07-09,18.377065658569336,18.377364620117703,18.084297570298745,18.119920357575513,379405600
2012-07-10,18.207027435302734,18.55607372403179,18.120213505936984,18.499195908020496,511957600
2012-07-11,18.09386444091797,18.19055525249827,17.878030341602702,18.144454454834094,469322000
2012-07-12,17.928325653076172,18.06513007442572,17.74212705143171,17.96843923987639,428041600
2012-07-13,18.110036849975586,18.1764926265568,17.961257956970766,18.04956829633742,311427200
2012-07-16,18.168115615844727,18.30911034684416,18.111536747806017,18.11453115921705,301260400
2012-07-17,18.169008255004883,18.30551372306731,18.055551593897576,18.284258684677333,293624800
2012-07-18,18.14864730834961,18.210912805143447,18.067820627953015,18.15852582286136,252700000
2012-07-19,18.389928817749023,18.420761808966187,18.140865203275787,18.298924651044956,436861600
2012-07-20,18.08997917175293,18.393524152508846,18.07201750459227,18.351314634362367,397471200
2012-07-23,18.075908660888672,18.137875213074693,17.593349731274937,17.79361712272711,487975600
2012-07-24,17.98880386352539,18.251037901771358,17.916658207969135,18.18218561937188,565132400
2012-07-25,17.211973190307617,17.386496332449195,17.06319430596079,17.196706971734553,877312800
2012-07-26,17.209274291992188,17.374516790962033,17.07396629849077,17.35535768427897,406632800
2012-07-27,17.51701545715332,17.53707305352212,17.110792375968728,17.213171489332783,403936400
2012-07-30,17.812477111816406,17.94449176611261,17.59664134550385,17.6894424915884,379142400
2012-07-31,18.283355712890625,18.31149644955003,18.04267583558178,18.05794204932798,462327600
2012-08-01,18.165122985839844,18.452204414243045,18.051068354006325,18.437536113447255,384501600
2012-08-02,18.19445037841797,18.281262694316272,17.96873771759274,18.046271038970254,332158400
2012-08-03,18.43123435974121,18.499487064771674,18.307301311536364,18.369267835638787,344920800
2012-08-06,18.63630485534668,18.705755054310796,18.418075738636666,18.47884326384617,302103200
2012-08-07,18.587203979492188,18.709639064228835,18.50128854847294,18.642882742352395,290446800
2012-08-08,18.555770874023438,18.67611162640317,18.4731488172038,18.54170050401435,244706000
2012-08-09,18.661596298217773,18.691660937893776,18.573508910952377,18.575011741539118,221642400
2012-08-10,18.690752029418945,18.69255510437179,18.600561353260204,18.6008615981544,194938800
2012-08-13,18.94028663635254,18.94028663635254,18.73735476445048,18.74156461616561,278832400
2012-08-14,18.99110221862793,19.19914637423356,18.946608144615634,18.996514658130508,340169200
2012-08-15,18.965251922607422,19.06055487359017,18.87265599481245,18.979382712094747,257342400
2012-08-16,19.13089370727539,19.143520052101504,18.95531943725696,18.976665731059498,254534000
2012-08-17,19.48474884033203,19.487154011650787,19.205154899674078,19.240930618849333,442761200
2012-08-20,19.997041702270508,19.997041702270508,19.538565894715965,19.54187340710806,613384800
2012-08-21,19.723756790161133,20.289561303022392,19.55149000640897,20.167501266538714,812719600
2012-08-22,20.108877182006836,20.11278518416496,19.484749649175946,19.674453129449855,565322800
2012-08-23,19.92127799987793,20.139841924693936,19.876782330037074,20.025899742110813,420128800
2012-08-24,19.93901252746582,20.127213148347025,19.708422773770966,19.827475529689277,437340400
2012-08-27,20.313610076904297,20.469641128824467,20.249272555999863,20.443184248051256,427008400
2012-08-28,20.28716278076172,20.32624602484744,20.1629977772747,20.292573615227617,267416800
2012-08-29,20.247180938720703,20.37344928695985,20.221025891318956,20.300695225393525,202806800
2012-08-30,19.95855140686035,20.189442979499336,19.92788628293676,20.162085366716777,302699600
2012-08-31,19.99974822998047,20.100762232988174,19.75953611518912,20.06017616362319,338321200
2012-09-04,20.29226303100586,20.297373617750615,19.97749391728842,20.015374556015736,367892000
2012-09-05,20.14976692199707,20.333757735427064,20.13082579396215,20.310308114765032,336375200
2012-09-06,20.331344604492188,20.392074361746218,20.16689547359039,20.23814664844398,391196400
2012-09-07,20.45671844482422,20.518048710920226,20.31631937187539,20.384863546698803,329666400
2012-09-10,19.924589157104492,20.542402004316514,19.905347782842263,20.457021617205154,487998000
2012-09-11,19.859947204589844,20.14585431376095,19.736984829968854,19.995836170640814,503983200
2012-09-12,20.136531829833984,20.139839341403103,19.721951310526272,20.04814420270776,712233200
2012-09-13,20.533082962036133,20.608844266845626,20.286257428465614,20.364423905033778,598360000
2012-09-14,20.782608032226562,20.95397245757458,20.680690111980933,20.7429243150252,600474000
2012-09-17,21.038156509399414,21.038756999508156,20.88272590654739,21.025228310587725,398031200
2012-09-18,21.102188110351562,21.11481445607539,20.937136853012053,21.041158096706045,373503200
2012-09-19,21.10790252685547,21.16472269286766,21.031840990092764,21.052585191536078,326874800
2012-09-20,21.00568389892578,21.04657181089196,20.85295873305226,21.019512831061363,336568400
2012-09-21,21.04747200012207,21.197189895203717,21.02552521404761,21.11722036019673,571589200
2012-09-24,20.767873764038086,20.89805163293792,20.533676266946326,20.649723355311526,639766400
2012-09-25,20.249282836914062,20.82771390643032,20.23304712176602,20.69182328268926,518789600
2012-09-26,19.997947692871094,20.22372720014072,19.878292790688903,20.104974638882613,576503200
2012-09-27,20.48317527770996,20.5087298247851,19.852734518270346,19.971186812217837,594090000
2012-09-28,20.055665969848633,20.47686160477326,20.045142942866324,20.40591064927307,535110800
2012-10-01,19.823875427246094,20.345786508016868,19.736990596415907,20.177727925619955,543594800
2012-10-02,19.881589889526367,20.03311245173142,19.56110807811644,19.896621405520133,627992400
2012-10-03,20.186443328857422,20.198771037654232,19.92128038176275,19.988323336766594,424281200
2012-10-04,20.046640396118164,20.270616719614974,20.009061607523037,20.18042441581055,370725600
2012-10-05,19.619436264038086,20.022593092809593,19.58005278579496,19.99854298393423,594006000
2012-10-08,19.185916900634766,19.468217912825878,19.123984531087675,19.447773953023862,637994000
2012-10-09,19.116159439086914,19.255656122603607,18.746373290355336,19.20033880443413,838597200
2012-10-10,19.268281936645508,19.39064217768929,19.150732036665996,19.233106719009964,510356000
2012-10-11,18.883169174194336,19.457391801781593,18.883169174194336,19.43634735490824,546081200
2012-10-12,18.93156623840332,19.102028285837502,18.79898482435316,18.92705614222328,460014800
2012-10-15,19.08340072631836,19.09452424554501,18.755403017713277,19.010946925997665,432502000
2012-10-16,19.535249710083008,19.55058307383168,18.970347716940136,19.101728152067118,549771600
2012-10-17,19.37952423095703,19.625447368937035,19.36118520177968,19.50759719019271,389037600
2012-10-18,19.0196590423584,19.30286073058508,18.94028999706481,19.228603878365245,476624400
2012-10-19,18.334199905395508,18.993500963987334,18.327584882195982,18.971856030066746,744086000
2012-10-22,19.06144905090332,19.102035114268595,18.361860471285446,18.41176697526451,546730800
2012-10-23,18.44002914428711,19.057543330430455,18.390124239921548,18.97035665914615,707145600
2012-10-24,18.544353485107422,18.83657546871383,18.35825771190643,18.682949518397468,558527200
2012-10-25,18.32518196105957,18.69978017395916,18.205226849666776,18.639650890163463,656325600
2012-10-26,18.158634185791016,18.45927428716582,17.767803338474902,18.321880832807143,1018432800
2012-10-31,17.897672653198242,18.09729705265209,17.668585708361682,17.88444421115965,510003200
2012-11-01,17.934345245361328,18.128557147438553,17.86309407490431,17.984852221251238,361298000
2012-11-02,17.340885162353516,17.946673518301058,17.279254666612605,17.91480580749044,599373600
2012-11-05,17.57599449157715,17.670695334731015,17.36494465043838,17.542924177473857,529135600
2012-11-06,17.522775650024414,17.759980468867926,17.439800445214424,17.74464870488777,374917200
2012-11-07,16.852310180664062,17.35183856110683,16.784356165874346,17.330697993072633,793648800
2012-11-08,16.240734100341797,16.98006205626478,16.166439687639343,16.93173891344499,1056146000
2012-11-09,16.52190589904785,16.758079579472167,16.119020626360843,16.32136972472884,929913600
2012-11-12,16.394163131713867,16.746612528260098,16.26792129213106,16.73604143348917,515802000
2012-11-13,16.396265029907227,16.625190184937864,16.198748292597127,16.27576206188385,532949200
2012-11-14,16.214462280273438,16.533690240354943,16.193321708257674,16.47479761000386,477170400
2012-11-15,15.874393463134766,16.293587068615956,15.783790792073942,16.234091212467618,789910800
2012-11-16,15.936602592468262,16.006669512941105,15.274288659691301,15.861703359347535,1266893600
2012-11-19,17.085763931274414,17.139219383792753,16.305061418376834,16.33012783523724,823317600
2012-11-20,16.9401912689209,17.27361442013148,16.74901812447244,17.272406341860112,642754000
2012-11-21,16.96405029296875,17.13529094306279,16.81002274115106,17.041064068877596,373002000
2012-11-23,17.260019302368164,17.27512108457208,16.991229192283974,17.12924848150445,272826400
2012-11-26,17.80455207824707,17.818745787730045,17.32676762322719,17.392908696496317,630579600
2012-11-27,17.66109848022461,17.83143431214058,17.519756530480475,17.8051582031919,533330000
2012-11-28,17.605525970458984,17.691901146040017,17.282975529065205,17.434283700959003,520864400
2012-11-29,17.799423217773438,17.947107207461002,17.675297568828054,17.825397715877784,514698800
2012-11-30,17.67619514465332,17.77042363008201,17.597671675616326,17.721798886407328,391319600
2012-12-03,17.703683853149414,17.95737552099837,17.6828449004794,17.928986480290558,364280000
2012-12-04,17.391389846801758,17.57108696969057,17.279041846201995,17.57108696969057,557068400
2012-12-05,16.272144317626953,17.192074384474456,16.271539471874227,17.181806522976164,1044638000
2012-12-06,16.52734375,16.71066360521322,15.663283789274933,15.974659959407589,1177212400
2012-12-07,16.104829788208008,16.767747198142576,16.006675417492474,16.71338527372229,787040800
2012-12-10,16.001230239868164,16.263678304497617,15.752371035243277,15.855659274646538,630484400
2012-12-11,16.35066795349121,16.597412764289384,16.229258474191884,16.301741576901122,592345600
2012-12-12,16.27848243713379,16.550293601770594,16.19603310966775,16.54334674834526,487144000
2012-12-13,15.997307777404785,16.237408895675454,15.8798241829528,16.041401827366048,625259600
2012-12-14,15.396306991577148,15.64818573577389,15.269160347333449,15.546105512920413,1009579200
2012-12-17,15.669321060180664,15.704656944358458,15.137779554677639,15.370328963335213,757607200
2012-12-18,16.12445831298828,16.154658660856178,15.712210016048356,15.855666507186271,625685200
2012-12-19,15.89522933959961,16.118417386907417,15.870766155400748,16.051068226268683,449369200
2012-12-20,15.756911277770996,16.012715875512264,15.670837692782234,16.006675482449715,481689600
2012-12-21,15.684425354003906,15.694693213903134,15.409894780666193,15.477243941513217,596268400
2012-12-24,15.709793090820312,15.83301385897196,15.665699036684892,15.71523024995743,175753200
2012-12-26,15.49325180053711,15.68835244448201,15.436473724395638,15.674458735377907,302436400
2012-12-27,15.555459976196289,15.591399085291817,15.241366162856963,15.509553014385098,455120400
2012-12-28,15.39026165008545,15.537947196073516,15.345865985268254,15.4114038253597,354278400
2012-12-31,16.072206497192383,16.169757603693984,15.372443721221321,15.418650696950191,659492400
2013-01-02,16.581396102905273,16.761698112511695,16.357908128086645,16.726060618529853,560518000
2013-01-03,16.372102737426758,16.600726265962198,16.338881397575303,16.54666598301802,352965200
2013-01-04,15.916069984436035,16.267311152830555,15.880734090948101,16.217176700699575,594333600
2013-01-07,15.822452545166016,15.985538370818867,15.559701008828565,15.765069599331184,484156400
2013-01-08,15.86502456665039,16.06374939452178,15.742408663952427,15.982809769560397,458707200
2013-01-09,15.617076873779297,15.85596833840594,15.583552293618034,15.78016262548801,407604400
2013-01-10,15.81066608428955,15.968013042906213,15.569356876275132,15.962879113295157,601146000
2013-01-11,15.713722229003906,15.865332048597516,15.67506371696608,15.734862796313644,350506800
2013-01-14,15.153487205505371,15.327144041694705,15.055634467055587,15.181573012432024,734207600
2013-01-15,14.675400733947754,15.070131071965049,14.598688562957516,15.049292123053254,876772400
2013-01-16,15.284564018249512,15.385739404273572,14.874130148526284,14.93875994252552,690804800
2013-01-17,15.181570053100586,15.42529538967642,15.161940798884212,15.412006529734866,453678400
2013-01-18,15.100635528564453,15.167681463462337,14.99191008049066,15.055936625710695,472922800
2013-01-22,15.244690895080566,15.338616145518875,14.998852644925048,15.23834888823353,461546400
2013-01-23,15.523756980895996,15.553354100511191,15.244697272436976,15.366709986743826,861509600
2013-01-24,13.605670928955078,14.065635839672597,13.598119230131621,13.892582257834412,1460852400
2013-01-25,13.284934997558594,13.778725382157667,13.137552648966906,13.641612507098234,1208026400
2013-01-28,13.585436820983887,13.687517026738272,13.163525519151923,13.223022170857035,785517600
2013-01-29,13.840333938598633,13.898623314258836,13.654596332590543,13.847280792163161,571158000
2013-01-30,13.796844482421875,13.971106147707738,13.726475937766683,13.801978411954227,417155200
2013-01-31,13.756376266479492,13.870838875836432,13.740974476090441,13.801376785052593,319334400
2013-02-01,13.699902534484863,13.876882028506282,13.540742604194454,13.865707703965331,539484400
2013-02-04,13.358622550964355,13.769963484030404,13.348957925752146,13.708654727531528,477117200
2013-02-05,13.82734489440918,13.88472779394028,13.355600911244288,13.410869271008538,573347600
2013-02-06,13.812554359436035,14.088894705738884,13.668492987976846,13.785976627549557,593706400
2013-02-07,14.223247528076172,14.277317880015966,13.794927083175674,14.072272670688635,704580800
2013-02-08,14.428597450256348,14.544942231472417,14.224157370851685,14.398827852050744,633158400
2013-02-11,14.57896900177002,14.73116065016295,14.37605058933076,14.474775371832848,517490400
2013-02-12,14.213536262512207,14.653399824308684,14.20867578410633,14.566216209645189,609053200
2013-02-13,14.186491966247559,14.3878934611032,14.071362290355648,14.192567560704273,475207600
2013-02-14,14.173737525939941,14.327142673595882,14.0956681458122,14.110856324540347,355275200
2013-02-15,13.978414535522461,14.282187908303332,13.971123818832774,14.24239234079153,391745200
2013-02-19,13.973243713378906,14.056478552569908,13.786728627577805,14.006963670744224,435783600
2013-02-20,13.634840965270996,13.903375750914595,13.633320849915926,13.903375750914595,476302400
2013-02-21,13.550093650817871,13.644567969771868,13.451671410457573,13.548270971672617,447182400
2013-02-22,13.694384574890137,13.71838196396923,13.566496109517002,13.646996545211913,330654800
2013-02-25,13.45106029510498,13.825308035327536,13.444072955069311,13.786729222685738,372579200
2013-02-26,13.63848876953125,13.716558144391987,13.294921547447114,13.482045023291054,501499600
2013-02-27,13.504828453063965,13.743897871476038,13.385750021906471,13.622084205510212,587350400
2013-02-28,13.40853214263916,13.60507237708614,13.40853214263916,13.489031752067824,322515200
2013-03-01,13.07651138305664,13.310720358614022,13.06162657701965,13.305251510532203,552448400
2013-03-04,12.759980201721191,13.007554680529818,12.728083725014292,12.995403487277457,582755600
2013-03-05,13.096863746643066,13.219891741412338,12.781244202420153,12.80341972491323,638433600
2013-03-06,12.930397033691406,13.2217158264124,12.893032517686118,13.199236117490823,460250000
2013-03-07,13.079853057861328,13.123293169485773,12.790661138904397,12.89515897058552,468473600
2013-03-08,13.114480972290039,13.227180435385119,13.020007485445054,13.056156874896544,391482000
2013-03-11,13.301298141479492,13.335929029905039,12.914595071249382,13.054634684503892,474236000
2013-03-12,13.014538764953613,13.331981734138003,12.988414515532254,13.232344401679025,465911600
2013-03-13,13.012106895446777,13.198926971781058,12.92127959340736,13.015145503968904,405549200
2013-03-14,13.138175010681152,13.203181448412414,13.075900562995798,13.14819852641668,303875600
2013-03-15,13.47718620300293,13.494501245813504,13.282467003776917,13.303124029927675,643960800
2013-03-18,13.84353256225586,13.896387798202195,13.402454158194306,13.410048245347923,606197200
2013-03-19,13.806172370910645,14.00301680545865,13.624211117988251,13.958360771293995,526775200
2013-03-20,13.73296070098877,13.90155562923312,13.657321568423338,13.895176659834373,308660800
2013-03-21,13.752708435058594,13.91218918778577,13.67281718273875,13.67646254052051,383255600
2013-03-22,14.031569480895996,14.037340079348239,13.76424979279737,13.808904198869339,395105200
2013-03-25,14.082305908203125,14.27581004514007,14.027627151107625,14.116024258769018,501135600
2013-03-26,14.0081787109375,14.150951134860701,13.989648552127763,14.138799945096657,294294000
2013-03-27,13.73296070098877,13.876341503496764,13.69195165000668,13.866013802786583,331237200
2013-03-28,13.446808815002441,13.725064614614267,13.415216527860403,13.664310278661194,442839600
2013-04-01,13.029119491577148,13.478399613900653,12.993578476652058,13.423720068651642,389732000
2013-04-02,13.055854797363281,13.309504879411344,12.952875459767348,12.989329040474864,529519200
2013-04-03,13.1226806640625,13.283376498881251,13.071646478083167,13.103846319879807,363216000
2013-04-04,12.99297046661377,13.214117269488913,12.917938892248705,13.17645020079394,358447600
2013-04-05,12.855667114257812,12.908827360938913,12.748738250152647,12.895156864764038,383695200
2013-04-08,12.947102546691895,12.986288924665638,12.834099704250066,12.905789304509677,300829200
2013-04-09,12.970491409301758,13.016664310862028,12.841995408877276,12.951657875194973,306614000
2013-04-10,13.23508071899414,13.276698150986418,12.941028326746531,13.004517095791154,375928000
2013-04-11,13.193764686584473,13.30494483171424,13.098682840486868,13.175233716041806,328364400
2013-04-12,13.056156158447266,13.188296709702042,13.034588200108173,13.188296709702042,238613200
2013-04-15,12.75390338897705,12.998136671933546,12.744789994906766,12.971100675105545,317520000
2013-04-16,12.948012351989746,12.959250986312384,12.775772879152086,12.806150043839812,305771200
2013-04-17,12.235968589782715,12.77668522924984,12.093499526527838,12.766660091164441,945056000
2013-04-18,11.909417152404785,12.32680094210413,11.839245222160143,12.302499364698582,666299200
2013-04-19,11.863242149353027,12.138764366385972,11.698292543761475,11.785476136625897,609274400
2013-04-22,12.110512733459473,12.217745797358855,11.885722147183499,11.927337956243417,429920400
2013-04-23,12.33712387084961,12.405472279841614,12.114761171958449,12.272115822031223,664238400
2013-04-24,12.31677532196045,12.614168895603324,11.923085565272029,11.954678669179385,969651200
2013-04-25,12.405475616455078,12.574373130136328,12.363554815045745,12.492050831904344,384837600
2013-04-26,12.673398971557617,12.721091168781872,12.401522217689894,12.448911040787744,764097600
2013-04-29,13.065876960754395,13.172197446777599,12.7584583227845,12.772128006854805,640326400
2013-04-30,13.450454711914062,13.525487111176362,13.125114228712732,13.217157486839136,691538400
2013-05-01,13.34443473815918,13.51576245496718,13.195586722013068,13.501485212829918,506909200
2013-05-02,13.53369140625,13.62694817398142,13.385145892282063,13.420079359791186,421828400
2013-05-03,13.669169425964355,13.767895820657468,13.643955300151843,13.709570106385726,361300800
2013-05-06,13.995119094848633,14.040380254303054,13.800703279704765,13.843230826711402,496641600
2013-05-07,13.932846069335938,14.148220683472946,13.782174527245045,14.124526669300653,483753200
2013-05-08,14.09019947052002,14.136677374568448,13.846270373626112,13.94438841044586,472598000
2013-05-09,13.967276573181152,14.157779623679323,13.930888717032197,14.060235281356675,398487600
2013-05-10,13.851076126098633,14.05717485636247,13.774936327044552,14.003968121784121,334852000
2013-05-13,13.90519905090332,14.001827223606384,13.80612618706393,13.806431569323443,316948800
2013-05-14,13.572513580322266,13.919272013931545,13.520223787163989,13.877991500761294,447118000
2013-05-15,13.113525390625,13.485053110622722,12.91507265313659,13.428789288724728,741613600
2013-05-16,13.288738250732422,13.388729697395135,12.809270204584413,12.941980008148416,603204000
2013-05-17,13.24837875366211,13.457229226266273,13.179577915350656,13.425427822875386,427904400
2013-05-20,13.544069290161133,13.631829125879138,13.151748636387488,13.207095494326934,451578400
2013-05-21,13.44407844543457,13.622044449063884,13.277120900750404,13.397905300765373,456022000
2013-05-22,13.49575424194336,13.709803502648622,13.40004385973951,13.578316041320388,443038400
2013-05-23,13.519913673400879,13.642839022734027,13.325741168504562,13.33063381721794,353021200
2013-05-24,13.611950874328613,13.627545779585054,13.465480917796576,13.480464242130608,276166800
2013-05-28,13.49850845336914,13.79420097206439,13.480468035875974,13.75720235717119,386145200
2013-05-29,13.605839729309082,13.683815098851875,13.436129639547385,13.454477073509295,330576400
2013-05-30,13.808576583862305,13.897865810310073,13.592387110147424,13.627246423699148,353519600
2013-05-31,13.752005577087402,13.97736792347303,13.744971985595498,13.836705891997816,384302800
2013-06-03,13.782279014587402,13.832427040916796,13.530313270925314,13.782584396928279,372352400
2013-06-04,13.739157676696777,13.895719140805221,13.680447535921116,13.858718899934198,292728800
2013-06-05,13.610732078552246,13.782276907931392,13.567922216781009,13.62724395222403,290589600
2013-06-06,13.407384872436523,13.668524275371597,13.272534919980338,13.621739547997198,416934000
2013-06-07,13.509824752807617,13.55355158158186,13.233395780219078,13.347453626875769,404535600
2013-06-10,13.4205322265625,13.732124998212532,13.356624051503657,13.59910980117657,450153200
2013-06-11,13.381085395812988,13.538870029238803,13.250210326650832,13.32421081184585,286112400
2013-06-12,13.215659141540527,13.49269966172946,13.194560002038385,13.439187540738267,265227200
2013-06-13,13.330938339233398,13.36702080463595,13.110468678260046,13.225138083754672,285832400
2013-06-14,13.150223731994629,13.341032981862787,13.102826597726851,13.313818026996127,271866000
2013-06-17,13.20984935760498,13.322989416056382,13.159701338452173,13.192725902647746,259414400
2013-06-18,13.202816009521484,13.298526410031439,13.155114316938631,13.196394816257678,195025600
2013-06-19,12.93464469909668,13.1994527835242,12.93464469909668,13.191502229213125,310940000
2013-06-20,12.746282577514648,13.025767808821977,12.695216777284546,12.821505424431791,357310800
2013-06-21,12.644145965576172,12.842905686842034,12.479023195742187,12.796731734505073,481118400
2013-06-24,12.309008598327637,12.496148294291459,12.17171152710158,12.457619509342143,480746000
2013-06-25,12.311762809753418,12.469546640518608,12.195564857991064,12.405638461099915,314162800
2013-06-26,12.172321319580078,12.377807584313157,12.098627052555168,12.350592644976624,367724000
2013-06-27,12.041144371032715,12.273845673689031,12.033806214313932,12.208408945142997,337246000
2013-06-28,12.125235557556152,12.23959795798809,11.89100489369088,11.96714551641329,578516400
2013-07-01,12.513275146484375,12.606540045859928,12.268648405354284,12.313599211033832,391053600
2013-07-02,12.796732902526855,12.89274948504549,12.52091722437998,12.535900550393169,469865200
2013-07-03,12.867368698120117,12.93403020657747,12.764931744641324,12.869203441009676,240928800
2013-07-05,12.764015197753906,12.943510553400923,12.700718603275515,12.854833754763916,274024800
2013-07-08,12.691546440124512,12.873488153817622,12.557001856237319,12.84627401804314,298138400
2013-07-09,12.914767265319824,12.949931949858396,12.548744591299311,12.647206687843411,352584400
2013-07-10,12.865230560302734,12.989685272109611,12.789396953930563,12.830677453147251,281405600
2013-07-11,13.065826416015625,13.095182311654135,12.878687480501636,12.933116570604202,326292400
2013-07-12,13.041974067687988,13.142270916662687,12.9471814485126,13.076833373220117,279563200
2013-07-15,13.070409774780273,13.193335109099124,12.989683530460047,12.99610553937704,241917200
2013-07-16,13.154809951782227,13.17040404619144,12.970421910867262,13.042280654111726,216538000
2013-07-17,13.158171653747559,13.216577241440621,13.094263469129283,13.139519654702799,198990400
2013-07-18,13.202507972717285,13.297605956478506,13.167343291448411,13.252044398634222,218878800
2013-07-19,12.994271278381348,13.270393176153577,12.97592384726653,13.243484427048603,268721600
2013-07-22,13.035860061645508,13.141049573894437,13.01017446888933,13.132182055144014,207796400
2013-07-23,12.812026977539062,13.055735949478454,12.803464841170609,13.026380869888301,369395600
2013-07-24,13.470072746276855,13.594832038156124,13.309536364412628,13.421758650640328,591936800
2013-07-25,13.40860652923584,13.497284141966274,13.326350925327672,13.475879623305504,229493600
2013-07-26,13.48475170135498,13.486280246120675,13.281405439167784,13.310760520829914,200152400
2013-07-29,13.692682266235352,13.759954555978604,13.460592540009051,13.478939156970759,248057600
2013-07-30,13.861780166625977,13.978895087458001,13.736713875097008,13.759036176607891,309422400
2013-07-31,13.837621688842773,13.984703259989951,13.742829073744687,13.912845343000908,322957600
2013-08-01,13.964524269104004,13.968193756101192,13.85994633927492,13.93608778620145,206250800
2013-08-02,14.143712997436523,14.153192913462226,13.963913039739726,14.00519354228886,274783600
2013-08-05,14.355009078979492,14.392314710491702,14.131787687551872,14.209456039623346,318855600
2013-08-06,14.226582527160645,14.429622589939465,14.132400653769615,14.311284483520273,334857600
2013-08-07,14.2183256149292,14.28009449999736,14.120168873021763,14.18224314042674,298858000
2013-08-08,14.190003395080566,14.285114488402034,14.095814497499665,14.277727059421466,255777200
2013-08-09,13.98808479309082,14.173074643961344,13.963461671606929,14.117054124764502,266865200
2013-08-12,14.38546085357666,14.425166237605085,14.055188135514603,14.062268167352412,364434000
2013-08-13,15.06908893585205,15.225760306167667,14.406695901120871,14.495652454659187,881941200
2013-08-14,15.343955993652344,15.520941974561104,15.186977223688919,15.324872622371068,756372400
2013-08-15,15.325791358947754,15.463995768885141,15.054001736350662,15.279929798502868,490294000
2013-08-16,15.461843490600586,15.480619462435927,15.355036452075856,15.394741829742712,362306000
2013-08-19,15.6283597946167,15.813040536824227,15.513241523752384,15.523706223342877,510518400
2013-08-20,15.423062324523926,15.71547568562462,15.41536749562806,15.689004882439372,358688400
2013-08-21,15.4627685546875,15.610204822177037,15.42706264359217,15.500627899949531,335879600
2013-08-22,15.48123550415039,15.562188190486813,15.334721432337878,15.543412217142082,244207600
2013-08-23,15.421525955200195,15.493243546405916,15.370122978281637,15.490781069289703,222731600
2013-08-26,15.48154354095459,15.704085331387114,15.405515812817255,15.413210640826138,330965600
2013-08-27,15.038925170898438,15.467387935412583,14.968438823924938,15.328567032043448,424188800
2013-08-28,15.11002254486084,15.260846736280138,14.95919999728402,14.95919999728402,307608000
2013-08-29,15.134651184082031,15.282396496401235,15.117106448792162,15.13311254712604,239657600
2013-08-30,14.996758460998535,15.173128041313467,14.974596167033468,15.143887358547511,272297200
2013-09-03,15.038619041442871,15.408597188457978,15.000759688515968,15.177745711364645,331928800
2013-09-04,15.349803924560547,15.45907509380906,15.275623869748694,15.376583769282878,345032800
2013-09-05,15.244535446166992,15.41105837529123,15.194363717163322,15.397822152299272,236367600
2013-09-06,15.33533763885498,15.371041905604221,15.080785285509979,15.342110271405941,359525600
2013-09-09,15.580039024353027,15.633904463263214,15.497240309372946,15.544025717601183,340687200
2013-09-10,15.22514533996582,15.619440801699882,15.066935317456489,15.58096501321589,743195600
2013-09-11,14.396231651306152,14.580296002949918,14.306967706543537,14.374684161564552,898696400
2013-09-12,14.549517631530762,14.632931145606562,14.343904133036085,14.420548302552753,404051200
2013-09-13,14.309739112854004,14.523045804613727,14.303584565232235,14.446403275682805,298835600
2013-09-16,13.854808807373047,14.20847341663041,13.765546486857655,14.189699085354627,543706800
2013-09-17,14.014861106872559,14.149986595848212,13.774159839871563,13.788318254447386,399380800
2013-09-18,14.302966117858887,14.354369076495907,14.179229152541188,14.256795510272127,456862000
2013-09-19,14.537517547607422,14.6461723041591,14.44363765492283,14.488269645227144,404541200
2013-09-20,14.386996269226074,14.729887049444716,14.343595535832339,14.712958757933139,699302800
2013-09-23,15.102020263671875,15.295012301682863,14.85454635453495,15.27008014287506,762106800
2013-09-24,15.054620742797852,15.250690084145422,15.015222764142836,15.232530553532413,364344400
2013-09-25,14.821615219116211,15.071242616607007,14.818537945329842,15.057700639335584,316957200
2013-09-26,14.965974807739258,15.037999784417881,14.894564628305364,14.959203818832735,237221600
2013-09-27,14.859170913696289,14.918268722352913,14.796686787946049,14.890874074602847,228040400
2013-09-30,14.674485206604004,14.82561517347278,14.60245859459445,14.689874862018314,260156400
2013-10-01,15.019532203674316,15.055852910986557,14.724656389278104,14.72681146722725,353883600
2013-10-02,15.068775177001953,15.137722854304972,14.889943217768751,14.947809754173417,289184000
2013-10-03,14.879480361938477,15.154656338639704,14.797298091067852,15.098019382993495,322753200
2013-10-04,14.867790222167969,14.916114284243175,14.731433418781963,14.89333719120259,258868400
2013-10-07,15.013066291809082,15.163888848066998,14.939193650330342,14.976438191552527,312292400
2013-10-08,14.803459167480469,15.102027124033533,14.791146781754797,15.080479627091997,290917200
2013-10-09,14.977362632751465,15.014298137107186,14.721579045887143,14.91734099981095,301725200
2013-10-10,15.071248054504395,15.15558544156347,14.991219181069367,15.12296008105355,278602800
2013-10-11,15.168814659118652,15.200517808815148,14.93334570381558,14.98967361667984,267738800
2013-10-14,15.268239974975586,15.315641839883506,15.062320658446923,15.07709552187432,261898000
2013-10-15,15.349495887756348,15.45168702137563,15.252231351110606,15.313482578948781,320073600
2013-10-16,15.424291610717773,15.467999745649877,15.36642505816296,15.414441704947974,251101200
2013-10-17,15.52863883972168,15.537257508750196,15.380278718195509,15.38951218451883,253593200
2013-10-18,15.663765907287598,15.67515445293853,15.56588490811913,15.574503577987468,290542000
2013-10-21,16.047595977783203,16.13808954146288,15.744717883178659,15.752412712816888,398106800
2013-10-22,16.00172996520996,16.26582482307769,15.637291653188585,16.203033314579265,534063600
2013-10-23,16.158403396606445,16.180258289843028,15.974952157019416,15.974952157019416,313723200
2013-10-24,16.3723201751709,16.38955750658741,16.081139795318524,16.159628338437358,384764800
2013-10-25,16.189186096191406,16.412957541931927,16.16302268753327,16.354167133082367,337792000
2013-10-28,16.309833526611328,16.344308184043637,16.104529149790174,16.283977533537097,550440800
2013-10-29,15.90354061126709,16.598251634985772,15.837671826228242,16.506526844958753,635807200
2013-10-30,16.15655517578125,16.237198816803943,15.914006167813168,15.993727613014308,354163600
2013-10-31,16.08883285522461,16.236270722886612,16.04481733143161,16.15962821536776,275696400
2013-11-01,16.00665855407715,16.153480053812956,15.877689191552266,16.129471723797714,274890000
2013-11-04,16.213499069213867,16.215654147306395,15.96910400800055,16.039590349365596,244627600
2013-11-05,16.173477172851562,16.279361979141957,16.098065912879633,16.146698983751993,265213200
2013-11-06,16.127666473388672,16.249649055523584,16.04345508889917,16.227666562409606,223375600
2013-11-07,15.866677284240723,16.19794917323475,15.863272848971778,16.086184820634333,262620400
2013-11-08,16.11652183532715,16.134169008441123,15.869770605151555,15.931381114340438,279316800
2013-11-11,16.069766998291016,16.150881467028675,15.926112807886486,16.098869199038123,227452400
2013-11-12,16.09949493408203,16.2205482933792,16.006305358687666,16.027047773182126,204276800
2013-11-13,16.11869239807129,16.168847878780888,16.005067929344328,16.037267040287123,197220800
2013-11-14,16.3518123626709,16.386486656604564,16.15707348560641,16.186175686146512,282419200
2013-11-15,16.25367546081543,16.380610112702097,16.238195947842094,16.302901700960927,317920400
2013-11-18,16.0567626953125,16.321781049016227,16.043450848356372,16.253669233898773,244944000
2013-11-19,16.085256576538086,16.2038331138553,16.036339517951603,16.06915701934841,208938800
2013-11-20,15.944384574890137,16.112188978069476,15.92364215965006,16.075345356005336,193916800
2013-11-21,16.134479522705078,16.136647183704458,15.903209439329432,16.024881193686014,262026800
2013-11-22,16.092994689941406,16.166060250123323,16.053675861674243,16.084325698494613,223725600
2013-11-25,16.21497344970703,16.28091762359509,16.13014367658748,16.130762063394744,229311600
2013-11-26,16.51404571533203,16.598877139695073,16.223023632103185,16.22673725973191,401382800
2013-11-27,16.902902603149414,16.904141030104373,16.514044806494987,16.604139127387842,363448400
2013-11-29,17.21590805053711,17.28587669022208,16.96017868274459,17.011881765736035,318127600
2013-12-02,17.06606101989746,17.47163506603664,17.053367558041092,17.27565939064418,472544800
2013-12-03,17.533246994018555,17.535105461166143,17.26575338624553,17.284948177274316,450968000
2013-12-04,17.49237823486328,17.622100547288724,17.36296511577453,17.50785774298155,377809600
2013-12-05,17.582162857055664,17.80631315998733,17.536033522993357,17.72922315420501,447580000
2013-12-06,17.33819580078125,17.546557378101078,17.324265566853136,17.51683513654715,344352400
2013-12-09,17.536653518676758,17.634176750021734,17.36544470859778,17.36544470859778,320493600
2013-12-10,17.50941276550293,17.58155074298744,17.374736688992623,17.44842228725518,278269600
2013-12-11,17.379680633544922,17.677207254078933,17.327979215895663,17.554295479356593,359718800
2013-12-12,17.354297637939453,17.502905558435305,17.338508935111008,17.4038347137317,262290000
2013-12-13,17.165132522583008,17.426744831128378,17.14160406495927,17.425815597594678,332822000
2013-12-16,17.26017951965332,17.419314901673523,17.183091162690072,17.183400356065704,282592800
2013-12-17,17.182472229003906,17.320243515048347,17.132625954696604,17.207859156250873,229902400
2013-12-18,17.05181884765625,17.072872104808262,16.681228280998607,17.018692168394445,565863200
2013-12-19,16.856454849243164,17.0279727718792,16.833853980824788,17.012493268613937,320308800
2013-12-20,16.997634887695312,17.07782176984511,16.867603401770282,16.886488994031964,436413600
2013-12-23,17.649965286254883,17.6694692691352,17.42302893882302,17.585257896459936,501306400
2013-12-24,17.575044631958008,17.705385350703477,17.524269126034444,17.643774848840053,167554800
2013-12-26,17.458324432373047,17.631700896611434,17.442224882197674,17.588355953831584,204008000
2013-12-27,17.340364456176758,17.474111243965407,17.32209890092022,17.455845688708873,225884400
2013-12-30,17.16791343688965,17.340360610653008,17.099801631297797,17.258936959966725,253629600
2013-12-31,17.369155883789062,17.377204830551918,17.151816133350106,17.15708068686139,223084400
2014-01-02,17.124889373779297,17.24563355072436,17.090524257606614,17.203837871037436,234684800
2014-01-03,16.748722076416016,17.142531915588886,16.73169329293808,17.116526603758516,392467600
2014-01-06,16.840049743652344,16.928903963405094,16.52023308432344,16.639429584108992,412610800
2014-01-07,16.719621658325195,16.90290390141492,16.65398667811166,16.852130045802337,317209200
2014-01-08,16.82550811767578,16.890523070885074,16.677829382118674,16.681543010584583,258529600
2014-01-09,16.61064338684082,16.930769370708305,16.57441980537599,16.92891090322764,279148800
2014-01-10,16.49979591369629,16.743140908125955,16.443139147403596,16.713109482042544,304976000
2014-01-13,16.586179733276367,16.795778083431735,16.40506354444137,16.405992777847967,378492800
2014-01-14,16.916213989257812,16.92673979033742,16.645932713844722,16.663270689044346,332561600
2014-01-15,17.25584602355957,17.343772683948888,17.07937431602353,17.136960342727036,391638800
2014-01-16,17.159557342529297,17.240053422991053,17.07998884199398,17.179681362644736,229278000
2014-01-17,16.73912239074707,17.092065764215693,16.71528308802679,17.073800208857744,426739600
2014-01-21,16.999177932739258,17.030136932909826,16.731373652690856,16.749020811888702,328526800
2014-01-22,17.07473373413086,17.25368066602264,16.960181705631555,17.05615732732106,379985200
2014-01-23,17.219310760498047,17.229218174705537,16.867296629999657,17.02612114377284,403239200
2014-01-24,16.90630340576172,17.201969894990924,16.86543532902335,17.15181444571384,429354800
2014-01-27,17.0434627532959,17.17659119285458,16.89640407498614,17.03015090140451,554878800
2014-01-28,15.681221961975098,15.944380226173442,15.544067428910365,15.751190598588284,1065523200
2014-01-29,15.50319766998291,15.70815313534447,15.437253521407074,15.602270142929168,502810000
2014-01-30,15.473172187805176,15.681224626326946,15.377816611376748,15.558622001226498,678501600
2014-01-31,15.498557090759277,15.527350102688466,15.280289724344424,15.330754380201249,464797200
2014-02-03,15.527348518371582,15.719301360500312,15.458309119587117,15.560786041102233,401464000
2014-02-04,15.752120971679688,15.772865038380969,15.565432638571536,15.661099062552836,376681200
2014-02-05,15.869767189025879,15.953049328184468,15.673480666202856,15.683078887684632,328344800
2014-02-06,15.962275505065918,15.993110469715944,15.81589175822213,15.885969862422703,257765200
2014-02-07,16.185579299926758,16.2868017016443,16.1139460084574,16.238526658261698,370280400
2014-02-10,16.475543975830078,16.568980304539394,16.133257365818515,16.153812892400026,345559200
2014-02-11,16.6926326751709,16.74838111574997,16.49143196896116,16.526004451877853,282256800
2014-02-12,16.691381454467773,16.804751229107012,16.607913502632748,16.723462249729767,308100800
2014-02-13,16.956430435180664,16.96951092412663,16.637813077720505,16.652139406725034,307398000
2014-02-14,16.94272232055664,17.004703271217437,16.856140606128218,16.895382067845993,272924400
2014-02-18,17.005014419555664,17.166968617016114,16.99317810880224,17.00532546369716,260251600
2014-02-19,16.73654556274414,17.033048874148182,16.642487123553327,16.966397255756462,313768000
2014-02-20,16.542810440063477,16.72501070245143,16.475847822518908,16.600117386813512,305858000
2014-02-21,16.359060287475586,16.649334326697858,16.338815805222836,16.59389528360492,278784800
2014-02-24,16.430688858032227,16.504504433984046,16.270915344948534,16.29365150042389,288909600
2014-02-25,16.259708404541016,16.493608618400874,16.226694477427067,16.48769212612234,231952000
2014-02-26,16.113014221191406,16.351275714845954,16.058509968808586,16.307984022439715,276217200
2014-02-27,16.434432983398438,16.469003793080333,16.072523977885215,16.106472699286652,301882000
2014-02-28,16.389892578125,16.59264841185428,16.261572754430574,16.47834386872462,371968800
2014-03-03,16.43723487854004,16.527244727500715,16.283065109707238,16.30206375136797,238781200
2014-03-04,16.54561996459961,16.58922435976526,16.437546267422682,16.538146588765954,259140000
2014-03-05,16.58050537109375,16.654941400486564,16.479905038280926,16.535656794290585,200062800
2014-03-06,16.530359268188477,16.645285919236702,16.44782445438391,16.593895439444157,185488800
2014-03-07,16.520706176757812,16.568670183679195,16.38397815161755,16.540950660328352,220729600
2014-03-10,16.535659790039062,16.610719584701233,16.455303926897425,16.455927678681284,178584000
2014-03-11,16.696674346923828,16.779209158806644,16.58766585374462,16.676742572421777,279224400
2014-03-12,16.712875366210938,16.735922579078622,16.56929602045902,16.64747124834357,199326400
2014-03-13,16.527244567871094,16.807862918977804,16.480837450272183,16.73872130376807,257742800
2014-03-14,16.34161949157715,16.53471967503672,16.288983174642492,16.46931391569071,237199200
2014-03-17,16.40546989440918,16.506068569314248,16.377750368660287,16.435370056117076,199544800
2014-03-18,16.550600051879883,16.568352850567365,16.357499901479162,16.37930126308291,209647200
2014-03-19,16.546249389648438,16.701352347290342,16.47586024498592,16.57739539687481,224756000
2014-03-20,16.466522216796875,16.59016982342481,16.42447634192513,16.50358472901668,208398400
2014-03-21,16.596393585205078,16.623802073551165,16.392704504862508,16.567117167959086,374046400
2014-03-24,16.79322052001953,16.834020514525882,16.664589675910126,16.769238526428573,355700800
2014-03-25,16.97386932373047,16.99754028315722,16.805684254479036,16.86517352887281,282293200
2014-03-26,16.81160545349121,17.098765796837903,16.782952792336037,17.0215253680638,299768000
2014-03-27,16.739341735839844,16.86516988224799,16.66646260836955,16.81907381333131,222031600
2014-03-28,16.720657348632812,16.78543936214901,16.639368371752692,16.76612967475564,200564000
2014-03-31,16.716920852661133,16.843682150814942,16.691691347348154,16.7944723067561,168669200
2014-04-01,16.869844436645508,16.876697388252186,16.71785528470092,16.74868857691766,200760000
2014-04-02,16.897869110107422,16.926834463905802,16.826546874807047,16.892574707836822,180420800
2014-04-03,16.780763626098633,16.896312334640285,16.744946986192094,16.861741534295813,162344000
2014-04-04,16.56368637084961,16.818454840296138,16.525066992500427,16.812538347541032,275251200
2014-04-07,16.303617477416992,16.535027607905736,16.254409308442703,16.445328820443713,289850400
2014-04-08,16.302688598632812,16.386158209900078,16.155059063181337,16.35719284760666,243888400
2014-04-09,16.516969680786133,16.522264085124288,16.258463694040927,16.27777338300154,206169600
2014-04-10,16.303936004638672,16.576768319860474,16.294280328500825,16.528180558333748,239652000
2014-04-11,16.183401107788086,16.283688718680953,16.106471746107708,16.164400802956195,271717600
2014-04-14,16.24786376953125,16.262812176453973,16.108644151079606,16.254715053398467,205674000
2014-04-15,16.13201141357422,16.246625356344985,15.925518026767064,16.203957419446084,266490000
2014-04-16,16.164710998535156,16.22949299602235,16.013032934271934,16.134810847385392,214765600
2014-04-17,16.349407196044922,16.43723808995613,16.17063330303147,16.19555010461449,284334400
2014-04-21,16.54344367980957,16.573653222195567,16.318884750736697,16.361865401284774,182548800
2014-04-22,16.559947967529297,16.563996531249135,16.397992112034977,16.4543642866566,202563200
2014-04-23,16.34348487854004,16.542192142002897,16.33414024960778,16.477721188386962,394940000
2014-04-24,17.68335723876953,17.752811561155145,17.46409442070281,17.69706147677449,759911600
2014-04-25,17.81324005126953,17.814795272402645,17.564700744154877,17.582451888467812,390275200
2014-04-28,18.503101348876953,18.55480286913981,17.832230751940465,17.840018498228492,669485600
2014-04-29,18.44828224182129,18.561963031625503,18.360453040796607,18.492197674002295,337377600
2014-04-30,18.378524780273438,18.669422644185214,18.36949285469226,18.4579458452182,456640800
2014-05-01,18.421812057495117,18.525213432868963,18.26234789185383,18.438006311345994,244048000
2014-05-02,18.456071853637695,18.506529201186858,18.366685751776988,18.448598477585662,191514400
2014-05-05,18.71707534790039,18.718322851526707,18.375723425638455,18.38008469831606,287067200
2014-05-06,18.51307487487793,18.824526624111428,18.51307487487793,18.743237626077885,374564400
2014-05-07,18.44828224182129,18.60276303298782,18.305014007594842,18.53922687366466,282864400
2014-05-08,18.4153995513916,18.616469484142968,18.36560207661476,18.423541903508145,230297200
2014-05-09,18.33867073059082,18.360906648138734,18.17549582670153,18.307350770000728,291597600
2014-05-12,18.566984176635742,18.592978484371503,18.39691975098532,18.39973980135804,213208800
2014-05-13,18.596113204956055,18.620541937803953,18.50027830750633,18.540991747167453,159737200
2014-05-14,18.599557876586914,18.710115240639418,18.53284845496287,18.55445880843133,166404000
2014-05-15,18.4414005279541,18.685064015662828,18.416971790143837,18.625558587635577,230846000
2014-05-16,18.71356773376465,18.71419329685818,18.334290837311386,18.435451414575365,276256400
2014-05-19,18.935300827026367,19.021115003966536,18.707922110967054,18.724208489309643,317755200
2014-05-20,18.939058303833008,18.991986940095412,18.81440738458072,18.93279431246647,234836000
2014-05-21,18.989173889160156,19.001387421280256,18.85606779869376,18.91150204705372,196859600
2014-05-22,19.01923370361328,19.100038354464232,18.919953205664427,18.998250587386305,200760000
2014-05-23,19.234079360961914,19.252871329776454,18.994174413292154,19.01860313643736,232209600
2014-05-27,19.594257354736328,19.60145969056029,19.281064467208882,19.28889403850288,348866000
2014-05-28,19.543519973754883,19.72579794767034,19.53631596526085,19.606470998524166,315481600
2014-05-29,19.89962387084961,19.94629020124691,19.66128436964413,19.66378996688195,376474000
2014-05-30,19.825084686279297,20.174919916210868,19.69667533792151,19.981053931380536,564020800
2014-06-02,19.6888427734375,19.882395947366266,19.49622961647885,19.855148836257367,369350800
2014-06-03,19.967266082763672,20.004850027701615,19.676310817703598,19.68288758991081,292709200
2014-06-04,20.195276260375977,20.291427293269006,19.922485652294615,19.96414078534094,335482000
2014-06-05,20.27451515197754,20.33778064615458,20.126062696653158,20.238498446020625,303805600
2014-06-06,20.218759536743164,20.396967989233673,20.18431009531526,20.354372850594956,349938400
2014-06-09,20.54228973388672,20.581752044895666,20.11478275847974,20.323055044420997,301660000
2014-06-10,20.66287612915039,20.83826460619457,20.513796425451382,20.768109549902594,251108000
2014-06-11,20.577367782592773,20.77467933471802,20.491866388776486,20.63656041191639,182724000
2014-06-12,20.233177185058594,20.634377216799862,20.14767575831092,20.616838033716093,218996000
2014-06-13,20.011741638183594,20.266054673853183,19.924047430275873,20.213437145531817,218100000
2014-06-16,20.21343994140625,20.33401970303615,20.049013906071725,20.062169126285614,142244000
2014-06-17,20.187131881713867,20.32305632728074,20.12574643240908,20.237554926802208,118904000
2014-06-18,20.209056854248047,20.233172807613602,20.027091632536365,20.228787176477212,134056000
2014-06-19,20.13890266418457,20.23536648173962,20.024899666596184,20.23317366607839,142112000
2014-06-20,19.930620193481445,20.290164838030257,19.928427378936263,20.13669959978838,403592000
2014-06-23,19.913089752197266,20.086285379391843,19.862665031316556,20.0205142952219,174776000
2014-06-24,19.792503356933594,20.11258573587988,19.77277304187049,19.89554390704781,156144000
2014-06-25,19.81004524230957,19.884584228479753,19.654388824753166,19.77715970674068,147476000
2014-06-26,19.928434371948242,19.96131991115606,19.687276538804262,19.812240249691563,130516000
2014-06-27,20.165205001831055,20.169588959126838,19.89992958817361,19.910891990354664,256116000
2014-06-30,20.37347412109375,20.548862493183062,20.189316163137228,20.1915089777609,197929200
2014-07-01,20.502826690673828,20.623406434624965,20.41732529864589,20.502826690673828,152892000
2014-07-02,20.494060516357422,20.62121537131152,20.40855744443784,20.579561915648984,113860000
2014-07-03,20.61464500427246,20.629991371154755,20.43267974507631,20.535720353841082,91567200
2014-07-07,21.039962768554688,21.044346728336514,20.62999311486364,20.638762707055974,225872000
2014-07-08,20.904027938842773,21.221919251768117,20.590522256511154,21.105723457826308,260888000
2014-07-09,20.912805557250977,21.035576498967504,20.77468824781988,20.923767965316507,145744000
2014-07-10,20.836071014404297,20.947881206172294,20.50283325495453,20.555450799685598,158744000
2014-07-11,20.875524520874023,21.022411341137133,20.796599909735814,20.906217239358025,136072000
2014-07-14,21.145179748535156,21.241643522591286,20.969793045174715,21.015832117530362,171240000
2014-07-15,20.897457122802734,21.23288603583947,20.83387884209345,21.221925301486575,181911600
2014-07-16,20.77906036376953,21.28768469721075,20.770290776841343,21.259184794164895,213585200
2014-07-17,20.408559799194336,20.88868438340413,20.294558477861365,20.833875702015003,229192000
2014-07-18,20.702333450317383,20.770295674251003,20.39321171056497,20.52475387287634,199952000
2014-07-21,20.59490394592285,20.82729214407909,20.54667205438982,20.825099329201862,156316000
2014-07-22,20.76590919494629,20.80317868918331,20.63436872123289,20.757139607015013,220788000
2014-07-23,21.307416915893555,21.458687692311127,20.8645619706932,20.919370635115087,371672000
2014-07-24,21.2723388671875,21.335917119527007,21.13860559030573,21.27453168213099,182916000
2014-07-25,21.412656784057617,21.449926288652545,21.186845268110496,21.232884363073936,173876000
2014-07-28,21.708620071411133,21.756851974838742,21.386346455343887,21.445539090605358,221272000
2014-07-29,21.56830406188965,21.800693926089583,21.53980415980379,21.77657798100631,172572000
2014-07-30,21.517885208129883,21.63846328433388,21.412651820728552,21.58146346909328,132040000
2014-07-31,20.95882797241211,21.364411658470694,20.899635364823425,21.3008350947236,227372000
2014-08-01,21.075031280517578,21.182457488684776,20.785641541065516,20.80537353399281,194044000
2014-08-04,20.956642150878906,21.173685687258036,20.864563987181747,21.127646605409456,159832000
2014-08-05,20.85359764099121,20.976368492858864,20.686978861579817,20.906213481416287,223732000
2014-08-06,20.818527221679688,20.932530204051112,20.763718545862513,20.772488134708627,154232000
2014-08-07,20.81631851196289,21.140195033131306,20.73259388880806,20.915464145654628,186844000
2014-08-08,20.873607635498047,20.89123405379244,20.55193306589028,20.76785248762721,167460000
2014-08-11,21.149015426635742,21.168845568681103,20.89564111105356,20.990381014064365,146340000
2014-08-12,21.144617080688477,21.345112208457113,21.065299846574952,21.160039782824526,135180000
2014-08-13,21.42442512512207,21.42442512512207,21.16003551865573,21.184271428692426,127664000
2014-08-14,21.481706619262695,21.497129315751433,21.32747965437533,21.44425173935403,112464000
2014-08-15,21.58746910095215,21.63373720252352,21.340704211623226,21.569842677225452,195804000
2014-08-18,21.84744644165039,21.89371452940123,21.587462652659166,21.699827288219296,190288000
2014-08-19,22.149293899536133,22.18234301843013,21.882700587434414,21.90253073115002,277596000
2014-08-20,22.158100128173828,22.272668465832606,22.02149793089636,22.129458463996006,210796000
2014-08-21,22.160306930541992,22.239624129541188,22.056753827351503,22.158103208084317,133912000
2014-08-22,22.323345184326172,22.356394294575445,22.074378358217125,22.09641053806745,176736000
2014-08-25,22.371816635131836,22.51062087884884,22.314531623667936,22.42689792436125,161080000
2014-08-26,22.228609085083008,22.36300759029856,22.221999598096644,22.345381171036358,132608000
2014-08-27,22.501808166503906,22.59875177558626,22.186743117933855,22.257247102462586,209476000
2014-08-28,22.528247833251953,22.645019900257537,22.376222933442182,22.38283241935607,273840000
2014-08-29,22.583322525024414,22.67145290033588,22.51722432330404,22.662639694710023,178380000
2014-09-02,22.75959014892578,22.856532078191968,22.631801150179896,22.706710899201386,214256000
2014-09-03,21.798974990844727,22.737559096607686,21.719657787407318,22.715526913641256,501684000
2014-09-04,21.61830711364746,22.05234630317765,21.5455994013349,21.779143552577743,342872000
2014-09-05,21.80558204650879,21.898118213219522,21.660166629436816,21.76812717154696,233828000
2014-09-08,21.671188354492188,21.880496637064347,21.60288807551668,21.878294595189523,185426800
2014-09-09,21.58966827392578,22.71112454050749,21.182066944869003,21.829823642677457,759385200
2014-09-10,22.252843856811523,22.277079761824467,21.538990722565323,21.5940720192406,403478400
2014-09-11,22.347576141357422,22.349779863139087,21.948788227183663,22.122845267096622,249412400
2014-09-12,22.398263931274414,22.515036035487597,22.270474893062648,22.29911656813158,250504400
2014-09-15,22.39164924621582,22.704512304597426,22.34978860168034,22.651633046845465,245266000
2014-09-16,22.22199821472168,22.310128624598505,21.78795733286022,21.98845405735369,267632400
2014-09-17,22.380630493164062,22.429102298045407,22.162507371198004,22.31232854949144,243706000
2014-09-18,22.426898956298828,22.5502805119467,22.376223428259095,22.457744345210795,149197600
2014-09-19,22.244028091430664,22.55027993127608,22.142678718908574,22.537060959496376,283609600
2014-09-22,22.26605987548828,22.504011448977664,22.160304741235812,22.429101702294464,211153600
2014-09-23,22.614173889160156,22.68027210837365,22.15149139750832,22.164710368972003,253608800
2014-09-24,22.418088912963867,22.660446294752283,22.29690938159573,22.50842305106518,240687200
2014-09-25,21.563234329223633,22.188957276086544,21.530185203224903,22.14489289538715,400368000
2014-09-26,22.19776153564453,22.19776153564453,21.67999770698281,21.708639374790856,249482000
2014-09-29,22.056751251220703,22.129458955302646,21.730669284425865,21.73507672882645,199065200
2014-09-30,22.19776153564453,22.371818626818893,22.14928972785576,22.210980508333215,221056400
2014-10-01,21.85185432434082,22.184545861029893,21.746097484265874,22.16251199534282,205965200
2014-10-02,22.010480880737305,22.08098485528375,21.600676003390056,21.87167497266809,191031200
2014-10-03,21.948793411254883,22.078784450973085,21.82100441289124,21.909134814554015,173878400
2014-10-06,21.948793411254883,22.175728060896894,21.904727369949697,22.02149943775014,148204800
2014-10-07,21.757110595703125,22.058956684551756,21.752704831908304,21.90693177894182,168376800
2014-10-08,22.208778381347656,22.277078647906503,21.660167483611634,21.759314821238142,229618800
2014-10-09,22.25724983215332,22.5568922233863,22.166917378841443,22.371819871655937,309506000
2014-10-10,22.1933536529541,22.479775346533287,22.098613768851962,22.18454044502047,265326400
2014-10-13,21.990646362304688,22.424687051989697,21.990646362304688,22.325541435368464,214333600
2014-10-14,21.757110595703125,22.147085408029394,21.717451997759127,22.11844374099393,254754400
2014-10-15,21.490524291992188,21.845248065850328,20.97055658674478,21.585264213226626,403734400
2014-10-16,21.20850372314453,21.53017830585443,21.021227643744993,21.052073036542666,288618000
2014-10-17,21.519166946411133,21.812199934821678,21.32968709532975,21.481712057021348,272718800
2014-10-20,21.979642868041992,22.023707236555726,21.640341851452945,21.66237403570981,310069200
2014-10-21,22.57671546936035,22.69789327761862,22.31232431498843,22.69789327761862,378495600
2014-10-22,22.691295623779297,22.93806049366263,22.605368916068205,22.65824650213315,273052400
2014-10-23,23.096694946289062,23.145166767271956,22.832303653913684,22.93145101891001,284298800
2014-10-24,23.1826171875,23.242104250278015,23.03059226569821,23.17380397802403,188215600
2014-10-27,23.158382415771484,23.239903346705518,23.06804827492989,23.101097391846277,136750800
2014-10-28,23.51751708984375,23.51751708984375,23.21126512192962,23.222282056984834,192243600
2014-10-29,23.649702072143555,23.65631323899671,23.433784354806246,23.49767885347272,210751600
2014-10-30,23.570390701293945,23.65190994971445,23.332439081203425,23.565983255950854,162619200
2014-10-31,23.795122146606445,23.80393535652264,23.62106503289437,23.797325869322474,178557200
2014-11-03,24.103574752807617,24.301867748731677,23.797322890582347,23.84359097614001,209130400
2014-11-04,23.92731475830078,24.123404038503566,23.733429200613692,24.09476236959058,166297600
2014-11-05,23.984590530395508,24.08153411233868,23.823752467712257,24.037468083752188,149743600
2014-11-06,24.05320167541504,24.07311780823451,23.854050476642797,24.031073952022243,139874000
2014-11-07,24.121797561645508,24.19039400423302,24.020008692947705,24.064264135603473,134766000
2014-11-10,24.08196449279785,24.19260477621061,24.04655879175213,24.124006652493712,108782000
2014-11-11,24.274473190307617,24.285537891976674,23.986809517513088,24.05319266281808,109769200
2014-11-12,24.617464065551758,24.657294636737856,24.20145719068117,24.203668780909364,187769600
2014-11-13,24.964866638183594,25.104272749303473,24.694904150542566,24.73916126471765,238091600
2014-11-14,25.265817642211914,25.268030920801476,24.60861402477568,25.03789890635747,176254400
2014-11-17,25.223779678344727,25.951793186459636,25.07109718476152,25.285737987420497,186986800
2014-11-18,25.551265716552734,25.59994770831445,25.201642037751906,25.212706740692894,176896000
2014-11-19,25.374237060546875,25.611007151631917,25.181724086817603,25.544624007952873,167476800
2014-11-20,25.737138748168945,25.858843718955107,25.41406936636157,25.427347346597845,173582000
2014-11-21,25.772546768188477,26.01595504347046,25.675182782781015,26.002678750273688,228717200
2014-11-24,26.250513076782227,26.281492221128467,25.805740352281155,25.856633937319945,189803200
2014-11-25,26.02259635925293,26.498349952838534,25.989403933981958,26.347879088082085,275361600
2014-11-26,26.33238410949707,26.354511825723293,26.073486284353574,26.097827278673375,163073200
2014-11-28,26.316898345947266,26.42090048431417,26.122172051459014,26.392132929646095,99257600
2014-12-01,25.462757110595703,26.387710032948878,24.62189020364303,26.290346034310573,335256000
2014-12-02,25.365392684936523,25.613227546281365,24.949385795621804,25.115346233286697,237395600
2014-12-03,25.653059005737305,25.74599644886586,25.47160898848001,25.61322843179122,172253600
2014-12-04,25.555688858032227,25.93407837538118,25.511433425731827,25.617647138547397,168178000
2014-12-05,25.447263717651367,25.68624712122002,25.367602583128484,25.666330993470975,153275600
2014-12-08,24.871932983398438,25.369814197392564,24.699334432664987,25.24810922534383,230659600
2014-12-09,25.25253677368164,25.292367339895517,24.197027613132253,24.38290415154254,240832000
2014-12-10,24.77235221862793,25.414066030079344,24.681628088145388,25.31670375446836,178261200
2014-12-11,24.699338912963867,25.181730644221464,24.637378932531213,24.84095834890767,165606800
2014-12-12,24.281116485595703,24.75465674686896,24.247924064093308,24.442650348277784,224112400
2014-12-15,23.949193954467773,24.694908305237607,23.53318545241372,24.49575547853477,268872400
2014-12-16,23.62169647216797,24.376263886456762,23.513269485657666,23.537610478908046,243162800
2014-12-17,24.210302352905273,24.305451355206277,23.637184931788564,23.703569762670043,213647200
2014-12-18,24.92725372314453,24.92725372314453,24.486905911455395,24.75465516822299,236024800
2014-12-19,24.734737396240234,25.05780676775172,24.708184813086927,24.840952793562863,353719200
2014-12-22,24.99142837524414,25.113131677064374,24.77678595000001,24.81882979897185,180670000
2014-12-23,24.902915954589844,25.077727810315643,24.885213103525682,25.05560009060384,104113600
2014-12-24,24.78563690185547,24.940532624207442,24.78563690185547,24.911766758124006,57918400
2014-12-26,25.223779678344727,25.341058147414905,24.78564495660189,24.80555940384597,134884000
2014-12-29,25.20607566833496,25.396375444081965,25.15960525353016,25.17952138676609,110395600
2014-12-30,24.89848518371582,25.208278271959955,24.807761041781163,25.146319991958432,119526000
2014-12-31,24.42494773864746,25.033469281976277,24.38733044841849,24.964872848236773,165613600
2015-01-02,24.192604064941406,24.659506182275138,23.75446781268404,24.648441478964468,212818400
2015-01-05,23.511056900024414,24.042130522942855,23.32518206053304,23.962469395093265,257142000
2015-01-06,23.513273239135742,23.772171094232995,23.152584838795235,23.575231527032173,263188400
2015-01-07,23.842973709106445,23.94254925811913,23.61062851042855,23.721268759658745,160423600
2015-01-08,24.759078979492188,24.816612391422495,24.05319353108403,24.170473633005646,237458000
2015-01-09,24.78563690185547,25.060024333551862,24.387331204040734,24.931681198896364,214798000
2015-01-12,24.174898147583008,24.922825738800306,24.075322583368106,24.91618759295084,198603200
2015-01-13,24.389543533325195,24.960447781897706,24.09966654067397,24.65729280767819,268367600
2015-01-14,24.296600341796875,24.449282743613015,24.008935007427194,24.128426683785232,195826400
2015-01-15,23.637191772460938,24.35414038758057,23.601787757118135,24.34086409285663,240056000
2015-01-16,23.453527450561523,23.80536443937961,23.278715595370205,23.683659448981608,314053200
2015-01-20,24.0576171875,24.112937314701487,23.566374187832995,23.862889259279534,199599600
2015-01-21,24.241287231445312,24.57541967816757,23.958046682410192,24.108517538238907,194303600
2015-01-22,24.871932983398438,24.88742255363768,24.278901069867082,24.398392763814055,215185600
2015-01-23,25.00027847290039,25.170663761693863,24.679420647171945,24.849807624202118,185859200
2015-01-26,25.026832580566406,25.305646576499495,24.960449421311633,25.16845201286075,222460000
2015-01-27,24.150554656982422,24.889632436142726,24.126213665893424,24.876354457580167,382274800
2015-01-28,25.515867233276367,26.13766691083766,25.515867233276367,26.029238193711052,585908400
2015-01-29,26.310260772705078,26.37443234220827,25.571182772424184,25.739356482562314,337745600
2015-01-30,25.925235748291016,26.553671838105764,25.85663761470809,26.199623217911753,334982000
2015-02-02,26.250513076782227,26.370004785647765,25.68624864341562,26.122171630877833,250956400
2015-02-03,26.25493812561035,26.35230042157659,26.0248061463723,26.221745704792397,207662800
2015-02-04,26.45630645751953,26.666524028239085,26.17970572360188,26.221749575393172,280598800
2015-02-05,26.645132064819336,26.70955688169325,26.4918453731228,26.66290308386443,168984800
2015-02-06,26.420761108398438,26.714004163225805,26.314126499870483,26.662908024891667,174826400
2015-02-09,26.596261978149414,26.622919358205184,26.30968327825307,26.336342353208384,155559200
2015-02-10,27.107213973999023,27.136095061304506,26.69400934269236,26.696229661023946,248034000
2015-02-11,27.742576599121094,27.75146295792522,27.213850962022807,27.27383176532612,294247200
2015-02-12,28.093578338623047,28.3201762363106,27.895861528916974,28.004716451194586,297898000
2015-02-13,28.231313705444336,28.27574380069617,27.913633609185215,28.27574380069617,217088800
2015-02-17,28.397939682006836,28.631202006207925,28.195778775045873,28.322406458066435,252609600
2015-02-18,28.595645904541016,28.608974594134033,28.313509545559175,28.353497309237724,179566800
2015-02-19,28.535663604736328,28.664513254672688,28.50900622536984,28.54232794957795,149449600
2015-02-20,28.7689266204834,28.7689266204834,28.446804181843213,28.57343012705251,195793600
2015-02-23,29.54647445678711,29.54647445678711,28.80448109977021,28.884456654944497,283896400
2015-02-24,29.362083435058594,29.679765305901768,29.139929513277295,29.53314290397415,276912400
2015-02-25,28.611196517944336,29.235451763904805,28.469018171309017,29.226563710478064,298846800
2015-02-26,28.973304748535156,29.073273303207596,28.126899121283763,28.611192887820746,365150000
2015-02-27,28.537885665893555,29.006630434896266,28.4890115466763,28.880001110615524,248059200
2015-03-02,28.677839279174805,28.94220289932046,28.502339231657224,28.713384708226034,192386800
2015-03-03,28.737825393676758,28.773370827213807,28.455689023399984,28.648965199633246,151265200
2015-03-04,28.55565643310547,28.782254325481713,28.506785701219396,28.680065445448587,126665200
2015-03-05,28.08247184753418,28.60231109584079,27.938071491371385,28.56454534427654,226068400
2015-03-06,28.124683380126953,28.740048936913926,28.049151867734945,28.524559382890047,291368400
2015-03-09,28.244647979736328,28.784483743692554,27.782567440194263,28.426814118126977,354114000
2015-03-10,27.660371780395508,28.262408411308336,27.50264277627288,28.082464364826016,275426400
2015-03-11,27.156089782714844,27.718138827229005,27.127210388514765,27.713696495390376,275756000
2015-03-12,27.64704704284668,27.74701729622156,27.020573228981956,27.171637920724486,193450800
2015-03-13,27.455995559692383,27.858095210772237,27.231621374752795,27.635941344171023,207309200
2015-03-16,27.758121490478516,27.758121490478516,27.29604279372521,27.520416950669613,143497200
2015-03-17,28.222427368164062,28.284630179522154,27.91363362970817,27.969172096263538,204092400
2015-03-18,28.540103912353516,28.693390603335025,28.073581190335037,28.213537498470796,261083600
2015-03-19,28.324617385864258,28.71338664410161,28.30240233865916,28.602309713176652,183238000
2015-03-20,27.969175338745117,28.524558373785165,27.80478193325487,28.491236645908533,274780400
2015-03-23,28.260196685791016,28.40237504252727,28.10690995638173,28.240203648859215,150838800
2015-03-24,28.14467430114746,28.44457999143216,28.115793213344112,28.26463759420105,131369200
2015-03-25,27.409343719482422,28.17355357044147,27.409343719482422,28.11135075836797,206620800
2015-03-26,27.600399017333984,27.74257737236355,27.236066770708273,27.271612206915506,190291600
2015-03-27,27.380464553833008,27.702586988271232,27.304933051374206,27.673707595254548,158184800
2015-03-30,28.073593139648438,28.0802574864583,27.54708770796922,27.558196082585656,188398800
2015-03-31,27.64261245727539,28.100248992158306,27.627061750601698,28.011387084780093,168362400
2015-04-01,27.60262107849121,27.79589557467753,27.347143763734493,27.729248729123714,162485600
2015-04-02,27.8403263092041,27.89364276992168,27.58929301571328,27.775901475674658,128880400
2015-04-06,28.291296005249023,28.32684143925686,27.620392039897094,27.65149344720416,148776000
2015-04-07,27.993610382080078,28.462353501011048,27.986946036985735,28.35572058970243,140049200
2015-04-08,27.902528762817383,28.080252556075337,27.762572419684044,27.95806723634803,149316800
2015-04-09,28.115795135498047,28.12023916234062,27.693704110033863,27.958066080579393,129936000
2015-04-10,28.235754013061523,28.260191072168222,27.826991742366516,27.980276746427457,160752000
2015-04-13,28.180219650268555,28.56232629417243,28.126903193051565,28.51789280584231,145460400
2015-04-14,28.05803108215332,28.277962912412484,27.97139121887246,28.213538094478118,102098400
2015-04-15,28.1646728515625,28.242426382222547,27.9936150841104,28.082476988393246,115881600
2015-04-16,28.029155731201172,28.235758915493303,28.01582704024673,28.053592794550752,113476000
2015-04-17,27.713693618774414,28.022487343944757,27.64926879695406,27.891417382065,207828000
2015-04-20,28.346826553344727,28.462345791789815,27.80699271322628,27.895854578514328,188217200
2015-04-21,28.19355010986328,28.48012712747022,28.140231957606513,28.457913773045995,129740400
2015-04-22,28.573427200317383,28.62896566300797,28.06247436050361,28.211317033738535,150618000
2015-04-23,28.806690216064453,28.973305608731458,28.466795086207675,28.502340516861693,183083600
2015-04-24,28.942203521728516,29.019958725725385,28.70894129953666,28.98885732208639,178103600
2015-04-27,29.468706130981445,29.57534241704705,29.135475364073407,29.393174637367302,387816800
2015-04-28,29.004409790039062,29.888581275967137,28.784479620133364,29.870811948737703,475696000
2015-04-29,28.577882766723633,29.23323621315595,28.502351240515186,28.915557705385076,253544400
2015-04-30,27.80255889892578,28.57787547888214,27.675931252944945,28.57787547888214,332781600
2015-05-01,28.646739959716797,28.908883280787258,27.835879715578056,28.013601789062115,234050400
2015-05-04,28.591205596923828,29.006635685468652,28.493457340795633,28.768929390811504,203953200
2015-05-05,27.946956634521484,28.53566301536573,27.942512608119188,28.46901617852702,197085600
2015-05-06,27.771453857421875,28.15800109012273,27.4048996580972,28.115791315351583,288564000
2015-05-07,27.94322395324707,28.12615094289495,27.666601323454554,27.833912656741475,175763600
2015-05-08,28.46969985961914,28.46969985961914,28.132845865882516,28.260002423494758,222201600
2015-05-11,28.179697036743164,28.456318032718876,28.02577002755684,28.41839452963739,168143200
2015-05-12,28.079309463500977,28.304620877619083,27.845072870312944,28.01907641863355,192640000
2015-05-13,28.110544204711914,28.37378085400866,28.079312882081744,28.141775527342084,138776800
2015-05-14,28.766393661499023,28.766393661499023,28.367078789541296,28.422849232236704,180814000
2015-05-15,28.72625160217285,28.88687081110001,28.601326307220393,28.793176839885668,152832000
2015-05-18,29.043025970458984,29.161259076095174,28.63478578527864,28.639248375290993,203531600
2015-05-19,29.016254425048828,29.196950157503426,28.920327470857302,29.154564066392645,178532800
2015-05-20,29.014020919799805,29.21925578540813,28.853401737330955,29.000636555253806,145819600
2015-05-21,29.310720443725586,29.364261306407442,28.96271334618968,29.016254208871537,158921600
2015-05-22,29.5672664642334,29.663193428374157,29.312953295150677,29.35757238765829,182384000
2015-05-26,28.915857315063477,29.64979822876504,28.804316432466926,29.580643426188395,282790400
2015-05-27,29.455720901489258,29.504799172350534,29.011790275005385,29.076482502617996,183332800
2015-05-28,29.397724151611328,29.43564765535413,29.246030136640115,29.41557110701242,122933200
2015-05-29,29.063098907470703,29.32410422543376,28.978326727566014,29.275025953274035,203538000
2015-06-01,29.12110137939453,29.310722301615094,29.011793458266705,29.06310132744831,128451200
2015-06-02,28.99171257019043,29.147869151254092,28.848940352652487,28.969403028342118,134670400
2015-06-03,29.027406692504883,29.210335427396807,28.978328417483077,29.147872787179708,123934000
2015-06-04,28.857864379882812,29.13002447267988,28.757478241644847,28.906942652613985,153800400
2015-06-05,28.69947624206543,28.93148325289006,28.634784008714654,28.88909716029949,142507200
2015-06-08,28.509859085083008,28.824405288183716,28.293469433641413,28.75524706027214,210699200
2015-06-09,28.42508316040039,28.57231796852488,28.02353693293006,28.26446398862062,224301600
2015-06-10,28.75078582763672,28.853401557823254,28.521010125158224,28.536625784357813,156349200
2015-06-11,28.686084747314453,29.040783954061457,28.661545615806045,28.817702178151478,141563600
2015-06-12,28.36931800842285,28.628093767290103,28.35593364226745,28.596862444941216,147544800
2015-06-15,28.313549041748047,28.384935168311724,28.043620197492285,28.130621986054905,175955600
2015-06-16,28.465238571166992,28.52100902357993,28.19084889840366,28.33808200774466,125976400
2015-06-17,28.398319244384766,28.52770541959122,28.273392255180084,28.492013209803734,131672400
2015-06-18,28.527690887451172,28.62361609898566,28.380457831362488,28.38268912520613,141628800
2015-06-19,28.242158889770508,28.514318990371574,28.197543205269692,28.489779853302345,218867600
2015-06-22,28.467466354370117,28.56785247553917,28.349233282155343,28.440695927801535,136157200
2015-06-23,28.33808135986328,28.46746921497815,28.304618748784733,28.438469193098925,121075600
2015-06-24,28.579011917114258,28.956020735183053,28.358161393253585,28.378237939977645,221123600
2015-06-25,28.442934036254883,28.822172475946548,28.442934036254883,28.74632546879995,127752400
2015-06-26,28.27561378479004,28.552234697530963,28.22207463760959,28.48084860063076,176267200
2015-06-29,27.780378341674805,28.21315761039988,27.769225272035214,27.987844499138156,196645600
2015-06-30,27.981157302856445,28.135084328331757,27.854000712848862,28.012388626579046,177482800
2015-07-01,28.242158889770508,28.318007595797013,28.106078839469976,28.309084118500998,120955200
2015-07-02,28.20646858215332,28.26223904252488,28.05700245485321,28.20423728718423,108844000
2015-07-06,28.108308792114258,28.1596183586215,27.851764363536425,27.87184261198854,112241600
2015-07-07,28.039152145385742,28.141769569729256,27.610833793456596,28.083767824846724,187787200
2015-07-08,27.343137741088867,27.804917025746732,27.33644555901804,27.769224820709265,243046400
2015-07-09,26.78543472290039,27.675530730197355,26.595815511598627,27.62868375107428,314380000
2015-07-10,27.501527786254883,27.628684361535427,27.039748465290874,27.202598950394385,245418000
2015-07-13,28.032466888427734,28.054774733668854,27.73353631586235,27.891924229647643,165762000
2015-07-14,28.02130889892578,28.19085156686366,27.8941523234672,28.11723415423519,127072400
2015-07-15,28.291231155395508,28.364848550968272,28.014610225885033,28.045841538798527,134596800
2015-07-16,28.668237686157227,28.681625451984694,28.409463712129085,28.496465468239993,144889600
2015-07-17,28.915857315063477,28.915857315063477,28.623620747293728,28.795394659600547,184658800
2015-07-20,29.462417602539062,29.66318987896413,29.156793194434474,29.21702623894537,235600800
2015-07-21,29.167943954467773,29.652031028831786,29.072020418957113,29.63641707363706,307025600
2015-07-22,27.934314727783203,27.996777385090546,27.213759469319736,27.213759469319736,461802400
2015-07-23,27.92091941833496,28.35146566635156,27.898609876341503,28.15292299685926,203998000
2015-07-24,27.77368927001953,28.050310276957866,27.63984050549965,27.95661631199189,168649200
2015-07-27,27.387758255004883,27.57514789594571,27.24275641260931,27.459144379653896,177822000
2015-07-28,27.523841857910156,27.642076684472347,27.338685190232862,27.523841857910156,134472400
2015-07-29,27.43683433532715,27.55060654742132,27.276215142248162,27.47252824577996,148046800
2015-07-30,27.29852294921875,27.343138632464825,27.1512881309441,27.28736817741762,134513200
2015-07-31,27.059829711914062,27.358758580880675,26.972827924559333,27.349835102436668,171540000
2015-08-03,26.421812057495117,27.343139387606957,26.216575483749125,27.10444190149192,279904000
2015-08-04,25.5741024017334,26.25673229818468,25.26401877543825,26.1942696543237,496554400
2015-08-05,25.743635177612305,26.19872216753365,25.007464696449798,25.197083850089005,397250400
2015-08-06,25.799657821655273,26.106663840240888,25.573326602166386,25.98789560018216,211612000
2015-08-07,25.88705825805664,26.05064586175011,25.6584856014657,25.676413337974065,154681600
2015-08-10,26.828248977661133,26.888752962705077,26.11339616388924,26.11339616388924,219806400
2015-08-11,25.432147979736328,26.483137832237208,25.39629422295805,26.40022334830816,388331200
2015-08-12,25.824308395385742,25.864644940667684,24.56715472872841,25.217020531745153,404870000
2015-08-13,25.804147720336914,26.084262216411602,25.66745170947781,26.003589104767435,194143200
2015-08-14,25.985658645629883,26.06409035438125,25.548680761384396,25.618148602038033,171718000
2015-08-17,26.254573822021484,26.364378232100474,25.882580929145096,26.00359060358621,163538800
2015-08-18,26.106672286987305,26.317318945242764,25.996867877967947,26.09098594284168,138242800
2015-08-19,25.772769927978516,26.11114694123252,25.69881930534041,26.017028899520128,193146000
2015-08-20,25.243928909301758,25.624884093732867,25.01535443089598,25.56438009043951,274006400
2015-08-21,23.699928283691406,25.07585058188817,23.67527807072019,24.746435653712144,513102000
2015-08-24,23.108325958251953,24.381166289894818,20.61642679920939,21.259570294192415,648825200
2015-08-25,23.247262954711914,24.898818722543467,23.193481447458115,24.898818722543467,414406400
2015-08-26,24.580610275268555,24.625427915268247,23.54082529818865,23.99797069717231,387098400
2015-08-27,25.304412841796875,25.37612205644782,24.654547122326274,25.149790862829786,338464400
2015-08-28,25.387332916259766,25.391813995177866,24.99517268813353,25.136349754773125,212657600
2015-08-31,25.268566131591797,25.66520746167961,25.09825605819991,25.104978531809078,224917200
2015-09-01,24.139148712158203,25.071368928809964,24.058475595083692,24.683691397569483,307383600
2015-09-02,25.174448013305664,25.174448013305664,24.455114225615663,24.701616338576237,247555200
2015-09-03,24.732986450195312,25.273046228566628,24.659035824002473,25.20805947006531,212935600
2015-09-04,24.48649024963379,24.750918426214,24.316181851600227,24.419263790310023,199985200
2015-09-08,25.167724609375,25.223747503944658,24.721782847311772,25.042233872637542,219374400
2015-09-09,24.683687210083008,25.55092050698643,24.59853131779331,25.492657928736982,340043200
2015-09-10,25.22598648071289,25.385091280879728,24.62766243437784,24.710575216197196,251571200
2015-09-11,25.593503952026367,25.593503952026367,25.04448016181592,25.051202636928828,199662000
2015-09-14,25.840002059936523,26.194067201152144,25.73916152298625,26.124599351683436,233453600
2015-09-15,26.0573673248291,26.113390216982477,25.640556870433343,25.978935617750974,173364800
2015-09-16,26.08650016784668,26.11563145610736,25.869131074034687,26.050644696433867,148694000
2015-09-17,25.528512954711914,26.104428259816004,25.483695321581934,25.918433543611794,256450400
2015-09-18,25.423192977905273,25.61367221795262,25.06912952639982,25.14531985467209,297141200
2015-09-21,25.817588806152344,25.853444276933047,25.470247908799738,25.47248759346132,200888000
2015-09-22,25.4119815826416,25.5867727144517,25.21477992855201,25.40749879431258,201384800
2015-09-23,25.61815071105957,25.707787689733248,25.389578039640703,25.46352696558956,143026800
2015-09-24,25.77053451538086,25.882580317621645,25.181174211080297,25.37837420753811,200878000
2015-09-25,25.705551147460938,26.149253335326183,25.550927372803073,26.09323042679026,224607600
2015-09-28,25.196855545043945,25.674169952197932,25.196855545043945,25.512823755502804,208436000
2015-09-29,24.439428329467773,25.436636933681488,24.170519104557986,25.28425458365043,293461600
2015-09-30,24.717309951782227,24.99518312213887,24.36548612578501,24.688176942763054,265892000
2015-10-01,24.555959701538086,24.564923571343716,24.04727077558962,24.441672498620512,255716400
2015-10-02,24.7352294921875,24.87640829038758,24.10105158150218,24.20413350942164,232079200
2015-10-05,24.824867248535156,24.957082181965,24.441670816553575,24.62318446599663,208258800
2015-10-06,24.94363784790039,25.03999731355526,24.598536545547667,24.791255476857412,192787200
2015-10-07,24.824867248535156,25.046717454485915,24.517862849816233,25.03999498001517,187062400
2015-10-08,24.538028717041016,24.692652458794942,24.24895036534952,24.692652458794942,247918400
2015-10-09,25.125144958496094,25.160998717114264,24.535783093498896,24.6500702616048,211064400
2015-10-12,25.008625030517578,25.266330741435645,24.972771259520766,25.261849661192326,121868800
2015-10-13,25.051197052001953,25.1990966005633,24.80245527017863,24.83382795350022,132197200
2015-10-14,24.697134017944336,24.990693454806067,24.55147414198158,24.93915334634247,177849600
2015-10-15,25.066883087158203,25.12066458509717,24.7598770216274,24.858477859251334,150694000
2015-10-16,24.88313865661621,25.098266449593538,24.768851428893225,25.048966009803866,156930400
2015-10-19,25.037752151489258,25.04223323067941,24.67472318849822,24.829346920645275,119036800
2015-10-20,25.49489402770996,25.584530986610467,24.833824661473976,24.95035151126668,195871200
2015-10-21,25.49266242980957,25.90050909798165,25.479215770415255,25.546443938336843,167180800
2015-10-22,25.88258171081543,25.88258171081543,25.56885310571736,25.620394929783124,166616400
2015-10-23,26.68482780456543,26.71844188608165,26.068575912273154,26.151488709038865,237467600
2015-10-26,25.833269119262695,26.47192958379317,25.752596038513314,26.460726034050648,265335200
2015-10-27,25.669692993164062,26.115634790275454,25.54420053688064,25.8601705077346,279537600
2015-10-28,26.72740364074707,26.73412782469506,26.00806982979809,26.203030131893545,342205600
2015-10-29,27.00975799560547,27.04561346922825,26.503310543623737,26.599669991881104,204909200
2015-10-30,26.778947830200195,27.164385679213495,26.76774256564477,27.112843855815207,197461200
2015-11-02,27.155420303344727,27.195756859950347,26.803596557828087,27.070266110369857,128813200
2015-11-03,27.46691131591797,27.67307520740972,27.04785934782809,27.06802848378026,182076000
2015-11-04,27.339176177978516,27.747022836180697,27.254021982418337,27.592399079550855,179544400
2015-11-05,27.21314811706543,27.611489079385166,27.04661097037331,27.422445474300787,158210800
2015-11-06,27.244651794433594,27.41343990989622,27.145630600923205,27.255905022265036,132169200
2015-11-09,27.134380340576172,27.413442907899615,27.01735465653785,27.222150032855332,135485600
2015-11-10,26.2791805267334,26.57174724647798,26.11939466862718,26.30843822890864,236511600
2015-11-11,26.130647659301758,26.425463648090126,25.928101602614554,26.18916134612279,180872000
2015-11-12,26.042879104614258,26.290434643627425,26.02712561714073,26.1644067438392,130102400
2015-11-13,25.282207489013672,26.009122369930957,25.266454000795722,25.925852951063824,183249600
2015-11-16,25.696306228637695,25.709808730253343,24.980644453978773,25.066163159214113,152426800
2015-11-17,25.58603286743164,25.8921021749252,25.50276343096587,25.862844464193056,110467600
2015-11-18,26.396215438842773,26.441224923809134,25.993374195487213,26.051887899544916,186698800
2015-11-19,26.73153305053711,26.949832595551136,26.27693120190066,26.47497528260345,173183200
2015-11-20,26.848567962646484,26.988098395291118,26.747294046660585,26.8260615033151,137148400
2015-11-23,26.499731063842773,26.94533239262618,26.407459413897218,26.841807516150237,129930000
2015-11-24,26.754039764404297,26.859813920179256,26.35795157371696,26.405212037935286,171212800
2015-11-25,26.562740325927734,26.832802262006307,26.537984605528838,26.828300285387783,85553200
2015-11-27,26.51324462890625,26.64827653562906,26.46598414835407,26.621269810884094,52185600
2015-11-30,26.623510360717773,26.873316886396125,26.49973173375955,26.55374344506798,156721200
2015-12-01,26.407459259033203,26.738284199871483,26.299435839780674,26.72478170171524,139409600
2015-12-02,26.16890525817871,26.58074861079225,26.123895787543884,26.407458543145545,133546400
2015-12-03,25.92584991455078,26.283681557878825,25.70530110533081,26.229669849886356,166278000
2015-12-04,26.78779411315918,26.837305559561578,25.90559546617463,25.94610467532194,231108000
2015-12-07,26.61901092529297,26.97459163578406,26.513236764336625,26.776547530739133,128336800
2015-12-08,26.607763290405273,26.691031007712272,26.299443001534012,26.44797567270435,137238000
2015-12-09,26.0203800201416,26.48623521319984,25.898852354517487,26.474981983845083,185445600
2015-12-10,26.1441593170166,26.31744944950611,25.99562663474177,26.114903321856897,116850800
2015-12-11,25.471250534057617,25.968612614008652,25.39698335529081,25.92360313918105,187544800
2015-12-14,25.313724517822266,25.358734008408273,24.70833708252904,25.24620856494125,257274800
2015-12-15,24.86586570739746,25.38573429187087,24.83435872858108,25.192190440855068,213292400
2015-12-16,25.05716323852539,25.203446648575184,24.485535535195485,24.99640025862877,224954000
2015-12-17,24.526042938232422,25.26195847874722,24.526042938232422,25.21019602660621,179091200
2015-12-18,23.862140655517578,24.64756761837241,23.8126291952399,24.510288183513854,385813200
2015-12-21,24.154701232910156,24.163703470375193,23.758611369454755,24.143448006828553,190362400
2015-12-22,24.1322021484375,24.2424765784534,23.95666105226723,24.170460378871354,131157600
2015-12-23,24.44277000427246,24.49678172098979,24.12544751992992,24.14120100884754,130629600
2015-12-24,24.312238693237305,24.530538253331216,24.294234216383877,24.530538253331216,54281600
2015-12-28,24.03992462158203,24.235719421321342,23.89589225752135,24.213212969373373,106816800
2015-12-29,24.472030639648438,24.62731628632171,24.048935630526422,24.071440373681515,123724800
2015-12-30,24.152450561523438,24.463020031640784,24.1209435884826,24.436015035892215,100855200
2015-12-31,23.688844680786133,24.087183790725035,23.589821791919483,24.08268353077706,163649200
2016-01-04,23.709104537963867,23.71360651607352,22.955184602744627,23.09246574606234,270597600
2016-01-05,23.114971160888672,23.82163064861039,23.047456940285645,23.79912590840938,223164000
2016-01-06,22.662616729736328,23.0384529014461,22.475825855355314,22.63110975251536,273829600
2016-01-07,21.70615005493164,22.534337108884632,21.70164979418796,22.20801411942277,324377600
2016-01-08,21.820926666259766,22.30478625858172,21.775917190369956,22.178758352489098,283192000
2016-01-11,22.17426109313965,22.293537774929717,21.90645001870411,22.27328402156996,198957600
2016-01-12,22.49608039855957,22.66036825729513,22.244022854897278,22.628861278962535,196616800
2016-01-13,21.917692184448242,22.77288571263759,21.89743844131264,22.577090943988722,249758400
2016-01-14,22.39706039428711,22.61311072662906,21.546368434822075,22.04598160898453,252680400
2016-01-15,21.85918617248535,21.989716064011326,21.460846964830314,21.649888835039064,319335600
2016-01-19,21.7534122467041,22.201262880477753,21.492352481407988,22.147251166520476,212350800
2016-01-20,21.782669067382812,22.09774055868971,21.024247186087106,21.40233263225508,289337600
2016-01-21,21.672391891479492,22.02797083685336,21.36632267791624,21.843429256646218,208646000
2016-01-22,22.824644088745117,22.8336463237739,22.138240408557913,22.196752360743847,263202000
2016-01-25,22.37905502319336,22.84941043244113,22.327292576954793,22.84715944338687,207178000
2016-01-26,22.502832412719727,22.7031275176358,22.070735223485162,22.48932991211915,300308000
2016-01-27,21.024246215820312,21.746659108426698,21.006241738976197,21.61387995495452,533478800
2016-01-28,21.17502784729004,21.271799754940478,20.792442193975056,21.107513640999823,222715200
2016-01-29,21.90644645690918,21.90644645690918,21.233544971670028,21.33256788400009,257666000
2016-02-01,21.701658248901367,21.76467222587098,21.46985609776224,21.710660490897325,163774000
2016-02-02,21.26280403137207,21.613882790889953,21.217792833355904,21.474350652542302,149428800
2016-02-03,21.683645248413086,21.79391966479839,21.172780664055452,21.37982699763643,183857200
2016-02-04,21.85787582397461,22.02305515087919,21.538833187512928,21.690435019918965,185886800
2016-02-05,21.27409553527832,21.930284768598725,21.199427077260204,21.839775611189257,185672400
2016-02-08,21.49810791015625,21.654234450442047,21.052351696351625,21.072715352177223,216085600
2016-02-09,21.493568420410156,21.70852777242974,21.253720746302648,21.33517877266325,177324800
2016-02-10,21.330657958984375,21.8013040732542,21.292192138208378,21.70400705661494,169374400
2016-02-11,21.201684951782227,21.432483350272403,20.950522902652605,21.22205032873997,200298800
2016-02-12,21.267305374145508,21.38270458064832,21.045559774862276,21.312560811165437,161405600
2016-02-16,21.86692237854004,21.914439283638654,21.407590569602025,21.500361176798915,196231600
2016-02-17,22.20180892944336,22.222172580506005,21.75605281989877,21.87371349855906,179452800
2016-02-18,21.780942916870117,22.376037647567838,21.742475365374155,22.36472335718932,156084000
2016-02-19,21.731164932250977,21.89408106229437,21.67686013100935,21.722113844324287,141496800
2016-02-22,21.921234130859375,21.92576053829812,21.70401318440241,21.792259139953092,137123200
2016-02-23,21.425689697265625,21.835241339924366,21.394011765033337,21.812614492089565,127770400
2016-02-24,21.744739532470703,21.808095418234426,21.115703629076013,21.265043982363427,145022800
2016-02-25,21.89408302307129,21.89408302307129,21.55241176009324,21.733430082201536,110330800
2016-02-26,21.928010940551758,22.179171164580087,21.85334079827213,21.99362827323888,115964400
2016-02-29,21.878238677978516,22.226697740378793,21.86918759146339,21.916704500929125,140865200
2016-03-01,22.74712371826172,22.80142851449741,22.043417665277012,22.09546098447838,201628400
2016-03-02,22.796907424926758,22.828585371580473,22.545745329087584,22.742602620137337,132678400
2016-03-03,22.96660614013672,23.01412304913054,22.729019868849395,22.758436331310968,147822800
2016-03-04,23.308277130126953,23.475717911864166,22.937191221240052,23.16346320111344,184220400
2016-03-07,23.05032730102539,23.267548195392372,22.84441896990525,23.167987971438176,143315600
2016-03-08,22.86025619506836,23.02543548799518,22.717705479544886,22.803688204196146,126247600
2016-03-09,22.880624771118164,22.98470968172931,22.688292194185372,22.923615276300346,108806800
2016-03-10,22.89193344116211,23.13404436573756,22.661136804946963,22.94623995370993,134054400
2016-03-11,23.138580322265625,23.143105003686532,22.966613080852557,23.13405391452598,109632800
2016-03-14,23.197404861450195,23.285652530351765,23.029964063512647,23.059380528585958,100304400
2016-03-15,23.66352081298828,23.79928363696549,23.498341530832064,23.523231583298315,160270800
2016-03-16,23.978042602539062,24.054974249049753,23.665786157407254,23.670312563859795,153214000
2016-03-17,23.9395809173584,24.09118275967689,23.74951151881701,23.876223300298903,137682800
2016-03-18,23.966732025146484,24.097970211506816,23.80155441672617,24.061765859551475,176820800
2016-03-21,23.964462280273438,24.358174977207085,23.79023191765434,23.968986959547607,142010800
2016-03-22,24.147747039794922,24.276722004992966,23.8060758516562,23.81512693841094,129777600
2016-03-23,24.01424789428711,24.226944136945665,23.962206298520723,24.093444479153383,102814000
2016-03-24,23.910160064697266,24.041398229347966,23.73366819390685,23.86490635855755,104532000
2016-03-28,23.80154800415039,24.027819963953874,23.77213154453238,23.984827739169436,77645600
2016-03-29,24.364971160888672,24.38986122117192,23.731408814927196,23.73367201849436,124760400
2016-03-30,24.790361404418945,24.98495547537294,24.573140477234638,24.584454768509033,182404400
2016-03-31,24.661392211914062,24.867300622460213,24.636502146324553,24.826571581160913,103553600
2016-04-01,24.887651443481445,24.88991464636379,24.482624443441548,24.613862589529603,103496000
2016-04-04,25.14334487915039,25.38545584641617,24.95101230102027,24.98495344576784,149424800
2016-04-05,24.846925735473633,25.055097270450286,24.75867980079629,24.779045176816258,106314800
2016-04-06,25.107141494750977,25.111667901594167,24.70890228215183,24.94196389766093,105616400
2016-04-07,24.5595645904541,24.984955355017746,24.46453075895347,24.87860723229722,127207600
2016-04-08,24.586719512939453,24.83787987705086,24.4758449757207,24.643287520219747,94326800
2016-04-11,24.66817283630371,25.027946216262748,24.62518232992853,24.65686027202324,117630000
2016-04-12,24.989479064941406,25.003054831885287,24.58671519996902,24.740578495515074,108929200
2016-04-13,25.351511001586914,25.419391554856478,25.07093425017294,25.07093425017294,133029200
2016-04-14,25.36508560180664,25.430704675375598,25.190856957468238,25.256476031037195,101895600
2016-04-15,24.85597801208496,25.410345429082167,24.828826477849184,25.367353198117787,187756000
2016-04-18,24.319711685180664,24.652330025365913,24.197524616282408,24.638754259816587,243286000
2016-04-19,24.19074249267578,24.437378165902466,24.036877449985877,24.410224902021245,129539600
2016-04-20,24.24051856994629,24.45773948127744,23.998407600682768,24.129645774086487,122444000
2016-04-21,23.978042602539062,24.195263501668265,23.876219173175897,24.195263501668265,126210000
2016-04-22,23.91242218017578,24.093440449136978,23.672574441172625,23.760820372553717,134732400
2016-04-25,23.776662826538086,23.90563780102329,23.647687852052886,23.758560651725116,112126400
2016-04-26,23.61148452758789,23.826443978608584,23.51192601443075,23.51192601443075,224064800
2016-04-27,22.133930206298828,22.33531217762968,21.6497081936248,21.72211517515591,458408400
2016-04-28,21.457372665405273,22.1475011810835,21.32613450031771,22.086408504959696,328970800
2016-04-29,21.210742950439453,21.43249033435443,20.93242927643143,21.267310966851362,274126000
2016-05-02,21.188108444213867,21.287668669598332,20.907531667415565,21.262778613252216,192640400
2016-05-03,21.53656768798828,21.66327944767617,21.19715970912294,21.31482038221623,227325200
2016-05-04,21.312562942504883,21.69948790454765,21.228841670384366,21.541096448615743,164102000
2016-05-05,21.226051330566406,21.41500094311543,21.09856809165568,21.399065538251588,143562000
2016-05-06,21.10767364501953,21.27385689972502,20.909617844724483,21.2556462495966,174799600
2016-05-09,21.123613357543945,21.346709064369357,21.078082380864863,21.171419580435106,131745600
2016-05-10,21.26702880859375,21.301176601729335,20.968808337989397,21.246541174809746,134747200
2016-05-11,21.05987548828125,21.301183628875528,21.04849230787117,21.28069598833276,114876400
2016-05-12,20.565868377685547,21.121334074889095,20.367814295389742,21.107675651787034,305258800
2016-05-13,20.606843948364258,20.86864137283403,20.488466903791494,20.488466903791494,177571200
2016-05-16,21.371747970581055,21.487849775426163,20.864090236678617,21.032550487061453,245039200
2016-05-17,21.282957077026367,21.558412838781738,21.17368625982883,21.52426679392521,187667600
2016-05-18,21.52655029296875,21.67452291245479,21.37402544469915,21.43549182266564,168249600
2016-05-19,21.444595336914062,21.544761734036086,21.30117668934936,21.544761734036086,121768400
2016-05-20,21.676799774169922,21.724605991860695,21.51744397837169,21.544762561407413,128104000
2016-05-23,21.952255249023438,22.125269464843562,21.779241033203313,21.824772004118582,152074400
2016-05-24,22.28689956665039,22.330151816165124,22.045589773017973,22.132097745705188,140560800
2016-05-25,22.678457260131836,22.705774104756745,22.33470582502775,22.462189064821,152675200
2016-05-26,22.858304977416992,22.93115280482657,22.455364075159952,22.69211994844838,225324800
2016-05-27,22.844640731811523,22.871959313517372,22.59422647840904,22.637480465236077,145364800
2016-05-31,22.733095169067383,22.856026193792353,22.496339314429928,22.67390577120075,169228800
2016-06-01,22.414384841918945,22.660246886366746,22.38479101200226,22.541868093041938,116693200
2016-06-02,22.245920181274414,22.273237022921467,21.997781203065305,22.21860160279867,160766400
2016-06-03,22.29144287109375,22.371119863911694,22.18444730781186,22.26184905571228,114019600
2016-06-06,22.453083038330078,23.195221340147576,22.20722275072929,22.307387409815206,93170000
2016-06-07,22.544139862060547,22.735366431348574,22.5282044593556,22.594223052512856,89638000
2016-06-08,22.52366065979004,22.66480235461189,22.464471254668045,22.541871314818184,83392400
2016-06-09,22.685287475585938,22.762687521221583,22.41438384220326,22.42349003642433,106405600
2016-06-10,22.498613357543945,22.61699040098032,22.418936334382074,22.430317773788715,126851600
2016-06-13,22.15941619873047,22.564634036521227,22.10478076879256,22.466744617100094,152082000
2016-06-14,22.186738967895508,22.41894262839025,22.025107893581765,22.154868149683185,127727600
2016-06-15,22.113887786865234,22.40300382708042,22.088846185371665,22.268689624812268,117780800
2016-06-16,22.207225799560547,22.252755038411323,21.870303526845767,21.956809775393893,125307200
2016-06-17,21.701831817626953,22.002329151374642,21.695002609082632,21.995499942830318,244032800
2016-06-20,21.649478912353516,21.984124137793835,21.63354350813392,21.85436392148318,137647600
2016-06-21,21.83388328552246,21.934047971216188,21.553873393846285,21.613062801412593,142185600
2016-06-22,21.751924514770508,22.056974208762426,21.70639354317016,21.911278573299274,116876400
2016-06-23,21.87713050842285,21.920384496701352,21.683628657792593,21.840707468421712,128960800
2016-06-24,21.26247787475586,21.549316923000653,21.09174063551022,21.1509300314275,301245600
2016-06-27,20.9528751373291,21.182801782682954,20.829944111204142,21.171418604830443,181958400
2016-06-28,21.30573272705078,21.321669872013963,20.97564138563484,21.1486556288244,161779600
2016-06-29,21.49012565612793,21.524273448369915,21.31483446647255,21.392236244676305,146124000
2016-06-30,21.763303756713867,21.802003776043296,21.467360286935588,21.499231095422036,143345600
2016-07-01,21.829322814941406,21.961360016776208,21.70183957831682,21.738262615854342,104106000
2016-07-05,21.624441146850586,21.717778342983515,21.503787102545367,21.715501360026124,110820800
2016-07-06,21.74736976623535,21.776965330917307,21.483297087776542,21.535655532195683,123796400
2016-07-07,21.840707778930664,21.968191025990517,21.767859961063753,21.786070612908745,100558400
2016-07-08,22.009159088134766,22.056965286355,21.86574049347407,21.96590511681863,115648400
2016-07-11,22.077457427978516,22.229982232471176,22.0205450319593,22.0250972594363,95179600
2016-07-12,22.17761993408203,22.241361533609513,22.109326107514725,22.120707543528447,96670000
2016-07-13,22.052427291870117,22.23454601165221,22.045596341862936,22.17535833955846,103568800
2016-07-14,22.489505767822266,22.535034996280167,22.1548605544876,22.170795958130736,155676000
2016-07-15,22.487232208251953,22.605610999187544,22.423490583976943,22.51910302038946,120548000
2016-07-18,22.72626495361328,22.794558806447593,22.44625512018853,22.469019737799965,145975600
2016-07-19,22.73537254333496,22.76496637436316,22.614716762614393,22.664799966530648,95119600
2016-07-20,22.755859375,22.869684202848237,22.70577617285413,22.764965569647345,105104000
2016-07-21,22.63520050048828,22.992610314115744,22.56690492363568,22.726260690682196,130808000
2016-07-22,22.459915161132812,22.6056107972683,22.380236394671762,22.59650460290621,113254800
2016-07-25,22.15941619873047,22.50089067529316,22.063803762131876,22.366578214856425,161531600
2016-07-26,22.006893157958984,22.302838423366524,21.949980740521315,22.041040955787416,224959200
2016-07-27,23.436534881591797,23.755244794832866,23.391005638341344,23.737032402800967,369379200
2016-07-28,23.752958297729492,23.777999892535995,23.40693167186566,23.40920865416496,159479200
2016-07-29,23.723369598388672,23.800771381822965,23.602715562898634,23.718817369635584,110934800
2016-08-01,24.142250061035156,24.165014682425834,23.768904712374354,23.768904712374354,152671600
2016-08-02,23.784832000732422,24.14679404670702,23.675559423802557,24.142241818714755,135266400
2016-08-03,24.083057403564453,24.0944388443081,23.850853780982273,23.859959975674617,120810400
2016-08-04,24.231834411621094,24.261588561399762,24.096792586112922,24.165458157895117,109634800
2016-08-05,24.600332260131836,24.639241929922044,24.302783823087015,24.323382443715563,162213600
2016-08-08,24.804035186767578,24.804035186767578,24.5270871466591,24.60948336646476,112148800
2016-08-09,24.904743194580078,24.93449908368157,24.7216379561109,24.771992464217153,105260800
2016-08-10,24.71935272216797,24.925347677433617,24.664421316176433,24.881859368478118,96034000
2016-08-11,24.703330993652344,24.932213889268045,24.68501994290599,24.83837106387141,109938000
2016-08-12,24.76055335998535,24.8200634057395,24.668999846418515,24.668999846418515,74641600
2016-08-15,25.05809211730957,25.071824527831648,24.73765581730807,24.751388227830148,103472800
2016-08-16,25.035207748413086,25.22975958534201,24.99629807952239,25.09242846604213,135177600
2016-08-17,24.99858283996582,25.03291561353197,24.797164833037684,24.97111627186542,101424000
2016-08-18,24.966537475585938,25.08555576911699,24.952803319466657,25.000870246528233,87938800
2016-08-19,25.030628204345703,25.10615996270143,24.801745358107162,24.895586417021445,101472400
2016-08-22,24.836084365844727,24.971124440813984,24.685020811230327,24.916193032880557,103280800
2016-08-23,24.91390609741211,25.021481351821055,24.84066363108404,24.854396047821137,85030800
2016-08-24,24.726213455200195,24.89100938292654,24.646104808732535,24.849810400994954,94700400
2016-08-25,24.620929718017578,24.691882847370994,24.417224107868105,24.579730732468377,100344800
2016-08-26,24.47673225402832,24.70790267255723,24.33253494260801,24.58430747167917,111065200
2016-08-29,24.44926643371582,24.591174432069376,24.32795880029892,24.403490561337307,99881200
2016-08-30,24.26158332824707,24.37602475904069,24.14714189745345,24.215807454424684,99455600
2016-08-31,24.284467697143555,24.392042905682008,24.17918180583116,24.18376044028327,118649600
2016-09-01,24.428672790527344,24.44469452374681,24.1746126307344,24.29363097090216,106806000
2016-09-02,24.657554626464844,24.719352238716972,24.449270357370363,24.65068667289205,107210000
2016-09-06,24.65068817138672,24.788019311384804,24.60720160687611,24.696465800132074,107521600
2016-09-07,24.801748275756836,24.893301774270007,24.506489159826664,24.68044063237792,169457200
2016-09-08,24.151721954345703,24.552267014663258,24.087635024092958,24.547690125175723,212008000
2016-09-09,23.60468292236328,24.19749029212594,23.60468292236328,23.95029644497617,186228000
2016-09-12,24.13341522216797,24.19750215925076,23.46736509840454,23.494831676970623,181171200
2016-09-13,24.70790672302246,24.900169254355387,24.545400084314608,24.607199441122198,248704800
2016-09-14,25.58223533630371,25.870628215800973,24.856677122030995,24.886433010076683,443554800
2016-09-15,26.451995849609375,26.488617950649573,25.975919013514144,26.060606312491185,359934400
2016-09-16,26.3032169342041,26.580164975590975,26.101800653078442,26.348994552349193,319547600
2016-09-19,25.996511459350586,26.591606449992703,25.92097970865225,26.36501294413505,188092000
2016-09-20,25.994230270385742,26.120116560913388,25.75161496090108,25.875211933536068,138057200
2016-09-21,25.989652633666992,26.090359916955993,25.735592488260867,26.058316452331603,144012800
2016-09-22,26.234556198120117,26.307798649490568,26.092648184610844,26.172756842947617,124296000
2016-09-23,25.79738426208496,26.273460980543124,25.531881080100096,26.188773702492046,209924800
2016-09-26,25.8362979888916,25.953028742676437,25.53188509596385,25.552483716270608,119477600
2016-09-27,25.884361267089844,25.904961632109924,25.712699125618776,25.863762648307365,98429600
2016-09-28,26.081205368041992,26.239135125485873,25.96218703015939,26.021697072219652,118564400
2016-09-29,25.67607879638672,26.046869650892393,25.58910393995395,25.9003847630911,143548000
2016-09-30,25.87520980834961,25.94845225875798,25.58910621359226,25.740168003580504,145516400
2016-10-03,25.7539005279541,25.875209919491997,25.698969126471315,25.797388833340097,86807200
2016-10-04,25.863759994506836,26.163595945381694,25.77907271809174,25.87749240561945,118947200
2016-10-05,25.87520980834961,26.014828502290214,25.79281183336047,25.955318465634114,85812400
2016-10-06,26.067466735839844,26.17046331624547,25.893515286972285,26.02397843706358,115117200
2016-10-07,26.106382369995117,26.220823817166742,25.98049782584907,26.163603093580928,97433600
2016-10-10,26.561857223510742,26.722074530767596,26.257442593485038,26.326106405350398,144944000
2016-10-11,26.619077682495117,27.166107585717516,26.596187999190285,26.939512293910834,256164000
2016-10-12,26.857118606567383,27.003605268881365,26.722078533968947,26.859407924510492,150347200
2016-10-13,26.774723052978516,26.880008979956983,26.486330103110024,26.731234742138586,140769600
2016-10-14,26.923494338989258,27.047091311969947,26.809052891366903,26.980715062800435,142608800
2016-10-17,26.905183792114258,26.971558291980898,26.728942993020848,26.854829278087568,94499600
2016-10-18,26.88687515258789,27.056248013485135,26.88229651659073,27.04938180572738,98214000
2016-10-19,26.806766510009766,26.953251429771733,26.046875333905316,26.836520659067105,80138400
2016-10-20,26.79302978515625,26.866272238030678,26.625946258085435,26.747253906948913,96503200
2016-10-21,26.687744140625,26.7586990226796,26.614501687003166,26.735809337104534,92770800
2016-10-24,26.928070068359375,26.94866868851393,26.779295853260383,26.80218379106691,94154800
2016-10-25,27.065401077270508,27.090578334250715,26.850250607162486,26.996735513463065,192516000
2016-10-26,26.456571578979492,26.48174883578111,25.934718885705546,26.163601768456424,264536800
2016-10-27,26.202516555786133,26.518374345961796,26.11553993156182,26.410799097834698,138248000
2016-10-28,26.028562545776367,26.369597563133876,25.966763187546174,26.06289532854449,151446800
2016-10-31,25.98736572265625,26.14529548881585,25.909544625476876,26.01254298236975,105677600
2016-11-01,25.51814842224121,26.040001040121055,25.29842109609378,25.96904791551526,175303200
2016-11-02,25.541034698486328,25.714986141889998,25.458638484492432,25.4975481473135,113326800
2016-11-03,25.267271041870117,25.642264957129893,25.20285508147735,25.531838097943226,107730400
2016-11-04,25.039506912231445,25.363889470404764,24.871565588447606,24.968189508038545,123348000
2016-11-07,25.400711059570312,25.42371651435973,25.18215485106164,25.32479147908192,130240000
2016-11-08,25.55023956298828,25.70207867743133,25.237360559169108,25.377696072141084,97016800
2016-11-09,25.508832931518555,25.61005902319711,24.857770061068404,25.278774908760692,236705600
2016-11-10,24.797950744628906,25.557141052136153,24.34703729863719,25.557141052136153,228538000
2016-11-11,24.945194244384766,25.04642034728978,24.51268574550595,24.643818762813076,136575600
2016-11-14,24.319425582885742,24.80254692483894,23.94443175781599,24.779541480975045,204702000
2016-11-15,24.64151382446289,24.772646821194414,24.422959414978134,24.517282287264077,129058000
2016-11-16,25.3040771484375,25.359292328299528,24.524180723718356,24.547186171059305,235362000
2016-11-17,25.294878005981445,25.38690156287228,25.037214152931146,25.262670024350157,110528000
2016-11-18,25.32018280029297,25.43061141206758,25.22816100488457,25.241963923155183,113715600
2016-11-21,25.70438575744629,25.764199584509182,25.308685645104998,25.333992170094515,117058400
2016-11-22,25.720483779907227,25.863118609244935,25.628460233597092,25.754991073970764,103862000
2016-11-23,25.589357376098633,25.653773348516676,25.38230478246663,25.619264290377405,109705600
2016-11-25,25.718183517456055,25.73658857833759,25.524933888606377,25.56634439798822,45903600
2016-11-28,25.667573928833008,25.874626503582014,25.626163413883205,25.635365945561322,108776000
2016-11-29,25.642263412475586,25.773396396862534,25.322482946072274,25.48582390871544,114115200
2016-11-30,25.426006317138672,25.81250378067143,25.36849182408441,25.67446934838181,144649200
2016-12-01,25.18904685974121,25.522631972222214,25.083220403258522,25.39149899840638,148347600
2016-12-02,25.28337287902832,25.32708270259954,25.041811292921707,25.11542977784512,106112000
2016-12-05,25.10163116455078,25.313284125596923,24.903781123293562,25.306382665702465,137298000
2016-12-06,25.294878005981445,25.389202634475474,25.12003517861256,25.19135260148136,104782000
2016-12-07,25.5433406829834,25.580150807244582,25.113133325701664,25.136138775763236,119994800
2016-12-08,25.794097900390625,25.865415302989362,25.4444088346359,25.504224392894475,108273200
2016-12-09,26.215112686157227,26.387656214381703,25.83781764485599,25.83781764485599,137610400
2016-12-12,26.065580368041992,26.456678389986358,25.87923213540872,26.063279295855363,105497600
2016-12-13,26.500383377075195,26.66832474553946,26.169099272965543,26.18980365187071,174935200
2016-12-14,26.500383377075195,26.732740709071145,26.45207140442643,26.465874323696543,136127200
2016-12-15,26.64531707763672,26.85467069689595,26.509583702233826,26.544090997537463,186098000
2016-12-16,26.679828643798828,26.80175911257715,26.606210148204177,26.794857652865684,177404400
2016-12-19,26.833965301513672,27.00420773209918,26.629213819473506,26.640717421692816,111117600
2016-12-20,26.905282974243164,27.031815579034852,26.84316808520206,26.856971003832687,85700000
2016-12-21,26.930593490600586,27.008814136586548,26.86617752049659,26.87077966419176,95132800
2016-12-22,26.753446578979492,26.804059622741242,26.60390851928433,26.767249498113298,104343600
2016-12-23,26.806364059448242,26.806364059448242,26.592409995989872,26.592409995989872,56998000
2016-12-27,26.97659683227539,27.100828341075097,26.799451220482073,26.806352678437122,73187600
2016-12-28,26.861570358276367,27.15144215064689,26.732736695353033,27.03641316012437,83623600
2016-12-29,26.854665756225586,26.942087146916545,26.77874621011868,26.790248054702733,60158000
2016-12-30,26.64531707763672,26.962796480852713,26.555594599440823,26.836265635931866,122345200
2017-01-03,26.721237182617188,26.762647693029223,26.401456701458834,26.640717233261352,115127600
2017-01-04,26.691326141357422,26.804055815616383,26.629211258874466,26.65221670589767,84472400
2017-01-05,26.82706642150879,26.884580927728436,26.64301929952454,26.66832582267746,88774400
2017-01-06,27.126136779785156,27.183651273757864,26.79485273283738,26.866170143698557,127007600
2017-01-09,27.37459945678711,27.475825533009875,27.133039622896174,27.135338939026216,134247600
2017-01-10,27.40220832824707,27.464323215522036,27.21586191121894,27.323987696089937,97848400
2017-01-11,27.54944610595703,27.590856617075996,27.284879049097164,27.317087029389327,110354400
2017-01-12,27.434417724609375,27.445921327204168,27.195157183304946,27.3538977720558,108344800
2017-01-13,27.3861083984375,27.51954247853153,27.333194278674867,27.402212390503777,104447600
2017-01-17,27.606964111328125,27.6621775480938,27.197461091175988,27.22506693195707,137759200
2017-01-18,27.604660034179688,27.721990110335962,27.540244072432184,27.60696110572876,94852000
2017-01-19,27.556344985961914,27.627662399190104,27.462022125421704,27.468923584095,102389200
2017-01-20,27.606964111328125,27.710489524664204,27.544849214367183,27.710489524664204,130391600
2017-01-23,27.6253662109375,27.79330757501292,27.554047034431193,27.606961148922757,88200800
2017-01-24,27.600055694580078,27.629962599622765,27.491928164898198,27.503431765793188,92844000
2017-01-25,28.039472579956055,28.09008562831899,27.67138007623037,27.703588060606148,129510400
2017-01-26,28.05327606201172,28.168305074232265,27.97505542099596,27.9911594124987,105350400
2017-01-27,28.055572509765625,28.14759606117314,27.975052560485274,28.099284091604925,82251600
2017-01-30,27.981950759887695,27.981950759887695,27.758795999365482,27.82091088008753,121510000
2017-01-31,27.91754150390625,27.926744035702466,27.749600125434853,27.871530600128644,196804000
2017-02-01,29.619964599609375,30.02026674415808,29.21966421026375,29.22426459752385,447940000
2017-02-02,29.569355010986328,29.767205035094836,29.396811507766348,29.442824161746977,134841600
2017-02-03,29.695886611938477,29.721193131971837,29.484233676389646,29.51874097170494,98029200
2017-02-06,29.974254608154297,30.022568331657627,29.6544741356893,29.707390002003997,107383600
2017-02-07,30.259531021118164,30.388362950360797,30.011067938833033,30.03177231808843,152735200
2017-02-08,30.376861572265625,30.41827384421646,30.188215807887737,30.218124475940726,92016400
2017-02-09,30.59636116027832,30.603292541477735,30.29598838100748,30.41844748303212,113399600
2017-02-10,30.52703857421875,30.716505696098103,30.510866529409288,30.605600090348965,80262000
2017-02-13,30.79737663269043,30.919839253845378,30.672608252092974,30.748856966868217,92141600
2017-02-14,31.197107315063477,31.213279362962442,30.788138188350544,30.83897066853526,132904800
2017-02-15,31.310317993164062,31.485922364828532,31.104678814998433,31.312630803712807,142492400
2017-02-16,31.27334976196289,31.400427411306826,31.15550925170677,31.347285656547058,90338400
2017-02-17,31.358854293823242,31.384270541106034,31.215601004935127,31.215601004935127,88792800
2017-02-21,31.585281372070312,31.596834850449913,31.418921155158582,31.476685021429972,98028800
2017-02-22,31.680009841918945,31.682319126971226,31.448954414153693,31.522890317713035,83347600
2017-02-23,31.545989990234375,31.765491890827267,31.49284824128825,31.742388468758406,83152800
2017-02-24,31.576026916503906,31.576026916503906,31.257169385720186,31.40273539336059,87106400
2017-02-27,31.638431549072266,31.75627212398043,31.488246867109066,31.6869547609099,81029600
2017-02-28,31.652297973632812,31.756272255856622,31.585289896322934,31.673092124952063,93931600
2017-03-01,32.29924011230469,32.38242021612314,31.793231633504373,31.86023616336788,145658400
2017-03-02,32.10745620727539,32.41244746653751,32.0612423121408,32.347752244099325,104844000
2017-03-03,32.296939849853516,32.30849333081671,32.02198322081562,32.065884333099305,84432400
2017-03-06,32.19526290893555,32.29461857758971,32.02428414639865,32.20219428981536,87000000
2017-03-07,32.236846923828125,32.3431304220329,32.06817396154083,32.13055989999812,69785200
2017-03-08,32.116695404052734,32.30154039927301,32.07510713108132,32.10514193079677,74828800
2017-03-09,32.042755126953125,32.06817135717713,31.666137293520123,32.05662140985935,88623600
2017-03-10,32.14906311035156,32.199895603953436,32.033535356824984,32.1744793571525,78451200
2017-03-13,32.16291046142578,32.21605221540226,32.075111808252814,32.082043188092115,69686800
2017-03-14,32.114402770996094,32.266896709917894,32.07974233325674,32.18602940644647,61236400
2017-03-15,32.45404052734375,32.52104503689061,32.123629497551406,32.21143167096657,102767200
2017-03-16,32.5071907043457,32.58343942329321,32.40783503094396,32.51412208555673,76928000
2017-03-17,32.34545135498047,32.57881607322998,32.32234440141568,32.57881607322998,175540000
2017-03-20,32.68509292602539,32.69433358919256,32.40089229347851,32.44017128178275,86168000
2017-03-21,32.310787200927734,32.994712755487875,32.28537096518604,32.83528396089231,158119600
2017-03-22,32.67586135864258,32.71745317302266,32.292308464990825,32.31310613499406,103440800
2017-03-23,32.560325622558594,32.712823028388804,32.488699014687725,32.638883610183065,81385200
2017-03-24,32.49563980102539,32.7498022176487,32.42863526880281,32.69434763794183,89582400
2017-03-27,32.55108642578125,32.6296444169478,32.0288989566286,32.20681260478574,94300400
2017-03-28,33.225772857666016,33.281223906665865,32.491014727782115,32.55802277949188,133499200
2017-03-29,33.299713134765625,33.38520605590323,33.08483324044029,33.19804816408955,116760000
2017-03-30,33.25581741333008,33.38752074455431,33.156465237671576,33.31589410152102,84829200
2017-03-31,33.19343566894531,33.33437967215824,33.04324747090975,33.20729843555194,78646800
2017-04-03,33.20265579223633,33.29969862405966,33.05247121276276,33.20496860232447,79942800
2017-04-04,33.449893951416016,33.47761947345894,33.080203871256245,33.098688727826826,79565600
2017-04-05,33.27659606933594,33.609316373182615,33.228072889347786,33.3228064391757,110871600
2017-04-06,33.19343566894531,33.39214355010408,33.14491246019479,33.33899824394224,84596000
2017-04-07,33.11948776245117,33.31357349667773,33.10331571407883,33.209599248029676,66688800
2017-04-10,33.08020782470703,33.24425874286062,33.01782186702875,33.17956349994475,75733600
2017-04-11,32.72439193725586,33.12180768348435,32.361633106140886,33.02707408133784,121517600
2017-04-12,32.763648986816406,32.844516243081806,32.581113287907016,32.71743862243264,81400000
2017-04-13,32.59037399291992,32.897678183969354,32.59037399291992,32.78908183353735,71291600
2017-04-17,32.770591735839844,32.782145212350784,32.548776973958354,32.68972092588931,66328400
2017-04-18,32.62502670288086,32.81911242204733,32.60423255989005,32.67354989548555,58790000
2017-04-19,32.504878997802734,32.80987388395424,32.45173723150411,32.782148358168236,69313600
2017-04-20,32.911537170410156,33.0224427935341,32.615786491662185,32.6296492538494,93278400
2017-04-21,32.872257232666016,32.96698728012244,32.77521437449348,32.91153623295304,69283600
2017-04-24,33.18879318237305,33.26041978292252,33.082506160972926,33.15644557162086,68537200
2017-04-25,33.394439697265625,33.47992907478972,33.241942273336754,33.25118646452234,75486000
2017-04-26,33.198036193847656,33.410610251682364,33.12872239849438,33.38057192327901,80164800
2017-04-27,33.223472595214844,33.30896553742356,33.112566929700414,33.253510941852575,56985200
2017-04-28,33.19110107421875,33.34128917368637,33.103302434789605,33.29276599678145,83441600
2017-05-01,33.868106842041016,34.01136008674115,33.49379815717875,33.5261457777764,134411600
2017-05-02,34.08298873901367,34.217001325364414,33.928182007960174,34.08992012058126,181408800
2017-05-03,33.97901153564453,34.07836720551908,33.33436842652095,33.63935976585729,182788000
2017-05-04,33.85655975341797,33.99750373953712,33.69019952306005,33.85425046780604,93487600
2017-05-05,34.418006896972656,34.422625465577745,33.90968230042189,33.90968230042189,109310800
2017-05-08,35.353790283203125,35.51321909494186,34.43419065356473,34.43419065356473,195009600
2017-05-09,35.58022689819336,35.78586608965602,35.455454991771575,35.55249784919626,156521600
2017-05-10,35.41154861450195,35.56866811663145,35.1458363201568,35.49704150818844,103222800
2017-05-11,35.71780776977539,35.74565127496851,35.33731290713693,35.36979404638002,109020400
2017-05-12,36.21663284301758,36.2908739365039,35.88485788911661,35.89181788100036,130108000
2017-05-15,36.12382507324219,36.34423306457839,35.973020537111836,36.19574734555601,104038800
2017-05-16,36.070457458496094,36.20734198695468,35.89645062192659,36.17950202596057,80194000
2017-05-17,34.85938262939453,35.86166408215146,34.73409921788966,35.63661487281056,203070800
2017-05-18,35.39065933227539,35.57626728242413,35.06352925858537,35.09601038434811,134272800
2017-05-19,35.51131820678711,35.72476618959249,35.411555976421134,35.585562830464724,107843200
2017-05-22,35.727081298828125,35.863965813263476,35.47651105501651,35.7294001152807,91865600
2017-05-23,35.683013916015625,35.93822189937736,35.56932813913295,35.93822189937736,79675600
2017-05-24,35.57628631591797,35.76885435745666,35.4208405923051,35.69229090430183,76712000
2017-05-25,35.69924545288086,35.8106123896768,35.50435862375579,35.666764314693346,76942400
2017-05-26,35.63893127441406,35.78509819474404,35.56932781043888,35.72941471552804,87710400
2017-05-30,35.65283966064453,35.829165310531,35.573957412551486,35.59483738289763,80507600
2017-05-31,35.44172286987305,35.76885667999995,35.35356178429862,35.722455549669306,97804800
2017-06-01,35.53915023803711,35.573953725184595,35.31642349707515,35.536831421631696,65616400
2017-06-02,36.065818786621094,36.065818786621094,35.471875976360536,35.631962843537316,111082800
2017-06-05,35.713165283203125,35.83381102746354,35.604124244177186,35.808289880411884,101326800
2017-06-06,35.83380126953125,36.14933375616581,35.67835561261109,35.706195569021396,106499600
2017-06-07,36.04726028442383,36.18878600667422,35.84077228378099,35.9660592065226,84278400
2017-06-08,35.959083557128906,36.08668570114997,35.822195528528795,36.01940463503299,85003200
2017-06-09,34.56472396850586,36.00550242241281,33.87797883138676,36.00550242241281,259530800
2017-06-12,33.738773345947266,33.89421906626686,33.06362580621396,33.81301798022594,289229200
2017-06-13,34.010215759277344,34.2097437423721,33.676122062916065,34.142462655827934,136661600
2017-06-14,33.67845153808594,34.221352139331366,33.37219773829891,34.221352139331366,126124800
2017-06-15,33.47658920288086,33.52067149530905,32.99401342308188,33.2515436481613,128661600
2017-06-16,33.0079345703125,33.52531385516667,32.991692234557526,33.35826702540767,201444400
2017-06-19,33.95222473144531,34.04503053351135,33.330441788409985,33.330441788409985,130165600
2017-06-20,33.64364242553711,34.075179545849174,33.62740362744633,34.075179545849174,99600400
2017-06-21,33.843170166015625,33.88957482348066,33.55083994094887,33.76196909580847,85063200
2017-06-22,33.78748321533203,34.03573108829156,33.66915631965159,33.8199643446962,76425200
2017-06-23,33.938297271728516,34.14246645112893,33.66684699830492,33.671488172430905,141757600
2017-06-26,33.831573486328125,34.40231397122722,33.7294889013404,34.14478369189126,102769600
2017-06-27,33.346675872802734,33.910459977521306,33.32115472336808,33.64364731703564,99047600
2017-06-28,33.833892822265625,33.89885509731291,33.21442885223566,33.52300142879953,88329600
2017-06-29,33.335079193115234,33.6714953555342,33.010267738576154,33.57405191917247,125997600
2017-06-30,33.41394805908203,33.632037156573915,33.35826460647424,33.51371026230457,92096400
2017-07-03,33.29330825805664,33.710925376297865,33.20050602741556,33.61348197207128,57111200
2017-07-05,33.430198669433594,33.59260437172023,33.11234725637412,33.33739642246375,86278400
2017-07-06,33.11466598510742,33.29331402723533,33.04042489576544,33.18195062313297,96515200
2017-07-07,33.451072692871094,33.58331958846352,33.154101307185634,33.154101307185634,76806800
2017-07-10,33.65525436401367,33.86174241272838,33.263158245175966,33.434846329571144,84362400
2017-07-11,33.76430130004883,33.83854594928799,33.497492114727514,33.578693217130656,79127200
2017-07-12,33.813011169433594,33.91509221073657,33.59956319914471,33.843169948377934,99538000
2017-07-13,34.283992767333984,34.45103963699194,33.74341102804902,33.75733101049074,100797600
2017-07-14,34.578636169433594,34.64592079378021,34.1819025741464,34.3303882628221,80528400
2017-07-17,34.69928741455078,35.01017882149063,34.46960062502861,34.5276029117045,95174000
2017-07-18,34.81993865966797,34.83153982687053,34.492804861523275,34.61576944547624,71475200
2017-07-19,35.038028717041016,35.13083097657728,34.78977718550363,34.91274177246986,83692000
2017-07-20,34.8802490234375,35.205063904111555,34.84544907273368,35.14938044280735,68974800
2017-07-21,34.8640251159668,34.903466257001384,34.54153245439733,34.799062820124,105010400
2017-07-24,35.2862663269043,35.36747093524196,34.7781657860091,34.93593382901929,85972800
2017-07-25,35.43707275390625,35.69228065092934,35.21898362396672,35.21898362396672,75415600
2017-07-26,35.604122161865234,35.71316319451389,35.51131638702401,35.57860101630619,63124000
2017-07-27,34.93130111694336,35.72709443481554,34.174952474512295,35.67141095788023,129905200
2017-07-28,34.68537521362305,34.85474093746274,34.61345292843822,34.77585865952967,68854800
2017-07-31,34.506717681884766,34.877933714220624,34.36751432489266,34.778167945206754,79383600
2017-08-01,34.81297302246094,34.85241415241093,34.43247816509669,34.59256504206811,141474400
2017-08-02,36.457916259765625,37.063460259127524,36.23054829293145,36.954415679689205,279747200
2017-08-03,36.09366989135742,36.474164805577196,35.96606413411134,36.437042487073036,108389200
2017-08-04,36.28390121459961,36.51822911955738,36.12149556065968,36.20966014716039,82239600
2017-08-07,36.84537124633789,36.87089239354546,36.34887182444575,36.439355248149226,87481200
2017-08-08,37.14003372192383,37.54604982805782,36.72009763000825,36.796661091986486,144823600
2017-08-09,37.36739730834961,37.41612079297304,36.914980123328064,36.949780083645464,104526000
2017-08-10,36.17716598510742,37.26723077944783,36.01645048371824,37.24393733857864,163217200
2017-08-11,36.680274963378906,36.93416070229305,36.351860156850435,36.47530758815783,105028400
2017-08-14,37.23231506347656,37.31616652194303,36.9761012864729,37.108867576579,88490800
2017-08-15,37.6399040222168,37.779654003384806,37.2998389819559,37.42095847556554,117862000
2017-08-16,37.48851013183594,37.85186512027864,37.30217323789386,37.71910243792333,110686400
2017-08-17,36.76878356933594,37.43260757279651,36.764124170110456,37.38835216535511,111762400
2017-08-18,36.684932708740234,37.15077312408931,36.503255231080516,36.76878412566628,109712400
2017-08-21,36.61738967895508,36.77577372401931,36.12825579092864,36.684934979566464,105474000
2017-08-22,37.21599578857422,37.26723852587376,36.806057444258705,36.85496870453865,86418400
2017-08-23,37.2625732421875,37.37670542162071,37.006363150225965,37.05061855764048,77596400
2017-08-24,37.09721755981445,37.43961068868213,36.92951465775347,37.36740240950668,79275600
2017-08-25,37.23462677001953,37.39767021433604,37.097204692244226,37.18571195968431,101920400
2017-08-28,37.60963439941406,37.73308185201082,37.25093521127621,37.29985002932449,103864000
2017-08-29,37.94502258300781,37.993933824343884,37.267224091858075,37.29051752854726,118067600
2017-08-30,38.04752731323242,38.17330269453287,37.87516503492764,38.15234072332967,109078400
2017-08-31,38.198909759521484,38.32002924902332,38.07779027001965,38.11505835203251,107140400
2017-09-01,38.21055603027344,38.41785484717344,38.112729981699495,38.385246164315454,66364400
2017-09-05,37.751708984375,38.25714542591725,37.397669261394455,38.140685318075796,117874000
2017-09-06,37.71210479736328,37.963659002247844,37.38834590992549,37.89844164032366,86606800
2017-09-07,37.56072235107422,37.788986780023535,37.35109552473771,37.75404660624655,87714000
2017-09-08,36.94814682006836,37.53510339320149,36.924853369385254,37.46755807275102,114446000
2017-09-11,37.61662292480469,37.74472978180447,37.24162115472234,37.38370265901643,126323200
2017-09-12,37.467552185058594,38.189606393791436,36.980749707380006,37.875162629389486,286856000
2017-09-13,37.185707092285156,37.25791533696274,36.78042823433006,37.23694981866018,179629600
2017-09-14,36.866615295410156,37.127484826851486,36.822359881166186,37.03199022957224,95042800
2017-09-15,37.23927688598633,37.493159011278806,36.801385841203235,36.910858602399,196458400
2017-09-18,36.957454681396484,37.383699154318606,36.80139854443826,37.29286040134051,113077600
2017-09-19,36.97142791748047,37.213666952238235,36.903882613105765,37.153105416508424,83242400
2017-09-20,36.351863861083984,36.861956205442226,35.83012123973316,36.77810477619086,211805600
2017-09-21,35.727638244628906,36.28897691957961,35.57856942162137,36.28897691957961,150046800
2017-09-22,35.378265380859375,35.466776235057715,35.06848094524703,35.296741851562814,186581600
2017-09-25,35.06613540649414,35.36427296614295,34.74237648371551,34.9357006684078,177549200
2017-09-26,35.669395446777344,35.85107289889718,35.33166190394329,35.35262386670793,146640000
2017-09-27,35.923282623291016,36.03741480448484,35.76256711139289,35.82312863998077,102016800
2017-09-28,35.702022552490234,35.93494284761561,35.56692835482772,35.844104074679976,88022000
2017-09-29,35.89767074584961,35.90000222315323,35.40388091253344,35.68571600201449,105199200
2017-10-02,35.825462341308594,35.97453115605567,35.571580127050126,35.93027574081998,74795200
2017-10-03,35.98152160644531,36.12360311051281,35.84875890327996,35.87204879737292,64921200
2017-10-04,35.74859619140625,35.83710701682054,35.51102011384265,35.78353635863432,80655200
2017-10-05,36.1934700012207,36.20511672212214,35.881357783911426,35.911634993358895,85135200
2017-10-06,36.17251205444336,36.21676746633701,36.00014980656297,36.09564795285132,69630400
2017-10-09,36.29829406738281,36.505592965768344,36.21677410523374,36.29130674360093,65051600
2017-10-10,36.312255859375,36.80138967542724,36.125922552383685,36.34952394240527,62468000
2017-10-11,36.463661193847656,36.563815182604465,36.277324306816766,36.32856703960228,67622400
2017-10-12,36.3355598449707,36.654659457585346,36.27267038086556,36.41708335599889,64500400
2017-10-13,36.5661506652832,36.63369597276531,36.43105649623809,36.50558912676728,65576800
2017-10-16,37.23927688598633,37.26722616830707,36.7198623623282,36.778092403216185,96486000
2017-10-17,37.376705169677734,37.46987182902115,37.08788283918476,37.215989661342135,75989200
2017-10-18,37.21133041381836,37.43260745030128,37.17406588237725,37.36505860103378,65496800
2017-10-19,36.33089065551758,36.587104289072464,36.10728926085157,36.510240199006,170336800
2017-10-20,36.3937873840332,36.74316774291992,36.32624207844399,36.477638812329246,95896400
2017-10-23,36.37515640258789,36.72919619122614,36.21910025562893,36.542859273307,87937200
2017-10-24,36.591773986816406,36.66630662132224,36.3821436219765,36.403105592236166,71028800
2017-10-25,36.431053161621094,36.69658207534849,36.1655242478937,36.547513273853816,84828400
2017-10-26,36.66398239135742,36.761808483170924,36.517241476596446,36.62205489253367,68002000
2017-10-27,37.97764205932617,38.1057488893798,36.96443769463346,37.10185976956351,177816800
2017-10-30,38.832462310791016,39.14690605329501,38.13370159774283,38.1732976116592,178803200
2017-10-31,39.37284469604492,39.514926216689624,38.88371421404958,39.107315704652706,144187200
2017-11-01,38.87204360961914,39.58245077644159,38.573906102572245,39.56614466001774,134551200
2017-11-02,39.15620803833008,39.247046758099586,38.49704356243149,38.80449987800804,165573600
2017-11-03,40.178749084472656,40.588687505807215,39.8573179544908,40.52812951129416,237594400
2017-11-06,40.58635330200195,40.75871556536482,39.997065357610694,40.14846209750659,140105200
2017-11-07,40.71678161621094,40.81926707795538,40.43495015049409,40.50715484742848,97446000
2017-11-08,41.04987716674805,41.04987716674805,40.60499851676032,40.68186264639814,97638000
2017-11-09,40.96600341796875,41.01724614317385,40.32780082937432,40.7866538797509,117930400
2017-11-10,40.83043670654297,40.996406160345416,40.73693509982965,40.933290614042214,100582000
2017-11-13,40.666805267333984,40.79069649569724,40.533561738608874,40.556938922656,67928400
2017-11-14,40.05202102661133,40.55226208172439,40.01461895951602,40.449408180641015,99130000
2017-11-15,39.52372360229492,39.81358422357712,39.36009404465854,39.7317676613305,116632400
2017-11-16,39.99592208862305,40.175912851342744,39.808915317218215,40.01461955559179,94550000
2017-11-17,39.77384567260742,40.063706318434406,39.654630606275354,39.98188974925974,87598000
2017-11-20,39.73410415649414,39.86968395261924,39.63592642140843,39.806568420472395,65049600
2017-11-21,40.472774505615234,40.60367813847048,39.92110664797064,39.92110664797064,100525200
2017-11-22,40.898216247558594,40.90756497870825,40.45173853945968,40.52420279815348,102355600
2017-11-24,40.900550842285156,41.024442034305196,40.82574672876399,40.930940459260185,56106800
2017-11-27,40.69485092163086,40.92627217962039,40.51953275956953,40.91925973848651,82867200
2017-11-28,40.456417083740234,40.87717778066195,40.17356890543842,40.74393784446522,105715200
2017-11-29,39.61723327636719,40.42135991448416,39.07491755078027,40.35357178635738,166665600
2017-11-30,40.171241760253906,40.239029889391794,39.37412755223093,39.83930285607974,166108800
2017-12-01,39.984222412109375,40.12915092551341,39.38814005400389,39.72708772685399,159037200
2017-12-04,39.69203567504883,40.351230160635915,39.65229731659654,40.31850424386007,130169600
2017-12-05,39.65462875366211,40.09409406815887,39.36476812137704,39.51904895308636,109400800
2017-12-06,39.507354736328125,39.7855267386817,38.91127595054929,39.154382186949924,114240000
2017-12-07,39.579833984375,39.84164132481947,39.48399252337033,39.51204229074438,102693200
2017-12-08,39.59150695800781,39.97253282752388,39.46294318543951,39.85331778561536,93420800
2017-12-11,40.3629035949707,40.41433052585726,39.45592343226898,39.55176485499902,141095200
2017-12-12,40.13616943359375,40.29746270901659,40.08006990604287,40.241359614608676,77636800
2017-12-13,40.2694091796875,40.566278663503006,40.2062936502376,40.323172410848755,95273600
2017-12-14,40.257728576660156,40.470448819217914,40.124485051039116,40.299803226735804,81906000
2017-12-15,40.666805267333984,40.71355606857073,40.3138326161104,40.58732854854576,160677200
2017-12-18,41.23952102661133,41.421851694298674,40.87485969123663,40.87953584259893,117684400
2017-12-19,40.800045013427734,40.99874037620498,40.69485481948698,40.91458750768088,109745600
2017-12-20,40.75563049316406,41.005749218272555,40.498495760008446,40.87718185169475,93902400
2017-12-21,40.909915924072266,41.14601338073836,40.69719922079701,40.71356039788378,83799600
2017-12-22,40.909915924072266,41.00575739525637,40.79070083321309,40.83277548874296,65397600
2017-12-26,39.87202835083008,40.082408726132456,39.66398070018009,39.925791590410505,132742000
2017-12-27,39.87904357910156,39.921118230359454,39.67099948077001,39.76216479201962,85992800
2017-12-28,39.99125289916992,40.17124726007621,39.85099690448952,39.97255186208866,65920800
2017-12-29,39.55879211425781,39.87670254845045,39.556455822653554,39.860341373505804,103999600
2018-01-02,40.26707458496094,40.276426884472016,39.56580192963127,39.77618586634448,102223600
2018-01-03,40.26006317138672,40.80238241744237,40.19695119893329,40.33019115208112,118071600
2018-01-04,40.44707489013672,40.54992879885171,40.22500589642445,40.33253238872998,89738400
2018-01-05,40.90757369995117,40.99406285723671,40.45174716352319,40.54291247080879,94640000
2018-01-08,40.75563049316406,41.05016372371372,40.657449182790344,40.75563049316406,82271200
2018-01-09,40.75096130371094,40.921603346574265,40.53590474782042,40.80238825912582,86336000
2018-01-10,40.74160385131836,40.74394370972359,40.44005816620148,40.47746023211193,95839600
2018-01-11,40.9730224609375,41.02211311511454,40.7883555686387,40.81172918317203,74670800
2018-01-12,41.39612579345703,41.45924133390934,41.05951433352114,41.18340555601736,101672400
2018-01-16,41.18574142456055,41.93376483703263,41.17405283422285,41.58546481936825,118263600
2018-01-17,41.86597442626953,41.90103662850465,40.923931879747094,41.17638686955348,137547200
2018-01-18,41.90337371826172,42.09973275509077,41.667279896046836,41.92908718934309,124773600
2018-01-19,41.716373443603516,41.97818075507873,41.47092730566695,41.75143564894141,129700400
2018-01-22,41.375083923339844,41.557414516297534,41.2815823355666,41.44521189759825,108434400
2018-01-23,41.384437561035156,41.94545785474811,41.33301417846406,41.44521681046371,130756400
2018-01-24,40.72523498535156,41.44520856729474,40.48680131877495,41.43351997804808,204420400
2018-01-25,39.998252868652344,40.89588096747637,39.86267306723772,40.79302707903376,166116000
2018-01-26,40.09175491333008,40.206297393461384,39.75280718937289,40.206297393461384,156572000
2018-01-29,39.26192092895508,39.7761868421077,39.05387684544463,39.7761868421077,202561600
2018-01-30,39.0305061340332,39.124007745796824,38.499875391787135,38.693894624711604,184192800
2018-01-31,39.13802719116211,39.374124613366014,38.92063436894064,39.007123526143936,129915600
2018-02-01,39.21984100341797,39.41619648711814,38.98140730643512,39.07724875688061,188923200
2018-02-02,37.518096923828125,38.990770600564964,37.42459530527834,38.803763796607285,346375200
2018-02-05,36.58070755004883,38.30817510055369,36.466165106351774,37.190814685848565,290954000
2018-02-06,38.109500885009766,38.27079419819336,35.998670062167655,36.192689296369814,272975200
2018-02-07,37.29368591308594,38.19599039124016,37.183823122658545,38.12352610597919,206434400
2018-02-08,36.267486572265625,37.634969821723445,36.23943680447615,37.46900037296808,217562000
2018-02-09,36.711090087890625,37.058460813619604,35.26292594672998,36.865999961496776,282690400
2018-02-12,38.18976593017578,38.46672273816519,36.96926786105699,37.20163266035302,243278000
2018-02-13,38.57234191894531,38.66857413140311,37.94096978650724,38.01138368785197,130196800
2018-02-14,39.28351593017578,39.32341630642415,38.22966752219258,38.26721850010876,162579600
2018-02-15,40.60259246826172,40.62606138201437,39.66609578151257,39.851515600178224,204588800
2018-02-16,40.47114562988281,41.032107382495894,40.31623936113969,40.45471775078253,160704400
2018-02-20,40.335025787353516,40.900675720101226,40.234098347646515,40.381967200086905,135722000
2018-02-21,40.15194320678711,40.86780765643654,40.13785756271119,40.56503256469426,149886400
2018-02-22,40.48758316040039,40.827912853294784,40.302163340873086,40.32328643776861,123967600
2018-02-23,41.19171905517578,41.22692422009872,40.73168460558105,40.762198136114456,135249600
2018-02-26,42.00614929199219,42.10472729761741,41.358349434426906,41.39120876963531,152648800
2018-02-27,41.870025634765625,42.360569950834076,41.81604319718002,42.03667174392078,155712400
2018-02-28,41.806644439697266,42.39342084865955,41.79021656257379,42.07421433892811,151128400
2018-03-01,41.07435989379883,42.19627640895745,40.52513788389774,41.9052339409774,195208000
2018-03-02,41.358360290527344,41.37948338697755,40.47584605945342,40.55799620973738,153816000
2018-03-05,41.50154495239258,41.71747835236464,40.96170966176202,41.12366060709127,113605600
2018-03-06,41.466312408447266,41.83715550694427,41.339570287355286,41.75735477953826,95154000
2018-03-07,41.081390380859375,41.273854765458225,40.9030116386987,41.06026728930069,126814000
2018-03-08,41.52969741821289,41.57194361047891,41.09078970758341,41.18701833932262,95096400
2018-03-09,42.24320602416992,42.24790123821032,41.63530652700031,41.76909326665948,128740800
2018-03-12,42.651611328125,42.80886700334209,42.29719960470139,42.31597330142616,128828400
2018-03-13,42.24086380004883,43.06939186938944,42.06952607769264,42.855804379874634,126774000
2018-03-14,41.88176727294922,42.369965835063375,41.73389842335402,42.3230244232332,117473600
2018-03-15,41.93104934692383,42.30424194138419,41.79492034377192,41.89584418772932,90975200
2018-03-16,41.78318405151367,42.04136357525891,41.68929765809745,41.931049301369676,157618800
2018-03-19,41.144779205322266,41.654100905167574,40.75985386813316,41.618895738906545,133787200
2018-03-20,41.13068389892578,41.49683183577984,41.060270007669395,41.13068389892578,78597600
2018-03-21,40.198883056640625,41.09547563260166,40.19653365868567,41.08373938702482,148219600
2018-03-22,39.63088607788086,40.52982452051389,39.57220842812468,39.90080183419946,165963200
2018-03-23,38.713165283203125,39.88202301847782,38.713165283203125,39.522916102330775,164115200
2018-03-26,40.550960540771484,40.62841548606614,39.065241676811105,39.44782118743007,150164800
2018-03-27,39.511192321777344,41.109571370737015,39.17790360863543,40.764546408113944,163690400
2018-03-28,39.07463836669922,39.90551629352371,38.7718631237589,39.25536661789683,166674000
2018-03-29,39.37974548339844,40.31154688271614,39.173199002522075,39.386786515119255,153594000
2018-04-02,39.1215705871582,39.65201896404017,38.60286204080597,39.11218373669499,150347200
2018-04-03,39.522918701171875,39.60741466237426,38.69908576549835,39.34688574711688,121112000
2018-04-04,40.2786979675293,40.372580802376035,38.67327785440633,38.69909617119927,138422000
2018-04-05,40.557987213134766,40.89362160917028,40.38899531621928,40.506350601221754,107732800
2018-04-06,39.52058029174805,40.48289180544125,39.47833051252819,40.128480014153794,140021200
2018-04-09,39.912532806396484,40.6260513573316,39.86559140907428,39.872632439602654,116070800
2018-04-10,40.66360855102539,40.83964148847571,40.25990606129403,40.60493090520861,113634400
2018-04-11,40.47350311279297,40.82087385529702,40.29981595084088,40.42421230284707,89726400
2018-04-12,40.87250900268555,41.07436028792793,40.61432587688714,40.70117124541933,91557200
2018-04-13,41.0109977722168,41.27152678080941,40.80445480081609,41.0227340229716,100497200
2018-04-16,41.26681900024414,41.35366077533175,41.03445421925359,41.08139562250636,86313600
2018-04-17,41.83481979370117,41.99911650197846,41.40529895401935,41.42407623230813,106421600
2018-04-18,41.74094009399414,41.97095910385769,41.51561988120563,41.733899061182015,83018000
2018-04-19,40.557987213134766,41.165886729911804,40.525127876590034,40.78330735475603,139235200
2018-04-20,38.896244049072266,40.1871524529709,38.82817596401007,40.04163301530664,261964400
2018-04-23,38.7835807800293,39.17789286841588,38.513661441560345,39.156769773980784,146062000
2018-04-24,38.24374771118164,39.03941654299841,37.84004517183039,38.88450667946601,134768000
2018-04-25,38.41039276123047,38.825831574734394,38.11935387520056,38.16864110139597,113528400
2018-04-26,38.54417419433594,38.89858590345385,38.344668756042076,38.520701702278025,111852000
2018-04-27,38.09822082519531,38.56998777396035,37.70155939528785,38.49253285734537,142623200
2018-04-30,38.78828048706055,39.25770178412414,37.98557049884984,38.053638592508214,169709600
2018-05-01,39.6895637512207,39.71303266229741,38.790621726653995,39.05819166644517,214277600
2018-05-02,41.4428596496582,41.71981648729503,40.79271017052406,41.12834466848057,266157600
2018-05-03,41.5179443359375,41.66111789845008,40.94290426995688,41.28088799663565,136272800
2018-05-04,43.14684295654297,43.24542096261933,41.8183803187254,41.83715759341599,224805200
2018-05-07,43.45902633666992,44.048148799513136,43.362794107261145,43.46371797122614,169805600
2018-05-08,43.66790008544922,43.70780045059003,43.10928781068014,43.419107466689546,113611200
2018-05-09,43.975364685058594,43.98475153036664,43.47308429821495,43.78524973033437,92844800
2018-05-10,44.60440444946289,44.68185938348441,44.043446213428126,44.0645728909975,111957200
2018-05-11,44.43475341796875,44.78110870210072,44.16615172774492,44.646809654593504,104848800
2018-05-14,44.331092834472656,44.656243653269094,44.26276586287573,44.53372248173257,83115200
2018-05-15,43.92817687988281,44.07661587132766,43.61245281112909,44.008285328036614,94780800
2018-05-16,44.338157653808594,44.404133352868826,43.82451718880194,43.841012012369504,76732400
2018-05-17,44.05777359008789,44.510155226195536,43.9093345737116,44.295744112587485,69176000
2018-05-18,43.8975715637207,44.250995202862086,43.8551624527251,44.104914582484554,73190800
2018-05-21,44.208580017089844,44.594989665645436,44.038936405996104,44.29575668563138,73603200
2018-05-22,44.09782791137695,44.50308713532342,44.00829280986027,44.385279304995024,60962800
2018-05-23,44.38056945800781,44.41355550927262,43.767967254278695,43.90698323730388,80233600
2018-05-24,44.331092834472656,44.49366824387088,43.874001393175,44.47717701426208,92936000
2018-05-25,44.43240737915039,44.6845142986647,44.21328291731223,44.34994044932966,69844000
2018-05-29,44.27219009399414,44.47246488387322,44.02950620237712,44.20150825776424,90056400
2018-05-30,44.17793273925781,44.29574055989583,44.008289189922316,44.229768467955296,74762000
2018-05-31,44.029510498046875,44.34994803599016,43.857512021089384,44.1119774419747,109931200
2018-06-01,44.82352828979492,44.82823801484715,44.23684395189632,44.293393009412675,93770000
2018-06-04,45.198150634765625,45.57277865594449,45.085056129264544,45.153383085968876,105064800
2018-06-05,45.5468635559082,45.69530257509716,45.323029393544196,45.49031809732934,86264000
2018-06-06,45.70473861694336,45.7283016281917,45.219370784997885,45.622275267995676,83734400
2018-06-07,45.58221435546875,45.756567670436446,45.318322329900795,45.74243130384017,85388800
2018-06-08,45.16753005981445,45.23821549056052,44.71279347355301,45.04265402342088,106627200
2018-06-11,45.05679702758789,45.231153969750345,44.81647156094477,45.085073361177756,73234000
2018-06-12,45.30418395996094,45.381937568012425,45.0379370834704,45.09448614256514,67644400
2018-06-13,44.93190383911133,45.445547826799476,44.87064506424611,45.33716304565847,86553600
2018-06-14,44.955474853515625,45.13689994342156,44.81881732042377,45.132186622912144,86440400
2018-06-15,44.49365997314453,44.80467436726028,44.35700246014303,44.774043181267466,246876800
2018-06-18,44.470096588134766,44.58319108715091,44.10724649411106,44.26746699665913,73939600
2018-06-19,43.7514762878418,43.90227017955534,43.223695869239414,43.62188694452313,134314000
2018-06-20,43.942325592041016,44.10725585377342,43.76090050653034,43.90698467710195,82514800
2018-06-21,43.69728469848633,44.37821385591246,43.57476354074038,44.119035175144084,102847600
2018-06-22,43.57004165649414,43.85984787332757,43.51820593052924,43.85277969207865,108801600
2018-06-25,42.9221076965332,43.570050812040066,42.58282054445238,43.21191397426476,126652400
2018-06-26,43.4546012878418,43.94939568980616,43.00928776415795,43.115317704014764,98276800
2018-06-27,43.3909912109375,44.12611109590688,43.36036001732693,43.64309815806819,101141200
2018-06-28,43.70670700073242,43.87399570915046,43.306161078797324,43.37684649918818,69460800
2018-06-29,43.61481857299805,44.10489961774891,43.09646479717635,43.89284334908779,90950800
2018-07-02,44.10254669189453,44.13082302172207,43.21663292019015,43.310881360931305,70925200
2018-07-03,43.33443832397461,44.28396929007822,43.24490320913668,44.24626991591381,55819200
2018-07-05,43.68315505981445,43.92112924889861,43.419266591740104,43.65016900130516,66416800
2018-07-06,44.28868865966797,44.39706988118077,43.63603208674531,43.687867834498626,69940800
2018-07-09,44.90362548828125,44.927184893259316,44.602037780973134,44.649160186138324,79026400
2018-07-10,44.84944534301758,45.06856619589097,44.80938751433222,44.934267130145,63756400
2018-07-11,44.26747512817383,44.715143482285086,44.203857887887295,44.41355569937035,75326000
2018-07-12,45.00966262817383,45.09919773617647,44.60440337487018,44.65623911158645,72164400
2018-07-13,45.08035659790039,45.20051932204773,44.97903996775959,45.02145266730081,50055600
2018-07-16,44.981388092041016,45.39135705389442,44.8659351203138,45.125113793493355,60172400
2018-07-17,45.10862731933594,45.20758548689798,44.578491967618255,44.708081328191334,62138000
2018-07-18,44.86122512817383,45.19108924534587,44.75048546825586,45.18637592497211,65573600
2018-07-19,45.209938049316406,45.36780012426097,44.69393913236674,44.69393913236674,81147200
2018-07-20,45.10626983642578,45.33952707669777,44.80703689306761,45.18637831095939,82704800
2018-07-23,45.14631271362305,45.22877962532212,44.66329993483419,44.92718829993629,63957600
2018-07-24,45.473838806152344,45.629346060775305,45.25000456734041,45.34424942729987,74791600
2018-07-25,45.90264892578125,45.90971710862951,45.33952399399678,45.487963024230176,66839600
2018-07-26,45.75892639160156,46.17125386401282,45.617555534405035,45.85317123292575,76304000
2018-07-27,44.99788284301758,45.9898264659988,44.79054348344733,45.94270404769693,96096000
2018-07-30,44.745784759521484,45.28534320671292,44.547868406463465,45.21465776770341,84118000
2018-07-31,44.83530807495117,45.27119853960078,44.61147388845953,44.837666532786,157492000
2018-08-01,47.4765625,47.5378212863695,46.48933216360012,46.91815445381714,271742800
2018-08-02,48.86434555053711,49.097606414885774,47.205612411911986,47.259803022542634,249616000
2018-08-03,49.00570297241211,49.18241471941246,48.414305358183405,48.7795103543594,133789600
2018-08-06,49.260169982910156,49.302579077921635,48.78893864166359,49.008059489642534,101701600
2018-08-07,48.79837417602539,49.36149562913163,48.71590723211677,49.319086523265995,102349600
2018-08-08,48.83134460449219,48.96328879634437,48.188114871607986,48.548606536921845,90102000
2018-08-09,49.21540451049805,49.42745718493813,48.819568297610594,49.36855326479255,93970400
2018-08-10,49.06881332397461,49.44002903622106,48.86547303748079,49.02861861252826,98444800
2018-08-13,49.385643005371094,49.87744283435731,49.10900627803238,49.48967807024764,103563600
2018-08-14,49.59370422363281,49.785221646005944,49.24140438229996,49.69064629919543,82992000
2018-08-15,49.709564208984375,49.82778520144578,49.25795915190542,49.46839237417397,115230400
2018-08-16,50.437808990478516,50.553663261058226,50.00038984892316,50.06659332005974,114001600
2018-08-17,51.445045471191406,51.53252784763982,50.399972372237514,50.46617583676359,141708000
2018-08-20,50.94380187988281,51.823362921071144,50.861045725428916,51.56800870100237,121150800
2018-08-21,50.844478607177734,51.352830997028676,50.60567352114959,51.26061877491701,104639200
2018-08-22,50.84685134887695,51.15658978265497,50.560754949723034,50.62223217694636,76072400
2018-08-23,50.950889587402344,51.31973854252035,50.74045634465841,50.75227555879988,75532800
2018-08-24,51.109317779541016,51.28428259912692,50.861052889031185,51.213352865683774,73905600
2018-08-27,51.53017807006836,51.719332421045124,51.149506246562076,51.343386840644364,82100400
2018-08-28,51.946311950683594,52.14492238496493,51.761887460591076,51.7831663768743,91107200
2018-08-29,52.72184371948242,52.84243146580002,51.87774753435485,52.05271233047196,109019200
2018-08-30,53.20655822753906,53.97026509633108,52.58471443473294,52.78569163548751,195175200
2018-08-31,53.821292877197266,54.11447864417697,53.43589126797498,53.556475387508385,173360400
2018-09-04,53.99390411376953,54.18778470948037,53.58486039691757,54.00572693727098,109560400
2018-09-05,53.641597747802734,54.30363609852174,53.22309798700196,54.14285726319419,133332000
2018-09-06,52.75020980834961,53.75508827339755,52.32461350158914,53.49027078929188,137160000
2018-09-07,52.324615478515625,53.2869325453365,52.18511556397365,52.45465930046942,150479200
2018-09-10,51.622379302978516,52.45465610496239,51.18259706413789,52.24185615259656,158066000
2018-09-11,52.927555084228516,53.03395328666953,51.20389049497037,51.54673075075559,142996000
2018-09-12,52.270233154296875,53.19944845556792,51.97940690511045,53.185262513230725,197114800
2018-09-13,53.532833099365234,53.991531148163254,52.62489670197329,52.84951587627025,166825600
2018-09-14,52.92517852783203,53.63450455616086,52.613076951433094,53.37678363174455,127997200
2018-09-17,51.515987396240234,52.71474653653947,51.37175762273958,52.525592202926,148780400
2018-09-18,51.60110855102539,52.45466440089387,51.33629103116489,51.49470675410538,126286800
2018-09-19,51.63184356689453,51.927396096554034,50.90596843011665,51.66258218448119,108495200
2018-09-20,52.02434539794922,52.55634002502186,51.81627523374747,52.07399981724989,106435200
2018-09-21,51.46398162841797,52.33881656256204,51.376495609529805,52.20167972953972,384986800
2018-09-24,52.20402908325195,52.31515711505072,51.220433077107394,51.265357635641195,110773600
2018-09-25,52.53504943847656,52.68400905547717,51.946307549786276,51.958130371548314,98217600
2018-09-26,52.116554260253906,52.90390668996351,51.96050164726947,52.253691077014246,95938800
2018-09-27,53.187625885009766,53.53992575525717,52.8542418072406,52.92044888482368,120724800
2018-09-28,53.374412536621094,53.39805456934215,52.96773205250956,53.14978977495271,91717600
2018-10-01,53.73379898071289,54.24451448446557,53.51863953725298,53.89694451172983,94403200
2018-10-02,54.211421966552734,54.38166049673322,53.58485210395696,53.73144499079402,99152800
2018-10-03,54.871089935302734,55.202107251536745,54.32963580139792,54.39347614374953,114619200
2018-10-04,53.90642166137695,54.93730909364432,53.60850238383533,54.566093361412044,128168000
2018-10-05,53.031578063964844,54.00572162104816,52.15438020692258,53.89932343564714,134322000
2018-10-08,52.908626556396484,53.15216152411722,52.06452689730765,52.53977761918133,118655600
2018-10-09,53.641597747802734,53.73617671665903,52.549236814198565,52.87789106435932,107564000
2018-10-10,51.15659713745117,53.5186542874467,51.0833006862872,53.308221027600226,167962400
2018-10-11,50.70497131347656,51.89900378499089,50.201352454437,50.721523980376816,212497600
2018-10-12,52.516136169433594,52.698197531427574,51.27008573845108,52.11654858627355,161351600
2018-10-15,51.39305114746094,52.44994754385278,51.371772225933015,52.29153178166736,123164000
2018-10-16,52.52559280395508,52.72420684082225,51.25117047250022,51.76424921811775,116736000
2018-10-17,52.298606872558594,52.64144705306185,51.86118772679396,52.56105763845365,91541600
2018-10-18,51.076194763183594,51.95575916976636,50.36213901207219,51.51124711694205,130325200
2018-10-19,51.85409927368164,52.315160495072206,51.40958711776718,51.5585467461468,132314800
2018-10-22,52.17092514038086,52.811684539021144,51.76661134631194,51.9675848788607,115168400
2018-10-23,52.66273880004883,52.7856896809397,50.76410935457385,51.0312900357926,155071200
2018-10-24,50.8563117980957,53.017391656334006,50.726267969157426,52.63199362779541,163702000
2018-10-25,51.9699592590332,52.34353810184047,51.24881034120332,51.475796278943854,119423200
2018-10-26,51.142398834228516,52.06215795324573,50.28411332859877,51.04781988153455,189033600
2018-10-29,50.182464599609375,51.94395724211877,48.72834375182358,51.82573621097291,183742000
2018-10-30,50.4330940246582,50.877602660932105,49.48023277548973,49.92474141176363,146640000
2018-10-31,51.74768829345703,52.12363014967308,51.21805699622307,51.27953421575745,153435600
2018-11-01,52.542152404785156,52.57525414732443,51.26300005412576,51.79263154257351,233292800
2018-11-02,49.056983947753906,50.51583061906915,48.572277138067086,49.54642060751403,365314800
2018-11-05,47.66433334350586,48.32637154602719,46.85570228184564,48.30509263572986,264654800
2018-11-06,48.17979049682617,48.4044096899324,47.68799067176834,47.74237132513075,127531600
2018-11-07,49.64099884033203,49.66700760551551,48.264908230328544,48.699960659016895,133697600
2018-11-08,49.46779251098633,49.85453521515348,49.054946674562586,49.82131798374514,101450400
2018-11-09,48.51398849487305,48.87937811740739,47.98725541404549,48.7702373142276,137463200
2018-11-12,46.07013702392578,47.41781558554865,45.9799743974334,47.21613716957594,204542000
2018-11-13,45.60983657836914,46.78430756047721,45.42476859914762,45.467478543802656,187531600
2018-11-14,44.32147216796875,46.14368081930121,44.11504743544878,46.00606553775681,243204000
2018-11-15,45.41527557373047,45.54814450930108,44.34519912826086,44.69872824786671,185915200
2018-11-16,45.91828536987305,46.25995045257277,44.95261049624972,45.19936660019544,147713200
2018-11-19,44.098445892333984,45.24681733279806,43.89202475558644,45.08073115263296,167701200
2018-11-20,41.99150848388672,43.05683851163266,41.64272573882717,42.32130943637899,271300800
2018-11-21,41.94405746459961,42.77212054847709,41.889487071573676,42.643994348703465,124496800
2018-11-23,40.87872314453125,41.901346788253655,40.833645463053145,41.50748276383768,94496000
2018-11-26,41.43156814575195,41.50986670109431,40.39708373701015,41.34140913508516,179994000
2018-11-27,41.34141159057617,41.46716283590815,40.54419416749373,40.69366994529131,165549600
2018-11-28,42.93109130859375,43.014132585864616,41.505114329859374,41.932195651447095,184250000
2018-11-29,42.60128402709961,43.37240165859395,42.16233869639406,43.339184428515075,167080000
2018-11-30,42.37113571166992,42.78635290696132,42.003371186044795,42.776860200784085,158126000
2018-12-03,43.85169219970703,43.88016308346337,42.995158116098935,43.76627592803061,163210000
2018-12-04,41.922698974609375,43.27511989778296,41.82304728768147,42.933454902369334,165377200
2018-12-06,41.455284118652344,41.46951955718573,40.43503545235043,40.75297231428439,172393600
2018-12-07,39.977108001708984,41.40070964091711,39.93202670386907,41.163442701049085,169126400
2018-12-10,40.24048614501953,40.356744662283546,38.7528209859677,39.14905645625793,248104000
2018-12-11,40.010337829589844,40.76009884419869,39.62359143727057,40.729256594178395,189126800
2018-12-12,40.121849060058594,40.79094008262468,40.10286726659763,40.43029324768022,142510800
2018-12-13,40.560787200927734,40.945162148551596,40.228614895975355,40.451646423760494,127594400
2018-12-14,39.262943267822266,40.11710594038405,39.215490590548214,40.09812414539299,162814800
2018-12-17,38.89755630493164,39.943904744588174,38.61046161430654,39.25582820608512,177151600
2018-12-18,39.40291976928711,39.74932745057285,39.00430945473222,39.23920501261667,135366000
2018-12-19,38.17388153076172,39.73035222871584,37.746800273297104,39.38631585646059,196189200
2018-12-20,37.21057891845703,38.463348216247596,36.84756074809764,38.05762010916007,259092000
2018-12-21,35.76326370239258,37.52615987838151,35.50227210307426,37.21771196972524,382978400
2018-12-24,34.83791732788086,35.95781796306272,34.780971939167266,35.151107914787005,148676800
2018-12-26,37.2912483215332,37.305483760117355,34.81180927021201,35.18669150802309,234330000
2018-12-27,37.04924392700195,37.196351942081705,35.60666362348881,36.97569172966579,212468400
2018-12-28,37.06822204589844,37.61156549819046,36.669615227461684,37.3695521467641,169165600
2018-12-31,37.42650604248047,37.81087750774478,37.12754724024566,37.613945420363905,140014000
2019-01-02,37.469207763671875,37.689867977237725,36.59369187126671,36.750288975035055,148158800
2019-01-03,33.73699188232422,34.57454401761466,33.69191057763836,34.16169817620422,365248800
2019-01-04,35.17720413208008,35.24601358953824,34.11899533904399,34.29219923540596,234428400
2019-01-07,35.09891128540039,35.31245379240385,34.61725948663249,35.28160791885267,219111200
2019-01-08,35.76799774169922,36.02187515169098,35.23889338251769,35.485649452234306,164101200
2019-01-09,36.375404357910156,36.66487039683081,35.50226350768915,35.89612398881753,180396400
2019-01-10,36.49167251586914,36.53200747936951,35.794106819127585,36.18322463099874,143122800
2019-01-11,36.133384704589844,36.46793199596804,35.94831676050969,36.27337496621485,108092800
2019-01-14,35.59004592895508,35.89137599820077,35.40497797975705,35.7917243040485,129756800
2019-01-15,36.31845474243164,36.394378285844226,35.601907520616955,35.654106540640925,114843600
2019-01-16,36.762149810791016,36.98518137158213,36.30185124837653,36.32083304295525,122278800
2019-01-17,36.980438232421875,37.40751959655014,36.36354252641356,36.58657410659207,119284800
2019-01-18,37.208213806152344,37.45971625451414,37.00890676859886,37.369553633249645,135004000
2019-01-22,36.3730354309082,37.18685958381331,36.21169197229735,37.11093601889627,121576000
2019-01-23,36.5201416015625,36.80960767396495,35.9934084941028,36.57471200591153,92522400
2019-01-24,36.23066329956055,36.6529981897714,36.002889050218684,36.565210574963224,101766000
2019-01-25,37.431236267089844,37.519027508765205,36.615040923074886,36.89026785958372,134142000
2019-01-28,37.0848274230957,37.09194514242652,36.458442779137826,36.963818953658674,104768400
2019-01-29,36.70045471191406,37.51902868886723,36.56521441598711,37.07296560813992,166348800
2019-01-30,39.208370208740234,39.421909052183295,38.017288901847,38.73383622739391,244439200
2019-01-31,39.490718841552734,40.09812176355808,39.044655736776996,39.41242029951825,162958400
2019-02-01,39.50969696044922,40.09337168073329,39.369706696277575,39.61409500678469,130672400
2019-02-04,40.63197326660156,40.72925360434192,39.69002299817537,39.72086886633868,125982000
2019-02-05,41.32716369628906,41.54070616529914,40.89296827882337,41.013973143644144,144406400
2019-02-06,41.34141159057617,41.65697719767212,41.011610539919296,41.43868832837846,112958400
2019-02-07,40.55841064453125,41.270211452977485,40.41604903467955,40.90481834388098,126966800
2019-02-08,40.60606384277344,40.665634969717495,40.13187636336282,40.26770027804314,95280000
2019-02-11,40.372562408447266,40.79671238747757,40.32967292104731,40.75858597472105,83973600
2019-02-12,40.72045135498047,40.74666280397595,40.43689212564779,40.53220813832866,89134000
2019-02-13,40.55127716064453,41.09933254456883,40.48932446490647,40.83960316682641,89960800
2019-02-14,40.699005126953125,40.808613992609324,40.3606414751641,40.43927581927432,87342800
2019-02-15,40.60844802856445,40.913451927544514,40.44879783424937,40.80622461923537,98507200
2019-02-19,40.72999572753906,40.85152323274589,40.386868866784106,40.439291783552655,75891200
2019-02-20,40.992095947265625,41.29948509114437,40.7442815842349,40.791937772979175,104457600
2019-02-21,40.76095199584961,41.073104155107245,40.57985705809458,40.937283860774336,68998800
2019-02-22,41.216087341308594,41.223235588397145,40.837215701877646,40.884871894446135,75652800
2019-02-25,41.516319274902344,41.90710582108216,41.44959988672047,41.49964124582385,87493600
2019-02-26,41.540164947509766,41.77130135710117,41.26375387105927,41.39242962275724,68280800
2019-02-27,41.66883087158203,41.6998090360794,41.15890192366394,41.27328116060738,111341600
2019-02-28,41.25897216796875,41.67835534148874,41.20416773449612,41.53776831669921,112861600
2019-03-01,41.69264602661133,41.73553549832862,41.197013749810466,41.52822911316134,103544800
2019-03-04,41.90235137939453,42.35509069759693,41.45437513566205,41.86422496802693,109744800
2019-03-05,41.82609176635742,41.93808580910875,41.590188724744905,41.923789316150554,78949600
2019-03-06,41.58541488647461,41.816551158625686,41.447209430430334,41.621156109618305,83241600
2019-03-07,41.10409164428711,41.56636432916655,40.98971605951243,41.43054036805001,99185600
2019-03-08,41.20178985595703,41.2399162634684,40.38923852105088,40.584633632595896,95997600
2019-03-11,42.629112243652344,42.68153514499979,41.783204847044914,41.81656454463562,128044000
2019-03-12,43.10807418823242,43.52745383687402,42.741113814227916,42.8912342977693,129870400
2019-03-13,43.29869842529297,43.67757008556457,43.110451545781046,43.42737051589921,124130000
2019-03-14,43.780029296875,43.86819707283481,43.50123674636694,43.82053724326323,94318000
2019-03-15,44.34952163696289,44.63784755758058,43.782406850290364,44.04690286026948,156171600
2019-03-18,44.802268981933594,44.890433115459594,44.27089173604565,44.273276908909104,104879200
2019-03-19,44.447227478027344,45.03340921139079,44.30187372223758,44.88090720826174,126585600
2019-03-20,44.835628509521484,45.152547444755115,44.018310490038075,44.375737368520994,124140800
2019-03-21,46.48693084716797,46.78240499086003,45.228788744888206,45.27883009897217,204136800
2019-03-22,45.524269104003906,47.106478547794836,45.45993125023579,46.546508338197334,169630800
2019-03-25,44.97383117675781,45.7458708587234,44.4639023409663,45.633876819634864,175381200
2019-03-26,44.50917434692383,45.96033017793337,43.98256747013785,45.66962270436676,199202000
2019-03-27,44.90950012207031,45.21688566494624,44.45199411345279,44.97621952108113,119393600
2019-03-28,44.96907424926758,45.169232459544084,44.68551496674179,45.02387869438107,83121600
2019-03-29,45.26216506958008,45.29314323520392,44.926182866218966,45.23357207727188,94256000
2019-04-01,45.569549560546875,45.67439173346239,44.88805543895594,45.66486194899173,111448000
2019-04-02,46.23198318481445,46.336828999804766,45.524277569564575,45.53380735459335,91062800
2019-04-03,46.54890823364258,46.82293412913364,46.02467909036973,46.0485090099495,93087200
2019-04-04,46.62991714477539,46.79194893860823,46.02229064603285,46.41545880854789,76457200
2019-04-05,46.942054748535156,46.96588465709566,46.68708854348536,46.810997523319536,74106400
2019-04-08,47.68074417114258,47.71171869297622,46.7847918560636,46.803855058079535,103526800
2019-04-09,47.53777313232422,48.33602791999754,47.47343527844449,47.73316823079818,143072800
2019-04-10,47.804649353027344,47.833245973912184,47.2232344194669,47.34237670467407,86781200
2019-04-11,47.40671920776367,47.89520335222447,47.28519537386603,47.85946211752939,83603200
2019-04-12,47.38766098022461,47.690283464181285,46.753826657487316,47.4662953407457,111042800
2019-04-15,47.47343444824219,47.62117335589848,47.182726978383926,47.31855093020654,70146400
2019-04-16,47.47820281982422,47.983364968636586,47.3137858769923,47.52824418170382,102785600
2019-04-17,48.40275573730469,48.46232689195172,47.32570824322464,47.54731119326293,115627200
2019-04-18,48.576698303222656,48.64579923684503,48.25739781446443,48.40036639173176,96783200
2019-04-22,48.73635482788086,48.83405239829377,48.21451090916323,48.33127168618853,77758000
2019-04-23,49.43928527832031,49.50362313511346,48.58622601734535,48.71251655805477,93292000
2019-04-24,49.363040924072266,49.677574720140036,49.3368294714054,49.41069711912076,70162400
2019-04-25,48.915069580078125,49.50601445679401,48.87694316585517,49.284411491501174,74172800
2019-04-26,48.681541442871094,48.84833992518488,48.16207915688333,48.8245100123111,74596400
2019-04-29,48.75541305541992,49.079480262865886,48.576699602106366,48.70537168868094,88818800
2019-04-30,47.81655502319336,48.46707075603875,47.44483174728171,48.38605489045458,186139600
2019-05-01,50.16366958618164,51.30505109696013,49.85628044929439,50.011167604108095,259309200
2019-05-02,49.83723068237305,50.671226917030545,49.594182969003235,50.00164766466942,127985200
2019-05-03,50.45677185058594,50.47821659527701,50.094578184529375,50.25184691746729,83569600
2019-05-06,49.67757797241211,49.76336058348923,48.490921549124295,48.67916480446681,129772400
2019-05-07,48.338417053222656,49.42499431382498,47.854699576559206,49.05803760722793,155054800
2019-05-08,48.34794616699219,48.92936120017659,48.073920318435675,48.109661555748396,105358000
2019-05-09,47.8284912109375,48.057242419549205,46.861056195160906,47.75223838411033,139634400
2019-05-10,47.1658821105957,47.565352946286154,46.11100331525002,47.22329194535052,164834800
2019-05-13,44.424644470214844,45.324043662968705,43.73813514502486,44.900658286424814,229722400
2019-05-14,45.127899169921875,45.37666791392155,44.350491826259756,44.5896940858481,146118800
2019-05-15,45.66849136352539,45.867029661329525,44.49640184388846,44.556202404072714,106178800
2019-05-16,45.46756362915039,46.03925685450639,45.170951528362195,45.42689968507999,132125600
2019-05-17,45.209224700927734,45.663707510433305,44.673410353458074,44.714074297471804,131516400
2019-05-20,43.795536041259766,44.09693319133087,43.123378349333606,43.89839489959819,154449200
2019-05-21,44.6351432800293,44.97002498483525,44.180656795007685,44.30504299247997,113459200
2019-05-22,43.72138977050781,44.422254305979834,43.66637427145734,44.17109119736444,118994400
2019-05-23,42.975074768066406,43.18557025463366,42.53254916971738,43.008562935243226,146118800
2019-05-24,42.81001663208008,43.568287143398116,42.72629440483175,43.10423430651815,94858800
2019-05-28,42.63301086425781,43.19752825231062,42.55646805143749,42.79806098088244,111792800
2019-05-29,42.4296875,42.900916127061286,42.09958729527348,42.20005178150852,113924800
2019-05-30,42.64976501464844,42.872221371398474,42.25986415074042,42.56604276106945,84873600
2019-05-31,41.87713623046875,42.575606305283934,41.8579996140433,42.15460804379681,108174400
2019-06-03,41.453731536865234,42.558844254216545,40.72894934562379,42.00389718812067,161584400
2019-06-04,42.97029495239258,43.0157439669586,41.74558051747907,41.96564616438153,123872000
2019-06-05,43.66397476196289,44.25002316291043,43.32909308993842,44.08018796856743,119093600
2019-06-06,44.30503845214844,44.36483901115955,43.57068583552247,43.79314581301077,90105200
2019-06-07,45.48429870605469,45.90768763912735,44.4365955097193,44.613602808905426,122737600
2019-06-10,46.06555938720703,46.732931908705964,45.835923672858236,45.88137267413092,104883600
2019-06-11,46.5989875793457,46.88363882764626,46.30955491422111,46.610948421278835,107731600
2019-06-12,46.4506950378418,46.876474838168015,46.259332468608825,46.39328517209068,73012800
2019-06-13,46.44110870361328,47.072602406865755,46.30955040496847,46.57267065219424,86698400
2019-06-14,46.10383987426758,46.30715958311369,45.52018583958195,45.8191886319466,75046000
2019-06-17,46.37891387939453,46.6348619824245,45.96748580812443,46.142102390137104,58676400
2019-06-18,47.46967697143555,47.90980815375586,46.69466416124891,46.8955931379687,106204000
2019-06-19,47.3309440612793,47.811742879326864,47.1969913965281,47.76389951339883,84496800
2019-06-20,47.7112922668457,47.98637345131074,47.36923108057458,47.928963585450134,86056000
2019-06-21,47.54861831665039,48.04376867773491,47.397919745896615,47.553403383165076,191202400
2019-06-24,47.50077438354492,47.87871430604713,47.402700603352024,47.491204251365325,72881600
2019-06-25,46.78078842163086,47.66344170794164,46.71380842991327,47.46490339125709,84281200
2019-06-26,47.79261016845703,48.07726142928263,47.206565387311976,47.30702989408513,104270000
2019-06-27,47.778255462646484,48.215995988213024,47.73759152091885,47.90981377120324,83598800
2019-06-28,47.3429069519043,47.720846929488616,47.13480217086817,47.524699340515674,124442400
2019-07-01,48.211204528808594,48.91445958647006,47.99592035711078,48.59871092795432,109012000
2019-07-02,48.49346160888672,48.589144680081205,48.16575575864351,48.17771659878482,67740800
2019-07-03,48.895320892333984,48.90249666609173,48.48389283052297,48.62502124767299,45448000
2019-07-05,48.852272033691406,49.055595395919944,48.534132619231094,48.641776546255905,69062000
2019-07-08,47.84523010253906,48.17532669133114,47.46011437400138,48.0341982544595,101354400
2019-07-09,48.13705825805664,48.20164023244244,47.555794939029724,47.64908366307894,82312000
2019-07-10,48.61307144165039,48.73267256467266,48.21360412874839,48.28297482406582,71588400
2019-07-11,48.259056091308594,48.89054991349479,48.24948960685378,48.63221103397268,80767200
2019-07-12,48.62980651855469,48.79724732350111,48.36668264654188,48.42648319473245,70380800
2019-07-15,49.08668899536133,49.24455968604115,48.797252704231944,48.81878002796971,67789600
2019-07-16,48.91685485839844,49.30197058543267,48.67765263415199,48.93838218259591,67467200
2019-07-17,48.64177703857422,49.05798660085317,48.622640421352486,48.80921787684371,56430000
2019-07-18,49.19432830810547,49.246953087288276,48.72549036173215,48.79725175606653,74162400
2019-07-19,48.45998764038086,49.39526940436115,48.404972139539964,49.22543418445619,83717200
2019-07-22,49.567481994628906,49.569872702739694,48.70396187494887,48.71352835732806,89111600
2019-07-23,49.95500564575195,49.97175155811509,49.584241364200174,49.86411125700323,73420800
2019-07-24,49.91433334350586,50.029149402153855,49.555529966536255,49.67513109219279,59966400
2019-07-25,49.5196418762207,50.05067106733842,49.45027119228103,49.96694883497979,55638400
2019-07-26,49.691864013671875,50.16787403340951,49.548341240422246,49.62966910862703,70475600
2019-07-29,50.15592575073242,50.38556151543497,49.85931729833176,49.86410236528758,86693600
2019-07-30,49.940635681152344,50.27073588947548,49.58900815053056,49.93585061510733,135742800
2019-07-31,50.959632873535156,52.95218755117396,50.54342339953186,51.768137442475606,277125600
2019-08-01,49.85691833496094,52.15326117014312,49.452669637980264,51.165354806371035,216071600
2019-08-02,48.80204772949219,49.37852242130375,48.230354455085056,49.163241840121984,163448400
2019-08-05,46.247352600097656,47.51751570162563,46.065560241571106,47.359645023139706,209572000
2019-08-06,47.12282943725586,47.378777521701416,46.41478937882593,46.957779349145824,143299200
2019-08-07,47.61080551147461,47.73519168066867,46.362173353172416,46.742503985009016,133457600
2019-08-08,48.66090393066406,48.684825611688794,47.694528606203654,47.888281812721345,108038000
2019-08-09,48.259918212890625,48.6849121066314,47.85172652260763,48.33435204748465,98478800
2019-08-12,48.13747024536133,48.51444641488046,47.81812205634959,47.930974561632105,89927600
2019-08-13,50.17600631713867,50.9371579045492,48.13746218750722,48.26712420599327,188874000
2019-08-14,48.68252182006836,49.568532297848215,48.64410316767906,48.78096824288931,146189600
2019-08-15,48.440006256103516,49.256382389403456,47.942974606430376,48.852997569788144,108909600
2019-08-16,49.58293151855469,49.74140568988817,48.944235250189195,49.04988469774485,110481600
2019-08-19,50.507354736328125,51.07881647496091,50.43051745097723,50.5721820740641,97654400
2019-08-20,50.5097541809082,51.22768744778922,50.50015135220696,50.634612936844775,107537200
2019-08-21,51.057220458984375,51.299731333447795,50.80750654514709,51.14126080341854,86141600
2019-08-22,51.01399612426758,51.48941498513007,50.60340461002002,51.189276167751544,89014800
2019-08-23,48.65611267089844,50.91555897861763,48.26233061738834,50.28646541152127,187272000
2019-08-26,49.580535888671875,49.74861290398016,49.23717515529538,49.429264742992345,104174400
2019-08-27,49.02106475830078,50.075151947312705,48.869793649344935,49.90947476394263,103493200
2019-08-28,49.350032806396484,49.39565450041869,48.81938934092808,49.00667570095276,63755200
2019-08-29,50.18561553955078,50.260053051987526,49.621356699521705,50.0631602076527,83962000
2019-08-30,50.12077713012695,50.53136493485516,49.75100409655746,50.461734349049834,84573600
2019-09-03,49.39085006713867,49.698191966663735,49.035486682776146,49.56613013550739,80092000
2019-09-04,50.22883224487305,50.29846283883695,49.77982574387522,50.036742667870506,76752400
2019-09-05,51.21089172363281,51.376568957870155,50.785894078911504,50.903549829089826,95654800
2019-09-06,51.206092834472656,51.48462259504806,51.026009506070324,51.39578265878708,77449200
2019-09-09,51.42457962036133,51.96963269243375,50.68023761457171,51.58545357319783,109237600
2019-09-10,52.032066345214844,52.05127566981013,50.833914491991756,51.3501518092004,127111600
2019-09-11,53.68643569946289,53.71525152055803,52.27938461882768,52.3610251708255,177158400
2019-09-12,53.566368103027344,54.365938262129696,53.511143592714376,53.97695957103258,128906800
2019-09-13,52.524295806884766,53.014120770564304,52.10890468762575,52.82443464006696,159053200
2019-09-16,52.80042266845703,52.855650852329696,52.238563645662204,52.27938208778277,84632400
2019-09-17,52.99251174926758,53.02132756869173,52.61313582378596,52.81483190453855,73274800
2019-09-18,53.48954391479492,53.508753239988586,52.6899736146539,53.07895237436418,101360000
2019-09-19,53.05495071411133,53.72725886871977,52.91328237942879,53.30706444018717,88242400
2019-09-20,52.279380798339844,53.43911767399923,52.2169532408371,53.155788377866706,221652400
2019-09-23,52.517093658447266,52.78601688512093,52.2601730542611,52.572318178824,76662000
2019-09-24,52.26737594604492,53.42231327005474,52.149723866608696,53.07174949586762,124763200
2019-09-25,53.07175064086914,53.184603139280306,52.137718705200996,52.47627620043449,87613600
2019-09-26,52.79801940917969,53.05013674812319,52.543502278670516,52.824431771617654,75334000
2019-09-27,52.541099548339844,53.05493702755311,52.17132649489073,52.95408716657338,101408000
2019-09-30,53.77767562866211,53.92414352515708,53.01412053525755,53.04053289901251,103909600
2019-10-01,53.926551818847656,54.798156296373676,53.832908635098924,54.04180778638815,139223200
2019-10-02,52.57471466064453,53.68402648733403,52.32739692001443,53.5591677213098,138449200
2019-10-03,53.02132797241211,53.05494337549281,51.65509540469614,52.447459000713295,114426000
2019-10-04,54.50761795043945,54.6228739131191,53.75847251204435,54.178666925160364,138478800
2019-10-07,54.51961135864258,55.208728860944525,54.22667560102354,54.32992525189106,122306000
2019-10-08,53.88091278076172,54.75972001542837,53.86410691411583,54.22187366190399,111820000
2019-10-09,54.51240921020508,54.69489228194408,54.17865501059328,54.51240921020508,74770400
2019-10-10,55.24715042114258,55.331190753868945,54.577242206069194,54.72850967565127,113013600
2019-10-11,56.716644287109375,57.06000139993357,55.78020880305277,55.93387975980706,166795600
2019-10-14,56.63499450683594,57.17764784685901,56.34686196781524,56.40208648570823,96427600
2019-10-15,56.502933502197266,57.06238901917909,56.397284055002885,56.75985041805286,87360000
2019-10-16,56.27482604980469,56.48372515630135,55.99389655879597,56.034714997954104,73903200
2019-10-17,56.49333190917969,56.70222736637808,56.070737747547255,56.447710219951496,67585200
2019-10-18,56.76466369628906,57.04559323208137,56.255625693832314,56.32765975363138,97433600
2019-10-21,57.749122619628906,57.86437859210968,56.9831712447526,57.031192734717166,87247200
2019-10-22,57.6170539855957,58.1549004377134,57.535413437281406,57.905186536916496,82293600
2019-10-23,58.39020919799805,58.40461894002899,57.9195935448391,58.1308924623088,75828800
2019-10-24,58.48624801635742,58.77918378053314,58.06125044639696,58.70954952666312,69275200
2019-10-25,59.20658874511719,59.242603940499954,58.31817850890162,58.38540931615225,73477200
2019-10-28,59.79966354370117,59.847685025604804,59.240204303203505,59.40828132176833,96572800
2019-10-29,58.416629791259766,59.967749159367955,58.24375316438358,59.780462788431066,142839600
2019-10-30,58.409423828125,58.8992525151432,57.91719901292371,58.769590471718864,124522000
2019-10-31,59.730018615722656,59.82846501751993,56.96874176554997,59.365052487377525,139162000
2019-11-01,61.42521286010742,61.45162155934046,59.82607232816422,59.917312039179826,151125200
2019-11-04,61.8286018371582,61.91264217896342,61.31956753037255,61.78777973024419,103272000
2019-11-05,61.73976516723633,61.994282334049466,61.5452757723623,61.720552176754836,79897600
2019-11-06,61.766170501708984,61.82619827037496,61.317163964504836,61.65331800351261,75864400
2019-11-07,62.479026794433594,62.700595407259684,62.16112687805122,62.31285217221587,94940400
2019-11-08,62.650028228759766,62.722274875332666,61.85768903983962,62.30081895457208,69986400
2019-11-11,63.146121978759766,63.211143940607684,62.202057773794586,62.20687176554438,81821200
2019-11-12,63.088348388671875,63.28824306358675,62.83788840147617,62.98960638714672,87388800
2019-11-13,63.692806243896484,63.7674635371413,62.87397933922047,62.88842866374492,102734400
2019-11-14,63.252098083496094,63.79155922463415,63.12204679068359,63.519417983025704,89182800
2019-11-15,64.00349426269531,64.00830825530088,63.341206473883005,63.502559746650064,100206400
2019-11-18,64.32621765136719,64.40568896392628,63.635031105699284,64.01313169523063,86703200
2019-11-19,64.1311264038086,64.54294688011666,63.91437917152046,64.51886222106107,76167200
2019-11-20,63.38455581665039,64.08055626785473,62.71263267859767,63.95051231825009,106234400
2019-11-21,63.100379943847656,63.58204383142426,62.90048531472307,63.504975845506166,121395200
2019-11-22,63.04499435424805,63.382157650570974,62.81861170894366,63.240067666749475,65325200
2019-11-25,64.1504135131836,64.16727351573608,63.22320891771047,63.26896758200509,84020400
2019-11-26,63.64948272705078,64.3406692976059,63.21839144748047,64.28768597078938,105207600
2019-11-27,64.50444030761719,64.538160314546,63.89513565756925,63.96015765000588,65235600
2019-11-29,64.36233520507812,64.54295915794552,64.03721061999535,64.20579591584789,46617600
2019-12-02,63.61815643310547,64.6031580352692,63.44716783971832,64.36714012426806,94487200
2019-12-03,62.483848571777344,62.50311189277975,61.72281877405297,62.20929663764317,114430400
2019-12-04,63.035335540771484,63.41344336600285,62.7800543293734,62.87398229280023,67181600
2019-12-05,63.96015167236328,64.03481634506913,63.273786434184856,63.5290677356678,74424400
2019-12-06,65.19561767578125,65.26546100190234,64.37437981221761,64.41773515061479,106075600
2019-12-09,64.28285217285156,65.21727374488681,63.79877771559981,65.02461117015103,128042400
2019-12-10,64.65857696533203,65.04149895721667,64.02759096181438,64.68747562892948,90420400
2019-12-11,65.2100601196289,65.28953877362453,64.66337427533851,64.73803158690569,78756800
2019-12-12,65.37622833251953,65.64114490385342,64.37918804536231,64.48996866624496,137310400
2019-12-13,66.26490020751953,66.30102352499274,65.248589228168,65.37622984964455,133587600
2019-12-16,67.39922332763672,67.62320261796066,66.70563351279964,66.71044750574998,128186000
2019-12-17,67.53169250488281,67.85922045100963,67.14394921761478,67.32939453528536,114158400
2019-12-18,67.37032318115234,67.89052104298418,67.22100855730946,67.38477250929151,116028400
2019-12-19,67.4377670288086,67.71713300190731,67.18008240112675,67.31253704760239,98369200
2019-12-20,67.29806518554688,68.0711335089849,67.08613194245461,67.9699882290766,275978000
2019-12-23,68.39627075195312,68.45647873677,67.52204963647512,67.5605836287108,98572000
2019-12-24,68.46129608154297,68.61061806486987,68.13617882730028,68.562448734815,48478800
2019-12-26,69.81959533691406,69.83645533824492,68.5648628664668,68.59376152611499,93121200
2019-12-27,69.79309844970703,70.79737094783557,69.38850252439819,70.11099839799601,146266000
2019-12-30,70.20730590820312,70.4890824372006,68.69006802789379,69.71119283116963,144114400
2019-12-31,70.72026062011719,70.72748528054373,69.72562405364133,69.82436597920662,100805600
2020-01-02,72.3338851928711,72.39409318664748,71.09119131937346,71.34406195339083,135480400
2020-01-03,71.63065338134766,72.38927264137095,71.40668140593664,71.56322072155912,146322800
2020-01-06,72.201416015625,72.23995000976231,70.50355369984423,70.75402098693286,118387200
2020-01-07,71.86184692382812,72.46633010238772,71.64268897397623,72.21104883104543,108872000
2020-01-08,73.01782989501953,73.31886979288494,71.56561372170107,71.56561372170107,132079200
2020-01-09,74.56877899169922,74.76144156312063,73.74272737606113,73.99318724898775,170108400
2020-01-10,74.73737335205078,75.30092656417412,74.23644614635045,74.8024026801614,140644800
2020-01-13,76.33409881591797,76.36059415429726,74.93486566437117,75.05287832688332,121532000
2020-01-14,75.3033447265625,76.48101668324267,75.18052540962947,76.27149402827726,161954400
2020-01-15,74.98062133789062,75.98248317068368,74.54953007278792,75.10344798902688,121923600
2020-01-16,75.91986846923828,76.03065646802948,75.16124922768141,75.52249718552835,108829200
2020-01-17,76.76036834716797,76.76277166888072,75.86206254796348,76.16791647174253,137816400
2020-01-21,76.24016571044922,76.83019952815127,76.10288974668396,76.3894803308505,110843200
2020-01-22,76.51231384277344,77.06381371935198,76.41838585398544,76.72423978617735,101832400
2020-01-23,76.88078308105469,76.96025438766408,76.01860061750638,76.56529382668359,104472000
2020-01-24,76.65921020507812,77.86818383448923,76.46895092458591,77.12642473209515,146537600
2020-01-27,74.40502166748047,75.08416206919466,73.42483402812097,74.67234156024762,161940000
2020-01-28,76.50989532470703,76.68088393464757,75.18531972883665,75.28406170066347,162234000
2020-01-29,78.11143493652344,78.95675744540253,77.39857441186852,78.13793027321145,216229200
2020-01-30,77.9982681274414,78.05125146785414,76.76520931377426,77.19630070396838,126743200
2020-01-31,74.53990173339844,77.71165450707113,74.24608645041388,77.29019858022654,199588400
2020-02-03,74.33518981933594,75.4984048922783,72.78423148900761,73.28515870612867,173788400
2020-02-04,76.78929138183594,76.97955073635654,75.53214793796855,75.93674396942679,136616400
2020-02-05,77.41542053222656,78.21257356762338,76.81334075627086,77.91393700101683,118826800
2020-02-06,78.3209457397461,78.32335641079244,77.12883215929374,77.68515330009288,105425600
2020-02-07,77.2563705444336,78.06989925267796,76.76632167871378,77.82125391424971,117684000
2020-02-10,77.6233139038086,77.6233139038086,75.76451086097089,75.84417079645658,109348800
2020-02-11,77.15496826171875,78.19059132825674,76.93770658748598,78.11817322586252,94323200
2020-02-12,78.98721313476562,78.99203855171046,77.60396869052254,77.60396869052254,113730400
2020-02-13,78.42474365234375,78.75063980830953,78.05781303227035,78.2605910618148,94747600
2020-02-14,78.44407653808594,78.6927218682662,77.93712767417983,78.39337649475979,80113600
2020-02-18,77.00772094726562,77.18877358272158,75.94795598487916,76.12900862033511,152531200
2020-02-19,78.12300109863281,78.35233737517142,77.24912158938099,77.24912158938099,93984000
2020-02-20,77.32152557373047,78.37163210197758,76.81699322453267,77.88399976313329,100566000
2020-02-21,75.57137298583984,77.35776502195542,74.95579692410486,76.91599243144344,129554000
2020-02-24,71.98168182373047,73.43010258149737,69.82112528029087,71.75959476642028,222195200
2020-02-25,69.54352569580078,73.03180965186876,69.07279323243056,72.6503953158895,230673600
2020-02-26,70.646728515625,71.90927139616765,69.16209855410392,69.16934036398257,198054800
2020-02-27,66.0286865234375,69.04140503149553,65.89350114490772,67.85852928583456,320605600
2020-02-28,65.99006652832031,67.20915879544067,61.88862284247871,62.10347552395671,426510000
2020-03-02,72.1337890625,72.7686815326321,67.0425894386722,68.14338895911868,341397200
2020-03-03,69.84286499023438,73.3866667341741,68.99311992366323,73.30700681770827,319475600
2020-03-04,73.08248138427734,73.24180855249296,70.76259766156525,71.5616425276586,219178400
2020-03-05,70.71192932128906,72.31242862903635,70.3474076125405,71.33957264179317,187572800
2020-03-06,69.7728500366211,70.20496434412061,67.88990577178768,68.07578380592835,226176800
2020-03-09,64.2543716430664,67.13189718407227,63.489119320777824,63.670171942415024,286744800
2020-03-10,68.88206481933594,69.14761010810192,65.02685113261988,66.90256079781972,285290000
2020-03-11,66.48976135253906,67.88748961967876,65.627949126833,66.96291749628936,255598800
2020-03-12,59.923587799072266,65.17894285229022,59.86806602728879,61.78481034349421,418474000
2020-03-13,67.10291290283203,67.57365254636639,61.062997947439406,63.94535922482895,370732000
2020-03-16,58.470340728759766,62.54281272853614,57.93683739697829,58.40757346412376,322423600
2020-03-17,61.04127883911133,62.18794158675791,57.550583198416724,59.74976885901416,324056000
2020-03-18,59.54700469970703,60.350878847985236,57.24160039100893,57.88132191691277,300233600
2020-03-19,59.09075164794922,61.03646337436918,58.56690646649194,59.72081496454535,271857200
2020-03-20,55.33934783935547,60.792652825729554,55.04000612907548,59.670124174823826,401693200
2020-03-23,54.163700103759766,55.160697700443244,51.32479637531141,55.05930867623348,336752800
2020-03-24,59.59769821166992,59.79323446043245,56.56084169108887,57.05813231967632,287531200
2020-03-25,59.26938247680664,62.3424476958278,58.97486994131572,60.53192162528101,303602000
2020-03-26,62.38831329345703,62.44624776872447,59.47215893769996,59.51078437689467,252087200
2020-03-27,59.80531311035156,61.76792134587147,59.638744081772344,61.0147434951052,204216800
2020-03-30,61.51202392578125,61.683422027854625,60.206030134757754,60.529513617295876,167976400
2020-03-31,61.386497497558594,63.366005560924876,60.833685075362965,61.70273919270683,197002000
2020-04-01,58.156517028808594,60.041877740721404,57.726819101176545,59.50596168562525,176218400
2020-04-02,59.12694549560547,59.18005454951663,57.188476078420805,58.018904539368904,165934000
2020-04-03,58.277225494384766,59.31284498948773,57.68820030765842,58.61277624472143,129880000
2020-04-06,63.36117935180664,63.51567376682207,60.201208300554335,60.568138982385115,201820400
2020-04-07,62.627288818359375,65.58931355985042,62.523487113636726,65.37204458357785,202887200
2020-04-08,64.2302474975586,64.54406918127975,63.061855141740836,63.426369510698045,168895200
2020-04-09,64.6937026977539,65.19582595653276,63.899490719175986,64.86510443692977,161834800
2020-04-13,65.96350860595703,66.07214313145124,64.17229133387406,64.77097468626023,131022800
2020-04-14,69.29487609863281,69.58456326372355,67.12224446160415,67.59298426311395,194994800
2020-04-15,68.66240692138672,69.12107217268907,67.74507641878203,68.17235803124424,131154400
2020-04-16,69.20797729492188,69.57249897577765,68.16028687860133,69.37454631683273,157125200
2020-04-17,68.2688980102539,69.27072829912615,66.83496081662895,68.72515410233876,215250000
2020-04-20,66.85185241699219,67.99851874920303,66.83254338342462,67.09808863903048,130015200
2020-04-21,64.78546905517578,66.92913374203486,64.07574203406564,66.69497200558625,180991600
2020-04-22,66.65152740478516,67.08605088562258,65.7100549516025,66.0504275035955,116862400
2020-04-23,66.39320373535156,68.01543553598502,66.35457829164004,66.59598178954948,124814400
2020-04-24,68.3099365234375,68.31959472449138,66.86875759043463,66.91704122865521,126161200
2020-04-27,68.35823822021484,68.68895986495261,67.58091858862758,68.02750920842628,117087600
2020-04-28,67.25017547607422,69.0003506347447,67.15844834573424,68.81929803212363,112004800
2020-04-29,69.45903015136719,69.92735352024151,68.53204161617626,68.73481966758834,137280800
2020-04-30,70.92435455322266,71.10058178322025,69.60870972779222,69.99736587702316,183064000
2020-05-01,69.78250885009766,72.17964374552773,69.0051893150792,69.10174923798432,240616800
2020-05-04,70.76985931396484,70.89780288941466,69.11866006272429,69.80666159250394,133568000
2020-05-05,71.83204650878906,72.66247538830531,71.08369395995085,71.22853757699251,147751200
2020-05-06,72.57313537597656,73.20319497472518,72.14826285856589,72.53209353947886,142333600
2020-05-07,73.32389831542969,73.66911092684012,72.89661676334377,73.19837114485792,115215200
2020-05-08,75.06913757324219,75.12239040799929,73.65552559886389,73.98230402182824,133838400
2020-05-11,76.25035858154297,76.7441494175839,74.36957144120983,74.57774424961227,145946400
2020-05-12,75.37895202636719,77.38318317958411,75.25792355724299,76.93295343320654,162301200
2020-05-13,74.46881866455078,76.47789576756719,73.39408522317618,75.55807493186354,200622400
2020-05-14,74.92632293701172,74.98683718466037,72.98744407851115,73.70877656980059,158929200
2020-05-15,74.48335266113281,74.52934407916516,72.66792527667609,72.70181680027588,166348400
2020-05-18,76.23826599121094,76.61103581678174,75.11512542110488,75.80498930633232,135178400
2020-05-19,75.79773712158203,77.0999976554672,75.76626852775506,76.25522103808397,101729600
2020-05-20,77.27185821533203,77.34204942619355,76.6158784313997,76.65460843756124,111504800
2020-05-21,76.69576263427734,77.67367499164858,76.45854411277335,77.1338852173559,102688800
2020-05-22,77.18955993652344,77.27185842972254,76.33267609193112,76.43433589476804,81803200
2020-05-26,76.66670227050781,78.48454498542678,76.6110265113562,78.3054252019707,125522000
2020-05-27,77.00074768066406,77.14598335609439,75.78562421645006,76.52390248864035,112945200
2020-05-28,77.03463745117188,78.29091382648822,76.4004493161322,76.67639044487011,133560800
2020-05-29,76.9595947265625,77.73659554294788,76.60377068012559,77.27668877080987,153532400
2020-06-01,77.9060287475586,78.02705721931588,76.78288098389504,76.91359380175058,80791200
2020-06-02,78.26671600341797,78.2909231828301,77.19924365819143,77.63978920771235,87642800
2020-06-03,78.69756317138672,78.95898884323296,78.01496072344597,78.58621903033732,104491200
2020-06-04,78.01981353759766,78.81859867793425,77.64704369151033,78.52087329742372,87560400
2020-06-05,80.24188232421875,80.30239656428226,78.24007392223491,78.26911957554665,137250400
2020-06-08,80.71634674072266,80.7502382755444,79.23012020444044,79.93934563125748,95654400
2020-06-09,83.26516723632812,83.65729831044091,80.3653297249553,80.39679831013578,147712400
2020-06-10,85.40738677978516,85.87455499385788,83.77350211039672,84.21162466782144,166651600
2020-06-11,81.30695343017578,84.97653882509627,81.20529361612985,84.5529390302518,201662400
2020-06-12,82.00890350341797,84.18741636682982,80.90028576320306,83.44188410385023,200146000
2020-06-15,83.02313232421875,83.67426627857331,80.50331793854433,80.66549938713932,138808800
2020-06-16,85.22342681884766,85.4945368687229,83.4418908130573,85.07335265810912,165428800
2020-06-17,85.10482025146484,86.02705683600927,84.98379175074255,85.96654258564811,114406400
2020-06-18,85.13870239257812,85.55504068464955,84.53113702208627,85.06124238777585,96820400
2020-06-19,84.65217590332031,86.3078449275457,83.54597361995395,85.84309961565448,264476000
2020-06-22,86.86697387695312,87.00978658675993,84.99829398313842,85.04428539322777,135445200
2020-06-23,88.72114562988281,90.13718045697547,87.68998051908838,88.1087417587427,212155600
2020-06-24,87.15504455566406,89.26820486684538,86.78227469992099,88.35080675031271,192623200
2020-06-25,88.31206512451172,88.35079512662277,86.55231359048508,87.3099530977363,137522400
2020-06-26,85.59862518310547,88.4282723384794,85.45096655963653,88.2079995637923,205256800
2020-06-29,87.57137298583984,87.6657787527797,85.02977472321102,85.50662726415537,130646000
2020-06-30,88.30237579345703,88.58800861953088,87.1405053436716,87.1598666501381,140223200
2020-07-01,88.1353759765625,88.92206127344404,88.08696900587378,88.37985592496987,110737200
2020-07-02,88.1353759765625,89.67486242954287,88.02161627129679,89.04067423366814,114041600
2020-07-06,90.49300384521484,90.9601720457748,89.52961440129422,89.56108299075036,118655600
2020-07-07,90.21223449707031,91.64763090247186,90.10089033237493,90.87062990973762,112424400
2020-07-08,92.31326293945312,92.34473152661032,91.10055518911935,91.18769953716944,117092000
2020-07-09,92.71022033691406,93.25726393551737,91.66453270297863,93.20401111933573,125642800
2020-07-10,92.87239837646484,92.93049706109667,91.696005277293,92.3059860634942,90257200
2020-07-13,92.44398498535156,96.77922651804644,92.23097365442625,94.17469096863013,191649200
2020-07-14,93.9737777709961,94.16499745387678,90.89481289415856,91.82672629574613,170989200
2020-07-15,94.62006378173828,96.09418977539168,93.42430181349536,95.84487140313816,153198000
2020-07-16,93.4557876586914,94.31024858615012,92.85790656415841,93.49451766571708,110577600
2020-07-17,93.26697540283203,94.06092201052024,92.79496133182224,93.90600938284572,92186800
2020-07-20,95.23245239257812,95.37042661004409,93.010371636826,93.35409571397072,90318000
2020-07-21,93.91812896728516,96.0966422680727,93.66881051834147,96.02160517867179,103433200
2020-07-22,94.18195343017578,94.86213298167614,93.53324246932021,93.62037944003524,89001600
2020-07-23,89.8951187133789,93.99314144318696,89.08664931990235,93.91568143989768,197004400
2020-07-24,89.67243957519531,90.01616378626149,86.31268703007238,88.0966534330444,185438800
2020-07-27,91.79768371582031,91.88966654711753,90.50994623863684,90.7326345162056,121214000
2020-07-28,90.2896728515625,91.54594911832494,90.2848269844815,91.36924487069622,103625600
2020-07-29,92.0204086303711,92.20437435144164,90.73508629119527,90.77139337114475,90329200
2020-07-30,93.13383483886719,93.23791755492837,90.78830239250956,91.19495629734762,158130000
2020-07-31,102.88388061523438,103.03395473140316,97.6215578817257,99.61611202784769,374336800
2020-08-03,105.47632598876953,108.09053834247213,104.4645296144692,104.7622549635953,308151200
2020-08-04,106.18071746826172,107.26997389606046,104.94380243901392,105.6651349105181,173071600
2020-08-05,106.5655746459961,106.88509160009556,105.43758834706337,105.9023409518437,121776800
2020-08-06,110.28357696533203,110.77737527223312,106.30900549573542,106.89720218347466,202428800
2020-08-07,107.77621459960938,110.26177241107233,106.98083639595373,109.80588355038324,198045600
2020-08-10,109.34270477294922,110.35875275642206,106.69710077257369,109.21903076531765,212403600
2020-08-11,106.09086608886719,109.10505737675727,105.83139636601508,108.60794885006547,187902400
2020-08-12,109.61671447753906,109.87375687982836,106.98565970661953,107.17965145918507,165598000
2020-08-13,111.55667114257812,112.55817011651827,110.50667052619417,110.99408465160128,210082000
2020-08-14,111.45723724365234,111.5469586132698,109.65065854076958,111.38206488530741,165565200
2020-08-17,111.16624450683594,112.60180865121056,110.54061480830164,112.57755783182,119561600
2020-08-18,112.09256744384766,112.5169308684593,110.58425829007268,110.91890034610189,105633600
2020-08-19,112.23320007324219,113.64451322363762,112.13863150972217,112.49994425291816,145538000
2020-08-20,114.72361755371094,114.83758973633215,112.25745666606086,112.27443297843882,126907200
2020-08-21,120.63563537597656,121.11819493819868,115.66936721789659,115.68148892938783,338054800
2020-08-24,122.0784683227539,124.91807177754512,120.21612051624737,124.83319019483912,345937600
2020-08-25,121.07695007324219,121.42129395286675,119.35767277780953,120.95328347307442,211495600
2020-08-26,122.72349548339844,123.17938430241111,121.32673099966804,122.39128067814039,163022400
2020-08-27,121.25640106201172,123.65708422717836,120.11425182681509,123.32486945527224,155552400
2020-08-28,121.05999755859375,122.64589926041506,120.83690034715939,122.22881026536905,187630000
2020-08-31,125.1653823852539,127.06653708598974,122.2166692582802,123.74922926791106,225702700
2020-09-01,130.1510772705078,130.75247109042868,126.61067882372832,128.77371625173845,151948100
2020-09-02,127.45454406738281,133.8369730802814,123.186665513161,133.45868391206912,200119000
2020-09-03,117.25040435791016,124.97139321089942,116.88181705951085,123.09935129507485,257599600
2020-09-04,117.32801055908203,119.98573625952378,107.56037630423063,116.46473461185484,332607200
2020-09-08,109.43244171142578,115.41717816603585,109.29664597406735,110.52850942019397,231366600
2020-09-09,113.79729461669922,115.56264615107492,111.79915150644727,113.73909857280785,176940500
2020-09-10,110.08229064941406,116.88180696925608,109.12201895469966,116.74601127102618,182274400
2020-09-11,108.63703918457031,111.77005705290503,106.69709205627441,111.1298709484181,180860300
2020-09-14,111.89616394042969,112.44904864015743,109.41303369608222,111.27538137934282,140150100
2020-09-15,112.07075500488281,115.26196916143692,110.1987055878256,114.7769823425134,184642000
2020-09-16,108.76314544677734,112.51694623083202,108.6758513682307,111.77006975767836,154679000
2020-09-17,107.02688598632812,108.83103751673956,105.44583164529507,106.42550707639862,178011000
2020-09-18,103.6319808959961,107.5506753180143,102.9045006607274,107.08509211161683,287104900
2020-09-21,106.7746810913086,106.88137876477124,100.00426303120828,101.40102719267546,195713800
2020-09-22,108.45276641845703,109.47124185175878,105.88234181116601,109.29664627463028,183055400
2020-09-23,103.90357971191406,108.74374613747926,103.56408301527631,108.2684611226227,150718700
2020-09-24,104.97054290771484,106.93958810787352,101.84722676940335,102.01212050333626,167743300
2020-09-25,108.90866088867188,109.06386025424962,104.43708092226807,105.17426310813617,149981400
2020-09-28,111.50816345214844,111.85735453793174,109.39362072171006,111.5566650919616,137672400
2020-09-29,110.6642837524414,111.84765272079834,110.15990073985728,111.1104781178147,99382200
2020-09-30,112.3326416015625,113.73910777869786,110.2084044241761,110.37329816208843,142675200
2020-10-01,113.28323364257812,114.18530951408272,112.35205974301084,114.1077098390407,116120400
2020-10-02,109.62642669677734,111.90587086149135,108.85045216012577,109.50033277715342,144712000
2020-10-05,113.0019302368164,113.14742776439395,110.14051092914185,110.4897020352033,106243800
2020-10-06,109.7622299194336,112.63335124814374,108.87955028037823,112.2259566607193,161498200
2020-10-07,111.62456512451172,112.08045390652613,110.70308575226879,111.1783781507114,96849000
2020-10-08,111.51787567138672,112.90493833599005,111.14928093514196,112.75944080327828,83477200
2020-10-09,113.45780944824219,113.48690747123634,111.46936067345082,111.81855175000258,100506900
2020-10-12,120.66471099853516,121.42128918284882,115.69844376260184,116.45502194691551,240226800
2020-10-13,117.46381378173828,121.62500184957032,116.05735487456657,121.50860234126793,262330500
2020-10-14,117.55109405517578,119.33584179194668,116.02823591444664,117.36679671702483,150712000
2020-10-15,117.08551788330078,117.56080289760202,114.60238771843201,115.15527240046332,112559200
2020-10-16,115.4462661743164,117.90030584427576,115.24257258596,117.63840880188037,115393800
2020-10-19,112.49752807617188,116.80420531849914,112.18713685690224,116.35801840331845,120639300
2020-10-20,113.98160552978516,115.40746797741103,112.15805033404632,112.71093501778782,124423700
2020-10-21,113.3608169555664,115.14556482205545,112.95342242055368,113.16681779596242,89946000
2020-10-22,112.2744369506836,114.49567723930029,111.14926409518415,113.92338900408984,101988000
2020-10-23,111.58578491210938,113.05044739689119,110.84860276475848,112.8952480394225,82572600
2020-10-26,111.595458984375,113.05041929759861,109.49061077367527,110.58668561250266,111850700
2020-10-27,113.09893035888672,113.75851276167866,111.10078693291935,112.02225897491293,92276800
2020-10-28,107.8610610961914,111.96405267029793,107.76406521649079,111.59546536731106,143937800
2020-10-29,111.85736083984375,113.41901900582575,108.83104039265947,108.99594153712782,146129200
2020-10-30,105.5913314819336,108.6273463236584,104.48556211975591,107.72527053869118,190272600
2020-11-02,105.5040283203125,107.35668150297613,104.09756951905206,105.83382320217856,122866900
2020-11-03,107.1239013671875,108.14236934595198,105.46524717293197,106.3673230400161,107624400
2020-11-04,111.49847412109375,112.119256698551,108.97654397513469,110.71279779031768,138235500
2020-11-05,115.45594787597656,116.02823610576812,113.36080890325555,114.40837468946069,126387100
2020-11-06,115.3248062133789,115.82034093796346,112.83738439067113,114.96529408792372,114457900
2020-11-09,113.02198028564453,118.53121707167843,112.75963885381937,117.083465097586,154515300
2020-11-10,112.68192291259766,114.25598657554706,110.8940882741732,112.27383288243148,138023400
2020-11-11,116.10208129882812,116.23811126626758,113.13856282180885,113.8672979672676,112295000
2020-11-12,115.8300552368164,117.11262917137141,115.2082016572188,116.22843412444456,103162300
2020-11-13,115.87863159179688,116.27700303551688,114.52804275815001,116.05352836084144,81581900
2020-11-16,116.88916015625,117.55959167779801,114.80011721095168,115.54828228699445,91183000
2020-11-17,116.00493621826172,117.24864320805052,115.58712770640344,116.16040329852451,74271000
2020-11-18,114.68350219726562,116.42275133775613,114.65435397133162,115.24705927558566,76322100
2020-11-19,115.27619934082031,115.68428930116418,113.4980835539356,114.25596702688232,74113000
2020-11-20,114.01306915283203,115.40252482669361,113.96449124482857,115.27621337018954,73604300
2020-11-23,110.62201690673828,114.2851304944073,110.5248536828197,113.85760341347095,127959300
2020-11-24,111.90458679199219,112.56530706965945,109.39773567263003,110.68031687022992,113874200
2020-11-25,112.74021911621094,113.43980625953591,111.90460196313715,112.27383262938065,76499200
2020-11-27,113.28433227539062,114.158816151439,112.92482759135008,113.26490259506915,46691300
2020-11-30,115.67457580566406,117.54013622605181,113.49808123546687,113.65354831037159,169410200
2020-12-01,119.24052429199219,119.96925956195165,116.60736173944143,117.57900876605405,127728200
2020-12-02,119.59032440185547,119.87210294466338,117.4624149241799,118.56037345602128,89004200
2020-12-03,119.45429992675781,120.27047995352808,118.74499426371094,120.01784962535093,78967600
2020-12-04,118.7838363647461,119.37654158096201,118.07453084903473,119.1239113052607,78260400
2020-12-07,120.24132537841797,121.03807568238211,118.78385476777048,118.84215122001115,86712000
2020-12-08,120.85344696044922,121.43644107050238,119.6000214847598,120.84373582820557,82225500
2020-12-09,118.32718658447266,122.37895334699282,117.56930300737729,120.99921619827668,115089200
2020-12-10,119.74577331542969,120.35791566525569,116.74338766599487,117.08346263085474,81312200
2020-12-11,118.9393081665039,119.27938312055916,117.13204422429256,118.95873784398792,86939800
2020-12-14,118.32718658447266,119.85267228564851,118.09399334838469,119.12393693642923,79184500
2020-12-15,124.25424194335938,124.27367903878984,120.6105649235341,120.81460994707473,157243700
2020-12-16,124.18619537353516,124.73031529802184,122.97163667560737,123.79754252066066,98208600
2020-12-17,125.05097198486328,125.90602613060179,124.40968137555939,125.24529842903367,94359800
2020-12-18,123.06883239746094,125.43965383144652,122.54414204339464,125.3036238225863,192541500
2020-12-21,124.59432983398438,124.67206339756439,119.94985689974834,121.47534287287291,121251600
2020-12-22,128.1408233642578,130.59908932336018,125.97403967211778,127.87847449783371,168904800
2020-12-23,127.24690246582031,128.6752099698852,127.07199828959047,128.4128759447762,88223700
2020-12-24,128.228271484375,129.67603102914552,127.3829432351903,127.59670678746939,54930100
2020-12-28,132.81446838378906,133.446033182036,129.72462233987497,130.19102370668213,124486200
2020-12-29,131.04603576660156,134.85489050709643,130.53106400488656,134.13588116304936,121047300
2020-12-30,129.9286651611328,132.13430846309575,129.61773093964035,131.73592955161843,96452100
2020-12-31,128.92784118652344,130.9197204767935,127.98534242224186,130.27842990655225,99116600
2021-01-04,125.74083709716797,129.82175137838865,123.1659711614339,129.73430670995643,143301900
2021-01-05,127.29547119140625,128.0047841932833,124.78862009202955,125.2355842462787,97664900
2021-01-06,123.01051330566406,127.3343470647896,122.79674977159817,124.09876065496377,155088000
2021-01-07,127.20804595947266,127.89792197499627,124.2348079857969,124.72063157172194,109578200
2021-01-08,128.30599975585938,128.86955684085643,126.53759495540402,128.67521556411702,105158200
2021-01-11,125.3230209350586,126.47928319135579,124.85663454489163,125.52707332046941,100384500
2021-01-12,125.14814758300781,126.01291289609365,123.26314986487158,124.85665049211372,91951100
2021-01-13,127.17888641357422,127.72300640920702,124.84693933910279,125.10927337732423,88636800
2021-01-14,125.2550277709961,127.28576659581172,125.10927181431389,127.09144014639318,90221800
2021-01-15,123.53521728515625,126.52789226757409,123.39918727805356,125.12871800814145,111598500
2021-01-19,124.20564270019531,125.06069683837403,123.340877429049,124.15705738304294,90757300
2021-01-20,128.28659057617188,128.7335548533042,124.90526215662156,125.01214395162096,104319500
2021-01-21,132.9893035888672,135.70991781539036,129.80230301173157,130.00635537983658,120150900
2021-01-22,135.12693786621094,135.88482124174027,131.1917650617903,132.41603478545585,114459400
2021-01-25,138.86781311035156,140.97628571065687,132.6686993609781,139.0135690829673,157611700
2021-01-26,139.10098266601562,140.2086596098709,137.36172630104042,139.5285097015661,98390600
2021-01-27,138.0321807861328,140.20867556656404,136.4289690465183,139.36333253146313,140843800
2021-01-28,133.20309448242188,137.96417406452278,132.82415271471342,135.5642045936499,142621100
2021-01-29,128.21853637695312,132.86300755142042,126.51815423658083,131.97880528014946,177523800
2021-02-01,130.3367462158203,131.5415940017464,127.21775238608966,129.95780442586786,106239800
2021-02-02,131.1626739501953,132.44524067254102,130.79344323298977,131.88168346118144,83305400
2021-02-03,130.14242553710938,131.92054165395052,129.82178018887643,131.91081569341782,89880900
2021-02-04,133.49462890625,133.5043400423377,130.7740133593302,132.435536852372,84183100
2021-02-05,133.08102416992188,133.7232731231055,132.20524094162676,133.65516390896917,75693800
2021-02-08,133.22702026367188,133.27567819524438,131.29054743428753,132.37068818260687,71297200
2021-02-09,132.35121154785156,134.1709170758531,132.1955269668042,132.9448026300194,76774200
2021-02-10,131.74789428710938,133.30485887781032,130.78452077617774,132.80856880476307,73046600
2021-02-11,131.49485778808594,132.72095704438246,130.17144270344224,132.24413324277845,64280000
2021-02-12,131.72840881347656,131.88410821935858,130.0936095966532,130.73585850968206,60145100
2021-02-16,129.60708618164062,132.35121823326722,129.21783758857316,131.8452173347529,80576300
2021-02-17,127.32030487060547,128.663186614112,125.9871636227175,127.71927913473661,97918500
2021-02-18,126.22071075439453,126.50290300476138,123.98257950080088,125.7244206319919,96856700
2021-02-19,126.3763656616211,127.19378012757379,125.33515742569439,126.73642239782728,87668800
2021-02-22,122.6104736328125,126.23040308983671,122.22123254914695,124.56639727156255,103916400
2021-02-23,122.4742660522461,123.30139888840267,115.20521383169691,120.43075921463637,158273000
2021-02-24,121.97796630859375,122.1823162213377,118.94190197736167,121.57899955251936,111039900
2021-02-25,117.73526000976562,123.05811336412599,117.29736837706596,121.32599812486836,148199500
2021-02-26,117.99797821044922,121.49139980199843,117.93958722628282,119.2921941436735,164560400
2021-03-01,124.35233306884766,124.48856634693102,119.4868376397081,120.42101187120407,116307900
2021-03-02,121.75415802001953,125.25731317881322,121.6471165286429,124.95565484356455,102260900
2021-03-03,118.7764663696289,122.32827934815643,118.56238339310273,121.45248872789318,112966300
2021-03-04,116.89837646484375,120.2750310748952,115.42900236715201,118.47479946720621,178155000
2021-03-05,118.15367126464844,118.65968686991202,114.40724183835442,117.7255127803743,153766600
2021-03-08,113.22979736328125,117.74497601487798,113.08383103215061,117.67685938357114,154376600
2021-03-09,117.83257293701172,118.77648030379827,115.5944493383936,115.82799105647607,129525800
2021-03-10,116.75243377685547,118.88351576641335,116.23668501538924,118.41643235397203,111943300
2021-03-11,118.67914581298828,119.89551948779854,117.99797952475683,119.2435449798976,103026500
2021-03-12,117.77417755126953,117.91041082516712,115.9544870681418,117.16112781873039,88105100
2021-03-15,120.654541015625,120.66427408423421,117.18057793774676,118.14395127784391,92403800
2021-03-16,122.1920394897461,123.79765430298438,121.36490683570095,122.31853968534864,115227900
2021-03-17,121.4038314819336,122.47423888090718,119.04892629520441,120.71293209328559,111932600
2021-03-18,117.28763580322266,119.86634995731801,117.08328587882134,119.57441725151209,121229700
2021-03-19,116.76216125488281,118.16342636251116,116.46050290360724,116.67458589773459,185549500
2021-03-22,120.0707015991211,120.53779245026008,117.02490398115997,117.09302062360135,111912300
2021-03-23,119.24356079101562,120.89782623844285,118.8543196786337,120.0123099463268,95467100
2021-03-24,116.85945129394531,119.59386443754735,116.83999258124882,119.51601473844956,88530500
2021-03-25,117.34600830078125,118.38723138862223,115.79878440882977,116.32425877519718,98844700
2021-03-26,117.9493179321289,118.21205879522662,115.72092053842741,117.1124522760085,94071200
2021-03-29,118.1244888305664,119.28247903408416,117.48224734126221,118.37749665321657,80819200
2021-03-30,116.674560546875,117.16111000084517,115.66253679171842,116.87891042664381,85671900
2021-03-31,118.8640365600586,120.19717735139929,117.89093762370798,118.37748709188328,118323800
2021-04-01,119.69116973876953,120.83942678607517,119.19488720011346,120.33341860340158,75089100
2021-04-05,122.51318359375,122.76619144970482,119.75931123714496,120.53779352124103,88651200
2021-04-06,122.81482696533203,123.71007628588559,122.26989388745704,123.09702657327624,80171300
2021-04-07,124.45935821533203,124.4788169278638,121.77360301243874,122.44504366920103,83466700
2021-04-08,126.85317993164062,126.88237171232534,125.06268142419076,125.4811068462127,88844600
2021-04-09,129.42214965820312,129.46106707973098,125.98711183634272,126.30823624511144,106686700
2021-04-12,127.70952606201172,129.2762161435529,127.11593504109703,128.95509167174853,91420000
2021-04-13,130.8136749267578,131.0374983592836,128.3809277339075,128.8772176641677,91266500
2021-04-14,128.47824096679688,131.36834576141277,128.11819914098413,131.3099622056929,87222800
2021-04-15,130.88185119628906,131.36840082898902,130.04498523411246,130.220150823009,89347100
2021-04-16,130.5509796142578,131.04725481288563,129.69464764958488,130.68721289515452,84922400
2021-04-19,131.21270751953125,131.82576483686614,129.753058553166,129.91848365422268,94264200
2021-04-20,129.5292205810547,131.88411859918818,128.2641887932471,131.38784340823202,94812300
2021-04-21,129.90870666503906,130.15198139662152,127.76789199677557,128.79937448295544,68847100
2021-04-22,128.3906707763672,130.5412110225183,127.87492954910141,129.46107065350094,84566500
2021-04-23,130.70664978027344,131.4851170121257,128.60475261832673,128.60475261832673,78657500
2021-04-26,131.0959014892578,131.426751593288,129.9671030596472,131.20294297565732,66905100
2021-04-27,130.77474975585938,131.76731470925472,130.50228327427,131.37806627247733,66015800
2021-04-28,129.98655700683594,131.38782184344353,129.50000754125335,130.69691506905932,107760100
2021-04-29,129.88925170898438,133.38268843991688,128.886960916459,132.79882309453924,151101000
2021-04-30,127.92357635498047,129.96707495113412,127.54406841224412,128.23496025369028,109839500
2021-05-03,128.97454833984375,130.46340362512916,128.28365629304724,128.48799878924353,75135100
2021-05-04,124.41071319580078,127.95280060042849,123.29164779323206,127.66086791309522,137564700
2021-05-05,124.65399932861328,126.94077328039651,124.52749169549318,125.72439941828402,84000900
2021-05-06,126.2498779296875,126.2596035749363,123.71008135413715,124.44963872166365,78128300
2021-05-07,126.92244720458984,127.94592476658238,126.21086763240989,127.54628780481441,78973300
2021-05-10,123.64728546142578,126.26936319427197,123.60829449035425,126.14265555263232,88071200
2021-05-11,122.73101806640625,123.08192191649415,119.67029018955704,120.38186236478138,126142800
2021-05-12,119.67029571533203,121.49308457084182,119.16342796467423,120.28439421406758,112172300
2021-05-13,121.81474304199219,122.96495055227784,121.12267010296466,121.43459040557941,105861300
2021-05-14,124.23213958740234,124.66103284772763,122.67253787272075,123.06244016058305,81918000
2021-05-17,123.08191680908203,123.72525662054227,122.0096912267483,123.61803331863223,74244600
2021-05-18,121.69778442382812,123.78375308679564,121.62955208202142,123.3646094337638,63342900
2021-05-19,121.54181671142578,121.76600548369002,119.75801895076617,120.050447495282,92612000
2021-05-20,124.09565734863281,124.49530918227134,121.94145662294912,122.06817912472063,76857100
2021-05-21,122.26312255859375,124.76823446881733,122.04867596571786,124.5927788416249,79295400
2021-05-24,123.8909683227539,124.70976380781524,122.76025995557121,122.82849229292907,63092900
2021-05-25,123.69602966308594,125.08018314804377,123.13067172111496,124.59279971373591,72009500
2021-05-26,123.64728546142578,124.17365241574042,123.228141818366,123.75450877268065,56575900
2021-05-27,122.11691284179688,124.41732784538095,121.92196544288971,123.24762857840483,94625600
2021-05-28,121.46385192871094,122.6238092325372,121.40536918625511,122.39961299184344,71311100
2021-06-01,121.14216613769531,122.18515038351808,120.8107540580726,121.9219706400981,67637100
2021-06-02,121.90245819091797,122.07791381305455,120.91796422365286,121.14215297391479,59278900
2021-06-03,120.42086791992188,121.69779071261881,120.02121601385367,121.53208465063497,76229200
2021-06-04,122.7115249633789,122.97471215998662,120.72303005127523,120.93747667465416,75169300
2021-06-07,122.72127532958984,123.13066937489863,121.67829101219802,122.9844550910691,71057600
2021-06-08,123.54004669189453,125.21662849111421,123.0234294041827,123.40358202860334,74403800
2021-06-09,123.92020416259766,124.52455300706954,123.32560491924683,123.99818609803275,56877900
2021-06-10,122.92596435546875,124.95345011953233,122.76025831506651,123.81298472926724,71186400
2021-06-11,124.13463592529297,124.22236745136004,122.91619621766982,123.33533977456281,53522400
2021-06-14,127.18557739257812,127.24406010549778,123.86167849214537,124.59274215069745,96906500
2021-06-15,126.3668441772461,127.30261260822043,126.12315618593904,126.65927274152149,62746300
2021-06-16,126.86394500732422,127.58526671760069,125.21662690472674,127.07839160028391,91815000
2021-06-17,128.46258544921875,129.2034066377203,126.37661634337682,126.52283809699388,96721700
2021-06-18,127.1661376953125,128.18961527761795,126.95169109033546,127.40982566701065,108953300
2021-06-21,128.9596710205078,129.066894317528,125.94769141357571,127.01016734634604,79663300
2021-06-22,130.5972442626953,130.6947253937975,128.29682937988724,128.79396232556323,74783600
2021-06-23,130.3243408203125,130.92869718078555,129.86620618552573,130.3925806003398,60214200
2021-06-24,130.0416717529297,131.240612583958,129.57378007008424,131.0554073186903,68711000
2021-06-25,129.74923706054688,130.50954241745376,129.4568084909208,130.09040620403312,70783700
2021-06-28,131.3770751953125,131.8352098315601,129.98318695524438,130.04166969629122,62111300
2021-06-29,132.88796997070312,133.04393389324414,130.95796476825768,131.39660028605826,64556100
2021-06-30,133.50201416015625,133.94064949902392,132.43952338561445,132.73195190270366,63261400
2021-07-01,133.80421447753906,133.86269721920397,132.33232940247316,133.15113240638843,52485800
2021-07-02,136.42630004882812,136.4652835854969,134.27209152787285,134.41829838230024,78852600
2021-07-06,138.4342803955078,139.53574001915328,136.53351700878477,136.53351700878477,108181800
2021-07-07,140.91986083984375,141.23177365056304,139.05808151749494,139.91585290212097,104911600
2021-07-08,139.62347412109375,140.42276298269945,137.11835448019005,138.0053823208354,105575500
2021-07-09,141.44627380371094,141.972633378387,139.04837716154248,139.14585831818513,99890800
2021-07-12,140.85166931152344,142.62572515772004,140.36429329314447,142.51850183873523,76299700
2021-07-13,141.962890625,143.73694652851253,140.00364432229037,140.39353920017592,100827100
2021-07-14,145.3842315673828,145.79364043052715,143.95134516697595,144.3607540301203,127050800
2021-07-15,144.73117065429688,146.21279783696795,143.3762659892824,145.47199168239987,106820300
2021-07-16,142.69393920898438,145.97884856339024,142.1968210625346,144.7116829108476,93251400
2021-07-19,138.8533935546875,140.43250161447835,138.09308832622733,140.1205738932986,121434600
2021-07-20,142.45997619628906,143.3860023478585,139.35053030452949,139.83790622702588,96350000
2021-07-21,141.72891235351562,142.44049190950972,140.97836414159778,141.85563485293181,74993500
2021-07-22,143.09361267089844,144.45825967498962,142.12860272787458,142.2553252616605,77338200
2021-07-23,144.8091278076172,144.96509166825837,143.210535419876,143.82463382519293,71447400
2021-07-26,145.2283172607422,146.04710543551434,143.9708787526298,144.5264945756414,72434100
2021-07-27,143.06434631347656,145.4427434254304,141.87514775749966,145.35500444699645,104818600
2021-07-28,141.3195037841797,143.25926511063363,138.9411071473103,141.1537977724019,118931200
2021-07-29,141.962890625,142.84991857675627,140.92965581242072,141.03687913486968,56699500
2021-07-30,142.17730712890625,142.63544169374407,140.47149137109437,140.73467853831747,70440600
2021-08-02,141.8459014892578,143.2397895751834,141.582714310116,142.6646895204393,62880000
2021-08-03,143.63943481445312,144.30225894055675,141.51446802349406,142.12856645538005,64786600
2021-08-04,143.23980712890625,144.05859526042843,142.58672505684436,143.55173491626834,56368300
2021-08-05,143.3470001220703,144.10730535100612,142.47947159810346,143.2690181917266,46397700
2021-08-06,142.6636962890625,143.6106236198985,142.16583326910765,142.8687074712915,54126800
2021-08-09,142.6148681640625,143.21035833317768,142.05843483321482,142.72225212556916,48908700
2021-08-10,142.1365203857422,144.19632898598317,141.84365370926938,142.95653516321173,69023100
2021-08-11,142.3903350830078,143.2298783064216,142.06818321748432,142.57581781429272,48493500
2021-08-12,145.3482666015625,145.50446416374155,142.37081574173467,142.71249604702388,72282600
2021-08-13,145.5532684326172,145.88517705910473,144.7430103885552,145.42635605950554,59375000
2021-08-16,147.5251922607422,147.59353426907154,142.9858112009547,145.0065628373872,103296000
2021-08-17,146.61732482910156,148.07187159409528,145.5434853619502,146.65636676617194,92229700
2021-08-18,142.8784637451172,147.13475089008148,142.67345256358962,146.23663716721276,86326000
2021-08-19,143.21029663085938,144.47937520302148,141.06263322186894,141.58002438734985,86960300
2021-08-20,144.66488647460938,144.9675098694575,143.28842371499448,143.93272733385453,60549600
2021-08-23,146.1487579345703,146.61733569322215,144.37204430196212,144.7820517027598,60131800
2021-08-24,146.06088256835938,147.27139120779157,145.60206158624175,145.89492826143862,48606400
2021-08-25,144.83087158203125,146.74425443123712,144.28419502392072,146.24637657624294,58991300
2021-08-26,144.03036499023438,145.57278230599707,144.00107981111,144.82110951404735,48597200
2021-08-27,145.06512451171875,145.21155036889095,143.3372249180138,143.97175682684613,55802400
2021-08-30,149.4776153564453,149.83882401907485,145.07490345956626,145.45562564226032,90956700
2021-08-31,148.21832275390625,149.16524992421503,147.6911597437249,149.0285807911714,86453100
2021-09-01,148.88211059570312,151.29335581344367,148.71615631662897,149.19450563571235,80313700
2021-09-02,149.99502563476562,151.0395800272227,148.77476016459727,150.20979354918074,71115500
2021-09-03,150.6295623779297,150.9517142276546,149.44833892893834,150.10239938899159,57808700
2021-09-07,152.9627685546875,153.5192020413417,150.71747639182175,151.28368153868865,82278300
2021-09-08,151.4202880859375,153.30437064554417,150.31716343749,153.24580029178898,74420200
2021-09-09,150.40504455566406,152.39651120399355,150.28788894400816,151.79126431107525,57305700
2021-09-10,145.42636108398438,151.7814983871202,145.1627795675759,151.31292061025323,140893200
2021-09-13,145.99256896972656,147.818081410703,145.21159606216116,147.04688016056696,102404300
2021-09-14,144.59658813476562,147.47642687466802,143.4153793726529,146.77355269563384,109296300
2021-09-15,145.48492431640625,145.8851749521173,142.88819590848047,145.02610332343372,83281300
2021-09-16,145.25062561035156,145.42635157507343,143.71798000246844,144.90896023332135,68034100
2021-09-17,142.58558654785156,145.27994241453277,142.29271983680104,145.27994241453277,129868800
2021-09-20,139.539794921875,141.3945924183066,137.90952209387459,140.37933813407227,123478900
2021-09-21,140.0181427001953,141.16032435989862,139.38361057442205,140.50624891873463,75834000
2021-09-22,142.3805694580078,142.94675948187773,140.28170408222925,141.01386330488788,76404300
2021-09-23,143.33724975585938,143.5813028239796,142.17555476827644,143.1615238009879,64838200
2021-09-24,143.4250946044922,143.96201429353556,142.09744541695585,142.19507259526048,53477900
2021-09-27,141.91200256347656,142.48797924389808,140.39888514559524,142.00962976919416,74150700
2021-09-28,138.5343017578125,141.30674132874793,138.31953384357482,139.8424227657557,108972300
2021-09-29,139.43240356445312,141.0138627120859,138.6514307510702,139.08096654322168,74602000
2021-09-30,138.13406372070312,140.9455603850025,137.91929578685694,140.24268621892764,89056700
2021-10-01,139.25668334960938,139.5202648503588,135.80089824481317,138.52452409983053,94639600
2021-10-04,135.83016967773438,138.8271483868743,134.98086980059804,138.38784096480848,98322000
2021-10-05,137.7533416748047,138.85646652806082,136.04496985928344,136.17188224652747,80861100
2021-10-06,138.62213134765625,138.76855721821823,135.0784763218966,136.15231569207103,83221100
2021-10-07,139.88145446777344,140.7893396562003,139.32502120039112,139.65692980871162,61732700
2021-10-08,139.500732421875,140.7502829805711,139.16882381318146,140.60385709315267,58773200
2021-10-11,139.41282653808594,141.36525044287433,138.43661458569173,138.88567863795046,64452200
2021-10-12,138.14376831054688,139.8423827196876,137.68494743386773,139.82285430694407,73035900
2021-10-13,137.55809020996094,138.03642474342516,135.88876048394778,137.88024208325538,78762700
2021-10-14,140.34027099609375,140.45742659800283,138.14379338196727,138.7295267040612,69907100
2021-10-15,141.39459228515625,141.45316264244676,140.0962280805495,140.35005282323274,67940300
2021-10-18,143.06396484375,143.34705995414433,139.75460460218306,140.03769971257742,85589200
2021-10-19,145.22134399414062,145.62159463310732,143.06392303976392,143.51297237963328,76378900
2021-10-20,145.70945739746094,146.18780683574556,144.59657585778285,145.16278083703227,58418800
2021-10-21,145.92420959472656,146.0804071368253,144.35250720492448,145.27014914498275,61421000
2021-10-22,145.15304565429688,146.60759281256946,145.10423204789777,146.12925819899365,58883400
2021-10-25,145.10418701171875,145.8168177773373,144.10844635434742,145.14322894722775,50720600
2021-10-26,145.76805114746094,147.25188335627817,145.46541277347194,145.77780790953028,60893400
2021-10-27,145.30923461914062,146.1682914783705,144.95779752805828,145.80709762491546,56094900
2021-10-28,148.9407196044922,149.52643805425132,146.1585085567286,146.256135746264,100077900
2021-10-29,146.23663330078125,146.37330245291255,142.92727357091124,143.718003300801,124953200
2021-11-01,145.4166259765625,146.13901372017423,144.2842158593394,145.44591116098886,74588300
2021-11-02,146.45138549804688,147.96451766703325,145.11396440756303,145.12373606469237,69122000
2021-11-03,147.8863983154297,148.35497602206758,146.25612565424197,146.8125588879088,54511500
2021-11-04,147.36900329589844,148.80402155525002,147.05660823548425,147.97425010568048,60394600
2021-11-05,147.89695739746094,148.7963818494452,146.70423879606528,148.49331669815876,65463900
2021-11-08,147.07574462890625,148.18047945260236,146.80200740282297,148.02405391839477,55020900
2021-11-09,147.43743896484375,148.0435691533501,146.70421118808,146.84107977637362,56787900
2021-11-10,144.61207580566406,146.7726603269792,144.54364896685252,146.66511965093986,65187100
2021-11-11,144.56320190429688,146.0883134852804,144.37744845730748,145.62883774477925,41000000
2021-11-12,146.6357879638672,147.03660782102534,144.18190939663026,145.11066161989166,63804000
2021-11-15,146.64556884765625,148.483531417499,146.08830852560698,147.00728981052836,59222800
2021-11-16,147.62322998046875,148.1022776202638,146.00034850775356,146.58693684556133,59256200
2021-11-17,150.0575408935547,151.53376771191043,147.61344786594324,147.62321886773208,88807000
2021-11-18,154.33956909179688,155.12168178008048,149.627365877677,150.2726099643279,137827700
2021-11-19,156.95962524414062,157.41911583313842,153.02952027938457,154.12446895909494,117305600
2021-11-22,157.4191131591797,161.9944471367291,157.39955624235793,158.06434223873075,117467900
2021-11-23,157.80039978027344,158.18167763297342,155.5029467463392,157.51687668201387,96041900
2021-11-24,158.31854248046875,158.5140669022848,156.0699743356913,157.1551520319611,69463600
2021-11-26,153.30328369140625,156.8618824271744,152.8633499442556,156.00157185337474,76959800
2021-11-29,156.65658569335938,157.5853380225465,155.23899986098183,155.80603121042097,88748200
2021-11-30,161.6033935546875,161.81847488073362,156.3437019010155,156.41214364910118,174048100
2021-12-01,161.08526611328125,166.49159798116264,160.85062784337472,163.7346542506034,152052500
2021-12-02,160.09783935546875,160.52800204808736,154.27113083970096,155.19011206164845,136739200
2021-12-03,158.22079467773438,161.271032766341,156.14820866843903,160.3520514474846,118023100
2021-12-06,161.62301635742188,164.12576562524714,160.6062651438914,160.6160361472199,107497000
2021-12-07,167.3518829345703,167.74294665807957,164.57539762665544,165.29885432698077,120405400
2021-12-08,171.16470336914062,172.02502878126478,166.88264814477856,168.2806769394803,116998900
2021-12-09,170.65631103515625,172.7973384356804,170.03062395661757,170.9984899495763,108923700
2021-12-10,175.43698120117188,175.61296364291238,170.78343380069845,171.29180928871014,115402700
2021-12-13,171.80995178222656,178.05705234389498,171.60464142456377,177.06962931153166,153237000
2021-12-14,170.4314422607422,173.76518766396276,168.3588568100855,171.33086641701877,139380400
2021-12-15,175.2903289794922,175.48585340924998,168.4566405154073,171.19402728468987,131063300
2021-12-16,168.4077911376953,177.08921488839127,166.93156422700537,175.27080896540932,150185800
2021-12-17,167.3128204345703,169.59071677301714,165.89524955752734,166.12987292514003,195432700
2021-12-20,165.95388793945312,166.76532847471316,163.71510567618958,164.51676029378936,107499100
2021-12-21,169.1214599609375,169.3267554134747,165.33799395674112,167.72343104614094,91185900
2021-12-22,171.71217346191406,171.9272548095711,168.300214735498,169.17031112645324,92135300
2021-12-23,172.33782958984375,172.89508977696892,171.350421702329,171.91745288802377,68356600
2021-12-27,176.29727172851562,176.38525547317582,173.11018066452525,173.1297226627458,74919600
2021-12-28,175.2805633544922,177.27495155456995,174.5375644683696,176.13111784462515,79144300
2021-12-29,175.36851501464844,176.59056116138325,174.15623986676752,175.31963018526795,62348900
2021-12-30,174.21495056152344,176.53196092937984,174.10740987004013,175.4565540145469,59773000
2021-12-31,173.59902954101562,175.2218958133562,173.29594950484335,174.1073900997929,64062300
2022-01-03,177.93975830078125,178.7903128894999,173.73592987558766,173.8532415771097,104487900
2022-01-04,175.681396484375,178.8489462858369,175.1143651356069,178.5458811499138,99310400
2022-01-05,171.0082550048828,176.1408490374331,170.7345178498846,175.5933747274367,94537600
2022-01-06,168.15357971191406,171.3797850968752,167.80162976232634,168.83792269234627,96904000
2022-01-07,168.31976318359375,170.2457092977057,167.2052575825263,169.0236630282213,86709100
2022-01-10,168.33937072753906,168.6424359067065,164.40926456601338,165.29891809796788,106765600
2022-01-11,171.16470336914062,171.26245812752686,166.99997473942338,168.46643037323963,76138300
2022-01-12,171.60462951660156,173.21772467571947,170.91051556767007,172.1814317936139,74805200
2022-01-13,168.33937072753906,172.6702968486557,167.94830685316055,171.849085088803,84505800
2022-01-14,169.19967651367188,169.8937905683483,167.2639441267619,167.508353425533,80440800
2022-01-18,166.00277709960938,168.6814931182034,165.6214992398613,167.67452813175186,90956700
2022-01-19,162.5126190185547,167.25416515581253,162.22911080921511,166.19831524532339,94815000
2022-01-20,160.83108520507812,165.88546757565922,160.50846314939517,163.24585020445963,91420500
2022-01-21,158.778076171875,162.61041256635795,158.67053547305395,160.74312175844747,122848900
2022-01-24,158.00570678710938,158.67050778679211,151.24045969712583,156.44149634340394,162294600
2022-01-25,156.2068634033203,159.1202179477596,153.50859022634555,155.42475069595457,115798400
2022-01-26,156.11883544921875,160.7137257927372,154.29065926080548,159.84362956793808,108275300
2022-01-27,155.65939331054688,160.17607231774176,154.74041197266266,158.81715723147198,121954600
2022-01-28,166.52090454101562,166.5404614570555,159.15929945417386,162.00422657695262,179935700
2022-01-31,170.87139892578125,171.0864802658057,165.71924760028926,166.3547206203823,115541600
2022-02-01,170.70523071289062,170.93008309016165,168.45666218750117,170.11864243059435,86213900
2022-02-02,171.90768432617188,171.94679815950911,169.45382085751916,170.8420635898593,84914300
2022-02-03,169.03347778320312,172.2987975978528,168.2709219070581,170.5781464577833,89418100
2022-02-04,168.74961853027344,170.4235148216532,167.07572223889366,168.05460511567154,82465400
2022-02-07,168.03500366210938,170.2766384169295,167.33999039041194,169.20965988540354,77251200
2022-02-08,171.13807678222656,171.6471000057892,167.80986639624405,168.1035342150904,74829200
2022-02-09,172.55740356445312,172.91958530484067,171.20654095307694,172.3322647747442,71285000
2022-02-10,168.4853057861328,171.77435265074166,167.92735034711362,170.46265325992954,90865900
2022-02-11,165.07876586914062,169.42500712943504,164.49143031742815,168.6908451580762,98670700
2022-02-14,165.31369018554688,165.99890498473425,163.04267549502603,163.83556797241158,86185500
2022-02-15,169.14109802246094,169.29772280484622,166.6547430824804,167.35953966665278,62527400
2022-02-16,168.9062042236328,169.67951494494773,166.45899759893967,168.2209893560315,61177400
2022-02-17,165.31369018554688,168.27970312361404,164.91234475439344,167.41828169802858,69589300
2022-02-18,163.76705932617188,166.93862933962222,162.68049906023276,166.23384762062662,82772700
2022-02-22,160.85000610351562,163.16995323151656,158.72581758393332,161.49605730830203,91162800
2022-02-23,156.68978881835938,162.64138354838985,156.37653912911182,162.0442643977581,90009200
2022-02-24,159.30335998535156,159.4110376690062,148.79015546543386,149.35790916683425,141147500
2022-02-25,161.36880493164062,161.6330924831591,157.47284137265066,160.38012393186045,91974200
2022-02-28,161.63311767578125,161.92678549313706,158.99992064321486,159.61662156600548,95056600
2022-03-01,159.75363159179688,163.08184127413253,158.54961021930214,161.22195543903135,83474400
2022-03-02,163.04270935058594,163.82581854222389,159.5089420061074,160.9185355637426,79724800
2022-03-03,162.71966552734375,165.34307890598984,162.0540324670775,164.91236813214016,76678400
2022-03-04,159.72427368164062,162.05401907314567,158.67687705595137,161.01640589639365,83737200
2022-03-07,155.93600463867188,161.53521443024337,155.68148559760553,159.91026569329455,96418800
2022-03-08,154.1153106689453,159.44043549933374,152.50994347183405,155.46617371481233,131148300
2022-03-09,159.50892639160156,159.95921898709753,156.04368834876885,158.06996768709067,91454900
2022-03-10,155.1724853515625,157.0029911685478,152.6861150001443,156.81700107101284,105342000
2022-03-11,151.46249389648438,155.91641251914996,151.23735509056115,155.57379764949783,96970100
2022-03-14,147.4392852783203,150.86537421208124,146.9302771053436,148.2517595892854,108732100
2022-03-15,151.8148956298828,152.28477002224423,147.2043670461277,147.71337523300835,92964300
2022-03-16,156.21987915039062,156.6212246232631,151.19822129277074,153.73352378158447,102300200
2022-03-17,157.2281036376953,157.6000837703935,154.30125449850178,155.26055517399735,75615400
2022-03-18,160.51718139648438,161.00662274780382,156.38629519642316,157.1204572234023,123511700
2022-03-21,161.88758850097656,162.83710569668534,159.56762687828217,160.0570681157996,95811400
2022-03-22,165.2550048828125,165.84232561301783,161.42756947089018,162.0148902010955,81532000
2022-03-23,166.61563110351562,168.99430889731204,164.1096788423283,164.44251031244588,98062700
2022-03-24,170.39410400390625,170.46261801995993,166.61561651162776,167.44765777264146,90131400
2022-03-25,171.03033447265625,171.5785062279276,169.10193494578817,170.20807683974928,80546200
2022-03-28,171.8917999267578,172.0190445148475,168.36781639958284,168.53422465828777,90371900
2022-03-29,175.18081665039062,175.2297488255487,172.6161343745908,172.95874922006587,100589400
2022-03-30,174.01597595214844,175.81711647524634,172.96856432856262,174.77950323773482,92633200
2022-03-31,170.92271423339844,174.27049138056105,170.7171422878286,174.0845012718467,103049300
2022-04-01,170.62899780273438,171.1869679698728,168.3090511714051,170.3549119111242,78751300
2022-04-04,174.67181396484375,174.72076108227714,170.75628355518236,170.8835430731966,76468400
2022-04-05,171.3632049560547,174.53479031608524,170.73672061862993,173.7516811601631,73401800
2022-04-06,168.20138549804688,169.96337702443967,166.53728819844997,168.72019203962893,89058800
2022-04-07,168.50486755371094,169.69910564386342,166.26323274049562,167.54556668896316,77594700
2022-04-08,166.49813842773438,168.1524524173325,165.62693350816983,168.1524524173325,76575500
2022-04-11,162.2498016357422,165.4605355802755,162.00508096962494,165.14730089465874,72246700
2022-04-12,164.11947631835938,166.28279871101802,163.12101178667447,164.47187468621496,79265200
2022-04-13,166.80157470703125,167.4280589196407,163.24824133176645,163.85514371182387,70618900
2022-04-14,161.7995147705078,167.6532440657547,161.55479409572018,167.01696134936807,75329400
2022-04-18,161.58416748046875,163.08185675186522,160.11584349387897,160.45844346214486,69023900
2022-04-19,163.86495971679688,164.27610359926777,160.44866861751814,161.53522902332887,67723800
2022-04-20,163.69854736328125,165.31371275678185,162.59242008519655,165.19623667762264,67929800
2022-04-21,162.9056396484375,167.90773030576432,162.40641490220864,165.34306268686478,87227800
2022-04-22,158.37347412109375,164.32508455811126,158.0896046229634,162.94487087883033,84882400
2022-04-25,159.44039916992188,159.72426854560663,155.113739965227,157.71755627231695,96046400
2022-04-26,153.48880004882812,158.91180327087787,153.41048764569481,158.82370741856425,95623200
2022-04-27,153.26365661621094,156.41564486229873,152.0987839265491,152.61759051221244,88063200
2022-04-28,160.1843719482422,161.04579354437072,155.57382764277364,155.88707729102597,130216800
2022-04-29,154.3208465576172,162.69029635210208,153.92929946524063,158.42236732431553,131747600
2022-05-02,154.6243133544922,154.88860092145774,150.0333512355366,153.4007100151784,123055300
2022-05-03,156.1122283935547,157.31626501989302,153.01897002538345,154.81031244687898,88966500
2022-05-04,162.5141143798828,162.96439206944154,155.89685759161674,156.29820309411934,108256500
2022-05-05,153.4594268798828,160.61505617925764,151.6778534074066,160.38991736716943,130525300
2022-05-06,154.18487548828125,156.3023722983105,151.14587460582203,152.93986371222095,116124600
2022-05-09,149.06761169433594,152.76342612282588,148.5088364921623,151.88112823098254,131577900
2022-05-10,151.46939086914062,153.6555174482576,149.92048190900607,152.45952464307157,115366700
2022-05-11,143.61697387695312,152.39084062039686,142.94055024144134,150.47921836254133,142689800
2022-05-12,139.75454711914062,143.32291464808353,136.06854586723028,139.9604210928437,182602000
2022-05-13,144.2150115966797,145.18553469561974,140.2937279042498,141.74459868206603,113990900
2022-05-16,142.67588806152344,144.61693408926746,141.34265112461745,142.68570084334092,86643800
2022-05-17,146.30308532714844,146.82265416778552,143.79345144967377,145.93055862687706,78336300
2022-05-18,138.0487823486328,144.46007380411618,137.14687404841018,143.96011558077154,109742900
2022-05-19,134.64707946777344,138.87226008655338,133.91183880440775,137.12729010884627,136095600
2022-05-20,134.88235473632812,137.93115346240322,130.00036063657,136.3528361484188,137426100
2022-05-23,140.29373168945312,140.44077384848245,134.94117272312687,135.07841705772444,117726300
2022-05-24,137.59786987304688,139.176187438702,134.6274981436638,138.03901137531423,104132700
2022-05-25,137.75469970703125,138.99969650386015,135.61759232548434,135.7058176181396,92482700
2022-05-26,140.9505615234375,141.4995389264538,134.44123025043575,134.68631051667606,90601500
2022-05-27,146.69520568847656,146.73441193920726,142.4013957458045,142.5288422380691,90978500
2022-05-31,145.9109649658203,147.69515625482543,143.95032308788612,146.13644955191023,103718400
2022-06-01,145.7835235595703,148.75389460714223,144.7737792988703,146.95009283292427,74286600
2022-06-02,148.23431396484375,148.29313081917098,143.96991252402043,144.920824891666,72348100
2022-06-03,142.51904296875,145.05807025566116,141.61714962601158,144.00911981753086,88570300
2022-06-06,143.26409912109375,145.64628674294468,142.04849579123675,144.13658414441952,71598400
2022-06-07,145.7835235595703,146.06781003090646,141.26424373812605,141.50932395629872,67808200
2022-06-08,145.04823303222656,146.92063388679944,144.55807276441607,145.65602697759022,53950200
2022-06-09,139.83299255371094,145.0384948829892,139.72515664096548,144.18562036487367,69473000
2022-06-10,134.43138122558594,137.98993516430295,134.3627515970909,137.51938542071767,91437900
2022-06-13,129.28472900390625,132.53938671229503,128.85338540144875,130.25523715092532,122207100
2022-06-14,130.1473846435547,131.25515193955982,128.8925752102517,130.51011351307002,84784300
2022-06-15,132.7648468017578,134.63726323315953,129.5592083618082,131.64728162043858,91533000
2022-06-16,127.50050354003906,129.78465248887207,126.50057227144765,129.4807554755027,108123900
2022-06-17,128.97100830078125,130.4611001773296,127.25544681769559,127.51033981148552,134520300
2022-06-21,133.19619750976562,134.36278178825876,130.69639115129178,130.79441426737327,81000500
2022-06-22,132.68643188476562,135.04899374439105,131.27476747959807,132.13743964836019,73409200
2022-06-23,135.54898071289062,135.86267563561398,132.96093402675356,134.1275183400123,72433800
2022-06-24,138.8722686767578,139.1173489130396,137.01946268880786,137.14689423988725,89116800
2022-06-27,138.8722686767578,140.6662578013618,138.19584483125837,139.89179587794544,70207900
2022-06-28,134.73529052734375,140.59760460905184,134.61765682035212,139.33299738336785,67083400
2022-06-29,136.4900665283203,137.90173093297278,133.98044756827542,134.75490940956817,66242400
2022-06-30,134.02947998046875,135.64700354645933,131.13753620204082,134.5490488814723,98964500
2022-07-01,136.19598388671875,136.3038197907336,132.9903451154339,133.36285690870372,71051600
2022-07-05,138.7742156982422,138.82323473193733,134.2353254229341,135.05880629688934,73353800
2022-07-06,140.10743713378906,141.28381901974345,138.30365057809186,138.56834136394644,74064300
2022-07-07,143.47000122070312,143.66606245207848,140.46040821637013,140.47020604245932,66253700
2022-07-08,144.14637756347656,144.64635079248632,142.1465295229667,142.40140757015126,64547800
2022-07-11,142.01907348632812,143.7542455393016,140.95052737444695,142.8033331399919,63141600
2022-07-12,142.9895782470703,145.5286052761855,142.19552087150592,142.89154019342988,77588800
2022-07-13,142.62689208984375,143.56799177024092,139.3232005090592,140.17608985764943,71185600
2022-07-14,145.5482635498047,146.01881345268225,140.43098661066193,141.24465485515523,78140700
2022-07-15,147.21478271484375,147.8912065060331,145.2835494113212,146.83245817528143,76259900
2022-07-18,144.17578125,148.58722466683977,143.81305239727462,147.77355664160174,81420900
2022-07-19,148.02847290039062,148.25394254490203,144.01896354895925,145.0090823866063,82982400
2022-07-20,150.02828979492188,150.6949157224323,147.41083503397257,148.1460756395822,64823400
2022-07-21,152.29287719726562,152.50854901941838,148.94997891240936,151.45959834271974,65086600
2022-07-22,151.0576171875,153.20452197233897,150.39100627342597,152.3320371239143,66675400
2022-07-25,149.9400634765625,151.9889303599999,149.28325033510924,150.97920113195147,53623900
2022-07-26,148.6166534423828,150.07732200029463,147.83239373585778,149.2636538636445,55138700
2022-07-27,153.7045135498047,154.2338952339947,149.1656377708993,149.5773707705413,78620700
2022-07-28,154.2534942626953,154.53778073211737,151.37134852302864,153.8907653704556,81378700
2022-07-29,159.3119659423828,160.4099356728857,156.36120501340108,158.06696899861157,101786900
2022-08-01,158.33164978027344,160.37071938994356,157.72385550686172,157.84148924790597,67829400
2022-08-02,156.86114501953125,159.21392420256825,156.48863324172908,156.94938527079637,59907000
2022-08-03,162.8606719970703,163.31161111273326,157.58654219023364,157.67476745740606,82507500
2022-08-04,162.54701232910156,163.89986001020398,161.19416464799912,162.74307352499065,55474100
2022-08-05,162.32122802734375,162.81206933981917,160.01426786699392,160.22042780912037,56697000
2022-08-08,161.8500213623047,164.7361708864107,161.19229575323052,163.32254540690658,60276900
2022-08-09,161.8990936279297,162.78261696114208,160.25968547297944,161.0155852740051,63135500
2022-08-10,166.13999938964844,166.23815868025727,163.84285029590276,164.60856166738782,70170500
2022-08-11,165.4036865234375,167.85789272456063,165.10917878344554,166.94492022851418,57149200
2022-08-12,168.9475860595703,169.01629605421468,166.29703098384923,166.70935086886797,68039400
2022-08-15,170.0176239013672,170.21395743937939,168.21133138479297,168.37821564106778,54091700
2022-08-16,169.86050415039062,170.52805597034822,168.51560405832123,169.6150835508577,56377100
2022-08-17,171.35269165039062,172.92337473871223,169.40896440067246,169.6052979143018,79542000
2022-08-18,170.9600067138672,171.69626861182405,169.94887490568271,170.5673396933382,62290100
2022-08-19,168.3782196044922,170.55755638009072,168.17205964818893,169.86055507755876,70346300
2022-08-22,164.50054931640625,166.74859572706774,164.0784180378036,166.58171149389958,69026800
2022-08-23,164.16677856445312,165.6196796113523,163.5974008535258,164.0195321647684,54147100
2022-08-24,164.46128845214844,165.03066617037743,163.2047358944321,164.25514348994625,53841500
2022-08-25,166.9154815673828,167.02346724627097,165.2662620854037,165.688378388784,51218200
2022-08-26,160.6229248046875,167.91683533755338,160.5640262370915,167.44563181749547,78961000
2022-08-29,158.42398071289062,159.91612783706887,156.89255788690747,158.1981828757406,73314000
2022-08-30,155.99917602539062,159.58231130465205,154.8309714061125,159.16019500251252,77906200
2022-08-31,154.34011840820312,157.63857209111154,154.261582013457,157.37351363125413,87991100
2022-09-01,155.06658935546875,155.5181549609377,151.83684522830168,153.77076113952282,74229900
2022-09-02,152.9560089111328,157.42266906282578,152.13139887739348,156.82384189990486,76957800
2022-09-06,151.6994171142578,154.21252227519972,150.87480729194033,153.60388383195894,73714800
2022-09-07,153.10324096679688,153.80022729759784,150.79628062278962,151.9841232844313,87449600
2022-09-08,151.6306915283203,153.49588236025656,149.88328282837716,151.80738719524012,84923800
2022-09-09,154.4874267578125,154.92919602788265,151.91542246010044,152.62223531706266,68028800
2022-09-12,160.43634033203125,161.25113848543674,156.38200238561726,156.66668367811604,104956000
2022-09-13,151.02206420898438,157.59933535695706,150.56067213786505,156.97105902298662,122656600
2022-09-14,152.46510314941406,154.22232317214238,150.79624593389804,151.95462406702927,87965400
2022-09-15,149.57896423339844,152.39640331677907,148.6071081028978,151.81719923234522,90481100
2022-09-16,147.9395751953125,148.57767791761873,145.6522527794473,148.4402429431555,162278800
2022-09-19,151.6503143310547,151.7288507316376,146.36887246061372,146.57501740526791,81474200
2022-09-20,154.02598571777344,155.1843789131033,150.2759661753886,150.5900968013731,107689800
2022-09-21,150.9042510986328,155.83230196535132,150.78645397951445,154.4579373320565,101696800
2022-09-22,149.9421844482422,151.64049091114813,148.1457037475465,149.588778163199,86652500
2022-09-23,147.6745147705078,148.69547312127722,145.83877299693037,148.4206031759059,96029900
2022-09-26,148.00830078125,150.95334879982894,146.89899456754617,146.91863241520423,93339400
2022-09-27,148.98016357421875,151.88595100420483,147.20332025510484,149.94222342090066,84442700
2022-09-28,147.09530639648438,147.8806554147203,142.18689375661808,144.93560783080054,146691400
2022-09-29,139.87014770507812,144.0324877695267,138.10311583907216,143.42384928540386,128138200
2022-09-30,135.6685028076172,140.47875548865403,135.47216932618974,138.69208635531004,124925300
2022-10-03,139.84068298339844,140.44933637961338,135.1678792129988,135.67835835777296,114311700
2022-10-04,143.42384338378906,143.5416405102459,141.61753589548164,142.37343574191996,87830100
2022-10-05,143.7183074951172,144.6803670999918,140.39040452379436,141.43100052371705,79471000
2022-10-06,142.76609802246094,144.83744897574383,142.55995305808347,143.13914221609966,68402200
2022-10-07,137.52394104003906,140.47881588020488,136.89566464180587,139.9290609248713,85925600
2022-10-10,137.84788513183594,139.29095992216133,136.03178109548642,137.84788513183594,74899000
2022-10-11,136.4342498779297,138.76084793369003,135.68817645989057,137.33739611427865,77033700
2022-10-12,135.80596923828125,137.78897231294513,135.62927355780315,136.58150689181417,70433700
2022-10-13,140.3708038330078,140.9598044199806,131.90868942611982,132.5173428390662,113224000
2022-10-14,135.84527587890625,141.87280790341703,135.6587537430503,141.66664791660483,88598000
2022-10-17,139.80145263671875,140.282467627112,137.70065202144465,138.48600126569377,85250900
2022-10-18,141.1168670654297,144.0128276023933,138.03438444661543,142.82500010106065,99136600
2022-10-19,141.22486877441406,142.29489928414645,138.90809708603376,139.09461918905455,61758300
2022-10-20,140.76345825195312,143.21766459219867,140.0370077826972,140.40024050696854,64522000
2022-10-21,144.5724334716797,145.14181130627574,140.0370486455638,140.2530200648689,86548600
2022-10-24,146.7124481201172,147.47815927955588,143.32564645655586,144.49385104011358,75981900
2022-10-25,149.549560546875,149.6968219607416,146.6241498720804,147.34077415249868,74732300
2022-10-26,146.61427307128906,149.20591401942318,145.32825653907994,148.1947823413551,88194300
2022-10-27,142.1476287841797,146.3197794029668,141.48990330767347,145.35773474859954,109180200
2022-10-28,152.8872833251953,154.61503964551486,145.11235741482145,145.48538668963585,164762400
2022-10-31,150.53118896484375,151.4147121907347,149.1372016307876,150.35449330723716,97943200
2022-11-01,147.89047241210938,152.60255171953904,146.3983256985316,152.2393339638939,80379300
2022-11-02,142.37339782714844,149.38260959122607,142.34394855337672,146.2215910525945,93604600
2022-11-03,136.33609008789062,140.1842842462697,136.2084665510831,139.45783369878677,97918500
2022-11-04,136.0706024169922,140.28900066971147,132.13735779737468,139.71867839937045,140814800
2022-11-07,136.60154724121094,136.82770454508952,133.40578684396397,134.8217569283286,83374600
2022-11-08,137.17189025878906,139.06967336647747,135.19544046730184,138.06670690734794,89908500
2022-11-09,132.61917114257812,136.23776400792798,132.34384521853534,136.18859544917657,74917800
2022-11-10,144.41891479492188,144.41891479492188,137.17191586897493,138.88288280173376,118854000
2022-11-11,147.20169067382812,147.5065147597333,141.96063992686575,143.38645323831483,93979700
2022-11-14,145.80538940429688,147.7720118834529,144.96956884900007,146.48387656026793,73374100
2022-11-15,147.5360107421875,151.02676861885655,146.08071431905194,149.67963703147598,89868300
2022-11-16,146.3068389892578,147.36881668355312,144.83187247009243,146.6411761367448,64218300
2022-11-17,148.2046356201172,148.9519465811487,143.71089713297823,143.98622301357588,80389400
2022-11-18,148.76513671875,150.15160903599656,147.46717380781297,149.76811828911318,74829600
2022-11-21,145.53985595703125,147.86047052115927,145.25470236836378,147.65398361312236,58724100
2022-11-22,147.67364501953125,147.9096450709946,144.47788413446048,145.65786938764137,51804100
2022-11-23,148.54881286621094,149.29612388958984,146.84767388557262,146.95583870512687,58301400
2022-11-25,145.6382293701172,146.39538323134536,144.6647458342524,145.83488861865806,35195900
2022-11-28,141.8131103515625,144.19272111621666,140.9871327315936,142.7177546502144,69246000
2022-11-29,138.81402587890625,142.39327767480953,138.007718580844,141.8819517027843,83763800
2022-11-30,145.55955505371094,146.23804217919428,138.20439151332914,139.04019702693043,111380900
2022-12-01,145.83489990234375,146.64122238912947,144.16327365419926,145.7365777725353,71250400
2022-12-02,145.34324645996094,145.53007801483162,143.21929036902108,143.52412948725973,65447400
2022-12-05,144.18292236328125,148.40132070138284,143.33727415278167,145.30389650239576,68826400
2022-12-06,140.52499389648438,144.8417290558683,139.55151049910586,144.61557170242608,64727200
2022-12-07,138.587890625,140.97732977170875,137.663575645007,139.817029693259,69721100
2022-12-08,140.269287109375,141.12477775387197,138.7451672912856,139.9841335639646,62128300
2022-12-09,139.78750610351562,143.14060047218985,138.54852454565471,139.96449489513216,76097000
2022-12-12,142.07861328125,142.0884409898644,138.7058487137347,140.31847817047847,70462700
2022-12-13,143.0422821044922,147.46718252429508,141.8328135242381,147.00502505789572,93886200
2022-12-14,140.81996154785156,144.21238117508022,138.80417118832523,142.92424628798724,82291200
2022-12-15,134.22193908691406,139.43348990576752,133.7597817593244,138.7550029778536,98931900
2022-12-16,132.26515197753906,135.35274779526193,131.49817062820333,134.4087776749108,160156900
2022-12-19,130.16087341308594,132.94364536804903,129.12840885731634,132.8551509782634,79592600
2022-12-20,130.092041015625,131.02618341248566,127.72225803734129,129.19722445474264,77432800
2022-12-21,133.18948364257812,134.52678732015247,130.5345467103143,130.76070405901197,85928000
2022-12-22,130.02320861816406,132.31432503613755,128.1254256005218,132.10783812958184,77852100
2022-12-23,129.65940856933594,130.21006041152802,127.47645662054781,128.7350936895975,63814900
2022-12-27,127.85993957519531,129.21691367798962,126.57180445054807,129.18741554567987,69007800
2022-12-28,123.93651580810547,128.84323545768694,123.76935474336571,127.50593193563417,85438400
2022-12-29,127.44695281982422,128.30242867918332,125.5983306446105,125.8539861302219,75703700
2022-12-30,127.7615966796875,127.78126710171549,125.30332657301084,126.26697469654857,77034200
2023-01-03,122.98271942138672,128.7154174535332,122.09773792777466,128.10576937065363,112117500
2023-01-04,124.25118255615234,126.51280092971427,122.9925456360047,124.77233620258212,89113600
2023-01-05,122.93355560302734,125.63766124201173,122.67790010774006,125.00834271164995,80962700
2023-01-06,127.456787109375,128.11560378272642,122.80572954739813,123.90704074173942,87754700
2023-01-09,127.97795104980469,131.18355527394988,127.72229553056178,128.29261784653937,70790800
2023-01-10,128.54824829101562,129.06940194282927,125.98180587179891,128.08609090104719,63896200
2023-01-11,131.26223754882812,131.28189297285235,128.28280535784592,129.05961472273617,69458900
2023-01-12,131.18353271484375,132.0193381171801,129.24640871746402,131.6456901154858,71379600
2023-01-13,132.51097106933594,132.66830441383743,129.4627162913207,129.82653652186355,57809700
2023-01-17,133.67129516601562,134.99875596810472,131.8915047175872,132.5798193932039,63646600
2023-01-18,132.9534912109375,136.29674271738915,132.7764874230637,134.53662257229425,69672800
2023-01-19,133.0124969482422,133.9761376268957,131.53753029546903,131.84235433638028,58280400
2023-01-20,135.569091796875,135.71659745917918,131.98001240951498,133.02231973826562,80223600
2023-01-23,138.75506591796875,140.928190614556,135.59862986628406,135.81495956473674,81760300
2023-01-24,140.1513214111328,140.77081216801105,137.95854199183503,137.9683697007518,66435100
2023-01-25,139.4925079345703,140.0529874380773,136.49340619294276,138.53869500355867,65799300
2023-01-26,141.55746459960938,141.8426182007582,139.53183124401355,140.78064047196506,54105100
2023-01-27,143.49456787109375,144.77287517943125,140.69214050710963,140.77080718806803,70555800
2023-01-30,140.61346435546875,143.12091025214485,140.46597371619012,142.54076039880331,64015300
2023-01-31,141.88192749023438,141.931096037562,139.90547792238985,140.31846671250062,65874500
2023-02-01,143.0029296875,144.16324461699494,138.961535368266,141.56730384751015,77663600
2023-02-02,148.302978515625,148.65695608667727,145.69719525256042,146.41500811186492,118339000
2023-02-03,151.92156982421875,154.75351068440185,145.36288637728777,145.55954560277002,154357300
2023-02-06,149.19778442382812,150.54493079230497,148.26364190831887,150.02377712562708,69858300
2023-02-07,152.06906127929688,152.63938353904294,148.12598902287087,148.12598902287087,83322600
2023-02-08,149.38462829589844,152.00023955919008,148.64714493246836,151.3119247541495,64120100
2023-02-09,148.35215759277344,151.75442098443708,147.90967054867934,151.21359681759392,56007100
2023-02-10,148.71652221679688,149.04151212756338,146.95371454850684,147.19007494553122,57450700
2023-02-13,151.5133819580078,151.9171435900277,148.62787403653363,148.6574172040706,62199000
2023-02-14,150.87327575683594,151.4346261088162,148.568818055862,149.80967642706798,61707600
2023-02-15,152.970947265625,153.13836360909013,150.5581593331422,150.7846620299423,65573800
2023-02-16,151.37551879882812,153.95572244720177,151.02098573800205,151.17854429955682,68167900
2023-02-17,150.23313903808594,150.67630162569367,148.55896091432058,150.03617955770974,59144100
2023-02-21,146.22494506835938,149.00212332766463,146.15601601247863,147.91882364629484,58867200
2023-02-22,146.64842224121094,147.67262055430007,144.9250004924314,146.60902132895072,51011300
2023-02-23,147.13099670410156,148.05672295415894,145.0038129046831,147.81051980369892,48394200
2023-02-24,144.48187255859375,144.95457842977692,143.5069026114203,144.87579161340494,55469600
2023-02-27,145.67343139648438,146.90444675275575,145.2105684203629,145.46662923177482,44998500
2023-02-28,145.1711883544922,146.81582313308783,144.5999954030627,144.81665531660641,50547000
2023-03-01,143.10311889648438,144.9939573168816,142.80767210613058,144.6000382811085,55479000
2023-03-02,143.6939697265625,144.48182259076125,141.71448733904464,142.18720807379,52238100
2023-03-03,148.7362518310547,148.8150386455079,145.09244806812092,145.79165662743975,70732300
2023-03-06,151.4936981201172,153.92618602775224,151.1293223291666,151.4542972077173,87558000
2023-03-07,149.2975616455078,151.69064849711955,148.83469862838186,151.3656586110283,56182000
2023-03-08,150.5482635498047,151.1391569879468,149.5240652876753,150.48917721139935,47204800
2023-03-09,148.30288696289062,152.19289270805663,147.9483539187185,151.22778082054958,53833600
2023-03-10,146.24462890625,148.64757336129242,145.3681465462101,147.92866457828165,68572400
2023-03-13,148.1847381591797,150.81418573238946,145.45680332509693,145.56513330123872,84457100
2023-03-14,150.2725372314453,151.07023295988367,147.82036369988242,148.98243524821328,73695900
2023-03-15,150.66648864746094,150.92253451978002,147.6431066809658,148.89382292012243,77167900
2023-03-16,153.48304748535156,154.0837837636838,149.33697988783769,149.84908663995225,76161100
2023-03-17,152.6459197998047,154.35949876084172,151.93685367986137,153.70951897971963,98944600
2023-03-20,155.00949096679688,155.42312546588803,151.80885014610277,152.71489092530072,73641400
2023-03-21,156.8609161376953,156.9790888157361,154.1625247817563,154.93069227015488,73938300
2023-03-22,155.43295288085938,159.67749219321786,155.41325242402124,156.88062840402722,75701800
2023-03-23,156.5162353515625,159.0964541870748,155.28521978995877,156.41776312286146,67622100
2023-03-24,157.81617736816406,157.90480687220796,155.45263376473136,156.44728881765926,59196500
2023-03-27,155.8760986328125,158.3282868109909,155.4723219600322,157.5108907515981,52390300
2023-03-28,155.25570678710938,156.08296082580924,153.61107148047543,155.57085404509948,45992200
2023-03-29,158.3283233642578,158.60406968566105,156.929891297985,156.94957673019417,51305700
2023-03-30,159.89414978027344,160.00247975071784,158.82070781762587,159.07675364456477,49501700
2023-03-31,162.3955535888672,162.4940408365555,159.45097422374334,159.9729235769942,68749800
2023-04-03,163.6463165283203,163.76448923786776,161.72593486293172,161.775178500926,56976200
2023-04-04,163.11447143554688,164.3060859426903,162.6023648150906,164.0697406002056,46278300
2023-04-05,161.27285766601562,162.54327395468036,159.3426339632527,162.23798454444034,51511700
2023-04-06,162.15919494628906,162.4546416380935,159.5395906537556,159.963052724609,45390100
2023-04-10,159.56915283203125,159.56915283203125,157.64877164706385,158.96841666370352,47716900
2023-04-11,158.3578338623047,159.8941387722609,158.0722298566841,159.88429605818737,47644200
2023-04-12,157.66847229003906,159.59869619161648,157.35332510698044,158.77145737665472,50133100
2023-04-13,163.04556274414062,163.28192316496492,158.9684394039646,159.17525665056672,68445600
2023-04-14,162.7008819580078,163.79402444901268,161.3319931654023,162.09028798128088,49386500
2023-04-17,162.72056579589844,162.87813940299813,161.53879379674336,162.58269264644778,41516200
2023-04-18,163.94174194335938,164.86746811951792,163.13418846133288,163.57736611842117,49923000
2023-04-19,165.08412170410156,165.60607111909823,163.02585218946155,163.2819130529251,47720200
2023-04-20,164.11900329589844,165.3204757933169,163.04556123695718,163.56751067945328,52456400
2023-04-21,162.51377868652344,163.9220534848416,161.9918292131701,162.54332186221907,58337300
2023-04-24,162.8190460205078,163.0849495926161,161.40091367199096,162.49405610505224,41949600
2023-04-25,161.28274536132812,163.78416246885476,161.24334444666383,162.68117729099055,48714100
2023-04-26,161.27285766601562,162.76977657727082,160.32744626830737,160.58349205788602,45498800
2023-04-27,165.85226440429688,165.9999802574992,162.6811671878293,162.6811671878293,64902300
2023-04-28,167.10296630859375,167.27039764589344,165.33031595199535,165.93105213681218,55275900
2023-05-01,167.01434326171875,167.86128258741087,166.07877442017465,166.70905380019818,52472900
2023-05-02,165.9803009033203,167.76282424517206,164.99548835131355,167.5067633643402,48425700
2023-05-03,164.90682983398438,168.32412999077732,164.62124085601573,166.9256982160475,65136000
2023-05-04,163.2720489501953,164.50306450874902,161.81453073644045,162.3857237588548,81235400
2023-05-05,170.93389892578125,171.65280778469676,168.1665634032941,168.38322333782398,113453200
2023-05-08,170.86492919921875,171.2096195052504,169.49604074216262,169.86041647416434,55962800
2023-05-09,169.1612548828125,170.90436226614003,168.9938385535857,170.42181373691182,45326900
2023-05-10,170.9240264892578,171.38688948895523,169.28923440637098,170.39223444016065,53724500
2023-05-11,171.11119079589844,171.93842978088065,169.55518507059503,171.2096780676073,49514700
2023-05-12,170.1841278076172,171.65351807079642,168.63582673684218,171.21959891598488,45533100
2023-05-15,169.69105529785156,170.81529363826058,169.09934457223466,170.76598190315437,37266700
2023-05-16,169.69105529785156,170.74625419954612,169.42478396654107,169.61215953124739,42110300
2023-05-17,170.30252075195312,170.53919306240596,168.06389984598047,169.33607370599472,57951600
2023-05-18,172.6298828125,172.8172584115987,170.1940301198803,170.60822168470452,65496700
2023-05-19,172.73834228515625,173.9513327998332,172.5213826746833,173.9513327998332,55809500
2023-05-22,171.79159545898438,172.2945540862593,171.05196458153654,171.57463586444004,43570900
2023-05-23,169.1881103515625,170.9829553293692,168.9119826700276,170.7364116817252,50747300
2023-05-24,169.46424865722656,170.03623176135926,168.16250594092847,168.72461766792532,45143500
2023-05-25,170.59837341308594,171.49578098867764,169.3163432435991,170.02639025907388,56058300
2023-05-26,173.0045928955078,173.3399036765556,170.7166757800904,170.92377905521317,54835000
2023-05-30,174.8487548828125,176.51539231960112,174.12885165758402,174.51345913931758,55964400
2023-05-31,174.7994384765625,176.87041104464083,174.3162075312564,174.87833424607143,99625300
2023-06-01,177.60018920898438,177.62977324467488,174.4838737017158,175.24323239604442,68901800
2023-06-02,178.44830322265625,179.26683000310032,176.7816656255451,178.52719900186148,61996900
2023-06-05,177.09722900390625,182.39298156722955,175.57851175717974,180.10506441660397,121946500
2023-06-06,176.7323455810547,177.62975297431,174.97694105936182,177.4818328127375,64848400
2023-06-07,175.36158752441406,178.70471906299082,174.86850018805862,175.9730110061888,61944600
2023-06-08,178.07354736328125,178.3398036598064,175.00654388250445,175.44044804834044,50214900
2023-06-09,178.45819091796875,179.71062202681557,178.1327514419261,178.9907186665087,48900000
2023-06-12,181.2490234375,181.34764691680866,178.468018885392,178.7638742754878,54274900
2023-06-13,180.77566528320312,181.60404834381112,179.91769818813273,180.2727216495119,54929100
2023-06-14,181.4068145751953,181.84073380664427,179.50350482104812,180.83483150172444,57462900
2023-06-15,183.43832397460938,183.94128262941163,181.23915892536104,181.41667817053525,65433200
2023-06-16,182.3634033203125,184.40479194393566,181.72239585614398,184.14837692000424,101256200
2023-06-20,182.45216369628906,183.52710548415504,181.86046794433722,181.86046794433722,49799100
2023-06-21,181.4167022705078,182.84665255889604,180.06563271508736,182.34369383727915,49515700
2023-06-22,184.4146728515625,184.4639845971855,181.13070922445527,181.19974867789384,51245300
2023-06-23,184.0990753173828,184.96691381940127,182.45216546765664,182.98470820219737,53117000
2023-06-26,182.70858764648438,185.45015206010262,182.66913223239737,184.2470177435845,48088700
2023-06-27,185.45999145507812,185.78543087633778,183.10303478095216,183.31999439512526,50730800
2023-06-28,186.63352966308594,187.27453708797546,185.0063477089331,185.33177206150037,51216800
2023-06-29,186.96884155273438,187.4422162021352,186.32783407243755,186.4658979165552,46347300
2023-06-30,191.28826904296875,191.79121262094537,188.61572952588827,188.9806243235532,85213200
2023-07-03,189.7991485595703,191.19951452662892,189.1088143797874,191.10089105870892,31458200
2023-07-05,188.68479919433594,190.31198136153697,187.98460856583768,188.92148652956726,46920300
2023-07-06,189.1581573486328,189.36526064633148,186.5842409083175,187.21539208287066,45094300
2023-07-07,188.0437469482422,190.00623962579556,187.6098428072387,188.76366516963594,46815000
2023-07-10,186.0023651123047,187.3632906795546,184.45406399039535,186.6433724908287,59922200
2023-07-11,185.47972106933594,186.68285528837708,184.02018687082855,186.5447914459214,46638100
2023-07-12,187.14634704589844,189.04965668897157,185.864317131752,187.0575799007695,60750200
2023-07-13,187.9057159423828,188.54673850979384,187.15622860664624,187.86627557643092,41342300
2023-07-14,188.0536651611328,188.53688115718742,187.00832233558717,187.60001815586816,41616200
2023-07-17,191.30799865722656,191.63343805134278,189.15813040004866,189.24688249449068,50520200
2023-07-18,191.0515899658203,191.64330071063998,189.75970372238763,190.6768538720752,48288200
2023-07-19,192.4026641845703,195.48938034906212,189.9865244553515,190.4303150490968,80507300
2023-07-20,190.4599151611328,193.7537348839622,189.8386203157028,192.39280905028917,59581200
2023-07-21,189.28636169433594,192.2744696321092,188.5861710830146,191.41650251566858,71951700
2023-07-24,190.0851593017578,192.21530010696893,189.59207198839397,190.73603816687742,45377800
2023-07-25,190.94313049316406,191.75180092732498,190.25281124926505,190.65714646634552,37283200
2023-07-26,191.81097412109375,192.93521264770516,190.64729522856234,190.9924473358141,47471900
2023-07-27,190.54867553710938,194.4736466049838,189.88794029801272,193.3099676892758,47460200
2023-07-28,193.12257385253906,193.91151654263126,191.4559363697747,191.97860770429688,48291400
2023-07-31,193.73397827148438,193.7734336784224,192.560428204252,193.3493708168966,38824100
2023-08-01,192.90560913085938,194.0101198390568,192.58016971551623,193.52690392813534,35175100
2023-08-02,189.91749572753906,192.48154051645844,189.19759252290805,192.34347668203839,50389300
2023-08-03,188.52699279785156,189.7103992851957,188.05363321247987,188.92147165885288,61235200
2023-08-04,179.47393798828125,184.7894189873242,179.40489853673822,182.95513345446872,115956800
2023-08-07,176.37734985351562,180.59817633552169,174.8980878140883,179.61200164257014,97576100
2023-08-08,177.31419372558594,177.77769698523286,175.12488493894773,177.205713919119,67823000
2023-08-09,175.72647094726562,178.42857997538025,174.5627769846933,178.36941190145535,60378500
2023-08-10,175.50950622558594,178.25107058876787,175.14462641506705,176.9986245515979,54686900
2023-08-11,175.56875610351562,176.38838822312198,174.34425781198718,175.10464195853916,52036700
2023-08-14,177.2178955078125,177.44501774834183,175.09474782272636,175.74650562753334,43675600
2023-08-15,175.23301696777344,177.23765386072782,174.8380204140677,176.6451590301692,43622600
2023-08-16,174.36398315429688,176.30935657463468,174.29485048513217,174.9169842350172,46964900
2023-08-17,171.82608032226562,175.2922216904398,171.3125728746346,174.92684921501044,66062900
2023-08-18,172.3099822998047,172.91236175457905,169.81159252872837,170.14734105941557,61172200
2023-08-21,173.64309692382812,173.92948217703207,171.56934282132403,172.88272795365145,46311900
2023-08-22,175.01576232910156,175.46013721394584,174.04801023595033,174.8478880423005,42038900
2023-08-23,178.85714721679688,179.2817827873095,176.10201110060572,176.28963972003098,52722800
2023-08-24,174.17637634277344,178.8374075605793,173.8109887437673,178.41277199096436,54945800
2023-08-25,176.37850952148438,176.91175631972774,173.62337343895007,175.16388093182096,51449600
2023-08-28,177.93875122070312,178.33374768816518,176.31924159506977,177.83999456976295,43820700
2023-08-29,181.8196563720703,182.58991008586239,177.2573820568172,177.45488030453177,53003900
2023-08-30,185.30555725097656,185.50307057198083,182.43192527543482,182.62942352828824,60813900
2023-08-31,185.52281188964844,186.75719481874472,185.13768501849643,185.4931879048022,60794500
2023-09-01,187.09295654296875,187.54720101813678,185.92769123419916,187.12258052751662,45766500
2023-09-05,187.3299560546875,187.60645663383806,185.26607135025952,185.92769881238064,45280000
2023-09-06,180.62478637695312,186.4905763861184,179.20277485131902,186.04618648324464,81755800
2023-09-07,175.34161376953125,175.98350189646143,171.37183427986267,172.99134398653018,112488800
2023-09-08,175.953857421875,177.9881329660241,175.56873058484743,176.121746745329,65551300
2023-09-11,177.11912536621094,178.0473836718388,175.1243584797436,177.82026144859472,58953100
2023-09-12,174.09735107421875,177.87950173703112,172.6358460753217,177.24749835360407,90370200
2023-09-13,172.0334930419922,175.0848841389881,171.80635572558617,174.30474566083996,84267900
2023-09-14,173.5443572998047,173.89986015970092,171.4113401404273,171.82609096561458,60895800
2023-09-15,172.82350158691406,174.29489164916728,171.6483815469245,174.27513730071914,109259500
2023-09-18,175.74649047851562,177.13887792290447,173.9689761950564,174.2751007250675,67257600
2023-09-19,176.83274841308594,177.38574949277796,174.91698390976052,175.30211073798526,51826900
2023-09-20,173.29750061035156,177.45489404541186,173.20861358406935,177.0203888259045,58436200
2023-09-21,171.75692749023438,174.097327176541,171.687809899174,172.36919151411843,63149100
2023-09-22,172.60623168945312,174.8676297137013,171.87548661966315,172.48773574692532,56725400
2023-09-25,173.880126953125,174.7590070374673,171.97423178505466,172.02361011818323,46172700
2023-09-26,169.8115997314453,173.01111068359924,169.51534481079926,172.63586851438868,64588900
2023-09-27,168.30072021484375,170.87811270067803,166.93797153448685,170.46336179203436,66921800
2023-09-28,168.55743408203125,169.88068876106084,165.52578284422083,167.22429469748067,56294400
2023-09-29,169.07093811035156,170.9077001905232,168.211797495528,169.87081569769032,51861100
2023-10-02,171.57920837402344,172.12233981703872,168.79443355791753,169.08081880430257,52164500
2023-10-03,170.24607849121094,171.46072207785286,168.6858318118607,170.1078282132375,49594600
2023-10-04,171.4903564453125,172.03348795172127,168.8339619515459,168.9524578917983,53020300
2023-10-05,172.7247314453125,173.2579782200924,170.52258153582127,171.61871413723316,48527900
2023-10-06,175.27249145507812,175.76624458491796,171.016326818613,171.6285909459562,57266700
2023-10-09,176.75375366210938,176.81300162773064,173.60360623261292,174.60098214625398,42390800
2023-10-10,176.1612548828125,177.47464011941017,175.72674968355904,175.8748846750232,43698000
2023-10-11,177.5536346435547,177.60301297187604,175.3811238107674,175.9736185461729,47551100
2023-10-12,178.45223999023438,180.06186474127756,176.80309148754606,177.82023666760716,56743100
2023-10-13,176.6155242919922,179.65703072033497,175.91438812346496,179.15340788479125,51427100
2023-10-16,176.48707580566406,176.84257857298297,174.30468088748339,174.541687755078,52517000
2023-10-17,174.9367218017578,176.19085892709333,172.6160912129652,174.44296868905948,57549400
2023-10-18,173.64309692382812,175.36136323860268,172.92222157401596,173.38635072108465,54764400
2023-10-19,173.2678680419922,175.61812287122567,173.00123711265553,173.84060845589931,59302900
2023-10-20,170.72007751464844,173.22833664495803,170.4830706009531,173.1197103596996,64244000
2023-10-23,170.83856201171875,171.83593778736955,167.80691093290386,168.77467779799048,55980100
2023-10-24,171.27310180664062,171.50022404547477,169.30795876796012,170.88797493724758,43816600
2023-10-25,168.9623260498047,170.8978298690587,168.51793618108192,169.7325797223047,57157000
2023-10-26,164.80491638183594,169.23882483986895,163.60015755926395,168.24143389027685,70625300
2023-10-27,166.11830139160156,166.8490614359056,164.745668316651,164.82467062426355,58499100
2023-10-30,168.16244506835938,169.03145545417337,166.7601878982554,166.90832288755587,51131000
2023-10-31,168.636474609375,168.76484019690602,165.80232095364974,167.23421730907862,44846000
2023-11-01,171.79647827148438,172.05322449399938,167.99457285522465,168.86358325166134,56934900
2023-11-02,175.35150146484375,175.5588693503195,173.26786256268767,173.32711052996643,77334800
2023-11-03,174.4429473876953,174.61083668548292,171.18418929633518,172.06306912689155,79829200
2023-11-06,176.99073791503906,177.18823614800198,174.00847994055556,174.17635419198152,63841300
2023-11-07,179.5484161376953,180.1606652677133,176.7340169447808,176.94138484513783,70530000
2023-11-08,180.6050567626953,181.15805797213443,179.32129534469576,180.07180990163698,49340300
2023-11-09,180.13101196289062,181.81963914926845,179.5385022077218,180.67414339377055,53763500
2023-11-10,184.3136749267578,184.48178544542026,181.475802800193,181.9108804268445,66133400
2023-11-13,182.73158264160156,183.9478113332898,182.14818998578377,183.7401702602705,43627500
2023-11-14,185.342041015625,186.00454008995078,184.21480130754796,185.59912547957174,60108400
2023-11-15,185.90567016601562,187.3789985945617,185.6782486931539,185.7474724520267,53790500
2023-11-16,187.58663940429688,188.82264852852316,186.5384909930313,187.44820698590362,54412900
2023-11-17,187.5668487548828,188.24912816814668,186.4593894684262,188.12057839811112,50922700
2023-11-20,189.30714416503906,189.76200213676566,187.75472463510502,187.76460727588125,46505100
2023-11-21,188.50621032714844,189.37636552049437,187.61628985249988,189.26759612132614,38134500
2023-11-22,189.16871643066406,190.77057938008178,188.6940931656517,189.3467095850447,39617700
2023-11-24,187.84375,188.76333367409984,187.13180743837248,188.73367065803237,24048300
2023-11-27,187.66571044921875,188.5358656068872,186.7856726513042,187.79426021241986,40552600
2023-11-28,188.26890563964844,188.9413024556769,187.2800983304318,187.65584993609482,38415400
2023-11-29,187.2504425048828,189.93999969621768,186.85492560121705,188.76331653900834,43014200
2023-11-30,187.8239288330078,188.18979776505014,186.08363355367433,187.71515943504943,48794400
2023-12-01,189.09950256347656,189.4159130354433,187.11199034893104,188.1996843513192,45704800
2023-12-04,187.3097381591797,187.92280887485518,185.35190415389414,187.85358512953687,43389500
2023-12-05,191.25514221191406,192.22416932395984,188.05140052424628,188.08107862980322,66628400
2023-12-06,190.16741943359375,192.58009647341478,189.95976327032974,192.27356863697858,41089700
2023-12-07,192.09559631347656,192.81742141001197,191.42319951100376,191.46276025185608,47477700
2023-12-08,193.51950073242188,193.79636559429088,191.50232520965804,192.0263919187675,53406400
2023-12-11,191.01780700683594,191.32434997590968,189.27751140798418,190.948598334338,60943700
2023-12-12,192.5306854248047,192.54056806660662,189.57414602172835,190.9189246189266,52696900
2023-12-13,195.74429321289062,195.7838388648497,192.66910200901862,192.90640609677627,70404200
2023-12-14,195.89260864257812,197.38570218691584,193.96443748585023,195.80361960949875,66831600
2023-12-15,195.3586883544922,196.17938523204796,194.7950608853233,195.3191276085836,128538400
2023-12-18,193.6974639892578,194.4291868327445,192.21425301938103,193.8952224343076,55751900
2023-12-19,194.73570251464844,194.74558515548247,193.69745188302565,193.96443406555753,40714100
2023-12-20,192.6493377685547,195.46742966263125,192.6493377685547,194.69616113684165,52242800
2023-12-21,192.50100708007812,194.8741537657828,191.33422165280876,193.9051267903215,46482500
2023-12-22,191.43310546875,193.2228443252002,190.81015202156473,192.9954077755279,37149600
2023-12-26,190.88926696777344,191.71986154255086,190.67172813799795,191.44299668429173,28919300
2023-12-27,190.98814392089844,191.33423254727063,188.95120308408815,190.3355425015734,48087700
2023-12-28,191.41331481933594,192.48122849088116,191.00790021395272,191.96704448132198,34049900
2023-12-29,190.37506103515625,192.2241257878035,189.58401220758475,191.72972215657148,42672100
2024-01-02,183.5621795654297,186.33084291740326,181.83176685644636,185.0552730997862,82488700
2024-01-03,182.187744140625,183.79950485996184,181.37691491631995,182.15808112880916,58414500
2024-01-04,179.87393188476562,181.04071720671112,178.85546161628733,180.11123597031312,71983600
2024-01-05,179.152099609375,180.7144169560074,178.15340966673114,179.95304619735901,62379700
2024-01-08,183.4830780029297,183.52263874374273,179.46852282651062,180.0519155054874,59144500
2024-01-09,183.06777954101562,183.07766218215258,180.68475037086026,181.86143345023166,42841800
2024-01-10,184.1060028076172,184.31364385660615,181.8614063874065,182.2866013010497,46792900
2024-01-11,183.5127410888672,184.9564063690912,181.5647895230864,184.4521049955326,49128400
2024-01-12,183.83905029296875,184.64987951630312,183.11722519297732,183.97748271061099,40477800
2024-01-16,181.57470703125,182.19764543114704,178.9049149905355,180.12115895148446,65603000
2024-01-17,180.63531494140625,180.8825167727283,178.281963767062,179.24110807963172,47317400
2024-01-18,186.51873779296875,187.0230241166397,183.7500741577492,184.00715864056133,78005800
2024-01-19,189.41592407226562,189.80155831594578,186.70660172518024,187.21088801676132,68903000
2024-01-22,191.71986389160156,193.143748944668,190.1081030206995,190.14766376550878,60133900
2024-01-23,192.99539184570312,193.55901922053994,191.660511110776,192.83719415255706,42355600
2024-01-24,192.32302856445312,194.18199120084623,192.16481576816378,193.23272951111284,53631300
2024-01-25,191.9967041015625,194.07320538533628,190.9485708187439,193.0349547434494,54822100
2024-01-26,190.26629638671875,192.58010181757646,189.7916731135176,192.09559590318426,44594000
2024-01-29,189.58401489257812,190.04875551955823,187.4580852833725,189.86087972294905,47145600
2024-01-30,185.935302734375,189.65322753238257,185.37169046557113,188.80285272092348,55859400
2024-01-31,182.3360595703125,185.00585134318092,182.28663127585358,184.94651023142666,55467800
2024-02-01,184.76852416992188,184.857513201702,181.7625567551165,181.93065217781273,64885400
2024-02-02,183.76983642578125,185.2332669548565,177.24370243482153,177.84687547061628,102551700
2024-02-05,185.57936096191406,187.13179578344227,183.75995901240586,186.04410163536497,69668800
2024-02-06,187.1812286376953,187.19111127921153,184.67954732588265,184.76853636353553,43490800
2024-02-07,187.2899932861328,188.91163664571195,186.49894443287428,188.50622203381667,53439000
2024-02-08,186.21221923828125,187.41855040104747,185.25307484073457,187.27023532431497,40962000
2024-02-09,186.97454833984375,188.10322646586073,186.13298359451971,186.77652244170517,45155200
2024-02-12,185.2914276123047,186.79633688725167,184.93500212895557,186.54881961012742,41781900
2024-02-13,183.20237731933594,184.36077144619387,181.68757282391297,183.92513863049606,56529500
2024-02-14,182.3212127685547,183.6875129162611,180.62820312290157,183.4796068721132,54630500
2024-02-15,182.0341033935547,182.65785175424014,179.54903541760635,181.727184392981,65434500
2024-02-16,180.49948120117188,183.0142649801448,179.86583763061847,181.59845842120637,49752500
2024-02-20,179.75692749023438,180.61828269677792,178.21242224791314,179.98463913307552,53665600
2024-02-21,180.50938415527344,181.0737156195715,178.8658660184515,180.13315310757224,41371400
2024-02-22,182.5390167236328,183.12316891523534,180.6479964148563,181.65785591778803,52292200
2024-02-23,180.70741271972656,183.20237592421455,180.42028422645075,183.17267506039363,45119700
2024-02-26,179.36093139648438,180.94503297704767,178.85598645977296,180.4302078946742,40867400
2024-02-27,180.8163299560547,182.09351248592515,177.77681047698752,179.30152539649055,54318900
2024-02-28,179.6183319091797,181.30144633523983,178.34114943443706,180.69750358801915,48953900
2024-02-29,178.9550018310547,180.75693496542868,177.74711623943745,179.46984202762675,136682600
2024-03-01,177.8758087158203,178.73716395290236,175.61845249589473,177.76690051629518,73563100
2024-03-04,173.36109924316406,175.14321147352493,172.06409607852763,174.4006596751229,81510100
2024-03-05,168.4305419921875,170.33147275577412,167.93550746706842,169.0641855800497,95132400
2024-03-06,167.44044494628906,169.53940125478644,167.00481221986033,169.3611809997691,68587700
2024-03-07,167.3216552734375,169.0344703547855,166.81672553933012,167.47015957545335,71765100
2024-03-08,169.03448486328125,171.9749911536114,167.26226790901475,167.32166963491963,76267000
2024-03-11,171.034423828125,172.64824117092596,170.34137853305091,171.22253935977105,60139500
2024-03-12,171.50965881347656,172.3017170819102,169.31170429451927,171.43045147590772,59825400
2024-03-13,169.43052673339844,171.4700666239107,169.06419090034882,171.05423942259554,52488700
2024-03-14,171.28195190429688,172.57893998999515,170.34138929390355,171.19284931228447,72913500
2024-03-15,170.90573120117188,170.90573120117188,168.5988682774061,169.47013396047814,121752700
2024-03-18,171.9947967529297,175.94517770513775,171.7967859641753,173.82643054023092,75604200
2024-03-19,174.3313751220703,174.8561105550952,171.31166123855039,172.6086493883763,55215200
2024-03-20,176.8956298828125,176.8956298828125,173.3511809805003,173.97492929704185,53423100
2024-03-21,169.6681365966797,175.72736975318543,169.14340118299,175.29173693263047,106181300
2024-03-22,170.569091796875,171.33144918231721,168.37113733503185,170.05425166968308,71160100
2024-03-25,169.15330505371094,170.2324767040703,167.76719930445816,168.87608692531137,54288300
2024-03-26,168.02462768554688,169.71763732680742,167.8959138727621,168.31174106723407,57388400
2024-03-27,171.5888671875,171.87599567632833,168.42064920188324,168.71767294274684,60273300
2024-03-28,169.7770233154297,170.51957504542207,168.8166552027259,170.04434616825796,65672700
2024-04-01,168.34144592285156,169.54933141950085,167.79690490268092,169.48992969134684,46240500
2024-04-02,167.1632537841797,167.65828830624176,166.55931106297376,167.40087579338118,49329500
2024-04-03,167.9652099609375,168.98497988400436,166.90584392266877,167.11374996517486,47691700
2024-04-04,167.14344787597656,170.2126525655396,167.14344787597656,168.59883533803097,53704400
2024-04-05,167.89590454101562,168.69785802201392,167.27215623034843,167.90579979250484,42104800
2024-04-08,166.7771453857422,167.51969724864153,166.56923932419392,167.35138730592178,37425500
2024-04-09,167.9850311279297,168.3909631058002,166.6781477036779,167.02466284236104,42373800
2024-04-10,166.11378479003906,167.4107728345435,165.45044033625643,167.12365945587084,49709300
2024-04-11,173.30166625976562,173.71750852250418,166.49000200344838,166.6682071669761,91070300
2024-04-12,174.7967071533203,176.58872985356905,172.47994902506244,172.52944039553972,101670900
2024-04-15,170.97503662109375,174.8759113224836,170.7869210734751,173.61851932570818,73531800
2024-04-16,167.69789123535156,172.03438316124112,166.59891404642835,170.0443499195711,73711200
2024-04-17,166.3315887451172,168.9552655008738,166.3315887451172,167.9256004082147,50901200
2024-04-18,165.38111877441406,166.96523521407434,164.8959946340493,166.36129252101995,43122900
2024-04-19,163.3614044189453,164.7474951408098,162.4505426435407,164.55939469854349,68149400
2024-04-22,164.19302368164062,165.59891971474525,163.1336578084027,163.8762094876148,48116400
2024-04-23,165.2425079345703,165.391027347015,163.28217556978177,163.7079130900853,49537800
2024-04-24,167.3414764404297,167.6186945681344,164.55938480415762,164.88609429896647,48251800
2024-04-25,168.20285034179688,168.91570135131437,166.48012455092012,167.84642483703811,50558300
2024-04-26,167.61868286132812,169.63841695172266,167.49986430971396,168.19292468782604,44838400
2024-04-29,171.7769775390625,174.28185098854456,171.38095596804143,171.64826373021612,68169400
2024-04-30,168.63844299316406,173.25216784182598,168.3117184327478,171.6086497890361,65934800
2024-05-01,167.61868286132812,170.9948217396029,167.43056733625505,167.8959009696714,50383100
2024-05-02,171.3116455078125,171.69777183075684,169.19289835753364,170.79680537480178,94214900
2024-05-03,181.55886840820312,185.14291355827163,180.84601747897057,184.7963833456082,163224100
2024-05-06,179.9054412841797,182.37070337959045,178.62824383792136,180.5390848280799,78569700
2024-05-07,180.5885772705078,183.0637497391675,179.5193160584302,181.62815272879564,77305800
2024-05-08,180.9252166748047,181.25194126160505,179.64801918938014,181.0341248704048,45057100
2024-05-09,182.737060546875,182.82616313989396,180.30148392023486,180.74701199258516,48983000
2024-05-10,181.4779510498047,183.50042466657956,180.56585391849484,183.3120539854214,50759500
2024-05-13,184.68023681640625,185.49320196467926,183.03448917069318,183.8474543189662,72044800
2024-05-14,185.82032775878906,186.68286641073877,184.69011878206607,185.89964252722956,52393600
2024-05-15,188.09068298339844,189.01268886802714,185.76085876781028,186.2962297111884,70400000
2024-05-16,188.2096405029297,189.458829238671,188.03119361367854,188.83423487080034,52845200
2024-05-17,188.2393798828125,189.1713095252472,187.55530322495105,187.8824709799172,41282900
2024-05-20,189.3993377685547,190.2717851507536,187.38677266186554,187.70403175639103,44361300
2024-05-21,190.69808959960938,191.07481584379752,189.28036268210627,189.44890089382775,42309400
2024-05-22,189.26052856445312,191.16405275409193,188.63594934473116,190.61877317517173,34648500
2024-05-23,185.27508544921875,189.35969818168277,185.02723244112752,189.3398657052663,51005900
2024-05-24,188.34841918945312,188.94327235106317,186.4250777783575,187.19839293954828,36327000
2024-05-28,188.3583526611328,191.34249703943843,187.47599667367734,189.86528785982966,52280100
2024-05-29,188.65577697753906,190.59895109353056,187.8824768517226,187.98162409974876,53068000
2024-05-30,189.64718627929688,190.52954231443272,188.99286588586446,189.12173915319045,49889100
2024-05-31,190.59896850585938,190.91622762632966,188.27906791647348,189.79592715782175,75158300
2024-06-03,192.36363220214844,193.31539419555028,190.86660581567378,191.24333201644762,50080500
2024-06-04,192.680908203125,193.64257895328527,191.37223723797064,192.96841099700254,47471400
2024-06-05,194.18785095214844,195.20900403542353,193.19643901671662,193.72188613227584,54156800
2024-06-06,192.8097686767578,194.8124248113502,192.50243342955554,194.0093836485974,41181800
2024-06-07,195.19912719726562,195.24870082767134,192.47274393017977,192.97835865372278,53103900
2024-06-10,191.4614715576172,195.60558138834554,190.49980075281104,195.20900753042525,97010200
2024-06-11,205.3709716796875,205.38089548057218,191.96709351098235,191.98691085726122,172373300
2024-06-12,211.2401580810547,218.3089152196564,205.1231328450552,205.58909768640683,198134300
2024-06-13,212.4001007080078,214.888539245905,209.7827737762817,212.8958066808934,97862700
2024-06-14,210.66513061523438,213.32210737882852,209.4853479747781,212.01345147179217,70122700
2024-06-17,214.80923461914062,217.06965275202606,210.89316027395952,211.53757201804441,93728300
2024-06-18,212.4496612548828,216.75240063817128,211.1707464886947,215.72132373307375,79943300
2024-06-20,207.8792724609375,212.4001241396946,207.05641376758703,212.09277369529264,86172500
2024-06-21,205.7080841064453,210.07029091430852,205.33134270047418,208.58317289420788,241805100
2024-06-24,206.3524627685547,210.87329840415435,204.81577136869439,205.93607160503834,80727000
2024-06-25,207.2744903564453,209.56464939365068,206.8184342324815,207.35378999494392,55549700
2024-06-26,211.41859436035156,213.01476817493463,208.8310086144187,209.68362348048936,66213200
2024-06-27,212.2613067626953,213.88722177256454,210.5263358320774,212.8462361886446,49772700
2024-06-28,208.8111572265625,214.21436386520998,208.49391330369318,213.91693728719588,82542700
2024-07-01,214.88853454589844,215.64200216221636,210.10001313722785,210.26855134899324,60402900
2024-07-02,218.37832641601562,218.48738234159504,213.2527281692765,214.29369867156123,58046200
2024-07-03,219.64730834960938,219.64730834960938,217.14894613859082,218.11061688690268,37369800
2024-07-05,224.39617919921875,224.50523511983306,219.74645469045154,219.74645469045154,60412400
2024-07-08,225.8634796142578,225.89322076278884,221.3327197032473,225.13973799267995,59085900
2024-07-09,226.716064453125,227.42988222637766,224.4259054004998,225.9725055332989,48076100
2024-07-10,230.9791259765625,231.0782732115439,227.28116405346748,227.33073767095817,62627700
2024-07-11,225.61563110351562,230.39422897123262,223.83108651749725,229.40281699319425,64710600
2024-07-12,228.5601043701172,230.64207551688347,226.71607753741577,226.9540218514806,53046500
2024-07-15,232.38694763183594,235.1926451763578,231.08820043911544,234.44908623752588,62631300
2024-07-16,232.80337524414062,234.2409196318231,230.3347538954296,232.98182214446476,43234300
2024-07-17,226.91436767578125,229.47221227385296,224.69359950369105,227.47946461019197,57345900
2024-07-18,222.2547149658203,228.46096321097224,220.36112971273346,228.3023336745397,66034600
2024-07-19,222.38360595703125,224.8522270905052,221.36245288688534,222.88923571935766,49151500
2024-07-22,222.03665161132812,225.8238378140571,221.17411283226946,225.06044629209634,48201800
2024-07-23,223.07760620117188,224.9910392063895,220.7676144514488,222.44310313331528,39960300
2024-07-24,216.66314697265625,222.86939506256107,215.2652677100796,222.0762625279836,61777600
2024-07-25,215.6221923828125,218.95333716975932,212.77682977395946,217.04981289629316,51391200
2024-07-26,216.08815002441406,217.6050090608147,214.15488466672127,216.8217851678197,41601300
2024-07-29,216.36573791503906,217.41663210574902,213.89711684474761,215.0967318967012,36311800
2024-07-30,216.92092895507812,218.43778796730905,214.2639371695869,217.3075789949067,41643800
2024-07-31,220.1727752685547,221.89783756706774,218.73523091700034,219.53827220377053,50036300
2024-08-01,216.4846954345703,222.55213120715743,215.15620716620225,222.44307529690366,62501000
2024-08-02,217.97181701660156,223.6625266661827,215.8402875210575,217.26790792406092,105568600
2024-08-05,207.47279357910156,211.6664621054212,194.3167520967801,197.3802115476467,119548600
2024-08-06,205.45028686523438,208.18659343179937,199.34320096724198,203.53686913101606,69660500
2024-08-07,208.01806640625,211.80525225793107,204.61751548926864,205.12313014700663,63516400
2024-08-08,211.47808837890625,212.36044444161047,207.0365669160157,211.27980900719393,47161100
2024-08-09,214.3829345703125,214.91829038971974,210.1496011292121,210.27848952903548,42201600
2024-08-12,215.91146850585938,217.8767320905019,213.9958359256548,214.4623401059105,38028100
2024-08-13,219.62364196777344,220.23902400333975,217.38044783379533,217.38044783379533,44155300
2024-08-14,220.07029724121094,221.37054778476931,218.06532277692483,218.92885985517657,41960600
2024-08-15,223.0479736328125,223.67329096872731,221.10255033510867,222.9288713384501,46414000
2024-08-16,224.3680877685547,225.1422830006272,221.98593577772976,222.25393109506462,44340200
2024-08-19,224.20925903320312,224.30852103873067,221.38045847347976,224.0405257400108,40687800
2024-08-20,224.8246307373047,225.4797235950926,223.77252016614798,224.09014645304697,30299000
2024-08-21,224.71546936035156,226.28371522001356,223.37552309496598,224.8345868015738,34765500
2024-08-22,222.859375,226.64102413052154,222.2340576918725,226.09511339685906,43695300
2024-08-23,225.15219116210938,226.52192810531062,222.66087229355688,223.98097823318813,38677300
2024-08-26,225.4896697998047,225.58893181224732,222.22415556593285,225.07279660900764,30602200
2024-08-27,226.33334350585938,227.14724957253156,223.21670725505913,224.31844891527626,35934600
2024-08-28,224.80479431152344,228.14971479709,224.0008084384826,226.22414704916858,38052200
2024-08-29,228.0802459716797,231.18696212304621,227.1770283167567,228.3879521456165,51906300
2024-08-30,227.29611206054688,228.68568922028223,225.78741746908054,228.4772602189495,52990800
2024-09-03,221.11248779296875,227.2961293418145,219.52438650802387,226.84948058831634,50190600
2024-09-04,219.20677185058594,220.12984491677884,215.86183603349318,220.01074262314262,43840200
2024-09-05,220.72535705566406,223.80228200866125,219.87175539355434,219.98093752982143,36615400
2024-09-06,219.17698669433594,223.56409767944487,218.13479623481732,222.28368749781316,48423000
2024-09-09,219.26634216308594,219.6236642204836,215.09759492361837,219.17701543505086,67180000
2024-09-10,218.47227478027344,219.83207646515766,215.1174187834135,217.29112653781655,51591000
2024-09-11,221.0032958984375,221.43008920211523,216.26878297144034,219.81222755985956,44587100
2024-09-12,221.11248779296875,221.8866830044339,218.1844402475294,220.84449248276735,37455600
2024-09-13,220.84449768066406,222.37303270856336,220.25889118684435,221.9164638014437,36766600
2024-09-16,214.71047973632812,215.60377723416104,212.32832783334672,214.92882889414335,59357400
2024-09-17,215.17697143554688,215.28615358843467,212.904016801209,214.14471619981742,45519300
2024-09-18,219.04794311523438,221.05291740528648,215.92137182236397,215.931307109631,59894900
2024-09-19,227.16708374023438,228.11002736409566,222.95864123060412,223.31596324984213,66781300
2024-09-20,226.50204467773438,231.35565937992675,225.92635842704388,228.25887899921625,318679900
2024-09-23,224.7849578857422,227.74278104335218,224.12986496132828,225.64847983003366,54146000
2024-09-24,225.67825317382812,227.64353192764617,224.05045616714196,226.94872814757065,43556100
2024-09-25,224.6856689453125,225.59882178569194,222.35316341740713,223.25638097071698,42308700
2024-09-26,225.82713317871094,226.7998372114188,223.73283210674714,225.60876888531146,36636700
2024-09-27,226.09512329101562,227.81226214161182,225.6087788258606,226.7601514881057,34026000
2024-09-30,231.266357421875,231.266357421875,227.9412771261621,228.3283747151782,54541900
2024-10-01,224.5269012451172,227.94129335648356,222.0752779583648,227.81227091446172,63285000
2024-10-02,225.09263610839844,225.67824256269316,221.360617941662,224.20925878310885,32880600
2024-10-03,223.99090576171875,225.12242301224842,221.65839996957536,223.4648504260935,34044200
2024-10-04,225.1125030517578,226.30357145139808,222.46237094034984,226.20430944090455,37245100
2024-10-07,220.04051208496094,224.01074997862722,219.68319006872073,222.8296017820206,39505400
2024-10-08,224.0901641845703,224.298593199742,221.58890998571715,222.63110049734397,31855700
2024-10-09,227.83209228515625,228.0405364361267,223.15714569962594,223.55416342639623,33591100
2024-10-10,227.33583068847656,227.7924147414137,225.47974919262126,226.08521111865923,28183500
2024-10-11,225.85691833496094,227.70307961960657,225.6484741750507,227.5938974682738,31759200
2024-10-14,229.5790252685547,230.00581860221664,226.89911753216435,226.99836439928595,39882100
2024-10-15,232.11004638671875,235.7229623804217,230.6410474142004,231.87182665313995,64751400
2024-10-16,230.055419921875,230.39288648800354,228.1298522341637,229.87676649695567,34082200
2024-10-17,230.4226837158203,232.11004699556463,228.8048220166126,231.69315867439417,32993800
2024-10-18,233.25146484375,234.42267769537074,232.2688255608399,234.42267769537074,46431500
2024-10-21,234.720458984375,235.08771628667242,232.7055644739604,232.7055644739604,36254500
2024-10-22,234.10508728027344,234.4624093106695,230.86934872103873,232.14974382855843,38846600
2024-10-23,229.0430145263672,233.3904297884605,226.06533615950997,232.33831918874512,52287000
2024-10-24,228.85446166992188,229.10260155629064,226.710529416834,228.26884002769643,31109500
2024-10-25,229.6881866455078,231.48471683213373,227.86188088691335,228.03061417648678,38802300
2024-10-28,231.66339111328125,232.98349712196287,230.81972458948547,231.58399967772363,36087100
2024-10-29,231.93138122558594,232.5864741436605,230.59143496071306,231.36563017470797,35417200
2024-10-30,228.387939453125,231.7328600109945,227.8420287171323,230.87925826342104,47070900
2024-10-31,224.2291259765625,228.11995749798112,223.69313535160188,227.63359787833264,64370100
2024-11-01,221.25143432617188,223.67328184782377,218.6310779402587,219.32586653780092,65276700
2024-11-04,220.35813903808594,221.13233427123137,218.07526420177624,219.34573920720757,44944500
2024-11-05,221.7873992919922,222.28367900181775,219.49458945583885,220.14968230766976,28111300
2024-11-06,221.06285095214844,224.387931303672,219.54423614319148,220.95366880237512,54561100
2024-11-07,225.7874298095703,226.18446269494834,222.89909318788202,222.95864433437472,42137700
2024-11-08,225.51914978027344,227.20835428792034,224.9726384261151,225.72780810336752,38328800
2024-11-11,222.8064422607422,224.26711098635633,220.09377826828018,223.57155806032975,42005600
2024-11-12,222.8064422607422,224.1578087292724,221.9419704213889,223.1244179765924,40398300
2024-11-13,223.69082641601562,225.2111120360391,221.34580821096,222.58787261698694,48566200
2024-11-14,226.77113342285156,227.41700079571672,223.5715745650122,223.5914518391994,44923900
2024-11-15,223.5715789794922,225.4793879673537,222.84621765747355,224.96268496170848,47923700
2024-11-18,226.57241821289062,228.28149999782985,223.74050538640262,223.8199993254601,44633700
2024-11-19,226.8307647705078,228.6988344551977,225.22105418122663,225.53901477922054,36211800
2024-11-20,227.5461883544922,228.47027695087482,224.45593165289552,226.61215353970658,35169600
2024-11-21,227.06924438476562,228.69883223369175,224.2770861035494,227.42695953023323,42108300
2024-11-22,228.41065979003906,229.25526960886552,226.6121530455377,226.6121530455377,38168300
2024-11-25,231.39163208007812,231.76922452168117,228.2815130321861,229.99059491471002,90152800
2024-11-26,233.56771850585938,234.07449047305911,231.84870566104107,231.84870566104107,45986200
2024-11-27,233.4385223388672,234.19370712659864,232.32563759305353,232.98145117337265,33498400
2024-11-29,235.82330322265625,236.3002516789311,232.48463370489634,233.3192972938568,28481400
2024-12-02,238.06895446777344,239.26133321145704,235.654388648958,235.76369091824088,48137100
2024-12-03,241.10952758789062,241.21882985808793,237.3833345065081,238.28756099978403,38861000
2024-12-04,241.46722412109375,242.560246738831,239.71840309463144,241.32811352991968,44383900
2024-12-05,241.4970703125,242.98754766386446,240.59285890906452,242.44105143123323,40033900
2024-12-06,241.29832458496094,243.0769692456264,240.5431549096241,241.36788746709487,36870600
2024-12-09,245.18350219726562,245.67039687977774,240.21524480725012,240.29473874492055,44649200
2024-12-10,246.19703674316406,246.63424582967986,243.7824557106041,245.32261857013248,36914800
2024-12-11,244.92518615722656,249.20782208911243,244.69663537468304,246.38585520914904,45205800
2024-12-12,246.3858184814453,247.1608653940442,244.1202792424049,245.32260415969785,32777500
2024-12-13,246.55474853515625,247.70737273801882,244.67674782957272,246.24671899982582,33155300
2024-12-16,249.4462890625,249.78414212694497,246.07781077104264,246.4156638354876,51694800
2024-12-17,251.87078857421875,252.2185726786221,248.19428090188288,248.49237939681157,51356400
2024-12-18,246.47528076171875,252.66572594292316,246.16725119368886,250.55918941684527,56774100
2024-12-19,248.20419311523438,250.400169527173,245.5213371883983,245.92873792847348,60882300
2024-12-20,252.87437438964844,253.38113119374523,244.13023820234332,246.46531011815415,147495300
2024-12-23,253.6494140625,254.02699130961165,251.84096111600803,253.15258832932108,40858800
2024-12-24,256.5608215332031,256.5707374276886,253.66927695641888,253.868019379837,23234700
2024-12-26,257.3756103515625,258.44877099351584,255.99445048269988,256.5508929178466,27237100
2024-12-27,253.96737670898438,257.05764856283577,251.45343969164696,256.19314630806485,42355300
2024-12-30,250.59889221191406,251.8906421270002,249.15810064436016,250.6287005424076,35557500
2024-12-31,248.83021545410156,251.6720594492945,247.84649497663966,250.83739579916153,39480700
2025-01-02,242.30191040039062,247.51858047528103,240.28479918438643,247.34964638751123,55740700
2025-01-03,241.8150177001953,242.6298040057451,240.3543488544026,241.8150177001953,40244100
2025-01-06,243.44461059570312,245.75982034447205,241.65603491404494,242.75898865424097,45045600
2025-01-07,240.67233276367188,243.99112508347835,239.81779188041267,241.43743349025635,40856000
2025-01-08,241.15921020507812,242.16280789951685,238.52603985831155,240.3841632667122,37628900
2025-01-10,235.34637451171875,238.63535869995312,231.5208099984783,238.48630187104285,61710900
2025-01-13,232.91189575195312,233.180185891021,228.26161420500546,232.04742383507855,49630700
2025-01-14,231.7990264892578,234.62099318079112,230.99417118008773,233.25969544364762,39435300
2025-01-15,236.35987854003906,237.4429702030776,232.94171493841435,233.1503884256181,39832000
2025-01-16,226.81088256835938,236.49898454969573,226.58234697208553,235.84318609247865,71759100
2025-01-17,228.5199432373047,230.81527553043833,227.02946614701875,230.6463566129693,68488300
2025-01-21,221.2265625,222.99526090225285,217.98726416864307,222.57792910461188,98070400
2025-01-22,222.40902709960938,222.6971793763667,218.39466636780546,218.39466636780546,64126500
2025-01-23,222.24009704589844,225.58869773276695,220.88873040600683,223.3132424800993,60234800
2025-01-24,221.3656768798828,224.19758968028435,220.00437919561992,223.35297985225768,54697900
2025-01-27,228.40072631835938,230.67618150163648,222.5580508531902,222.5978054024586,94863400
2025-01-28,236.7473907470703,238.66514594376807,229.3446904229109,229.38444497187513,75707600
2025-01-29,237.84042358398438,238.33724933385383,232.52438199561368,232.6336842670617,45486100
2025-01-30,236.08164978027344,239.26133146080375,235.7040725307193,237.1547951903121,55658300
2025-01-31,234.5017547607422,245.62071750771995,231.95800933839706,245.62071750771995,100959800
2025-02-03,226.5624542236328,230.35820991583037,224.26712187534005,228.5298949466701,73063300
2025-02-04,231.3220672607422,231.64997406812495,225.21110156992967,225.80729852188347,45067300
2025-02-05,230.99415588378906,231.19288314320298,226.82082278842498,227.07916670947125,39620300
2025-02-06,231.73941040039062,232.31573010563136,228.96711414866223,229.8216550685821,29925300
2025-02-07,226.18492126464844,232.51447718052603,225.81725985814606,231.12337098865854,39707200
2025-02-10,226.4534454345703,229.3779949636392,226.005813710008,228.36336710225459,33115600
2025-02-11,231.3973388671875,233.99362125199642,226.93094812871882,227.000572314181,53718400
2025-02-12,235.62501525878906,235.71455375787428,229.4675472393098,229.98481838871234,45243300
2025-02-13,240.26051330566406,241.06625350434595,234.33184765944378,235.66480095549997,53614100
2025-02-14,243.31439208984375,244.25939586817944,239.72336558929686,239.981993568851,40896200
2025-02-18,243.18507385253906,243.8913336127375,240.56889220053384,242.86674847770814,48822500
2025-02-19,243.5829620361328,244.716969605811,241.88195827091008,243.37407429304395,32204200
2025-02-20,244.53790283203125,245.4829065325138,243.00598867544505,243.6525813389452,32316900
2025-02-21,244.25938415527344,247.38287960480025,243.93111682470231,244.6572756706751,53197400
2025-02-24,245.80125427246094,247.55199828948733,243.1353323966777,243.64264638435856,51326400
2025-02-25,245.74154663085938,248.68599549611233,243.62275227067275,246.69650753214344,48013300
2025-02-26,239.09666442871094,243.6923767743236,237.87313357927937,243.04579925662603,44433600
2025-02-27,236.05276489257812,241.18564780716906,235.81402085750776,238.1516754344793,41153600
2025-02-28,240.56887817382812,240.8175641664438,228.9900589647863,235.70458076540925,56833400
2025-03-03,236.7789306640625,242.74739510665418,234.86902386386396,240.51916291712755,47184000
2025-03-04,234.68994140625,238.80819608105105,233.44651142335266,236.46059966619734,53798100
2025-03-05,234.50094604492188,235.30668622205877,228.02515316620742,234.18262069274581,47227600
2025-03-06,234.09310913085938,236.60981025581015,231.93451645578955,233.20778757123546,45170400
2025-03-07,237.81346130371094,240.10136041796665,233.5261018066448,233.87426828677374,46273600
2025-03-10,226.2843780517578,234.9187645202326,223.04151782981955,234.30201287196223,72071200
2025-03-11,219.67926025390625,224.65298022983382,216.30707871737093,222.63365113389432,76137400
2025-03-12,215.8395538330078,220.58448707211764,213.7804415985268,218.98294858814833,62547500
2025-03-13,208.5779266357422,215.70029772842102,207.3245545879158,214.81497612462363,61368300
2025-03-14,212.36790466308594,212.8254784087618,208.4784519318959,210.13967261110687,60107600
2025-03-17,212.87522888183594,214.08881784956162,208.86641153353526,212.18885305172668,48073400
2025-03-18,211.57211303710938,214.019174884069,210.3784232206469,213.0343879953175,42432400
2025-03-19,214.1086883544922,217.61017604964766,212.62651443867486,213.0940452987452,54385400
2025-03-20,212.97470092773438,216.3468825511506,211.10457731145533,212.86527847830126,48862900
2025-03-21,217.12277221679688,217.68976839110027,210.16950634984832,210.4480334492585,94127800
2025-03-24,219.56985473632812,220.31591279023903,217.43116105321957,219.83843988574125,44299500
2025-03-25,222.57398986816406,222.92215637067883,218.9232808837126,219.60965673355645,34493600
2025-03-26,220.3656463623047,223.83730853242594,219.3112201065871,222.33523531503357,34466100
2025-03-27,222.6734619140625,223.80746952519274,219.40074548587612,220.2263848697343,37094800
2025-03-28,216.75469970703125,222.63364006926244,216.5358548246797,220.50488863250547,39818600
2025-03-31,220.96249389648438,224.43414081005062,215.09349507460487,215.86939419548492,65299300
2025-04-01,222.0169219970703,222.50433685640354,217.749461617725,218.65468232589998,36412700
2025-04-02,222.71324157714844,224.00641185945875,219.8583310514353,220.15675729790527,35905900
2025-04-03,202.12203979492188,206.39944211542388,200.19223396809613,204.4596791341039,103419000
2025-04-04,187.38987731933594,198.82943318150367,186.3553350717911,192.87091122900438,125910900
2025-04-07,180.50624084472656,193.12952861035487,173.70218080411468,176.26862197387908,160466300
2025-04-08,171.51376342773438,189.33957458197378,168.32064359895526,185.71870692843436,120859500
2025-04-09,197.8048553466797,199.55559936553783,170.98654976711688,171.04623198001363,184395900
2025-04-10,189.4191436767578,193.7562279640405,182.03814529024513,188.07624843340898,121880000
2025-04-11,197.10853576660156,198.49122944739574,185.0820833366806,185.12188160037283,87435900
2025-04-14,201.45555114746094,211.82078139531484,200.10269875392328,210.32866545443895,101352900
2025-04-15,201.07754516601562,202.44033954558066,198.74984792281177,200.7990180691496,51343900
2025-04-16,193.24891662597656,199.64511311117855,191.35889396287376,197.31741584829123,59732400
2025-04-17,195.9446563720703,197.78493872612725,193.39811432307044,196.16350125239885,52164700
2025-04-21,192.14474487304688,192.78138039340035,188.81234657174457,192.25416731460396,46742500
2025-04-22,198.69017028808594,200.53043756485187,194.93998119085117,195.08918671811182,52976400
2025-04-23,203.52462768554688,206.9067512010516,201.7340854567431,204.9172632087338,52929200
2025-04-24,207.27479553222656,207.73238443559362,201.87334307751462,203.81309077731203,47311000
2025-04-25,208.1800079345703,208.64753879478604,205.11619481641537,205.2852994626612,38222300
2025-04-28,209.0355224609375,210.38837503045187,206.36961558551846,208.89625889548412,38743100
2025-04-29,210.09988403320312,211.12446912484504,207.27479957627347,207.59312493762445,36827600
2025-04-30,211.3831024169922,212.4574277707069,205.5837430092506,208.19992461631293,52286500
2025-05-01,212.1988067626953,213.43227966302132,207.80202473083082,207.98108655162656,57365700
2025-05-02,204.27069091796875,205.9020705063368,201.09745506032002,205.0067917796952,101010600
2025-05-05,197.84463500976562,203.02725796650907,197.1682163705072,202.03251395918386,69018500
2025-05-06,197.4666290283203,199.59538061408486,195.98447015970467,197.1682179665783,51216500
2025-05-07,195.218505859375,198.39174158064424,192.23427392267118,198.1231564563361,68536700
2025-05-08,196.45199584960938,198.99853803284546,193.65675249053749,196.68078271707188,50478900
2025-05-09,197.4865264892578,199.48595647897335,196.50172445806652,197.95405738682032,36453900
2025-05-12,209.95704650878906,210.435160708662,205.93301745006437,210.13634313336473,63775800
2025-05-13,212.08859252929688,212.55673652410627,208.17412935394688,209.59847136477597,51909300
2025-05-14,211.49098205566406,213.09462076548897,209.74789716231066,211.59057778761635,49325800
2025-05-15,210.6144561767578,212.11849916658366,208.71199985896817,210.11643191755599,45029500
2025-05-16,210.42518615722656,211.73002236916358,208.9410837213976,211.52084551122164,54737900
2025-05-19,207.9550018310547,208.65223273202483,203.45285841572866,207.0884445111699,46140500
2025-05-20,206.04258728027344,207.64622592622177,204.2198167548668,206.84938410987283,42496600
2025-05-21,201.2914276123047,206.22186440009241,199.91689108628387,204.3592586621154,59211800
2025-05-22,200.5643310546875,201.94883789272,198.91088686006037,199.91690559460176,46742400
2025-05-23,194.49838256835938,196.91877297523902,192.6955373289648,192.9046989896,78432900
2025-05-27,199.4188690185547,199.94677348688452,196.64984031499387,197.51641281084125,56288500
2025-05-28,199.62803649902344,201.9289060786693,199.11008702875665,199.79736291846774,45339700
2025-05-29,199.15988159179688,203.0046291598645,197.72556941325453,202.77554227533128,51396800
2025-05-30,200.05633544921875,201.1619498266407,196.00241099917397,198.5821728136608,70819900
2025-06-02,200.9029541015625,201.3312628058232,199.32919584599733,199.48856723355908,35423300
2025-06-03,202.46678161621094,202.96480586317466,200.16591202699755,200.55437033168948,46381600
2025-06-04,202.0185546875,205.42503857555045,201.30139858491114,202.10819540070028,43604000
2025-06-05,199.8372039794922,203.94091870107042,199.35908978394463,202.69585814733983,55126100
2025-06-06,203.11419677734375,204.8871617909174,201.2515910514923,202.19783403313102,46607700
2025-06-09,200.65394592285156,205.18596915505242,199.22960401477,203.58233063284266,72862600
2025-06-10,201.86915588378906,203.54252533508333,199.77746306778945,199.80734330812555,54672600
2025-06-11,197.99452209472656,203.69192080198684,197.62598900862739,202.6958722895077,60989900
2025-06-12,198.41285705566406,198.890956077424,196.58013147350607,198.29333609984755,43904600
2025-06-13,195.67372131347656,199.57822954037988,194.92668495173118,198.94075911963023,51447300
2025-06-16,197.6359405517578,197.90487790098294,195.78328974313985,196.52037110088898,43020700
2025-06-17,194.86692810058594,197.6060614779548,194.43863454049264,196.4207613301707,38856200
2025-06-18,195.80320739746094,196.7893008408277,194.2991796996429,195.16573699325735,45394700
2025-06-20,200.20574951171875,200.90298042554332,196.08210930882012,197.45666110928434,96813500
2025-06-23,200.70375061035156,201.50059236215068,198.1737943867686,200.83324176458547,55814300
2025-06-24,199.50851440429688,202.63610603642124,199.4089034764897,201.78945874554142,54064000
2025-06-25,200.76353454589844,202.8651975026319,199.82724651799433,200.65396860223956,39525700
2025-06-26,200.20574951171875,201.8392684520338,198.67184150130464,200.63404307360597,50799100
2025-06-27,200.28543090820312,202.41697405518968,199.20969672208463,201.09222774816857,73188600
2025-06-30,204.3592529296875,206.57048164253425,198.4726031076903,201.211736268348,91912800
2025-07-01,206.99880981445312,209.35943993298892,205.32544040497007,205.85334490237685,78788900
2025-07-02,211.6005401611328,212.49697770796604,207.31752868499885,208.08449026524102,67941800
2025-07-03,212.7061309814453,213.80177506176915,210.97300135818003,211.31165415399877,34955800
2025-07-07,209.12037658691406,215.37555986284275,207.97492690746134,211.83958469799765,50229000
2025-07-08,209.18014526367188,210.59453234535175,207.62631199643187,209.26980118177752,42848900
2025-07-09,210.3056640625,210.49491569520316,206.40115605631001,208.70202548866368,48749400
2025-07-10,211.57066345214844,212.63642743345136,209.2000631819418,209.67816220166208,44443600
2025-07-11,210.3256072998047,211.29177557167307,209.03074119537857,209.73794232575938,39765800
2025-07-14,207.79562377929688,210.07658325197187,206.71988962428105,209.10044482334126,38840100
2025-07-15,208.28369140625,211.05270487364396,208.09443976951917,208.39325734338402,42296300
2025-07-16,209.32955932617188,211.5606982702429,207.81556132948495,209.46900551017632,47490500
2025-07-17,209.19009399414062,210.96305897069354,208.761785269157,209.7379236663323,48068100
2025-07-18,210.3455047607422,210.95309492429405,208.87135730762196,210.0367321724359,48974600
2025-07-21,211.640380859375,214.92734394651046,210.79374875413163,211.26189276464606,51377400
2025-07-22,213.5527801513672,214.1006098348481,211.39135685335447,212.29776458434165,46404100
2025-07-23,213.30377197265625,214.29982043425818,211.57065737650467,214.15041924441525,46989300
2025-07-24,212.9153289794922,214.83771055173221,212.68624207244096,213.05477516619655,46022600
2025-07-25,213.0348358154297,214.38946224202752,212.55672164240056,213.85158759699283,40268800
2025-07-28,213.2041778564453,214.00101967144602,212.2180844005514,213.18425263148458,37858000
2025-07-29,210.43516540527344,213.96117031669576,209.9869466315705,213.33365491441555,51411700
2025-07-30,208.22393798828125,211.5507362671114,206.89919168476044,211.06266703997414,45512500
2025-07-31,206.7498016357422,209.01082086651627,206.34141808889078,207.66616446381488,80698400
2025-08-01,201.5802764892578,212.73601533219744,200.70374904924734,210.03671752861544,104434500
2025-08-04,202.5464630126953,207.0585613783641,200.88304868853191,203.70186769022786,75109300
2025-08-05,202.11814880371094,204.52858421879685,201.36115745633876,202.59624780213056,44155100
2025-08-06,212.40733337402344,214.52892145014,204.77759854868273,204.81744899810374,108483100
2025-08-07,219.16053771972656,219.97730473834642,215.7241736307253,218.01508808955717,90224800
2025-08-08,228.44371032714844,230.08718413442585,218.3836152444713,219.95737356583322,113854000
2025-08-11,226.53909301757812,228.91238364576833,224.12592192869855,227.27701087414155,61806100
2025-08-12,229.0021209716797,230.14888579943394,226.429412881848,227.36674823663387,55626200
2025-08-13,232.6717529296875,234.33703985510917,229.77992501054072,230.4181341091737,69878500
2025-08-14,232.12330627441406,234.4567012802976,230.19875827485632,233.39969406647393,51916300
2025-08-15,230.9366455078125,233.6190590405621,228.69299310222902,233.33985018068216,56038700
2025-08-18,230.23863220214844,232.46233685580373,229.46083388892833,231.04634466466607,37476200
2025-08-19,229.90956115722656,232.2130419457167,228.70298322789472,230.62753117126795,39402600
2025-08-20,225.3723907470703,229.81981519856654,225.13307755654054,229.33119207499826,42263900
2025-08-21,224.26551818847656,225.88095827873425,223.14868274098328,225.63166356522294,30621200
2025-08-22,227.11744689941406,228.44369658121065,224.77408575714253,225.53193619713707,42477800
2025-08-25,226.51914978027344,228.6531118971015,225.59176554347297,225.84106025439092,30983100
2025-08-26,228.6630859375,228.84258604761433,224.05612439304167,226.22996704217394,54575100
2025-08-27,229.8397674560547,230.24859923631865,227.6160475796746,227.96506627689797,31259500
2025-08-28,231.9039306640625,232.75153884501827,228.69301327644948,230.16884905542523,38074700
2025-08-29,231.485107421875,232.7216147258446,230.71727541448905,231.85405874294378,39418400
2025-09-02,229.0719451904297,230.19876225122124,226.32970313085187,228.6032698757151,44075600
2025-09-03,237.79725646972656,238.17618932549604,233.69885053091846,236.5408165177042,66427800
2025-09-04,239.10353088378906,239.22318747047024,236.07211403385233,237.7772812570227,47549400
2025-09-05,239.01380920410156,240.63921565449175,237.8171975861315,239.3229322237051,54870400
2025-09-08,237.20892333984375,239.47250850410185,235.6732593017711,238.62491556233425,48999500
2025-09-09,233.6888885498047,238.10638391026913,232.70167593051625,236.33140663047269,66313900
2025-09-10,226.1501922607422,231.76431424305812,225.31256565050364,231.53496736029473,83440800
2025-09-11,229.3810577392578,229.7998710451417,226.010588238333,226.23995033725743,50208600
2025-09-12,233.40968322753906,233.84842918261825,228.373926506362,228.57335925244223,55824200
2025-09-15,236.03224182128906,237.5180438551372,234.36695488957946,236.33139853346725,42699500
2025-09-16,237.4781494140625,240.53949594661788,235.65332541334,236.51088466190768,63421100
2025-09-17,238.3157958984375,239.42266510979977,237.05934071942244,238.2958480596019,46508000
2025-09-18,237.20892333984375,240.51954939992544,235.98238232851827,239.29302360434258,44249600
2025-09-19,244.8074188232422,245.60516498271895,239.53234916144805,240.5494606794321,163741300
2025-09-22,255.35755920410156,255.9160073848096,247.42002368458668,247.5995237986898,105517400
2025-09-23,253.7122344970703,256.6140289111009,252.86464151383097,255.15815615601056,60275200
2025-09-24,251.5981903076172,255.01852163586054,250.33176892231356,254.49998437943248,42303700
2025-09-25,256.14532470703125,256.4444966190252,250.99989343760635,252.49566170312627,55202100
2025-09-26,254.73931884765625,256.87328100426123,253.06405044687503,253.38315498635407,46076300
2025-09-29,253.7122344970703,254.28063380560434,252.29624220529692,253.8418726304012,40127700
2025-09-30,253.9116668701172,255.1980209495745,252.39595068950493,254.1410137555297,37704300
2025-10-01,254.72933959960938,258.0599285933123,254.21080232618834,254.32049261064776,48713900
2025-10-02,256.40460205078125,257.45162766856953,253.43299812845933,255.85613542550084,42630200
2025-10-03,257.2920837402344,258.5086431914624,253.23357360959045,253.9515436206674,49155600
2025-10-06,255.96583557128906,258.33912604890287,254.3304629034206,257.2621558739689,44664100
2025-10-07,255.75645446777344,256.6738420114173,254.70939836699205,256.0855101139428,31955800
2025-10-08,257.3320007324219,257.7906945345413,255.38748958216482,255.79633660873378,36496900
2025-10-09,253.32330322265625,257.27213808351553,252.42584836214985,257.08267167133846,38322000
2025-10-10,244.5780792236328,255.65673769030235,243.31165772832736,254.22079760361632,61999100
2025-10-13,246.96133422851562,248.98560621270488,244.86725241658198,248.67648318296307,38142900
2025-10-14,247.07101440429688,248.14796941642882,244.00966795095763,245.90431694508948,35478000
2025-10-15,248.63658142089844,251.10959602979932,246.77186176083558,248.78616738422895,33893600
2025-10-16,246.7519073486328,248.33741809379524,244.43846029169785,247.54965348458146,39777000
2025-10-17,251.5782470703125,252.66518358811555,246.57242016484557,247.3203043073955,49147000
2025-10-20,261.50018310546875,263.63416054313814,254.90884523128253,255.168106265739,90483000
2025-10-21,262.0286865234375,264.5415968076956,261.0913359303388,261.141213133835,46695900
2025-10-22,257.72088623046875,262.1084670888602,254.70938662410154,261.9090191460537,45015300
2025-10-23,258.84765625,259.8847307097371,257.2821086816683,259.2066564378435,32754900
2025-10-24,262.07855224609375,263.3848541030092,258.44880663072195,260.4531458541269,38253700
2025-10-27,268.0516357421875,268.3607587413759,263.9033682058253,264.13273028939324,44888200
2025-10-28,268.2410888671875,269.12859257872884,267.39348082722177,268.23110734142335,41534800
2025-10-29,268.93914794921875,270.6443152614699,266.35642794866993,268.5203194424725,51086700
2025-10-30,270.63433837890625,273.36662916750566,267.72259312931254,271.2226702585742,69886500
2025-10-31,269.60723876953125,276.53764389728985,268.4006608909581,276.2085578376442,86167100
2025-11-03,268.2909851074219,270.08592548154905,265.4988962118729,269.6571458353552,50194600
2025-11-04,269.2781982421875,270.72408938596277,266.86501191822913,267.5730004152706,49274800
2025-11-05,269.3778991699219,270.93349568379296,266.17693326929896,267.8521863717013,43683100
2025-11-06,269.0089416503906,272.6287059365568,267.1342708755924,267.1342708755924,51204000
2025-11-07,267.7126159667969,271.5218466038475,266.0173996929098,269.03885049148494,48227400
2025-11-10,268.9303283691406,273.2223721938244,266.9639805623884,268.46119877683986,41312400
2025-11-11,274.73956298828125,275.3983427074405,269.2996575494418,269.3096487524697,46208300
2025-11-12,272.962890625,275.2187095291286,271.19618380015726,274.49005224267427,48398000
2025-11-13,272.4438171386719,276.1868626363035,271.58539619817094,273.6016390736082,49602800
2025-11-14,271.90484619140625,275.4482508823214,269.10005949599775,270.5473523374902,47431300
2025-11-17,266.9639892578125,269.98836893107386,265.237217022597,268.3214829895084,45018300
2025-11-18,266.94403076171875,270.20795552947055,264.8279672087311,269.48928956232544,45677300
2025-11-19,268.0619812011719,271.70520656667077,265.0076580872151,265.0376012369211,40424500
2025-11-20,265.7562561035156,274.91922505965954,265.42688147061517,270.327749378444,45823600
2025-11-21,270.98651123046875,272.8230952896135,265.17732758833057,265.4568071090486,59030800
2025-11-24,275.4083557128906,276.48633959077114,270.397645153795,270.397645153795,65585800
2025-11-25,276.45635986328125,279.8600396675645,274.7395483878858,274.75950033189645,46914200
2025-11-26,277.0353088378906,279.0116481613461,276.11703191175064,276.4464065684995,33431400
2025-11-28,278.3328857421875,278.4826014787427,275.4781737009374,276.7458380127342,20135600
2025-12-01,282.57501220703125,282.89442609469603,275.62792768573877,277.4944549964911,46587700
2025-12-02,285.6592712402344,286.86701880065203,282.10587559562896,282.47518456741903,53669500
2025-12-03,283.623046875,288.0847586222564,282.77461708045536,285.6692634925469,43538700
2025-12-04,280.179443359375,284.20196835267484,278.07334059490756,283.5731318378766,43989100
2025-12-05,278.26300048828125,280.6186397013617,277.53434330937836,280.01974631085085,47265800
2025-12-08,277.3746643066406,279.15136205700173,275.6378704438954,277.6142094762677,38211800
2025-12-09,276.6659851074219,279.5107061083118,276.4064879695729,277.6441787437343,32193300
2025-12-10,278.26300048828125,279.2312028389952,275.92734368017386,277.23491184461454,33038300
2025-12-11,277.514404296875,279.07150890817053,273.3022288840155,278.5824273392719,33248000
2025-12-12,277.763916015625,278.70217518025987,276.30663218031253,277.38461586894516,39532900
2025-12-15,273.6016540527344,279.63046152672615,272.33402020742307,279.63046152672615,50409100
2025-12-16,274.1007385253906,274.9891026980292,271.2859911871425,272.3140798989353,37648600
2025-12-17,271.33587646484375,275.6478724530811,271.13626563598973,274.50001118897205,50138700
2025-12-18,271.68524169921875,273.12257373871984,266.4549687260805,273.1025913325419,51630700
2025-12-19,273.1625061035156,274.09077415448866,269.399477884542,271.6453053723066,144632000
2025-12-22,270.4674987792969,273.37210596231955,270.00836035897595,272.3539780142796,36571800
2025-12-23,271.85491943359375,271.99467443806464,269.06012395403746,270.3377490962612,29642000
2025-12-24,273.3022155761719,274.9192064044749,271.69521595033444,271.8349404799371,17910600
2025-12-26,272.89300537109375,274.8593534534055,272.35399820928086,273.65160578690546,21521800
2025-12-29,273.2523498535156,273.8512128461511,271.8449608988494,272.1843267483383,23715200
2025-12-30,272.57354736328125,273.57169281796894,271.77504318392386,272.30405905646904,22139600
2025-12-31,271.3558349609375,273.17246717497864,271.24605357156486,272.553621806917,27293600
