Date,Close,High,Low,Open,Volume
2010-01-04,6.406480312347412,6.421148606782028,6.357685651373146,6.389117767973185,493729600
2010-01-05,6.417557716369629,6.453779616527876,6.383730305754763,6.424143661736987,601904800
2010-01-06,6.31547737121582,6.44300241273785,6.308891426463777,6.417557116786033,552160000
2010-01-07,6.303803443908691,6.346312334485191,6.258002379505564,6.3388283045102485,477131200
2010-01-08,6.345712184906006,6.346311306888166,6.258301526720459,6.295420710661127,447610800
2010-01-11,6.289733409881592,6.376246381019195,6.240040260139241,6.370259158235515,462229600
2010-01-12,6.2181854248046875,6.279553644446102,6.179269684967472,6.262190302803162,594459600
2010-01-13,6.305899143218994,6.314281257018122,6.109822748416234,6.222679525410235,605892000
2010-01-14,6.269376754760742,6.300210551935307,6.257103347926473,6.289733311908163,432894000
2010-01-15,6.1646013259887695,6.334335452765338,6.162805159598235,6.314278261404369,594067600
2010-01-19,6.437314033508301,6.441804450302262,6.203818355438351,6.236447518431264,730007600
2010-01-20,6.338227272033691,6.452580003712607,6.271470952240817,6.433421294848783,612152800
2010-01-21,6.228663921356201,6.3855259554048365,6.2029196636405635,6.34870573560425,608154400
2010-01-22,5.919731616973877,6.211601961770394,5.9020701073893,6.190048756994141,881767600
2010-01-25,6.078986644744873,6.127780904325776,5.992772648108015,6.062222823167735,1065699600
2010-01-26,6.164902210235596,6.397500619425717,6.064319265600282,6.165201571374649,1867110000
2010-01-27,6.2229766845703125,6.303801788993921,5.973015344883957,6.1921428888494106,1722568400
2010-01-28,5.965831279754639,6.151730545013927,5.94816977241449,6.134667759934874,1173502400
2010-01-29,5.749398708343506,6.052944117569523,5.695215539646516,6.019416468385246,1245952400
2010-02-01,5.8293256759643555,5.867343739361888,5.726647208487251,5.758678049402945,749876400
2010-02-02,5.863151550292969,5.876922159339377,5.788912004273835,5.864648755305096,698342400
2010-02-03,5.964035987854004,5.993073622095666,5.820046460386964,5.842498148790464,615328000
2010-02-04,5.749099254608154,5.938290687604771,5.734729920747182,5.889196262941924,757652000
2010-02-05,5.85117769241333,5.867343191605136,5.71317542453898,5.766460900290638,850306800
2010-02-08,5.81106424331665,5.923621612320382,5.807471910324422,5.858063133936277,478270800
2010-02-09,5.873033046722412,5.912248164590416,5.829925833601864,5.879917954590591,632886800
2010-02-10,5.840999603271484,5.885304644215168,5.815255349297551,5.8640496074777,370361600
2010-02-11,5.947270393371582,5.97960099091897,5.809268130428122,5.833815339753855,550345600
2010-02-12,5.99846076965332,6.036179469761823,5.852375746929862,5.930506997428003,655468800
2010-02-16,6.088864803314209,6.097545874276126,6.032586123706632,6.045158888405021,543737600
2010-02-17,6.063421249389648,6.116107208249717,6.012829619344833,6.112514874778056,436396800
2010-02-18,6.074796676635742,6.103534947112001,6.014626285037076,6.035880127145417,422825200
2010-02-19,6.037076950073242,6.082878398525714,6.020313128331962,6.042765210593994,415469600
2010-02-22,5.999656677246094,6.06192257663847,5.9628364671181435,6.05713319951673,390563600
2010-02-23,5.899075984954834,6.026900403768394,5.858663426999395,5.987086168457738,575094800
2010-02-24,6.006842613220215,6.030191979157538,5.922423983873217,5.934099066522911,460566400
2010-02-25,6.0469560623168945,6.072700318116605,5.893986134008144,5.908654428547195,665126000
2010-02-26,6.1253862380981445,6.141850698105204,6.0469556321709375,6.058330953728954,507460800
2010-03-01,6.256206035614014,6.271472655018733,6.150234186107859,6.159214620995537,550093600
2010-03-02,6.252016544342041,6.31128846860718,6.218787847801594,6.284346357838398,566546400
2010-03-03,6.266383647918701,6.2825491515153695,6.224774042940744,6.254709361350064,372052800
2010-03-04,6.307693958282471,6.313980542284162,6.245428039594726,6.264886913566775,366041200
2010-03-05,6.554361820220947,6.576813504465278,6.425040614578126,6.43432080926729,899620400
2010-03-08,6.558252811431885,6.588487082165762,6.5334062409001685,6.586092593151582,429889600
2010-03-09,6.676198482513428,6.735470380776662,6.522629837448182,6.535202603794772,920259200
2010-03-10,6.730680465698242,6.749839575444052,6.681586845698715,6.700446194673718,596218000
2010-03-11,6.750438213348389,6.750438213348389,6.68517948726888,6.702841793436801,405700400
2010-03-12,6.7833685874938965,6.8171951984243275,6.757923289407135,6.806418197016759,416323600
2010-03-15,6.700746536254883,6.750438486024149,6.593277887704193,6.746846951783331,493502800
2010-03-16,6.71900749206543,6.734873234178593,6.660933024599515,6.710925140266447,446908000
2010-03-17,6.709128379821777,6.7788775269082455,6.683683482330683,6.732477749336718,450956800
2010-03-18,6.724992275238037,6.735469512562821,6.663923818590224,6.70852701740513,342109600
2010-03-19,6.6531476974487305,6.742654661599278,6.622613267094049,6.729183812735132,559445600
2010-03-22,6.7279863357543945,6.765406070739366,6.590283437631667,6.599862992106159,456419600
2010-03-23,6.836053371429443,6.848626537568376,6.708527941535076,6.754628751349084,602431200
2010-03-24,6.866289138793945,6.891135712811128,6.810608768181686,6.814500862538397,597780400
2010-03-25,6.784862995147705,6.914184575861449,6.772888552666252,6.912687370870277,542284400
2010-03-26,6.912089824676514,6.943521538859744,6.841741170308381,6.853715613442197,640875200
2010-03-29,6.956692695617676,7.000997336288123,6.933643091400583,6.974954121258025,540744400
2010-03-30,7.060271739959717,7.109067213866224,7.01237474929733,7.0827234293526375,527310000
2010-03-31,7.034825801849365,7.083022549017462,7.018661098541685,7.049494898397641,430659600
2010-04-01,7.063861846923828,7.146483110578397,6.967469972979133,7.106969044991726,603145200
2010-04-05,7.1392998695373535,7.139898591776365,7.027939931167599,7.034226914358289,684507600
2010-04-06,7.170733451843262,7.191687933957061,7.0946973149260915,7.130619855237072,447017200
2010-04-07,7.202463626861572,7.241978493958324,7.144388370973537,7.17103111004126,628502000
2010-04-08,7.183005332946777,7.230602548852389,7.125828561831358,7.197673627180755,572989200
2010-04-09,7.238086223602295,7.241080633986856,7.198272396046547,7.227310023283484,334182800
2010-04-12,7.253054618835449,7.276403986543577,7.238685285253755,7.250359969107818,333026400
2010-04-13,7.25724458694458,7.268321347488385,7.217729720526027,7.240182203036988,306210800
2010-04-14,7.354835033416748,7.358427366828353,7.30634013108433,7.342561627274827,404076400
2010-04-15,7.451528072357178,7.454820645587083,7.349447910520459,7.357530262530068,376784800
2010-04-16,7.406026840209961,7.517985534203778,7.320710894115715,7.4410509025927905,750545600
2010-04-19,7.39614725112915,7.420694067338683,7.237489030858073,7.394949806467112,566924400
2010-04-20,7.321906566619873,7.461405658691429,7.273111900444678,7.440151417694537,738326400
2010-04-21,7.759859085083008,7.790692871189136,7.655384085044154,7.747285921946532,982391200
2010-04-22,7.976892471313477,7.985274582001934,7.669455420282326,7.730524284507584,793424800
2010-04-23,8.10741138458252,8.147823936855554,7.992758873060224,8.02239442498226,796955600
2010-04-26,8.067595481872559,8.156203952796252,8.028379584795946,8.138841811609028,479068800
2010-04-27,7.8442792892456055,8.017904749942222,7.7987779956576455,8.000841565006192,709343600
2010-04-28,7.831107139587402,7.902951403856163,7.675742329374108,7.880500520913336,758402400
2010-04-29,8.041851043701172,8.082562546004146,7.8433790726860355,7.8736133383763045,558840800
2010-04-30,7.8158416748046875,8.099628853174194,7.813147824112734,8.061910147313506,542463600
2010-05-03,7.973303318023682,8.019105184299553,7.869426974683892,7.898165651362835,454342000
2010-05-04,7.74369478225708,7.881697439218951,7.685920093541327,7.869723795654376,723819600
2010-05-05,7.663170337677002,7.727531783522216,7.445838946924325,7.574561838614753,883103200
2010-05-06,7.371600151062012,7.730824742856112,5.964634302153806,7.598510310244903,1285860800
2010-05-07,7.060568332672119,7.381177262507192,6.741756368722413,7.295562389648453,1676018400
2010-05-10,7.60330057144165,7.6230584109361095,7.439853350617478,7.4913426784224955,984306400
2010-05-11,7.6790361404418945,7.7799180368367855,7.498824748867606,7.538937538920077,848906800
2010-05-12,7.845775127410889,7.876907880521498,7.744294518560449,7.760458418235639,654379600
2010-05-13,7.734115123748779,7.932886056936866,7.675441159625033,7.879600591500579,599712400
2010-05-14,7.598211765289307,7.677840246266401,7.468890923523766,7.63832536697974,759362800
2010-05-17,7.6101837158203125,7.668857692771817,7.415304033841658,7.624553048795071,762834800
2010-05-18,7.554501533508301,7.739801596009986,7.491636522872941,7.692803118054822,782678400
2010-05-19,7.434162616729736,7.571266790604227,7.329688400104711,7.4688877018074935,1025726800
2010-05-20,7.117449760437012,7.299756338324776,7.0710491732068315,7.240782580447646,1282915200
2010-05-21,7.253953456878662,7.319212584698431,6.9255610908200165,6.969565978024395,1223891200
2010-05-24,7.386865139007568,7.510798238001907,7.371897883166689,7.402431916418661,754238800
2010-05-25,7.340765953063965,7.386865969548181,7.099486471598485,7.165044562353284,1048006400
2010-05-26,7.307534217834473,7.547616953951354,7.296757221372668,7.486249145364408,850654000
2010-05-27,7.584138870239258,7.600304368068335,7.457212973621932,7.501816574144341,666282400
2010-05-28,7.6898112297058105,7.76524861986826,7.584138771456381,7.764949658482248,815614800
2010-06-01,7.808058261871338,7.961028213250966,7.752078925550092,7.773931889941784,876472800
2010-06-02,7.9014573097229,7.9269018084671,7.793090171987519,7.919118418555622,688548000
2010-06-03,7.876607418060303,7.949350148589148,7.795481779485876,7.938273391004746,650106800
2010-06-04,7.662271976470947,7.840087681151664,7.6224581475452595,7.72962622838892,758304400
2010-06-07,7.511995792388916,7.757765267203943,7.500320309478629,7.732021011240044,886942000
2010-06-08,7.463798999786377,7.597610602196548,7.353636522558734,7.580846382040118,1000770400
2010-06-09,7.2802958488464355,7.5407352441421835,7.259042406976741,7.5278623154574555,854630000
2010-06-10,7.499123573303223,7.51319234618592,7.2503596910638,7.329389424008157,776356000
2010-06-11,7.588930606842041,7.5994078462444845,7.4051268780162935,7.430871134687927,545759200
2010-06-14,7.611979961395264,7.757765223251035,7.603897611194176,7.662271827966464,602960400
2010-06-15,7.773931980133057,7.778721758615542,7.648502453890771,7.652693510062946,585074000
2010-06-16,8.000240325927734,8.015207577043178,7.802067334417696,7.8161369021854235,783678000
2010-06-17,8.138541221618652,8.169375003294398,8.067593867442652,8.100522776325827,872855200
2010-06-18,8.204401016235352,8.232241996853276,8.125072327024554,8.149918897427005,784621600
2010-06-21,8.087651252746582,8.35227998734926,8.044544067212922,8.312765133890222,776490400
2010-06-22,8.1978178024292,8.261280768744319,8.127469929210713,8.147226966134388,717262000
2010-06-23,8.111600875854492,8.222063109742898,8.019699027879877,8.219668221237892,768457200
2010-06-24,8.052628517150879,8.178356962660983,8.025686022231318,8.11249832999735,714277200
2010-06-25,7.983774185180664,8.09064405533012,7.957131457967166,8.084357874507829,549942400
2010-06-28,8.031675338745117,8.075082303314737,7.918519228647031,7.990663263237606,584948000
2010-06-29,7.668557167053223,7.914626374166062,7.612577845299435,7.906543225493003,1133344800
2010-06-30,7.529659271240234,7.72244306918156,7.484157971974913,7.684724360999601,739452000
2010-07-01,7.438353538513184,7.627545736296522,7.28089361387366,7.612577682926798,1022896000
2010-07-02,7.392253875732422,7.511696149395914,7.2802944300578725,7.498523462457573,693842800
2010-07-06,7.442846298217773,7.567676298796905,7.368905294301522,7.513792891315967,615235600
2010-07-07,7.743396759033203,7.746391169798773,7.476373816111507,7.49852494177213,654556000
2010-07-08,7.7260355949401855,7.870025523989315,7.630242415934569,7.857452354495925,738144400
2010-07-09,7.7718353271484375,7.780216638486419,7.638322676226653,7.69011094686602,433322400
2010-07-12,7.702085494995117,7.8385909593671625,7.629342745982887,7.739205472092961,562878400
2010-07-13,7.537740707397461,7.675443631872055,7.376987375238533,7.673049542157303,1190924000
2010-07-14,7.565578937530518,7.657480793405627,7.453920049152654,7.465296569891414,812047600
2010-07-15,7.5272626876831055,7.692506020064059,7.40303062745326,7.430870810407724,824866000
2010-07-16,7.480863571166992,7.632636066865495,7.436259961864265,7.579051623667607,1039858400
2010-07-19,7.351541519165039,7.4802643991699735,7.172528370457297,7.4802643991699735,1024478000
2010-07-20,7.540432453155518,7.570667519631072,7.184800317483945,7.271313662833888,1074950800
2010-07-21,7.61078405380249,7.937379493271171,7.603600185152063,7.935583326268,1185671200
2010-07-22,7.753875732421875,7.783212328345792,7.642814734386963,7.713762134147924,645318800
2010-07-23,7.781412124633789,7.794584009561949,7.671848388998807,7.696096232026528,533388800
2010-07-26,7.761659145355225,7.786205962527578,7.714660639570133,7.783212350755061,420551600
2010-07-27,7.905348777770996,7.926901981711617,7.7921926585177115,7.809255844784688,584771600
2010-07-28,7.811948776245117,7.96252462272128,7.790695335643598,7.8930744411979905,519985200
2010-07-29,7.726632595062256,7.862539342320003,7.666463010018319,7.804464885376823,643806800
2010-07-30,7.70088529586792,7.774226740845752,7.630536661462262,7.660173799489489,448210000
2010-08-02,7.838588237762451,7.860740152144854,7.7718327339377975,7.796379536292547,428055600
2010-08-03,7.8409857749938965,7.88079960194348,7.765848137879033,7.813445353368542,417653600
2010-08-04,7.872417449951172,7.911332789771257,7.792490043807949,7.868226395031041,420375200
2010-08-05,7.834102153778076,7.878406804137498,7.799676021580885,7.834999837537275,289097200
2010-08-06,7.785905361175537,7.827815117801522,7.712263326444273,7.776624766954254,444897600
2010-08-09,7.83560037612915,7.847574824775547,7.77034122973107,7.827517223611635,303128000
2010-08-10,7.7655463218688965,7.7966798677887885,7.709865971797108,7.778718206681159,451920000
2010-08-11,7.48954439163208,7.654189810041309,7.478169468444043,7.645508737249877,620054400
2010-08-12,7.537441730499268,7.576656840010329,7.367707564649661,7.384770749606713,534920400
2010-08-13,7.456913948059082,7.5401339269695455,7.45661418730975,7.533249022078896,354869200
2010-08-16,7.413210868835449,7.484158270142244,7.38267602817838,7.411414701737975,318430000
2010-08-17,7.5428290367126465,7.622457487025985,7.459907214765608,7.486250990387014,422640400
2010-08-18,7.575759410858154,7.623656399599747,7.5311557947298455,7.554505966430486,339696000
2010-08-19,7.480262279510498,7.588029851148846,7.444339755631048,7.568870745420133,426706000
2010-08-20,7.473079204559326,7.60120255392735,7.453920094755026,7.46559557697305,384230000
2010-08-23,7.358129501342773,7.543729445272074,7.341665834675384,7.537443259863628,414041600
2010-08-24,7.182407855987549,7.274308931947597,7.144090427867159,7.264431212968069,602565600
2010-08-25,7.271013259887695,7.303942972595192,7.100681233372899,7.12582676007856,596867600
2010-08-26,7.192883491516113,7.356630408103127,7.192883491516113,7.347649575540995,466505200
2010-08-27,7.232996940612793,7.262633287825526,7.0515881231036355,7.2368890343303605,548391200
2010-08-30,7.259342193603516,7.356632576633332,7.204859259361906,7.207254148751089,383289200
2010-08-31,7.277300834655762,7.321006748452324,7.194978544577137,7.239881103207876,420786800
2010-09-01,7.493733882904053,7.527560483329931,7.372495452486197,7.408118219255552,697037600
2010-09-02,7.548815727233887,7.548815727233887,7.441048130313397,7.521574267066004,415427600
2010-09-03,7.7463908195495605,7.746689780995286,7.618566416172459,7.636228322972726,520788800
2010-09-07,7.7176513671875,7.76913987170851,7.670951840350546,7.682626522219287,342557600
2010-09-08,7.87062406539917,7.9146289585709155,7.756269696598618,7.776626256262772,526551200
2010-09-09,7.875114440917969,7.978391252018474,7.870624422822228,7.9340873953443944,438575200
2010-09-10,7.885290622711182,7.917920583525034,7.825120239557308,7.878704678391109,387542400
2010-09-13,7.993955612182617,8.0310755885319,7.955638990817616,7.957434358022226,388780000
2010-09-14,8.024490356445312,8.057718241833978,7.948454230433589,7.9691097481020625,408150400
2010-09-15,8.089147567749023,8.093938143156848,8.017901247788386,8.027780560564178,429368800
2010-09-16,8.279242515563965,8.28223612743948,8.067599351820052,8.089752079698869,652103200
2010-09-17,8.24332046508789,8.320853011373345,8.19272962531739,8.312769859929029,634477200
2010-09-20,8.478611946105957,8.495076409558322,8.257688215142823,8.264573121862986,658677600
2010-09-21,8.494773864746094,8.601942722478631,8.465437281230384,8.497468513875017,668074400
2010-09-22,8.613921165466309,8.620806073127994,8.45406548808603,8.463046323750612,585289600
2010-09-23,8.648944854736328,8.763897148228038,8.561533789435318,8.571412308561708,786116800
2010-09-24,8.75072193145752,8.786944220307218,8.697737021846507,8.744136787450286,649488000
2010-09-27,8.715998649597168,8.822867773143633,8.71150863241631,8.800416887877194,482834800
2010-09-28,8.587276458740234,8.73425917176179,8.23224296284535,8.73425917176179,1035042400
2010-09-29,8.602540016174316,8.675582501466494,8.561528758208164,8.598348962173409,469644000
2010-09-30,8.494175910949707,8.681272169882387,8.419337247504245,8.651336864376592,673391600
2010-10-01,8.457355499267578,8.578892896171052,8.422330653778324,8.56602076984931,448142800
2010-10-04,8.341208457946777,8.46873230526515,8.315163639394216,8.429816956250528,435302000
2010-10-05,8.649543762207031,8.664809982054757,8.436402616852659,8.441791916999971,501967200
2010-10-06,8.657025337219238,8.740844849668886,8.539379218231877,8.66899978167265,670868800
2010-10-07,8.657926559448242,8.695645272047901,8.588776119257112,8.691454215163231,408399600
2010-10-08,8.803108215332031,8.81598034029933,8.681271869859716,8.732460609009618,658403200
2010-10-11,8.84172534942627,8.898004430103073,8.818975507283497,8.823166562180004,427753200
2010-10-12,8.936923027038574,8.965661697090201,8.755813130613976,8.84322498662993,558544000
2010-10-13,8.98481559753418,9.039297700686367,8.97463732355738,8.986611763530085,630092400
2010-10-14,9.049781799316406,9.05457077915262,8.992604209814742,9.031221404921977,435296400
2010-10-15,9.421871185302734,9.429654570393195,9.127606151264954,9.203342477010132,922194000
2010-10-18,9.519465446472168,9.549399957411405,9.408404478026196,9.533535018332921,1093010800
2010-10-19,9.264713287353516,9.392836624581562,8.98122515590665,9.082406796887247,1232784000
2010-10-20,9.295845985412598,9.407205901876667,9.186283034674217,9.250044942180967,721624400
2010-10-21,9.265609741210938,9.421872184716934,9.184185148812542,9.35062586620879,551460000
2010-10-22,9.20424747467041,9.281181298732077,9.169223416014681,9.252143664252378,372778000
2010-10-25,9.245257377624512,9.327878652040706,9.233282932334266,9.252741805612,392462000
2010-10-26,9.22160816192627,9.272198989377484,9.14976229644431,9.18628435107337,392929600
2010-10-27,9.2150239944458,9.276989756416507,9.148267654533035,9.209635493543512,399002800
2010-10-28,9.137490272521973,9.220111544271326,9.007570742765004,9.218614338977288,551051200
2010-10-29,9.00996208190918,9.15664578975319,9.00666871088495,9.107252418646825,430511200
2010-11-01,9.105756759643555,9.148265233929529,9.046484864126036,9.047083586290093,423889200
2010-11-02,9.260821342468262,9.285667911359122,9.190174528711374,9.190174528711374,433930000
2010-11-03,9.363801002502441,9.366195891308461,9.23597661024838,9.320992764775863,508348400
2010-11-04,9.527545928955078,9.58472268816211,9.43055455138064,9.44312771497486,642488000
2010-11-05,9.49342155456543,9.566464070522912,9.482046631149272,9.519166611379502,361253200
2010-11-08,9.538025856018066,9.57245118605076,9.48234548661396,9.495517375999524,281758400
2010-11-09,9.461990356445312,9.6182536752405,9.414692894697392,9.610769247003656,383544000
2010-11-10,9.520366668701172,9.54251859872364,9.386255245647625,9.478755860483805,384227200
2010-11-11,9.47905445098877,9.53144145244227,9.407208575383924,9.429660261630024,361284000
2010-11-12,9.221010208129883,9.474563110702512,9.08929529699851,9.459595852344,795846800
2010-11-15,9.191372871398926,9.296146857049955,9.168322466657768,9.233881347724536,403606000
2010-11-16,9.028223991394043,9.20813560029145,8.960270226671364,9.151857317130228,657650000
2010-11-17,8.995597839355469,9.100072091275875,8.913574476433558,9.016552322165644,479449600
2010-11-18,9.232983589172363,9.27010356867534,9.121025727785804,9.13629194585648,494491200
2010-11-19,9.18209171295166,9.232083809578947,9.137488115258888,9.219211684027472,384843200
2010-11-22,9.380568504333496,9.380568504333496,9.15635215731958,9.180599215916102,393075200
2010-11-23,9.241964340209961,9.332370606063447,9.177004970563127,9.293453657460669,519447600
2010-11-24,9.423670768737793,9.441632433152941,9.332368439061165,9.339851266857792,413725200
2010-11-26,9.429658889770508,9.510484788625197,9.36799210145303,9.391940190262458,237585600
2010-11-29,9.485636711120605,9.503896536409771,9.321291089260466,9.444624646318001,445785200
2010-11-30,9.314409255981445,9.410502187796375,9.306027143688068,9.385954573222916,501858000
2010-12-01,9.471567153930664,9.51197969731623,9.429657405588987,9.437739754393707,461750800
2010-12-02,9.523957252502441,9.549401751453454,9.426367115389738,9.50539686102421,462837200
2010-12-03,9.502697944641113,9.538919425786705,9.469769034740828,9.48982582161047,342092800
2010-12-06,9.583828926086426,9.64908806033904,9.532039845010491,9.538625790540289,448481600
2010-12-07,9.525754928588867,9.698780906189674,9.523061077467318,9.693094242427449,391454000
2010-12-08,9.609573364257812,9.60987312512986,9.49282569726222,9.568262319278098,321935600
2010-12-09,9.572155952453613,9.654178533847984,9.550003220768767,9.643103367049243,294151200
2010-12-10,9.596101760864258,9.61077005839079,9.537427771395869,9.568860294302587,262511200
2010-12-13,9.629328727722168,9.730810954727737,9.609272730466708,9.710155435832515,439815600
2010-12-14,9.588017463684082,9.655372513663089,9.54940028059243,9.631124663696163,351008000
2010-12-15,9.590113639831543,9.669142575980848,9.555088789112704,9.579335840346374,417312000
2010-12-16,9.616756439208984,9.657468755060334,9.582331107005528,9.611966660948568,322030800
2010-12-17,9.59759521484375,9.632919019439395,9.586219494925203,9.628129242631587,386929200
2010-12-20,9.645495414733887,9.676628976994344,9.526352864301662,9.62723478270457,385610400
2010-12-21,9.705061912536621,9.71074937215759,9.640701292525053,9.669139389991756,256354000
2010-12-22,9.733802795410156,9.750567017509324,9.685606855918211,9.709854706059167,265921600
2010-12-23,9.687105178833008,9.733504957025033,9.674233049345597,9.729014939554329,223157200
2010-12-27,9.719435691833496,9.742187141330149,9.624839957802703,9.6646545947407,249816000
2010-12-28,9.743083000183105,9.77870577167737,9.730809594889081,9.756254089086951,175924000
2010-12-29,9.73769474029541,9.772419829035197,9.732006479632158,9.76553412395464,163139200
2010-12-30,9.688899993896484,9.744279799303323,9.670639366374633,9.743382115679307,157494400
2010-12-31,9.65597152709961,9.683511950390518,9.618551787306442,9.667646210934507,193508000
2011-01-03,9.86582088470459,9.88647640706168,9.724226639456873,9.748174735211366,445138400
2011-01-04,9.917305946350098,9.953527435599021,9.823308172151304,9.951731269237438,309080800
2011-01-05,9.998432159423828,10.008610437675213,9.863722850604093,9.86522005591037,255519600
2011-01-06,9.990351676940918,10.035852974090913,9.96550510058532,10.019987232447383,300428800
2011-01-07,10.061895370483398,10.06878027630323,9.935567380683935,9.998132653366198,311931200
2011-01-10,10.251385688781738,10.274735053926054,10.093327033548913,10.143019374671693,448560000
2011-01-11,10.227142333984375,10.326527052126456,10.162182154463615,10.324132961956462,444108000
2011-01-12,10.3103609085083,10.310660669362418,10.237917902734218,10.275337649675452,302590400
2011-01-13,10.348077774047852,10.376816441535754,10.293296687554376,10.332511795187372,296780400
2011-01-14,10.431899070739746,10.431899070739746,10.310960355185394,10.354366525908071,308840000
2011-01-18,10.197502136230469,10.320536751505948,9.758948113396027,9.86432082331721,1880998000
2011-01-19,10.143320083618164,10.435489334084203,10.08464690450826,10.428004906618181,1135612800
2011-01-20,9.958915710449219,10.127152625719424,9.882280879471214,10.071173307753536,764789200
2011-01-21,9.780503273010254,10.024776365925264,9.777808623088902,9.991547679309809,754401200
2011-01-24,10.101707458496094,10.101707458496094,9.78049986416023,9.784990679343215,574683200
2011-01-25,10.21995735168457,10.22115559587,10.01549884400164,10.068185616854123,546868000
2011-01-26,10.293295860290527,10.345682852978513,10.22294800122824,10.266653122462609,506875600
2011-01-27,10.274137496948242,10.318442142956181,10.26276257385049,10.291200680957001,285026000
2011-01-28,10.061297416687012,10.30976237948026,9.984364397521778,10.3028774725876,592057200
2011-01-31,10.15768814086914,10.179242139878241,10.007412866810514,10.052315432688655,377246800
2011-02-01,10.328617095947266,10.347176679887065,10.20737868021096,10.21695823288279,426633200
2011-02-02,10.307363510131836,10.335202887789018,10.284313109749304,10.311255603330011,258955200
2011-02-03,10.281022071838379,10.304970960456266,10.13463808729101,10.291799071716428,393797600
2011-02-04,10.372624397277832,10.378611619100521,10.283117429433773,10.287008723937491,321840400
2011-02-07,10.533679962158203,10.574690442953353,10.406753227535996,10.414236856906106,485021600
2011-02-08,10.633062362670898,10.642641917777297,10.541760025830287,10.587561074639648,381040800
2011-02-09,10.721673965454102,10.746820303042101,10.623186941002304,10.632765698816437,482745200
2011-02-10,10.613306999206543,10.776754986473211,10.417528807731983,10.698623726250988,928550000
2011-02-11,10.682458877563477,10.710896988954723,10.583372331191635,10.619594632169342,367572800
2011-02-14,10.75220775604248,10.761187791325506,10.67826754920212,10.680662438440853,310416400
2011-02-15,10.773762702941895,10.775858631046008,10.703414818577881,10.752508457190464,284174800
2011-02-16,10.870452880859375,10.923437804263143,10.791722100039209,10.800702134881975,481157600
2011-02-17,10.725863456726074,10.784836397945154,10.6725779770695,10.694431738370596,530583200
2011-02-18,10.494161605834961,10.761784001003575,10.463028055312918,10.738134876730323,816057200
2011-02-22,10.136433601379395,10.339695383946662,10.10979166355029,10.242405028605061,872555600
2011-02-23,10.25647258758545,10.316941112788774,10.136430822431523,10.14122139789544,671854400
2011-02-24,10.264260292053223,10.332214075339923,10.129252007990086,10.298387463796066,499900800
2011-02-25,10.422317504882812,10.430399854635922,10.321734576677489,10.335504387462482,380018800
2011-02-28,10.573492050170898,10.628572896160202,10.510926776686196,10.514519110037078,403074000
2011-03-01,10.456747055053711,10.648633194860167,10.407952376691936,10.641149564264463,456136800
2011-03-02,10.540863990783691,10.60762033189126,10.429504034896677,10.476203577523428,602590800
2011-03-03,10.763582229614258,10.770467135694746,10.654617179996045,10.692635642563568,500788400
2011-03-04,10.776756286621094,10.785437361168169,10.709401220100736,10.778851415201931,453266800
2011-03-07,10.637853622436523,10.826746090324555,10.516615168106043,10.81866294050363,546123200
2011-03-08,10.64982795715332,10.698922384041122,10.544754196938381,10.624382660302407,356316800
2011-03-09,10.55134105682373,10.61989356379318,10.495362518004905,10.61779763598066,453306000
2011-03-10,10.37771224975586,10.470512581357085,10.32472654019381,10.451053712414351,507539200
2011-03-11,10.53697395324707,10.546853273354781,10.327726452158359,10.337604173541237,471080400
2011-03-14,10.583970069885254,10.6713819224782,10.51661581299483,10.57259434676862,435957200
2011-03-15,10.340595245361328,10.412739278890271,10.181039361076092,10.240909988023425,721081200
2011-03-16,9.87899112701416,10.26785288468564,9.766733488588299,10.23791756772956,1162011200
2011-03-17,10.017589569091797,10.16636841395277,9.898446269165737,10.0831476406985,659422400
2011-03-18,9.898748397827148,10.124162144961604,9.878691600721732,10.092130902013489,753214000
2011-03-21,10.157088279724121,10.170259367168464,10.036148808042881,10.058002565379828,409402000
2011-03-22,10.213966369628906,10.256475645207619,10.152299582654354,10.25467947863387,325922800
2011-03-23,10.153796195983887,10.184629187992979,10.05680480537891,10.156490046006459,372996400
2011-03-24,10.326826095581055,10.357659896486481,10.14392081674938,10.233427808395954,404712000
2011-03-25,10.523497581481934,10.539063556479958,10.388188787054231,10.419621297138569,448910000
2011-03-28,10.490572929382324,10.606723472323221,10.490572929382324,10.571698612790804,309355200
2011-03-29,10.506138801574707,10.506138801574707,10.359455828055726,10.407352015561505,352900800
2011-03-30,10.436384201049805,10.503740033254697,10.400761437450807,10.49655456915831,329406000
2011-03-31,10.432791709899902,10.471408080258422,10.359450262542389,10.36843029327388,274019200
2011-04-01,10.31455135345459,10.52499784909044,10.276832647257585,10.510629313001532,418661600
2011-04-04,10.213665008544922,10.315745119764365,10.130145280893505,10.307064049711876,460084800
2011-04-05,10.144816398620605,10.245399333063219,10.058303036606642,10.087939386688577,482731200
2011-04-06,10.11937141418457,10.294793032458305,10.09242971293647,10.21456665094979,402539200
2011-04-07,10.120570182800293,10.190917251385033,10.059201550131464,10.12116810570495,373447200
2011-04-08,10.03016471862793,10.182535938396795,9.996936831864216,10.17565103200977,377535200
2011-04-11,9.902639389038086,10.04842385443725,9.879290021608657,10.000227914333772,398946800
2011-04-12,9.950539588928223,9.990353430764417,9.88468092217371,9.893361997571565,425639200
2011-04-13,10.062193870544434,10.062492831934657,9.954126522236844,10.028965191319346,346220000
2011-04-14,9.951131820678711,10.058300674343737,9.940355622657869,10.022378149096456,301800800
2011-04-15,9.802655220031738,9.987656406804089,9.78289818425396,9.977478128095623,453605600
2011-04-18,9.934069633483887,9.945445354079787,9.584124937926777,9.761941415694807,609898800
2011-04-19,10.113983154296875,10.117574688150892,9.92987967410095,9.971490467506442,419378400
2011-04-20,10.250187873840332,10.350172073999714,10.22294721527756,10.283116792463337,700666400
2011-04-21,10.498356819152832,10.63097103479375,10.433097675387257,10.627078939459478,753810400
2011-04-25,10.5675048828125,10.589657605258017,10.486379219926828,10.487577463745463,266546000
2011-04-26,10.489970207214355,10.626774611261888,10.457938974234791,10.585763346057213,338800000
2011-04-27,10.481888771057129,10.54774741409002,10.390586432776852,10.544454042289228,356213200
2011-04-28,10.380107879638672,10.469913001358435,10.343286868460904,10.3633436600607,360959200
2011-04-29,10.481292724609375,10.59564548851864,10.377715363569614,10.381008735959997,1006345200
2011-05-02,10.366040229797363,10.49146975071152,10.342690860049336,10.469616786994587,442713600
2011-05-03,10.423517227172852,10.474108067301389,10.346283641836077,10.417231042104817,313348000
2011-05-04,10.46452808380127,10.532182103504319,10.384001135247297,10.42531217368593,389250400
2011-05-05,10.380107879638672,10.505836329025518,10.359152605166207,10.429500456775946,335969200
2011-05-06,10.377416610717773,10.477400840540682,10.363945758135621,10.468121044218215,280134400
2011-05-09,10.40555477142334,10.453451753333207,10.37352352987875,10.413337361517875,204747200
2011-05-10,10.460932731628418,10.46811739699894,10.377412995101013,10.444168512430531,282091600
2011-05-11,10.394475936889648,10.477397755136804,10.334905081717983,10.448061169320342,336000000
2011-05-12,10.37472152709961,10.391186789970106,10.246000229884535,10.361251474442518,322000000
2011-05-13,10.193011283874512,10.365139507092973,10.188521267389186,10.347478402548415,326116000
2011-05-16,9.977477073669434,10.214566274120122,9.956521796190101,10.15409692926111,449775200
2011-05-17,10.062496185302734,10.062496185302734,9.900545388927704,9.938563857962219,452334400
2011-05-18,10.174148559570312,10.209472355661983,10.058298658688356,10.072368224993165,334776400
2011-05-19,10.19390869140625,10.25018696936335,10.138228336179562,10.240308454520532,261170000
2011-05-20,10.034957885742188,10.206488275977204,10.028970661052275,10.16487746406353,337968400
2011-05-23,10.01040267944336,10.057700919292465,9.861324894435777,9.87778935017639,383600000
2011-05-24,9.944249153137207,10.055310124962363,9.91880385883016,10.04333568073267,321927200
2011-05-25,10.081652641296387,10.134938120541577,9.964006520565649,9.981368665918266,294224000
2011-05-26,10.028368949890137,10.08494700730454,10.011305764290343,10.057406581301088,222560800
2011-05-27,10.10051155090332,10.107097495162739,10.007712007152335,10.022380301503631,203599200
2011-05-31,10.412436485290527,10.412436485290527,10.207977290665754,10.210971700439325,417754400
2011-06-01,10.342987060546875,10.541159287767936,10.317243607893507,10.443570778832024,554682800
2011-06-02,10.360651016235352,10.416930107778635,10.306767613028908,10.372625461108846,338783200
2011-06-03,10.281022071838379,10.337600122154981,10.238214632477062,10.273239482399669,313250000
2011-06-06,10.11937141418457,10.389089786188784,10.112486508154133,10.348677234316634,461941200
2011-06-07,9.939762115478516,10.124763352345147,9.93557105840489,10.123266945928624,529785200
2011-06-08,9.945744514465332,10.022379350762845,9.898148102056208,9.931974704409413,333723600
2011-06-09,9.92329216003418,9.988551265821858,9.901139443823864,9.975978102567353,275088800
2011-06-10,9.755955696105957,9.928383701186954,9.744280212963485,9.895155017170154,433955200
2011-06-13,9.776907920837402,9.828097460554838,9.731106879936846,9.794868784198393,329473200
2011-06-14,9.951730728149414,9.975978573031385,9.858032719786348,9.878688232140478,334569200
2011-06-15,9.781401634216309,9.887672039045796,9.725421501825123,9.871207576352685,399196000
2011-06-16,9.733802795410156,9.83917550766146,9.529344353875793,9.785890828999035,510591200
2011-06-17,9.587118148803711,9.856238564580206,9.560176450894694,9.84845517647968,615020000
2011-06-20,9.439241409301758,9.510487775261772,9.294952510204803,9.50030949459253,640645600
2011-06-21,9.737996101379395,9.752963360921896,9.435648505763186,9.479953160759084,493382400
2011-06-22,9.657466888427734,9.845761412766208,9.650581183828185,9.733801966293306,390583200
2011-06-23,9.915511131286621,9.929280942573333,9.523057920459856,9.547603932022673,559759200
2011-06-24,9.769430160522461,9.972990997440537,9.731711445517725,9.919706298091137,439807200
2011-06-27,9.939762115478516,9.995442502951434,9.796371688447401,9.806549969911922,339813600
2011-06-28,10.036149978637695,10.079257177487989,9.981667857398996,9.987954040790594,294299600
2011-06-29,9.999629974365234,10.069379115102555,9.93496877349214,10.059500598081012,352545200
2011-06-30,10.048422813415527,10.062194222535677,9.963706425062066,10.019385987533855,322954800
2011-07-01,10.275635719299316,10.282819587465015,10.004420115656297,10.056807117337303,435313200
2011-07-05,10.460334777832031,10.472309220995765,10.252882745873512,10.267850000466153,355054000
2011-07-06,10.530082702636719,10.600132387745054,10.37890897216933,10.445964247468284,444626000
2011-07-07,10.692931175231934,10.716879257796071,10.59713724625162,10.6171948345456,399663600
2011-07-08,10.768074035644531,10.77675590924989,10.543258992978881,10.577385366973903,489633200
2011-07-11,10.597142219543457,10.769870813730678,10.561818401486816,10.667191932689862,442674400
2011-07-12,10.589654922485352,10.707301012766129,10.43608550760992,10.58306818028108,451609200
2011-07-13,10.717479705810547,10.77675159497817,10.66838449361757,10.726758699316296,391638800
2011-07-14,10.709997177124023,10.824949442585176,10.667189738439863,10.806987776405892,430533600
2011-07-15,10.924030303955078,10.926425191712214,10.751902142900436,10.811772738105377,484467200
2011-07-18,11.189864158630371,11.215308657718014,10.934814050547162,10.939304068183281,572653200
2011-07-19,11.28116512298584,11.335048521610926,11.175492654367252,11.315590450026962,819145600
2011-07-20,11.582016944885254,11.862512333647757,11.55507524205096,11.8580223162961,941340400
2011-07-21,11.5936918258667,11.676612058324451,11.492210404610116,11.583513547788511,526534400
2011-07-22,11.773603439331055,11.825990436175593,11.607461615216684,11.624524799339053,516728800
2011-07-25,11.929265975952148,11.974168537422859,11.663438943133476,11.685291102051904,589806000
2011-07-26,12.076252937316895,12.108882905592704,11.964594017213845,11.974172775416907,476582400
2011-07-27,11.752348899841309,12.053200022546475,11.73917701092543,11.99183219368612,659324400
2011-07-28,11.72929859161377,11.884064690534888,11.618837138234781,11.723312168691532,594034000
2011-07-29,11.68918514251709,11.82898398677391,11.49520393433927,11.604168983141179,632584400
2011-08-01,11.87688159942627,11.959203113449291,11.745763820915355,11.907714597162773,612836000
2011-08-02,11.642184257507324,11.911303852002435,11.6254208377105,11.903820225273243,639539600
2011-08-03,11.751747131347656,11.781083713329961,11.442514777035063,11.704149126602799,732508000
2011-08-04,11.296732902526855,11.714331706566796,11.296134180238587,11.657155726442632,871407600
2011-08-05,11.184473037719727,11.48023621466397,10.853687409170323,11.388633315029308,1204590800
2011-08-08,10.573492050170898,11.009351438370505,10.567803789350942,10.827343878736356,1143833600
2011-08-09,11.196151733398438,11.214113404897633,10.627078498181623,10.815672052111553,1082583600
2011-08-10,10.887214660644531,11.215306427079774,10.851591889389592,11.11053244193644,878656800
2011-08-11,11.186870574951172,11.239257578072701,10.918049853092171,11.091675326313174,741969200
2011-08-12,11.285354614257812,11.364682496038148,11.202732561830688,11.31768400946256,528976000
2011-08-15,11.477540969848633,11.524240500561545,11.318284067297611,11.364384875830075,460544000
2011-08-16,11.389832496643066,11.476346676428054,11.257518055884027,11.420966058574395,498750000
2011-08-17,11.388630867004395,11.510766974447575,11.315588371626834,11.444610182703162,442061200
2011-08-18,10.957862854003906,11.155438003973561,10.817765041465039,11.101254038680832,851435200
2011-08-19,10.657906532287598,10.986298787198026,10.657008848879704,10.841710207661107,775888400
2011-08-22,10.670182228088379,10.922838195212785,10.629769679447747,10.911761435055471,535315200
2011-08-23,11.183874130249023,11.185071574566592,10.686945929526123,10.785732687639513,656835200
2011-08-24,11.261109352111816,11.344329346379808,11.094069042604387,11.179983686665645,626267600
2011-08-25,11.18746566772461,11.239253931734073,10.926428420589556,10.928823309054408,871346000
2011-08-26,11.482633590698242,11.489218737088969,11.100058008305869,11.111133971936594,641477200
2011-08-29,11.67391586303711,11.719717705507865,11.61494373265843,11.62033143237313,405269200
2011-08-30,11.674518585205078,11.729899201203047,11.561362463910054,11.622430542312227,417922400
2011-08-31,11.520052909851074,11.737084569680544,11.431144637721276,11.691882230505584,522586400
2011-09-01,11.406294822692871,11.59518727733898,11.39701502841945,11.54968598957675,343725200
2011-09-02,11.197347640991211,11.315592497693437,11.130891064292008,11.218002361336312,438939200
2011-09-06,11.36767864227295,11.385339748166412,10.970733816471446,10.997376554745598,509698000
2011-09-07,11.493108749389648,11.543100856776137,11.435332453616054,11.541903412310756,350576800
2011-09-08,11.499397277832031,11.633208926354623,11.444615381414211,11.447309232329522,416158400
2011-09-09,11.30002498626709,11.55507425708905,11.226382952569535,11.493108505724607,564813200
2011-09-12,11.37367057800293,11.401808934398751,11.132988949528437,11.165918684244096,467832400
2011-09-13,11.513766288757324,11.561362716209697,11.38294745634561,11.439525518227804,440560400
2011-09-14,11.653862953186035,11.740975052201208,11.547891500802123,11.585610207539599,534724400
2011-09-15,11.763423919677734,11.784379195821062,11.671821824908767,11.717622872293251,417818800
2011-09-16,11.989140510559082,11.989140510559082,11.825394338420503,11.840661359215025,698513200
2011-09-19,12.322318077087402,12.370215052529224,11.830480192181998,11.884362790750178,823860800
2011-09-20,12.376803398132324,12.65849624564125,12.309149376818528,12.430686806517986,775754000
2011-09-21,12.337587356567383,12.620476827995292,12.333396300774698,12.562102607068985,605976000
2011-09-22,12.028650283813477,12.268134334661582,11.875381418530578,12.005001959213217,968480800
2011-09-23,12.102889060974121,12.175931548725872,11.969676209225943,11.982548332981265,546277200
2011-09-26,12.069066047668457,12.093313898611447,11.71373279293683,11.969979515745852,812876400
2011-09-27,11.952020645141602,12.2510748588695,11.916098104243275,12.235508877452178,632497600
2011-09-28,11.884661674499512,12.086126465497403,11.869692822622662,11.979855291046482,429637600
2011-09-29,11.691880226135254,12.040328586592906,11.561361172006482,12.031647513534898,651086800
2011-09-30,11.414978981018066,11.641590994941197,11.410787924550668,11.588604466427386,547640800
2011-10-03,11.213812828063965,11.454494429622985,11.171006176126726,11.386541437624091,669099200
2011-10-04,11.150943756103516,11.429343148678857,10.60432404641591,11.212910296852518,1233677200
2011-10-05,11.323075294494629,11.3700729899542,10.785733697427482,11.012045898463853,786469600
2011-10-06,11.296732902526855,11.51855431447612,11.129992342373914,11.175793398383172,812582400
2011-10-07,11.070121765136719,11.30780891917908,11.030906654111146,11.249135733372949,535458000
2011-10-10,11.639195442199707,11.639195442199707,11.321879785934485,11.34822356975173,442514800
2011-10-11,11.982851028442383,12.069365188291393,11.719719413102526,11.751749852126723,605687600
2011-10-12,12.039730072021484,12.251073437159507,11.97836223857464,12.19389745895221,622286000
2011-10-13,12.226526260375977,12.226526260375977,12.059485960880327,12.123247877975228,426185200
2011-10-14,12.632752418518066,12.632752418518066,12.431285954389443,12.477986295483591,573367200
2011-10-17,12.572583198547363,12.773450159753626,12.451343915480578,12.624970207547593,686044800
2011-10-18,12.639936447143555,12.71687106741582,12.452840115728252,12.625567111240242,881602400
2011-10-19,11.932859420776367,12.22622610046228,11.9083118109157,12.014583001541459,1104059600
2011-10-20,11.83377456665039,11.984649393002142,11.800846437958047,11.974172152141547,549270400
2011-10-21,11.76073169708252,11.948427540711771,11.697268732105266,11.917294780522218,621244400
2011-10-24,12.146900177001953,12.168752342937331,11.836470243779345,11.859819615216313,502138000
2011-10-25,11.907413482666016,12.170246932713294,11.895739598818828,12.124744844913142,430427200
2011-10-26,11.9921293258667,12.050503530814487,11.769109743008293,12.026853608491134,456304800
2011-10-27,12.114568710327148,12.243591368736178,12.03074998565724,12.20048336274708,494664800
2011-10-28,12.122352600097656,12.164262363841646,12.049310074551283,12.06397837195734,322842800
2011-10-31,12.117259979248047,12.253466467953384,12.005600298852649,12.046612365647935,385501200
2011-11-01,11.869699478149414,11.959206483971627,11.77121243514496,11.896641987783322,531790000
2011-11-02,11.896637916564941,11.987342336219282,11.827785659314129,11.976865096850549,327350800
2011-11-03,12.066075325012207,12.0759538446169,11.835273043006893,11.946333246907002,441386400
2011-11-04,11.981351852416992,12.07714498528111,11.949021660083329,12.034936278499197,302229200
2011-11-07,11.966089248657227,11.974172399780551,11.85832242687694,11.971478548980947,270275600
2011-11-08,12.16066837310791,12.213654892420866,12.020870325208126,12.040328398603956,400442000
2011-11-09,11.83287525177002,12.00081324131655,11.801443533520892,11.883466081511608,558684000
2011-11-10,11.531725883483887,11.890651491996348,11.439824013201003,11.88526299155208,744752400
2011-11-11,11.513766288757324,11.635902448227002,11.383247217195661,11.573337162966437,653786000
2011-11-14,11.353311538696289,11.532625276047124,11.321580055162073,11.480836195151952,432905200
2011-11-15,11.639790534973145,11.659846527341056,11.358996250116498,11.399408794961142,430810800
2011-11-16,11.518253326416016,11.708941945186499,11.504781677619158,11.652363897943117,349210400
2011-11-17,11.297927856445312,11.512564553618125,11.240751089563718,11.494602888929759,479900400
2011-11-18,11.223987579345703,11.375161336241986,11.22219141276322,11.343130897897492,371938000
2011-11-21,11.046469688415527,11.126397088776505,10.953669363478715,11.088078875135967,447980400
2011-11-22,11.270991325378418,11.313499818598016,11.104250725550253,11.106645615273182,409021200
2011-11-23,10.986003875732422,11.25093250866663,10.982710503272019,11.211117873834656,428271200
2011-11-25,10.883622169494629,11.11053228063151,10.876137742548718,11.02880870130412,254760800
2011-11-28,11.259315490722656,11.277277163090146,11.085989748869396,11.14645911378188,346413200
2011-11-29,11.171899795532227,11.340436487737177,11.082093868928755,11.250929522534985,375855200
2011-11-30,11.441319465637207,11.44371435452395,11.324571030494871,11.414078803593684,405938400
2011-12-01,11.612852096557617,11.644882542750281,11.3979155723621,11.451500022825764,387181200
2011-12-02,11.665837287902832,11.783483424700867,11.63230963771958,11.669728583258244,379055600
2011-12-05,11.764923095703125,11.8667042907843,11.686492870327838,11.779292431299218,357210000
2011-12-06,11.703256607055664,11.813419917497496,11.656258902365886,11.74995614962262,283598000
2011-12-07,11.647573471069336,11.702954070859123,11.577823539690497,11.672719001988163,304746400
2011-12-08,11.694572448730469,11.839460017517572,11.681700321659184,11.718221574943223,376356400
2011-12-09,11.783178329467773,11.795751492355299,11.70564582339938,11.760128729883451,296993200
2011-12-12,11.729897499084473,11.791564290862983,11.658352190061827,11.725107721181343,301067200
2011-12-13,11.639195442199707,11.836470862518958,11.58800587950737,11.764624978743317,338928800
2011-12-14,11.38115119934082,11.596387481598866,11.306013544942061,11.576030922273368,406887600
2011-12-15,11.343733787536621,11.487423969475627,11.324874431173066,11.475150559667378,256200000
2011-12-16,11.406000137329102,11.499698203447934,11.362593958238202,11.3862430956096,421478400
2011-12-19,11.441619873046875,11.520649612051466,11.389830797625299,11.44940326236866,235530400
2011-12-20,11.852931022644043,11.857421838693073,11.592792229606706,11.607759484804646,337215200
2011-12-21,11.867900848388672,11.893346145257137,11.734986902145769,11.875084716287544,262948000
2011-12-22,11.930760383605957,11.948123322640194,11.857418932641849,11.884359825522974,202358800
2011-12-23,12.073854446411133,12.081637834611264,11.958902188003005,11.964889409695415,269399200
2011-12-27,12.169646263122559,12.246281093671655,12.06457253232891,12.066968220105645,265076000
2011-12-28,12.053199768066406,12.221136951706562,12.014283623725973,12.180425440095801,228662000
2011-12-29,12.127437591552734,12.143304128076778,11.989436533616598,12.075949085805004,215978000
2011-12-30,12.123847961425781,12.16216538536071,12.078645631423228,12.07924355430011,179662000
2012-01-03,12.310343742370605,12.34836219930804,12.243588220886576,12.255562663916006,302220800
2012-01-04,12.376503944396973,12.41362472799389,12.251972900101428,12.273526104118046,260022000
2012-01-05,12.513906478881836,12.529472457947337,12.353452114076198,12.421705650896818,271269600
2012-01-06,12.644723892211914,12.655201131360059,12.549529457507239,12.565993918843496,318292800
2012-01-09,12.624665260314941,12.804876625140729,12.613289539813017,12.737522383731683,394024400
2012-01-10,12.669869422912598,12.75249149036395,12.617781389250977,12.74979684069891,258196400
2012-01-11,12.649209022521973,12.658189852334662,12.552218458630316,12.653100315759906,215084800
2012-01-12,12.614486694335938,12.65968901519656,12.535456973493355,12.641129428902758,212587200
2012-01-13,12.567191123962402,12.58635023581817,12.532765793889785,12.563899350655406,226021600
2012-01-17,12.713576316833496,12.752193503206602,12.661488279192335,12.698608260223343,242897200
2012-01-18,12.845589637756348,12.856365837357723,12.761471172030362,12.781228204101247,276791200
2012-01-19,12.804880142211914,12.913245680362445,12.767760159214117,12.87672521902299,261738400
2012-01-20,12.58185863494873,12.797393833716889,12.565394173905139,12.797094872293851,413974400
2012-01-23,12.794699668884277,12.825833222943583,12.6417297455876,12.652805706485355,306062400
2012-01-24,12.585151672363281,12.725549228680876,12.559407417458196,12.725549228680876,547638000
2012-01-25,13.370957374572754,13.604153687378082,13.2832465664951,13.603854725944865,958314000
2012-01-26,13.310189247131348,13.43471947554705,13.265585639542987,13.421848146501947,323985200
2012-01-27,13.389517784118652,13.425440318524581,13.28444483061453,13.301507215111172,299709200
2012-01-30,13.561046600341797,13.58768933848494,13.332939038325474,13.342517794136134,379341200
2012-01-31,13.664924621582031,13.717610586014718,13.562844466370636,13.638281878530272,391683600
2012-02-01,13.656242370605469,13.740061887860225,13.637084857105998,13.722699741769576,270046000
2012-02-02,13.624216079711914,13.685583131344691,13.590089700028361,13.64756545548622,186796400
2012-02-03,13.760716438293457,13.770295993731649,13.637382859475155,13.689470892808217,286599600
2012-02-06,13.889139175415039,13.919374248498238,13.716413007061146,13.721800707795621,249412800
2012-02-07,14.034626960754395,14.062168184806378,13.907400478484892,13.927458073942962,316223600
2012-02-08,14.269619941711426,14.272911715037425,14.06066987363871,14.0846187635967,407890000
2012-02-09,14.763254165649414,14.870423045191862,14.385768198365286,14.391755420579184,884214800
2012-02-10,14.77073860168457,14.89646707760525,14.62495253056914,14.697098162511875,631302000
2012-02-13,15.04554271697998,15.08236292725743,14.880597575433576,14.953640073247657,517216000
2012-02-14,15.250904083251953,15.2538968954401,15.027586257129501,15.107213926282817,460398400
2012-02-15,14.897963523864746,15.754713397138882,14.874612559033805,15.394591191609752,1506120000
2012-02-16,15.033869743347168,15.1140969197732,14.567475539218405,14.71326159778748,944552000
2012-02-17,15.03117561340332,15.200311035364816,14.976692693341446,15.060811162838073,535805200
2012-02-21,15.412256240844727,15.412256240844727,15.091048530807212,15.173670607081949,605595200
2012-02-22,15.358070373535156,15.431411845673152,15.239226013549933,15.359267817952189,483302400
2012-02-23,15.45835018157959,15.501458171211402,15.252095621485417,15.419135084499086,568027600
2012-02-24,15.638569831848145,15.653238130870044,15.525714257324458,15.55654726167719,415072000
2012-02-27,15.738850593566895,15.820873142680513,15.45506264559673,15.605636893052475,547582000
2012-02-28,16.02772331237793,16.02772331237793,15.74154054629859,15.80470452818214,600387200
2012-02-29,16.2381649017334,16.392932533850942,16.03640119171108,16.2118227335596,952011200
2012-03-01,16.2989444732666,16.410904755277063,16.12831259739768,16.409705711831904,683270000
2012-03-02,16.3201961517334,16.36869025483053,16.240566893596654,16.29205700596435,431712400
2012-03-05,15.960373878479004,16.389047835789654,15.746034501737133,16.32738183962583,809124400
2012-03-06,15.87355899810791,15.976237064233672,15.453265579065484,15.67598545559403,810238800
2012-03-07,15.88642692565918,16.098668696530737,15.665203524675789,16.069332115442787,798520800
2012-03-08,16.224700927734375,16.25463543748469,15.929237532307347,16.006171332681454,516457200
2012-03-09,16.319896697998047,16.396830504705097,16.258229108826544,16.29115803149695,418919200
2012-03-12,16.52435302734375,16.52435302734375,16.374674097750727,16.433946787602274,407282400
2012-03-13,17.006315231323242,17.008710120183746,16.636611857422626,16.690197895357496,690855200
2012-03-14,17.649328231811523,17.803195841934293,17.224842980764734,17.304173273374165,1418844000
2012-03-15,17.52898597717285,17.961552742204614,17.31913905766476,17.94957829910269,1159718000
2012-03-16,17.529285430908203,17.637950707343137,17.30267428469267,17.50384013828295,825487600
2012-03-19,17.99418067932129,18.014236670221795,17.63345901468424,17.91245711273285,901236000
2012-03-20,18.139673233032227,18.16781078158324,17.706207902706517,17.946588898447015,816662000
2012-03-21,18.036096572875977,18.250135405227727,18.003468204926328,18.043281240697315,644042000
2012-03-22,17.941490173339844,18.095957235293067,17.82743564300104,17.894789862358405,623870800
2012-03-23,17.84300422668457,18.01513240419027,17.79361006165368,17.9759173124618,430488800
2012-03-26,18.170202255249023,18.175292592620977,17.819360663976124,17.954966036534728,595742000
2012-03-27,18.39472198486328,18.44860538875719,18.14266551259537,18.146257846103254,607129600
2012-03-28,18.48871612548828,18.603368621144394,18.2698875729132,18.511465968801208,655460400
2012-03-29,18.256418228149414,18.456986171084647,18.177689055538952,18.343830071821863,608238400
2012-03-30,17.947792053222656,18.277380373801545,17.89959529492441,18.223795912731376,731038000
2012-04-02,18.51896095275879,18.52315121071675,17.97263828567528,18.016045265384005,598351600
2012-04-03,18.838958740234375,18.925473687663896,18.635099052411626,18.7784886049378,834559600
2012-04-04,18.68899154663086,18.73539133489814,18.470162899741812,18.690188991464687,572980800
2012-04-05,18.969482421875,18.998819012619272,18.661745581778316,18.768914465917362,641298000
2012-04-09,19.045812606811523,19.153879950717,18.718619362590694,18.74346513144736,597536800
2012-04-10,18.8126220703125,19.27841682905211,18.73957954837254,19.156579638662457,889725200
2012-04-11,18.745569229125977,19.06498002439474,18.65995272828746,19.044924023740823,696614800
2012-04-12,18.642879486083984,18.899127729939174,18.5749257317553,18.709635796300397,614336800
2012-04-13,18.117815017700195,18.700658638813817,18.066326511683254,18.68299593576236,859644800
2012-04-16,17.36643409729004,18.268985596749253,17.310155823841576,18.262400453622888,1050786800
2012-04-17,18.251632690429688,18.260612726276644,17.120373593876085,17.330820102453288,1025528000
2012-04-18,18.210912704467773,18.56744410260444,18.042375239817904,18.37196494421259,954531200
2012-04-19,17.585262298583984,18.102845953155136,17.49785047241878,17.96783692001447,834719200
2012-04-20,17.152393341064453,17.80019612821543,17.075758527140263,17.703204767181678,1030985200
2012-04-23,17.114086151123047,17.262866658980926,16.662660683351046,17.081457780951855,966529200
2012-04-24,16.77222442626953,16.994045863830884,16.61416492136542,16.84197358250076,1076149200
2012-04-25,18.260604858398438,18.500088897952104,18.14086363798354,18.429441290137017,905777600
2012-04-26,18.191757202148438,18.4010062102182,18.02501667003518,18.38843224491684,536068400
2012-04-27,18.051063537597656,18.14625958531834,17.976225647097145,18.11303169622897,406722400
2012-04-30,17.481689453125,17.913359376607545,17.452352863989436,17.8953977101804,506144800
2012-05-01,17.42631721496582,17.86427191349641,17.39937550298642,17.509238279245174,610999200
2012-05-02,17.54156494140625,17.584073431045823,17.32842457019041,17.369735615069366,427389200
2012-05-03,17.417030334472656,17.703812700662994,17.371529041566216,17.67687099840168,390549600
2012-05-04,16.92099952697754,17.31345275126671,16.9186046380869,17.27513612774071,529992400
2012-05-07,17.04762840270996,17.146116221044146,16.800660653852287,16.808743804451236,460118400
2012-05-08,17.008718490600586,17.10810322977289,16.72582889931414,17.050627467559693,497252000
2012-05-09,17.03864860534668,17.182340371759366,16.789287539177508,16.874603476322036,480704000
2012-05-10,17.07875633239746,17.239210670857076,17.01649242635896,17.200294530539992,333200000
2012-05-11,16.964706420898438,17.19700586041414,16.89405879330507,16.913516866974202,399546000
2012-05-14,16.71055793762207,16.988657696607042,16.691998342666846,16.840777261275537,352626400
2012-05-15,16.55937957763672,16.860230705023692,16.51687109847244,16.807245785829192,476336000
2012-05-16,16.347131729125977,16.670734182329685,16.196256979412567,16.585717255272296,560896000
2012-05-17,15.869366645812988,16.38964421187223,15.869366645812988,16.324085334464616,717220000
2012-05-18,15.87714958190918,16.2672078846076,15.631679886094268,15.984318452694552,732292400
2012-05-21,16.802154541015625,16.80993872898361,15.987013050106523,16.000485498659863,631106000
2012-05-22,16.67313575744629,17.179343031966365,16.54171902075251,17.049721662668446,694870400
2012-05-23,17.0799560546875,17.147011339308087,16.56117488277499,16.688997670159527,584897600
2012-05-24,16.923095703125,17.25777423625093,16.80065900519714,17.23891408627894,496230000
2012-05-25,16.83238983154297,16.938960785886703,16.718036287854122,16.90124208612925,328507200
2012-05-29,17.131147384643555,17.182936463126815,16.92279842230191,17.09013690612122,380508800
2012-05-30,17.33769989013672,17.362246700896357,16.960213937542374,17.039243668966186,529429600
2012-05-31,17.29459571838379,17.407451270131897,17.106900681596056,17.384699823673746,491674400
2012-06-01,16.793472290039062,17.142520114144943,16.77940351835902,17.038045095904145,520987600
2012-06-04,16.892253875732422,16.98834675433184,16.419575266497002,16.80873495797193,556995600
2012-06-05,16.848552703857422,16.957518535212138,16.71384421842727,16.80185397540484,388214400
2012-06-06,17.10689926147461,17.178443769655868,16.92848323572055,16.99643700927297,401455600
2012-06-07,17.114681243896484,17.28231866492012,17.07815998879798,17.281421780656842,379766800
2012-06-08,17.37212562561035,17.379909813730485,17.03325684715071,17.111089136006868,347516400
2012-06-11,17.098217010498047,17.616996593675488,17.08205071216127,17.59364722785185,591264800
2012-06-12,17.24759864807129,17.261368462818275,16.964410169562903,17.196709646189095,435380400
2012-06-13,17.127859115600586,17.317050602067557,17.074573620168444,17.19850676165958,293580000
2012-06-14,17.108993530273438,17.16796726959866,16.981170732066175,17.100312457714992,345573200
2012-06-15,17.18681526184082,17.20148354762192,17.049710354996012,17.09311728984534,335255200
2012-06-18,17.53557777404785,17.598741786330216,17.074273769289068,17.09193647924618,440412000
2012-06-19,17.584365844726562,17.661897559289173,17.455344029311966,17.464324061493965,361404400
2012-06-20,17.53437614440918,17.63944909006576,17.386494162861872,17.608315536458708,358943200
2012-06-21,17.29279899597168,17.60861740665866,17.285913290028553,17.525397407317246,326351200
2012-06-22,17.425418853759766,17.428112705231616,17.225450342128322,17.333816712642506,284471600
2012-06-25,17.08624267578125,17.356559748478013,17.07426823201991,17.2817202743317,304382400
2012-06-26,17.12396240234375,17.197602837810965,16.98326507778711,17.10300632514119,276536400
2012-06-27,17.19790267944336,17.264957973240488,17.120669906679236,17.212869936447596,202997200
2012-06-28,17.034748077392578,17.182928982112706,16.931771085637177,17.11317986399334,282836400
2012-06-29,17.482290267944336,17.482290267944336,17.190419162128023,17.302676787834507,421500800
2012-07-02,17.737335205078125,17.7657733063405,17.470311538159677,17.504138937789236,400092000
2012-07-03,17.943592071533203,17.961254775767976,17.781642915461674,17.807985093021085,241712800
2012-07-05,18.258817672729492,18.39053339394858,17.95078181433253,17.978022482559116,484383200
2012-07-06,18.13727569580078,18.213910543059416,18.008554412249534,18.17349799129132,418930400
2012-07-09,18.377056121826172,18.377355083219395,18.084288185487022,18.11991095427741,379405600
2012-07-10,18.207021713256836,18.556067892288752,18.12020781117469,18.499190094152834,511957600
2012-07-11,18.093873977661133,18.190564840204317,17.87803976458607,18.144464018241763,469322000
2012-07-12,17.928329467773438,18.06513391823153,17.742130826510593,17.968443063108822,428041600
2012-07-13,18.110029220581055,18.176484969165788,17.96125039025379,18.049560692417074,311427200
2012-07-16,18.16810417175293,18.309098813939812,18.111525339353236,18.11451974887809,301260400
2012-07-17,18.169002532958984,18.305507958031143,18.055545907583085,18.284252926335107,293624800
2012-07-18,18.14866065979004,18.210926202390823,18.06783391993157,18.15853918156913,252700000
2012-07-19,18.389925003051758,18.42075798787311,18.14086144024279,18.298920855225052,436861600
2012-07-20,18.08998680114746,18.39353190992256,18.07202512641152,18.351322373974345,397471200
2012-07-23,18.07590675354004,18.137873299187422,17.593347874845357,17.793615245165547,487975600
2012-07-24,17.988798141479492,18.25103209631162,17.916652508871998,18.182179835813315,565132400
2012-07-25,17.21196937561035,17.386492479072288,17.063190524237452,17.196703160420746,877312800
2012-07-26,17.209278106689453,17.37452064228781,17.073970083194965,17.35536153135784,406632800
2012-07-27,17.517011642456055,17.537069234456894,17.110788649735053,17.213167740803907,403936400
2012-07-30,17.81247901916504,17.944493687597287,17.59664322974093,17.68944438576257,379142400
2012-07-31,18.283361434936523,18.31150218040299,18.042681482303358,18.05794770082735,462327600
2012-08-01,18.165115356445312,18.452196664273636,18.05106077251501,18.437528369638567,384501600
2012-08-02,18.194448471069336,18.281260777866994,17.96873583390587,18.04626914715546,332158400
2012-08-03,18.431245803833008,18.499498551242088,18.307312678677203,18.369279241255104,344920800
2012-08-06,18.636295318603516,18.70574548202793,18.418066313567735,18.478833807680715,302103200
2012-08-07,18.587207794189453,18.70964290405375,18.501292345537568,18.642886568476747,290446800
2012-08-08,18.555768966674805,18.676109706684706,18.473146918347894,18.541698598112013,244706000
2012-08-09,18.661602020263672,18.69166666915814,18.573514605988795,18.575017437036337,221642400
2012-08-10,18.690759658813477,18.692562734502324,18.600568945839722,18.600869190856475,194938800
2012-08-13,18.940290451049805,18.940290451049805,18.73735853827594,18.741568390838964,278832400
2012-08-14,18.9910945892334,19.199138661260367,18.94660053309594,18.99650702656161,340169200
2012-08-15,18.965246200561523,19.06054912279022,18.872650300703864,18.979376985785418,257342400
2012-08-16,19.13089942932129,19.143525777923937,18.955325106788635,18.976671406975843,254534000
2012-08-17,19.4847469329834,19.487152104066713,19.205153019694702,19.240928735367895,442761200
2012-08-20,19.99704360961914,19.99704360961914,19.538567758334473,19.54187527104204,613384800
2012-08-21,19.7237606048584,20.289565227149772,19.55149378778877,20.167505167058923,812719600
2012-08-22,20.10887908935547,20.11278709188427,19.48475149732541,19.6744549955929,565322800
2012-08-23,19.921276092529297,20.139839996419056,19.87678042694865,20.025897824745247,420128800
2012-08-24,19.93901252746582,20.127213148347025,19.708422773770966,19.827475529689277,437340400
2012-08-27,20.31361961364746,20.46965073882039,20.249282062538132,20.443193845626322,427008400
2012-08-28,20.287155151367188,20.32623838075487,20.16299019457491,20.29256598379823,267416800
2012-08-29,20.247175216674805,20.373443529229313,20.22102017666472,20.30068948822398,202806800
2012-08-30,19.958559036254883,20.18945069715493,19.92789390060918,20.162093073914598,302699600
2012-08-31,19.999746322631836,20.100760316005974,19.75953423074919,20.060174250511626,338321200
2012-09-04,20.292264938354492,20.297375525579614,19.977495795050682,20.01537643733855,367892000
2012-09-05,20.149763107299805,20.333753885897174,20.130821982850765,20.310304269674557,336375200
2012-09-06,20.33135414123535,20.392083926975648,20.166904933196054,20.238156141471148,391196400
2012-09-07,20.456714630126953,20.518044884786306,20.316315583359252,20.384859745400785,329666400
2012-09-10,19.924592971801758,20.542405937298227,19.905351593855638,20.457025533840213,487998000
2012-09-11,19.859947204589844,20.14585431376095,19.736984829968854,19.995836170640814,503983200
2012-09-12,20.136531829833984,20.139839341403103,19.721951310526272,20.04814420270776,712233200
2012-09-13,20.5330810546875,20.608842352459412,20.286255544044973,20.364422013352137,598360000
2012-09-14,20.78261375427246,20.953978226802,20.680695805965915,20.742930026145036,600474000
2012-09-17,21.038158416748047,21.038758906911227,20.882727799804464,21.025230216764268,398031200
2012-09-18,21.102190017700195,21.11481636456527,20.937138745442315,21.0411599985384,373503200
2012-09-19,21.10790252685547,21.16472269286766,21.031840990092764,21.052585191536078,326874800
2012-09-20,21.00568389892578,21.04657181089196,20.85295873305226,21.019512831061363,336568400
2012-09-21,21.047473907470703,21.197191816119975,21.0255271194074,21.117222273866048,571589200
2012-09-24,20.767879486083984,20.898057390850937,20.533681924465213,20.649729044804157,639766400
2012-09-25,20.2492733001709,20.827704097265233,20.233037592669344,20.691813537524165,518789600
2012-09-26,19.997947692871094,20.22372720014072,19.878292790688903,20.104974638882613,576503200
2012-09-27,20.483169555664062,20.50872409560045,19.852728972340255,19.971181233197687,594090000
2012-09-28,20.055665969848633,20.47686160477326,20.045142942866324,20.40591064927307,535110800
2012-10-01,19.823871612548828,20.345782592888543,19.73698679843784,20.177724042831052,543594800
2012-10-02,19.881591796875,20.033114373616435,19.561109954719516,19.896623314310823,627992400
2012-10-03,20.186443328857422,20.198771037654232,19.92128038176275,19.988323336766594,424281200
2012-10-04,20.04665184020996,20.27062829156888,20.009073030162106,20.180435936276073,370725600
2012-10-05,19.61944007873535,20.022596985894495,19.580056592834712,19.99854687234296,594006000
2012-10-08,19.1859130859375,19.46821404199927,19.1239807287043,19.44777008626209,637994000
2012-10-09,19.116165161132812,19.255661886405093,18.746378901713033,19.200344551677464,838597200
2012-10-10,19.268287658691406,19.39064793607216,19.15073772380344,19.233112430609978,510356000
2012-10-11,18.883167266845703,19.45738983643196,18.883167266845703,19.43634539168426,546081200
2012-10-12,18.931577682495117,19.102039832973244,18.79899618829977,18.92706758358873,460014800
2012-10-15,19.083389282226562,19.094512794782567,18.75539177031786,19.010935525355563,432502000
2012-10-16,19.535253524780273,19.550586891523132,18.97035142132757,19.10173188210954,549771600
2012-10-17,19.379528045654297,19.625451232042217,19.36118901286706,19.507601030100066,389037600
2012-10-18,19.01966094970703,19.30286266633403,18.940291896454077,19.228605806667492,476624400
2012-10-19,18.334203720092773,18.993504915861784,18.327588695516894,18.971859977437656,744086000
2012-10-22,19.06145477294922,19.102040848498003,18.361865983322232,18.411772502282705,546730800
2012-10-23,18.440021514892578,19.05753544554504,18.39011663117472,18.97034881033343,707145600
2012-10-24,18.54435157775879,18.836573531309188,18.358255823698368,18.682947596793774,558527200
2012-10-25,18.325176239013672,18.69977433494481,18.205221165076914,18.639645069924512,656325600
2012-10-26,18.15862464904785,18.459264592529312,17.767794006992407,18.321871210328382,1018432800
2012-10-31,17.897676467895508,18.09730090989716,17.668589474231517,17.884448023037415,510003200
2012-11-01,17.934358596801758,18.128570643462382,17.86310737330094,17.984865610292196,361298000
2012-11-02,17.34089469909668,17.946683388201837,17.279264169461637,17.914815659865344,599373600
2012-11-05,17.57599449157715,17.670695334731015,17.36494465043838,17.542924177473857,529135600
2012-11-06,17.52277374267578,17.759978535699624,17.439798546897613,17.74464677338832,374917200
2012-11-07,16.852294921875,17.351822850023805,16.7843409686137,17.330682301131166,793648800
2012-11-08,16.24073028564453,16.980058067910814,16.166435890392687,16.931734936441377,1056146000
2012-11-09,16.521909713745117,16.758083448698923,16.11902434803704,16.321373493124863,929913600
2012-11-12,16.394145965576172,16.746594993076734,16.267904258179726,16.73602390937468,515802000
2012-11-13,16.396272659301758,16.625197920854234,16.198755830084565,16.27576963520679,532949200
2012-11-14,16.214460372924805,16.53368829545471,16.19331980339586,16.474795672031316,477170400
2012-11-15,15.8743896484375,16.29358315318434,15.783786999148957,16.23408731133316,789910800
2012-11-16,15.93660831451416,16.00667526014457,15.274294143933018,15.861709054500823,1266893600
2012-11-19,17.08576202392578,17.139217470476687,16.305059598180982,16.330126012243127,823317600
2012-11-20,16.940187454223633,17.27361053035192,16.749014352824727,17.272402452352598,642754000
2012-11-21,16.964054107666016,17.135294796266855,16.810026521212226,17.04106790089291,373002000
2012-11-23,17.260021209716797,17.275122993589562,16.991231069929484,17.129250374402027,272826400
2012-11-26,17.804555892944336,17.81874960546837,17.326771335557204,17.392912422997323,630579600
2012-11-27,17.661096572875977,17.831432386396163,17.519754638396375,17.805156280285228,533330000
2012-11-28,17.60552978515625,17.691904979452723,17.282979273873487,17.434287478552157,520864400
2012-11-29,17.79942512512207,17.94710913063514,17.675299462875646,17.825399626009794,514698800
2012-11-30,17.676198959350586,17.77042746511471,17.597675473367453,17.721802710946328,391319600
2012-12-03,17.70368194580078,17.957373586317658,17.6828429953759,17.92898454866841,364280000
2012-12-04,17.391401290893555,17.571098532028834,17.279053216365206,17.571098532028834,557068400
2012-12-05,16.272140502929688,17.192070354116943,16.271535657318754,17.181802495025757,1044638000
2012-12-06,16.527339935302734,16.710659748203664,15.663280174012447,15.974656272275972,1177212400
2012-12-07,16.10483169555664,16.767749184002724,16.006677313216358,16.713387253144177,787040800
2012-12-10,16.001235961914062,16.26368412039504,15.752376668297032,15.855664944636205,630484400
2012-12-11,16.350664138793945,16.59740889202525,16.22925468782009,16.30173777361864,592345600
2012-12-12,16.27848243713379,16.550293601770594,16.19603310966775,16.54334674834526,487144000
2012-12-13,15.997313499450684,16.237414703602653,15.87982986297622,16.04140756518386,625259600
2012-12-14,15.396306037902832,15.64818476649776,15.269159401534816,15.54610454996731,1009579200
2012-12-17,15.669321060180664,15.704656944358458,15.137779554677639,15.370328963335213,757607200
2012-12-18,16.12445831298828,16.154658660856178,15.712210016048356,15.855666507186271,625685200
2012-12-19,15.89522933959961,16.118417386907417,15.870766155400748,16.051068226268683,449369200
2012-12-20,15.756903648376465,16.0127081222588,15.670830105063976,16.00666773212097,481689600
2012-12-21,15.684426307678223,15.694694168201776,15.409895717647977,15.477244882590094,596268400
2012-12-24,15.709796905517578,15.833017703590047,15.665702840675111,15.715234065974963,175753200
2012-12-26,15.493255615234375,15.688356307216313,15.436477525113194,15.674462594691347,302436400
2012-12-27,15.55546760559082,15.591406732313192,15.241373638199759,15.509560621263915,455120400
2012-12-28,15.390263557434082,15.53794912172514,15.345867887114835,15.411405735328529,354278400
2012-12-31,16.07221221923828,16.169763360470142,15.372449194136852,15.418656186316383,659492400
2013-01-02,16.581401824951172,16.761703896777707,16.357913773009457,16.726066390497785,560518000
2013-01-03,16.372106552124023,16.600730133928707,16.338885204532,16.546669838388492,352965200
2013-01-04,15.916067123413086,16.26730822866959,15.880731236277022,16.217173785550624,594333600
2013-01-07,15.8224458694458,15.985531626290397,15.559694443967,15.765062947821658,484156400
2013-01-08,15.86502456665039,16.06374939452178,15.742408663952427,15.982809769560397,458707200
2013-01-09,15.617074966430664,15.855966401880957,15.583550390363834,15.780160698221348,407604400
2013-01-10,15.810664176940918,15.968011116575742,15.569354998037277,15.962877187584027,601146000
2013-01-11,15.713719367980957,15.86532915997072,15.675060862981748,15.734859931441598,350506800
2013-01-14,15.153486251831055,15.327143077091414,15.055633519539565,15.181572056990145,734207600
2013-01-15,14.67540168762207,15.070132051290738,14.598689511646727,15.049293101024734,876772400
2013-01-16,15.284562110900879,15.385737484299343,14.874128292395369,14.938758078329505,690804800
2013-01-17,15.181571960449219,15.42529732764568,15.161942703766709,15.41200846603457,453678400
2013-01-18,15.100637435913086,15.167683379279485,14.991911974106273,15.055938527413446,472922800
2013-01-22,15.2446928024292,15.338618064619023,14.998854521515483,15.23835079478868,461546400
2013-01-23,15.523755073547363,15.553352189526066,15.244695399375415,15.366708098690998,861509600
2013-01-24,13.605673789978027,14.065638797417726,13.598122089566587,13.89258517918955,1460852400
2013-01-25,13.28493595123291,13.778726371279294,13.137553592061213,13.641613486377056,1208026400
2013-01-28,13.585439682006836,13.687519909258786,13.163528291322526,13.223024955557328,785517600
2013-01-29,13.84033489227295,13.898624271949608,13.654597273466528,13.847281746316154,571158000
2013-01-30,13.796846389770508,13.971108079147223,13.726477835387195,13.801980320012602,417155200
2013-01-31,13.756375312805176,13.870837914226883,13.740973523483868,13.801375828258571,319334400
2013-02-01,13.69990062713623,13.876880096517942,13.540740719004626,13.865705773532719,539484400
2013-02-04,13.358625411987305,13.769966433150449,13.348960784705218,13.708657663521045,477117200
2013-02-05,13.827346801757812,13.88472970920433,13.355602753520396,13.410871120908382,573347600
2013-02-06,13.812551498413086,14.088891787476987,13.668490156793625,13.785973772031708,593706400
2013-02-07,14.223250389099121,14.27732075191523,13.794929858041463,14.072275501342816,704580800
2013-02-08,14.428603172302246,14.544947999657946,14.224163011821405,14.398833562290712,633158400
2013-02-11,14.578970909118652,14.731162577422628,14.376052470131825,14.474777265549955,517490400
2013-02-12,14.213531494140625,14.653394908371228,14.208671017365345,14.56621132295618,609053200
2013-02-13,14.186491966247559,14.3878934611032,14.071362290355648,14.192567560704273,475207600
2013-02-14,14.173734664916992,14.327139781607519,14.095665300547854,14.11085347621021,355275200
2013-02-15,13.978407859802246,14.282181087509008,13.971117146594413,14.242385539002514,391745200
2013-02-19,13.973246574401855,14.0564814306352,13.786731450411773,14.006966538671339,435783600
2013-02-20,13.634842872619629,13.903377695827983,13.633322757051912,13.903377695827983,476302400
2013-02-21,13.550088882446289,13.644563168154122,13.451666676721457,13.548266203942447,447182400
2013-02-22,13.694378852844238,13.71837623189629,13.566490440907872,13.646990842966574,330654800
2013-02-25,13.451064109802246,13.825311956160808,13.444076767784978,13.786733132578126,372579200
2013-02-26,13.638486862182617,13.716556226125318,13.294919688146507,13.482043137821147,501499600
2013-02-27,13.504828453063965,13.743897871476038,13.385750021906471,13.622084205510212,587350400
2013-02-28,13.408533096313477,13.605073344739269,13.408533096313477,13.48903271146763,322515200
2013-03-01,13.076510429382324,13.310719387858768,13.061625624430889,13.305250540175795,552448400
2013-03-04,12.759974479675293,13.00754884746239,12.728078017271951,12.995397659659071,582755600
2013-03-05,13.0968599319458,13.219887890880955,12.781240479652759,12.803415995686816,638433600
2013-03-06,12.930395126342773,13.221713876091652,12.893030615849083,13.199234170486035,460250000
2013-03-07,13.079848289489746,13.123288385277728,12.790656475960187,12.895154269545737,468473600
2013-03-08,13.114479064941406,13.227178511645661,13.02000559183649,13.056154976030474,391482000
2013-03-11,13.301300048828125,13.33593094221959,12.914596923146465,13.054636556482052,474236000
2013-03-12,13.014538764953613,13.331981734138003,12.988414515532254,13.232344401679025,465911600
2013-03-13,13.012107849121094,13.19892793914766,12.921280540424826,13.015146457865924,405549200
2013-03-14,13.138175964355469,13.20318240680542,13.075901512149734,13.148199480818585,303875600
2013-03-15,13.477188110351562,13.494503155612637,13.282468883568061,13.30312591264229,643960800
2013-03-18,13.843535423278809,13.896390670148659,13.402456928060216,13.41005101678329,606197200
2013-03-19,13.806175231933594,14.003019707273241,13.624213941303767,13.958363663854612,526775200
2013-03-20,13.732959747314453,13.901554663850867,13.65732062000172,13.8951756948951,308660800
2013-03-21,13.752706527709961,13.91218725831892,13.672815286470152,13.67646064374634,383255600
2013-03-22,14.031571388244629,14.037341987481286,13.764251663808526,13.808906075950487,395105200
2013-03-25,14.082298278808594,14.275802310910478,14.027619551336496,14.11601661110684,501135600
2013-03-26,14.0081787109375,14.150951134860701,13.989648552127763,14.138799945096657,294294000
2013-03-27,13.732959747314453,13.876340539865485,13.691950699180204,13.8660128398725,331237200
2013-03-28,13.446809768676758,13.725065588023035,13.415217479294132,13.664311247761145,442839600
2013-04-01,13.029120445251465,13.4784006004603,12.993579427724928,13.423721051208988,389732000
2013-04-02,13.055851936340332,13.309501962804237,12.952872621311,12.98932619403018,529519200
2013-04-03,13.1226806640625,13.283376498881251,13.071646478083167,13.103846319879807,363216000
2013-04-04,12.992966651916504,13.214113389863607,12.917935099580484,13.176446332227574,358447600
2013-04-05,12.855668067932129,12.908828318556825,12.74873919589464,12.89515782136783,383695200
2013-04-08,12.947103500366211,12.986289881226394,12.834100649600675,12.90579025514089,300829200
2013-04-09,12.970489501953125,13.016662396723536,12.841993520424355,12.951655970615867,306614000
2013-04-10,13.235077857971191,13.276695280967042,12.941025529288789,13.004514284609066,375928000
2013-04-11,13.193763732910156,13.304943870003578,13.098681893685276,13.175232763706948,328364400
2013-04-12,13.056159019470215,13.188299599681228,13.03459105640489,13.188299599681228,238613200
2013-04-15,12.753902435302734,12.998135699996663,12.744789041913904,12.97109970519028,317520000
2013-04-16,12.948014259338379,12.95925289531656,12.77577476112843,12.80615193029096,305771200
2013-04-17,12.235969543457031,12.77668622506774,12.093500469098082,12.76666108620098,945056000
2013-04-18,11.909416198730469,12.326799955006834,11.839244274105006,12.302498379547291,666299200
2013-04-19,11.863239288330078,12.138761438916147,11.698289722518933,11.785473294357546,609274400
2013-04-22,12.110511779785156,12.217744835240188,11.885721211210912,11.927337016993683,429920400
2013-04-23,12.337124824523926,12.405473238799344,12.114762108443863,12.27211677068034,664238400
2013-04-24,12.316770553588867,12.614164012097461,11.923080949315263,11.954674040991524,969651200
2013-04-25,12.405474662780762,12.57437216347797,12.363553864594103,12.492049871574535,384837600
2013-04-26,12.673399925231934,12.72109212604503,12.401523150905463,12.448911977569326,764097600
2013-04-29,13.065878868103027,13.17219936964683,12.75846018525635,12.772129871322146,640326400
2013-04-30,13.45045280456543,13.525485193187722,13.125112367499174,13.217155612573336,691538400
2013-05-01,13.344435691833496,13.515763420885618,13.195587665049803,13.501486177728015,506909200
2013-05-02,13.533684730529785,13.626941452260741,13.385139289834415,13.420072740112019,421828400
2013-05-03,13.669170379638672,13.767896781219756,13.643956252067014,13.70957106287873,361300800
2013-05-06,13.995118141174316,14.040379297544488,13.800702339278592,13.84322988338726,496641600
2013-05-07,13.932842254638672,14.148216809807904,13.782170753800393,14.124522802122836,483753200
2013-05-08,14.090200424194336,14.136678331388552,13.846271310790447,13.94438935425117,472598000
2013-05-09,13.967272758483887,14.157775756952484,13.930884912273065,14.06023144127083,398487600
2013-05-10,13.851078987121582,14.05717775995635,13.77493917234037,14.00397101438783,334852000
2013-05-13,13.90519905090332,14.001827223606384,13.80612618706393,13.806431569323443,316948800
2013-05-14,13.572505950927734,13.919264189616825,13.520216187162648,13.877983699651216,447118000
2013-05-15,13.113526344299316,13.485054091316199,12.915073592378535,13.428790265326446,741613600
2013-05-16,13.288739204406738,13.388730658245398,12.809271123849419,12.94198093693742,603204000
2013-05-17,13.248377799987793,13.457228257558018,13.179576966628915,13.42542685645633,427904400
2013-05-20,13.544069290161133,13.631829125879138,13.151748636387488,13.207095494326934,451578400
2013-05-21,13.444080352783203,13.622046381661047,13.277122784412308,13.397907201563294,456022000
2013-05-22,13.495756149291992,13.709805440248736,13.40004575356144,13.578317960337442,443038400
2013-05-23,13.519909858703613,13.642835173352886,13.325737408593836,13.330630055926735,353021200
2013-05-24,13.611953735351562,13.627548643885811,13.46548374803379,13.480467075517085,276166800
2013-05-28,13.498510360717773,13.794202921194582,13.480469940675484,13.757204301073452,386145200
2013-05-29,13.605839729309082,13.683815098851875,13.436129639547385,13.454477073509295,330576400
2013-05-30,13.808571815490723,13.897861011105174,13.592382416430295,13.627241717944417,353519600
2013-05-31,13.752004623413086,13.97736695417028,13.744971032408946,13.836704932449699,384302800
2013-06-03,13.782276153564453,13.832424169483765,13.530310462207195,13.782581535841935,372352400
2013-06-04,13.73915958404541,13.895721069888614,13.68044943511927,13.858720823881006,292728800
2013-06-05,13.610730171203613,13.782274976543217,13.567920315431564,13.627242042561496,290589600
2013-06-06,13.40738582611084,13.668525247620897,13.272535864062707,13.621740516918674,416934000
2013-06-07,13.509822845458984,13.553549668059773,13.233393911897334,13.34745174245107,404535600
2013-06-10,13.420534133911133,13.732126949845256,13.356625949769553,13.59911173390495,450153200
2013-06-11,13.381082534790039,13.538867134479768,13.25020749361041,13.324207962983312,286112400
2013-06-12,13.215657234191895,13.492697714396982,13.194558097734882,13.43918560112892,265227200
2013-06-13,13.330940246582031,13.36702271714715,13.110470554064577,13.225139975965737,285832400
2013-06-14,13.150219917297363,13.341029111814409,13.102822796778836,13.31381416484243,271866000
2013-06-17,13.209848403930664,13.322988454214011,13.159700388398253,13.192724950209644,259414400
2013-06-18,13.202816009521484,13.298526410031439,13.155114316938631,13.196394816257678,195025600
2013-06-19,12.93464183807373,13.19944986392817,12.93464183807373,13.191499311375683,310940000
2013-06-20,12.746283531188965,13.025768783407324,12.69521772713813,12.821506383734267,357310800
2013-06-21,12.644145965576172,12.842905686842034,12.479023195742187,12.796731734505073,481118400
2013-06-24,12.309009552001953,12.496149262464938,12.171712470138427,12.457620474530499,480746000
2013-06-25,12.311760902404785,12.469544708725973,12.195562968643916,12.405636539207988,314162800
2013-06-26,12.17232608795166,12.3778124331817,12.09863179205784,12.350597483184016,367724000
2013-06-27,12.041144371032715,12.273845673689031,12.033806214313932,12.208408945142997,337246000
2013-06-28,12.125234603881836,12.239596995318939,11.891003958439278,11.967144575173073,578516400
2013-07-01,12.513272285461426,12.606537163512984,12.268645600262552,12.313596395664591,391053600
2013-07-02,12.796737670898438,12.892754289195167,12.520921889975982,12.535905221572321,469865200
2013-07-03,12.867375373840332,12.934036916882345,12.764938367216217,12.869210117681776,240928800
2013-07-05,12.764015197753906,12.943510553400923,12.700718603275515,12.854833754763916,274024800
2013-07-08,12.691545486450195,12.873487186471754,12.557000912673017,12.846273052742209,298138400
2013-07-09,12.914767265319824,12.949931949858396,12.548744591299311,12.647206687843411,352584400
2013-07-10,12.865234375,12.989689123709212,12.789400746142242,12.830681257599101,281405600
2013-07-11,13.065823554992676,13.09517944420313,12.878684660456486,12.933113738640719,326292400
2013-07-12,13.041973114013672,13.142269955654317,12.947180501769848,13.076832416996766,279563200
2013-07-15,13.070413589477539,13.19333895967307,12.989687321596751,12.996109332388055,241917200
2013-07-16,13.154806137084961,13.17040022697212,12.970418149639759,13.042276872046266,216538000
2013-07-17,13.158167839050293,13.21657340981094,13.094259672959696,13.13951584541295,198990400
2013-07-18,13.20251178741455,13.297609798653129,13.167347095985289,13.25204822764441,218878800
2013-07-19,12.994272232055664,13.270394150093006,12.975924799594294,13.243485399013146,268721600
2013-07-22,13.035861015319824,13.141050535264183,13.010175420684545,13.132183015865031,207796400
2013-07-23,12.812026023864746,13.055734977663448,12.803463888133622,13.026379900258368,369395600
2013-07-24,13.470073699951172,13.594833000663336,13.309537306721051,13.421759600894031,591936800
2013-07-25,13.40860652923584,13.497284141966274,13.326350925327672,13.475879623305504,229493600
2013-07-26,13.484746932983398,13.486275477208583,13.281400742701907,13.310755813983723,200152400
2013-07-29,13.692682266235352,13.759954555978604,13.460592540009051,13.478939156970759,248057600
2013-07-30,13.861780166625977,13.978895087458001,13.736713875097008,13.759036176607891,309422400
2013-07-31,13.837618827819824,13.98470036855688,13.74282623232076,13.912842466424953,322957600
2013-08-01,13.964520454406738,13.968189940401532,13.85994255314527,13.936083979272194,206250800
2013-08-02,14.143712043762207,14.153191959148703,13.963912098188858,14.005192597954554,274783600
2013-08-05,14.355010986328125,14.39231662279713,14.131789565241101,14.20945792763236,318855600
2013-08-06,14.226582527160645,14.429622589939465,14.132400653769615,14.311284483520273,334857600
2013-08-07,14.218320846557617,14.28008971091047,14.120164137568812,14.182238384156067,298858000
2013-08-08,14.190004348754883,14.285115448468526,14.095815444843783,14.277728018991468,255777200
2013-08-09,13.988086700439453,14.173076576534314,13.963463575598071,14.11705604969878,266865200
2013-08-12,14.38546371459961,14.425169106524757,14.05519093085194,14.062270964097845,364434000
2013-08-13,15.069089889526367,15.225761269757214,14.40669681287446,14.495653372042547,881941200
2013-08-14,15.34395694732666,15.520942939235645,15.186978167606519,15.324873574859293,756372400
2013-08-15,15.325797080993652,15.464001542531115,15.054007356921037,15.27993550342587,490294000
2013-08-16,15.461843490600586,15.480619462435927,15.355036452075856,15.394741829742712,362306000
2013-08-19,15.62837028503418,15.81305115120725,15.513251936897602,15.523716643512445,510518400
2013-08-20,15.423064231872559,15.715477629135606,15.415369402025084,15.68900682267675,358688400
2013-08-21,15.462769508361816,15.610205784944563,15.427063595064304,15.500628855958842,335879600
2013-08-22,15.481225967407227,15.562178603875214,15.334711985850241,15.54340264209685,244207600
2013-08-23,15.421521186828613,15.493238755859089,15.370118225803976,15.49077627950428,222731600
2013-08-26,15.481547355651855,15.704089200919322,15.405519608781066,15.413214438685978,330965600
2013-08-27,15.038925170898438,15.467387935412583,14.968438823924938,15.328567032043448,424188800
2013-08-28,15.110025405883789,15.260849625861052,14.95920282974932,14.95920282974932,307608000
2013-08-29,15.134649276733398,15.282394570432956,15.117104543654609,15.133110639971312,239657600
2013-08-30,14.996759414672852,15.173129006203482,14.974597119298439,15.143888321578054,272297200
2013-09-03,15.038616180419922,15.408594257048517,15.000756834695576,15.177742823873535,331928800
2013-09-04,15.349806785583496,15.459077975198868,15.275626716945352,15.376586635297274,345032800
2013-09-05,15.244537353515625,15.41106030347469,15.194365618234624,15.397824078826657,236367600
2013-09-06,15.335339546203613,15.371043817393609,15.080787161198398,15.342112179596928,359525600
2013-09-09,15.580035209655762,15.633900635377257,15.497236514948547,15.544021911721602,340687200
2013-09-10,15.22514533996582,15.619440801699882,15.066935317456489,15.58096501321589,743195600
2013-09-11,14.396233558654785,14.580297934685133,14.306969602065639,14.37468606605837,898696400
2013-09-12,14.549520492553711,14.632934023031979,14.343906953627114,14.420551138215123,404051200
2013-09-13,14.309745788574219,14.523052579844896,14.303591238081255,14.44641001515902,298835600
2013-09-16,13.854805946350098,14.208470482575594,13.765543644267405,14.189696155176716,543706800
2013-09-17,14.014867782592773,14.149993335932956,13.774166400938174,13.788324822258097,399380800
2013-09-18,14.302967071533203,14.354370033597602,14.179230097965133,14.256796460867939,456862000
2013-09-19,14.537516593933105,14.646171343356933,14.44363670740712,14.488268694783534,404541200
2013-09-20,14.387004852294922,14.729895837077125,14.343604093008953,14.71296753546638,699302800
2013-09-23,15.102025985717773,15.295018096852047,14.854551982814781,15.270085928597627,762106800
2013-09-24,15.054621696472168,15.250691050240262,15.015223715321383,15.232531518476891,364344400
2013-09-25,14.821612358093262,15.071239707398371,14.818535084900901,15.057697732740964,316957200
2013-09-26,14.965974807739258,15.037999784417881,14.894564628305364,14.959203818832735,237221600
2013-09-27,14.859173774719238,14.918271594754705,14.796689636938146,14.890876941730003,228040400
2013-09-30,14.674483299255371,14.825613246480696,14.602456696607637,14.689872952669377,260156400
2013-10-01,15.019533157348633,15.055853866967079,14.724657324229103,14.726812402315085,353883600
2013-10-02,15.068778991699219,15.137726686456512,14.889946987194271,14.947813538247992,289184000
2013-10-03,14.879484176635742,15.154660223884663,14.797301884695798,15.098023253718267,322753200
2013-10-04,14.867786407470703,14.916110457147184,14.731429639070388,14.893333369950621,258868400
2013-10-07,15.013073921203613,15.163896554107083,14.939201242184005,14.976445802333258,312292400
2013-10-08,14.803455352783203,15.102023232398416,14.791142970230304,15.080475741009444,290917200
2013-10-09,14.977362632751465,15.014298137107186,14.721579045887143,14.91734099981095,301725200
2013-10-10,15.071246147155762,15.155583523541482,14.991217283848824,15.122958167160478,278602800
2013-10-11,15.168814659118652,15.200517808815148,14.93334570381558,14.98967361667984,267738800
2013-10-14,15.268241882324219,15.315643753153704,15.062322540071573,15.077097405344684,261898000
2013-10-15,15.349496841430664,15.451687981399148,15.252232298741811,15.313483530385566,320073600
2013-10-16,15.424295425415039,15.46800357115693,15.366428858548815,15.414445517209186,251101200
2013-10-17,15.52863597869873,15.53725464613933,15.380275884506682,15.389509349128815,253593200
2013-10-18,15.6637601852417,15.675148726732344,15.565879221829613,15.57449788854951,290542000
2013-10-21,16.047597885131836,16.13809145956719,15.744719754528495,15.7524145850813,398106800
2013-10-22,16.001733779907227,16.26582870073327,15.63729538100638,16.2030371772658,534063600
2013-10-23,16.158403396606445,16.180258289843028,15.974952157019416,15.974952157019416,313723200
2013-10-24,16.3723201751709,16.38955750658741,16.081139795318524,16.159628338437358,384764800
2013-10-25,16.189184188842773,16.41295560821939,16.16302078326711,16.354165206296294,337792000
2013-10-28,16.309844970703125,16.344319652325204,16.104540449826416,16.283988959486567,550440800
2013-10-29,15.903541564941406,16.598252630319244,15.83767277595266,16.50652783479184,635807200
2013-10-30,16.156558990478516,16.237202650541843,15.914009925242592,15.993731389266628,354163600
2013-10-31,16.088842391967773,16.236280347024373,16.044826842084333,16.15963779407526,275696400
2013-11-01,16.006654739379883,16.153476204125276,15.877685407590901,16.129467879831687,274890000
2013-11-04,16.213491439819336,16.215646516897777,15.969096493608113,16.03958280180524,244627600
2013-11-05,16.17348289489746,16.279367738649047,16.098071608245636,16.146704696323983,265213200
2013-11-06,16.127662658691406,16.249645211973622,16.043451294120526,16.227662724059194,223375600
2013-11-07,15.866676330566406,16.197948199649176,15.863271895502086,16.08618385376641,262620400
2013-11-08,16.116519927978516,16.134167099003996,15.869768727005292,15.931379228902731,279316800
2013-11-11,16.069772720336914,16.15088721795743,15.926118478780689,16.098874931446595,227452400
2013-11-12,16.099496841430664,16.220550215069334,16.00630725499589,16.027049671947758,204276800
2013-11-13,16.11868667602539,16.168842138930074,16.005062247634484,16.03726134714677,197220800
2013-11-14,16.35181999206543,16.386494302177354,16.15708102414008,16.18618323825863,282419200
2013-11-15,16.253671646118164,16.380606268213587,16.238192136777833,16.302897874710386,317920400
2013-11-18,16.056764602661133,16.32178298784583,16.04345275412372,16.253671164637513,244944000
2013-11-19,16.085248947143555,16.203825428218753,16.03633191175891,16.069149397590056,208938800
2013-11-20,15.944379806518555,16.112184159513845,15.923637397481762,16.075340548468265,193916800
2013-11-21,16.134475708007812,16.136643368494692,15.903205679311672,16.024877404901233,262026800
2013-11-22,16.092988967895508,16.166054502098138,16.053670153608596,16.084319979531074,223725600
2013-11-25,16.2149715423584,16.280915708489523,16.130141779217276,16.130760165951802,229311600
2013-11-26,16.514041900634766,16.59887330540199,16.223019884631185,16.226733511402074,401382800
2013-11-27,16.902896881103516,16.904135307639237,16.51403921608696,16.604133506480686,363448400
2013-11-29,17.215909957885742,17.28587860532253,16.960180561760996,17.01188365048062,318127600
2013-12-02,17.066059112548828,17.471633113359967,17.053365652111115,17.27565745987027,472544800
2013-12-03,17.533245086669922,17.535103553615336,17.265751507996104,17.28494629693679,450968000
2013-12-04,17.492382049560547,17.62210439027553,17.362968902249683,17.507861561054554,377809600
2013-12-05,17.582164764404297,17.80631509165224,17.536035425337786,17.729225077507042,447580000
2013-12-06,17.338199615478516,17.546561238641424,17.32426937848551,17.5168389905481,344352400
2013-12-09,17.536651611328125,17.634174832066126,17.365442819870427,17.365442819870427,320493600
2013-12-10,17.509410858154297,17.581548827780615,17.374734796314627,17.448420386550406,278269600
2013-12-11,17.379684448242188,17.67721113408085,17.327983019244893,17.554299332380385,359718800
2013-12-12,17.35430145263672,17.502909405798498,17.338512746337717,17.403838539317853,262290000
2013-12-13,17.16513442993164,17.426746767546746,17.141605969693476,17.425817533909793,332822000
2013-12-16,17.260181427001953,17.419316826607528,17.183093061519997,17.1834022549298,282592800
2013-12-17,17.182472229003906,17.320243515048347,17.132625954696604,17.207859156250873,229902400
2013-12-18,17.051820755004883,17.07287401451183,16.681230146894453,17.01869407203766,565863200
2013-12-19,16.856462478637695,17.0279804789044,16.833861599989948,17.012500968632967,320308800
2013-12-20,16.997642517089844,17.07782943523155,16.867610972800133,16.886496573538622,436413600
2013-12-23,17.649967193603516,17.669471178591536,17.42303082164771,17.585259796815947,501306400
2013-12-24,17.575048446655273,17.705389193691445,17.52427292971079,17.643778678455345,167554800
2013-12-26,17.458328247070312,17.631704749191986,17.44222869337714,17.588359796941134,204008000
2013-12-27,17.340368270874023,17.474115088085554,17.322102711599257,17.45584952881079,225884400
2013-12-30,17.167917251586914,17.340364463667903,17.099805430860673,17.258940794889348,253629600
2013-12-31,17.36916160583496,17.377210555249437,17.15182178379621,17.157086339041832,223084400
2014-01-02,17.12489128112793,17.245635471521325,17.090526161127706,17.203839787179252,234684800
2014-01-03,16.748720169067383,17.14252996339309,16.731691387528688,17.11652465452421,392467600
2014-01-06,16.840059280395508,16.92891355046758,16.520242439950195,16.639439007238302,412610800
2014-01-07,16.719614028930664,16.90289618838617,16.65397907866728,16.8521223559424,317209200
2014-01-08,16.82550048828125,16.89051541201002,16.677821819687903,16.681535446469898,258529600
2014-01-09,16.610637664794922,16.930763538385186,16.574414095808415,16.928905071544726,279148800
2014-01-10,16.49980926513672,16.74315445647829,16.44315245299804,16.713123006093802,304976000
2014-01-13,16.586181640625,16.79578001488339,16.405065430962317,16.405994664475774,378492800
2014-01-14,16.916215896606445,16.92674169887287,16.645934590718415,16.66327256787294,332561600
2014-01-15,17.255844116210938,17.343770766881416,17.079372428180925,17.13695844851925,391638800
2014-01-16,17.15955924987793,17.240055339287128,17.079990740498282,17.17968327223023,229278000
2014-01-17,16.739118576049805,17.092061869085768,16.715279278762292,17.073796317890377,426739600
2014-01-21,16.999189376831055,17.030148397843668,16.73138491649295,16.749032087571116,328526800
2014-01-22,17.07472801208496,17.253674884008454,16.96017602197407,17.056151611500447,379985200
2014-01-23,17.219314575195312,17.22922199159765,16.86730036671312,17.026124915671655,403239200
2014-01-24,16.90630531311035,17.20197183569629,16.865437231761298,17.15181638076073,429354800
2014-01-27,17.043458938598633,17.176587348360275,16.8964002932038,17.030147089686725,554878800
2014-01-28,15.681221008300781,15.944379256494807,15.544066483577284,15.751189640658732,1065523200
2014-01-29,15.503201484680176,15.708157000472816,15.437257319878205,15.60227398200408,502810000
2014-01-30,15.473174095153809,15.68122655932181,15.37781850697108,15.558623919108369,678501600
2014-01-31,15.498556137084961,15.527349147242425,15.280288784100776,15.330753436852355,464797200
2014-02-03,15.527353286743164,15.719306187819658,15.458313866757042,15.560790819742312,401464000
2014-02-04,15.752120018005371,15.772864083450752,15.565431696199816,15.661098114389223,376681200
2014-02-05,15.869765281677246,15.95304741082636,15.673478782445422,15.683077002773611,328344800
2014-02-06,15.962267875671387,15.993102825583408,15.815884198793773,15.88596226949953,257765200
2014-02-07,16.18558692932129,16.286809378752025,16.113953604086156,16.23853431261402,370280400
2014-02-10,16.475549697875977,16.568986059036238,16.133262968986415,16.153818502706972,345559200
2014-02-11,16.69263458251953,16.74838302946858,16.491433853320014,16.526006340187063,282256800
2014-02-12,16.69137954711914,16.80474930880345,16.60791160482212,16.723460338715217,308100800
2014-02-13,16.956430435180664,16.96951092412663,16.637813077720505,16.652139406725034,307398000
2014-02-14,16.94272804260254,17.004709014196088,16.856146298932973,16.89538777390372,272924400
2014-02-18,17.005016326904297,17.16697054253016,16.993180014823267,17.005327371080682,260251600
2014-02-19,16.736543655395508,17.033046933009114,16.642485226923885,16.966395322213216,313768000
2014-02-20,16.542818069458008,16.725018415875077,16.475855421030886,16.60012504263749,305858000
2014-02-21,16.35906410217285,16.64933820908285,16.33881961519938,16.593899153062324,278784800
2014-02-24,16.430688858032227,16.504504433984046,16.270915344948534,16.29365150042389,288909600
2014-02-25,16.259714126586914,16.49361442275992,16.22670018785485,16.48769792839928,231952000
2014-02-26,16.113012313842773,16.351273779293553,16.058508067911795,16.307982092011887,276217200
2014-02-27,16.434436798095703,16.46900761580204,16.072527708577557,16.10647643785904,301882000
2014-02-28,16.3898983001709,16.59265420468638,16.261578431677407,16.478349621650672,371968800
2014-03-03,16.43722915649414,16.52723897412105,16.28305944133013,16.30205807637715,238781200
2014-03-04,16.545621871948242,16.58922627214053,16.43754816231278,16.53814849525307,259140000
2014-03-05,16.580503463745117,16.654939484575134,16.479903142504913,16.535654892101135,200062800
2014-03-06,16.530353546142578,16.64528015740851,16.447818760907747,16.593889695404975,185488800
2014-03-07,16.520702362060547,16.56866635790685,16.383974368491334,16.540946840956558,220729600
2014-03-10,16.535655975341797,16.610715752688034,16.45530013073787,16.45592388237783,178584000
2014-03-11,16.696680068969727,16.779214909137696,16.587671538432687,16.676748287636944,279224400
2014-03-12,16.71286964416504,16.73591684914197,16.569290347570888,16.64746554869031,199326400
2014-03-13,16.52724266052246,16.807860979244037,16.480835548279224,16.738719372013684,257742800
2014-03-14,16.34161376953125,16.534713885376465,16.28897747102729,16.469308148932388,237199200
2014-03-17,16.405466079711914,16.50606473122518,16.377746560408532,16.435366234467246,199544800
2014-03-18,16.550601959228516,16.56835475996189,16.35750178657426,16.379303150690472,209647200
2014-03-19,16.546249389648438,16.701352347290342,16.47586024498592,16.57739539687481,224756000
2014-03-20,16.466506958007812,16.590154450057046,16.424461122098098,16.503569435883445,208398400
2014-03-21,16.596385955810547,16.623794431556895,16.392696969104243,16.56710955202298,374046400
2014-03-24,16.79322624206543,16.834026250473787,16.664595354126934,16.76924424030296,355700800
2014-03-25,16.97386932373047,16.99754028315722,16.805684254479036,16.86517352887281,282293200
2014-03-26,16.81160545349121,17.098765796837903,16.782952792336037,17.0215253680638,299768000
2014-03-27,16.739341735839844,16.86516988224799,16.66646260836955,16.81907381333131,222031600
2014-03-28,16.720661163330078,16.785443191625824,16.639372167904465,16.766133499827088,200564000
2014-03-31,16.71692657470703,16.843687916250047,16.691697060758226,16.794478055347135,168669200
2014-04-01,16.869844436645508,16.876697388252186,16.71785528470092,16.74868857691766,200760000
2014-04-02,16.89788055419922,16.9268459276144,16.826558270595818,16.892586148342982,180420800
2014-04-03,16.780765533447266,16.89631425512251,16.744948889469708,16.86174345084862,162344000
2014-04-04,16.563684463500977,16.818452903610297,16.525065089598908,16.812536411536488,275251200
2014-04-07,16.303627014160156,16.535037280011434,16.254418816401724,16.445338440080423,289850400
2014-04-08,16.30269432067871,16.386163961242797,16.15506473341106,16.35719858878289,243888400
2014-04-09,16.516965866088867,16.522260269204246,16.258459939047235,16.277769623548156,206169600
2014-04-10,16.303932189941406,16.576764441327537,16.294276516062737,16.528176691169087,239652000
2014-04-11,16.18339729309082,16.283684880344225,16.106467949543973,16.16439699273762,271717600
2014-04-14,16.247875213623047,16.262823631074596,16.108655497112846,16.25472650231593,205674000
2014-04-15,16.132009506225586,16.246623435445112,15.925516143832922,16.203955503591,266490000
2014-04-16,16.164716720581055,16.229498741000025,16.013038602626253,16.134816558847124,214765600
2014-04-17,16.34940528869629,16.437236172361,16.170631416538892,16.195548215215076,284334400
2014-04-21,16.543439865112305,16.573649400532386,16.31888098781972,16.361861628457035,182548800
2014-04-22,16.55994987487793,16.563998439064076,16.397994000729792,16.454366181844268,202563200
2014-04-23,16.343488693237305,16.542196003079994,16.334144062123936,16.477725034416032,394940000
2014-04-24,17.683359146118164,17.752813475995207,17.464096304401483,17.69706338560128,759911600
2014-04-25,17.813236236572266,17.81479145737233,17.56469698268219,17.58244812319373,390275200
2014-04-28,18.50310516357422,18.554806694496133,17.8322344283275,17.840022176221087,669485600
2014-04-29,18.44828224182129,18.561963031625503,18.360453040796607,18.492197674002295,337377600
2014-04-30,18.378520965576172,18.669418769108386,18.369489041869684,18.457942014036078,456640800
2014-05-01,18.421812057495117,18.525213432868963,18.26234789185383,18.438006311345994,244048000
2014-05-02,18.45606803894043,18.50652537606053,18.36668195555499,18.448594664433074,191514400
2014-05-05,18.717065811157227,18.718313314147913,18.37571406282127,18.380075333276714,287067200
2014-05-06,18.5130672454834,18.824518866365,18.5130672454834,18.74322990183134,374564400
2014-05-07,18.44828224182129,18.60276303298782,18.305014007594842,18.53922687366466,282864400
2014-05-08,18.415407180786133,18.61647719683962,18.365609685378484,18.423549536276003,230297200
2014-05-09,18.338672637939453,18.360908557800055,18.175497717078844,18.307352674091867,291597600
2014-05-12,18.566987991333008,18.59298230440945,18.396923530741834,18.399743581693954,213208800
2014-05-13,18.596113204956055,18.620541937803953,18.50027830750633,18.540991747167453,159737200
2014-05-14,18.59955596923828,18.710113321953344,18.532846554455162,18.55445690570752,166404000
2014-05-15,18.441394805908203,18.685058218012387,18.41696607567775,18.625552808448635,230846000
2014-05-16,18.71355438232422,18.714179944971434,18.33427775647103,18.43543826156067,276256400
2014-05-19,18.935304641723633,19.021118835951885,18.707925879856703,18.724212261480336,317755200
2014-05-20,18.93906021118164,18.99198885277448,18.814409279375784,18.932796219184258,234836000
2014-05-21,18.989171981811523,19.00138551270485,18.85606590471484,18.91150014750676,196859600
2014-05-22,19.01923942565918,19.100044100820675,18.91995889784122,18.998256303119312,200760000
2014-05-23,19.234086990356445,19.252878966625012,18.99418194752593,19.01861068036104,232209600
2014-05-27,19.59425926208496,19.601461598610012,19.28106634407062,19.288895916126766,348866000
2014-05-28,19.54351234436035,19.72579024711818,19.53630833867862,19.60646334455483,315481600
2014-05-29,19.899620056152344,19.94628637760385,19.661280600635823,19.663786197393325,376474000
2014-05-30,19.82508087158203,20.174916034199114,19.696671547932475,19.981050086672028,564020800
2014-06-02,19.6888427734375,19.882395947366266,19.49622961647885,19.855148836257367,369350800
2014-06-03,19.967273712158203,20.004857671456787,19.67631833592555,19.682895110645713,292709200
2014-06-04,20.195276260375977,20.291427293269006,19.922485652294615,19.96414078534094,335482000
2014-06-05,20.27450942993164,20.337774906253358,20.126057016504777,20.23849273413967,303805600
2014-06-06,20.218767166137695,20.3969756858738,20.18431771171056,20.354380531162136,349938400
2014-06-09,20.542293548583984,20.58175586692107,20.114786493789087,20.323058818406448,301660000
2014-06-10,20.662870407104492,20.838258835579396,20.513790744689228,20.768103798715035,251108000
2014-06-11,20.577362060546875,20.774673557804764,20.491860690506364,20.636554673410515,182724000
2014-06-12,20.233177185058594,20.634377216799862,20.14767575831092,20.616838033716093,218996000
2014-06-13,20.011743545532227,20.26605660544077,19.924049329266246,20.21343907210435,218100000
2014-06-16,20.213438034057617,20.334017784309562,20.049012014238404,20.062167233210957,142244000
2014-06-17,20.1871280670166,20.32305248689827,20.125742629311624,20.237551102576663,118904000
2014-06-18,20.209054946899414,20.233170897988884,20.02708974236177,20.228785267266414,134056000
2014-06-19,20.138896942138672,20.23536073228556,20.024893976941843,20.233167917247368,142112000
2014-06-20,19.93062400817871,20.290168721543946,19.928431193213825,20.136703453928998,403592000
2014-06-23,19.913089752197266,20.086285379391843,19.862665031316556,20.0205142952219,174776000
2014-06-24,19.792503356933594,20.11258573587988,19.77277304187049,19.89554390704781,156144000
2014-06-25,19.8100528717041,19.884591886581305,19.65439639420012,19.777167323470085,147476000
2014-06-26,19.928430557250977,19.961316090163848,19.687272770269384,19.812236457236153,130516000
2014-06-27,20.16521453857422,20.169598497943305,19.899938999459902,19.910901406825413,256116000
2014-06-30,20.373477935791016,20.54886634071977,20.189319943353045,20.191512758387297,197929200
2014-07-01,20.50282859802246,20.623408353190957,20.417327198040446,20.50282859802246,152892000
2014-07-02,20.494056701660156,20.621211532946067,20.408553645655836,20.579558085036766,113860000
2014-07-03,20.61463165283203,20.629978009774977,20.432666511488907,20.535707053517605,91567200
2014-07-07,21.03995704650879,21.04434100509835,20.629987504313434,20.638757094120784,225872000
2014-07-08,20.90403175354004,21.22192312447617,20.59052601399795,21.105727309330227,260888000
2014-07-09,20.912796020507812,21.035566906237836,20.774678774061538,20.923758423574224,145744000
2014-07-10,20.8360652923584,20.947875453420846,20.50282762442309,20.555445154704216,158744000
2014-07-11,20.87552833557129,21.02241518267582,20.79660371001076,20.906221059663938,136072000
2014-07-14,21.145187377929688,21.24165118679092,20.96980061128795,21.01583970025496,171240000
2014-07-15,20.89745330810547,21.2328821599118,20.833875039001995,21.221921427559717,181911600
2014-07-16,20.77906036376953,21.28768469721075,20.770290776841343,21.259184794164895,213585200
2014-07-17,20.408557891845703,20.888682431183888,20.294556581167097,20.833873754917082,229192000
2014-07-18,20.70233154296875,20.770293760640868,20.393209831696357,20.52475198188848,199952000
2014-07-21,20.59490394592285,20.82729214407909,20.54667205438982,20.825099329201862,156316000
2014-07-22,20.765911102294922,20.803180599955144,20.63437061649953,20.757141513558157,220788000
2014-07-23,21.307418823242188,21.45868961320087,20.864563838399352,20.919372507727477,371672000
2014-07-24,21.272336959838867,21.335915206477736,21.138603694948067,21.274529774585744,182916000
2014-07-25,21.41265106201172,21.44992055664722,21.18683960640759,21.232878689068134,173876000
2014-07-28,21.7086181640625,21.75685006325239,21.38634457631065,21.445537206371373,221272000
2014-07-29,21.568313598632812,21.800703565587344,21.539813683945304,21.776587609840853,172572000
2014-07-30,21.51788330078125,21.63846136629719,21.41264992270782,21.58146155610906,132040000
2014-07-31,20.958843231201172,21.36442721253943,20.899650580518117,21.300850602506284,227372000
2014-08-01,21.075031280517578,21.182457488684776,20.785641541065516,20.80537353399281,194044000
2014-08-04,20.956647872924805,21.17369146856596,20.864569684086426,21.12765237414677,159832000
2014-08-05,20.85361099243164,20.97638192290289,20.686992106343176,20.906226866543822,223732000
2014-08-06,20.818523406982422,20.932526368464433,20.763714741208155,20.772484328447366,154232000
2014-08-07,20.816320419311523,21.14019697015596,20.732595788485213,20.915466062087734,186844000
2014-08-08,20.87360954284668,20.891235962751708,20.55193494384555,20.767854385312347,167460000
2014-08-11,21.149017333984375,21.168847477818137,20.895642995551334,20.990382907106365,146340000
2014-08-12,21.144615173339844,21.34511028302283,21.065297946381122,21.16003787408469,135180000
2014-08-13,21.424415588378906,21.424415588378906,21.160026099601406,21.184261998849873,127664000
2014-08-14,21.48171043395996,21.497133133187443,21.327483441685146,21.444255547400097,112464000
2014-08-15,21.58746337890625,21.633731468213643,21.340698554985643,21.56983695985167,195804000
2014-08-18,21.84744644165039,21.89371452940123,21.587462652659166,21.699827288219296,190288000
2014-08-19,22.1492919921875,22.18234110823553,21.88269870304301,21.902528845050973,277596000
2014-08-20,22.158103942871094,22.272672300253742,22.021501722076444,22.129462273762375,210796000
2014-08-21,22.160308837890625,22.23962604371669,22.05675572578727,22.158105115243274,133912000
2014-08-22,22.32335090637207,22.356400025092675,22.07438401644644,22.096416201944177,176736000
2014-08-25,22.3718204498291,22.510624717214103,22.31453542859733,22.426901748450618,161080000
2014-08-26,22.228612899780273,22.36301142806023,22.222003411659642,22.34538500577312,132608000
2014-08-27,22.50181007385254,22.59875369115224,22.186744998576238,22.257248989081187,209476000
2014-08-28,22.528244018554688,22.645016065787313,22.37621914448722,22.382828629281928,273840000
2014-08-29,22.583330154418945,22.67146055950377,22.51723193036841,22.66264735090052,178380000
2014-09-02,22.75959014892578,22.856532078191968,22.631801150179896,22.706710899201386,214256000
2014-09-03,21.79897117614746,22.737555117663515,21.719653986590117,22.715522938552592,501684000
2014-09-04,21.61830711364746,22.05234630317765,21.5455994013349,21.779143552577743,342872000
2014-09-05,21.805583953857422,21.898120128662356,21.660168524065867,21.76812907561939,233828000
2014-09-08,21.67119026184082,21.880498562834852,21.602889976853994,21.87829652076622,185426800
2014-09-09,21.58966636657715,22.711122534083316,21.182065073530087,21.829821714112192,759385200
2014-09-10,22.25284194946289,22.277077852398513,21.538988876402883,21.594070168357,403478400
2014-09-11,22.34758949279785,22.349793215896117,21.948801340370377,22.122858484272786,249412400
2014-09-12,22.398258209228516,22.515030283610134,22.2704692036628,22.29911087141469,250504400
2014-09-15,22.391653060913086,22.704516172594822,22.34979240924612,22.651636905834216,245266000
2014-09-16,22.221996307373047,22.310126709685502,21.78795546276599,21.988452170050515,267632400
2014-09-17,22.380632400512695,22.429104209524965,22.162509259957492,22.312330451019164,243706000
2014-09-18,22.426898956298828,22.5502805119467,22.376223428259095,22.457744345210795,149197600
2014-09-19,22.244035720825195,22.550287665710762,22.142686313541667,22.537068689397135,283609600
2014-09-22,22.266063690185547,22.504015304441605,22.160308537814746,22.42910554492461,211153600
2014-09-23,22.614177703857422,22.680275934220766,22.15149513415747,22.16471410785101,253608800
2014-09-24,22.418081283569336,22.660438582877923,22.296901793441396,22.50841539092785,240687200
2014-09-25,21.563228607177734,22.18895138799805,21.53017948994896,22.144887018991636,400368000
2014-09-26,22.19776153564453,22.19776153564453,21.67999770698281,21.708639374790856,249482000
2014-09-29,22.056753158569336,22.12946086893865,21.73067116357669,21.735078608358407,199065200
2014-09-30,22.19776153564453,22.371818626818893,22.14928972785576,22.210980508333215,221056400
2014-10-01,21.851852416992188,22.184543924642135,21.746095586148275,22.162510060878297,205965200
2014-10-02,22.010482788085938,22.080986768742,21.60067787522648,21.871676867988306,191031200
2014-10-03,21.948789596557617,22.078780613683392,21.821000620403684,21.90913100674941,173878400
2014-10-06,21.948789596557617,22.175724206758417,21.9047235629111,22.02149561041658,148204800
2014-10-07,21.757110595703125,22.058956684551756,21.752704831908304,21.90693177894182,168376800
2014-10-08,22.20878028869629,22.277080561120943,21.66016934384411,21.759316689985656,229618800
2014-10-09,22.25724983215332,22.5568922233863,22.166917378841443,22.371819871655937,309506000
2014-10-10,22.193349838256836,22.47977148260452,22.098609970439025,22.184536631838057,265326400
2014-10-13,21.990659713745117,22.42470066695437,21.990659713745117,22.32555499013769,214333600
2014-10-14,21.757110595703125,22.147085408029394,21.717451997759127,22.11844374099393,254754400
2014-10-15,21.490520477294922,21.84524418818746,20.97055286434491,21.585260381712455,403734400
2014-10-16,21.208498001098633,21.530172497020857,21.021221972226108,21.052067356701706,288618000
2014-10-17,21.519155502319336,21.81218833489223,21.329675752005087,21.48170063284841,272718800
2014-10-20,21.97964096069336,22.023705325383276,21.640339973548162,21.66237215589312,310069200
2014-10-21,22.576725006103516,22.697902865549104,22.312333740048803,22.697902865549104,378495600
2014-10-22,22.691295623779297,22.93806049366263,22.605368916068205,22.65824650213315,273052400
2014-10-23,23.09669303894043,23.14516485592047,22.832301768398754,22.931449125207386,284298800
2014-10-24,23.182613372802734,23.24210042579216,23.030588476016632,23.173800164776978,188215600
2014-10-27,23.15838050842285,23.239901432642732,23.068046375021268,23.101095489215695,136750800
2014-10-28,23.517505645751953,23.517505645751953,23.211253826866123,23.222270756560278,192243600
2014-10-29,23.649702072143555,23.65631323899671,23.433784354806246,23.49767885347272,210751600
2014-10-30,23.570388793945312,23.651908035769168,23.332437193110163,23.565981348958875,162619200
2014-10-31,23.795116424560547,23.803929632357416,23.621059352704226,23.797320146746642,178557200
2014-11-03,24.10357666015625,24.301869671771502,23.797324773696854,23.84359286291577,209130400
2014-11-04,23.92731285095215,24.123402115523817,23.733427308720508,24.094760448893982,166297600
2014-11-05,23.984596252441406,24.081539857512578,23.823758151386738,24.037473818413176,149743600
2014-11-06,24.053194046020508,24.073110172522814,23.854042910416698,24.031066329646368,139874000
2014-11-07,24.121793746948242,24.1903901786877,24.020004894347654,24.064260330004725,134766000
2014-11-10,24.08197021484375,24.192610524545426,24.046564505385383,24.124012384529127,108782000
2014-11-11,24.27447509765625,24.285539800194705,23.986811402258763,24.05319455277976,109769200
2014-11-12,24.617469787597656,24.65730036804191,24.201462816031064,24.203674406773317,187769600
2014-11-13,24.964876174926758,25.10428233930069,24.694913584158286,24.73917071523988,238091600
2014-11-14,25.26581573486328,25.268029013285762,24.60861216704018,25.037897016214714,176254400
2014-11-17,25.223770141601562,25.951783374465187,25.07108770574538,25.2857284272518,186986800
2014-11-18,25.551265716552734,25.59994770831445,25.201642037751906,25.212706740692894,176896000
2014-11-19,25.374238967895508,25.611009076778252,25.181725979695287,25.544625928109273,167476800
2014-11-20,25.737140655517578,25.85884563532315,25.414071249767915,25.427349230988206,173582000
2014-11-21,25.772546768188477,26.01595504347046,25.675182782781015,26.002678750273688,228717200
2014-11-24,26.250516891479492,26.28149604032759,25.805744102344512,25.856637694779103,189803200
2014-11-25,26.022592544555664,26.49834606839973,25.989400124150425,26.347875225701063,275361600
2014-11-26,26.332387924194336,26.354515643626133,26.073490061545048,26.097831059391062,163073200
2014-11-28,26.31689453125,26.42089665454155,26.122168264987792,26.392129104043402,99257600
2014-12-01,25.46275520324707,26.38770805631444,24.621888359281545,26.290344064969418,335256000
2014-12-02,25.365385055541992,25.613219842343145,24.949378291353693,25.115338679101054,237395600
2014-12-03,25.653053283691406,25.74599070608979,25.471603306907465,25.613222718629732,172253600
2014-12-04,25.555692672729492,25.93408224656064,25.511437233823084,25.617650962493173,168178000
2014-12-05,25.447267532348633,25.68625097174233,25.367606385884066,25.666334841007735,153275600
2014-12-08,24.871931076049805,25.36981225186302,24.69933253855238,25.24810728914745,230659600
2014-12-09,25.25253677368164,25.292367339895517,24.197027613132253,24.38290415154254,240832000
2014-12-10,24.77235984802246,25.414073857109038,24.681635689598682,25.3167115515124,178261200
2014-12-11,24.6993408203125,25.181732588821667,24.637380835095133,24.840960267192532,165606800
2014-12-12,24.28112030029297,24.75466063596201,24.24792787357586,24.44265418835291,224112400
2014-12-15,23.94919204711914,24.694906338499198,23.53318357819661,24.495753527657183,268872400
2014-12-16,23.6217041015625,24.376271759563366,23.513277080032182,23.537618081144274,243162800
2014-12-17,24.21030616760254,24.3054551848957,23.637188656182563,23.70357349752397,213647200
2014-12-18,24.927248001098633,24.927248001098633,24.486900290491246,24.754649485797053,236024800
2014-12-19,24.7347354888916,25.05780483549052,24.708182907785822,24.840950878023737,353719200
2014-12-22,24.991430282592773,25.113133593701413,24.77678784096711,24.81883169314774,180670000
2014-12-23,24.90291404724121,25.07772588957793,24.885211197532936,25.05559817156092,104113600
2014-12-24,24.7856388092041,24.940534543475888,24.7856388092041,24.91176867517881,57918400
2014-12-26,25.223770141601562,25.341048566330464,24.785635585511073,24.80555002522579,134884000
2014-12-29,25.206066131591797,25.3963658353387,25.159595734369123,25.179511860069766,110395600
2014-12-30,24.89848518371582,25.208278271959955,24.807761041781163,25.146319991958432,119526000
2014-12-31,24.424943923950195,25.033465372239895,24.387326639596306,24.96486894921381,165613600
2015-01-02,24.192607879638672,24.659510070593672,23.754471558295847,24.64844536553832,212818400
2015-01-05,23.51105499267578,24.042128572510556,23.325180168263614,23.962467451123523,257142000
2015-01-06,23.513273239135742,23.772171094232995,23.152584838795235,23.575231527032173,263188400
2015-01-07,23.842979431152344,23.94255500406204,23.610634176714214,23.72127445249682,160423600
2015-01-08,24.75908851623535,24.81662195032648,24.053202795933068,24.170482943028826,237458000
2015-01-09,24.7856388092041,25.060026262015647,24.387333080738237,24.931683117483658,214798000
2015-01-12,24.17490005493164,24.922827705158852,24.075324482860438,24.916189558785653,198603200
2015-01-13,24.389545440673828,24.960449733893075,24.099668425353194,24.657294735965763,268367600
2015-01-14,24.29660415649414,24.44928658228224,24.00893877695945,24.12843047207833,195826400
2015-01-15,23.637191772460938,24.35414038758057,23.601787757118135,24.34086409285663,240056000
2015-01-16,23.453523635864258,23.805360567456344,23.27871180910595,23.68365559685356,314053200
2015-01-20,24.05762481689453,24.112944961639695,23.566381661439586,23.86289682691998,199599600
2015-01-21,24.241283416748047,24.575415810890004,23.95804291228469,24.108513744434763,194303600
2015-01-22,24.871931076049805,24.8874206451012,24.278899207996158,24.3983908927797,215185600
2015-01-23,25.000274658203125,25.17065992099816,24.679416881433152,24.849803832464627,185859200
2015-01-26,25.02682876586914,25.305642719304203,24.960445616732773,25.168448176577243,222460000
2015-01-27,24.150562286376953,24.8896402990191,24.1262212875984,24.876362316261897,382274800
2015-01-28,25.5158634185791,26.13766300317951,25.5158634185791,26.02923430226332,585908400
2015-01-29,26.310253143310547,26.3744246942054,25.571175357345947,25.739349018717416,337745600
2015-01-30,25.925233840942383,26.55366988452238,25.856635712406298,26.199621290376125,334982000
2015-02-02,26.250516891479492,26.37000861770944,25.686252376114563,26.122175426924652,250956400
2015-02-03,26.25493621826172,26.352298507154856,26.02480425574212,26.2217437998551,207662800
2015-02-04,26.456302642822266,26.666520183230848,26.179701948787283,26.221745794516334,280598800
2015-02-05,26.64513397216797,26.70955879365363,26.491847269498656,26.66290499248517,168984800
2015-02-06,26.420759201049805,26.71400223470758,26.31412460021994,26.662906100062138,174826400
2015-02-09,26.596261978149414,26.622919358205184,26.30968327825307,26.336342353208384,155559200
2015-02-10,27.107215881347656,27.136096970685305,26.69401122096662,26.69623153945443,248034000
2015-02-11,27.742570877075195,27.751457234046466,27.213845349029228,27.273826139961198,294247200
2015-02-12,28.093584060668945,28.320182004509522,27.89586721069229,28.004722155141266,297898000
2015-02-13,28.231313705444336,28.27574380069617,27.913633609185215,28.27574380069617,217088800
2015-02-17,28.39792251586914,28.63118469906658,28.195761731111478,28.322389337587463,252609600
2015-02-18,28.595645904541016,28.608974594134033,28.313509545559175,28.353497309237724,179566800
2015-02-19,28.535663604736328,28.664513254672688,28.50900622536984,28.54232794957795,149449600
2015-02-20,28.768924713134766,28.768924713134766,28.446802295850947,28.573428232665083,195793600
2015-02-23,29.546459197998047,29.546459197998047,28.80446622417137,28.884441738043602,283896400
2015-02-24,29.362075805664062,29.679757593961313,29.139921941606865,29.533135230131812,276912400
2015-02-25,28.611196517944336,29.235451763904805,28.469018171309017,29.226563710478064,298846800
2015-02-26,28.973308563232422,29.07327713106697,28.126902824541162,28.61119665484146,365150000
2015-02-27,28.53789520263672,29.00664012828378,28.489021067086796,28.88001076168626,248059200
2015-03-02,28.67784309387207,28.942206749183107,28.502343023009654,28.71338852765152,192386800
2015-03-03,28.73782730102539,28.773372736921615,28.455690912023037,28.64896710108417,151265200
2015-03-04,28.555654525756836,28.78225240299768,28.506783797135036,28.680063529790168,126665200
2015-03-05,28.08247184753418,28.60231109584079,27.938071491371385,28.56454534427654,226068400
2015-03-06,28.12468147277832,28.740046987832674,28.049149965508676,28.52455744842278,291368400
2015-03-09,28.24464225769043,28.78447791228204,27.78256181176065,28.426808359176277,354114000
2015-03-10,27.66037940979004,28.26241620675902,27.502650362161962,28.08247211064381,275426400
2015-03-11,27.156089782714844,27.718138827229005,27.127210388514765,27.713696495390376,275756000
2015-03-12,27.64704704284668,27.74701729622156,27.020573228981956,27.171637920724486,193450800
2015-03-13,27.45599937438965,27.85809908133666,27.231625158275826,27.6359451838697,207309200
2015-03-16,27.758121490478516,27.758121490478516,27.29604279372521,27.520416950669613,143497200
2015-03-17,28.22242546081543,28.284628267969687,27.913631743228663,27.96917020603059,204092400
2015-03-18,28.540103912353516,28.693390603335025,28.073581190335037,28.213537498470796,261083600
2015-03-19,28.324621200561523,28.713390511157467,28.30240615036455,28.60231356527291,183238000
2015-03-20,27.969173431396484,28.524556428562374,27.804780037116988,28.491234702958103,274780400
2015-03-23,28.260194778442383,28.40237312558268,28.106908059378792,28.240201742859963,150838800
2015-03-24,28.14468002319336,28.444585774451372,28.115798929518245,28.264643340636482,131369200
2015-03-25,27.409345626831055,28.173555530969583,27.409345626831055,28.11135271456754,206620800
2015-03-26,27.600399017333984,27.74257737236355,27.236066770708273,27.271612206915506,190291600
2015-03-27,27.380468368530273,27.702590847847198,27.304936855548284,27.67371145080698,158184800
2015-03-30,28.073589324951172,28.08025367085547,27.547083964814586,27.558192337921597,188398800
2015-03-31,27.642601013183594,28.10023735860415,27.627050312947922,28.01137548801493,168362400
2015-04-01,27.602615356445312,27.795889812565672,27.347138094649253,27.729242980827802,162485600
2015-04-02,27.8403263092041,27.89364276992168,27.58929301571328,27.775901475674658,128880400
2015-04-06,28.29129409790039,28.32683952951182,27.62039017777961,27.651491582989873,148776000
2015-04-07,27.993606567382812,28.462349622438023,27.98694222319662,28.3557167256603,140049200
2015-04-08,27.902528762817383,28.080252556075337,27.762572419684044,27.95806723634803,149316800
2015-04-09,28.115798950195312,28.120242977640842,27.693707867462628,27.95806987387628,129936000
2015-04-10,28.235748291015625,28.260185345170093,27.82698610315731,27.980271076154665,160752000
2015-04-13,28.180221557617188,28.56232822738355,28.126905096791532,28.517894736045996,145460400
2015-04-14,28.05803680419922,28.277968679310423,27.97139692324936,28.213543848237514,102098400
2015-04-15,28.1646671295166,28.242420644379937,27.99360939681727,28.082471283046583,115881600
2015-04-16,28.029151916503906,28.23575507267787,28.015823227363466,28.053588976527664,113476000
2015-04-17,27.713693618774414,28.022487343944757,27.64926879695406,27.891417382065,207828000
2015-04-20,28.346832275390625,28.462351537154245,27.806998326302168,27.895860209527733,188217200
2015-04-21,28.19355583190918,28.4801329076786,28.14023766883118,28.457919548746045,129740400
2015-04-22,28.57341957092285,28.628958018784108,28.062466867538667,28.211309501031085,150618000
2015-04-23,28.80668830871582,28.973303690350882,28.46679320136418,28.50233862966466,183083600
2015-04-24,28.942203521728516,29.019958725725385,28.70894129953666,28.98885732208639,178103600
2015-04-27,29.46871566772461,29.57535198830014,29.13548479297552,29.39318414966676,387816800
2015-04-28,29.004409790039062,29.888581275967137,28.784479620133364,29.870811948737703,475696000
2015-04-29,28.577871322631836,29.233224506626065,28.502339826670195,28.91554612607042,253544400
2015-04-30,27.802549362182617,28.57786567619241,27.675921759637184,28.57786567619241,332781600
2015-05-01,28.646739959716797,28.908883280787258,27.835879715578056,28.013601789062115,234050400
2015-05-04,28.591205596923828,29.006635685468652,28.493457340795633,28.768929390811504,203953200
2015-05-05,27.946958541870117,28.535664962892916,27.942514515164522,28.469018121505634,197085600
2015-05-06,27.771459579467773,28.15800689181304,27.40490530461807,28.115797108344967,288564000
2015-05-07,27.94322967529297,28.126156702399538,27.66660698885533,27.833918356403263,175763600
2015-05-08,28.46969985961914,28.46969985961914,28.132845865882516,28.260002423494758,222201600
2015-05-11,28.17970085144043,28.45632188486244,28.025773821416944,28.418398376647236,168143200
2015-05-12,28.079307556152344,28.30461895496568,27.84507097887534,28.019074515376378,192640000
2015-05-13,28.110538482666016,28.373775078379587,28.079307166393143,28.14176979893889,138776800
2015-05-14,28.766401290893555,28.766401290893555,28.36708631302993,28.42285677051672,180814000
2015-05-15,28.726242065429688,28.886861221033353,28.60131681195081,28.79316728092419,152832000
2015-05-18,29.043025970458984,29.161259076095174,28.63478578527864,28.639248375290993,203531600
2015-05-19,29.016252517700195,29.196948238276978,28.920325569814313,29.154562149952394,178532800
2015-05-20,29.014020919799805,29.21925578540813,28.853401737330955,29.000636555253806,145819600
2015-05-21,29.310718536376953,29.36425939557472,28.962711461487057,29.016252320684828,158921600
2015-05-22,29.56727409362793,29.66320108252122,29.31296085892347,29.357579962944378,182384000
2015-05-26,28.915864944458008,29.649806051808497,28.804324032431605,29.580651230985488,282790400
2015-05-27,29.455730438232422,29.504808724983548,29.011799668019176,29.076491916576888,183332800
2015-05-28,29.39771842956543,29.43564192592671,29.246024444120316,29.415565381492744,122933200
2015-05-29,29.063098907470703,29.32410422543376,28.978326727566014,29.275025953274035,203538000
2015-06-01,29.12110137939453,29.310722301615094,29.011793458266705,29.06310132744831,128451200
2015-06-02,28.991716384887695,29.147872986498268,28.848944148563945,28.96940684010392,134670400
2015-06-03,29.027406692504883,29.210335427396807,28.978328417483077,29.147872787179708,123934000
2015-06-04,28.857866287231445,29.130026398016824,28.7574801423585,28.906944563206427,153800400
2015-06-05,28.699472427368164,28.931479407354722,28.634780202616195,28.889093320398054,142507200
2015-06-08,28.50986099243164,28.82440721657592,28.29347132651328,28.755248984037564,210699200
2015-06-09,28.425085067749023,28.572319885753103,28.02353881333458,28.26446588519156,224301600
2015-06-10,28.75078773498535,28.853403471979494,28.521012017263367,28.53662767749891,156349200
2015-06-11,28.686092376708984,29.040791677792328,28.66155323867411,28.81770984255118,141563600
2015-06-12,28.369314193725586,28.6280899177964,28.35592982936992,28.596858599647057,147544800
2015-06-15,28.313549041748047,28.384935168311724,28.043620197492285,28.130621986054905,175955600
2015-06-16,28.46523666381836,28.521007112494328,28.19084700944085,28.338080108916312,125976400
2015-06-17,28.3983154296875,28.527701587513736,28.273388457264044,28.49200938252072,131672400
2015-06-18,28.527694702148438,28.623619926509964,28.380461626371883,28.382692920513893,141628800
2015-06-19,28.24216079711914,28.51432091610068,28.197545109605183,28.489781777374187,218867600
2015-06-22,28.46747589111328,28.567862045912186,28.34924277928984,28.440705455576474,136157200
2015-06-23,28.33807945251465,28.46746729892082,28.304616843688365,28.4384672789935,121075600
2015-06-24,28.579008102416992,28.956016870163037,28.358157608035224,28.378234152079482,221123600
2015-06-25,28.44293212890625,28.822170543166646,28.44293212890625,28.746323541106253,127752400
2015-06-26,28.275617599487305,28.55223854954749,28.222078445083824,28.480852443016506,176267200
2015-06-29,27.78037452697754,28.213153736274986,27.769221458869445,27.987840655952414,196645600
2015-06-30,27.98114776611328,28.135074739126058,27.853991219444136,28.012379079191394,177482800
2015-07-01,28.24216079711914,28.31800950826813,28.106080737628375,28.30908603036946,120955200
2015-07-02,28.206462860107422,28.262233309165225,28.056996763128446,28.20423156559098,108844000
2015-07-06,28.108304977416992,28.159614536960795,27.85176058365589,27.8718388293831,112241600
2015-07-07,28.039154052734375,28.141771484058385,27.610835671669097,28.083769735230312,187787200
2015-07-08,27.343130111694336,27.804909267504648,27.33643793149079,27.769217072426166,243046400
2015-07-09,26.78543472290039,27.675530730197355,26.595815511598627,27.62868375107428,314380000
2015-07-10,27.501522064208984,27.62867861303297,27.039742839324095,27.20259329054447,245418000
2015-07-13,28.032459259033203,28.054767098202955,27.733528767825597,27.89191663850359,165762000
2015-07-14,28.02130889892578,28.19085156686366,27.8941523234672,28.11723415423519,127072400
2015-07-15,28.29123306274414,28.36485046328007,28.014612114584335,28.04584342960339,134596800
2015-07-16,28.668245315551758,28.68163308494207,28.40947127265685,28.49647305192128,144889600
2015-07-17,28.915864944458008,28.915864944458008,28.62362829958219,28.795402257211233,184658800
2015-07-20,29.462421417236328,29.663193719656736,29.156796969560496,29.217030021870166,235600800
2015-07-21,29.167943954467773,29.652031028831786,29.072020418957113,29.63641707363706,307025600
2015-07-22,27.93430519104004,27.9967678270227,27.213750178573314,27.213750178573314,461802400
2015-07-23,27.920915603637695,28.35146179283089,27.898606064692277,28.15291915046449,203998000
2015-07-24,27.773683547973633,28.050304497921413,27.639834811029807,27.95661055225864,168649200
2015-07-27,27.387752532958984,27.575142134749033,27.242750720858233,27.4591386426935,177822000
2015-07-28,27.523834228515625,27.64206902230404,27.338677612162314,27.523834228515625,134472400
2015-07-29,27.43683433532715,27.55060654742132,27.276215142248162,27.47252824577996,148046800
2015-07-30,27.29853057861328,27.343146274328554,27.151295719189427,27.287375803694616,134513200
2015-07-31,27.059825897216797,27.3587547240426,26.972824122126944,27.34983124685656,171540000
2015-08-03,26.421812057495117,27.343139387606957,26.216575483749125,27.10444190149192,279904000
2015-08-04,25.5740966796875,26.2567264234046,25.264013122771626,26.194263793519244,496554400
2015-08-05,25.743640899658203,26.19872799073188,25.007470254866853,25.19708945065277,397250400
2015-08-06,25.79965591430664,26.106661910195538,25.573324711550242,25.987893678917256,211612000
2015-08-07,25.887054443359375,26.0506420229467,25.658481820450728,25.676409554317274,154681600
2015-08-10,26.828245162963867,26.888749139404773,26.113392450836592,26.113392450836592,219806400
2015-08-11,25.432153701782227,26.48314379074808,25.39629993693712,26.400229288163885,388331200
2015-08-12,25.82431411743164,25.86465067165119,24.56716017221928,25.21702611923066,404870000
2015-08-13,25.80413246154785,26.084246791982192,25.667436531521318,26.003573728042525,194143200
2015-08-14,25.98566246032715,26.0640941805923,25.548684511933267,25.618152362784787,171718000
2015-08-17,26.25457000732422,26.364374401449012,25.88257716849709,26.003586825355924,163538800
2015-08-18,26.106670379638672,26.317317022504323,25.996865978641605,26.09098403663909,138242800
2015-08-19,25.77277374267578,26.111150806013878,25.698823109092043,26.01703275037082,193146000
2015-08-20,25.24391746520996,25.62487247693871,25.01534309042622,25.56436850107426,274006400
2015-08-21,23.69993019104004,25.075852599969778,23.675279976084997,24.746437645282736,513102000
2015-08-24,23.108322143554688,24.381162265078455,20.616423395872122,21.25956678468572,648825200
2015-08-25,23.247262954711914,24.898818722543467,23.193481447458115,24.898818722543467,414406400
2015-08-26,24.58061408996582,24.62543173692082,23.540828951520318,23.99797442144897,387098400
2015-08-27,25.30441665649414,25.37612588195541,24.654550839054817,25.149794654217438,338464400
2015-08-28,25.3873348236084,25.391815902863165,24.99517456601919,25.13635164326541,212657600
2015-08-31,25.26856803894043,25.665209398967942,25.098257952693018,25.104980426809615,224917200
2015-09-01,24.139142990112305,25.071362985786642,24.058469892160893,24.683685546442884,307383600
2015-09-02,25.174449920654297,25.174449920654297,24.455116078463785,24.701618210100655,247555200
2015-09-03,24.732988357543945,25.273048177563375,24.659037725648208,25.208061414050434,212935600
2015-09-04,24.486492156982422,24.750920354159977,24.31618374568287,24.419265692422123,199985200
2015-09-08,25.167726516723633,25.223749415539015,24.721784720864484,25.0422357704758,219374400
2015-09-09,24.68368911743164,25.550922481347587,24.59853321856181,25.4926598985961,340043200
2015-09-10,25.225988388061523,25.385093200258346,24.627664296486913,24.71057708457534,251571200
2015-09-11,25.593502044677734,25.593502044677734,25.04447829538313,25.05120076999505,199662000
2015-09-14,25.840002059936523,26.194067201152144,25.73916152298625,26.124599351683436,233453600
2015-09-15,26.05736541748047,26.11338830553308,25.640554993594424,25.978933716143388,173364800
2015-09-16,26.086502075195312,26.115633365585964,25.869132965490092,26.050646601160878,148694000
2015-09-17,25.52851104736328,26.104426309438182,25.48369341758183,25.918431607130465,256450400
2015-09-18,25.42318344116211,25.613662609756922,25.06912012247287,25.145310422164638,297141200
2015-09-21,25.81759262084961,25.853448096928165,25.470251672175387,25.472491357167897,200888000
2015-09-22,25.4119815826416,25.5867727144517,25.21477992855201,25.40749879431258,201384800
2015-09-23,25.618154525756836,25.707791517778,25.38958182030212,25.463530757262415,143026800
2015-09-24,25.77053451538086,25.882580317621645,25.181174211080297,25.37837420753811,200878000
2015-09-25,25.705549240112305,26.149251395054904,25.550925476927503,26.093228490675873,224607600
2015-09-28,25.196863174438477,25.67417772611923,25.196863174438477,25.512831480569837,208436000
2015-09-29,24.439428329467773,25.436636933681488,24.170519104557986,25.28425458365043,293461600
2015-09-30,24.71730613708496,24.995179264556597,24.365482365385784,24.688173132561975,265892000
2015-10-01,24.55595588684082,24.564919755253936,24.047267039915706,24.441668701677433,255716400
2015-10-02,24.7352352142334,24.87641404509263,24.10105715684254,24.204139108608135,232079200
2015-10-05,24.82486343383789,24.95707834695101,24.44166706073994,24.623180682290823,208258800
2015-10-06,24.943635940551758,25.039995398838375,24.598534664587667,24.791253581160905,192787200
2015-10-07,24.82486343383789,25.04671360569818,24.5178590822946,25.03999113226044,187062400
2015-10-08,24.538022994995117,24.69264670069219,24.24894471071407,24.69264670069219,247918400
2015-10-09,25.125150680541992,25.161004447325563,24.535788681322458,24.65007587545633,211064400
2015-10-12,25.00861930847168,25.266324960425933,24.972765545678314,25.2618438812079,121868800
2015-10-13,25.051198959350586,25.19909851917271,24.802457158588552,24.833829844298798,132197200
2015-10-14,24.697132110595703,24.99069152478597,24.551472245882195,24.939151420302792,177849600
2015-10-15,25.0668888092041,25.120670319419833,24.759882673592674,24.858483533724336,150694000
2015-10-16,24.88312530517578,25.098252982722897,24.76883813877541,25.04895256938616,156930400
2015-10-19,25.037755966186523,25.042237046059405,24.674726947885187,24.82935070359038,119036800
2015-10-20,25.494895935058594,25.584532900665106,24.833826519366045,24.950353377876468,195871200
2015-10-21,25.492660522460938,25.900507160118128,25.479213864072698,25.546442026964304,167180800
2015-10-22,25.882577896118164,25.882577896118164,25.5688493372589,25.620391153728185,166616400
2015-10-23,26.68482780456543,26.71844188608165,26.068575912273154,26.151488709038865,237467600
2015-10-26,25.83327865600586,26.47193935630753,25.752605545474786,26.46073580242905,265335200
2015-10-27,25.669689178466797,26.11563090930809,25.54419674083244,25.860166664731032,279537600
2015-10-28,26.727401733398438,26.734125916866574,26.0080679737833,26.203028261965798,342205600
2015-10-29,27.00975799560547,27.04561346922825,26.503310543623737,26.599669991881104,204909200
2015-10-30,26.77894401550293,27.16438180961009,26.76773875254371,27.112839993554005,197461200
2015-11-02,27.15542221069336,27.195758770132144,26.80359844046524,27.07026801173741,128813200
2015-11-03,27.46690559387207,27.673069442414718,27.047853713081217,27.068022844831653,182076000
2015-11-04,27.339176177978516,27.747022836180697,27.254021982418337,27.592399079550855,179544400
2015-11-05,27.213146209716797,27.611487144117117,27.046609074697137,27.42244355228266,158210800
2015-11-06,27.244651794433594,27.41343990989622,27.145630600923205,27.255905022265036,132169200
2015-11-09,27.134376525878906,27.413439053970233,27.017350858292687,27.22214620581893,135485600
2015-11-10,26.27918243408203,26.57174917506117,26.119396564378523,26.3084401383808,236511600
2015-11-11,26.130651473999023,26.42546750582627,25.92810538774302,26.189165169362212,180872000
2015-11-12,26.04288101196289,26.290436569106728,26.027127523335597,26.16440866008837,130102400
2015-11-13,25.282207489013672,26.009122369930957,25.266454000795722,25.925852951063824,183249600
2015-11-16,25.69630241394043,25.70980491355159,24.980640745523743,25.066159438063565,152426800
2015-11-17,25.586027145385742,25.892096384430133,25.502757727542303,25.86283868024117,110467600
2015-11-18,26.396211624145508,26.44122110260724,25.99337043900729,26.051884134608777,186698800
2015-11-19,26.731534957885742,26.94983451847588,26.276933076812536,26.474977171646167,173183200
2015-11-20,26.848567962646484,26.988098395291118,26.747294046660585,26.8260615033151,137148400
2015-11-23,26.499732971191406,26.94533433204748,26.407461314604493,26.841809448120213,129930000
2015-11-24,26.754039764404297,26.859813920179256,26.35795157371696,26.405212037935286,171212800
2015-11-25,26.562747955322266,26.83280996896848,26.537992227812992,26.828307991056892,85553200
2015-11-27,26.513233184814453,26.648265033252525,26.46597272466164,26.621258320164657,52185600
2015-11-30,26.623512268066406,26.873318811641276,26.499733632240492,26.553745347418406,156721200
2015-12-01,26.40746307373047,26.738288062358166,26.29943963887339,26.724785562251416,139409600
2015-12-02,26.16891098022461,26.580754422891076,26.12390149974809,26.407464317353075,133546400
2015-12-03,25.925851821899414,26.28368349155291,25.70530299645381,26.229671779586834,166278000
2015-12-04,26.787799835205078,26.837311292183443,25.9056009997772,25.94611021757754,231108000
2015-12-07,26.61901092529297,26.97459163578406,26.513236764336625,26.776547530739133,128336800
2015-12-08,26.607757568359375,26.691025267759507,26.29943734579293,26.447969985021057,137238000
2015-12-09,26.02037239074707,26.486227447212645,25.898844760755892,26.474974221157428,185445600
2015-12-10,26.14415168762207,26.31744176954201,25.99561904869208,26.114895700999856,116850800
2015-12-11,25.47125244140625,25.968614558600958,25.39698525707814,25.923605080402936,187544800
2015-12-14,25.3137149810791,25.358724454708142,24.708327773860752,25.246199053634182,257274800
2015-12-15,24.865867614746094,25.385736239096286,24.834360633512954,25.192192373234604,213292400
2015-12-16,25.05716323852539,25.203446648575184,24.485535535195485,24.99640025862877,224954000
2015-12-17,24.526037216186523,25.261952585008626,24.526037216186523,25.210190144944047,179091200
2015-12-18,23.86213493347168,24.647561707984263,23.81262348506665,24.51028230604477,385813200
2015-12-21,24.154701232910156,24.163703470375193,23.758611369454755,24.143448006828553,190362400
2015-12-22,24.1321964263916,24.242470830260057,23.956655371844313,24.170454647753953,131157600
2015-12-23,24.442766189575195,24.496777897863105,24.125443754756063,24.14119724121509,130629600
2015-12-24,24.312232971191406,24.530532479907073,24.294228498575453,24.530532479907073,54281600
2015-12-28,24.03993034362793,24.235725189970832,23.895897945284286,24.213218732665815,106816800
2015-12-29,24.472026824951172,24.62731244741854,24.048931881781158,24.071436621428216,123724800
2015-12-30,24.152454376220703,24.463023895390158,24.12094739820358,24.43601889537635,100855200
2015-12-31,23.688844680786133,24.087183790725035,23.589821791919483,24.08268353077706,163649200
2016-01-04,23.7091064453125,23.713608423784326,22.955186449441953,23.092467603803655,270597600
2016-01-05,23.114971160888672,23.82163064861039,23.047456940285645,23.79912590840938,223164000
2016-01-06,22.662620544433594,23.038456779406197,22.475829638610904,22.6311135619092,273829600
2016-01-07,21.70615005493164,22.534337108884632,21.70164979418796,22.20801411942277,324377600
2016-01-08,21.8209285736084,22.30478820822411,21.77591909378435,22.178760291115495,283192000
2016-01-11,22.174257278442383,22.29353393971297,21.9064462500791,22.273280189837518,198957600
2016-01-12,22.496076583862305,22.660364414739302,22.244019082941826,22.6288574417494,196616800
2016-01-13,21.917695999145508,22.77288967617828,21.89744225248481,22.577094873452022,249758400
2016-01-14,22.397056579589844,22.613106875133813,21.546364765015802,22.04597785408347,252680400
2016-01-15,21.85918617248535,21.989716064011326,21.460846964830314,21.649888835039064,319335600
2016-01-19,21.7534122467041,22.201262880477753,21.492352481407988,22.147251166520476,212350800
2016-01-20,21.782669067382812,22.09774055868971,21.024247186087106,21.40233263225508,289337600
2016-01-21,21.67238998413086,22.027968898210855,21.366320797504212,21.84342733424489,208646000
2016-01-22,22.82465362548828,22.833655864278438,22.13824965850337,22.196761635137154,263202000
2016-01-25,22.379056930541992,22.849412379877773,22.327294479891755,22.847161390631662,207178000
2016-01-26,22.50282859802246,22.703123668984357,22.07073148203734,22.489326099710837,300308000
2016-01-27,21.024250030517578,21.746663054200553,21.006245550406682,21.61388387663656,533478800
2016-01-28,21.175025939941406,21.271797838875077,20.79244032108797,21.10751173973256,222715200
2016-01-29,21.906450271606445,21.906450271606445,21.233548669191034,21.33257159876453,257666000
2016-02-01,21.701650619506836,21.764664574323376,21.46984854985964,21.710652858337983,163774000
2016-02-02,21.262798309326172,21.61387697436504,21.217787123422998,21.474344873566967,149428800
2016-02-03,21.683645248413086,21.79391966479839,21.172780664055452,21.37982699763643,183857200
2016-02-04,21.857879638671875,22.023058994404014,21.538836946529987,21.690438805393995,185886800
2016-02-05,21.274091720581055,21.930280836238957,21.19942327595188,21.839771695058854,185672400
2016-02-08,21.498106002807617,21.654232529241604,21.052349828551243,21.07271348257014,216085600
2016-02-09,21.49357795715332,21.70853740455084,21.253730176624874,21.335188239128584,177324800
2016-02-10,21.33066749572754,21.80131382041896,21.292201657753825,21.704016760279092,169374400
2016-02-11,21.201692581176758,21.43249106271939,20.95053044166685,21.22205796546295,200298800
2016-02-12,21.267303466796875,21.382702662950162,21.0455578874008,21.31255889975809,161405600
2016-02-16,21.86692237854004,21.914439283638654,21.407590569602025,21.500361176798915,196231600
2016-02-17,22.201814651489258,22.222178307800206,21.756058427060474,21.87371913604531,179452800
2016-02-18,21.78093719482422,22.3760317691853,21.742469653434018,22.364717481779145,156084000
2016-02-19,21.73116111755371,21.894077218998742,21.676856325844767,21.722110031215855,141496800
2016-02-22,21.921228408813477,21.925754815070707,21.70400751905716,21.79225345157322,137123200
2016-02-23,21.42569351196289,21.835245227539495,21.394015574090567,21.81261837567614,127770400
2016-02-24,21.74474334716797,21.808099244046268,21.115707333421003,21.265047712907315,145022800
2016-02-25,21.89407730102539,21.89407730102539,21.55240612734355,21.733424402142486,110330800
2016-02-26,21.928020477294922,22.179180810555707,21.853350302540388,21.993637838519774,115964400
2016-02-29,21.87824058532715,22.226699678106144,21.869189498022948,21.91670641163121,140865200
2016-03-01,22.747121810913086,22.801426602595313,22.043415816934203,22.095459131771733,201628400
2016-03-02,22.79690170288086,22.828579641583378,22.545739670083616,22.742596911721996,132678400
2016-03-03,22.96660614013672,23.01412304913054,22.729019868849395,22.758436331310968,147822800
2016-03-04,23.308284759521484,23.47572559606634,22.937198729168685,23.163470783106675,184220400
2016-03-07,23.05032730102539,23.267548195392372,22.84441896990525,23.167987971438176,143315600
2016-03-08,22.860258102416992,23.02543740912557,22.717707374999783,22.80369010682502,126247600
2016-03-09,22.880624771118164,22.98470968172931,22.688292194185372,22.923615276300346,108806800
2016-03-10,22.89193344116211,23.13404436573756,22.661136804946963,22.94623995370993,134054400
2016-03-11,23.138578414916992,23.14310309596492,22.966611187679444,23.134052007550462,109632800
2016-03-14,23.197406768798828,23.28565444495634,23.029965957093875,23.059382424585884,100304400
2016-03-15,23.66352653503418,23.799289391840023,23.49834721293617,23.523237271421053,160270800
2016-03-16,23.978044509887695,24.054976162517963,23.66578803991725,23.670314446729847,153214000
2016-03-17,23.939577102661133,24.091178920822344,23.749507734406702,23.876219495697473,137682800
2016-03-18,23.96672821044922,24.097966375920844,23.80155062831962,24.06176202972802,176820800
2016-03-21,23.96446418762207,24.35817691589159,23.790233811135852,23.96898886725636,142010800
2016-03-22,24.147750854492188,24.276725840064824,23.80607961237857,23.815130700563138,129777600
2016-03-23,24.014245986938477,24.22694221270348,23.96220439530553,24.093442565514504,102814000
2016-03-24,23.910167694091797,24.04140590061874,23.733675766985318,23.864913973512262,104532000
2016-03-28,23.801551818847656,24.02782381491597,23.772135354515047,23.984831583241125,77645600
2016-03-29,24.364971160888672,24.38986122117192,23.731408814927196,23.73367201849436,124760400
2016-03-30,24.790361404418945,24.98495547537294,24.573140477234638,24.584454768509033,182404400
2016-03-31,24.661388397216797,24.867296775912425,24.636498335477356,24.826567740913212,103553600
2016-04-01,24.887659072875977,24.88992227645211,24.48263194867367,24.613870134993224,103496000
2016-04-04,25.143341064453125,25.38545199498632,24.95100851550331,24.9849496551014,149424800
2016-04-05,24.84693145751953,25.055103040436407,24.758685502519864,24.77905088322981,106314800
2016-04-06,25.10714340209961,25.111669809286663,24.70890415924688,24.941965792461293,105616400
2016-04-07,24.5595645904541,24.984955355017746,24.46453075895347,24.87860723229722,127207600
2016-04-08,24.586715698242188,24.837876023385373,24.475841178225927,24.6432836967458,94326800
2016-04-11,24.66817283630371,25.027946216262748,24.62518232992853,24.65686027202324,117630000
2016-04-12,24.989479064941406,25.003054831885287,24.58671519996902,24.740578495515074,108929200
2016-04-13,25.351516723632812,25.41939729222358,25.07093990889034,25.07093990889034,133029200
2016-04-14,25.36509132385254,25.43071041222434,25.190862640210334,25.256481728582134,101895600
2016-04-15,24.855979919433594,25.410347378970744,24.828828383114317,25.367355144707314,187756000
2016-04-18,24.319719314575195,24.652337759106935,24.197532207345343,24.63876198929872,243286000
2016-04-19,24.19074249267578,24.437378165902466,24.036877449985877,24.410224902021245,129539600
2016-04-20,24.240520477294922,24.45774140571795,23.998409488981064,24.12964767271117,122444000
2016-04-21,23.978044509887695,24.195265426295872,23.87622107242492,24.195265426295872,126210000
2016-04-22,23.912425994873047,24.0934442927117,23.672578217607494,23.76082416306627,134732400
2016-04-25,23.776662826538086,23.90563780102329,23.647687852052886,23.758560651725116,112126400
2016-04-26,23.61148452758789,23.826443978608584,23.51192601443075,23.51192601443075,224064800
2016-04-27,22.133926391601562,22.33530832822501,21.649704462381326,21.722111431433373,458408400
2016-04-28,21.457372665405273,22.1475011810835,21.32613450031771,22.086408504959696,328970800
2016-04-29,21.210735321044922,21.43248262519851,20.93242174714489,21.267303317109604,274126000
2016-05-02,21.1881103515625,21.287670585909353,20.907533549506745,21.26278052732264,192640400
2016-05-03,21.536558151245117,21.66326985482297,21.19715032267516,21.314810943666384,227325200
2016-05-04,21.312562942504883,21.69948790454765,21.228841670384366,21.541096448615743,164102000
2016-05-05,21.226045608520508,21.414995170133142,21.09856240397627,21.399059769565113,143562000
2016-05-06,21.1076717376709,21.2738549773596,20.90961595527273,21.255644328876752,174799600
2016-05-09,21.123605728149414,21.34670135439746,21.07807476791514,21.171411933773996,131745600
2016-05-10,21.267030715942383,21.301178512140535,20.968810218591916,21.24654308032093,134747200
2016-05-11,21.05986785888672,21.301175912061915,21.048484682600442,21.280688278941234,114876400
2016-05-12,20.56586456298828,21.12133015716027,20.367810517428897,21.107671736591666,305258800
2016-05-13,20.606847763061523,20.868645235994705,20.48847069657504,20.48847069657504,177571200
2016-05-16,21.371747970581055,21.487849775426163,20.864090236678617,21.032550487061453,245039200
2016-05-17,21.282960891723633,21.55841670285092,21.173690054940703,21.52427065187415,187667600
2016-05-18,21.52655029296875,21.67452291245479,21.37402544469915,21.43549182266564,168249600
2016-05-19,21.444599151611328,21.544765566551572,21.301180478534434,21.544765566551572,121768400
2016-05-20,21.676801681518555,21.724607903415812,21.517445871698555,21.544764457138047,128104000
2016-05-23,21.952260971069336,22.125275231987118,21.779246710151554,21.824777692934866,152074400
2016-05-24,22.286893844604492,22.33014608301443,22.045584112927113,22.132092063403853,140560800
2016-05-25,22.67845916748047,22.705776014402833,22.33470770346552,22.462190953980613,152675200
2016-05-26,22.858301162719727,22.93114897797213,22.455360327707282,22.692116161484822,225324800
2016-05-27,22.84463882446289,22.871957403887855,22.59422459196804,22.637478575183707,145364800
2016-05-31,22.733095169067383,22.856026193792353,22.496339314429928,22.67390577120075,169228800
2016-06-01,22.414384841918945,22.660246886366746,22.38479101200226,22.541868093041938,116693200
2016-06-02,22.24592399597168,22.273240842302986,21.99778497521207,22.218605412811385,160766400
2016-06-03,22.29145050048828,22.37112752057621,22.18445490058645,22.26185667497813,114019600
2016-06-06,22.453083038330078,23.195221340147576,22.20722275072929,22.307387409815206,93170000
2016-06-07,22.54414939880371,22.735376048985426,22.52821398935768,22.59423261044248,89638000
2016-06-08,22.523649215698242,22.664790838807125,22.46445984064991,22.541859861473696,83392400
2016-06-09,22.68528938293457,22.76268943507791,22.41438572677468,22.423491921761386,106405600
2016-06-10,22.49861717224121,22.616994235748717,22.418940135569898,22.43032157690629,126851600
2016-06-13,22.159412384033203,22.564630152066556,22.10477696350067,22.466740749496882,152082000
2016-06-14,22.186731338500977,22.418934919147425,22.02510031976761,22.15486053124813,127727600
2016-06-15,22.113889694213867,22.403005759365648,22.08884809056043,22.268691545512738,117780800
2016-06-16,22.207223892211914,22.252753127152243,21.870301648434932,21.95680788955315,125307200
2016-06-17,21.701839447021484,22.00233688641061,21.695010236076318,21.995507675465443,244032800
2016-06-20,21.64948081970215,21.98412607462517,21.633545414078622,21.854365846882462,137647600
2016-06-21,21.83387565612793,21.934040306821196,21.55386586229536,21.613055249179165,142185600
2016-06-22,21.75191879272461,22.056968406470375,21.706387833101612,21.911272809333813,116876400
2016-06-23,21.877124786376953,21.92037876334221,21.683622986357832,21.840701755902394,128960800
2016-06-24,21.26247215270996,21.549311123762145,21.09173495941223,21.15092433940077,301245600
2016-06-27,20.9528751373291,21.182801782682954,20.829944111204142,21.171418604830443,181958400
2016-06-28,21.305728912353516,21.321666054463222,20.97563763003897,21.148651842251095,161779600
2016-06-29,21.490123748779297,21.524271537990504,21.314832574681827,21.39223434601581,146124000
2016-06-30,21.76329803466797,21.801998043822323,21.467354642699664,21.499225442806583,143345600
2016-07-01,21.829326629638672,21.961363854547113,21.701843370736256,21.73826641463874,104106000
2016-07-05,21.624441146850586,21.717778342983515,21.503787102545367,21.715501360026124,110820800
2016-07-06,21.74737548828125,21.77697106075022,21.48330274034112,21.53566119853652,123796400
2016-07-07,21.84070587158203,21.968189107508774,21.767858060076918,21.786068710331573,100558400
2016-07-08,22.009170532226562,22.05697675530456,21.86575186299257,21.96591653841968,115648400
2016-07-11,22.077468872070312,22.229993755625873,22.020556446549936,22.025108676386633,95179600
2016-07-12,22.177629470825195,22.24137109776262,22.109335614890412,22.12071705579834,96670000
2016-07-13,22.05242347717285,22.234542165451483,22.04559252834731,22.1753545035962,103568800
2016-07-14,22.48950958251953,22.53503881870016,22.154864312421935,22.17079971876806,155676000
2016-07-15,22.487239837646484,22.60561866874524,22.423498191745423,22.519110660597015,120548000
2016-07-18,22.72626304626465,22.794556893367258,22.446253236340294,22.469017852041166,145975600
2016-07-19,22.73537254333496,22.76496637436316,22.614716762614393,22.664799966530648,95119600
2016-07-20,22.755857467651367,22.869682285959044,22.705774269703365,22.764963661535447,105104000
2016-07-21,22.63519859313965,22.99260837665008,22.566903022041952,22.726258775660405,130808000
2016-07-22,22.459911346435547,22.605606957825405,22.38023259350751,22.596500765009953,113254800
2016-07-25,22.159412384033203,22.500886801811777,22.06379996389409,22.36657436449665,161531600
2016-07-26,22.006887435913086,22.302832624371444,21.9499750332733,22.041035224862693,224959200
2016-07-27,23.43653106689453,23.755240928260108,23.391001831054744,23.737028539192586,369379200
2016-07-28,23.752965927124023,23.77800752997383,23.40693919011725,23.40921617314791,159479200
2016-07-29,23.72336769104004,23.800769468251264,23.602713665250537,23.71881546265295,110934800
2016-08-01,24.142244338989258,24.165008954984405,23.76889907881645,23.76889907881645,152671600
2016-08-02,23.784832000732422,24.14679404670702,23.675559423802557,24.142241818714755,135266400
2016-08-03,24.083057403564453,24.0944388443081,23.850853780982273,23.859959975674617,120810400
2016-08-04,24.231828689575195,24.26158283232779,24.096786895955468,24.16545245152314,109634800
2016-08-05,24.6003360748291,24.63924575065291,24.302787591644368,24.323386215467078,162213600
2016-08-08,24.804035186767578,24.804035186767578,24.5270871466591,24.60948336646476,112148800
2016-08-09,24.904743194580078,24.93449908368157,24.7216379561109,24.771992464217153,105260800
2016-08-10,24.71934700012207,24.925341907703924,24.66441560684608,24.881853608815113,96034000
2016-08-11,24.703323364257812,24.93220618918516,24.685012319166656,24.838363392771008,109938000
2016-08-12,24.760549545288086,24.820059581873906,24.6689960458263,24.6689960458263,74641600
2016-08-15,25.058095932006836,25.07182834461946,24.73765958322399,24.75139199583661,103472800
2016-08-16,25.035205841064453,25.22975766317112,24.996296175138156,25.092426554334043,135177600
2016-08-17,24.998592376708984,25.03292516337279,24.79717429294162,24.971125798130323,101424000
2016-08-18,24.966541290283203,25.08555960199935,24.952807132065452,25.000874066471287,87938800
2016-08-19,25.030628204345703,25.10615996270143,24.801745358107162,24.895586417021445,101472400
2016-08-22,24.836076736450195,24.971116769936508,24.685013228240997,24.91618537887745,103280800
2016-08-23,24.913898468017578,25.021473689483713,24.840656024118577,24.854388436650385,85030800
2016-08-24,24.726219177246094,24.89101514310888,24.646110512239996,24.849816151643186,94700400
2016-08-25,24.620929718017578,24.691882847370994,24.417224107868105,24.579730732468377,100344800
2016-08-26,24.47673988342285,24.707910374007554,24.33254252705626,24.584315134604886,111065200
2016-08-29,24.44926643371582,24.591174432069376,24.32795880029892,24.403490561337307,99881200
2016-08-30,24.261587142944336,24.37602859173181,24.147145694156862,24.215811261924518,99455600
2016-08-31,24.28447151184082,24.3920467372776,24.179185603989712,24.183764239161054,118649600
2016-09-01,24.428668975830078,24.444690706547647,24.174608855710293,24.293627177292564,106806000
2016-09-02,24.657554626464844,24.719352238716972,24.449270357370363,24.65068667289205,107210000
2016-09-06,24.650686264038086,24.788017393410165,24.607199702892252,24.696463889241397,107521600
2016-09-07,24.801748275756836,24.893301774270007,24.506489159826664,24.68044063237792,169457200
2016-09-08,24.151716232299805,24.55226119771989,24.087629317230586,24.54768430931672,212008000
2016-09-09,23.604694366455078,24.19750202362435,23.604694366455078,23.950308056629332,186228000
2016-09-12,24.133411407470703,24.19749833442346,23.46736138898784,23.494827963212362,181171200
2016-09-13,24.707902908325195,24.90016540997437,24.54539629470703,24.607195641973306,248704800
2016-09-14,25.582233428955078,25.870626286950476,24.8566752687782,24.88643115460536,443554800
2016-09-15,26.45199203491211,26.488614130670957,25.97591526747291,26.06060255423702,359934400
2016-09-16,26.3032169342041,26.580164975590975,26.101800653078442,26.348994552349193,319547600
2016-09-19,25.996519088745117,26.591614254034297,25.9209873158799,26.365020681676523,188092000
2016-09-20,25.994224548339844,26.12011081115645,25.75160929226149,25.875206237689383,138057200
2016-09-21,25.989656448364258,26.090363746434825,25.735596265667812,26.058320277107175,144012800
2016-09-22,26.234548568725586,26.307790998796055,26.092640596485246,26.172749231525245,124296000
2016-09-23,25.79738426208496,26.273460980543124,25.531881080100096,26.188773702492046,209924800
2016-09-26,25.836294174194336,25.95302491074402,25.53188132621277,25.552479943478165,119477600
2016-09-27,25.88436508178711,25.904965449843164,25.712702915017406,25.86376645996892,98429600
2016-09-28,26.08120346069336,26.239133206587653,25.962185131514705,26.021695169222927,118564400
2016-09-29,25.676082611083984,26.04687352067809,25.589107741729357,25.900388611113527,143548000
2016-09-30,25.875211715698242,25.94845417150556,25.589108099851238,25.740169900974752,145516400
2016-10-03,25.7539005279541,25.875209919491997,25.698969126471315,25.797388833340097,86807200
2016-10-04,25.86376190185547,26.163597874842022,25.779074619195026,25.87749431398079,118947200
2016-10-05,25.875211715698242,26.01483041993061,25.792813734635274,25.955320378887826,85812400
2016-10-06,26.067462921142578,26.17045948647575,25.893511497730966,26.023974628730365,115117200
2016-10-07,26.106380462646484,26.220821901456944,25.98049592769764,26.163601182051714,97433600
2016-10-10,26.561861038208008,26.722078368474566,26.257446364463615,26.326110186190167,144944000
2016-10-11,26.619075775146484,27.166105639172304,26.596186093481776,26.939510363601958,256164000
2016-10-12,26.857112884521484,27.003599515625737,26.722072840694022,26.85940220197684,150347200
2016-10-13,26.77472496032715,26.88001089480586,26.486331989914433,26.731236646389245,140769600
2016-10-14,26.923492431640625,27.0470893958653,26.809050992125677,26.9807131513981,142608800
2016-10-17,26.905179977416992,26.97155446787286,26.72893920331153,26.85482547052972,94499600
2016-10-18,26.886871337890625,27.056244174757325,26.88229270254308,27.049377967973744,98214000
2016-10-19,26.8067626953125,26.953247594229147,26.046871627343243,26.836516840135722,80138400
2016-10-20,26.793025970458984,26.866268412905413,26.625942467176934,26.747250098769054,96503200
2016-10-21,26.687742233276367,26.758697110259885,26.6144997848891,26.735807426320722,92770800
2016-10-24,26.928070068359375,26.94866868851393,26.779295853260383,26.80218379106691,94154800
2016-10-25,27.065397262573242,27.090574516004875,26.85024682278932,26.996731708443775,192516000
2016-10-26,26.456565856933594,26.481743108289862,25.934713276526317,26.16359610977424,264536800
2016-10-27,26.20250701904297,26.518364694258125,26.11553042647492,26.410789485284422,138248000
2016-10-28,26.0285587310791,26.36959369845516,25.966759381906105,26.062891508815476,151446800
2016-10-31,25.987356185913086,26.145285894116228,25.909535117292197,26.012533436387134,105677600
2016-11-01,25.518152236938477,26.04000493282985,25.2984248779441,25.969051797617304,175303200
2016-11-02,25.541040420532227,25.714991902906835,25.45864418807882,25.497553859616954,113326800
2016-11-03,25.26726531982422,25.64225915016258,25.202849374019138,25.531832315983266,107730400
2016-11-04,25.03951072692871,25.36389333452078,24.87156937755949,24.96819331187081,123348000
2016-11-07,25.40070343017578,25.423708878055244,25.18214728731297,25.324783872490706,130240000
2016-11-08,25.55024528503418,25.702084433482014,25.2373662111449,25.377701755545395,97016800
2016-11-09,25.508832931518555,25.61005902319711,24.857770061068404,25.278774908760692,236705600
2016-11-10,24.797956466674805,25.55714694936273,24.347042916636287,25.55714694936273,228538000
2016-11-11,24.945188522338867,25.04641460202416,24.512680122670883,24.6438131098981,136575600
2016-11-14,24.319425582885742,24.80254692483894,23.94443175781599,24.779541480975045,204702000
2016-11-15,24.641515731811523,24.77264873869325,24.422961305409807,24.517284184996708,129058000
2016-11-16,25.304086685180664,25.3593018858525,24.52418996652976,24.547195422541133,235362000
2016-11-17,25.29487419128418,25.386897734297026,25.03721037709193,25.262666214510148,110528000
2016-11-18,25.3201847076416,25.43061332773471,25.22816290530128,25.24196582461165,113715600
2016-11-21,25.704381942749023,25.764195760935156,25.308681889132192,25.333988410366057,117058400
2016-11-22,25.72048568725586,25.86312052717091,25.628462134121555,25.75499298387835,103862000
2016-11-23,25.589353561401367,25.653769524216692,25.382300998635436,25.61926047122181,109705600
2016-11-25,25.71817970275879,25.736584760910358,25.52493010257322,25.566340605812773,45903600
2016-11-28,25.667570114135742,25.874622658112738,25.626159605340344,25.635362135650787,108776000
2016-11-29,25.642263412475586,25.773396396862534,25.322482946072274,25.48582390871544,114115200
2016-11-30,25.426006317138672,25.81250378067143,25.36849182408441,25.67446934838181,144649200
2016-12-01,25.189050674438477,25.52263583743851,25.083224201929145,25.391502843763547,148347600
2016-12-02,25.283374786376953,25.327084613245596,25.041813182047214,25.11543167252432,106112000
2016-12-05,25.10162925720215,25.31328220216583,24.90377923097857,25.306380742795778,137298000
2016-12-06,25.29487419128418,25.389198805553196,25.12003139028318,25.191348802396664,104782000
2016-12-07,25.54334259033203,25.580152717341864,25.11313520092625,25.136140652705663,119994800
2016-12-08,25.794103622436523,25.86542104085599,25.44441447910836,25.504230050636142,108273200
2016-12-09,26.215110778808594,26.387654294479216,25.837815764958435,25.837815764958435,137610400
2016-12-12,26.06557846069336,26.456676454019128,25.879230241696117,26.06327738867511,105497600
2016-12-13,26.500383377075195,26.66832474553946,26.169099272965543,26.18980365187071,174935200
2016-12-14,26.500383377075195,26.732740709071145,26.45207140442643,26.465874323696543,136127200
2016-12-15,26.645320892333984,26.85467454156549,26.50958749749872,26.544094797742623,186098000
2016-12-16,26.679824829101562,26.801755280446198,26.606206344032927,26.794853821721503,177404400
2016-12-19,26.833965301513672,27.00420773209918,26.629213819473506,26.640717421692816,111117600
2016-12-20,26.905282974243164,27.031815579034852,26.84316808520206,26.856971003832687,85700000
2016-12-21,26.930587768554688,27.00880839792081,26.866171812137395,26.87077395485473,95132800
2016-12-22,26.753448486328125,26.804061533698256,26.60391041597186,26.767251406445986,104343600
2016-12-23,26.806360244750977,26.806360244750977,26.592406211739476,26.592406211739476,56998000
2016-12-27,26.97659683227539,27.100828341075097,26.799451220482073,26.806352678437122,73187600
2016-12-28,26.861570358276367,27.15144215064689,26.732736695353033,27.03641316012437,83623600
2016-12-29,26.854665756225586,26.942087146916545,26.77874621011868,26.790248054702733,60158000
2016-12-30,26.645320892333984,26.96280034100216,26.555598401292904,26.83626947796643,122345200
2017-01-03,26.721240997314453,26.762651513638215,26.401460470504556,26.64072103646367,115127600
2017-01-04,26.691328048706055,26.80405773102062,26.6292131617844,26.65221861045156,84472400
2017-01-05,26.827058792114258,26.88457328197726,26.64301172247148,26.66831823842744,88774400
2017-01-06,27.12613868713379,27.183653185150572,26.79485461689209,26.86617203276788,127007600
2017-01-09,27.37459945678711,27.475825533009875,27.133039622896174,27.135338939026216,134247600
2017-01-10,27.40220832824707,27.464323215522036,27.21586191121894,27.323987696089937,97848400
2017-01-11,27.54944610595703,27.590856617075996,27.284879049097164,27.317087029389327,110354400
2017-01-12,27.434419631958008,27.445923235352577,27.195159074019244,27.353899673806367,108344800
2017-01-13,27.3861026763916,27.519536728605953,27.333188567684832,27.402206665093118,104447600
2017-01-17,27.606958389282227,27.66217181460391,27.19745545400704,27.22506128906631,137759200
2017-01-18,27.60466194152832,27.721992025791536,27.540245975329984,27.606963013236385,94852000
2017-01-19,27.55634880065918,27.62766622376003,27.46202592706161,27.468927386690293,102389200
2017-01-20,27.606958389282227,27.710483781160775,27.544843505195725,27.710483781160775,130391600
2017-01-23,27.6253662109375,27.79330757501292,27.554047034431193,27.606961148922757,88200800
2017-01-24,27.600053787231445,27.629960690207362,27.4919262650219,27.503429865121916,92844000
2017-01-25,28.039470672607422,28.090083717527474,27.671378193920752,27.703586176105624,129510400
2017-01-26,28.05327796936035,28.168306989401746,27.975057323026356,27.99116131562401,105350400
2017-01-27,28.055574417114258,28.14759797477796,27.975054462359783,28.099286001925275,82251600
2017-01-30,27.98195457458496,27.98195457458496,27.75879978364072,27.820914672830703,121510000
2017-01-31,27.917539596557617,27.92674212772511,27.749598229560107,27.87152869592351,196804000
2017-02-01,29.619976043701172,30.020278342912263,29.21967549969383,29.22427588873136,447940000
2017-02-02,29.569355010986328,29.767205035094836,29.396811507766348,29.442824161746977,134841600
2017-02-03,29.69588279724121,29.72118931402373,29.48422988888106,29.51873717976359,98029200
2017-02-06,29.974252700805664,30.02256642123465,29.65447224868922,29.707388111636728,107383600
2017-02-07,30.259521484375,30.38835337301433,30.01105848039672,30.031762853126825,152735200
2017-02-08,30.376855850219727,30.41826811436979,30.18821012137677,30.218118783795905,92016400
2017-02-09,30.596357345581055,30.603288725916276,30.29598460376013,30.4184436905168,113399600
2017-02-10,30.527050018310547,30.71651721121805,30.510877967438446,30.605611563892197,80262000
2017-02-13,30.797380447387695,30.919843083711402,30.672612051335886,30.74886077555563,92141600
2017-02-14,31.197097778320312,31.213269821275592,30.788128776626454,30.838961241272028,132904800
2017-02-15,31.310319900512695,31.48592428287456,31.104680709820027,31.31263271120233,142492400
2017-02-16,31.273351669311523,31.40042932640587,31.15551115186836,31.347287568405008,90338400
2017-02-17,31.358848571777344,31.384264814422437,31.215595309028636,31.215595309028636,88792800
2017-02-21,31.585268020629883,31.596821494125702,31.418907874040418,31.476671715894398,98028800
2017-02-22,31.680009841918945,31.682319126971226,31.448954414153693,31.522890317713035,83347600
2017-02-23,31.545989990234375,31.765491890827267,31.49284824128825,31.742388468758406,83152800
2017-02-24,31.57602882385254,31.57602882385254,31.257171273808243,31.402737290241557,87106400
2017-02-27,31.638416290283203,31.756256808358447,31.48823168075205,31.686939478718745,81029600
2017-02-28,31.652292251586914,31.756266515014435,31.585284186390634,31.673086399147035,93931600
2017-03-01,32.29924011230469,32.38242021612314,31.793231633504373,31.86023616336788,145658400
2017-03-02,32.10745620727539,32.41244746653751,32.0612423121408,32.347752244099325,104844000
2017-03-03,32.29691696166992,32.3084704344454,32.02196052748819,32.06586160866005,84432400
2017-03-06,32.19525146484375,32.29460709818106,32.02427276308277,32.20218284325974,87000000
2017-03-07,32.23686218261719,32.34314573112953,32.06818914049128,32.13057510847794,69785200
2017-03-08,32.116703033447266,32.301548072577894,32.07511475059646,32.10514955744675,74828800
2017-03-09,32.04276657104492,32.06818281034635,31.666148603102606,32.056632858903505,88623600
2017-03-10,32.14906311035156,32.199895603953436,32.033535356824984,32.1744793571525,78451200
2017-03-13,32.16291046142578,32.21605221540226,32.075111808252814,32.082043188092115,69686800
2017-03-14,32.11439514160156,32.26688904429549,32.07973471209646,32.18602176003566,61236400
2017-03-15,32.45404815673828,32.52105268203677,32.12363704927191,32.211439243327874,102767200
2017-03-16,32.50718307495117,32.5834317760032,32.407827424868074,32.51411445453541,76928000
2017-03-17,32.345455169677734,32.57881991544937,32.3223482133878,32.57881991544937,175540000
2017-03-20,32.68510818481445,32.694348852295555,32.40090741959065,32.44018642623199,86168000
2017-03-21,32.310787200927734,32.994712755487875,32.28537096518604,32.83528396089231,158119600
2017-03-22,32.67585372924805,32.71744553391698,32.292300925150975,32.31309859029822,103440800
2017-03-23,32.56033706665039,32.712834526079405,32.488710433604666,32.63889508188591,81385200
2017-03-24,32.495643615722656,32.74980606218235,32.428639075634344,32.69435147596562,89582400
2017-03-27,32.55108642578125,32.6296444169478,32.0288989566286,32.20681260478574,94300400
2017-03-28,33.225772857666016,33.281223906665865,32.491014727782115,32.55802277949188,133499200
2017-03-29,33.299720764160156,33.3852137048853,33.08484082060306,33.198055770191324,116760000
2017-03-30,33.255802154541016,33.38750542533572,33.15645002446834,33.31587881516693,84829200
2017-03-31,33.193424224853516,33.33436817947322,33.0432360785983,33.207286986680685,78646800
2017-04-03,33.20266342163086,33.299706275752946,33.052478807647475,33.204976232250445,79942800
2017-04-04,33.44990158081055,33.47762710917722,33.080211416330286,33.09869627711697,79565600
2017-04-05,33.276607513427734,33.60932793169963,33.22808431675207,33.322817899159624,110871600
2017-04-06,33.193424224853516,33.39213203750382,33.14490103283233,33.338986749664876,84596000
2017-04-07,33.11949920654297,33.31358500783382,33.10332715258255,33.20961072325856,66688800
2017-04-10,33.08020782470703,33.24425874286062,33.01782186702875,33.17956349994475,75733600
2017-04-11,32.72439193725586,33.12180768348435,32.361633106140886,33.02707408133784,121517600
2017-04-12,32.76366424560547,32.84453153953262,32.58112846168498,32.71745385970046,81400000
2017-04-13,32.59036636352539,32.89767048263503,32.59036636352539,32.789074157625386,71291600
2017-04-17,32.77058792114258,32.782141396308624,32.548773185081686,32.689717120605906,66328400
2017-04-18,32.625022888183594,32.819108584656504,32.604228747624155,32.673546075114686,58790000
2017-04-19,32.50487518310547,32.809870033463476,32.451733423043436,32.782144510931275,69313600
2017-04-20,32.911537170410156,33.0224427935341,32.615786491662185,32.6296492538494,93278400
2017-04-21,32.87225341796875,32.96698345443212,32.775210571057656,32.91153241369759,69283600
2017-04-24,33.18880081176758,33.26042742878248,33.082513765934344,33.156453193579374,68537200
2017-04-25,33.39444351196289,33.47993289925257,33.241946070614006,33.25119026285557,75486000
2017-04-26,33.19805908203125,33.410633286423845,33.128745238890005,33.380594937310754,80164800
2017-04-27,33.22346115112305,33.30895406388303,33.11255552381096,33.253499487413826,56985200
2017-04-28,33.19111633300781,33.3413045015207,33.10331765321541,33.29278130230845,83441600
2017-05-01,33.868106842041016,34.01136008674115,33.49379815717875,33.5261457777764,134411600
2017-05-02,34.08299255371094,34.217005155060875,33.928185805330884,34.08992393605431,181408800
2017-05-03,33.979007720947266,34.07836337966752,33.33436468419537,33.639355989291474,182788000
2017-05-04,33.85655975341797,33.99750373953712,33.69019952306005,33.85425046780604,93487600
2017-05-05,34.41801071166992,34.42262928078691,33.909686058779336,33.909686058779336,109310800
2017-05-08,35.35380935668945,35.51323825444056,34.43420923092402,34.43420923092402,195009600
2017-05-09,35.58022689819336,35.78586608965602,35.455454991771575,35.55249784919626,156521600
2017-05-10,35.411556243896484,35.568675779877275,35.145843892303795,35.497049156002355,103222800
2017-05-11,35.717811584472656,35.74565509263949,35.337316681196974,35.36979782390908,109020400
2017-05-12,36.216636657714844,36.29087775902097,35.88486166886803,35.89182166148487,130108000
2017-05-15,36.12382507324219,36.34423306457839,35.973020537111836,36.19574734555601,104038800
2017-05-16,36.070465087890625,36.20734964530216,35.896458214516294,36.179509678419514,80194000
2017-05-17,34.859378814697266,35.86166015777353,34.73409541690228,35.63661097305999,203070800
2017-05-18,35.39067840576172,35.57628645594224,35.063548155767805,35.09602929903596,134272800
2017-05-19,35.51132583618164,35.72477386484505,35.41156358438235,35.58557047581027,107843200
2017-05-22,35.72708511352539,35.86396964257635,35.476514842959574,35.72940393022555,91865600
2017-05-23,35.6829948425293,35.938202689475816,35.56930912641458,35.938202689475816,79675600
2017-05-24,35.5762825012207,35.76885052211112,35.42083679427562,35.69228707716587,76712000
2017-05-25,35.699241638183594,35.81060856307925,35.504354829883454,35.666760503466904,76942400
2017-05-26,35.638919830322266,35.78508670371627,35.56931638869759,35.72940324238091,87710400
2017-05-30,35.6528434753418,35.82916914409434,35.5739612188087,35.59484119138891,80507600
2017-05-31,35.44172286987305,35.76885667999995,35.35356178429862,35.722455549669306,97804800
2017-06-01,35.539161682128906,35.57396518048359,35.31643486944589,35.536842864976805,65616400
2017-06-02,36.06582260131836,36.06582260131836,35.47187972823621,35.631966612345444,111082800
2017-06-05,35.71316146850586,35.83380719987951,35.60412044112713,35.80828605555389,101326800
2017-06-06,35.83380889892578,36.149341452740536,35.6783632089096,35.706203171247324,106499600
2017-06-07,36.04726028442383,36.18878600667422,35.84077228378099,35.9660592065226,84278400
2017-06-08,35.9590950012207,36.086697185851556,35.82220692905555,36.01941609832216,85003200
2017-06-09,34.564720153808594,36.00549844870563,33.87797509248136,36.00549844870563,259530800
2017-06-12,33.738773345947266,33.89421906626686,33.06362580621396,33.81301798022594,289229200
2017-06-13,34.010223388671875,34.20975141652605,33.67612961736451,34.14247031488895,136661600
2017-06-14,33.67845153808594,34.221352139331366,33.37219773829891,34.221352139331366,126124800
2017-06-15,33.47660446166992,33.520686774191034,32.9940284619106,33.25155880437353,128661600
2017-06-16,33.007938385009766,33.525317729657,32.99169604737768,33.35827088059254,201444400
2017-06-19,33.95222091674805,34.04502670838691,33.330438043573054,33.330438043573054,130165600
2017-06-20,33.64365005493164,34.075187273103715,33.62741125315838,34.075187273103715,99600400
2017-06-21,33.843162536621094,33.88956718362495,33.55083237745546,33.7619614847194,85063200
2017-06-22,33.78749084472656,34.03573877374179,33.66916392232728,33.81997198142515,76425200
2017-06-23,33.938297271728516,34.14246645112893,33.66684699830492,33.671488172430905,141757600
2017-06-26,33.83156204223633,34.40230233407298,33.729477491780415,34.144772141850915,102769600
2017-06-27,33.34667205810547,33.91045609832989,33.321150911590316,33.643643468366285,99047600
2017-06-28,33.83388900756836,33.89885127529129,33.21442510738161,33.52299764915459,88329600
2017-06-29,33.335086822509766,33.67150306192424,33.01027529363114,33.57405960326066,125997600
2017-06-30,33.413963317871094,33.63205251495539,33.35827983983494,33.51372556665097,92096400
2017-07-03,33.29331588745117,33.71093310139228,33.20051363554381,33.613489674835854,57111200
2017-07-05,33.43019104003906,33.592596705261684,33.11233969951921,33.33738881424841,86278400
2017-07-06,33.11466598510742,33.29331402723533,33.04042489576544,33.18195062313297,96515200
2017-07-07,33.45107650756836,33.58332341824197,33.15410508801684,33.15410508801684,76806800
2017-07-10,33.655235290527344,33.861723222218814,33.26313939390278,33.43482738099695,84362400
2017-07-11,33.76428985595703,33.83853448003167,33.49748076106818,33.57868183594897,79127200
2017-07-12,33.813011169433594,33.91509221073657,33.59956319914471,33.843169948377934,99538000
2017-07-13,34.283992767333984,34.45103963699194,33.74341102804902,33.75733101049074,100797600
2017-07-14,34.578643798828125,34.645928438020356,34.18191011600604,34.33039583744347,80528400
2017-07-17,34.699283599853516,35.010174972615246,34.46959683558217,34.52759911588152,95174000
2017-07-18,34.81993103027344,34.83153219493407,34.49279730380701,34.61576186081721,71475200
2017-07-19,35.038028717041016,35.13083097657728,34.78977718550363,34.91274177246986,83692000
2017-07-20,34.880252838134766,35.205067754332376,34.845452883625036,35.149384286938314,68974800
2017-07-21,34.864013671875,34.90345479996306,34.541521116163516,34.799051397356024,105010400
2017-07-24,35.28627395629883,35.36747858219408,34.77817330554504,34.93594138266693,85972800
2017-07-25,35.43708419799805,35.69229217743829,35.21899499762855,35.21899499762855,75415600
2017-07-26,35.60411834716797,35.71315936813375,35.51131258227014,35.57859720434331,63124000
2017-07-27,34.93129348754883,35.727086631610675,34.17494501031293,35.671403166837266,129905200
2017-07-28,34.685367584228516,34.85473327081453,34.61344531486372,34.7758510102324,68854800
2017-07-31,34.5067138671875,34.87792985848564,34.367510525584244,34.77816410050082,79383600
2017-08-01,34.81296920776367,34.85241033339182,34.43247439209287,34.59256125152247,141474400
2017-08-02,36.45792007446289,37.06346413718461,36.23055208383855,36.954419546336645,279747200
2017-08-03,36.09366989135742,36.474164805577196,35.96606413411134,36.437042487073036,108389200
2017-08-04,36.283897399902344,36.518225280224115,36.121491763036886,36.20965634026844,82239600
2017-08-07,36.84537124633789,36.87089239354546,36.34887182444575,36.439355248149226,87481200
2017-08-08,37.14002227783203,37.54603825885882,36.72008631531287,36.79664975369933,144823600
2017-08-09,37.367393493652344,37.416116973301776,36.914976354816375,36.949776311581175,104526000
2017-08-10,36.17716979980469,37.26723470908686,36.016454281468874,37.24394126576149,163217200
2017-08-11,36.6802864074707,36.934172225596136,36.35187149847819,36.47531896830066,105028400
2017-08-14,37.23230743408203,37.31615887536622,36.97609370957996,37.108859972480495,88490800
2017-08-15,37.63991928100586,37.77966931882692,37.299854102886464,37.42097364559657,117862000
2017-08-16,37.48851776123047,37.85187282362059,37.302180829366435,37.71911011424637,110686400
2017-08-17,36.7687873840332,37.43261145636436,36.76412798432432,37.38835604433153,111762400
2017-08-18,36.68492889404297,37.15076926095145,36.503251435275054,36.768780302249695,109712400
2017-08-21,36.617393493652344,36.775777555216585,36.128259554669306,36.68493880130041,105474000
2017-08-22,37.21599197387695,37.26723470592403,36.806053671580756,36.854964926847224,86418400
2017-08-23,37.26258087158203,37.376713074383446,37.006370727162285,37.050626143637956,77596400
2017-08-24,37.097190856933594,37.4395837393439,36.92948807558654,37.367375512144555,79275600
2017-08-25,37.2346305847168,37.39767404573715,37.09720849286256,37.18571576937024,101920400
2017-08-28,37.6096305847168,37.73307802479244,37.25093143296134,37.29984624604826,103864000
2017-08-29,37.94504928588867,37.99396056164483,37.267250317754836,37.29054377083621,118067600
2017-08-30,38.04752731323242,38.17330269453287,37.87516503492764,38.15234072332967,109078400
2017-08-31,38.19891357421875,38.32003307581607,38.07779407262144,38.11506215835603,107140400
2017-09-01,38.210567474365234,38.41786635335139,38.11274139649231,38.385257660727085,66364400
2017-09-05,37.75171661376953,38.257153157457466,37.397676819239685,38.14069302608012,117874000
2017-09-06,37.71211242675781,37.963666682533365,37.388353473821574,37.8984493074153,86606800
2017-09-07,37.56072235107422,37.788986780023535,37.35109552473771,37.75404660624655,87714000
2017-09-08,36.94813537597656,37.535091767309375,36.92484193250823,37.467546467779975,114446000
2017-09-11,37.616615295410156,37.74472212642734,37.24161360138557,37.38369507686272,126323200
2017-09-12,37.46755599975586,38.189610282003464,36.98075347251428,37.87516648558694,286856000
2017-09-13,37.18571472167969,37.257922981172236,36.78043578057349,37.236957458568185,179629600
2017-09-14,36.86661911010742,37.12748866854169,36.82236369128421,37.03199406138133,95042800
2017-09-15,37.239288330078125,37.49317053339173,36.80139715072568,36.91086994556379,196458400
2017-09-18,36.957454681396484,37.383699154318606,36.80139854443826,37.29286040134051,113077600
2017-09-19,36.971431732177734,37.21367079192962,36.90388642083373,37.1531092499511,83242400
2017-09-20,36.35186767578125,36.86196007366764,35.83012499967972,36.77810863561706,211805600
2017-09-21,35.72763442993164,36.28897304494731,35.578565622840415,36.28897304494731,150046800
2017-09-22,35.37825393676758,35.4667647623346,35.068469601363695,35.296730433842086,186581600
2017-09-25,35.06613540649414,35.36427296614295,34.74237648371551,34.9357006684078,177549200
2017-09-26,35.66939926147461,35.85107673302411,35.33166568252132,35.352627647527754,146640000
2017-09-27,35.923282623291016,36.03741480448484,35.76256711139289,35.82312863998077,102016800
2017-09-28,35.7020149230957,35.93493516844684,35.56692075430234,35.84409641492313,88022000
2017-09-29,35.897666931152344,35.899998408208205,35.40387715030918,35.68571220984077,105199200
2017-10-02,35.82545852661133,35.974527325485546,35.571576339386255,35.93027191496218,74795200
2017-10-03,35.98151779174805,36.123599280752316,35.84875510265796,35.872044994281765,64921200
2017-10-04,35.748600006103516,35.837110840962715,35.51102390318841,35.78354017706002,80655200
2017-10-05,36.1934814453125,36.20512816989654,35.881369129315786,35.91164634833667,85135200
2017-10-06,36.17250442504883,36.21675982760827,36.00014221352256,36.09564033966873,69630400
2017-10-09,36.29828643798828,36.50558529280248,36.21676649297357,36.29129911567504,65051600
2017-10-10,36.31226348876953,36.801397407591345,36.12593014262862,36.349531579630025,62468000
2017-10-11,36.46366882324219,36.56382283295449,36.277331897223505,36.32857464073067,67622400
2017-10-12,36.335567474365234,36.65466715398137,36.27267799705516,36.41709100251095,64500400
2017-10-13,36.56614303588867,36.63368832927769,36.43104889503047,36.505581510008696,65576800
2017-10-16,37.239288330078125,37.26723762098803,36.719873646797474,36.778103705580264,96486000
2017-10-17,37.376705169677734,37.46987182902115,37.08788283918476,37.215989661342135,75989200
2017-10-18,37.21133804321289,37.43261512506398,37.17407350413148,37.36506626194702,65496800
2017-10-19,36.33091354370117,36.58712733866869,36.107312008168,36.510263200178436,170336800
2017-10-20,36.3937873840332,36.74316774291992,36.32624207844399,36.477638812329246,95896400
2017-10-23,36.37514877319336,36.729188487574625,36.21909265896591,36.542851608738154,87937200
2017-10-24,36.59176254272461,36.66629515392034,36.382132243446684,36.40309420715049,71028800
2017-10-25,36.4310417175293,36.69657054784606,36.165512887212536,36.54750179317839,84828400
2017-10-26,36.66397476196289,36.7618008334198,36.517233877737176,36.62204727186381,68002000
2017-10-27,37.97764587402344,38.10575271694487,36.96444140755853,37.10186349629206,177816800
2017-10-30,38.832454681396484,39.146898362121874,38.13369410563347,38.17329011177043,178803200
2017-10-31,39.37282180786133,39.51490324591135,38.883691610206846,39.107292970826165,144187200
2017-11-01,38.87206268310547,39.58247019850598,38.573925029770365,39.566164074081144,134551200
2017-11-02,39.156219482421875,39.247058228740606,38.49705481387086,38.80451121930693,165573600
2017-11-03,40.17873764038086,40.588675944952875,39.85730660195206,40.52811796768852,237594400
2017-11-06,40.58634567260742,40.75870790356975,39.9970578389901,40.14845455042654,140105200
2017-11-07,40.716773986816406,40.81925942935742,40.43494257390834,40.50714725731322,97446000
2017-11-08,41.049861907958984,41.049861907958984,40.6049834233386,40.681847524405,97638000
2017-11-09,40.96601867675781,41.01726142104952,40.327815850449234,40.786669071736846,117930400
2017-11-10,40.83042907714844,40.99639849993857,40.736927487906414,40.93328296542886,100582000
2017-11-13,40.666805267333984,40.79069649569724,40.533561738608874,40.556938922656,67928400
2017-11-14,40.052024841308594,40.5522659440664,40.01462277065098,40.449412033186846,99130000
2017-11-15,39.523738861083984,39.81359959427168,39.3601092402757,39.731783000438426,116632400
2017-11-16,39.99591827392578,40.17590901947847,39.80891152035712,40.014615739111214,94550000
2017-11-17,39.77385330200195,40.06371400342983,39.654638212802126,39.981897418561154,87598000
2017-11-20,39.7341194152832,39.86969926347399,39.63594164249503,39.806583707089366,65049600
2017-11-21,40.472774505615234,40.60367813847048,39.92110664797064,39.92110664797064,100525200
2017-11-22,40.898231506347656,40.90758024098525,40.45175363167157,40.52421791740119,102355600
2017-11-24,40.90056610107422,41.02445733931441,40.825761959645845,40.930955729386724,56106800
2017-11-27,40.69485855102539,40.92627985240134,40.51954035609574,40.91926740995278,82867200
2017-11-28,40.45641326904297,40.87717392629052,40.17356511741134,40.74393400265719,105715200
2017-11-29,39.61723327636719,40.42135991448416,39.07491755078027,40.35357178635738,166665600
2017-11-30,40.17124557495117,40.23903371052628,39.37413129123352,39.839306639255796,166108800
2017-12-01,39.98422622680664,40.129154754037586,39.38814381183188,39.7270915170193,159037200
2017-12-04,39.6920280456543,40.35122240453448,39.652289694840306,40.31849649404904,130169600
2017-12-05,39.654624938964844,40.09409021118591,39.364764334563795,39.51904515143161,109400800
2017-12-06,39.507362365722656,39.785534421794935,38.9112834648331,39.15438974818077,114240000
2017-12-07,39.579833984375,39.84164132481947,39.48399252337033,39.51204229074438,102693200
2017-12-08,39.59150695800781,39.97253282752388,39.46294318543951,39.85331778561536,93420800
2017-12-11,40.36290740966797,40.41433434541488,39.455927161247565,39.55176859303558,141095200
2017-12-12,40.136173248291016,40.297466539043796,40.080073715408226,40.241363439303626,77636800
2017-12-13,40.26941680908203,40.566286349142075,40.206301267674334,40.3231800504292,95273600
2017-12-14,40.257720947265625,40.470441149509966,40.124477446896066,40.29979558936755,81906000
2017-12-15,40.666805267333984,40.71355606857073,40.3138326161104,40.58732854854576,160677200
2017-12-18,41.239501953125,41.42183253648349,40.87484078640801,40.87951693560756,117684400
2017-12-19,40.80003356933594,40.998728876380696,40.694843404900205,40.91457603146081,109745600
2017-12-20,40.7556266784668,41.00574538016436,40.4984919693788,40.87717802562036,93902400
2017-12-21,40.909908294677734,41.146005707313414,40.69719163107256,40.713552805108094,83799600
2017-12-22,40.909908294677734,41.00574974798811,40.79069322605128,40.83276787373455,65397600
2017-12-26,39.87202835083008,40.082408726132456,39.66398070018009,39.925791590410505,132742000
2017-12-27,39.879032135009766,39.92110677419349,39.67098809638064,39.762153381468536,85992800
2017-12-28,39.991249084472656,40.171243428209586,39.850993103171035,39.97254804917525,65920800
2017-12-29,39.558799743652344,39.87671023915788,39.5564634515975,39.86034906105778,103999600
2018-01-02,40.26708221435547,40.27643451563853,39.56580942615581,39.77619340273042,102223600
2018-01-03,40.26005554199219,40.802374685276824,40.19694358149866,40.330183509397145,118071600
2018-01-04,40.44707107543945,40.54992497445396,40.22500210267125,40.3325285848356,89738400
2018-01-05,40.90756607055664,40.994055211711675,40.451739619141776,40.54290490942475,94640000
2018-01-08,40.7556266784668,41.050159881448366,40.65744537728277,40.7556266784668,82271200
2018-01-09,40.75095748901367,40.921599515903196,40.53590095325459,40.80238443961448,86336000
2018-01-10,40.741600036621094,40.74393989480724,40.440054379738385,40.477456442146824,95839600
2018-01-11,40.97303009033203,41.02212075365002,40.788363163647276,40.8117367825329,74670800
2018-01-12,41.39613342285156,41.4592489749362,41.05952190087746,41.1834131462071,101672400
2018-01-16,41.18574523925781,41.933768721013166,41.17405664783749,41.585468671088606,118263600
2018-01-17,41.86598587036133,41.901048082180715,40.923943066330935,41.176398125146065,137547200
2018-01-18,41.90338897705078,42.09974808538245,41.66729506886416,41.92910245749552,124773600
2018-01-19,41.716373443603516,41.97818075507873,41.47092730566695,41.75143564894141,129700400
2018-01-22,41.37508773803711,41.5574183478053,41.28158614164321,41.44521571876117,108434400
2018-01-23,41.38444519042969,41.94546558756909,41.333021798378475,41.44522445106315,130756400
2018-01-24,40.72523880004883,41.44521244943131,40.486805111138345,41.43352385908979,204420400
2018-01-25,39.998252868652344,40.89588096747637,39.86267306723772,40.79302707903376,166116000
2018-01-26,40.09176254272461,40.206305044653156,39.75281475426623,40.206305044653156,156572000
2018-01-29,39.26191711425781,39.77618297744424,39.05387305096097,39.77618297744424,202561600
2018-01-30,39.03050231933594,39.124003921961055,38.49987162895176,38.693890842913504,184192800
2018-01-31,39.138023376464844,39.37412077565685,38.92063057543217,39.00711972420556,129915600
2018-02-01,39.219852447509766,39.41620798850518,38.98141868095353,39.07726015936492,188923200
2018-02-02,37.51809310913086,38.990766636131845,37.42459150008796,38.8037598511883,346375200
2018-02-05,36.58072280883789,38.30819107991556,36.46618031736213,37.19083019912959,290954000
2018-02-06,38.10950469970703,38.27079802903582,35.99867366557429,36.19269291919745,272975200
2018-02-07,37.293678283691406,38.19598257725575,37.183815515739305,38.123518306819236,206434400
2018-02-08,36.26747512817383,37.63495794612659,36.23942536923537,37.46898854974237,217562000
2018-02-09,36.71108627319336,37.0584569628266,35.262922282513344,36.86599613070262,282690400
2018-02-12,38.18976593017578,38.46672273816519,36.96926786105699,37.20163266035302,243278000
2018-02-13,38.57233810424805,38.66857030718875,37.94096603425092,38.01137992863191,130196800
2018-02-14,39.28351593017578,39.32341630642415,38.22966752219258,38.26721850010876,162579600
2018-02-15,40.60259246826172,40.62606138201437,39.66609578151257,39.851515600178224,204588800
2018-02-16,40.471153259277344,41.032115117639805,40.31624696133215,40.454725377080166,160704400
2018-02-20,40.33502960205078,40.900679588295006,40.234102152798535,40.38197101922367,135722000
2018-02-21,40.151939392089844,40.867803773727466,40.13785374935215,40.56502871075081,149886400
2018-02-22,40.487586975097656,40.82791670005755,40.30216713810029,40.32329023698601,123967600
2018-02-23,41.19172286987305,41.22692803805628,40.73168837767528,40.7622019110345,135249600
2018-02-26,42.006160736083984,42.10473876856565,41.358360702033096,41.39122004619365,152648800
2018-02-27,41.87002944946289,42.36057381022389,41.81604700695905,42.03667557380085,155712400
2018-02-28,41.80665969848633,42.39343632161307,41.79023181536693,42.07422969537611,151128400
2018-03-01,41.07435607910156,42.19627249006448,40.52513412020834,41.90523004911441,195208000
2018-03-02,41.358360290527344,41.37948338697755,40.47584605945342,40.55799620973738,153816000
2018-03-05,41.50154113769531,41.71747451781942,40.96170589668479,41.123656827127995,113605600
2018-03-06,41.46632385253906,41.837167053383304,41.33958169646813,41.75736630395347,95154000
2018-03-07,41.08140182495117,41.27386626316505,40.903023033099316,41.0602787275082,126814000
2018-03-08,41.52971267700195,41.571958884790014,41.090804805109556,41.187033472204966,95096400
2018-03-09,42.24320983886719,42.24790505333158,41.6353102868023,41.76909703854284,128740800
2018-03-12,42.651607513427734,42.808863174580104,42.29719582170219,42.31596951674786,128828400
2018-03-13,42.24087142944336,43.069399648429766,42.069533676140765,42.855812120337546,126774000
2018-03-14,41.881771087646484,42.369969694227,41.73390222458302,42.323028278121285,117473600
2018-03-15,41.9310417175293,42.30423424408691,41.79491273914619,41.8958365647404,90975200
2018-03-16,41.78318405151367,42.04136357525891,41.68929765809745,41.931049301369676,157618800
2018-03-19,41.144779205322266,41.654100905167574,40.75985386813316,41.618895738906545,133787200
2018-03-20,41.13068389892578,41.49683183577984,41.060270007669395,41.13068389892578,78597600
2018-03-21,40.198883056640625,41.09547563260166,40.19653365868567,41.08373938702482,148219600
2018-03-22,39.630889892578125,40.529828421739076,39.57221223717389,39.900805674877645,165963200
2018-03-23,38.713172912597656,39.88203087822492,38.713172912597656,39.5229238913069,164115200
2018-03-26,40.55094909667969,40.62840402011539,39.06523065201155,39.44781005466082,150164800
2018-03-27,39.51118087768555,41.10955946368787,39.177892261077965,40.764534600998445,163690400
2018-03-28,39.07463455200195,39.90551239771122,38.77185933862034,39.2553627855558,166674000
2018-03-29,39.37974548339844,40.31154688271614,39.173199002522075,39.386786515119255,153594000
2018-04-02,39.12156677246094,39.65201509761951,38.60285827668735,39.11217992291302,150347200
2018-04-03,39.52292251586914,39.60741848522696,38.69908950068041,39.34688954482369,121112000
2018-04-04,40.278690338134766,40.372573155198666,38.673270529102645,38.69908884100521,138422000
2018-04-05,40.5579948425293,40.89362930170126,40.38900291382461,40.50635822090288,107732800
2018-04-06,39.52058410644531,40.48289571302498,39.47833432314732,40.12848388752817,140021200
2018-04-09,39.91254425048828,40.62606300601005,39.8656028397066,39.872643872253846,116070800
2018-04-10,40.66361618041992,40.839649150897934,40.25991361494503,40.60493852359392,113634400
2018-04-11,40.47349548339844,40.820866160421915,40.29980835418697,40.42420468274402,89726400
2018-04-12,40.87250900268555,41.07436028792793,40.61432587688714,40.70117124541933,91557200
2018-04-13,41.0109977722168,41.27152678080941,40.80445480081609,41.0227340229716,100497200
2018-04-16,41.26682662963867,41.35366842078155,41.03446180568861,41.081403217619894,86313600
2018-04-17,41.83482360839844,41.999120331657075,41.40530272955087,41.42408000955185,106421600
2018-04-18,41.74093246459961,41.970951432420364,41.515612292995044,41.73389143307444,83018000
2018-04-19,40.5579948425293,41.16589447365878,40.525135499803376,40.78331502653571,139235200
2018-04-20,38.896244049072266,40.1871524529709,38.82817596401007,40.04163301530664,261964400
2018-04-23,38.78358459472656,39.17789672189711,38.513665229708735,39.15677362538438,146062000
2018-04-24,38.243751525878906,39.03942043706122,37.84004894625956,38.88451055807703,134768000
2018-04-25,38.41039276123047,38.825831574734394,38.11935387520056,38.16864110139597,113528400
2018-04-26,38.54417037963867,38.898582053680634,38.34466496108976,38.52069788990382,111852000
2018-04-27,38.09822082519531,38.56998777396035,37.70155939528785,38.49253285734537,142623200
2018-04-30,38.78828430175781,39.25770564498742,37.98557423460327,38.05364233495592,169709600
2018-05-01,39.68958282470703,39.71305174706211,38.79064036813864,39.05821043651503,214277600
2018-05-02,41.44285202026367,41.71980880691432,40.79270266081835,41.128337096986456,266157600
2018-05-03,41.51796340942383,41.66113703771084,40.94292307926782,41.28090696121748,136272800
2018-05-04,43.1468505859375,43.245428609444815,41.81838771321594,41.8371649912268,224805200
2018-05-07,43.459022521972656,44.04814493310454,43.36279030101084,43.46371415611706,169805600
2018-05-08,43.66791534423828,43.707815723321396,43.1093028742744,43.41912263854349,113611200
2018-05-09,43.97537612915039,43.98476297690126,43.473095611593955,43.7852611249509,92844800
2018-05-10,44.60440444946289,44.68185938348441,44.043446213428126,44.0645728909975,111957200
2018-05-11,44.43476486206055,44.7811202353957,44.16616310265883,44.64682115330001,104848800
2018-05-14,44.331085205078125,44.656235967916004,44.262758245240285,44.53371481746541,83115200
2018-05-15,43.928184509277344,44.0766235265029,43.61246038568903,44.00829297134428,94780800
2018-05-16,44.33815383911133,44.40412953249525,43.82451341829647,43.84100824044488,76732400
2018-05-17,44.057777404785156,44.510159080061804,43.90933837555642,44.29574794788918,69176000
2018-05-18,43.897552490234375,44.25097597581326,43.85514339766552,44.10489541890773,73190800
2018-05-21,44.208580017089844,44.594989665645436,44.038936405996104,44.29575668563138,73603200
2018-05-22,44.09783935546875,44.50309868458647,44.008304230716284,44.385290823685054,60962800
2018-05-23,44.38057327270508,44.41355932680517,43.76797101632021,43.90698701129441,80233600
2018-05-24,44.331085205078125,44.493660586497064,43.87399384244604,44.47716935972642,92936000
2018-05-25,44.43240737915039,44.6845142986647,44.21328291731223,44.34994044932966,69844000
2018-05-29,44.27218246459961,44.472457219965484,44.02949861480413,44.201500640550265,90056400
2018-05-30,44.17794418334961,44.295752034505206,44.00830059006872,44.229779925474894,74762000
2018-05-31,44.029502868652344,44.349940351070494,43.8575044214986,44.11196979829037,109931200
2018-06-01,44.82353210449219,44.828241829945235,44.23684771666393,44.293396778992886,93770000
2018-06-04,45.198158264160156,45.57278634857579,45.08506373956886,45.15339070780669,105064800
2018-06-05,45.54686737060547,45.69530640222667,45.32303318949462,45.49032190729074,86264000
2018-06-06,45.70472717285156,45.72829017819991,45.219359462438206,45.62226384455202,83734400
2018-06-07,45.58220672607422,45.75656001185925,45.318314744675604,45.742423647629074,85388800
2018-06-08,45.167518615722656,45.23820402855917,44.71278214467778,45.04264261096891,106627200
2018-06-11,45.056793212890625,45.23115014029129,44.816467766594464,45.0850695440865,73234000
2018-06-12,45.30418014526367,45.381933746768155,45.03793329119162,45.094482345524824,67644400
2018-06-13,44.931915283203125,45.44555940171566,44.870656492735385,45.337174592969205,86553600
2018-06-14,44.95547103881836,45.13689611332946,44.818813517322575,45.13218279322,86440400
2018-06-15,44.49365997314453,44.80467436726028,44.35700246014303,44.774043181267466,246876800
2018-06-18,44.47011184692383,44.583206384745495,44.10726162839729,44.267482185920976,73939600
2018-06-19,43.75147247314453,43.90226635171033,43.2236921005594,43.62188314112478,134314000
2018-06-20,43.94232177734375,44.10725202475832,43.76089670758285,43.90698086547268,82514800
2018-06-21,43.69729232788086,44.37822160419487,43.57477114874314,44.11904287817479,102847600
2018-06-22,43.57004165649414,43.85984787332757,43.51820593052924,43.85277969207865,108801600
2018-06-25,42.9221076965332,43.570050812040066,42.58282054445238,43.21191397426476,126652400
2018-06-26,43.45460891723633,43.94940340607255,43.00929531536807,43.11532527384073,98276800
2018-06-27,43.3909912109375,44.12611109590688,43.36036001732693,43.64309815806819,101141200
2018-06-28,43.70671463012695,43.874003367746724,43.306168638273,43.37685407100263,69460800
2018-06-29,43.61481857299805,44.10489961774891,43.09646479717635,43.89284334908779,90950800
2018-07-02,44.102535247802734,44.130811570292906,43.216621705982554,43.310870122267346,70925200
2018-07-03,43.33443069458008,44.28396149351073,43.24489559550557,44.24626212598361,55819200
2018-07-05,43.683143615722656,43.92111774246245,43.41925521678168,43.65015756585503,66416800
2018-07-06,44.28868865966797,44.39706988118077,43.63603208674531,43.687867834498626,69940800
2018-07-09,44.90364456176758,44.92720397675285,44.60205672635557,44.649179151536714,79026400
2018-07-10,44.84944534301758,45.06856619589097,44.80938751433222,44.934267130145,63756400
2018-07-11,44.26747512817383,44.715143482285086,44.203857887887295,44.41355569937035,75326000
2018-07-12,45.009674072265625,45.09920920303333,44.604414715921344,44.6562504658173,72164400
2018-07-13,45.080352783203125,45.200515497182295,44.979036161635726,45.021448857587984,50055600
2018-07-16,44.981388092041016,45.39135705389442,44.8659351203138,45.125113793493355,60172400
2018-07-17,45.10862350463867,45.20758166383214,44.5784881977529,44.708077547367004,62138000
2018-07-18,44.86123275756836,45.191096930839265,44.750493078817286,45.18638360966393,65573600
2018-07-19,45.20993423461914,45.36779629624371,44.693935361208126,44.693935361208126,81147200
2018-07-20,45.106266021728516,45.33952324227363,44.80703310367688,45.18637448948724,82704800
2018-07-23,45.146324157714844,45.22879109031837,44.66331125648758,44.92719968848247,63957600
2018-07-24,45.47381591796875,45.62932309432081,45.249981791818506,45.34422660434203,74791600
2018-07-25,45.90264892578125,45.90971710862951,45.33952399399678,45.487963024230176,66839600
2018-07-26,45.75893020629883,46.17125771308381,45.617559337316905,45.85317505547975,76304000
2018-07-27,44.99787902832031,45.98982256720947,44.790539686327264,45.942700152902404,96096000
2018-07-30,44.74577331542969,45.285331624624746,44.547857012990356,45.2146462036936,84118000
2018-07-31,44.83529281616211,45.271183132465225,44.611458705847895,44.83765127319428,157492000
2018-08-01,47.476566314697266,47.537825105988844,46.48933589897435,46.918158223646834,271742800
2018-08-02,48.864341735839844,49.097602581978514,47.20560872670718,47.25979933310733,249616000
2018-08-03,49.00571060180664,49.182422376318144,48.414312895506896,48.7795179485394,133789600
2018-08-06,49.26016616821289,49.30257525994022,48.78893486345839,49.00805569446865,101701600
2018-08-07,48.798370361328125,49.361491770413686,48.71590342386616,49.31908266786328,102349600
2018-08-08,48.83135223388672,48.96329644635382,48.1881224005045,48.548614122141466,90102000
2018-08-09,49.21541213989258,49.427464847205165,48.81957586564242,49.36856091792828,93970400
2018-08-10,49.06882095336914,49.44003672333354,48.86548063525924,49.02862623567317,98444800
2018-08-13,49.385650634765625,49.87745053972807,49.10901386469039,49.489685715714145,103563600
2018-08-14,49.59372329711914,49.785240793148894,49.241423320293556,49.690665409965185,82992000
2018-08-15,49.70956802368164,49.82778902521528,49.25796293194664,49.46839617036378,115230400
2018-08-16,50.437808990478516,50.553663261058226,50.00038984892316,50.06659332005974,114001600
2018-08-17,51.44504928588867,51.53253166882398,50.39997610944165,50.466179578876776,141708000
2018-08-20,50.94379425048828,51.82335515995268,50.86103810842803,51.568000978126,121150800
2018-08-21,50.84449005126953,51.3528425555406,50.60568491149106,51.26063031267377,104639200
2018-08-22,50.84686279296875,51.156601296459534,50.56076632942316,50.62224357048316,76072400
2018-08-23,50.950897216796875,51.31974622714638,50.74046394254264,50.75228315845391,75532800
2018-08-24,51.10930633544922,51.28427111585805,50.861041500529375,51.21334139829706,73905600
2018-08-27,51.530174255371094,51.71932859234506,51.14950246004533,51.34338303977495,82100400
2018-08-28,51.94630813598633,52.14491855568263,51.761883659437096,51.783162574157686,91107200
2018-08-29,52.72183609008789,52.84242381895519,51.877740027109745,52.052704797907644,109019200
2018-08-30,53.206539154052734,53.97024574907113,52.58469558416517,52.785672712873435,195175200
2018-08-31,53.821292877197266,54.11447864417697,53.43589126797498,53.556475387508385,173360400
2018-09-04,53.993900299072266,54.18778088108534,53.58485661111945,54.00572312173843,109560400
2018-09-05,53.6416015625,54.303639960299556,53.223101771937806,54.14286111353829,133332000
2018-09-06,52.75020980834961,53.75508827339755,52.32461350158914,53.49027078929188,137160000
2018-09-07,52.324607849121094,53.286924775627575,52.185107954919445,52.45465165211335,150479200
2018-09-10,51.622398376464844,52.45467548595915,51.18261597513305,52.2418754549678,158066000
2018-09-11,52.92754364013672,53.033941819572114,51.20387942357245,51.54671960522813,142996000
2018-09-12,52.27023696899414,53.19945233807959,51.97941069858313,53.18526639470711,197114800
2018-09-13,53.532833099365234,53.991531148163254,52.62489670197329,52.84951587627025,166825600
2018-09-14,52.925174713134766,53.63450069033738,52.61307315923123,53.37677978449687,127997200
2018-09-17,51.5159912109375,52.71475044000342,51.371761426756805,52.52559609238329,148780400
2018-09-18,51.60110855102539,52.45466440089387,51.33629103116489,51.49470675410538,126286800
2018-09-19,51.631839752197266,51.92739226002057,50.90596466904896,51.66257836751287,108495200
2018-09-20,52.02434158325195,52.55633617131596,51.816271434307,52.07399599891171,106435200
2018-09-21,51.463966369628906,52.3388010443892,51.376480376679865,52.20166425202721,384986800
2018-09-24,52.204036712646484,52.31516476068613,51.220440562753595,51.265365127852924,110773600
2018-09-25,52.53504943847656,52.68400905547717,51.946307549786276,51.958130371548314,98217600
2018-09-26,52.11654281616211,52.90389507297976,51.960490237444716,52.25367960280906,95938800
2018-09-27,53.187625885009766,53.53992575525717,52.8542418072406,52.92044888482368,120724800
2018-09-28,53.37441635131836,53.39805838572912,52.96773583814115,53.149793573596064,91717600
2018-10-01,53.73380661010742,54.24452218637405,53.51864713609809,53.89695216428858,94403200
2018-10-02,54.211421966552734,54.38166049673322,53.58485210395696,53.73144499079402,99152800
2018-10-03,54.871097564697266,55.20211492695663,54.3296433555075,54.39348370673561,114619200
2018-10-04,53.906410217285156,54.93729743069975,53.60849100299046,54.56608177727491,128168000
2018-10-05,53.03158187866211,54.00572550581806,52.15438395852076,53.899327312763546,134322000
2018-10-08,52.90863037109375,53.15216535637329,52.06453065114557,52.53978140728469,118655600
2018-10-09,53.6416015625,53.73618053808223,52.54924055121309,52.87789482474594,107564000
2018-10-10,51.15658950805664,53.5186463057796,51.08329306782395,53.30821307731672,167962400
2018-10-11,50.704994201660156,51.89902721215979,50.20137511528744,50.72154687603227,212497600
2018-10-12,52.51613998413086,52.69820135934952,51.27008946263702,52.116552371945346,161351600
2018-10-15,51.39303207397461,52.449928078120834,51.37175316034392,52.29151237472821,123164000
2018-10-16,52.52558898925781,52.72420301170054,51.251166750358514,51.76424545871344,116736000
2018-10-17,52.29860305786133,52.64144321335758,51.86118394400235,52.56105380461304,91541600
2018-10-18,51.07620620727539,51.95577081093266,50.36215029617322,51.51125865851134,130325200
2018-10-19,51.854087829589844,52.315148949225154,51.40957577177829,51.55853536728283,132314800
2018-10-22,52.17093276977539,52.81169226211933,51.766618916580256,51.967592478519066,115168400
2018-10-23,52.6627311706543,52.78568203373293,50.764102000238935,51.0312826427505,155071200
2018-10-24,50.856319427490234,53.01739960993079,50.72627557904296,52.63200152357531,163702000
2018-10-25,51.96996307373047,52.34354194395916,51.24881410296684,51.47580005736859,119423200
2018-10-26,51.14240646362305,52.06216571984942,50.28412082995475,51.04782749681985,189033600
2018-10-29,50.18246078491211,51.94395329351893,48.72834004766354,51.82573227135982,183742000
2018-10-30,50.43307876586914,50.87758726765469,49.48021780499368,49.924726306779235,146640000
2018-10-31,51.747703552246094,52.123645519315744,51.21807209884028,51.27954933650239,153435600
2018-11-01,52.54214859008789,52.575250330223895,51.262996332298286,51.792627782293415,233292800
2018-11-02,49.056983947753906,50.51583061906915,48.572277138067086,49.54642060751403,365314800
2018-11-05,47.66434860229492,48.32638701675462,46.85571728176754,48.305108099645274,264654800
2018-11-06,48.17979431152344,48.40441352241418,47.68799444752672,47.74237510519479,127531600
2018-11-07,49.6409912109375,49.666999972123655,48.26490081242731,48.69995317425184,133697600
2018-11-08,49.46780014038086,49.85454290419516,49.0549542402841,49.82132566766374,101450400
2018-11-09,48.51398468017578,48.87937427397922,47.987251640765706,48.77023347938126,137463200
2018-11-12,46.07013702392578,47.41781558554865,45.9799743974334,47.21613716957594,204542000
2018-11-13,45.60983657836914,46.78430756047721,45.42476859914762,45.467478543802656,187531600
2018-11-14,44.32148361206055,46.14369273389911,44.11505882624037,46.006077416821554,243204000
2018-11-15,45.41527557373047,45.54814450930108,44.34519912826086,44.69872824786671,185915200
2018-11-16,45.918277740478516,46.259942766410056,44.952603027303574,45.19935909025038,147713200
2018-11-19,44.09844207763672,45.24681341876194,43.892020958745455,45.080727252963975,167701200
2018-11-20,41.99151611328125,43.05684633458593,41.64273330485172,42.32131712569472,271300800
2018-11-21,41.944068908691406,42.7721322184991,41.889498500776384,42.64400598376729,124496800
2018-11-23,40.87872314453125,41.901346788253655,40.833645463053145,41.50748276383768,94496000
2018-11-26,41.43156814575195,41.50986670109431,40.39708373701015,41.34140913508516,179994000
2018-11-27,41.34141540527344,41.467166662208854,40.54419790862933,40.69367370021949,165549600
2018-11-28,42.93109130859375,43.014132585864616,41.505114329859374,41.932195651447095,184250000
2018-11-29,42.60129928588867,43.372417193579416,42.162353797963114,43.3391999516029,167080000
2018-11-30,42.37114715576172,42.78636446319983,42.00338253080645,42.776871754458696,158126000
2018-12-03,43.85170364379883,43.880174534985294,42.995169336658776,43.7662873498311,163210000
2018-12-04,41.92270278930664,43.27512383554187,41.82305109331107,42.93345880903892,165377200
2018-12-06,41.455299377441406,41.46953482121454,40.435050335608125,40.75298731456774,172393600
2018-12-07,39.97713088989258,41.40073334415855,39.93204956624217,41.16346626844756,169126400
2018-12-10,40.24048614501953,40.356744662283546,38.7528209859677,39.14905645625793,248104000
2018-12-11,40.010337829589844,40.76009884419869,39.62359143727057,40.729256594178395,189126800
2018-12-12,40.121864318847656,40.79095559587656,40.1028825181677,40.43030862377407,142510800
2018-12-13,40.56079864501953,40.94517370109351,40.22862624634583,40.451657837058576,127594400
2018-12-14,39.262943267822266,40.11710594038405,39.215490590548214,40.09812414539299,162814800
2018-12-17,38.89755630493164,39.943904744588174,38.61046161430654,39.25582820608512,177151600
2018-12-18,39.402931213378906,39.74933899527448,39.00432078305257,39.23921640915953,135366000
2018-12-19,38.173892974853516,39.7303641394197,37.74681158935484,39.38632766402629,196189200
2018-12-20,37.2105712890625,38.46334032999408,36.84755319313379,38.05761230609419,259092000
2018-12-21,35.76325988769531,37.5261558756445,35.502268316215726,37.21770799988889,382978400
2018-12-24,34.83791732788086,35.95781796306272,34.780971939167266,35.151107914787005,148676800
2018-12-26,37.291259765625,37.30549520857778,34.811819953403344,35.186702306259825,234330000
2018-12-27,37.04924392700195,37.196351942081705,35.60666362348881,36.97569172966579,212468400
2018-12-28,37.0682258605957,37.611569368803295,36.66961900113825,37.369555992471305,169165600
2018-12-31,37.42650604248047,37.81087750774478,37.12754724024566,37.613945420363905,140014000
2019-01-02,37.469200134277344,37.68986030291286,36.593684420142715,36.750281492025124,148158800
2019-01-03,33.73699951171875,34.57455183641599,33.69191819683805,34.16170590164323,365248800
2019-01-04,35.17721176147461,35.24602123385648,34.11900273892931,34.29220667285654,234428400
2019-01-07,35.09890365600586,35.31244611659193,34.617251961933846,35.281600249745665,219111200
2019-01-08,35.768001556396484,36.021878993464554,35.238897140785376,35.48565323681881,164101200
2019-01-09,36.375389099121094,36.66485501661625,35.50224861516604,35.89610893107745,180396400
2019-01-10,36.491668701171875,36.532003660455786,35.794103077351124,36.18322084854541,143122800
2019-01-11,36.133384704589844,36.46793199596804,35.94831676050969,36.27337496621485,108092800
2019-01-14,35.590065002441406,35.891395233176496,35.4049969540614,35.791743485618696,129756800
2019-01-15,36.318458557128906,36.3943821085161,35.601911260051914,35.65411028555859,114843600
2019-01-16,36.762149810791016,36.98518137158213,36.30185124837653,36.32083304295525,122278800
2019-01-17,36.98042678833008,37.40750802029229,36.363531273228396,36.58656278438679,119284800
2019-01-18,37.20821762084961,37.459720094996186,37.008910562862575,37.36955746448795,135004000
2019-01-22,36.37303161621094,37.186855683764556,36.21168817452131,37.11093212681015,121576000
2019-01-23,36.5201301574707,36.80959613916495,35.99339721507011,36.57470054471934,92522400
2019-01-24,36.23066329956055,36.6529981897714,36.002889050218684,36.565210574963224,101766000
2019-01-25,37.43124771118164,37.51903897969798,36.61505211762605,36.89027913828178,134142000
2019-01-28,37.08482360839844,37.091941326997095,36.45843902887305,36.96381515140883,104768400
2019-01-29,36.7004508972168,37.519024789086224,36.565210615346906,37.07296175472334,166348800
2019-01-30,39.208370208740234,39.421909052183295,38.017288901847,38.73383622739391,244439200
2019-01-31,39.490726470947266,40.09812951029959,39.04466327999454,39.412427913785926,162958400
2019-02-01,39.509708404541016,40.09338329388807,39.36971809982081,39.61410648111566,130672400
2019-02-04,40.631980895996094,40.729261252002615,39.69003045070155,39.72087632465673,125982000
2019-02-05,41.32716751098633,41.54070999970741,40.89297205344229,41.01397692943241,144406400
2019-02-06,41.34141540527344,41.65698104148758,41.01161432418482,41.43869215205174,112958400
2019-02-07,40.55842208862305,41.27022309791329,40.41606043860214,40.904829885716296,126966800
2019-02-08,40.6060791015625,40.665650250891964,40.131891443963546,40.26771540968325,95280000
2019-02-11,40.372554779052734,40.796704677929405,40.329665299757814,40.75857827237781,83973600
2019-02-12,40.72045135498047,40.74666280397595,40.43689212564779,40.53220813832866,89134000
2019-02-13,40.551265716552734,41.099320945808756,40.48931303829851,40.8395916413653,89960800
2019-02-14,40.699005126953125,40.808613992609324,40.3606414751641,40.43927581927432,87342800
2019-02-15,40.608463287353516,40.91346730094003,40.44881303304922,40.80623995233979,98507200
2019-02-19,40.72998046875,40.851507928428646,40.38685373654159,40.4392766336708,75891200
2019-02-20,40.99209976196289,41.29948893444707,40.74428537587072,40.791941569049854,104457600
2019-02-21,40.76096725463867,41.0731195307499,40.57987224909108,40.93729918557291,68998800
2019-02-22,41.21609115600586,41.223239403756004,40.83721948150898,40.884875678488214,75652800
2019-02-25,41.51632308959961,41.90710967168657,41.44960369528727,41.499645058988676,87493600
2019-02-26,41.5401611328125,41.7712975211783,41.26375008174526,41.39242582162674,68280800
2019-02-27,41.6688232421875,41.69980140101289,41.158894387635335,41.273273603636405,111341600
2019-02-28,41.25897216796875,41.67835534148874,41.20416773449612,41.53776831669921,112861600
2019-03-01,41.692665100097656,41.73555459143596,41.19703259655572,41.52824811143048,103544800
2019-03-04,41.902347564697266,42.35508684168328,41.45437136174755,41.86422115680062,109744800
2019-03-05,41.82609558105469,41.938089634020294,41.59019251792692,41.9237931397582,78949600
2019-03-06,41.58543014526367,41.81656650222476,41.44722463850816,41.621171381521776,83241600
2019-03-07,41.104095458984375,41.566368186765395,40.989719863594985,41.43054421304361,99185600
2019-03-08,41.201778411865234,41.23990480878672,40.38922730265103,40.58462235992365,95997600
2019-03-11,42.62910842895508,42.681531325611424,41.78320110804429,41.816560802649775,128044000
2019-03-12,43.108062744140625,43.52744228144765,42.74110246755472,42.891222911242956,129870400
2019-03-13,43.29869842529297,43.67757008556457,43.110451545781046,43.42737051589921,124130000
2019-03-14,43.780029296875,43.86819707283481,43.50123674636694,43.82053724326323,94318000
2019-03-15,44.34953308105469,44.63785907607292,43.78241814804206,44.04691422627257,156171600
2019-03-18,44.80226135253906,44.89042547105156,44.27088419713954,44.273269369596825,104879200
2019-03-19,44.447235107421875,45.03341694140378,44.30188132668204,44.88091491209766,126585600
2019-03-20,44.83562469482422,45.152543603093804,44.01830674487972,44.37573359295211,124140800
2019-03-21,46.486942291259766,46.782416507691266,45.22879987925223,45.27884124565531,204136800
2019-03-22,45.52426528930664,47.10647460051664,45.459927440929704,46.546504437841726,169630800
2019-03-25,44.97383117675781,45.7458708587234,44.4639023409663,45.633876819634864,175381200
2019-03-26,44.50918960571289,45.96034593421269,43.98258254839372,45.66963836098474,199202000
2019-03-27,44.909507751464844,45.216893346560575,44.45200166512448,44.9762271618102,119393600
2019-03-28,44.96906280517578,45.16922096451442,44.68550359481245,45.0238672363422,83121600
2019-03-29,45.26215362548828,45.2931317832796,44.92617150707696,45.233560640409536,94256000
2019-04-01,45.56955337524414,45.67439555693616,44.88805919660428,45.66486577166774,111448000
2019-04-02,46.23197937011719,46.33682517645646,45.52427381326158,45.533803597504026,91062800
2019-04-03,46.54889678955078,46.822922617672326,46.024667775160154,46.048497688881305,93087200
2019-04-04,46.629920959472656,46.79195276656098,46.02229441102144,46.41546260570076,76457200
2019-04-05,46.94206237792969,46.965892290363215,46.68709613144077,46.811005131413616,74106400
2019-04-08,47.68075180053711,47.71172632732698,46.78479934209682,46.80386254716306,103526800
2019-04-09,47.53777313232422,48.33602791999754,47.47343527844449,47.73316823079818,143072800
2019-04-10,47.804656982421875,47.833253607870596,47.22324195607037,47.342384260292086,86781200
2019-04-11,47.40672302246094,47.89520720622881,47.285199178784595,47.85946596865772,83603200
2019-04-12,47.38765335083008,47.69027578606465,46.75381913013985,47.46628769869107,111042800
2019-04-15,47.47343063354492,47.62116952932975,47.18272318704627,47.318547127954844,70146400
2019-04-16,47.47821044921875,47.98337267920693,47.31379347996625,47.528251819139626,102785600
2019-04-17,48.402740478515625,48.46231161438307,47.3256933239708,47.54729620414958,115627200
2019-04-18,48.57670974731445,48.64581069721619,48.25740918333284,48.40037779428186,96783200
2019-04-22,48.73634338378906,48.834040931260986,48.214499587608906,48.33126033721687,77758000
2019-04-23,49.43928146362305,49.503619315451935,48.58622226846949,48.71251279943443,93292000
2019-04-24,49.363033294677734,49.67756704213216,49.33682184606203,49.410689482360645,70162400
2019-04-25,48.91505813598633,49.5060028744457,48.87693173068337,49.28439996099873,74172800
2019-04-26,48.68153381347656,48.84833226964961,48.16207160889918,48.82450236051047,74596400
2019-04-29,48.75542068481445,49.07948794297143,48.57670720353527,48.705379310244844,88818800
2019-04-30,47.81656265258789,48.467078489226644,47.44483931736575,48.386062610715946,186139600
2019-05-01,50.163673400878906,51.30505499845377,49.85628424061624,50.01117140720834,259309200
2019-05-02,49.837223052978516,50.671219159962654,49.59417537681596,50.00164001010491,127985200
2019-05-03,50.45676040649414,50.478205146321336,50.094566822586664,50.25183551985448,83569600
2019-05-06,49.67756652832031,49.76334911963592,48.490910378399384,48.6791535903768,129772400
2019-05-07,48.33840560913086,49.42498261248666,47.85468824698724,49.05802599276639,155054800
2019-05-08,48.34794616699219,48.92936120017659,48.073920318435675,48.109661555748396,105358000
2019-05-09,47.8284797668457,48.057230920723306,46.8610449825507,47.75222695826382,139634400
2019-05-10,47.16588592529297,47.565356793291954,46.111007044630455,47.223295764690995,164834800
2019-05-13,44.42463684082031,45.32403587911326,43.73812763352999,44.90065057528068,229722400
2019-05-14,45.12790298461914,45.376671749647436,44.35049557524216,44.58969785505046,146118800
2019-05-15,45.66848373413086,45.86702199876712,44.49639441030362,44.55619496049758,106178800
2019-05-16,45.467552185058594,46.039245266520595,45.17094015892705,45.42688825122322,132125600
2019-05-17,45.20922088623047,45.66370365738736,44.673406583972145,44.7140705245547,131516400
2019-05-20,43.7955322265625,44.09692935038118,43.12337459318291,43.89839107594167,154449200
2019-05-21,44.635135650634766,44.97001729820006,44.18064924329761,44.30503541950881,113459200
2019-05-22,43.72138214111328,44.42224655428425,43.66636665166303,44.17108348949689,118994400
2019-05-23,42.97506332397461,43.185558754487744,42.53253784346839,43.00855148223366,146118800
2019-05-24,42.810020446777344,43.56829102566304,42.72629821206873,43.10423814743245,94858800
2019-05-28,42.633018493652344,43.19753598272842,42.55647566713429,42.79806863981353,111792800
2019-05-29,42.4296875,42.900916127061286,42.09958729527348,42.20005178150852,113924800
2019-05-30,42.64975357055664,42.87220986761559,42.25985281126963,42.56603133944261,84873600
2019-05-31,41.87713623046875,42.575606305283934,41.8579996140433,42.15460804379681,108174400
2019-06-03,41.4537467956543,42.558859919788816,40.72896433762629,42.00391264942133,161584400
2019-06-04,42.97029113769531,43.01574014822659,41.74557681150609,41.96564243887218,123872000
2019-06-05,43.66396713256836,44.25001543111583,43.32908551905767,44.080180266448075,119093600
2019-06-06,44.30504608154297,44.364846650851824,43.570693338460366,43.79315335425661,90105200
2019-06-07,45.48429489135742,45.90768378892111,44.43659178289126,44.613599067232066,122737600
2019-06-10,46.06556701660156,46.732939648630975,45.83593126422042,45.88138027302039,104883600
2019-06-11,46.59897232055664,46.88362347564844,46.30953975020646,46.610933158573204,107731600
2019-06-12,46.45067596435547,46.87645558984888,46.259313473699386,46.39326612217786,73012800
2019-06-13,46.44110870361328,47.072602406865755,46.30955040496847,46.57267065219424,86698400
2019-06-14,46.10383224487305,46.30715192007323,45.520178306772145,45.81918104965697,75046000
2019-06-17,46.37892150878906,46.63486965392285,45.967493369838486,46.142109980575825,58676400
2019-06-18,47.46969223022461,47.909823554021955,46.694679170915634,46.89560821222261,106204000
2019-06-19,47.33095169067383,47.81175058622258,47.196999004330465,47.76390721258255,84496800
2019-06-20,47.711280822753906,47.98636194123762,47.36921971853001,47.928952089147415,86056000
2019-06-21,47.548622131347656,48.04377253215675,47.39792354850374,47.553407198246234,191202400
2019-06-24,47.50077819824219,47.87871815109603,47.40270441017317,47.49120806529403,72881600
2019-06-25,46.78077697753906,47.66343004792434,46.713797002206945,47.464891779808674,84281200
2019-06-26,47.7926025390625,48.07725375444767,47.20655785147097,47.30702234220642,104270000
2019-06-27,47.77825164794922,48.21599213856582,47.737587709468265,47.90980994600214,83598800
2019-06-28,47.34290313720703,47.720843084338505,47.13479837293914,47.52469551117032,124442400
2019-07-01,48.211212158203125,48.91446732715429,47.99592795243673,48.59871861867151,109012000
2019-07-02,48.49346160888672,48.589144680081205,48.16575575864351,48.17771659878482,67740800
2019-07-03,48.89533615112305,48.90251192712014,48.48390796091745,48.62503642210949,45448000
2019-07-05,48.85226821899414,49.05559156534589,48.534128829376186,48.641772747995475,69062000
2019-07-08,47.84522247314453,48.17531900929946,47.46010680601736,48.034190594932134,101354400
2019-07-09,48.137062072753906,48.201644052257606,47.55579870766386,47.649087439105884,82312000
2019-07-10,48.613067626953125,48.73266874059022,48.21360034539757,48.28297103527144,71588400
2019-07-11,48.25905227661133,48.8905460488803,48.24948579291271,48.63220718977892,80767200
2019-07-12,48.629817962646484,48.79725880699689,48.36669402871252,48.426494590976,70380800
2019-07-15,49.0866813659668,49.24455203210926,48.797245119823614,48.818772440215454,67789600
2019-07-16,48.91685104370117,49.30196674070282,48.6776488381085,48.93837836621987,67467200
2019-07-17,48.641788482666016,49.05799814286779,48.62265186094196,48.809229360329795,56430000
2019-07-18,49.1943244934082,49.246949268510306,48.725486583390186,48.797247972159944,74162400
2019-07-19,48.45997619628906,49.39525773939744,48.40496070844038,49.2254225596,83717200
2019-07-22,49.56748580932617,49.56987651762095,48.7039656231899,48.71353210630533,89111600
2019-07-23,49.954994201660156,49.971740110187,49.58423000504602,49.864099833734244,73420800
2019-07-24,49.914329528808594,50.029145578681785,49.5555261792605,49.67512729577653,59966400
2019-07-25,49.51964569091797,50.050674922943,49.450275001634395,49.9669526841349,55638400
2019-07-26,49.69186782836914,50.16787788464866,49.548345044101694,49.62967291854977,70475600
2019-07-29,50.15591049194336,50.385546186784495,49.85930212977901,49.864087195279076,86693600
2019-07-30,49.940635681152344,50.27073588947548,49.58900815053056,49.93585061510733,135742800
2019-07-31,50.95963668823242,52.95219151502836,50.54342718307284,51.76814131769529,277125600
2019-08-01,49.856903076171875,52.15324520855469,49.452654502912154,51.16533914713291,216071600
2019-08-02,48.80205154418945,49.378526281062165,48.23035822509492,49.163245683052615,163448400
2019-08-05,46.24735641479492,47.51751962109188,46.0655640412733,47.35964892958403,209572000
2019-08-06,47.122833251953125,47.37878135711824,46.41479313620579,46.957783150481916,143299200
2019-08-07,47.610809326171875,47.735195505332065,46.36217706782614,46.742507730135785,133457600
2019-08-08,48.66090393066406,48.684825611688794,47.694528606203654,47.888281812721345,108038000
2019-08-09,48.25992202758789,48.68491595492223,47.851730305039446,48.33435586806552,98478800
2019-08-12,48.1374626159668,48.514438725738295,47.818114477569125,47.93096696496544,89927600
2019-08-13,50.17600631713867,50.9371579045492,48.13746218750722,48.26712420599327,188874000
2019-08-14,48.68251419067383,49.56852452960049,48.644095544305394,48.780960598066514,146189600
2019-08-15,48.439998626708984,49.2563746314281,47.942967055319286,48.85298987534668,108909600
2019-08-16,49.58292007446289,49.74139420921941,48.94422395351302,49.04987337668403,110481600
2019-08-19,50.507362365722656,51.078824190677665,50.43052506876509,50.57218971325113,97654400
2019-08-20,50.509761810302734,51.2276951856261,50.50015898015101,50.634620585098965,107537200
2019-08-21,51.05722427368164,51.29973516626406,50.80751034118719,51.14126462439481,86141600
2019-08-22,51.01400375366211,51.48942268562583,50.60341217800857,51.189283823360064,89014800
2019-08-23,48.65610122680664,50.91554700309597,48.2623192659155,50.28645358396467,187272000
2019-08-26,49.580528259277344,49.748605248722136,49.237167578736795,49.429257136875236,104174400
2019-08-27,49.02107238769531,50.07515974076012,48.86980125519638,49.90948253160488,103493200
2019-08-28,49.35002136230469,49.39564304574739,48.819378019890564,49.00666433648422,63755200
2019-08-29,50.18560028076172,50.26003777056596,49.62134161229388,50.06314498609582,83962000
2019-08-30,50.12079620361328,50.531384164590875,49.751023029326475,50.4617535522876,84573600
2019-09-03,49.390838623046875,49.69818045135938,49.03547532102372,49.56611865080238,80092000
2019-09-04,50.22883224487305,50.29846283883695,49.77982574387522,50.036742667870506,76752400
2019-09-05,51.21088409423828,51.376561303793046,50.78588651283309,50.90354224548307,95654800
2019-09-06,51.206085205078125,51.4846149241543,51.02600190350711,51.39577500112992,77449200
2019-09-09,51.424591064453125,51.96964425782235,50.680248893016675,51.58546505309072,109237600
2019-09-10,52.03205871582031,52.05126803759896,50.83390703828068,51.350144279794115,127111600
2019-09-11,53.68643569946289,53.71525152055803,52.27938461882768,52.3610251708255,177158400
2019-09-12,53.566368103027344,54.365938262129696,53.511143592714376,53.97695957103258,128906800
2019-09-13,52.5242919921875,53.01411692029238,52.10890090309722,52.82443080357143,159053200
2019-09-16,52.8004150390625,52.85564321495497,52.23855609745347,52.27937453367597,84632400
2019-09-17,52.99250793457031,53.02132375192014,52.61313203639829,52.81482810263167,73274800
2019-09-18,53.48953628540039,53.508745607854166,52.68996609930479,53.07894480353371,101360000
2019-09-19,53.054935455322266,53.72724341657254,52.91326716138404,53.307049108889316,88242400
2019-09-20,52.27937698364258,53.43911377467882,52.216949430695024,53.15578449922015,221652400
2019-09-23,52.51708984375,52.78601305088982,52.26016925822585,52.57231436011538,76662000
2019-09-24,52.267364501953125,53.4223015730861,52.14971244827716,53.07173787565593,124763200
2019-09-25,53.071746826171875,53.18459931647141,52.13771495764018,52.4762724285388,87613600
2019-09-26,52.79801559448242,53.050132915210256,52.54349848236231,52.82442795501207,75334000
2019-09-27,52.54109573364258,53.05493317554915,52.17132270704049,52.95408332189153,101408000
2019-09-30,53.777671813964844,53.92413970007018,53.01411677472275,53.040529136604164,103909600
2019-10-01,53.92654037475586,54.798144667313224,53.832897210879736,54.04179631783716,139223200
2019-10-02,52.574710845947266,53.684022592147706,52.32739312326195,53.559163835182936,138449200
2019-10-03,53.02132034301758,53.05493574126126,51.655087971892826,52.44745145389446,114426000
2019-10-04,54.50761795043945,54.6228739131191,53.75847251204435,54.178666925160364,138478800
2019-10-07,54.51961898803711,55.20873658677315,54.22668318942507,54.3299328547412,122306000
2019-10-08,53.880916595458984,54.75972389234403,53.86411072762326,54.22187750074084,111820000
2019-10-09,54.512413024902344,54.694896109411246,54.17865880193493,54.512413024902344,74770400
2019-10-10,55.24715805053711,55.33119839486909,54.577249742952276,54.728517233423744,113013600
2019-10-11,56.716636657714844,57.059993724351415,55.78020129962542,55.93387223570824,166795600
2019-10-14,56.63499069213867,57.17764399561088,56.34685817252537,56.402082686698684,96427600
2019-10-15,56.50293731689453,57.06239287164702,56.39728786256741,56.759854250095415,87360000
2019-10-16,56.27483367919922,56.48373281401713,55.99390415010381,56.03472259479586,73903200
2019-10-17,56.49333572387695,56.702231195180964,56.07074153370897,56.447714031568175,67585200
2019-10-18,56.7646598815918,57.045589398505086,56.255621913343404,56.327655968301634,97433600
2019-10-21,57.74910354614258,57.8643594805564,56.98315242424609,57.03117389835004,87247200
2019-10-22,57.617042541503906,58.15488888679274,57.53540200940533,57.90517503559485,82293600
2019-10-23,58.39020538330078,58.40461512439032,57.91958976088768,58.130888664552984,75828800
2019-10-24,58.48624801635742,58.77918378053314,58.06125044639696,58.70954952666312,69275200
2019-10-25,59.20658493041992,59.24260012348222,58.31817475144487,58.38540555436381,73477200
2019-10-28,59.799659729003906,59.84768120784419,59.24020052419486,59.408277532037836,96572800
2019-10-29,58.41661071777344,59.967729579429026,58.24373414734281,59.780443269642596,142839600
2019-10-30,58.4094123840332,58.89924097507983,57.917187665272955,58.76957895706002,124522000
2019-10-31,59.73002243041992,59.828468838504534,56.968745403896456,59.36505627876599,139162000
2019-11-01,61.42522048950195,61.451629192015126,59.826079758935535,59.91731948128368,151125200
2019-11-04,61.828582763671875,61.912623079551516,61.31954861391806,61.78776066935106,103272000
2019-11-05,61.73976135253906,61.99427850362642,61.5452719696819,61.72054836324468,79897600
2019-11-06,61.76615905761719,61.82618681516117,61.31715260360538,61.65330658033023,75864400
2019-11-07,62.47902297973633,62.7005915790344,62.16112308276353,62.3128483676645,94940400
2019-11-08,62.65003967285156,62.72228633262154,61.857700339197216,62.300830334874874,69986400
2019-11-11,63.14612579345703,63.21114775923297,62.20206153146034,62.20687552350094,81821200
2019-11-12,63.08833694458008,63.28823158323448,62.83787700281728,62.989594960966514,87388800
2019-11-13,63.69281005859375,63.76746735630996,62.87398310487646,62.888432430266306,102734400
2019-11-14,63.25211715698242,63.79157846079341,63.122065824953324,63.51943713712157,89182800
2019-11-15,64.00350189208984,64.00831588526924,63.341214024330995,63.50256731633181,100206400
2019-11-18,64.32621765136719,64.40568896392628,63.635031105699284,64.01313169523063,86703200
2019-11-19,64.13116455078125,64.54298527205155,63.914417189565846,64.51890059866975,76167200
2019-11-20,63.384552001953125,64.0805524112698,62.71262890433902,63.95050846949165,106234400
2019-11-21,63.10036849975586,63.582032299976326,62.90047390688483,63.504964328035534,121395200
2019-11-22,63.044979095458984,63.38214231017823,62.81859650494602,63.240052360746795,65325200
2019-11-25,64.150390625,64.16725062153702,63.2231863603436,63.26894500831201,84020400
2019-11-26,63.64946746826172,64.3406538731176,63.21837629203759,64.28767055900286,105207600
2019-11-27,64.50442504882812,64.53814504778033,63.89512054291369,63.960142519969104,65235600
2019-11-29,64.36233520507812,64.54295915794552,64.03721061999535,64.20579591584789,46617600
2019-12-02,63.6181755065918,64.60317740407082,63.44718686194022,64.36715942230869,94487200
2019-12-03,62.48385238647461,62.503115708653056,61.722822542288654,62.20930043557878,114430400
2019-12-04,63.03535461425781,63.41346255389857,62.7800733256157,62.87400131746364,67181600
2019-12-05,63.96015548706055,64.03482016421954,63.273790207946085,63.52907152465446,74424400
2019-12-06,65.19561004638672,65.26545336433453,64.3743722789269,64.4177276122505,106075600
2019-12-09,64.28289031982422,65.21731244636744,63.79881557531118,65.02464975730112,128042400
2019-12-10,64.65858459472656,65.04150663179412,64.02759851675567,64.6874832617339,90420400
2019-12-11,65.21005249023438,65.28953113493121,64.6633667099047,64.73802401273718,78756800
2019-12-12,65.37623596191406,65.64115256416365,64.3791955584024,64.48997619221315,137310400
2019-12-13,66.26490020751953,66.30102352499274,65.248589228168,65.37622984964455,133587600
2019-12-16,67.39922332763672,67.62320261796066,66.70563351279964,66.71044750574998,128186000
2019-12-17,67.5317153930664,67.85924345020065,67.14397197438245,67.3294173549051,114158400
2019-12-18,67.37032318115234,67.89052104298418,67.22100855730946,67.38477250929151,116028400
2019-12-19,67.43775939941406,67.71712534090744,67.1800748008847,67.31252943237541,98369200
2019-12-20,67.29806518554688,68.0711335089849,67.08613194245461,67.9699882290766,275978000
2019-12-23,68.39627838134766,68.45648637288053,67.52205716835296,67.560591164887,98572000
2019-12-24,68.46127319335938,68.6105951267645,68.13615604781086,68.56242581281376,48478800
2019-12-26,69.81959533691406,69.83645533824492,68.5648628664668,68.59376152611499,93121200
2019-12-27,69.79309844970703,70.79737094783557,69.38850252439819,70.11099839799601,146266000
2019-12-30,70.20731353759766,70.48909009721564,68.69007549241081,69.71120040665178,144114400
2019-12-31,70.72030639648438,70.72753106158736,69.72566918619233,69.82441117567208,100805600
2020-01-02,72.33385467529297,72.39406264366768,71.09116132608638,71.34403185341793,135480400
2020-01-03,71.63062286376953,72.38924180059009,71.40665098377971,71.56319023271006,146322800
2020-01-06,72.20142364501953,72.23995764322866,70.5035611498287,70.75402846338375,118387200
2020-01-07,71.86186981201172,72.46635318310075,71.64271179235746,72.21107183045073,108872000
2020-01-08,73.01782989501953,73.31886979288494,71.56561372170107,71.56561372170107,132079200
2020-01-09,74.56879425048828,74.76145686133366,73.74274246581768,73.99320238999518,170108400
2020-01-10,74.73735809326172,75.30091119032697,74.23643098983341,74.80238740809561,140644800
2020-01-13,76.33407592773438,76.36057125816924,74.9348431957367,75.05285582286368,121532000
2020-01-14,75.30332946777344,76.48100118582082,75.18051017572739,76.27147857331117,161954400
2020-01-15,74.9806137084961,75.98247543934815,74.54952248725758,75.10344034713454,121923600
2020-01-16,75.91986083984375,76.03064882750155,75.1612416745226,75.52248959606675,108829200
2020-01-17,76.76036071777344,76.7627640392473,75.86205500785368,76.16790890123319,137816400
2020-01-21,76.24016571044922,76.83019952815127,76.10288974668396,76.3894803308505,110843200
2020-01-22,76.51231384277344,77.06381371935198,76.41838585398544,76.72423978617735,101832400
2020-01-23,76.8807601928711,76.96023147582108,76.0185779860032,76.5652710324243,104472000
2020-01-24,76.65921020507812,77.86818383448923,76.46895092458591,77.12642473209515,146537600
2020-01-27,74.40504455566406,75.08418516629278,73.42485661478304,74.67236453066312,161940000
2020-01-28,76.50990295410156,76.68089158109271,75.18532722614749,75.28406920782065,162234000
2020-01-29,78.1114501953125,78.95677286932231,77.39858953140283,78.13794553717628,216229200
2020-01-30,77.99821472167969,78.0511980258145,76.76515675229342,77.19624784731732,126743200
2020-01-31,74.53990936279297,77.71166246110458,74.24609404973549,77.29020649112265,199588400
2020-02-03,74.33519744873047,75.49841264105945,72.7842389592195,73.28516622775322,173788400
2020-02-04,76.78925323486328,76.97951249486786,75.53211041551288,75.93670624597806,136616400
2020-02-05,77.41544342041016,78.21259669148851,76.81336346644713,77.91396003658885,118826800
2020-02-06,78.32095336914062,78.3233640404218,77.12883967256218,77.68516086755363,105425600
2020-02-07,77.2563705444336,78.06989925267796,76.76632167871378,77.82125391424971,117684000
2020-02-10,77.623291015625,77.623291015625,75.7644885208781,75.8441484328751,109348800
2020-02-11,77.15496826171875,78.19059132825674,76.93770658748598,78.11817322586252,94323200
2020-02-12,78.98724365234375,78.99206907115294,77.60399867366895,77.60399867366895,113730400
2020-02-13,78.42476654052734,78.75066279160559,78.0578358133656,78.26061390209061,94747600
2020-02-14,78.44406127929688,78.69270656111114,77.93711251400148,78.3933612458328,80113600
2020-02-18,77.00772094726562,77.18877358272158,75.94795598487916,76.12900862033511,152531200
2020-02-19,78.12300109863281,78.35233737517142,77.24912158938099,77.24912158938099,93984000
2020-02-20,77.32154846191406,78.37165530100644,76.81701596336808,77.8840228178166,100566000
2020-02-21,75.57136535644531,77.35775721221363,74.95578935685651,76.91598466630131,129554000
2020-02-24,71.98170471191406,73.43012593023869,69.82114748147725,71.75961758398634,222195200
2020-02-25,69.54352569580078,73.03180965186876,69.07279323243056,72.6503953158895,230673600
2020-02-26,70.64673614501953,71.90927916190874,69.16210602316792,69.16934783382864,198054800
2020-02-27,66.02870178222656,69.04142098650374,65.89351637245633,67.85854496748809,320605600
2020-02-28,65.99003601074219,67.20912771408462,61.88859422164255,62.10344680376039,426510000
2020-03-02,72.13378143310547,72.76867383608672,67.04258234775999,68.14338175177791,341397200
2020-03-03,69.84285736083984,73.38665871766685,68.99311238709194,73.3069988099028,319475600
2020-03-04,73.08248138427734,73.24180855249296,70.76259766156525,71.5616425276586,219178400
2020-03-05,70.71192932128906,72.31242862903635,70.3474076125405,71.33957264179317,187572800
2020-03-06,69.7728500366211,70.20496434412061,67.88990577178768,68.07578380592835,226176800
2020-03-09,64.25438690185547,67.13191312620091,63.48913439783881,63.67018706247143,286744800
2020-03-10,68.882080078125,69.14762542571471,65.0268655374001,66.90257561810807,285290000
2020-03-11,66.48976135253906,67.88748961967876,65.627949126833,66.96291749628936,255598800
2020-03-12,59.9235954284668,65.17895115078981,59.86807364961435,61.78481820985721,418474000
2020-03-13,67.10292053222656,67.57366022928257,61.06300489011421,63.94536649521935,370732000
2020-03-16,58.4703483581543,62.542820889319664,57.93684495675963,58.40758108532822,322423600
2020-03-17,61.041290283203125,62.1879532458274,57.55059398806874,59.74978006097213,324056000
2020-03-18,59.547000885009766,60.35087498179023,57.24159672400037,57.881318208922394,300233600
2020-03-19,59.090755462646484,61.03646731467495,58.56691024737155,59.72081881991735,271857200
2020-03-20,55.339332580566406,60.79263606329375,55.03999095282429,59.67010772190427,401693200
2020-03-23,54.1637077331543,55.16070547027294,51.32480360482342,55.05931643178171,336752800
2020-03-24,59.59769821166992,59.79323446043245,56.56084169108887,57.05813231967632,287531200
2020-03-25,59.2693977355957,62.342463745771624,58.9748851242831,60.531937209108364,303602000
2020-03-26,62.38832092285156,62.446255405203736,59.472166210481355,59.51079165439952,252087200
2020-03-27,59.805301666259766,61.767909526223264,59.638732669554486,61.01473181958192,204216800
2020-03-30,61.512020111083984,61.683418202528024,60.206026401052306,60.529509863529455,167976400
2020-03-31,61.38649368286133,63.366001623216455,60.83368129501873,61.702735358357586,197002000
2020-04-01,58.15652084350586,60.04188167908633,57.726822887688364,59.50596558883749,176218400
2020-04-02,59.126953125,59.18006218576405,57.1884834576866,58.01891202578832,165934000
2020-04-03,58.277217864990234,59.31283722451452,57.68819275537644,58.6127685713981,129880000
2020-04-06,63.36119842529297,63.515692886815536,60.201226422801035,60.56815721508821,201820400
2020-04-07,62.6273078918457,65.58933353543772,62.52350615550967,65.3720644929947,202887200
2020-04-08,64.23023986816406,64.54406151460887,63.061847651130236,63.42636197678972,168895200
2020-04-09,64.69371795654297,65.19584133375365,63.899505790640596,64.86511973614601,161834800
2020-04-13,65.9635238647461,66.07215841536981,64.17230617831575,64.77098966919036,131022800
2020-04-14,69.29486846923828,69.58455560243435,67.12223707141726,67.59297682109842,194994800
2020-04-15,68.66242218017578,69.12108753340692,67.74509147371352,68.17237318113015,131154400
2020-04-16,69.20796966552734,69.57249130619873,68.16027936470277,69.37453866907585,157125200
2020-04-17,68.2689208984375,69.27075152318855,66.83498322406335,68.72517714348913,215250000
2020-04-20,66.85187530517578,67.99854202997274,66.83256626499734,67.09811161151838,130015200
2020-04-21,64.78545379638672,66.92911797835283,64.07572694243713,66.69495629705587,180991600
2020-04-22,66.65150451660156,67.08602784822331,65.71003238672124,66.05040482183006,116862400
2020-04-23,66.3932113647461,68.0154433517939,66.35458591659604,66.59598944224571,124814400
2020-04-24,68.3099594116211,68.3196176159111,66.8687799957314,66.91706365013007,126161200
2020-04-27,68.35824584960938,68.68896753125865,67.58092613126625,68.02751680090847,117087600
2020-04-28,67.25017547607422,69.0003506347447,67.15844834573424,68.81929803212363,112004800
2020-04-29,69.45903015136719,69.92735352024151,68.53204161617626,68.73481966758834,137280800
2020-04-30,70.9243392944336,71.10056648651737,69.60869475205328,69.99735081766806,183064000
2020-05-01,69.78250122070312,72.17963585405194,69.00518177066984,69.10174168301795,240616800
2020-05-04,70.76985931396484,70.89780288941466,69.11866006272429,69.80666159250394,133568000
2020-05-05,71.83202362060547,72.66245223551824,71.08367131021836,71.2285148811078,147751200
2020-05-06,72.57313537597656,73.20319497472518,72.14826285856589,72.53209353947886,142333600
2020-05-07,73.32391357421875,73.66912625746833,72.89663193321505,73.19838637752463,115215200
2020-05-08,75.06912994384766,75.1223827731926,73.65551811313698,73.98229650289032,133838400
2020-05-11,76.25035858154297,76.7441494175839,74.36957144120983,74.57774424961227,145946400
2020-05-12,75.37895202636719,77.38318317958411,75.25792355724299,76.93295343320654,162301200
2020-05-13,74.46883392333984,76.47791143801962,73.39410026175051,75.55809041384309,200622400
2020-05-14,74.92632293701172,74.98683718466037,72.98744407851115,73.70877656980059,158929200
2020-05-15,74.48336029052734,74.52935171327063,72.6679327201148,72.70182424718615,166348400
2020-05-18,76.23826599121094,76.61103581678174,75.11512542110488,75.80498930633232,135178400
2020-05-19,75.79772186279297,77.09998213452099,75.76625327530091,76.25520568719914,101729600
2020-05-20,77.27184295654297,77.3420341535439,76.61586330214624,76.65459330065981,111504800
2020-05-21,76.69577026367188,77.67368271832201,76.45855171857032,77.13389289033314,102688800
2020-05-22,77.18956756591797,77.27186606725144,76.3326836366315,76.43434344951643,81803200
2020-05-26,76.66670989990234,78.48455279572174,76.61103413521022,78.30543299444078,125522000
2020-05-27,77.0007553100586,77.14599099987917,75.78563172544763,76.52391007078806,112945200
2020-05-28,77.03462982177734,78.29090607267398,76.4004417495467,76.67638285095582,133560800
2020-05-29,76.9595947265625,77.73659554294788,76.60377068012559,77.27668877080987,153532400
2020-06-01,77.90603637695312,78.02706486056282,76.78288850329889,76.91360133395523,80791200
2020-06-02,78.26670837402344,78.29091555107586,77.1992361328535,77.6397816394303,87642800
2020-06-03,78.69755554199219,78.95898118849432,78.01495316022684,78.58621141173712,104491200
2020-06-04,78.01982116699219,78.81860638544032,77.64705128445249,78.52088097581583,87560400
2020-06-05,80.24187469482422,80.30238892913404,78.24006648317224,78.26911213372232,137250400
2020-06-08,80.71632385253906,80.75021537775042,79.23009773769596,79.93932296340279,95654400
2020-06-09,83.2651596069336,83.65729064511632,80.36532236126617,80.39679094356325,147712400
2020-06-10,85.4073715209961,85.87453965160508,83.77348714351568,84.2116096226659,166651600
2020-06-11,81.30693054199219,84.97651490391192,81.20527075656385,84.55291522831224,201662400
2020-06-12,82.00888061523438,84.1873928706366,80.9002631844279,83.4418608157305,200146000
2020-06-15,83.02313232421875,83.67426627857331,80.50331793854433,80.66549938713932,138808800
2020-06-16,85.2234115600586,85.49452156139306,83.44187587324252,85.07333742619001,165428800
2020-06-17,85.10482025146484,86.02705683600927,84.98379175074255,85.96654258564811,114406400
2020-06-18,85.1386947631836,85.55503301794639,84.53112944713651,85.06123476532262,96820400
2020-06-19,84.65217590332031,86.3078449275457,83.54597361995395,85.84309961565448,264476000
2020-06-22,86.86699676513672,87.0098095125726,84.99831637895207,85.04430780115948,135445200
2020-06-23,88.72114562988281,90.13718045697547,87.68998051908838,88.1087417587427,212155600
2020-06-24,87.15503692626953,89.26819705246864,86.78226710315806,88.35079901624333,192623200
2020-06-25,88.31207275390625,88.35080275936323,86.55232106785238,87.30996064055707,137522400
2020-06-26,85.5986099243164,88.42825657527817,85.45095132716905,88.20798383985682,205256800
2020-06-29,87.57137298583984,87.6657787527797,85.02977472321102,85.50662726415537,130646000
2020-06-30,88.30237579345703,88.58800861953088,87.1405053436716,87.1598666501381,140223200
2020-07-01,88.13536834716797,88.9220535759505,88.08696138066959,88.37984827441205,110737200
2020-07-02,88.13536834716797,89.67485466688348,88.02160865174983,89.04066652590694,114041600
2020-07-06,90.49300384521484,90.9601720457748,89.52961440129422,89.56108299075036,118655600
2020-07-07,90.21221160888672,91.64760765010688,90.10086747244101,90.87060685450933,112424400
2020-07-08,92.31326293945312,92.34473152661032,91.10055518911935,91.18769953716944,117092000
2020-07-09,92.71025085449219,93.25729463316677,91.66456287634601,93.20404179945581,125642800
2020-07-10,92.8724365234375,92.93053523193312,91.6960429410668,92.30602397781523,90257200
2020-07-13,92.4439697265625,96.77921054368312,92.2309584307968,94.17467542417103,191649200
2020-07-14,93.97378540039062,94.16500509879575,90.89482027358295,91.82673375082925,170989200
2020-07-15,94.62007904052734,96.09420527190387,93.42431687945134,95.84488685944433,153198000
2020-07-16,93.45576477050781,94.31022548870118,92.8578838224014,93.49449476804814,110577600
2020-07-17,93.26696014404297,94.06090662183887,92.79494615025625,93.90599401950857,92186800
2020-07-20,95.23249053955078,95.37046481228467,93.01040889370655,93.35413310853578,90318000
2020-07-21,93.91812133789062,96.09663446170768,93.66880290920021,96.02159737840238,103433200
2020-07-22,94.18192291259766,94.86210224370089,93.53321216194253,93.62034910442274,89001600
2020-07-23,89.89512634277344,93.99314942038049,89.08665688068213,93.91568941051719,197004400
2020-07-24,89.67243194580078,90.01615612762265,86.31267968652797,88.09664593771886,185438800
2020-07-27,91.7977066040039,91.88968945823548,90.50996880574512,90.73265713883738,121214000
2020-07-28,90.28968048095703,91.54595685387366,90.28483461346657,91.36925259131361,103625600
2020-07-29,92.0203857421875,92.20435141750036,90.73506372270917,90.77137079362801,90329200
2020-07-30,93.13384246826172,93.23792519284922,90.78830982976133,91.19496376791191,158130000
2020-07-31,102.88390350341797,103.03397765297315,97.62157959922047,99.61613418906329,374336800
2020-08-03,105.476318359375,108.09053052398437,104.46452205826068,104.76224738585148,308151200
2020-08-04,106.1806869506836,107.26994306541734,104.94377227693963,105.66510454112444,173071600
2020-08-05,106.56558990478516,106.88510690463526,105.43760344433963,105.90235611566642,121776800
2020-08-06,110.2835922241211,110.7773905993439,106.30902020460445,106.89721697372634,202428800
2020-08-07,107.77619934082031,110.26175680038186,106.98082124977309,109.80586800423681,198045600
2020-08-10,109.34272003173828,110.35876815700075,106.69711566216836,109.21904600684799,212403600
2020-08-11,106.09087371826172,109.10506522291367,105.83140397675015,108.60795666047292,187902400
2020-08-12,109.6167221069336,109.87376452711321,106.98566715289093,107.17965891895842,165598000
2020-08-13,111.55668640136719,112.55818551229297,110.50668564136352,110.99409983343942,210082000
2020-08-14,111.45722961425781,111.54695097773372,109.65065103503774,111.38205726105852,165565200
2020-08-17,111.16625213623047,112.60181637912858,110.54062239475888,112.57756555807367,119561600
2020-08-18,112.09259796142578,112.5169615015718,110.58428839700858,110.91893054414521,105633600
2020-08-19,112.23322296142578,113.64453639963617,112.13865437861999,112.49996719549999,145538000
2020-08-20,114.72364044189453,114.837612647254,112.25747906222769,112.27445537799255,126907200
2020-08-21,120.6356201171875,121.11817961837231,115.6693525872738,115.6814742972318,338054800
2020-08-24,122.07844543457031,124.91804835697145,120.21609797723066,124.83316679017967,345937600
2020-08-25,121.07693481445312,121.42127865068156,119.35765773569334,120.95326822987052,211495600
2020-08-26,122.72349548339844,123.17938430241111,121.32673099966804,122.39128067814039,163022400
2020-08-27,121.25638580322266,123.65706866628963,120.114236711753,123.3248539361891,155552400
2020-08-28,121.05998992919922,122.64589153107447,120.83689273182479,122.22880256231407,187630000
2020-08-31,125.16539764404297,127.06655257654671,122.21668415759454,123.74924435405829,225702700
2020-09-01,130.15106201171875,130.75245576113278,126.61066398001222,128.7737011544299,151948100
2020-09-02,127.45454406738281,133.8369730802814,123.186665513161,133.45868391206912,200119000
2020-09-03,117.25040435791016,124.97139321089942,116.88181705951085,123.09935129507485,257599600
2020-09-04,117.32801055908203,119.98573625952378,107.56037630423063,116.46473461185484,332607200
2020-09-08,109.43243408203125,115.41717011939836,109.2966383541402,110.52850171438395,231366600
2020-09-09,113.79730224609375,115.56265389882519,111.79915900187885,113.7391061983007,176940500
2020-09-10,110.08232116699219,116.88183937183103,109.12204920606632,116.74604363595516,182274400
2020-09-11,108.63704681396484,111.77006490232608,106.69709954942977,111.12987875287997,180860300
2020-09-14,111.89616394042969,112.44904864015743,109.41303369608222,111.27538137934282,140150100
2020-09-15,112.07074737548828,115.26196131479541,110.19869808587379,114.77697452888815,184642000
2020-09-16,108.76313781738281,112.51693833812011,108.67584374495958,111.7700619173575,154679000
2020-09-17,107.0268783569336,108.83102975873638,105.44582412860575,106.42549948987329,178011000
2020-09-18,103.6319808959961,107.5506753180143,102.9045006607274,107.08509211161683,287104900
2020-09-21,106.77469635009766,106.88139403880808,100.00427732246104,101.4010416835348,195713800
2020-09-22,108.45274353027344,109.47121874863322,105.88231946545223,109.29662320835186,183055400
2020-09-23,103.903564453125,108.74373016788621,103.56406780634413,108.26844522282775,150718700
2020-09-24,104.97055053710938,106.93959588038079,101.84723417179123,102.01212791770884,167743300
2020-09-25,108.90863037109375,109.06382969318265,104.43705165768294,105.17423363698332,149981400
2020-09-28,111.50817108154297,111.85736219121794,109.39362820642745,111.55667272467461,137672400
2020-09-29,110.6642837524414,111.84765272079834,110.15990073985728,111.1104781178147,99382200
2020-09-30,112.33265686035156,113.7391232285353,110.20841939441779,110.3733131547286,142675200
2020-10-01,113.2832260131836,114.18530182393523,112.35205217632898,114.10770215411938,116120400
2020-10-02,109.62640380859375,111.90584749739754,108.85042943395283,109.50030991529614,144712000
2020-10-05,113.0019302368164,113.14742776439395,110.14051092914185,110.4897020352033,106243800
2020-10-06,109.7622299194336,112.63335124814374,108.87955028037823,112.2259566607193,161498200
2020-10-07,111.62457275390625,112.08046156708008,110.70309331868141,111.17838574960963,96849000
2020-10-08,111.51786041259766,112.90492288741173,111.14926572678705,112.75942537460811,83477200
2020-10-09,113.45781707763672,113.48691510258755,111.46936816913343,111.81855926916633,100506900
2020-10-12,120.66472625732422,121.42130453731181,115.6984583933761,116.45503667336371,240226800
2020-10-13,117.46380615234375,121.62499394990238,116.05734733652297,121.50859444916024,262330500
2020-10-14,117.55109405517578,119.33584179194668,116.02823591444664,117.36679671702483,150712000
2020-10-15,117.08550262451172,117.560787576873,114.60237278324881,115.15525739322722,112559200
2020-10-16,115.4462661743164,117.90030584427576,115.24257258596,117.63840880188037,115393800
2020-10-19,112.49755096435547,116.80422908289772,112.1871596819352,116.35804207693808,120639300
2020-10-20,113.98159790039062,115.40746025257594,112.15804282671203,112.71092747344602,124423700
2020-10-21,113.36082458496094,115.14557257156684,112.9534300225298,113.16682541230045,89946000
2020-10-22,112.27444458007812,114.49568501963495,111.14927164811971,113.92339674553574,101988000
2020-10-23,111.58576965332031,113.05043193781697,110.84858760677534,112.89523260157101,82572600
2020-10-26,111.59546661376953,113.05042702646372,109.49061825916863,110.58669317293085,111850700
2020-10-27,113.09893798828125,113.7585204355671,111.10079442752371,112.02226653167769,92276800
2020-10-28,107.86106872558594,111.96406058991157,107.76407283902445,111.59547326085323,143937800
2020-10-29,111.85736083984375,113.41901900582575,108.83104039265947,108.99594153712782,146129200
2020-10-30,105.59131622314453,108.62733062614099,104.48554702075934,107.72525497153092,190272600
2020-11-02,105.50402069091797,107.35667373960923,104.09756199136386,105.8338155489353,122866900
2020-11-03,107.1239013671875,108.14236934595198,105.46524717293197,106.3673230400161,107624400
2020-11-04,111.49847412109375,112.119256698551,108.97654397513469,110.71279779031768,138235500
2020-11-05,115.45594787597656,116.02823610576812,113.36080890325555,114.40837468946069,126387100
2020-11-06,115.3248062133789,115.82034093796346,112.83738439067113,114.96529408792372,114457900
2020-11-09,113.02196502685547,118.53120106910235,112.75962363044832,117.08344929046696,154515300
2020-11-10,112.68192291259766,114.25598657554706,110.8940882741732,112.27383288243148,138023400
2020-11-11,116.10210418701172,116.23813418126791,113.13858512576901,113.86732041488949,112295000
2020-11-12,115.8300552368164,117.11262917137141,115.2082016572188,116.22843412444456,103162300
2020-11-13,115.87862396240234,116.27699537989376,114.52803521767761,116.05352071993178,81581900
2020-11-16,116.88914489746094,117.55957633149036,114.80010222486767,115.54826720324448,91183000
2020-11-17,116.00494384765625,117.24865091924097,115.5871353083196,116.16041093814378,74271000
2020-11-18,114.68350219726562,116.42275133775613,114.65435397133162,115.24705927558566,76322100
2020-11-19,115.2762222290039,115.68431227037438,113.49810608907285,114.25598971249795,74113000
2020-11-20,114.0130615234375,115.40251710432108,113.96448361868471,115.27620565626937,73604300
2020-11-23,110.62203216552734,114.28514625847261,110.52486892820643,113.85761911856477,127959300
2020-11-24,111.90460205078125,112.56532241854126,109.39775058959653,110.68033196208322,113874200
2020-11-25,112.74019622802734,113.43978322932423,111.90457924459807,112.27380983588145,76499200
2020-11-27,113.2843246459961,114.15880846315034,112.92481998616722,113.26489496698315,46691300
2020-11-30,115.67459869384766,117.5401594833683,113.49810369299398,113.6535707986605,169410200
2020-12-01,119.24052429199219,119.96925956195165,116.60736173944143,117.57900876605405,127728200
2020-12-02,119.59032440185547,119.87210294466338,117.4624149241799,118.56037345602128,89004200
2020-12-03,119.45428466796875,120.27046459048226,118.74497909552679,120.01783429457547,78967600
2020-12-04,118.78387451171875,119.37657991827966,118.07456876821664,119.12394956144712,78260400
2020-12-07,120.24134063720703,121.03809104227989,118.78386984160453,118.84216630124308,86712000
2020-12-08,120.85346984863281,121.43646406909802,119.60004413555974,120.84375871454999,82225500
2020-12-09,118.3271713256836,122.37893756571138,117.56928784632052,120.99920059491815,115089200
2020-12-10,119.74578094482422,120.35792333365181,116.7433951040976,117.08347009062476,81312200
2020-12-11,118.9393081665039,119.27938312055916,117.13204422429256,118.95873784398792,86939800
2020-12-14,118.3271713256836,119.85265683014165,118.09397811966689,119.12392157489586,79184500
2020-12-15,124.25422668457031,124.27366377761385,120.61055011219938,120.81459511068267,157243700
2020-12-16,124.18621063232422,124.73033062366706,122.9716517851633,123.79755773169585,98208600
2020-12-17,125.05097961425781,125.90603381216341,124.40968896582861,125.24530607028412,94359800
2020-12-18,123.06881713867188,125.43963827870924,122.54412684965975,125.30360828671483,192541500
2020-12-21,124.59431457519531,124.67204812925546,119.94984220975749,121.4753279960592,121251600
2020-12-22,128.1408233642578,130.59908932336018,125.97403967211778,127.87847449783371,168904800
2020-12-23,127.24689483642578,128.67520225485305,127.07199067068275,128.41286824547294,88223700
2020-12-24,128.228271484375,129.67603102914552,127.3829432351903,127.59670678746939,54930100
2020-12-28,132.81443786621094,133.44600251933943,129.72459253226933,130.19099379190865,124486200
2020-12-29,131.04605102539062,134.8549062093824,130.53107920371312,134.13589678161503,121047300
2020-12-30,129.92868041992188,132.13432398091498,129.6177461619134,131.73594502265215,96452100
2020-12-31,128.92784118652344,130.9197204767935,127.98534242224186,130.27842990655225,99116600
2021-01-04,125.74083709716797,129.82175137838865,123.1659711614339,129.73430670995643,143301900
2021-01-05,127.29549407958984,128.00480720900393,124.7886425294723,125.23560676408721,97664900
2021-01-06,123.01050567626953,127.33433916722099,122.79674215546176,124.09875295807365,155088000
2021-01-07,127.20801544189453,127.89789129191489,124.23477818150717,124.72060165088172,109578200
2021-01-08,128.30599975585938,128.86955684085643,126.53759495540402,128.67521556411702,105158200
2021-01-11,125.32303619384766,126.47929859092635,124.85664974689551,125.527088604103,100384500
2021-01-12,125.14813995361328,126.0129052139805,123.26314235039197,124.85664288048969,91951100
2021-01-13,127.17887878417969,127.72299874717103,124.84693184960055,125.1092658720847,88636800
2021-01-14,125.25504302978516,127.28578210198899,125.1092870553467,127.09145562889725,90221800
2021-01-15,123.53522491455078,126.52790008179282,123.39919489904703,125.12872573594878,111598500
2021-01-19,124.20565795898438,125.06071220220736,123.34089258160077,124.15707263586324,90757300
2021-01-20,128.28656005859375,128.73352422939956,124.90523244341398,125.0121142129877,104319500
2021-01-21,132.98931884765625,135.70993338633443,129.80231790485385,130.00637029637122,120150900
2021-01-22,135.12696838378906,135.88485193048166,131.19179469063414,132.4160646907934,114459400
2021-01-25,138.8677978515625,140.97627022018892,132.6686847833474,139.01355380816258,157611700
2021-01-26,139.10096740722656,140.20864422957436,137.3617112330404,139.52849439587914,98390600
2021-01-27,138.03219604492188,140.20869106595407,136.42898412808006,139.36334793740457,140843800
2021-01-28,133.20310974121094,137.9641898687069,132.82416793009364,135.56422012291074,142621100
2021-01-29,128.2185821533203,132.86305498594893,126.51819940588042,131.97885239900157,177523800
2021-02-01,130.3367462158203,131.5415940017464,127.21775238608966,129.95780442586786,106239800
2021-02-02,131.16262817382812,132.44519444855226,130.7933975854858,131.8816374338767,83305400
2021-02-03,130.1423797607422,131.92049525214782,129.82173452529324,131.91076929503612,89880900
2021-02-04,133.49459838867188,133.5043095225396,130.7739834636992,132.43550657690793,84183100
2021-02-05,133.08102416992188,133.7232731231055,132.20524094162676,133.65516390896917,75693800
2021-02-08,133.2270050048828,133.27566293088242,131.29053239728702,132.37067302189544,71297200
2021-02-09,132.35121154785156,134.1709170758531,132.1955269668042,132.9448026300194,76774200
2021-02-10,131.7478790283203,133.3048434386966,130.78450562896475,132.80855342312873,73046600
2021-02-11,131.49490356445312,132.72100324758284,130.17148801909838,132.24417927998556,64280000
2021-02-12,131.72840881347656,131.88410821935858,130.0936095966532,130.73585850968206,60145100
2021-02-16,129.60704040527344,132.35117148769072,129.21779194968602,131.84517076789257,80576300
2021-02-17,127.3203125,128.6631943239758,125.98717117222641,127.7192867880388,97918500
2021-02-18,126.22067260742188,126.50286477250336,123.982542030246,125.72438263501022,96856700
2021-02-19,126.37638092041016,127.19379548505816,125.3351725587671,126.7364377000899,87668800
2021-02-22,122.61045837402344,126.23038738054991,122.22121733879867,124.56638176936013,103916400
2021-02-23,122.47425079345703,123.30138352656303,115.20519947854247,120.43074421044315,158273000
2021-02-24,121.97795104980469,122.18230093698557,118.94188709836797,121.57898434363891,111039900
2021-02-25,117.7352523803711,123.05810538980377,117.29736077604736,121.32599026278942,148199500
2021-02-26,117.99800109863281,121.49142336780443,117.93961010314024,119.29221728289741,164560400
2021-03-01,124.35233306884766,124.48856634693102,119.4868376397081,120.42101187120407,116307900
2021-03-02,121.75415802001953,125.25731317881322,121.6471165286429,124.95565484356455,102260900
2021-03-03,118.77647399902344,122.32828720569532,118.56239100874602,121.45249652917722,112966300
2021-03-04,116.89838409423828,120.27503892466773,115.42900990064756,118.47480719948628,178155000
2021-03-05,118.1536636352539,118.65967920784315,114.40723445087357,117.72550517862675,153766600
2021-03-08,113.22981262207031,117.74499188213018,113.08384627126932,117.67687524164398,154376600
2021-03-09,117.83255004882812,118.77645723226702,115.59442688495044,115.827968557669,129525800
2021-03-10,116.75241088867188,118.88349246045178,116.2366622283132,118.41640913957764,111943300
2021-03-11,118.67916107177734,119.89553490297892,117.99799469596714,119.24356031125248,103026500
2021-03-12,117.77417755126953,117.91041082516712,115.9544870681418,117.16112781873039,88105100
2021-03-15,120.654541015625,120.66427408423421,117.18057793774676,118.14395127784391,92403800
2021-03-16,122.1920394897461,123.79765430298438,121.36490683570095,122.31853968534864,115227900
2021-03-17,121.40382385253906,122.47423118424491,119.04891881379946,120.71292450730932,111932600
2021-03-18,117.28759765625,119.86631097163686,117.08324779831206,119.57437836077997,121229700
2021-03-19,116.76215362548828,118.16341864155612,116.46049529392347,116.67457827406234,185549500
2021-03-22,120.0707015991211,120.53779245026008,117.02490398115997,117.09302062360135,111912300
2021-03-23,119.24356842041016,120.89783397367995,118.85432728312398,120.01231762490714,95467100
2021-03-24,116.85946655273438,119.5938800533793,116.8400078374971,119.51603034411634,88530500
2021-03-25,117.34599304199219,118.38721599444037,115.79876935123002,116.32424364926871,98844700
2021-03-26,117.94932556152344,118.2120664416162,115.72092802368101,117.1124598512715,94071200
2021-03-29,118.12449645996094,119.28248673827066,117.48225492917581,118.3775042989523,80819200
2021-03-30,116.6745834350586,117.16113298447573,115.66255948137214,116.87893335491496,85671900
2021-03-31,118.8640365600586,120.19717735139929,117.89093762370798,118.37748709188328,118323800
2021-04-01,119.691162109375,120.83941908348807,119.19487960235314,120.33341093306862,75089100
2021-04-05,122.51317596435547,122.76618380455446,119.75930377924526,120.53778601486208,88651200
2021-04-06,122.8148422241211,123.71009165590245,122.26990907854241,123.09704186712644,80171300
2021-04-07,124.4593734741211,124.47883218903853,121.77361794195266,122.44505868103397,83466700
2021-04-08,126.85319519042969,126.88238697462579,125.0626964676061,125.48112193995918,88844600
2021-04-09,129.4221954345703,129.46111286986317,125.98715639774359,126.3082809200934,106686700
2021-04-12,127.70952606201172,129.2762161435529,127.11593504109703,128.95509167174853,91420000
2021-04-13,130.81370544433594,131.03752892907758,128.380957683949,128.87724772998885,91266500
2021-04-14,128.4782257080078,131.36833015937881,128.11818392495562,131.3099466105929,87222800
2021-04-15,130.8818359375,131.36838551347583,130.04497007288896,130.22013564136392,89347100
2021-04-16,130.5509796142578,131.04725481288563,129.69464764958488,130.68721289515452,84922400
2021-04-19,131.21266174316406,131.82571884662076,129.75301328602865,129.91843832937323,94264200
2021-04-20,129.52920532226562,131.88410306298763,128.26417368348118,131.38782793049364,94812300
2021-04-21,129.9087371826172,130.15201197134868,127.76792201144299,128.79940473993418,68847100
2021-04-22,128.39068603515625,130.54122653689166,127.8749447465964,129.46108603950333,84566500
2021-04-23,130.70668029785156,131.48514771146148,128.60478264515086,128.60478264515086,78657500
2021-04-26,131.0958709716797,131.42672099869188,129.96707280484003,131.20291243316117,66905100
2021-04-27,130.77474975585938,131.76731470925472,130.50228327427,131.37806627247733,66015800
2021-04-28,129.986572265625,131.3878372667235,129.50002274292763,130.69693041123548,107760100
2021-04-29,129.88926696777344,133.38270410909877,128.88697605750357,132.7988386951313,151101000
2021-04-30,127.92362976074219,129.96712921001927,127.54412165956818,128.2350137894491,109839500
2021-05-03,128.97454833984375,130.46340362512916,128.28365629304724,128.48799878924353,75135100
2021-05-04,124.41070556640625,127.95279275381809,123.29164023246338,127.66086008438737,137564700
2021-05-05,124.65397644042969,126.94074997232987,124.52746883053813,125.7243763335603,84000900
2021-05-06,126.24986267089844,126.25958831497178,123.71006640231249,124.44962368045476,78128300
2021-05-07,126.92243957519531,127.9459170756659,126.21086004578889,127.54628013792039,78973300
2021-05-10,123.64729309082031,126.26937098545628,123.60830211734293,126.1426633359984,88071200
2021-05-11,122.73100280761719,123.08190661407825,119.67027531129933,120.381847398056,126142800
2021-05-12,119.6702880859375,121.4930768252382,119.16342036759427,120.28438654552215,112172300
2021-05-13,121.81474304199219,122.96495055227784,121.12267010296466,121.43459040557941,105861300
2021-05-14,124.23213958740234,124.66103284772763,122.67253787272075,123.06244016058305,81918000
2021-05-17,123.08191680908203,123.72525662054227,122.0096912267483,123.61803331863223,74244600
2021-05-18,121.69776916503906,123.78373756646234,121.62953683178752,123.36459396598383,63342900
2021-05-19,121.54183197021484,121.76602077062454,119.75803398561095,120.0504625668393,92612000
2021-05-20,124.09567260742188,124.49532449020155,121.94147161685788,122.06819413421118,76857100
2021-05-21,122.26313018798828,124.76824225453443,122.04868358173061,124.59278661639331,79295400
2021-05-24,123.89096069335938,124.70975612799803,122.76025239580743,122.82848472896345,63092900
2021-05-25,123.6960220336914,125.08017543327662,123.1306641265909,124.59279202902988,72009500
2021-05-26,123.64729309082031,124.17366007761332,123.22814942189817,123.75451640869117,56575900
2021-05-27,122.11691284179688,124.41732784538095,121.92196544288971,123.24762857840483,94625600
2021-05-28,121.46382141113281,122.62377842352186,121.40533868337067,122.39958223915701,71311100
2021-06-01,121.14218139648438,122.18516577367905,120.81076927511776,121.92198599710954,67637100
2021-06-02,121.9024658203125,122.07792145343016,120.9179717914318,121.14216055572481,59278900
2021-06-03,120.42083740234375,121.69775987143738,120.02118559755706,121.5320538514475,76229200
2021-06-04,122.71151733398438,122.97470451422886,120.72302254551224,120.93746915555829,75169300
2021-06-07,122.72127532958984,123.13066937489863,121.67829101219802,122.9844550910691,71057600
2021-06-08,123.54006958007812,125.21665168991701,123.02345219665295,123.40360489150423,74403800
2021-06-09,123.92021942138672,124.52456834027448,123.32562010482052,123.99820136642403,56877900
2021-06-10,122.92594909667969,124.95343460907164,122.7602430768465,123.81296936037242,71186400
2021-06-11,124.13465881347656,124.22239035571975,122.91621888119515,123.33536251537065,53522400
2021-06-14,127.18563079833984,127.24411353581664,123.86173050218788,124.59279446771667,96906500
2021-06-15,126.36685180664062,127.30262029411195,126.1231638006209,126.65928038857137,62746300
2021-06-16,126.86392974853516,127.58525137205336,125.21661184407183,127.0783763157019,91815000
2021-06-17,128.46253967285156,129.20336059736883,126.37657131032402,126.52279301183641,96721700
2021-06-18,127.1661605834961,128.18963835001367,126.95171393992158,127.40984859905477,108953300
2021-06-21,128.95968627929688,129.06690958900398,125.9477063159808,127.01018237446559,79663300
2021-06-22,130.59725952148438,130.69474066397615,128.29684436989922,128.7939773736595,74783600
2021-06-23,130.3243408203125,130.92869718078555,129.86620618552573,130.3925806003398,60214200
2021-06-24,130.04165649414062,131.240597184488,129.5737648661965,131.05539194095186,68711000
2021-06-25,129.7492218017578,130.50952706925113,129.45679326652197,130.09039090512184,70783700
2021-06-28,131.37709045410156,131.83522514355917,129.98320205214029,130.04168479997963,62111300
2021-06-29,132.8878936767578,133.04385750975646,130.9578895823714,131.39652484834153,64556100
2021-06-30,133.50201416015625,133.94064949902392,132.43952338561445,132.73195190270366,63261400
2021-07-01,133.80418395996094,133.86266668828733,132.33229922059724,133.15110203776288,52485800
2021-07-02,136.42626953125,136.46525305919846,134.27206149217562,134.41826831389758,78852600
2021-07-06,138.43429565429688,139.5357553993497,136.53353205806397,136.53353205806397,108181800
2021-07-07,140.91990661621094,141.2318195282519,139.0581266890823,139.91589835234652,104911600
2021-07-08,139.62347412109375,140.42276298269945,137.11835448019005,138.0053823208354,105575500
2021-07-09,141.44622802734375,141.97258743167365,139.04833216120844,139.1458132863032,99890800
2021-07-12,140.85165405273438,142.62570970674338,140.364278087154,142.51848639937432,76299700
2021-07-13,141.96287536621094,143.7369310790402,140.00362927408963,140.39352411006757,100827100
2021-07-14,145.3842315673828,145.79364043052715,143.95134516697595,144.3607540301203,127050800
2021-07-15,144.73117065429688,146.21279783696795,143.3762659892824,145.47199168239987,106820300
2021-07-16,142.69395446777344,145.9788641734468,142.196836268165,144.71169838540143,93251400
2021-07-19,138.85340881347656,140.43251704679776,138.0931035014654,140.12058929133983,121434600
2021-07-20,142.45997619628906,143.3860023478585,139.35053030452949,139.83790622702588,96350000
2021-07-21,141.7289276123047,142.4405072449087,140.97837931958148,141.85565012536404,74993500
2021-07-22,143.09359741210938,144.4582442706814,142.12858757198936,142.2553100922622,77338200
2021-07-23,144.80914306640625,144.9651069434816,143.2105505102186,143.82464898024415,71447400
2021-07-26,145.228271484375,146.04705940106285,143.97083337261068,144.52644902049065,72434100
2021-07-27,143.0643310546875,145.44272791296905,141.87513262554674,145.35498894389306,104818600
2021-07-28,141.31954956054688,143.2593115153304,138.94115215326465,141.1538434950934,118931200
2021-07-29,141.96287536621094,142.84990322262558,140.92964066468824,141.03686397561236,56699500
2021-07-30,142.17730712890625,142.63544169374407,140.47149137109437,140.73467853831747,70440600
2021-08-02,141.8459014892578,143.2397895751834,141.582714310116,142.6646895204393,62880000
2021-08-03,143.63941955566406,144.30224361135603,141.51445299043982,142.12855135709023,64786600
2021-08-04,143.2397918701172,144.058579914417,142.58670986762564,143.5517196242508,56368300
2021-08-05,143.3470001220703,144.10730535100612,142.47947159810346,143.2690181917266,46397700
2021-08-06,142.66366577148438,143.61059289976055,142.16580285802874,142.86867690985883,54126800
2021-08-09,142.61489868164062,143.21038897818232,142.05846523172403,142.72228266612592,48908700
2021-08-10,142.13650512695312,144.19631350606738,141.84363848192044,142.9565198163916,69023100
2021-08-11,142.39035034179688,143.22989365517753,142.06819844175104,142.57583309295842,48493500
2021-08-12,145.34825134277344,145.50444888855472,142.37080079552103,142.7124810649403,72282600
2021-08-13,145.5532684326172,145.88517705910473,144.7430103885552,145.42635605950554,59375000
2021-08-16,147.5251922607422,147.59353426907154,142.9858112009547,145.0065628373872,103296000
2021-08-17,146.61732482910156,148.07187159409528,145.5434853619502,146.65636676617194,92229700
2021-08-18,142.87844848632812,147.13473517673972,142.67343732669485,146.2366215497856,86326000
2021-08-19,143.21035766601562,144.4794367790495,141.06269334170713,141.5800847276963,86960300
2021-08-20,144.66488647460938,144.9675098694575,143.28842371499448,143.93272733385453,60549600
2021-08-23,146.14874267578125,146.6173203855108,144.3720292286724,144.78203658666285,60131800
2021-08-24,146.0609130859375,147.2714219782902,145.602092007955,145.89495874434272,48606400
2021-08-25,144.8308868408203,146.7442698916124,144.28421022511418,146.24639198416384,58991300
2021-08-26,144.03036499023438,145.57278230599707,144.00107981111,144.82110951404735,48597200
2021-08-27,145.0651397705078,145.21156564308194,143.33723999505236,143.97177197062845,55802400
2021-08-30,149.47763061523438,149.83883931473636,145.07491826892314,145.45564049048158,90956700
2021-08-31,148.21832275390625,149.16524992421503,147.6911597437249,149.0285807911714,86453100
2021-09-01,148.88214111328125,151.29338682527435,148.71618680019012,149.19453621732464,80313700
2021-09-02,149.99502563476562,151.0395800272227,148.77476016459727,150.20979354918074,71115500
2021-09-03,150.62954711914062,150.9516989362315,149.44832378980732,150.10238418360416,57808700
2021-09-07,152.96270751953125,153.51914078415754,150.71741625258127,151.2836211735212,82278300
2021-09-08,151.42027282714844,153.30435519689405,150.31714828986404,153.24578484904103,74420200
2021-09-09,150.40504455566406,152.39651120399355,150.28788894400816,151.79126431107525,57305700
2021-09-10,145.4263458251953,151.78148246152148,145.16276433644302,151.3129047338198,140893200
2021-09-13,145.99258422851562,147.81809686029018,145.21161123932484,147.04689552955006,102404300
2021-09-14,144.59654235839844,147.4763801866019,143.4153339702326,146.7735062300835,109296300
2021-09-15,145.48492431640625,145.8851749521173,142.88819590848047,145.02610332343372,83281300
2021-09-16,145.2506103515625,145.4263362978241,143.71796490468603,144.90894501042473,68034100
2021-09-17,142.58554077148438,145.2798957731565,142.2926741544572,145.2798957731565,129868800
2021-09-20,139.53977966308594,141.39457695669392,137.90950701335717,140.37932278347847,123478900
2021-09-21,140.01812744140625,141.16030897663776,139.38359538478255,140.5062336067531,75834000
2021-09-22,142.3805694580078,142.94675948187773,140.28170408222925,141.01386330488788,76404300
2021-09-23,143.33726501464844,143.581318108749,142.1755699033987,143.16153904107028,64838200
2021-09-24,143.4250946044922,143.96201429353556,142.09744541695585,142.19507259526048,53477900
2021-09-27,141.91195678710938,142.48793328173883,140.39883985731234,142.0095839613355,74150700
2021-09-28,138.5343017578125,141.30674132874793,138.31953384357482,139.8424227657557,108972300
2021-09-29,139.4324188232422,141.013878143942,138.65144592439347,139.08098176355122,74602000
2021-09-30,138.13404846191406,140.9455448156453,137.9192805517919,140.2426707272125,89056700
2021-10-01,139.2566375732422,139.52021898734728,135.80085360442942,138.52447856413826,94639600
2021-10-04,135.8301544189453,138.82713279141288,134.980854637217,138.38782541869764,98322000
2021-10-05,137.75331115722656,138.8564357660988,136.04493972017434,136.17185207930245,80861100
2021-10-06,138.62217712402344,138.7686030429388,135.07852092806354,136.15236065284557,83221100
2021-10-07,139.8814697265625,140.78935501402486,139.32503639848235,139.6569450430087,61732700
2021-10-08,139.500732421875,140.7502829805711,139.16882381318146,140.60385709315267,58773200
2021-10-11,139.41290283203125,141.3653278052875,138.43669034540312,138.88575464341304,64452200
2021-10-12,138.14382934570312,139.8424445053315,137.68500826630617,139.82291608395988,73035900
2021-10-13,137.55804443359375,138.03637880787855,135.88871526309754,137.88019619968298,78762700
2021-10-14,140.34027099609375,140.45742659800283,138.14379338196727,138.7295267040612,69907100
2021-10-15,141.3945770263672,141.453147377337,140.09621296187518,140.35003767716657,67940300
2021-10-18,143.06390380859375,143.34699879821167,139.75454497889402,140.03763996851194,85589200
2021-10-19,145.2213592529297,145.62160993395176,143.06393807186709,143.51298745891924,76378900
2021-10-20,145.70944213867188,146.18779152686344,144.59656071553547,145.16276563549152,58418800
2021-10-21,145.92422485351562,146.0804224119474,144.35252229936606,145.27016433537898,61421000
2021-10-22,145.15304565429688,146.60759281256946,145.10423204789777,146.12925819899365,58883400
2021-10-25,145.10418701171875,145.8168177773373,144.10844635434742,145.14322894722775,50720600
2021-10-26,145.7680206298828,147.25185252804923,145.4653823192533,145.77777738990952,60893400
2021-10-27,145.3092041015625,146.16826078037482,144.95776708428832,145.80706700277705,56094900
2021-10-28,148.94073486328125,149.5264533730465,146.15852353048365,146.25615073002083,100077900
2021-10-29,146.2366180419922,146.373287179863,142.92725865743117,143.7179883048137,124953200
2021-11-01,145.4166259765625,146.13901372017423,144.2842158593394,145.44591116098886,74588300
2021-11-02,146.45138549804688,147.96451766703325,145.11396440756303,145.12373606469237,69122000
2021-11-03,147.8863983154297,148.35497602206758,146.25612565424197,146.8125588879088,54511500
2021-11-04,147.3690643310547,148.80408318474133,147.05666914125726,147.97431139150908,60394600
2021-11-05,147.8969268798828,148.79635114627666,146.7042085245969,148.49328605752575,65463900
2021-11-08,147.0757293701172,148.18046407919945,146.80199217243356,148.02403856122066,55020900
2021-11-09,147.43740844726562,148.04353851031115,146.70418082227025,146.84104938223388,56787900
2021-11-10,144.61209106445312,146.77267581374304,144.54366421842147,146.6651351263565,65187100
2021-11-11,144.5631866455078,146.0882980655143,144.37743321812488,145.62882237351127,41000000
2021-11-12,146.63577270507812,147.03659252052734,144.18189439318962,145.11064651980587,63804000
2021-11-15,146.6455841064453,148.48354686753203,146.08832372641191,147.00730510695527,59222800
2021-11-16,147.6231689453125,148.10221638704422,146.00028814358132,146.5868762388628,59256200
2021-11-17,150.0575408935547,151.53376771191043,147.61344786594324,147.62321886773208,88807000
2021-11-18,154.33958435058594,155.12169711619316,149.62738067059388,150.27262482103686,137827700
2021-11-19,156.9596405029297,157.41913113659675,153.02953515610952,154.12448394226502,117305600
2021-11-22,157.4191436767578,161.99447854129045,157.3995867561447,158.06437288139423,117467900
2021-11-23,157.80039978027344,158.18167763297342,155.5029467463392,157.51687668201387,96041900
2021-11-24,158.3185577392578,158.51408217991857,156.06998937776268,157.15516717862224,69463600
2021-11-26,153.3032989501953,156.8618980401627,152.86336515925657,156.00158738073347,76959800
2021-11-29,156.6565704345703,157.58532267329434,155.2389847402696,155.8060160344783,88748200
2021-11-30,161.60337829589844,161.8184596016363,156.3436871388529,156.41212888047625,174048100
2021-12-01,161.08526611328125,166.49159798116264,160.85062784337472,163.7346542506034,152052500
2021-12-02,160.0978546142578,160.52801734787488,154.27114554315142,155.1901268526862,136739200
2021-12-03,158.22079467773438,161.271032766341,156.14820866843903,160.3520514474846,118023100
2021-12-06,161.62298583984375,164.12573463510114,160.60623481829575,160.61600581977925,107497000
2021-12-07,167.35191345214844,167.7429772469704,164.57542763792551,165.2988844701773,120405400
2021-12-08,171.16470336914062,172.02502878126478,166.88264814477856,168.2806769394803,116998900
2021-12-09,170.65634155273438,172.7973693361273,170.03065436230736,170.9985205283445,108923700
2021-12-10,175.43695068359375,175.61293309472177,170.78340409261324,171.29177949219212,115402700
2021-12-13,171.80996704101562,178.05706815750167,171.6046566651188,177.0696450374433,153237000
2021-12-14,170.43148803710938,173.76523433574428,168.3589020297747,171.33091243496327,139380400
2021-12-15,175.2903289794922,175.48585340924998,168.4566405154073,171.19402728468987,131063300
2021-12-16,168.4077911376953,177.08921488839127,166.93156422700537,175.27080896540932,150185800
2021-12-17,167.31280517578125,169.59070130648584,165.89523442801953,166.12985777423478,195432700
2021-12-20,165.95387268066406,166.76531314131543,163.7150906232475,164.51674516713837,107499100
2021-12-21,169.12147521972656,169.32677069078633,165.3380088741713,167.72344617879446,91185900
2021-12-22,171.7122039794922,171.92728536537462,168.30024464668514,169.1703411922784,92135300
2021-12-23,172.33782958984375,172.89508977696892,171.350421702329,171.91745288802377,68356600
2021-12-27,176.29733276367188,176.38531653879255,173.11024059629176,173.12978260127787,74919600
2021-12-28,175.280517578125,177.27490525734726,174.5375188860444,176.13107184612667,79144300
2021-12-29,175.36856079101562,176.5906072567406,174.15628532669507,175.31967594887476,62348900
2021-12-30,174.21493530273438,176.53194546765312,174.10739462067014,175.45653864701075,59773000
2021-12-31,173.5990447998047,175.22191121478994,173.2959647369927,174.10740540326523,64062300
2022-01-03,177.93972778320312,178.79028222604728,173.73590007898758,173.85321176039008,104487900
2022-01-04,175.68136596679688,178.84891521802436,175.11433471652768,178.54585013474667,99310400
2022-01-05,171.00830078125,176.1408961877194,170.73456355297643,175.59342173117227,94537600
2022-01-06,168.15357971191406,171.3797850968752,167.80162976232634,168.83792269234627,96904000
2022-01-07,168.31979370117188,170.24574016447164,167.20528789803654,169.02369367342152,86709100
2022-01-10,168.33934020996094,168.64240533418686,164.40923476090865,165.29888813158135,106765600
2022-01-11,171.16470336914062,171.26245812752686,166.99997473942338,168.46643037323963,76138300
2022-01-12,171.6046142578125,173.21770927349675,170.91050037060046,172.18141648353657,74805200
2022-01-13,168.33934020996094,172.6702655459411,167.94827640647682,171.84905393496265,84505800
2022-01-14,169.1996612548828,169.89377524696252,167.26392904254132,167.50833831927105,80440800
2022-01-18,166.0028076171875,168.68152412823068,165.62152968734614,167.67455895666092,90956700
2022-01-19,162.51258850097656,167.2541337478389,162.22908034487583,166.1982840356235,94815000
2022-01-20,160.8310546875,165.8854360990158,160.50843269303434,163.24581922868165,91420500
2022-01-21,158.7780303955078,162.61036568511253,158.67048972769118,160.74307541554964,122848900
2022-01-24,158.00570678710938,158.67050778679211,151.24045969712583,156.44149634340394,162294600
2022-01-25,156.2068634033203,159.1202179477596,153.50859022634555,155.42475069595457,115798400
2022-01-26,156.1188507080078,160.713741500623,154.2906743409117,159.84364519078215,108275300
2022-01-27,155.6593475341797,160.1760252131081,154.7403664665498,158.81711052646853,121954600
2022-01-28,166.5209197998047,166.5404767176366,159.1593140383979,162.0042414218655,179935700
2022-01-31,170.87142944335938,171.08651082179728,165.71927719769477,166.3547503312831,115541600
2022-02-01,170.70523071289062,170.93008309016165,168.45666218750117,170.11864243059435,86213900
2022-02-02,171.90773010253906,171.94684394629172,169.45386598046034,170.8421090824681,84914300
2022-02-03,169.03343200683594,172.2987509371964,168.27087633720052,170.57810026310062,89418100
2022-02-04,168.74957275390625,170.42346859121156,167.0756769166009,168.05455952783922,82465400
2022-02-07,168.03500366210938,170.2766384169295,167.33999039041194,169.20965988540354,77251200
2022-02-08,171.13807678222656,171.6471000057892,167.80986639624405,168.1035342150904,74829200
2022-02-09,172.55738830566406,172.91957001402486,171.20652581374105,172.33224953586358,71285000
2022-02-10,168.4852752685547,171.7743215374217,167.92731993059743,170.4626223841964,90865900
2022-02-11,165.07876586914062,169.42500712943504,164.49143031742815,168.6908451580762,98670700
2022-02-14,165.313720703125,165.9989356288058,163.04270559336564,163.83559821712237,86185500
2022-02-15,169.14111328125,169.29773807776493,166.654758116967,167.35955476472148,62527400
2022-02-16,168.90618896484375,169.67949961629867,166.4589825612284,168.22097415914394,61177400
2022-02-17,165.313720703125,168.2797341887302,164.91237519788157,167.41831260412283,69589300
2022-02-18,163.76705932617188,166.93862933962222,162.68049906023276,166.23384762062662,82772700
2022-02-22,160.85000610351562,163.16995323151656,158.72581758393332,161.49605730830203,91162800
2022-02-23,156.6897430419922,162.64133603328534,156.37649344425944,162.04421705709984,90009200
2022-02-24,159.30337524414062,159.4110529381091,148.7901697172211,149.3579234730035,141147500
2022-02-25,161.36880493164062,161.6330924831591,157.47284137265066,160.38012393186045,91974200
2022-02-28,161.6331024169922,161.9267702066246,158.99990563300975,159.6166064975814,95056600
2022-03-01,159.75364685058594,163.0818568508139,158.5496253630897,161.22197083806662,83474400
2022-03-02,163.04270935058594,163.82581854222389,159.5089420061074,160.9185355637426,79724800
2022-03-03,162.7196502685547,165.3430634011942,162.05401727070716,164.91235266773373,76678400
2022-03-04,159.7242889404297,162.0540345545001,158.67689221468046,161.01642127862274,83737200
2022-03-07,155.9359893798828,161.53519862355543,155.6814703637219,159.91025004561254,96418800
2022-03-08,154.1152801513672,159.44040392728598,152.50991327214726,155.46614292973925,131148300
2022-03-09,159.50892639160156,159.95921898709753,156.04368834876885,158.06996768709067,91454900
2022-03-10,155.17250061035156,157.00300660733848,152.6861300144377,156.81701649151432,105342000
2022-03-11,151.4625244140625,155.9164439341305,151.23738556277695,155.57382899544626,96970100
2022-03-14,147.43927001953125,150.86535859871933,146.93026189923282,148.25174424641173,108732100
2022-03-15,151.81492614746094,152.28480063427574,147.204396636905,147.71340492610565,92964300
2022-03-16,156.2198944091797,156.6212399212536,151.19823606106897,153.73353879751855,102300200
2022-03-17,157.22813415527344,157.60011436017203,154.30128444798586,155.26058530967927,75615400
2022-03-18,160.51718139648438,161.00662274780382,156.38629519642316,157.1204572234023,123511700
2022-03-21,161.88758850097656,162.83710569668534,159.56762687828217,160.0570681157996,95811400
2022-03-22,165.25498962402344,165.84231029999864,161.42755456550663,162.01487524148183,81532000
2022-03-23,166.61561584472656,168.9942934206818,164.1096638130363,164.4424952526729,98062700
2022-03-24,170.3941192626953,170.46263328488442,166.61563143205333,167.4476727675763,90131400
2022-03-25,171.03038024902344,171.57855215101324,169.1019802060181,170.20812239603873,80546200
2022-03-28,171.89183044433594,172.01907505501657,168.3678462915148,168.53425457976377,90371900
2022-03-29,175.18084716796875,175.22977935165113,172.6161644453855,172.95877935054617,100589400
2022-03-30,174.01596069335938,175.8171010585222,172.96854916161706,174.77948791199498,92633200
2022-03-31,170.92269897460938,174.27047582290578,170.7171270473916,174.08448573079536,103049300
2022-04-01,170.6290283203125,171.18699858724577,168.30908127405286,170.35494237968112,78751300
2022-04-04,174.6718292236328,174.72077634534207,170.75629847192283,170.88355800105404,76468400
2022-04-05,171.36318969726562,174.53477477488693,170.73670541562527,173.7516656886956,73401800
2022-04-06,168.201416015625,169.9634078617043,166.537318414103,168.7202226513366,89058800
2022-04-07,168.50485229492188,169.69909027693134,166.26321768469555,167.5455515170426,77594700
2022-04-08,166.49815368652344,168.15246782773184,165.62694868711696,168.15246782773184,76575500
2022-04-11,162.24981689453125,165.46055114101816,162.0050962053992,165.14731642594322,72246700
2022-04-12,164.1194610595703,166.28278325109693,163.1209966207163,164.47185939466212,79265200
2022-04-13,166.80160522460938,167.42808955183875,163.24827119923606,163.85517369033073,70618900
2022-04-14,161.7995147705078,167.6532440657547,161.55479409572018,167.01696134936807,75329400
2022-04-18,161.58416748046875,163.08185675186522,160.11584349387897,160.45844346214486,69023900
2022-04-19,163.8649444580078,164.2760883021938,160.44865367684753,161.53521398147984,67723800
2022-04-20,163.69854736328125,165.31371275678185,162.59242008519655,165.19623667762264,67929800
2022-04-21,162.90565490722656,167.90774603308134,162.4064301142371,165.34307817395856,87227800
2022-04-22,158.37342834472656,164.3250370614869,158.08955892864606,162.94482378114378,84882400
2022-04-25,159.44041442871094,159.7242838315626,155.11375480994548,157.71757136622622,96046400
2022-04-26,153.48880004882812,158.91180327087787,153.41048764569481,158.82370741856425,95623200
2022-04-27,153.26365661621094,156.41564486229873,152.0987839265491,152.61759051221244,88063200
2022-04-28,160.18435668945312,161.04577820352466,155.57381282317428,155.88706244158715,130216800
2022-04-29,154.3208465576172,162.69029635210208,153.92929946524063,158.42236732431553,131747600
2022-05-02,154.62432861328125,154.8886162063275,150.03336604127583,153.40072515321864,123055300
2022-05-03,156.1122283935547,157.31626501989302,153.01897002538345,154.81031244687898,88966500
2022-05-04,162.5141143798828,162.96439206944154,155.89685759161674,156.29820309411934,108256500
2022-05-05,153.45944213867188,160.61507214954577,151.67786848905013,160.38993331507154,130525300
2022-05-06,154.1848907470703,156.302387766656,151.14588956385867,152.93987884779835,116124600
2022-05-09,149.0675811767578,152.7633948486293,148.50880608897836,151.8810971374127,131577900
2022-05-10,151.46934509277344,153.6554710112095,149.92043660074285,152.4594785674708,115366700
2022-05-11,143.6170196533203,152.3908891933398,142.94059580220576,150.4792663261752,142689800
2022-05-12,139.75453186035156,143.3228989996902,136.06853101088905,139.96040581157675,182602000
2022-05-13,144.21499633789062,145.18551933414366,140.29371306035543,141.74458368466105,113990900
2022-05-16,142.67588806152344,144.61693408926746,141.34265112461745,142.68570084334092,86643800
2022-05-17,146.30307006835938,146.82263885480765,143.79343645262884,145.93054340694096,78336300
2022-05-18,138.0487823486328,144.46007380411618,137.14687404841018,143.96011558077154,109742900
2022-05-19,134.64707946777344,138.87226008655338,133.91183880440775,137.12729010884627,136095600
2022-05-20,134.88235473632812,137.93115346240322,130.00036063657,136.3528361484188,137426100
2022-05-23,140.29373168945312,140.44077384848245,134.94117272312687,135.07841705772444,117726300
2022-05-24,137.59788513183594,139.1762028725171,134.6275130730562,138.03902668302325,104132700
2022-05-25,137.75469970703125,138.99969650386015,135.61759232548434,135.7058176181396,92482700
2022-05-26,140.95053100585938,141.49950829001511,134.44120114221013,134.68628135538745,90601500
2022-05-27,146.6951904296875,146.73439667634008,142.4013809336445,142.5288274126525,90978500
2022-05-31,145.91094970703125,147.69514080945274,143.9503080341332,146.1364342695409,103718400
2022-06-01,145.78350830078125,148.753879037452,144.77376414576858,146.95007745203338,74286600
2022-06-02,148.23431396484375,148.29313081917098,143.96991252402043,144.920824891666,72348100
2022-06-03,142.51905822753906,145.05808578629097,141.6171647882395,144.0091352358549,88570300
2022-06-06,143.26409912109375,145.64628674294468,142.04849579123675,144.13658414441952,71598400
2022-06-07,145.78350830078125,146.06779474236185,141.26422895235845,141.5093091448792,67808200
2022-06-08,145.04827880859375,146.9206802540853,144.55811838609154,145.6560729457736,53950200
2022-06-09,139.83297729492188,145.0384790561678,139.72514139394366,144.18560463111925,69473000
2022-06-10,134.43141174316406,137.9899664897166,134.36278209908923,137.51941663931075,91437900
2022-06-13,129.2847137451172,132.53937106937602,128.85337019356888,130.25522177759234,122207100
2022-06-14,130.14739990234375,131.25516732822615,128.89259032192393,130.5101288143863,84784300
2022-06-15,132.7648468017578,134.63726323315953,129.5592083618082,131.64728162043858,91533000
2022-06-16,127.50053405761719,129.7846835531672,126.50060254968962,129.4807864670593,108123900
2022-06-17,128.9709930419922,130.46108474224513,127.25543176187765,127.51032472551074,134520300
2022-06-21,133.1961669921875,134.36275100339577,130.696361206463,130.7943843000857,81000500
2022-06-22,132.68643188476562,135.04899374439105,131.27476747959807,132.13743964836019,73409200
2022-06-23,135.5489959716797,135.86269092971577,132.96094899420544,134.1275334387869,72433800
2022-06-24,138.87225341796875,139.117333627322,137.01944763359853,137.1468791706762,89116800
2022-06-27,138.87225341796875,140.66624234545563,138.19582964679236,139.89178050713437,70207900
2022-06-28,134.73529052734375,140.59760460905184,134.61765682035212,139.33299738336785,67083400
2022-06-29,136.49008178710938,137.90174634957765,133.98046254650382,134.75492447437682,66242400
2022-06-30,134.0294647216797,135.64698810352084,131.1375212724895,134.5490335635321,98964500
2022-07-01,136.1959991455078,136.30383506160413,132.99036001507756,133.36287185008192,71051600
2022-07-05,138.77423095703125,138.82324999611623,134.23534018265374,135.05882114715405,73353800
2022-07-06,140.1074676513672,141.28384979355582,138.30368070277723,138.5683715462856,74064300
2022-07-07,143.46995544433594,143.66601661315485,140.46036340026106,140.4701612232241,66253700
2022-07-08,144.1463623046875,144.646335480772,142.14651447587394,142.4013924960781,64547800
2022-07-11,142.01907348632812,143.7542455393016,140.95052737444695,142.8033331399919,63141600
2022-07-12,142.98960876464844,145.52863633565593,142.19555121961218,142.89157069008422,77588800
2022-07-13,142.62689208984375,143.56799177024092,139.3232005090592,140.17608985764943,71185600
2022-07-14,145.5482177734375,146.01876752832248,140.43094244372892,141.2446104323155,78140700
2022-07-15,147.2147674560547,147.89119117713278,145.28353435270415,146.83244295612025,76259900
2022-07-18,144.1758270263672,148.58727184385728,143.813098058474,147.77360356027648,81420900
2022-07-19,148.0284423828125,148.25391198084102,144.01893385798232,145.0090524915063,82982400
2022-07-20,150.02828979492188,150.6949157224323,147.41083503397257,148.1460756395822,64823400
2022-07-21,152.29286193847656,152.50853373902038,148.94996398855773,151.45958316742,65086600
2022-07-22,151.0576629638672,153.2045683993023,150.39105184778396,152.33208328648058,66675400
2022-07-25,149.94007873535156,151.9889458272938,149.28326552705713,150.97921649648936,53623900
2022-07-26,148.61663818359375,150.0773065915356,147.83237855759032,149.2636385384265,55138700
2022-07-27,153.70448303222656,154.2338646113094,149.1656081545016,149.57734107239523,78620700
2022-07-28,154.25347900390625,154.53776544520662,151.37133354934207,153.89075014754778,81378700
2022-07-29,159.3119354248047,160.409904944982,156.36117506106663,158.0669387195233,101786900
2022-08-01,158.3316192626953,160.3706884793457,157.72382510643268,157.84145882480365,67829400
2022-08-02,156.8611297607422,159.2139087149108,156.48861801917639,156.94937000342367,59907000
2022-08-03,162.8607177734375,163.311657015849,157.58658648416494,157.67481177613547,82507500
2022-08-04,162.5470428466797,163.89989078177408,161.19419491158527,162.74310407937853,55474100
2022-08-05,162.3212127685547,162.81205403488926,160.01425282506756,160.22041274781424,56697000
2022-08-08,161.85000610351562,164.73615535552312,161.1922805564501,163.32253000929188,60276900
2022-08-09,161.89910888671875,162.78263230320212,160.25970057725633,161.0156004495246,63135500
2022-08-10,166.13998413085938,166.23814341245296,163.8428352480907,164.60854654925055,70170500
2022-08-11,165.40370178222656,167.85790820975464,165.10919401506573,166.9449356294848,57149200
2022-08-12,168.94757080078125,169.01628078921996,166.29701596444957,166.70933581222894,68039400
2022-08-15,170.0176239013672,170.21395743937939,168.21133138479297,168.37821564106778,54091700
2022-08-16,169.86050415039062,170.52805597034822,168.51560405832123,169.6150835508577,56377100
2022-08-17,171.35272216796875,172.9234055360259,169.40899457207655,169.6053281206725,79542000
2022-08-18,170.96005249023438,171.69631458533323,169.94892041130856,170.5673853645646,62290100
2022-08-19,168.3782196044922,170.55755638009072,168.17205964818893,169.86055507755876,70346300
2022-08-22,164.50054931640625,166.74859572706774,164.0784180378036,166.58171149389958,69026800
2022-08-23,164.16677856445312,165.6196796113523,163.5974008535258,164.0195321647684,54147100
2022-08-24,164.4612579345703,165.03063554714507,163.20470561002094,164.25511301062056,53841500
2022-08-25,166.91551208496094,167.0234977835924,165.26629230145085,165.68840868200775,51218200
2022-08-26,160.62289428710938,167.91680343416758,160.56399573070382,167.44560000363606,78961000
2022-08-29,158.4239501953125,159.91609703205498,156.89252766433086,158.19815240165843,73314000
2022-08-30,155.9991912841797,159.58232691391927,154.83098655063566,159.1602105704912,77906200
2022-08-31,154.34011840820312,157.63857209111154,154.261582013457,157.37351363125413,87991100
2022-09-01,155.06658935546875,155.5181549609377,151.83684522830168,153.77076113952282,74229900
2022-09-02,152.95596313476562,157.42262194968552,152.13135334781393,156.82379496598037,76957800
2022-09-06,151.69940185546875,154.21250676362826,150.8747921160952,153.60386838160778,73714800
2022-09-07,153.1032257080078,153.80021196934476,150.79626559392008,151.9841081371773,87449600
2022-09-08,151.63070678710938,153.49589780674214,149.88329791132227,151.8074024718103,84923800
2022-09-09,154.48736572265625,154.92913481819144,151.91536244109605,152.62217501880943,68028800
2022-09-12,160.43637084960938,161.2511691580026,156.38203213199495,156.6667134786447,104956000
2022-09-13,151.02206420898438,157.59933535695706,150.56067213786505,156.97105902298662,122656600
2022-09-14,152.46514892578125,154.2223694761001,150.79629120920487,151.9546696901294,87965400
2022-09-15,149.57894897460938,152.39638777057854,148.60709294324934,151.81718374523024,90481100
2022-09-16,147.93954467773438,148.5776472684102,145.65222273370736,148.44021232229758,162278800
2022-09-19,151.65032958984375,151.72886599832884,146.36888718799335,146.5750321533895,81474200
2022-09-20,154.0260009765625,155.18439428665013,150.27598106267698,150.59011171978128,107689800
2022-09-21,150.9042205810547,155.83227045116655,150.78642348575858,154.45790609581144,101696800
2022-09-22,149.94219970703125,151.6405063427645,148.14571882351763,149.58879338602387,86652500
2022-09-23,147.6744842529297,148.69544239271363,145.83874285871622,148.42057250414538,96029900
2022-09-26,148.00827026367188,150.95331767501642,146.898964278694,146.91860212230296,93339400
2022-09-27,148.98013305664062,151.88591989139582,147.20329010150107,149.9421927062511,84442700
2022-09-28,147.0953369140625,147.88068609523327,142.18692325585735,144.93563790031018,146691400
2022-09-29,139.87013244628906,144.03247205665744,138.1031007730531,143.42383363893248,128138200
2022-09-30,135.66854858398438,140.4788028880648,135.47221503631138,138.69213315187477,124925300
2022-10-03,139.84068298339844,140.44933637961338,135.1678792129988,135.67835835777296,114311700
2022-10-04,143.423828125,143.54162523892447,141.61752082886468,142.3734205948832,87830100
2022-10-05,143.71832275390625,144.6803824609242,140.39041942925496,141.43101553965928,79471000
2022-10-06,142.76609802246094,144.83744897574383,142.55995305808347,143.13914221609966,68402200
2022-10-07,137.52392578125,140.47880029356153,136.8956494527264,139.9290453992253,85925600
2022-10-10,137.8478240966797,139.29089824805226,136.03172086444982,137.8478240966797,74899000
2022-10-11,136.4342498779297,138.76084793369003,135.68817645989057,137.33739611427865,77033700
2022-10-12,135.8059539794922,137.78895683135124,135.6292583188671,136.58149154588781,70433700
2022-10-13,140.3708038330078,140.9598044199806,131.90868942611982,132.5173428390662,113224000
2022-10-14,135.84523010253906,141.87276009592642,135.65870802953629,141.66660017858484,88598000
2022-10-17,139.8014373779297,140.282452315822,137.7006369919499,138.48598615048115,85250900
2022-10-18,141.1168975830078,144.01285874624452,138.03441429758362,142.8250309880353,99136600
2022-10-19,141.22486877441406,142.29489928414645,138.90809708603376,139.09461918905455,61758300
2022-10-20,140.76345825195312,143.21766459219867,140.0370077826972,140.40024050696854,64522000
2022-10-21,144.57240295410156,145.1417806685085,140.03701908535325,140.25299045906925,86548600
2022-10-24,146.71246337890625,147.47817461798252,143.3256613631015,144.49386606815804,75981900
2022-10-25,149.54954528808594,149.6968066869272,146.62413491177585,147.34075911907576,74732300
2022-10-26,146.6143035888672,149.20594507644813,145.32828678897533,148.19481318791426,88194300
2022-10-27,142.1476287841797,146.3197794029668,141.48990330767347,145.35773474859954,109180200
2022-10-28,152.88723754882812,154.61499335183578,145.11231396636444,145.4853431294892,164762400
2022-10-31,150.53118896484375,151.4147121907347,149.1372016307876,150.35449330723716,97943200
2022-11-01,147.89047241210938,152.60255171953904,146.3983256985316,152.2393339638939,80379300
2022-11-02,142.37344360351562,149.3826576212183,142.34399432027527,146.22163806624556,93604600
2022-11-03,136.3361053466797,140.18429993575015,136.20848179558848,139.4578493069626,97918500
2022-11-04,136.0706024169922,140.28900066971147,132.13735779737468,139.71867839937045,140814800
2022-11-07,136.60157775878906,136.8277351131925,133.40581664759068,134.82178704829124,83374600
2022-11-08,137.17189025878906,139.06967336647747,135.19544046730184,138.06670690734794,89908500
2022-11-09,132.61917114257812,136.23776400792798,132.34384521853534,136.18859544917657,74917800
2022-11-10,144.4188995361328,144.4188995361328,137.171901375878,138.88286812786214,118854000
2022-11-11,147.20164489746094,147.5064688885728,141.96059578034578,143.38640864839942,93979700
2022-11-14,145.80538940429688,147.7720118834529,144.96956884900007,146.48387656026793,73374100
2022-11-15,147.53598022460938,151.02673737922098,146.08068410249945,149.67960607049233,89868300
2022-11-16,146.3068389892578,147.36881668355312,144.83187247009243,146.6411761367448,64218300
2022-11-17,148.20465087890625,148.95196191687904,143.71091192910288,143.98623783804743,80389400
2022-11-18,148.76510620117188,150.15157823399846,147.4671435564981,149.7680875657841,74829600
2022-11-21,145.5398712158203,147.8604860232478,145.2547175972566,147.65399909356225,58724100
2022-11-22,147.67364501953125,147.9096450709946,144.47788413446048,145.65786938764137,51804100
2022-11-23,148.54885864257812,149.2961698962462,146.8477191377218,146.9558839906078,58301400
2022-11-25,145.6382293701172,146.39538323134536,144.6647458342524,145.83488861865806,35195900
2022-11-28,141.81314086914062,144.19275214587688,140.98716307142482,142.7177853624681,69246000
2022-11-29,138.81402587890625,142.39327767480953,138.007718580844,141.8819517027843,83763800
2022-11-30,145.55955505371094,146.23804217919428,138.20439151332914,139.04019702693043,111380900
2022-12-01,145.83486938476562,146.64119170281938,144.16324348642758,145.73654727553216,71250400
2022-12-02,145.3432159423828,145.53004745802465,143.2192602974079,143.5240993516398,65447400
2022-12-05,144.18289184570312,148.40128929094377,143.3372438141924,145.30386574755366,68826400
2022-12-06,140.5250244140625,144.8417605109046,139.55154080527421,144.61560310834815,64727200
2022-12-07,138.58787536621094,140.97731424983792,137.66356048798676,139.8170142991394,69721100
2022-12-08,140.26931762695312,141.12480845757423,138.7451974772698,139.9841640195035,62128300
2022-12-09,139.78749084472656,143.14058484738695,138.5485094221092,139.96447961702353,76097000
2022-12-12,142.07862854003906,142.08845624970894,138.70586361029962,140.31849324023466,70462700
2022-12-13,143.0422821044922,147.46718252429508,141.8328135242381,147.00502505789572,93886200
2022-12-14,140.82000732421875,144.2124280542218,138.80421630941913,142.9242927483946,82291200
2022-12-15,134.22193908691406,139.43348990576752,133.7597817593244,138.7550029778536,98931900
2022-12-16,132.2651824951172,135.35277902524194,131.4982009688156,134.4088086870883,160156900
2022-12-19,130.16085815429688,132.94362978303496,129.12839371956332,132.85513540362356,79592600
2022-12-20,130.09201049804688,131.02615267577218,127.72222807567753,129.1971941470746,77432800
2022-12-21,133.18948364257812,134.52678732015247,130.5345467103143,130.76070405901197,85928000
2022-12-22,130.023193359375,132.314309508476,128.12541056444581,132.10782262615243,77852100
2022-12-23,129.65940856933594,130.21006041152802,127.47645662054781,128.7350936895975,63814900
2022-12-27,127.85993194580078,129.2169059676245,126.57179689801647,129.18740783707491,69007800
2022-12-28,123.93653869628906,128.8432592520272,123.76937760067855,127.50595548300566,85438400
2022-12-29,127.44695281982422,128.30242867918332,125.5983306446105,125.8539861302219,75703700
2022-12-30,127.7616195678711,127.78128999342299,125.30334902080124,126.26699731697423,77034200
2023-01-03,122.98271179199219,128.71540946850325,122.09773035328112,128.10576142344397,112117500
2023-01-04,124.25118255615234,126.51280092971427,122.9925456360047,124.77233620258212,89113600
2023-01-05,122.93354034423828,125.63764564758301,122.67788488068354,125.00832719533365,80962700
2023-01-06,127.4567642211914,128.11558077623516,122.80570749443298,123.90701849100518,87754700
2023-01-09,127.9779281616211,131.18353181246084,127.72227268810083,128.2925949020793,70790800
2023-01-10,128.54824829101562,129.06940194282927,125.98180587179891,128.08609090104719,63896200
2023-01-11,131.26222229003906,131.2818777117784,128.2827904454057,129.05959971999454,69458900
2023-01-12,131.1835479736328,132.019353473187,129.2464237509339,131.6457054280313,71379600
2023-01-13,132.51100158691406,132.6683349676498,129.46274610687883,129.8265664212103,57809700
2023-01-17,133.67132568359375,134.99878678874634,131.89153482883353,132.57984966159466,63646600
2023-01-18,132.9534912109375,136.29674271738915,132.7764874230637,134.53662257229425,69672800
2023-01-19,133.01248168945312,133.97612225756075,131.53751520588366,131.8423392118264,58280400
2023-01-20,135.569091796875,135.71659745917918,131.98001240951498,133.02231973826562,80223600
2023-01-23,138.75498962402344,140.92811312572633,135.5985553078931,135.81488488739774,81760300
2023-01-24,140.15130615234375,140.77079684177573,137.9585269717819,137.9683546796287,66435100
2023-01-25,139.49252319335938,140.05300275817604,136.49342112366645,138.53871015801215,65799300
2023-01-26,141.55747985839844,141.8426334902846,139.53184628445516,140.78065564701856,54105100
2023-01-27,143.4945831298828,144.77289057415175,140.69215546789684,140.77082215722044,70555800
2023-01-30,140.61349487304688,143.12094131391822,140.46600420175812,142.54079133466578,64015300
2023-01-31,141.8819580078125,141.93112656571586,139.90550801485074,140.31849689379183,65874500
2023-02-01,143.00294494628906,144.16325999959267,138.96155019582764,141.56731895311415,77663600
2023-02-02,148.30296325683594,148.65694079146772,145.69718026187857,146.4149930473278,118339000
2023-02-03,151.9215087890625,154.75344851150095,145.36282797711132,145.55948712358486,154357300
2023-02-06,149.19776916503906,150.54491539574025,148.26362674506663,150.0237617823619,69858300
2023-02-07,152.06906127929688,152.63938353904294,148.12598902287087,148.12598902287087,83322600
2023-02-08,149.38461303710938,152.0002240332312,148.64712974900903,151.31190929849808,64120100
2023-02-09,148.3521270751953,151.75438976697808,147.9096401221254,151.21356571138807,56007100
2023-02-10,148.7165069580078,149.0414968354293,146.95369947058745,147.1900598433605,57450700
2023-02-13,151.51339721679688,151.91715888947925,148.62788900472555,148.65743217523777,62199000
2023-02-14,150.87326049804688,151.43461079325414,148.56880303013764,149.8096612758476,61707600
2023-02-15,152.970947265625,153.13836360909013,150.5581593331422,150.7846620299423,65573800
2023-02-16,151.37550354003906,153.95570692832584,151.02097051495025,151.17852906062296,68167900
2023-02-17,150.23316955566406,150.67633223329352,148.55899109181487,150.03621003527854,59144100
2023-02-21,146.22491455078125,149.0020922304812,146.1559855092862,147.91879277519925,58867200
2023-02-22,146.6484375,147.67263591965713,144.9250155718982,146.60903658364012,51011300
2023-02-23,147.13099670410156,148.05672295415894,145.0038129046831,147.81051980369892,48394200
2023-02-24,144.48184204101562,144.9545478123535,143.50687229977612,144.87576101262292,55469600
2023-02-27,145.6734619140625,146.90447752822308,145.21059884097443,145.46665970602933,44998500
2023-02-28,145.1711883544922,146.81582313308783,144.5999954030627,144.81665531660641,50547000
2023-03-01,143.1031036376953,144.99394185647634,142.80765687884437,144.600022862706,55479000
2023-03-02,143.69395446777344,144.4818072483105,141.71447229045577,142.18719297500317,52238100
2023-03-03,148.7362060546875,148.8149928448926,145.0924034132026,145.79161175732688,70732300
2023-03-06,151.4936981201172,153.92618602775224,151.1293223291666,151.4542972077173,87558000
2023-03-07,149.29754638671875,151.69063299374776,148.83468341689917,151.3656431408717,56182000
2023-03-08,150.54827880859375,151.13917230662574,149.52408044265695,150.48919246419973,47204800
2023-03-09,148.30288696289062,152.19289270805663,147.9483539187185,151.22778082054958,53833600
2023-03-10,146.2446746826172,148.64761988981078,145.36819204822754,147.92871088177273,68572400
2023-03-13,148.1847381591797,150.81418573238946,145.45680332509693,145.56513330123872,84457100
2023-03-14,150.27252197265625,151.07021762009597,147.82034869008896,148.98242012042218,73695900
2023-03-15,150.6664276123047,150.9224733808993,147.6430468705848,148.89376260307495,77167900
2023-03-16,153.4830322265625,154.08376844517147,149.33696504123728,149.84907174243986,76161100
2023-03-17,152.6459197998047,154.35949876084172,151.93685367986137,153.70951897971963,98944600
2023-03-20,155.00946044921875,155.4230948668754,151.80882025865256,152.71486085947325,73641400
2023-03-21,156.8609161376953,156.9790888157361,154.1625247817563,154.93069227015488,73938300
2023-03-22,155.43295288085938,159.67749219321786,155.41325242402124,156.88062840402722,75701800
2023-03-23,156.5162353515625,159.0964541870748,155.28521978995877,156.41776312286146,67622100
2023-03-24,157.81617736816406,157.90480687220796,155.45263376473136,156.44728881765926,59196500
2023-03-27,155.87608337402344,158.32827131215595,155.47230674076903,157.51087533277843,52390300
2023-03-28,155.2556915283203,156.08294548571627,153.61105638332387,155.57083875533723,45992200
2023-03-29,158.32827758789062,158.60402382956926,156.92984592593675,156.94953135245441,51305700
2023-03-30,159.8941650390625,160.0024950198449,158.8207229739758,159.07676882534926,49501700
2023-03-31,162.3955841064453,162.49407137264149,159.4510041879724,159.97295363930863,68749800
2023-04-03,163.64627075195312,163.76444342844442,161.725889623748,161.7751332479675,56976200
2023-04-04,163.114501953125,164.3061166832112,162.60239523685718,164.06977129650792,46278300
2023-04-05,161.27288818359375,162.54330471265868,159.34266411557562,162.2380152446489,51511700
2023-04-06,162.15921020507812,162.45465692468338,159.5396056660462,159.96306777674639,45390100
2023-04-10,159.5691680908203,159.5691680908203,157.6487867222166,158.96843186504725,47716900
2023-04-11,158.3578643798828,159.89416958590462,158.07226031922266,159.88432686993428,47644200
2023-04-12,157.66845703125,159.59868074602483,157.35330987869057,158.77144201112134,50133100
2023-04-13,163.04554748535156,163.28190788405584,158.96842452673738,159.1752417539843,68445600
2023-04-14,162.7008819580078,163.79402444901268,161.3319931654023,162.09028798128088,49386500
2023-04-17,162.72055053710938,162.8781241294329,161.53877864877254,162.5826774005875,41516200
2023-04-18,163.94171142578125,164.86743742961687,163.13415809407996,163.57733566867122,49923000
2023-04-19,165.08412170410156,165.60607111909823,163.02585218946155,163.2819130529251,47720200
2023-04-20,164.11895751953125,165.32042968183282,163.0455157599964,163.5674650569094,52456400
2023-04-21,162.51373291015625,163.92200731179602,161.99178358382397,162.54327607753027,58337300
2023-04-24,162.81903076171875,163.08493430890758,161.40089854610392,162.49404087672,41949600
2023-04-25,161.28274536132812,163.78416246885476,161.24334444666383,162.68117729099055,48714100
2023-04-26,161.27288818359375,162.7698073781101,160.32747660698578,160.58352244501583,45498800
2023-04-27,165.85227966308594,165.99999552987848,162.68118215487013,162.68118215487013,64902300
2023-04-28,167.10296630859375,167.27039764589344,165.33031595199535,165.93105213681218,55275900
2023-05-01,167.01434326171875,167.86128258741087,166.07877442017465,166.70905380019818,52472900
2023-05-02,165.98028564453125,167.76280882251325,164.9954731830596,167.50674796522142,48425700
2023-05-03,164.90684509277344,168.32414556576836,164.6212560883793,166.925713661642,65136000
2023-05-04,163.27203369140625,164.50304913491388,161.8145156138655,162.38570858289833,81235400
2023-05-05,170.93389892578125,171.65280778469676,168.1665634032941,168.38322333782398,113453200
2023-05-08,170.86495971679688,171.20965008439242,169.49607101524845,169.86044681233003,55962800
2023-05-09,169.1612091064453,170.90431601807424,168.99379282252266,170.42176761942747,45326900
2023-05-10,170.92404174804688,171.38690478906514,169.28924951921832,170.39224965147537,53724500
2023-05-11,171.11114501953125,171.9383837832071,169.55513971049686,171.2096322648924,49514700
2023-05-12,170.1841583251953,171.653548851867,168.6358569767775,171.21962961924467,45533100
2023-05-15,169.6910400390625,170.8152782783789,169.09932936665282,170.76596654770685,37266700
2023-05-16,169.6910400390625,170.7462388458725,169.4247687316954,169.6121442795527,42110300
2023-05-17,170.302490234375,170.53916250241704,168.06386972955488,169.3360433616003,57951600
2023-05-18,172.62985229492188,172.81722786089622,170.19400003291315,170.60819152451643,65496700
2023-05-19,172.73834228515625,173.9513327998332,172.5213826746833,173.9513327998332,55809500
2023-05-22,171.79161071777344,172.2945693897219,171.05197977463047,171.57465110395842,43570900
2023-05-23,169.1881103515625,170.9829553293692,168.9119826700276,170.7364116817252,50747300
2023-05-24,169.4642333984375,170.03621645106807,168.16249079935005,168.7246024757336,45143500
2023-05-25,170.5983428955078,171.4957503105663,169.3163129553576,170.02635984381527,56058300
2023-05-26,173.00462341308594,173.33993425328168,170.71670589408566,170.92380920574092,54835000
2023-05-30,174.84877014160156,176.51540772383512,174.1288668535482,174.51347436884586,55964400
2023-05-31,174.79945373535156,176.87042648421155,174.3162227478627,174.87834951174753,99625300
2023-06-01,177.6001739501953,177.62975798334406,174.4838587106697,175.24321733975688,68901800
2023-06-02,178.44825744628906,179.2667840167609,176.78162027671132,178.5271532052556,61996900
2023-06-05,177.0972442626953,182.3929972823034,175.57852688511534,180.10507993454968,121946500
2023-06-06,176.73233032226562,177.6297376380402,174.97692595213158,177.4818174892389,64848400
2023-06-07,175.361572265625,178.70470351330488,174.8684849721747,175.97299569419778,61944600
2023-06-08,178.0735626220703,178.33981894141047,175.0065588784877,175.44046308150416,50214900
2023-06-09,178.4581756591797,179.71060666093933,178.13273621096323,178.99070336218668,48900000
2023-06-12,181.2490234375,181.34764691680866,178.468018885392,178.7638742754878,54274900
2023-06-13,180.7756805419922,181.60406367252176,179.91771337450308,180.27273686584886,54929100
2023-06-14,181.4068145751953,181.84073380664427,179.50350482104812,180.83483150172444,57462900
2023-06-15,183.4383087158203,183.94126732878541,181.23914384950322,181.416663079911,65433200
2023-06-16,182.3634033203125,184.40479194393566,181.72239585614398,184.14837692000424,101256200
2023-06-20,182.4521484375,183.52709013546678,181.8604527350327,181.8604527350327,49799100
2023-06-21,181.41671752929688,182.8466679379569,180.06564786023924,182.3437091740366,49515700
2023-06-22,184.41465759277344,184.46396933431626,181.13069423738702,181.19973368511316,51245300
2023-06-23,184.09906005859375,184.96689848868263,182.45215034536935,182.98469303577104,53117000
2023-06-26,182.70855712890625,185.45012108460458,182.66910172140945,184.24698696904443,48088700
2023-06-27,185.45997619628906,185.78541559077308,183.10301971608257,183.31997931240525,50730800
2023-06-28,186.63356018066406,187.2745677103686,185.00637796044083,185.33180236622022,51216800
2023-06-29,186.96885681152344,187.44223149955704,186.3278492789131,186.46591313429835,46347300
2023-06-30,191.2882843017578,191.79122791985353,188.6157445714927,188.98063939826477,85213200
2023-07-03,189.79916381835938,191.19952989799955,189.10882958307744,191.10090642215079,31458200
2023-07-05,188.68478393554688,190.311965971159,187.98459336367247,188.92147125163748,46920300
2023-07-06,189.1581268310547,189.36523009534062,186.5842108059987,187.21536187872596,45094300
2023-07-07,188.04379272460938,190.00628587990153,187.60988847797856,188.76371112125616,46815000
2023-07-10,186.00238037109375,187.36330604998784,184.45407912216882,186.6433878022031,59922200
2023-07-11,185.47972106933594,186.68285528837708,184.02018687082855,186.5447914459214,46638100
2023-07-12,187.1463623046875,189.04967210294507,185.86433228601203,187.05759515232103,60750200
2023-07-13,187.90567016601562,188.5466925772649,187.1561830128643,187.86622980967195,41342300
2023-07-14,188.0536346435547,188.53685056119244,187.00829198764853,187.59998771190843,41616200
2023-07-17,191.3080291748047,191.6334686208352,189.1581605746784,189.2469126832782,50520200
2023-07-18,191.0515899658203,191.64330071063998,189.75970372238763,190.6768538720752,48288200
2023-07-19,192.40269470214844,195.4894113562338,189.9865545896983,190.4303452538346,80507300
2023-07-20,190.4598846435547,193.7537038386121,189.83858989767532,192.39277822300156,59581200
2023-07-21,189.28636169433594,192.2744696321092,188.5861710830146,191.41650251566858,71951700
2023-07-24,190.0851593017578,192.21530010696893,189.59207198839397,190.73603816687742,45377800
2023-07-25,190.94309997558594,191.75177028050072,190.25278084201756,190.65711599447494,37283200
2023-07-26,191.81094360351562,192.93518195125802,190.64726489612826,190.99241694846552,47471900
2023-07-27,190.54864501953125,194.47361545879667,189.88790988625553,193.30993672945922,47460200
2023-07-28,193.12257385253906,193.91151654263126,191.4559363697747,191.97860770429688,48291400
2023-07-31,193.7340087890625,193.77346420221568,192.56045853696887,193.34940127389015,38824100
2023-08-01,192.90562438964844,194.01013518521242,192.5801849485631,193.52691923606866,35175100
2023-08-02,189.91748046875,192.48152505166297,189.19757732195913,192.34346122833557,50389300
2023-08-03,188.52700805664062,189.71041463976601,188.0536484329567,188.92148694956984,61235200
2023-08-04,179.47390747070312,184.78938756590674,179.4048680308995,182.95510234495143,115956800
2023-08-07,176.37734985351562,180.59817633552169,174.8980878140883,179.61200164257014,97576100
2023-08-08,177.31417846679688,177.77768168655697,175.1248698685598,177.20569866966517,67823000
2023-08-09,175.72645568847656,178.42856448196,174.56276182695083,178.3693964131728,60378500
2023-08-10,175.5094757080078,178.25103959448677,175.1445959609342,176.99859377509202,54686900
2023-08-11,175.56875610351562,176.38838822312198,174.34425781198718,175.10464195853916,52036700
2023-08-14,177.21788024902344,177.44500246999712,175.09473274674426,175.74649049543365,43675600
2023-08-15,175.2329864501953,177.23762299403361,174.8379899652799,176.6451282666605,43622600
2023-08-16,174.364013671875,176.30938743269644,174.29488099061055,174.91701484938284,46964900
2023-08-17,171.8261260986328,175.29226839022536,171.31261851419777,174.92689581745674,66062900
2023-08-18,172.30999755859375,172.9123770667114,169.8116075662743,170.14735612669347,61172200
2023-08-21,173.64309692382812,173.92948217703207,171.56934282132403,172.88272795365145,46311900
2023-08-22,175.01571655273438,175.46009132134986,174.04796471270419,174.84784230984178,42038900
2023-08-23,178.8571319580078,179.28176749229362,176.1019960768648,176.28962468028294,52722800
2023-08-24,174.1763916015625,178.8374232276998,173.8110039705464,178.4127876208845,54945800
2023-08-25,176.3784942626953,176.91174101480664,173.62335841851225,175.16386577811136,51449600
2023-08-28,177.93878173828125,178.33377827348758,176.31927183489213,177.8400250704037,43820700
2023-08-29,181.81964111328125,182.58989476243158,177.25736718090633,177.4548654120463,53003900
2023-08-30,185.3055419921875,185.50305529692773,182.43191025327192,182.62940848986258,60813900
2023-08-31,185.5228271484375,186.75721017905872,185.13770024560978,185.49320316115478,60794500
2023-09-01,187.0929412841797,187.54718572230075,185.92767607044595,187.1225652663115,45766500
2023-09-05,187.32994079589844,187.6064413525269,185.26605625958229,185.92768366781115,45280000
2023-09-06,180.62477111816406,186.49056063180015,179.2027597126584,186.0461707664675,81755800
2023-09-07,175.34161376953125,175.98350189646143,171.37183427986267,172.99134398653018,112488800
2023-09-08,175.953857421875,177.9881329660241,175.56873058484743,176.121746745329,65551300
2023-09-11,177.11912536621094,178.0473836718388,175.1243584797436,177.82026144859472,58953100
2023-09-12,174.09738159179688,177.8795329175836,172.63587633671216,177.2475294233725,90370200
2023-09-13,172.0334930419922,175.0848841389881,171.80635572558617,174.30474566083996,84267900
2023-09-14,173.54440307617188,173.89990602984025,171.4113853541615,171.82613628874898,60895800
2023-09-15,172.82345581054688,174.29484548306786,171.64833608181547,174.2750911398521,109259500
2023-09-18,175.74649047851562,177.13887792290447,173.9689761950564,174.2751007250675,67257600
2023-09-19,176.832763671875,177.38576479928514,174.91699900323943,175.30212586469654,51826900
2023-09-20,173.29750061035156,177.45489404541186,173.20861358406935,177.0203888259045,58436200
2023-09-21,171.7569580078125,174.0973581099587,171.6878404044714,172.36922214048295,63149100
2023-09-22,172.60623168945312,174.8676297137013,171.87548661966315,172.48773574692532,56725400
2023-09-25,173.88011169433594,174.75899170155245,171.97421669351675,172.02359502231215,46172700
2023-09-26,169.81161499023438,173.01112622988728,169.5153600429677,172.63588402695854,64588900
2023-09-27,168.30068969726562,170.87808171574733,166.93794126401278,170.46333088230946,66921800
2023-09-28,168.55743408203125,169.88068876106084,165.52578284422083,167.22429469748067,56294400
2023-09-29,169.07095336914062,170.90771561508154,168.21181267677895,169.870831028669,51861100
2023-10-02,171.57923889160156,172.12237043121976,168.79446358018748,169.08084887750982,52164500
2023-10-03,170.24609375,171.46073744550782,168.6858469308082,170.1078434596355,49594600
2023-10-04,171.49034118652344,172.03347264460572,168.83394692911625,168.95244285882518,53020300
2023-10-05,172.72474670410156,173.25799352598938,170.52259660006877,171.6187292983148,48527900
2023-10-06,175.2725067138672,175.76625988669193,171.0163417068709,171.6286058875163,57266700
2023-10-09,176.7537841796875,176.81303215553828,173.6036362062995,174.6010122921434,42390800
2023-10-10,176.16123962402344,177.4746247468579,175.72673446240606,175.87486944103904,43698000
2023-10-11,177.5536346435547,177.60301297187604,175.3811238107674,175.9736185461729,47551100
2023-10-12,178.4522705078125,180.06189553412176,176.80312172309905,177.82026707710477,56743100
2023-10-13,176.61550903320312,179.6570151987734,175.91437292525092,179.1533924067404,51427100
2023-10-16,176.4871063232422,176.8426091520335,174.3047110276888,174.54171793626585,52517000
2023-10-17,174.9367218017578,176.19085892709333,172.6160912129652,174.44296868905948,57549400
2023-10-18,173.64309692382812,175.36136323860268,172.92222157401596,173.38635072108465,54764400
2023-10-19,173.26788330078125,175.6181383369893,173.0012523479638,173.84062376512662,59302900
2023-10-20,170.7200927734375,173.22835212793277,170.4830858385587,173.11972583296543,64244000
2023-10-23,170.838623046875,171.83599917885627,167.80697088494813,168.7747380957869,55980100
2023-10-24,171.27310180664062,171.50022404547477,169.30795876796012,170.88797493724758,43816600
2023-10-25,168.96234130859375,170.89784530264086,168.51795139973865,169.73259505065448,57157000
2023-10-26,164.80494689941406,169.23885617849143,163.6001878537521,168.24146504420852,70625300
2023-10-27,166.11830139160156,166.8490614359056,164.745668316651,164.82467062426355,58499100
2023-10-30,168.16244506835938,169.03145545417337,166.7601878982554,166.90832288755587,51131000
2023-10-31,168.63644409179688,168.764809656098,165.8022909489589,167.23418704526227,44846000
2023-11-01,171.7964630126953,172.0532092124064,167.99455793411695,168.86356825336904,56934900
2023-11-02,175.3514862060547,175.55885407348563,173.2678474852133,173.32709544733643,77334800
2023-11-03,174.44297790527344,174.61086723243213,171.1842192438163,172.06309922812656,79829200
2023-11-06,176.9907684326172,177.1882666996337,174.0085099439187,174.1763842242903,63841300
2023-11-07,179.5484161376953,180.1606652677133,176.7340169447808,176.94138484513783,70530000
2023-11-08,180.6050567626953,181.15805797213443,179.32129534469576,180.07180990163698,49340300
2023-11-09,180.13104248046875,181.81966995293175,179.53853262491765,180.67417400336535,53763500
2023-11-10,184.3136749267578,184.48178544542026,181.475802800193,181.9108804268445,66133400
2023-11-13,182.7315673828125,183.94779597294095,182.1481747757102,183.74015491726047,43627500
2023-11-14,185.342041015625,186.00454008995078,184.21480130754796,185.59912547957174,60108400
2023-11-15,185.9056396484375,187.3789678351275,185.67821821290843,185.74744196041772,53790500
2023-11-16,187.5866241455078,188.8226331691939,186.53847581950137,187.44819173837502,54412900
2023-11-17,187.56687927246094,188.24915879673333,186.45941980581802,188.1206090057824,50922700
2023-11-20,189.30714416503906,189.76200213676566,187.75472463510502,187.76460727588125,46505100
2023-11-21,188.5062255859375,189.37638084971888,187.61630503925363,189.2676114417462,38134500
2023-11-22,189.168701171875,190.7705639920827,188.69407794514686,189.34669431189826,39617700
2023-11-24,187.84375,188.76333367409984,187.13180743837248,188.73367065803237,24048300
2023-11-27,187.66575622558594,188.53591159550703,186.78571821300812,187.79430602014355,40552600
2023-11-28,188.2689208984375,188.94131776896225,187.28011350908017,187.65586514519703,38415400
2023-11-29,187.25045776367188,189.9400151741752,186.85494082777598,188.7633319210795,43014200
2023-11-30,187.82391357421875,188.18978247653794,186.0836184362666,187.71514418509676,48794400
2023-12-01,189.09950256347656,189.4159130354433,187.11199034893104,188.1996843513192,45704800
2023-12-04,187.30975341796875,187.92282418358675,185.35191925319242,187.85360043262926,43389500
2023-12-05,191.25511169433594,192.22413865175915,188.05137051787239,188.08104861869373,66628400
2023-12-06,190.16741943359375,192.58009647341478,189.95976327032974,192.27356863697858,41089700
2023-12-07,192.09559631347656,192.81742141001197,191.42319951100376,191.46276025185608,47477700
2023-12-08,193.5194854736328,193.79635031367135,191.50231010992096,192.02637677770835,53406400
2023-12-11,191.01780700683594,191.32434997590968,189.27751140798418,190.948598334338,60943700
2023-12-12,192.53067016601562,192.54055280703432,189.57413099725628,190.9189094878757,52696900
2023-12-13,195.74429321289062,195.7838388648497,192.66910200901862,192.90640609677627,70404200
2023-12-14,195.8926239013672,197.3857175620074,193.964452594447,195.8036348613561,66831600
2023-12-15,195.35867309570312,196.1793699091571,194.79504567055722,195.3191123528845,128538400
2023-12-18,193.69744873046875,194.42917151631295,192.214237877434,193.89520715993984,55751900
2023-12-19,194.73573303222656,194.74561567460933,193.6974822378966,193.964464462268,40714100
2023-12-20,192.6493377685547,195.46742966263125,192.6493377685547,194.69616113684165,52242800
2023-12-21,192.5009765625,194.8741228719849,191.33419132020353,193.9050960501454,46482500
2023-12-22,191.43310546875,193.2228443252002,190.81015202156473,192.9954077755279,37149600
2023-12-26,190.88926696777344,191.71986154255086,190.67172813799795,191.44299668429173,28919300
2023-12-27,190.98812866210938,191.33421726083122,188.95118798803827,190.33552729492325,48087700
2023-12-28,191.41331481933594,192.48122849088116,191.00790021395272,191.96704448132198,34049900
2023-12-29,190.3750762939453,192.2241411947973,189.5840274029703,191.72973752393827,42672100
2024-01-02,183.5621795654297,186.33084291740326,181.83176685644636,185.0552730997862,82488700
2024-01-03,182.18775939941406,183.79952025374087,181.37693010719954,182.15809638511382,58414500
2024-01-04,179.87391662597656,181.04070184894312,178.85544644389557,180.11122069139344,71983600
2024-01-05,179.15211486816406,180.71443234786256,178.1534248404595,179.95306152436652,62379700
2024-01-08,183.4830780029297,183.52263874374273,179.46852282651062,180.0519155054874,59144500
2024-01-09,183.0677947998047,183.07767744176536,180.68476543102267,181.8614486084712,42841800
2024-01-10,184.1060333251953,184.31367440860302,181.8614365329183,182.2866315170422,46792900
2024-01-11,183.51275634765625,184.9564217479187,181.56480461990643,184.45212033242825,49128400
2024-01-12,183.83905029296875,184.64987951630312,183.11722519297732,183.97748271061099,40477800
2024-01-16,181.57467651367188,182.19761480887055,178.90488492167398,180.1211286782067,65603000
2024-01-17,180.6352996826172,180.88250149305736,178.2819487070673,179.24109293861534,47317400
2024-01-18,186.51870727539062,187.0229935165519,183.75004409317066,184.00712853391946,78005800
2024-01-19,189.41592407226562,189.80155831594578,186.70660172518024,187.21088801676132,68903000
2024-01-22,191.71983337402344,193.14371820043874,190.1080727596782,190.14763349819026,60133900
2024-01-23,192.99537658691406,193.55900391718882,191.6604959575266,192.8371789062756,42355600
2024-01-24,192.32301330566406,194.18197579456825,192.16480052192722,193.23271418014866,53631300
2024-01-25,191.99673461914062,194.07323623297103,190.94860116972282,193.03498542605584,54822100
2024-01-26,190.2662811279297,192.5800863732271,189.7916578927919,192.09558049769083,44594000
2024-01-29,189.5840301513672,190.04877081575225,187.45810037105477,189.86089500402176,47145600
2024-01-30,185.93531799316406,189.65324309628332,185.37170567810733,188.80286821503816,55859400
2024-01-31,182.33607482910156,185.00586682539145,182.28664653050623,184.94652570867123,55467800
2024-02-01,184.7685546875,184.85754373397813,181.7625867762094,181.93068222666935,64885400
2024-02-02,183.7698211669922,185.2332515745558,177.24368771791086,177.84686070362292,102551700
2024-02-05,185.57936096191406,187.13179578344227,183.75995901240586,186.04410163536497,69668800
2024-02-06,187.1812286376953,187.19111127921153,184.67954732588265,184.76853636353553,43490800
2024-02-07,187.28997802734375,188.91162125480523,186.49892923853312,188.5062066759397,53439000
2024-02-08,186.21221923828125,187.41855040104747,185.25307484073457,187.27023532431497,40962000
2024-02-09,186.9745330810547,188.10321111496148,186.13296840440984,186.77650719907678,45155200
2024-02-12,185.29141235351562,186.796321504533,184.9349868995182,186.54880424779185,41781900
2024-02-13,183.20236206054688,184.360756090923,181.68755769129083,183.92512331150874,56529500
2024-02-14,182.32119750976562,183.68749754312392,180.6281880058035,183.47959151637605,54630500
2024-02-15,182.03408813476562,182.65783644316613,179.5490203671251,181.72716915991907,65434500
2024-02-16,180.49948120117188,183.0142649801448,179.86583763061847,181.59845842120637,49752500
2024-02-20,179.75692749023438,180.61828269677792,178.21242224791314,179.98463913307552,53665600
2024-02-21,180.50941467285156,181.07374623255754,178.8658962581704,180.13318356154335,41371400
2024-02-22,182.53903198242188,183.1231842228548,180.64801151557128,181.65787110291916,52292200
2024-02-23,180.70741271972656,183.20237592421455,180.42028422645075,183.17267506039363,45119700
2024-02-26,179.3609161376953,180.9450175834942,178.85597124394113,180.43019254491847,40867400
2024-02-27,180.81629943847656,182.09348175278842,177.77678047240937,179.3014951345761,54318900
2024-02-28,179.6183319091797,181.30144633523983,178.34114943443706,180.69750358801915,48953900
2024-02-29,178.9550018310547,180.75693496542868,177.74711623943745,179.46984202762675,136682600
2024-03-01,177.87582397460938,178.7371792855814,175.61846756104012,177.76691576574171,73563100
2024-03-04,173.36109924316406,175.14321147352493,172.06409607852763,174.4006596751229,81510100
2024-03-05,168.43055725097656,170.33148818677603,167.93552268101038,169.06420089624305,95132400
2024-03-06,167.44046020507812,169.53941670485264,167.00482743895031,169.36119643359416,68587700
2024-03-07,167.3216552734375,169.0344703547855,166.81672553933012,167.47015957545335,71765100
2024-03-08,169.03448486328125,171.9749911536114,167.26226790901475,167.32166963491963,76267000
2024-03-11,171.034423828125,172.64824117092596,170.34137853305091,171.22253935977105,60139500
2024-03-12,171.5096435546875,172.30170175265368,169.3116892312768,171.43043622416553,59825400
2024-03-13,169.43051147460938,171.4700511814422,169.0641756745517,171.05422401757613,52488700
2024-03-14,171.28192138671875,172.5789092413306,170.34135894390695,171.19281881058188,72913500
2024-03-15,170.90570068359375,170.90570068359375,168.5988381717502,169.47010369924573,121752700
2024-03-18,171.9947967529297,175.94517770513775,171.7967859641753,173.82643054023092,75604200
2024-03-19,174.3313751220703,174.8561105550952,171.31166123855039,172.6086493883763,55215200
2024-03-20,176.89564514160156,176.89564514160156,173.35119593354977,173.97494430389506,53423100
2024-03-21,169.6681365966797,175.72736975318543,169.14340118299,175.29173693263047,106181300
2024-03-22,170.56912231445312,171.33147983629345,168.37116745936027,170.05428209514795,71160100
2024-03-25,169.15328979492188,170.23246134793257,167.76718417070535,168.8760716915293,54288300
2024-03-26,168.02462768554688,169.71763732680742,167.8959138727621,168.31174106723407,57388400
2024-03-27,171.58885192871094,171.87598039200594,168.42063422483255,168.7176579392829,60273300
2024-03-28,169.77703857421875,170.51959037094832,168.81667037520143,170.0443614510728,65672700
2024-04-01,168.3414306640625,169.54931605122675,167.79688969325008,169.48991432845702,46240500
2024-04-02,167.16326904296875,167.65830361021796,166.55932626663449,167.40089107386055,49329500
2024-04-03,167.9652099609375,168.98497988400436,166.90584392266877,167.11374996517486,47691700
2024-04-04,167.1434326171875,170.212637026558,167.1434326171875,168.5988199463773,53704400
2024-04-05,167.8959197998047,168.69787335368648,167.2721714324497,167.90581505219322,42104800
2024-04-08,166.7771453857422,167.51969724864153,166.56923932419392,167.35138730592178,37425500
2024-04-09,167.9850311279297,168.3909631058002,166.6781477036779,167.02466284236104,42373800
2024-04-10,166.11378479003906,167.4107728345435,165.45044033625643,167.12365945587084,49709300
2024-04-11,173.3016815185547,173.7175238179071,166.49001666248702,166.66822184170525,91070300
2024-04-12,174.79669189453125,176.5887144383463,172.47993396851362,172.52942533467058,101670900
2024-04-15,170.97503662109375,174.8759113224836,170.7869210734751,173.61851932570818,73531800
2024-04-16,167.69790649414062,172.0343988146065,166.59892920522176,170.04436539186383,73711200
2024-04-17,166.33160400390625,168.95528100035153,166.33160400390625,167.9256158132339,50901200
2024-04-18,165.381103515625,166.96521980912772,164.8959794200199,166.36127717179573,43122900
2024-04-19,163.3614044189453,164.7474951408098,162.4505426435407,164.55939469854349,68149400
2024-04-22,164.1930694580078,165.5989658830707,163.13370328942287,163.87625517565544,48116400
2024-04-23,165.2425079345703,165.391027347015,163.28217556978177,163.7079130900853,49537800
2024-04-24,167.34149169921875,167.6187098522012,164.5593998092657,164.8861093338651,48251800
2024-04-25,168.20281982421875,168.91567070440144,166.48009434590165,167.84639438412742,50558300
2024-04-26,167.6186981201172,169.63843239437367,167.49987955768663,168.19293999888993,44838400
2024-04-29,171.77699279785156,174.28186646983917,171.38097119165224,171.64827897757164,68169400
2024-04-30,168.63845825195312,173.25218351807536,168.31173366197407,171.6086653165762,65934800
2024-05-01,167.6186981201172,170.99483730573115,167.43058257791944,167.8959162536964,50383100
2024-05-02,171.31166076660156,171.69778712393833,169.19291342760516,170.79682058773386,94214900
2024-05-03,181.55885314941406,185.14289799826793,180.84600228009177,184.796367814728,163224100
2024-05-06,179.90545654296875,182.3707188474722,178.62825898838415,180.53910014061182,78569700
2024-05-07,180.58859252929688,183.06376520709566,179.51933122687228,181.6281680754234,77305800
2024-05-08,180.9252166748047,181.25194126160505,179.64801918938014,181.0341248704048,45057100
2024-05-09,182.73707580566406,182.8261784061232,180.30149897565002,180.74702708520252,48983000
2024-05-10,181.47796630859375,183.50044009541958,180.56586910059414,183.31206939842306,50759500
2024-05-13,184.68019104003906,185.4931559868038,183.03444380225457,183.84740874901934,72044800
2024-05-14,185.82034301757812,186.6828817403559,184.6901339480471,185.89965779253163,52393600
2024-05-15,188.09068298339844,189.01268886802714,185.76085876781028,186.2962297111884,70400000
2024-05-16,188.2096405029297,189.458829238671,188.03119361367854,188.83423487080034,52845200
2024-05-17,188.23939514160156,189.17132485957902,187.55531842828847,187.88248620977504,41282900
2024-05-20,189.3993377685547,190.2717851507536,187.38677266186554,187.70403175639103,44361300
2024-05-21,190.69808959960938,191.07481584379752,189.28036268210627,189.44890089382775,42309400
2024-05-22,189.26051330566406,191.16403734183464,188.63593413629764,190.6187578068766,34648500
2024-05-23,185.2750701904297,189.35968258649532,185.02721720275102,189.3398501117122,51005900
2024-05-24,188.3484344482422,188.94328765804346,186.42509288132968,187.19840810516956,36327000
2024-05-28,188.35836791992188,191.3425125399711,187.4760118609873,189.86530324069457,52280100
2024-05-29,188.65579223632812,190.59896650948673,187.88249204796585,187.98163930401122,53068000
2024-05-30,189.647216796875,190.52957297399752,188.99289629815092,189.12176958621487,49889100
2024-05-31,190.5989532470703,190.9162123421418,188.27905284340878,189.7959119633218,75158300
2024-06-03,192.3636474609375,193.31540952983562,190.86662095571478,191.24334718637152,50080500
2024-06-04,192.68092346191406,193.64259428823095,191.3722523931234,192.96842627855952,47471400
2024-06-05,194.18785095214844,195.20900403542353,193.19643901671662,193.72188613227584,54156800
2024-06-06,192.80979919433594,194.8124556459051,192.5024638984892,194.0094143560484,41181800
2024-06-07,195.19908142089844,195.2486550396786,192.4726987931798,192.9783133981505,53103900
2024-06-10,191.46145629882812,195.60556579928584,190.49978557066368,195.20899197297106,97010200
2024-06-11,205.37095642089844,205.3808802210458,191.96707924808354,191.98689659289002,172373300
2024-06-12,211.2401580810547,218.3089152196564,205.1231328450552,205.58909768640683,198134300
2024-06-13,212.4001007080078,214.888539245905,209.7827737762817,212.8958066808934,97862700
2024-06-14,210.6651153564453,213.32209192759066,209.48533280144244,212.01343611534222,70122700
2024-06-17,214.8092041015625,217.06962191331422,210.89313031273133,211.53754196526575,93728300
2024-06-18,212.44964599609375,216.7523850703462,211.17073132176122,215.7213082393038,79943300
2024-06-20,207.87925720214844,212.40010854906527,207.0563985691976,212.09275812722348,86172500
2024-06-21,205.70806884765625,210.07027533194446,205.33132746963062,208.58315742215362,241805100
2024-06-24,206.3524627685547,210.87329840415435,204.81577136869439,205.93607160503834,80727000
2024-06-25,207.27447509765625,209.5646339662685,206.81841900726565,207.35377473031713,55549700
2024-06-26,211.41859436035156,213.01476817493463,208.8310086144187,209.68362348048936,66213200
2024-06-27,212.2613067626953,213.88722177256454,210.5263358320774,212.8462361886446,49772700
2024-06-28,208.81117248535156,214.21437951883613,208.4939285392998,213.91695291908772,82542700
2024-07-01,214.88851928710938,215.6419868499251,210.09999821846176,210.2685364182596,60402900
2024-07-02,218.37828063964844,218.4873365423676,213.25268346733495,214.29365375141188,58046200
2024-07-03,219.64732360839844,219.64732360839844,217.1489612238199,218.11063203893852,37369800
2024-07-05,224.3961639404297,224.5052198536283,219.7464397478406,219.7464397478406,60412400
2024-07-08,225.8634796142578,225.89322076278884,221.3327197032473,225.13973799267995,59085900
2024-07-09,226.71607971191406,227.42989753320916,224.4259205051531,225.97252074204383,48076100
2024-07-10,230.97915649414062,231.0783037422216,227.28119408246098,227.3307677065015,62627700
2024-07-11,225.61563110351562,230.39422897123262,223.83108651749725,229.40281699319425,64710600
2024-07-12,228.5601043701172,230.64207551688347,226.71607753741577,226.9540218514806,53046500
2024-07-15,232.386962890625,235.1926606193721,231.0882156126273,234.44910163171727,62631300
2024-07-16,232.8033447265625,234.24088892580107,230.3347237014565,232.98179160349451,43234300
2024-07-17,226.91436767578125,229.47221227385296,224.69359950369105,227.47946461019197,57345900
2024-07-18,222.25473022460938,228.46097889584826,220.36114484151935,228.3023493485251,66034600
2024-07-19,222.38360595703125,224.8522270905052,221.36245288688534,222.88923571935766,49151500
2024-07-22,222.03663635253906,225.82382229500527,221.17409763275575,225.06043082550624,48201800
2024-07-23,223.0775909423828,224.9910238167192,220.76759935066607,222.44308791792702,39960300
2024-07-24,216.6631622314453,222.86941075843336,215.26528287042115,222.07627816799848,61777600
2024-07-25,215.6221923828125,218.95333716975932,212.77682977395946,217.04981289629316,51391200
2024-07-26,216.08815002441406,217.6050090608147,214.15488466672127,216.8217851678197,41601300
2024-07-29,216.36573791503906,217.41663210574902,213.89711684474761,215.0967318967012,36311800
2024-07-30,216.92092895507812,218.43778796730905,214.2639371695869,217.3075789949067,41643800
2024-07-31,220.17276000976562,221.89782218872546,218.7352157578384,219.53825698895486,50036300
2024-08-01,216.48471069335938,222.55214689360594,215.15622233135366,222.44309097566543,62501000
2024-08-02,217.97181701660156,223.6625266661827,215.8402875210575,217.26790792406092,105568600
2024-08-05,207.4727783203125,211.66644653820467,194.31673780556494,197.38019703112641,119548600
2024-08-06,205.4503173828125,208.1866243558284,199.3432305776738,203.5368993643752,69660500
2024-08-07,208.01805114746094,211.80523672133984,204.61750047992084,205.12311510057037,63516400
2024-08-08,211.47808837890625,212.36044444161047,207.0365669160157,211.27980900719393,47161100
2024-08-09,214.38291931152344,214.91827509282652,210.1495861717322,210.2784745623819,42201600
2024-08-12,215.91148376464844,217.87674748817912,213.99585104906322,214.46235526228747,38028100
2024-08-13,219.62362670898438,220.2390087017958,217.38043273085663,217.38043273085663,44155300
2024-08-14,220.07029724121094,221.37054778476931,218.06532277692483,218.92885985517657,41960600
2024-08-15,223.0479736328125,223.67329096872731,221.10255033510867,222.9288713384501,46414000
2024-08-16,224.3680877685547,225.1422830006272,221.98593577772976,222.25393109506462,44340200
2024-08-19,224.20925903320312,224.30852103873067,221.38045847347976,224.0405257400108,40687800
2024-08-20,224.8246612548828,225.4797542015927,223.7725505409132,224.09017687092657,30299000
2024-08-21,224.71546936035156,226.28371522001356,223.37552309496598,224.8345868015738,34765500
2024-08-22,222.85939025878906,226.64103964823346,222.23407290784718,226.09512887719345,43695300
2024-08-23,225.15219116210938,226.52192810531062,222.66087229355688,223.98097823318813,38677300
2024-08-26,225.48965454101562,225.58891654674125,222.22414052811973,225.0727813784282,30602200
2024-08-27,226.33334350585938,227.14724957253156,223.21670725505913,224.31844891527626,35934600
2024-08-28,224.80479431152344,228.14971479709,224.0008084384826,226.22414704916858,38052200
2024-08-29,228.0802459716797,231.18696212304621,227.1770283167567,228.3879521456165,51906300
2024-08-30,227.29612731933594,228.68570457235603,225.78743262658827,228.4772755570311,52990800
2024-09-03,221.1124725341797,227.29611365629745,219.52437135882835,226.84946493362216,50190600
2024-09-04,219.20677185058594,220.12984491677884,215.86183603349318,220.01074262314262,43840200
2024-09-05,220.72535705566406,223.80228200866125,219.87175539355434,219.98093752982143,36615400
2024-09-06,219.177001953125,223.56411324365834,218.13481142105056,222.2837029728863,48423000
2024-09-09,219.2663116455078,219.62363365317324,215.0975649862482,219.17698492990527,67180000
2024-09-10,218.47227478027344,219.83207646515766,215.1174187834135,217.29112653781655,51591000
2024-09-11,221.00328063964844,221.43007391385896,216.2687680395375,219.81221238330573,44587100
2024-09-12,221.1124725341797,221.88666769221828,218.18442519080247,220.8444772424724,37455600
2024-09-13,220.84449768066406,222.37303270856336,220.25889118684435,221.9164638014437,36766600
2024-09-16,214.71044921875,215.60374658961533,212.32829765435247,214.92879834553045,59357400
2024-09-17,215.1769561767578,215.2861383219032,212.90400170360138,214.14470101422842,45519300
2024-09-18,219.04795837402344,221.05293280374121,215.92138686335736,215.9313221513165,59894900
2024-09-19,227.16708374023438,228.11002736409566,222.95864123060412,223.31596324984213,66781300
2024-09-20,226.5020751953125,231.3556905514529,225.92638886705737,228.2589097535001,318679900
2024-09-23,224.78492736816406,227.74275012420983,224.12983453268782,225.64844919522082,54146000
2024-09-24,225.67825317382812,227.64353192764617,224.05045616714196,226.94872814757065,43556100
2024-09-25,224.68569946289062,225.59885242729763,222.3531936181764,223.2564112941643,42308700
2024-09-26,225.82713317871094,226.7998372114188,223.73283210674714,225.60876888531146,36636700
2024-09-27,226.09510803222656,227.81224676693589,225.60876359989413,226.76013618443497,34026000
2024-09-30,231.26637268066406,231.26637268066406,227.94129216556473,228.32838978012126,54541900
2024-10-01,224.5269012451172,227.94129335648356,222.0752779583648,227.81227091446172,63285000
2024-10-02,225.09266662597656,225.67827315966653,221.3606479532611,224.20928918092056,32880600
2024-10-03,223.99090576171875,225.12242301224842,221.65839996957536,223.4648504260935,34044200
2024-10-04,225.11251831054688,226.30358679092132,222.46238601950515,226.2043247736995,37245100
2024-10-07,220.04052734375,224.01076551273388,219.68320530273118,222.8296172342201,39505400
2024-10-08,224.09014892578125,224.29857792676054,221.58889489724396,222.63108533790577,31855700
2024-10-09,227.83209228515625,228.0405364361267,223.15714569962594,223.55416342639623,33591100
2024-10-10,227.3358154296875,227.7923994519787,225.47973405841245,226.0851959438118,28183500
2024-10-11,225.85693359375,227.70309500312143,225.64848941975737,227.5939128444124,31759200
2024-10-14,229.5790252685547,230.00581860221664,226.89911753216435,226.99836439928595,39882100
2024-10-15,232.11004638671875,235.7229623804217,230.6410474142004,231.87182665313995,64751400
2024-10-16,230.05545043945312,230.39291705034768,228.1298824963092,229.87679699083486,34082200
2024-10-17,230.4226837158203,232.11004699556463,228.8048220166126,231.69315867439417,32993800
2024-10-18,233.25148010253906,234.4226930307779,232.26884075534687,234.4226930307779,46431500
2024-10-21,234.72047424316406,235.08773156933626,232.7055796017645,232.7055796017645,36254500
2024-10-22,234.10508728027344,234.4624093106695,230.86934872103873,232.14974382855843,38846600
2024-10-23,229.04302978515625,233.39044533687328,226.0653512199268,232.33833466706656,52287000
2024-10-24,228.8544464111328,229.10258628095696,226.71051430099084,228.26882480795348,31109500
2024-10-25,229.6881866455078,231.48471683213373,227.86188088691335,228.03061417648678,38802300
2024-10-28,231.66339111328125,232.98349712196287,230.81972458948547,231.58399967772363,36087100
2024-10-29,231.93136596679688,232.5864588417728,230.59141979007921,231.36561495313973,35417200
2024-10-30,228.38792419433594,231.7328445287285,227.84201349481597,230.87924283818487,47070900
2024-10-31,224.2291259765625,228.11995749798112,223.69313535160188,227.63359787833264,64370100
2024-11-01,221.25143432617188,223.67328184782377,218.6310779402587,219.32586653780092,65276700
2024-11-04,220.35812377929688,221.13231895883285,218.0752491010658,219.34572401852256,44944500
2024-11-05,221.7874298095703,222.28370958768312,219.49461965793014,220.14971259990074,28111300
2024-11-06,221.06285095214844,224.387931303672,219.54423614319148,220.95366880237512,54561100
2024-11-07,225.78744506835938,226.18447798056903,222.89910825147632,222.95865940199351,42137700
2024-11-08,225.5191650390625,227.20836966100222,224.97265364792685,225.72782337627459,38328800
2024-11-11,222.8064727783203,224.26714170400084,220.0938084143074,223.57158868270503,42005600
2024-11-12,222.8064727783203,224.15783943194586,221.9420008205612,223.12444853772337,40398300
2024-11-13,223.69082641601562,225.2111120360391,221.34580821096,222.58787261698694,48566200
2024-11-14,226.77114868164062,227.41701609796436,223.57158960851197,223.59146688403666,44923900
2024-11-15,223.5715789794922,225.4793879673537,222.84621765747355,224.96268496170848,47923700
2024-11-18,226.57241821289062,228.28149999782985,223.74050538640262,223.8199993254601,44633700
2024-11-19,226.8307647705078,228.6988344551977,225.22105418122663,225.53901477922054,36211800
2024-11-20,227.5461883544922,228.47027695087482,224.45593165289552,226.61215353970658,35169600
2024-11-21,227.06922912597656,228.69881686539628,224.27707103239013,227.42694424740614,42108300
2024-11-22,228.41065979003906,229.25526960886552,226.6121530455377,226.6121530455377,38168300
2024-11-25,231.39161682128906,231.7692092379923,228.28149797848934,229.99057974831032,90152800
2024-11-26,233.56771850585938,234.07449047305911,231.84870566104107,231.84870566104107,45986200
2024-11-27,233.43856811523438,234.19375305105456,232.3256831511884,232.98149686010998,33498400
2024-11-29,235.8233184814453,236.3002669685808,232.48464874765904,233.31931239062584,28481400
2024-12-02,238.0689697265625,239.26134854667043,235.65440375298792,235.76370602927642,48137100
2024-12-03,241.1095428466797,241.21884512379424,237.38334952948236,238.2875760799829,38861000
2024-12-04,241.46725463867188,242.56027739454964,239.7184333911867,241.32814402991647,44383900
2024-12-05,241.49705505371094,242.98753231090083,240.59284370740727,242.4410361127995,40033900
2024-12-06,241.29830932617188,243.07695387436263,240.5431396985891,241.36787220390693,36870600
2024-12-09,245.18350219726562,245.67039687977774,240.21524480725012,240.29473874492055,44649200
2024-12-10,246.19703674316406,246.63424582967986,243.7824557106041,245.32261857013248,36914800
2024-12-11,244.92515563964844,249.2077910379196,244.69660488558225,246.38582450957213,45205800
2024-12-12,246.38583374023438,247.1608807008323,244.12029436088807,245.32261935264157,32777500
2024-12-13,246.55474853515625,247.70737273801882,244.67674782957272,246.24671899982582,33155300
2024-12-16,249.44627380371094,249.7841268474892,246.07779571830554,246.4156487620838,51694800
2024-12-17,251.8707733154297,252.21855739876366,248.19426586582333,248.49236434269267,51356400
2024-12-18,246.47525024414062,252.66569465886903,246.16722071424974,250.559158393614,56774100
2024-12-19,248.20420837402344,250.4001849209636,245.52135228225407,245.92875304737495,60882300
2024-12-20,252.8743896484375,253.3811464831127,244.13025293349912,246.4653249902114,147495300
2024-12-23,253.64944458007812,254.0270218726176,251.84099141600396,253.1526187871241,40858800
2024-12-24,256.56085205078125,256.5707679464462,253.6693071300515,253.86804957710976,23234700
2024-12-26,257.3755798339844,258.44874034869076,255.99442012888886,256.55086249805703,27237100
2024-12-27,253.96739196777344,257.05766400729357,251.45345479939442,256.19316170058187,42355300
2024-12-30,250.59890747070312,251.890657464443,249.15811581542044,250.6287158030117,35557500
2024-12-31,248.83023071289062,251.67207488235135,247.84651017510492,250.83741118103507,39480700
2025-01-02,242.3019256591797,247.51859606258614,240.28481431614935,247.34966196417784,55740700
2025-01-03,241.8150177001953,242.6298040057451,240.3543488544026,241.8150177001953,40244100
2025-01-06,243.4446258544922,245.7598357483754,241.6560500607284,242.75900387005615,45045600
2025-01-07,240.67234802246094,243.9911405526811,239.81780708502322,241.4374487975533,40856000
2025-01-08,241.15921020507812,242.16280789951685,238.52603985831155,240.3841632667122,37628900
2025-01-10,235.34634399414062,238.63532775588945,231.5207799769646,238.48627094630749,61710900
2025-01-13,232.9119110107422,233.18020116738663,228.26162915914,232.04743903723335,49630700
2025-01-14,231.79901123046875,234.62097773623856,230.9941559742804,233.2596800887061,39435300
2025-01-15,236.35987854003906,237.4429702030776,232.94171493841435,233.1503884256181,39832000
2025-01-16,226.81089782714844,236.4990004602556,226.58236221549976,235.8432019589194,71759100
2025-01-17,228.5199737548828,230.8153063545454,227.02949646555186,230.6463874145182,68488300
2025-01-21,221.2265625,222.99526090225285,217.98726416864307,222.57792910461188,98070400
2025-01-22,222.4090118408203,222.6971640978084,218.39465138442915,218.39465138442915,64126500
2025-01-23,222.24009704589844,225.58869773276695,220.88873040600683,223.3132424800993,60234800
2025-01-24,221.3656768798828,224.19758968028435,220.00437919561992,223.35297985225768,54697900
2025-01-27,228.40072631835938,230.67618150163648,222.5580508531902,222.5978054024586,94863400
2025-01-28,236.7473907470703,238.66514594376807,229.3446904229109,229.38444497187513,75707600
2025-01-29,237.84043884277344,238.33726462451705,232.52439691334908,232.63369919180946,45486100
2025-01-30,236.0816650390625,239.26134692510684,235.7040877651042,237.1548105184623,55658300
2025-01-31,234.5017547607422,245.62071750771995,231.95800933839706,245.62071750771995,100959800
2025-02-03,226.56246948242188,230.35822543026035,224.2671369795404,228.52991033796462,73063300
2025-02-04,231.3220672607422,231.64997406812495,225.21110156992967,225.80729852188347,45067300
2025-02-05,230.99417114257812,231.19289841511937,226.82083777153602,227.0791817096477,39620300
2025-02-06,231.73941040039062,232.31573010563136,228.96711414866223,229.8216550685821,29925300
2025-02-07,226.1848907470703,232.51444580894437,225.81722939017394,231.1233398047693,39707200
2025-02-10,226.45346069335938,229.378010419489,226.00582893863492,228.36338248973718,33115600
2025-02-11,231.39735412597656,233.99363668198936,226.93096309298542,227.00058728303875,53718400
2025-02-12,235.62501525878906,235.71455375787428,229.4675472393098,229.98481838871234,45243300
2025-02-13,240.26051330566406,241.06625350434595,234.33184765944378,235.66480095549997,53614100
2025-02-14,243.3143768310547,244.25938055012708,239.7233505557091,239.9819785190441,40896200
2025-02-18,243.18505859375,243.89131830963376,240.56887710589865,242.86673323889264,48822500
2025-02-19,243.5829620361328,244.716969605811,241.88195827091008,243.37407429304395,32204200
2025-02-20,244.53793334960938,245.48293716802547,243.006019001845,243.65261174603793,32316900
2025-02-21,244.25938415527344,247.38287960480025,243.93111682470231,244.6572756706751,53197400
2025-02-24,245.80123901367188,247.551982922016,243.1353173033831,243.64263125957103,51326400
2025-02-25,245.74156188964844,248.68601093773057,243.62276739789988,246.69652285022872,48013300
2025-02-26,239.09664916992188,243.6923612222431,237.8731183985742,243.0457837458091,44433600
2025-02-27,236.05276489257812,241.18564780716906,235.81402085750776,238.1516754344793,41153600
2025-02-28,240.56887817382812,240.8175641664438,228.9900589647863,235.70458076540925,56833400
2025-03-03,236.77890014648438,242.7473638198223,234.8689935924468,240.51913191748446,47184000
2025-03-04,234.68995666503906,238.80821160759587,233.4465266012979,236.46061504010896,53798100
2025-03-05,234.50094604492188,235.30668622205877,228.02515316620742,234.18262069274581,47227600
2025-03-06,234.09310913085938,236.60981025581015,231.93451645578955,233.20778757123546,45170400
2025-03-07,237.81346130371094,240.10136041796665,233.5261018066448,233.87426828677374,46273600
2025-03-10,226.2843780517578,234.9187645202326,223.04151782981955,234.30201287196223,72071200
2025-03-11,219.6792755126953,224.65299583409444,216.3070937419303,222.63366659789358,76137400
2025-03-12,215.8395538330078,220.58448707211764,213.7804415985268,218.98294858814833,62547500
2025-03-13,208.5779266357422,215.70029772842102,207.3245545879158,214.81497612462363,61368300
2025-03-14,212.367919921875,212.82549370042787,208.47846691122496,210.13968770979585,60107600
2025-03-17,212.87521362304688,214.0888025037831,208.8663965620962,212.18883784213668,48073400
2025-03-18,211.5720977783203,214.01915944879542,210.37840804794794,213.03437263106773,42432400
2025-03-19,214.10870361328125,217.6101915579757,212.6265295918345,213.0940604852241,54385400
2025-03-20,212.97470092773438,216.3468825511506,211.10457731145533,212.86527847830126,48862900
2025-03-21,217.1227569580078,217.6897530924643,210.16949157971558,210.44801865955165,94127800
2025-03-24,219.56985473632812,220.31591279023903,217.43116105321957,219.83843988574125,44299500
2025-03-25,222.573974609375,222.92214108802088,218.92326587520165,219.6096416779903,34493600
2025-03-26,220.36563110351562,223.83729303324841,219.31120492080973,222.3352199198642,34466100
2025-03-27,222.67344665527344,223.80745418869535,219.40073045135125,220.22636977863218,37094800
2025-03-28,216.75473022460938,222.63367141455515,216.53588531144595,220.50491967808455,39818600
2025-03-31,220.9624786376953,224.4341253115235,215.09348022110552,215.86937928840504,65299300
2025-04-01,222.0169219970703,222.50433685640354,217.749461617725,218.65468232589998,36412700
2025-04-02,222.71324157714844,224.00641185945875,219.8583310514353,220.15675729790527,35905900
2025-04-03,202.12203979492188,206.39944211542388,200.19223396809613,204.4596791341039,103419000
2025-04-04,187.38987731933594,198.82943318150367,186.3553350717911,192.87091122900438,125910900
2025-04-07,180.50625610351562,193.12954493623218,173.70219548773406,176.26863687444822,160466300
2025-04-08,171.51376342773438,189.33957458197378,168.32064359895526,185.71870692843436,120859500
2025-04-09,197.80484008789062,199.55558397169528,170.9865365771085,171.04621878540135,184395900
2025-04-10,189.41915893554688,193.7562435722064,182.0381599544528,188.0762635840202,121880000
2025-04-11,197.1085205078125,198.49121408156802,185.0820690088969,185.12186726950821,87435900
2025-04-14,201.45555114746094,211.82078139531484,200.10269875392328,210.32866545443895,101352900
2025-04-15,201.07754516601562,202.44033954558066,198.74984792281177,200.7990180691496,51343900
2025-04-16,193.24891662597656,199.64511311117855,191.35889396287376,197.31741584829123,59732400
2025-04-17,195.94468688964844,197.7849695303218,193.39814444403507,196.16353180406117,52164700
2025-04-21,192.14474487304688,192.78138039340035,188.81234657174457,192.25416731460396,46742500
2025-04-22,198.69017028808594,200.53043756485187,194.93998119085117,195.08918671811182,52976400
2025-04-23,203.52462768554688,206.9067512010516,201.7340854567431,204.9172632087338,52929200
2025-04-24,207.27481079101562,207.73239972806866,201.87335793866913,203.81310578126346,47311000
2025-04-25,208.18002319335938,208.6475540878433,205.1162098506388,205.28531450927932,38222300
2025-04-28,209.03550720214844,210.38835967290976,206.3696005213303,208.89624364686077,38743100
2025-04-29,210.09988403320312,211.12446912484504,207.27479957627347,207.59312493762445,36827600
2025-04-30,211.3831024169922,212.4574277707069,205.5837430092506,208.19992461631293,52286500
2025-05-01,212.19879150390625,213.43226431553572,207.8020097882055,207.98107159612528,57365700
2025-05-02,204.27069091796875,205.9020705063368,201.09745506032002,205.0067917796952,101010600
2025-05-05,197.8446502685547,203.0272736250085,197.1682315771274,202.03252954096354,69018500
2025-05-06,197.46661376953125,199.59536519080132,195.9844550154461,197.1682027308483,51216500
2025-05-07,195.218505859375,198.39174158064424,192.23427392267118,198.1231564563361,68536700
2025-05-08,196.45199584960938,198.99853803284546,193.65675249053749,196.68078271707188,50478900
2025-05-09,197.48654174804688,199.4859718922483,196.5017396407649,197.95407268173315,36453900
2025-05-12,209.95704650878906,210.435160708662,205.93301745006437,210.13634313336473,63775800
2025-05-13,212.08860778808594,212.55675181657614,208.1741443311085,209.5984864444124,51909300
2025-05-14,211.490966796875,213.09460539099953,209.7478820292828,211.5905625216416,49325800
2025-05-15,210.61444091796875,212.11848379882832,208.71198473801002,210.11641669484823,45029500
2025-05-16,210.42520141601562,211.73003772257164,208.94109887256835,211.52086084946143,54737900
2025-05-19,207.95501708984375,208.65224804197354,203.45287334417097,207.08845970637495,46140500
2025-05-20,206.04258728027344,207.64622592622177,204.2198167548668,206.84938410987283,42496600
2025-05-21,201.2914276123047,206.22186440009241,199.91689108628387,204.3592586621154,59211800
2025-05-22,200.56431579589844,201.94882252859867,198.91087172706415,199.91689038506837,46742400
2025-05-23,194.49838256835938,196.91877297523902,192.6955373289648,192.9046989896,78432900
2025-05-27,199.4188690185547,199.94677348688452,196.64984031499387,197.51641281084125,56288500
2025-05-28,199.62803649902344,201.9289060786693,199.11008702875665,199.79736291846774,45339700
2025-05-29,199.15988159179688,203.0046291598645,197.72556941325453,202.77554227533128,51396800
2025-05-30,200.05633544921875,201.1619498266407,196.00241099917397,198.5821728136608,70819900
2025-06-02,200.90298461914062,201.3312933884623,199.3292261245183,199.4885975362889,35423300
2025-06-03,202.46678161621094,202.96480586317466,200.16591202699755,200.55437033168948,46381600
2025-06-04,202.0185546875,205.42503857555045,201.30139858491114,202.10819540070028,43604000
2025-06-05,199.8372039794922,203.94091870107042,199.35908978394463,202.69585814733983,55126100
2025-06-06,203.11419677734375,204.8871617909174,201.2515910514923,202.19783403313102,46607700
2025-06-09,200.65396118164062,205.18598475848052,199.22961916524454,203.58234611432158,72862600
2025-06-10,201.86912536621094,203.54249456453348,199.77743286642308,199.80731310224203,54672600
2025-06-11,197.99452209472656,203.69192080198684,197.62598900862739,202.6958722895077,60989900
2025-06-12,198.41285705566406,198.890956077424,196.58013147350607,198.29333609984755,43904600
2025-06-13,195.67372131347656,199.57822954037988,194.92668495173118,198.94075911963023,51447300
2025-06-16,197.6359405517578,197.90487790098294,195.78328974313985,196.52037110088898,43020700
2025-06-17,194.86692810058594,197.6060614779548,194.43863454049264,196.4207613301707,38856200
2025-06-18,195.80320739746094,196.7893008408277,194.2991796996429,195.16573699325735,45394700
2025-06-20,200.20574951171875,200.90298042554332,196.08210930882012,197.45666110928434,96813500
2025-06-23,200.70376586914062,201.50060768152076,198.17380945321412,200.83325703321927,55814300
2025-06-24,199.5084991455078,202.63609053842802,199.40888822531906,201.78944331230142,54064000
2025-06-25,200.76351928710938,202.8651820841085,199.82723133036671,200.65395335177794,39525700
2025-06-26,200.20574951171875,201.8392684520338,198.67184150130464,200.63404307360597,50799100
2025-06-27,200.28543090820312,202.41697405518968,199.20969672208463,201.09222774816857,73188600
2025-06-30,204.35926818847656,206.570497066428,198.47261792694385,201.21175129212304,91912800
2025-07-01,206.99879455566406,209.35942450018746,205.3254252695324,205.85332972802502,78788900
2025-07-02,211.6005401611328,212.49697770796604,207.31752868499885,208.08449026524102,67941800
2025-07-03,212.70616149902344,213.80180573654258,210.97303162710094,211.31168447150716,34955800
2025-07-07,209.12037658691406,215.37555986284275,207.97492690746134,211.83958469799765,50229000
2025-07-08,209.18014526367188,210.59453234535175,207.62631199643187,209.26980118177752,42848900
2025-07-09,210.30564880371094,210.4949004226829,206.4011410808137,208.7020103462271,48749400
2025-07-10,211.57066345214844,212.63642743345136,209.2000631819418,209.67816220166208,44443600
2025-07-11,210.32559204101562,211.29176024279,209.03072603053,209.73792710960444,39765800
2025-07-14,207.79562377929688,210.07658325197187,206.71988962428105,209.10044482334126,38840100
2025-07-15,208.28370666503906,211.05272033528996,208.09445501444372,208.39327261019983,42296300
2025-07-16,209.32952880859375,211.5606674273932,207.81553103262843,209.4689749722687,47490500
2025-07-17,209.1901092529297,210.9630743588066,208.7618004967043,209.7379389650813,48068100
2025-07-18,210.3455047607422,210.95309492429405,208.87135730762196,210.0367321724359,48974600
2025-07-21,211.64036560058594,214.92732845073886,210.7937335563828,211.2618775331451,51377400
2025-07-22,213.5527801513672,214.1006098348481,211.39135685335447,212.29776458434165,46404100
2025-07-23,213.30377197265625,214.29982043425818,211.57065737650467,214.15041924441525,46989300
2025-07-24,212.91531372070312,214.83769515517375,212.68622683006964,213.05475989741393,46022600
2025-07-25,213.0348663330078,214.38949295365802,212.55675209148805,213.85161823157193,40268800
2025-07-28,213.20416259765625,214.00100435562788,212.21806921233596,213.18423737412155,37858000
2025-07-29,210.43516540527344,213.96117031669576,209.9869466315705,213.33365491441555,51411700
2025-07-30,208.2239227294922,211.55072076453234,206.89917652304968,211.06265157316113,45512500
2025-07-31,206.74977111816406,209.0107900151974,206.34138763159262,207.6661338109758,80698400
2025-08-01,201.58030700683594,212.7360475386617,200.7037794341265,210.03674932642843,104434500
2025-08-04,202.5464630126953,207.0585613783641,200.88304868853191,203.70186769022786,75109300
2025-08-05,202.11814880371094,204.52858421879685,201.36115745633876,202.59624780213056,44155100
2025-08-06,212.40733337402344,214.52892145014,204.77759854868273,204.81744899810374,108483100
2025-08-07,219.16055297851562,219.9773200540019,215.7241886502616,218.01510326859565,90224800
2025-08-08,228.4437255859375,230.08719950298993,218.38362983130105,219.95738825778145,113854000
2025-08-11,226.53909301757812,228.91238364576833,224.12592192869855,227.27701087414155,61806100
2025-08-12,229.00210571289062,230.14887046423402,226.42939779448272,227.36673308681236,55626200
2025-08-13,232.6717529296875,234.33703985510917,229.77992501054072,230.4181341091737,69878500
2025-08-14,232.12330627441406,234.4567012802976,230.19875827485632,233.39969406647393,51916300
2025-08-15,230.93666076660156,233.61907447658757,228.69300821277216,233.3398655982593,56038700
2025-08-18,230.23863220214844,232.46233685580373,229.46083388892833,231.04634466466607,37476200
2025-08-19,229.90957641601562,232.21305735738468,228.70299840660482,230.6275464777077,39402600
2025-08-20,225.3723907470703,229.81981519856654,225.13307755654054,229.33119207499826,42263900
2025-08-21,224.26551818847656,225.88095827873425,223.14868274098328,225.63166356522294,30621200
2025-08-22,227.11744689941406,228.44369658121065,224.77408575714253,225.53193619713707,42477800
2025-08-25,226.5191650390625,228.65312729963858,225.59178073979155,225.84107546750252,30983100
2025-08-26,228.6630859375,228.84258604761433,224.05612439304167,226.22996704217394,54575100
2025-08-27,229.8397674560547,230.24859923631865,227.6160475796746,227.96506627689797,31259500
2025-08-28,231.90391540527344,232.7515235304584,228.692998228932,230.16883391080088,38074700
2025-08-29,231.485107421875,232.7216147258446,230.71727541448905,231.85405874294378,39418400
2025-09-02,229.07192993164062,230.19874691737337,226.3296880547272,228.60325464814514,44075600
2025-09-03,237.79725646972656,238.17618932549604,233.69885053091846,236.5408165177042,66427800
2025-09-04,239.1035614013672,239.2232180033205,236.07214416452067,237.77731160532718,47549400
2025-09-05,239.0137939453125,240.63920029193574,237.81718240373485,239.32291694518142,54870400
2025-09-08,237.2089080810547,239.47249309970456,235.67324414176576,238.62490021245955,48999500
2025-09-09,233.68887329101562,238.1063683630383,232.70166073618753,236.33139119913957,66313900
2025-09-10,226.15020751953125,231.7643298806428,225.31258085277642,231.53498298240493,83440800
2025-09-11,229.3810577392578,229.7998710451417,226.010588238333,226.23995033725743,50208600
2025-09-12,233.40966796875,233.84841389514688,228.3739115767776,228.5733443098202,55824200
2025-09-15,236.03224182128906,237.5180438551372,234.36695488957946,236.33139853346725,42699500
2025-09-16,237.4781494140625,240.53949594661788,235.65332541334,236.51088466190768,63421100
2025-09-17,238.3157958984375,239.42266510979977,237.05934071942244,238.2958480596019,46508000
2025-09-18,237.2089080810547,240.51953392817583,235.98236714862816,239.2930082114909,44249600
2025-09-19,244.80740356445312,245.60514967420656,239.53233423145286,240.54944568604057,163741300
2025-09-22,255.35755920410156,255.9160073848096,247.42002368458668,247.5995237986898,105517400
2025-09-23,253.71221923828125,256.6140134777918,252.86462630601793,255.15814081026073,60275200
2025-09-24,251.59820556640625,255.01853710208397,250.33178410429736,254.49999981420794,42303700
2025-09-25,256.1453552246094,256.44452717224715,250.99992334214926,252.4956917858775,55202100
2025-09-26,254.73931884765625,256.87328100426123,253.06405044687503,253.38315498635407,46076300
2025-09-29,253.71221923828125,254.28061851263055,252.29622703166862,253.84185736381545,40127700
2025-09-30,253.9116668701172,255.1980209495745,252.39595068950493,254.1410137555297,37704300
2025-10-01,254.72935485839844,258.05994405161016,254.21081755391603,254.3205078449461,48713900
2025-10-02,256.40460205078125,257.45162766856953,253.43299812845933,255.85613542550084,42630200
2025-10-03,257.2920837402344,258.5086431914624,253.23357360959045,253.9515436206674,49155600
2025-10-06,255.96585083007812,258.3391414491699,254.33047806472084,257.2621712100349,44664100
2025-10-07,255.75643920898438,256.67382669789566,254.70938317067183,256.0854948355218,31955800
2025-10-08,257.3320007324219,257.7906945345413,255.38748958216482,255.79633660873378,36496900
2025-10-09,253.3233184814453,257.2721535801604,252.42586356688122,257.082687156571,38322000
2025-10-10,244.57806396484375,255.6567217403356,243.3116425485481,254.2207817432353,61999100
2025-10-13,246.96131896972656,248.98559082884384,244.86723728717817,248.6764678182016,38142900
2025-10-14,247.07101440429688,248.14796941642882,244.00966795095763,245.90431694508948,35478000
2025-10-15,248.63658142089844,251.10959602979932,246.77186176083558,248.78616738422895,33893600
2025-10-16,246.75192260742188,248.33743345063007,244.43847540742667,247.54966879270205,39777000
2025-10-17,251.5782470703125,252.66518358811555,246.57242016484557,247.3203043073955,49147000
2025-10-20,261.50018310546875,263.63416054313814,254.90884523128253,255.168106265739,90483000
2025-10-21,262.0287170410156,264.54162761794373,261.0913663387469,261.1412435480521,46695900
2025-10-22,257.72088623046875,262.1084670888602,254.70938662410154,261.9090191460537,45015300
2025-10-23,258.8476867675781,259.8847613495841,257.28213901467177,259.206686997747,32754900
2025-10-24,262.07855224609375,263.3848541030092,258.44880663072195,260.4531458541269,38253700
2025-10-27,268.0516662597656,268.36078929414754,263.90339825112477,264.13276036080543,44888200
2025-10-28,268.2411193847656,269.12862319727753,267.39351124836816,268.23113785786586,41534800
2025-10-29,268.93914794921875,270.6443152614699,266.35642794866993,268.5203194424725,51086700
2025-10-30,270.63433837890625,273.36662916750566,267.72259312931254,271.2226702585742,69886500
2025-10-31,269.6072692871094,276.53767519933945,268.40069127196034,276.2085891024436,86167100
2025-11-03,268.29095458984375,270.08589475979994,265.49886601188945,269.65711516237894,50194600
2025-11-04,269.2781982421875,270.72408938596277,266.86501191822913,267.5730004152706,49274800
2025-11-05,269.3779296875,270.9335263776032,266.17696342424256,267.8522167164328,43683100
2025-11-06,269.0089416503906,272.6287059365568,267.1342708755924,267.1342708755924,51204000
2025-11-07,267.7126159667969,271.5218466038475,266.0173996929098,269.03885049148494,48227400
2025-11-10,268.93035888671875,273.22240319845355,266.96401085683,268.46122924118225,41312400
2025-11-11,274.73956298828125,275.3983427074405,269.2996575494418,269.3096487524697,46208300
2025-11-12,272.9628601074219,275.2186787593472,271.19615348009904,274.49002155435767,48398000
2025-11-13,272.44384765625,276.1868935731559,271.5854266195937,273.6016697208788,49602800
2025-11-14,271.9048156738281,275.44821996704485,269.10002929321837,270.54732197227213,47431300
2025-11-17,266.9639892578125,269.98836893107386,265.237217022597,268.3214829895084,45018300
2025-11-18,266.9440612792969,270.2079864201871,264.8279974843966,269.48932037088264,45677300
2025-11-19,268.06195068359375,271.7051756343288,265.00762791735707,265.0375710636542,40424500
2025-11-20,265.7562561035156,274.91922505965954,265.42688147061517,270.327749378444,45823600
2025-11-21,270.98651123046875,272.8230952896135,265.17732758833057,265.4568071090486,59030800
2025-11-24,275.4083251953125,276.4863089537433,270.397615191446,270.397615191446,65585800
2025-11-25,276.4563903808594,279.8600705608694,274.73957871594786,274.75953066216096,46914200
2025-11-26,277.0352783203125,279.01161742605893,276.1170014953278,276.44637611579356,33431400
2025-11-28,278.3328857421875,278.4826014787427,275.4781737009374,276.7458380127342,20135600
2025-12-01,282.57501220703125,282.89442609469603,275.62792768573877,277.4944549964911,46587700
2025-12-02,285.6592712402344,286.86701880065203,282.10587559562896,282.47518456741903,53669500
2025-12-03,283.623046875,288.0847586222564,282.77461708045536,285.6692634925469,43538700
2025-12-04,280.179443359375,284.20196835267484,278.07334059490756,283.5731318378766,43989100
2025-12-05,278.26300048828125,280.6186397013617,277.53434330937836,280.01974631085085,47265800
2025-12-08,277.3746643066406,279.15136205700173,275.6378704438954,277.6142094762677,38211800
2025-12-09,276.66595458984375,279.5106752769474,276.40645748061854,277.64414811825674,32193300
2025-12-10,278.26300048828125,279.2312028389952,275.92734368017386,277.23491184461454,33038300
2025-12-11,277.514404296875,279.07150890817053,273.3022288840155,278.5824273392719,33248000
2025-12-12,277.7639465332031,278.70220580092337,276.30666253778065,277.38464634485007,39532900
2025-12-15,273.6016540527344,279.63046152672615,272.33402020742307,279.63046152672615,50409100
2025-12-16,274.1007385253906,274.9891026980292,271.2859911871425,272.3140798989353,37648600
2025-12-17,271.33587646484375,275.6478724530811,271.13626563598973,274.50001118897205,50138700
2025-12-18,271.68524169921875,273.12257373871984,266.4549687260805,273.1025913325419,51630700
2025-12-19,273.1625061035156,274.09077415448866,269.399477884542,271.6453053723066,144632000
2025-12-22,270.4674987792969,273.37210596231955,270.00836035897595,272.3539780142796,36571800
2025-12-23,271.85491943359375,271.99467443806464,269.06012395403746,270.3377490962612,29642000
2025-12-24,273.3022155761719,274.9192064044749,271.69521595033444,271.8349404799371,17910600
2025-12-26,272.8929748535156,274.859322715931,272.35396775197984,273.65157518449314,21521800
2025-12-29,273.2523498535156,273.8512128461511,271.8449608988494,272.1843267483383,23715200
2025-12-30,272.5735778808594,273.5717234473003,271.77507361210075,272.304089543875,22139600
2025-12-31,271.3558349609375,273.17246717497864,271.24605357156486,272.553621806917,27293600
2026-01-02,270.5074157714844,277.32473598417806,268.5011336129586,271.75509761912826,37838100
2026-01-05,266.7643737792969,271.0064921177503,265.6464557026853,270.1381104139889,45647200
2026-01-06,261.8734436035156,267.0538212812338,261.6338984265986,266.504853430471,52352100
2026-01-07,259.8471984863281,263.1909919246956,259.32817380451803,262.71190159101934,48309800
2026-01-08,258.55963134765625,258.80916773471864,255.22581364132833,256.5433578451618,50419300
2026-01-09,258.8890075683594,259.7274461787287,255.74485516422806,258.5995368285105,39997000
2026-01-12,259.76739501953125,260.8154357257053,256.32378048041085,258.6794199598783,45263800
2026-01-13,260.5658874511719,261.3244878277737,257.9108470550362,258.24022168851656,45730800
2026-01-14,259.4779052734375,261.33447181199796,256.23393227813756,259.0087756526009,40019400
2026-01-15,257.73114013671875,260.5559089501236,256.5732877053955,260.1666175851947,39388600
2026-01-16,255.05613708496094,258.41988279267105,254.45724364888233,257.4217372195352,72142800
2026-01-20,246.2425079345703,254.31750190322293,242.9685916985444,252.26132447540706,80267500
2026-01-21,247.1907501220703,251.09350304772093,244.72532928784554,248.23880604127606,54641700
2026-01-22,247.8894500732422,250.53452965267718,247.68980878155546,248.737864640942,39708300
2026-01-23,247.58001708984375,248.94748685874615,244.22624741136653,246.86136630134166,41689000
2026-01-26,254.9363555908203,256.08421686766076,249.336758511775,251.01363570547153,55969200
2026-01-27,257.791015625,261.46421404872183,257.73112933459527,258.68937090303496,49648300
2026-01-28,255.96446228027344,258.3799575946877,254.03803333601454,257.17220993748055,41288000
2026-01-29,257.801025390625,259.16847988830324,253.93820707645818,257.52154586161765,67253000
2026-01-30,258.9988098144531,261.41430490835,251.7123292610244,254.69678984095313,92443400
2026-02-02,269.5093078613281,269.98839826257677,258.7293169184304,259.5478036352127,73913400
2026-02-03,268.98028564453125,271.3758289780004,267.11372779647115,268.70080609664296,64394700
2026-02-04,275.97723388671875,278.432693698261,271.7850411492978,271.7850411492978,90545700
2026-02-05,275.3983459472656,278.98168486317746,272.72332314901723,277.6142303156022,52977400
2026-02-06,277.6042175292969,280.3890519626743,276.4164219647768,276.6060720438839,50453400
2026-02-09,274.3672180175781,277.9439398399519,271.4499228389202,277.6541982366954,44623400
2026-02-10,273.4280700683594,275.11651686144285,272.68876099546605,274.6369782150198,34376900
2026-02-11,275.24639892578125,279.92208361183503,274.1973776592452,274.44714753122867,51931300
2026-02-12,261.4891052246094,275.46621856633783,259.94051360693726,275.3363333447182,81077200
2026-02-13,255.5445556640625,261.9886306947134,255.21485759663088,261.7688319830923,56290700
2026-02-17,263.6371154785156,266.0449008431299,255.30478047881587,257.8124646511843,58469100
2026-02-18,264.106689453125,266.57441720150126,262.20844437502524,263.35737977838915,34203300
2026-02-19,260.3401184082031,264.2365527856389,259.81060750150084,262.35827847824623,30845300
2026-02-20,264.3364562988281,264.5063132392292,257.9223826043077,258.73163460792017,42070500
2026-02-23,265.9349670410156,269.1819753311392,263.13755670993424,263.24744081710827,37308200
2026-02-24,271.8895263671875,274.6369951599546,267.46358073991865,267.61343657617186,47014600
2026-02-25,273.97760009765625,274.6869380517792,270.8005039088116,271.5298429675081,33714300
2026-02-26,272.6987609863281,275.8558253670768,270.55071567552415,274.6969199809464,32345100
2026-02-27,263.93682861328125,272.5588900215503,262.6480379442022,272.5588900215503,72366500
2026-03-02,264.476318359375,266.2846497598317,259.960490133898,262.16844722421786,41827900
2026-03-03,263.5072326660156,265.31556422164516,259.8905695547566,263.23749216234586,38568900
2026-03-04,262.2783508300781,265.9050144519466,261.179387723623,264.4063951364299,39803100
2026-03-05,260.0504150390625,261.3192350446657,257.01320478174756,260.54995479568396,49658600
2026-03-06,257.2229919433594,258.53178361058343,254.13584003818684,258.39192833924307,41120000
2026-03-09,259.6407775878906,260.9095975388004,253.44647267699952,255.45463216869055,38218500
2026-03-10,260.58990478515625,262.2384104290217,256.71350175461305,257.4128391437035,30590800
2026-03-11,260.5699157714844,261.888707997661,259.3110658747261,260.8496568052655,26218900
2026-03-12,255.52456665039062,258.71164792954545,253.94601921584928,258.4219063383753,40794000
2026-03-13,249.8897705078125,256.0940459350445,249.29033192864068,255.24483747003174,36930000
2026-03-16,252.58729553222656,253.6563027081548,249.6499992581203,251.87794235419486,32074200
2026-03-17,253.99598693847656,254.89516767044782,251.94787083452104,252.72716690012706,32361600
2026-03-18,249.70994567871094,254.70534343896443,248.7708084606242,252.3974721128864,35757900
2026-03-19,248.73085021972656,251.5982036354298,247.0723745163624,249.17043241392184,34864100
2026-03-20,247.76173400878906,248.97061168291066,245.77356028907465,247.7517334570195,88331100
2026-03-23,251.25851440429688,254.3656523266213,250.0496214753341,253.73622734962268,40546100
2026-03-24,251.4083709716797,254.5954370944537,249.32029842391177,250.1195650925759,45152300
2026-03-25,252.38746643066406,254.76528059453105,251.3684162845015,253.86611511385965,28476700
2026-03-26,252.6572265625,256.76344411909713,250.53918279672283,251.88793104116345,41796700
2026-03-27,248.57098388671875,255.2548282141602,247.8416601166152,253.666280215245,47900000
2026-03-30,246.40298461914062,250.63907198816298,245.28400520065438,249.83982057534305,39446200
2026-03-31,253.55638122558594,255.24482803058763,246.87255213324852,247.6818040942864,49598100
2026-04-01,255.3946990966797,255.94418062939917,253.096813183035,253.8461228128272,40059400
2026-04-02,255.68443298339844,255.89424639361263,250.4192795609811,253.96601496217014,31289400
2026-04-06,258.6217041015625,261.9186847371787,256.2239194053331,256.27389167390277,29329900
2026-04-07,253.26666259765625,255.96418954301222,245.47383916108728,255.92421782448065,62148000
2026-04-08,258.66168212890625,259.51090582044134,256.29386854025813,258.2121146377317,41032800
2026-04-09,260.2502136230469,260.879638597066,255.8342992320816,258.7615948993736,28121600
2026-04-10,260.240234375,261.94865175168746,258.78155637925676,259.7406946341393,31291500
2026-04-13,258.96142578125,259.9405042051452,256.4237552437805,259.49093671136296,36234700
2026-04-14,258.59173583984375,261.68888841493145,256.9532612999924,259.01136264890187,48370700
2026-04-15,266.18475341796875,266.3146386359468,257.57269269729437,257.92237663273806,49913500
2026-04-16,263.15753173828125,266.91408037974617,261.0294875448873,266.55439590858066,43323100
2026-04-17,269.98126220703125,272.0493335842862,266.47448343207725,266.7142527536172,61436200
2026-04-20,272.79864501953125,274.0275237795767,270.04120633500696,270.08114756253855,36590200
2026-04-21,265.9250183105469,272.5488901425708,265.1557075406741,271.250098918132,50209800
2026-04-22,272.9185791015625,273.48803128351057,266.62435952726383,267.5734973129919,43249200
2026-04-23,273.1783142089844,275.5161566987003,271.39995382845746,274.79681820267325,33399600
2026-04-24,270.81048583984375,272.80864483253174,269.4017800912603,272.50893317942314,38157100
2026-04-27,267.3636474609375,268.1129570778125,264.8260075108844,265.84505761361925,41466800
2026-04-28,270.4608154296875,272.97851539952296,268.4127145556596,272.0893199684016,40018900
2026-04-29,269.92132568359375,270.7905199823619,266.7942019267937,267.3037117460274,30047900
2026-04-30,271.1002502441406,275.7459641951834,267.893213328058,270.25102650288807,91848200
2026-05-01,279.88214111328125,286.95561044034525,278.1137509144006,278.6032901046287,79915400
2026-05-04,276.5751647949219,280.3716851917065,274.60697695873915,279.4025768563376,46668400
2026-05-05,283.9184265136719,284.30808218316156,276.2455026895375,276.6750995896243,49311700
2026-05-06,287.245361328125,287.76487170009636,280.8112868075762,281.66051049385584,58336100
2026-05-07,287.1754150390625,291.8611003514943,285.5169394038565,289.00371711581823,45224300
2026-05-08,293.0500183105469,294.4886952888782,289.7330669166447,289.7430674686918,52692800
2026-05-11,292.67999267578125,293.8800048828125,290.2300109863281,291.9800109863281,42247300
2026-05-12,294.79998779296875,295.2699890136719,292.55999755859375,292.55999755859375,45748100
2026-05-13,298.8699951171875,300.9200134277344,293.5,293.5,52684300
2026-05-14,298.2099914550781,300.45001220703125,295.3800048828125,299.82000732421875,35324900
2026-05-15,300.2300109863281,303.20001220703125,296.5199890136719,297.8999938964844,54862800
2026-05-18,297.8399963378906,300.6600036621094,294.9100036621094,300.239990234375,34483000
2026-05-19,298.9700012207031,300.510009765625,296.3500061035156,296.9700012207031,42243600
2026-05-20,302.25,302.79998779296875,298.0799865722656,298.17999267578125,38229800
2026-05-21,304.989990234375,305.5400085449219,300.3999938964844,301.05999755859375,42965100
2026-05-22,308.82000732421875,311.3999938964844,305.8399963378906,306.1199951171875,43670200
2026-05-26,308.3299865722656,311.82000732421875,307.6700134277344,309.55999755859375,48000500
2026-05-27,310.8500061035156,313.260009765625,308.29998779296875,308.3299865722656,50430900
2026-05-28,312.510009765625,312.79998779296875,309.57000732421875,310.67999267578125,48220400
2026-05-29,312.05999755859375,315.0,309.5299987792969,311.7799987792969,70026800
2026-06-01,306.30999755859375,310.94000244140625,305.0199890136719,309.6300048828125,48849900
2026-06-02,315.20001220703125,315.45001220703125,306.69000244140625,307.4599914550781,44534700
2026-06-03,310.260009765625,316.94000244140625,308.8500061035156,314.17999267578125,50836700
2026-06-04,311.2300109863281,313.5400085449219,309.6499938964844,313.2300109863281,44869100
2026-06-05,307.3399963378906,315.1700134277344,307.1499938964844,312.8599853515625,65310500
2026-06-08,301.5400085449219,317.3999938964844,301.1700134277344,308.739990234375,77949100
2026-06-09,290.54998779296875,300.75,287.7799987792969,300.2799987792969,70108800
2026-06-10,291.5799865722656,294.75,287.3800048828125,290.739990234375,52793300
2026-06-11,295.6300048828125,297.0,289.5899963378906,293.7200012207031,42572500
2026-06-12,291.1300048828125,297.1400146484375,289.6199951171875,296.0299987792969,38742100
2026-06-15,296.4200134277344,297.7799987792969,291.70001220703125,294.1199951171875,45732600
2026-06-16,299.239990234375,300.4800109863281,293.9700012207031,295.25,39874400
2026-06-17,295.95001220703125,302.07000732421875,294.3599853515625,300.8500061035156,42745100
2026-06-18,298.010009765625,300.57000732421875,295.6199951171875,298.1099853515625,85962200
2026-06-22,297.010009765625,302.4200134277344,296.760009765625,297.30999755859375,44879900
2026-06-23,294.29998779296875,301.6400146484375,294.17999267578125,297.5400085449219,52010900
2026-06-24,293.0799865722656,299.70001220703125,292.94000244140625,295.3599853515625,53081900
2026-06-25,275.1499938964844,288.79998779296875,273.75,287.3999938964844,107013700
2026-06-26,283.7799987792969,285.95001220703125,274.2099914550781,275.0,261775500
2026-06-29,281.739990234375,288.3699951171875,279.8500061035156,286.7300109863281,66427000
2026-06-30,289.3599853515625,289.94000244140625,280.70001220703125,281.1700134277344,65100200
2026-07-01,294.3800048828125,296.5899963378906,289.20001220703125,293.44000244140625,50164200
2026-07-02,308.6300048828125,309.4200134277344,293.67999267578125,294.1199951171875,75352800
2026-07-06,312.6600036621094,314.20001220703125,307.0,307.3599853515625,53590000
2026-07-07,310.6600036621094,315.4800109863281,310.1499938964844,315.2900085449219,42490000
2026-07-08,313.3900146484375,314.82000732421875,307.04998779296875,311.9100036621094,41323500
2026-07-09,316.2200012207031,316.5299987792969,308.1600036621094,310.510009765625,48124500
2026-07-10,315.32000732421875,316.9100036621094,312.1700134277344,314.7200012207031,34132300
2026-07-13,317.30999755859375,323.45001220703125,315.7799987792969,317.0199890136719,43257800
2026-07-14,314.8599853515625,316.19000244140625,311.9100036621094,313.760009765625,36336800
2026-07-15,327.5,328.7300109863281,317.32000732421875,317.6199951171875,60957600
2026-07-16,333.260009765625,334.67999267578125,326.7900085449219,328.010009765625,62970600
2026-07-17,333.739990234375,334.989990234375,329.0,331.9800109863281,63407100
2026-07-20,326.5899963378906,333.7099914550781,323.67999267578125,333.510009765625,53468000
2026-07-21,327.739990234375,329.6000061035156,322.2200012207031,323.1300048828125,41338900
2026-07-22,325.8900146484375,329.0,323.3399963378906,327.8699951171875,38755900
2026-07-23,321.6600036621094,323.29998779296875,319.3500061035156,321.7300109863281,40840800
2026-07-24,333.0199890136719,334.3699951171875,321.6199951171875,321.7900085449219,47489400
2026-07-27,336.9100036621094,339.57000732421875,334.0199890136719,334.5400085449219,49604300
2026-07-28,340.0799865722656,342.8900146484375,335.6000061035156,340.0299987792969,51859000
2026-07-29,338.19000244140625,344.57000732421875,337.3500061035156,339.7300109863281,56090800
2026-07-30,333.42999267578125,334.75,329.5899963378906,333.1000061035156,74817800
2026-07-31,308.9100036621094,310.69000244140625,300.0,304.80999755859375,132489100
2026-08-03,303.4200134277344,311.79998779296875,302.55999755859375,309.5799865722656,75052000
2026-08-04,309.3800048828125,310.4200134277344,301.32000732421875,302.7300109863281,68001000
2026-08-05,311.0,311.7099914550781,305.6700134277344,309.3599853515625,49178700
