Date,Close,High,Low,Open,Volume
2010-01-04,40.24656295776367,40.307256640752776,40.11651357032895,40.168535309729286,62822800
2010-01-05,40.24656295776367,40.31592527696412,40.02114203511703,40.220553741752205,62935600
2010-01-06,40.003787994384766,40.35926149222976,39.94309763919487,40.229212148555526,96033000
2010-01-07,40.02980041503906,40.116503291824934,39.813048184139234,40.06448156575341,77094100
2010-01-08,40.35926818847656,40.35926818847656,39.821723535874625,39.943104266393426,88886600
2010-01-11,40.19455337524414,40.437314931138914,39.98646967920709,40.411305709401084,104673400
2010-01-12,39.69167709350586,40.003800910905376,39.47492481002035,39.95178247959037,90673900
2010-01-13,40.18586349487305,40.307247526025115,39.544278724238296,39.813049381919065,100661000
2010-01-14,40.22056198120117,40.333274119303034,40.07317198377252,40.107849843099316,75209000
2010-01-15,39.752357482910156,40.359264385696314,39.57895834557972,40.28990539223945,126849300
2010-01-19,40.39396286010742,40.43731266303171,39.83907744496938,39.847746082603045,84388200
2010-01-20,39.813053131103516,40.40261953699764,39.38822055788324,40.10783633405058,145680000
2010-01-21,39.440250396728516,40.18587553872637,39.27551653019627,39.92577343734315,204939600
2010-01-22,38.28711700439453,39.43156861073804,38.18307685128426,39.310187880879916,171098700
2010-01-25,38.417171478271484,38.668601584466565,38.252437645128474,38.52121163626176,154218700
2010-01-26,38.451847076416016,38.92003272104683,38.19174504296894,38.37381613564421,140816500
2010-01-27,38.75529479980469,38.885344137990835,38.15705659906946,38.38248074372731,161632700
2010-01-28,37.75824737548828,38.521216344551156,37.55883567022657,38.49520712871883,221439800
2010-01-29,37.09931945800781,38.16574023328922,36.96059813701292,38.07036870497202,212099600
2010-02-01,37.50680160522461,37.52414217920661,37.17734062169555,37.194681195677546,136827100
2010-02-02,37.84495162963867,37.95766044053464,37.30740356241286,37.56750895956358,110727700
2010-02-03,38.05303955078125,38.122401885791376,37.6455441010422,37.66288468479473,93581600
2010-02-04,36.95191192626953,37.85360181826659,36.95191192626953,37.775570898625,151652500
2010-02-05,37.2640495300293,37.29873068669131,36.51842119868175,37.04729726195744,213618600
2010-02-08,36.995269775390625,37.43744618564422,36.96926056562628,37.20335337563525,94354400
2010-02-09,37.37676239013672,37.72356404162741,37.073307224283006,37.43745276183202,118956000
2010-02-10,37.2987174987793,37.55015083461251,37.06462473514589,37.37674841999043,94102900
2010-02-11,37.86228942871094,37.96633291196806,37.07331120458769,37.30740408084987,93050800
2010-02-12,37.94033432006836,38.044377841532764,37.42012994226144,37.52417015634707,93938500
2010-02-16,38.42583465576172,38.45184386472096,38.018339409392084,38.217754369334706,83861400
2010-02-17,38.6425895690918,38.6425895690918,38.37381559745251,38.5992397820214,82691700
2010-02-18,38.885345458984375,38.95470775427426,38.53854390466379,38.61657483317677,65752600
2010-02-19,38.86800765991211,39.058747354592946,38.685933290959355,38.781304791987885,80416500
2010-02-22,38.78998565673828,39.04141576312356,38.63392376594632,39.02407518554923,72055000
2010-02-23,38.28711700439453,38.789983807951714,38.10504590960735,38.76397128914152,95814400
2010-02-24,38.677276611328125,38.83333851444748,38.42584317770502,38.48653355032063,86591000
2010-02-25,38.66859436035156,38.75529723195968,38.001000439539126,38.26977107308335,97961300
2010-02-26,38.807315826416016,38.89401869842376,38.49519540931731,38.65992590506744,66222400
2010-03-01,39.37086868286133,39.44023097300505,38.972045436663024,38.98071406924297,77290100
2010-03-02,39.492252349853516,39.752354342679,39.40555278803711,39.509592923692054,76368500
2010-03-03,39.53561019897461,39.72635324274803,39.388220252332935,39.587631931106536,65735500
2010-03-04,39.66567611694336,39.71769786644135,39.36222417998354,39.561635925325426,54470900
2010-03-05,40.2639045715332,40.35060747276028,39.8737530918326,39.96045268568218,68136300
2010-03-08,40.34193420410156,40.437305738630556,40.26390324924851,40.28124382892445,58712400
2010-03-09,40.567344665527344,40.79276551006073,40.22921174503913,40.25522095203783,98002800
2010-03-10,40.89680862426758,40.992180133377836,40.57601625420476,40.59335682925904,102578900
2010-03-11,41.05289077758789,41.05289077758789,40.732098249013866,40.80146058350454,67510300
2010-03-12,41.061553955078125,41.20894392333093,40.83612972349715,41.182934707139836,64068300
2010-03-15,40.95751190185547,41.078892648342446,40.6713973073842,40.97484917360165,60150500
2010-03-16,41.217620849609375,41.27831123297684,40.948846789426426,41.08756813817747,74950600
2010-03-17,41.330318450927734,41.52973343628514,41.20893771714632,41.27830002637967,75643500
2010-03-18,41.46904754638672,41.51239734064913,41.2696325395005,41.36500407130418,77829400
2010-03-19,41.21820831298828,41.61745736368214,41.07065773544054,41.59141707887539,86337100
2010-03-22,41.5914192199707,41.756328892243324,41.00990470022942,41.05330076259847,71902800
2010-03-23,41.877845764160156,41.92124183334041,41.46123754039559,41.65218421787813,59182600
2010-03-24,41.6782112121582,41.80839938850917,41.582737896289935,41.80839938850917,62995700
2010-03-25,41.61745834350586,42.18161376035799,41.57406228234912,42.02538529146793,76294800
2010-03-26,41.66084289550781,41.94726277964946,41.43518145328926,41.7910343539188,78067900
2010-03-29,41.86048126220703,42.00803185143265,41.74764884820008,41.86916246146541,57993300
2010-03-30,41.99934768676758,42.138217066929805,41.71293103870489,41.990669799029334,49437300
2010-03-31,41.799739837646484,42.05144172427707,41.721625573206246,41.869176210886025,59947400
2010-04-01,41.799739837646484,42.26842542428788,41.47860488868486,41.97332745983683,83728600
2010-04-05,42.190284729003906,42.28575802694311,41.78235456904786,41.89518694942204,56220300
2010-04-06,42.31180191040039,42.44199339448749,41.99934499731693,42.09481831085988,54097100
2010-04-07,42.2076530456543,42.41595545863377,41.98198823553486,42.25104910578276,77211500
2010-04-08,42.303138732910156,42.37257178723483,41.86917138292954,42.08615505791985,68314300
2010-04-09,42.55482482910156,42.57218391533092,42.20765303723597,42.311804243704934,54227300
2010-04-12,42.589534759521484,42.702367142723084,42.476702376319885,42.57217567665151,44280600
2010-04-13,42.80653381347656,42.83257079174665,42.40728469576593,42.546154098052575,59376000
2010-04-14,43.3186149597168,43.32729284875836,42.96276191267439,43.03219826863763,69004800
2010-04-15,43.50954818725586,43.56162212723454,43.28388341099268,43.28388341099268,72254200
2010-04-16,42.98881530761719,43.50089704022705,42.7023985071589,43.35334969382013,127388000
2010-04-19,42.96277618408203,43.10164563123059,42.44201658500212,42.83258462885766,98251700
2010-04-20,43.17974090576172,43.29257331658962,42.902002133652516,43.19709999288196,69543700
2010-04-21,43.42277145385742,43.56164087173362,43.15371381910808,43.47484872715153,74748700
2010-04-22,43.665794372558594,43.70919044381034,42.75446032173195,43.006162170263266,110477200
2010-04-23,43.84803771972656,43.89143376906787,43.474825735759836,43.657091129537164,77205200
2010-04-26,43.75259017944336,43.960895974169034,43.6571168281486,43.891459605624384,67361000
2010-04-27,42.823890686035156,43.76993947480349,42.711058267858874,43.578992814952485,112608000
2010-04-28,42.849918365478516,43.07558315286684,42.511424495302855,43.04954287068706,130082100
2010-04-29,43.59635925292969,43.683154708816055,43.05824067006662,43.09295885242116,84180200
2010-04-30,42.737091064453125,43.64842151697597,42.7023728940372,43.578985176144116,110897000
2010-05-03,43.335960388183594,43.54426276859609,42.90199323293313,42.91935231645195,74169700
2010-05-04,42.0340690612793,42.80653025420192,41.73029330369426,42.80653025420192,141136500
2010-05-05,41.817073822021484,42.09481252639528,41.34838851680075,41.5914090554012,128560200
2010-05-06,40.41971969604492,41.93860545794326,37.00873597730913,41.530675079542796,274356800
2010-05-07,39.41290283203125,40.61933117523502,38.432135986680656,40.11593092114387,288200400
2010-05-10,41.46122360229492,41.48726057286861,41.061974602600344,41.16612579580181,136041600
2010-05-11,41.4178352355957,41.99934975905905,40.96650890007276,41.04462313719995,113016100
2010-05-12,42.19898986816406,42.2337080554561,41.57407905145032,41.64351211512581,85462400
2010-05-13,41.530670166015625,42.34653082629142,41.42651893886197,42.016714744245725,102844300
2010-05-14,40.73216247558594,41.244243914315014,40.254799208172365,41.218206941281906,147386100
2010-05-17,40.862369537353516,41.027275947596074,39.98575358750148,40.81029226053088,120969600
2010-05-18,40.2982177734375,41.29634423531666,40.115952238596265,41.20954875855257,153072100
2010-05-19,39.97707748413086,40.471800047885104,39.53442888861908,40.15066179281705,159000300
2010-05-20,38.492897033691406,39.30007645240823,38.40610490065186,39.19592523057924,189289800
2010-05-21,38.91819381713867,39.612540945941895,37.74648324421501,37.894030560563316,190631100
2010-05-24,38.76194381713867,39.34346149147942,38.74458473467559,38.900813165936896,113038000
2010-05-25,38.79667282104492,38.848746772076105,37.520808046263085,37.911379233533786,155643000
2010-05-26,38.36268615722656,39.551754893707184,38.29324984311392,39.06571062763576,140203200
2010-05-27,39.81215286254883,39.829511949105395,39.13516504137879,39.2306383619863,110671600
2010-05-28,39.57780456542969,39.91630173906985,39.23063281609837,39.88158357086469,128535300
2010-06-01,39.21327590942383,40.14196543958602,39.16987985221107,39.43025950639456,104242700
2010-06-02,40.14196014404297,40.16799711275443,39.16987468490591,39.43893219067501,97249300
2010-06-03,40.52385711669922,40.59329345994382,39.994419898540926,40.25479956389405,98928400
2010-06-04,39.13516616821289,40.176688215245356,39.004974670743586,39.66460673525732,112849900
2010-06-07,38.4234619140625,39.456302809439556,38.38006584988669,39.334792505384314,88436600
2010-06-08,38.3540153503418,38.60571709081269,37.83325609707689,38.49288470527288,133030100
2010-06-09,38.03289031982422,38.978939077028194,37.92005790541253,38.62308605702894,101949200
2010-06-10,39.11781692504883,39.16121299815666,38.39743284091599,38.50158407855641,76892300
2010-06-11,39.49101638793945,39.525734559601496,38.718555278447965,38.718555278447965,74346800
2010-06-14,39.48234939575195,40.13330039496528,39.41291303326669,39.85555825593224,68085000
2010-06-15,40.54122543334961,40.59330270264055,39.447629265502535,39.69064990037792,76332600
2010-06-16,40.70613479614258,40.91443724977892,40.35895962553827,40.42839598402225,78399700
2010-06-17,40.8363151550293,40.94914756043054,40.480462163447385,40.93178847414518,77111900
2010-06-18,40.870235443115234,41.16589259815698,40.748494847012594,40.9137137535544,75921400
2010-06-21,40.52239227294922,41.461539467939055,40.28760879138339,41.39197153474797,95488100
2010-06-22,40.20935821533203,40.99197778817547,40.13109592632943,40.69632062051925,94493400
2010-06-23,40.04412841796875,40.4093534700302,39.73107932111093,40.252828921601285,92397600
2010-06-24,39.435420989990234,39.9919545434085,39.30498608178713,39.870210651697654,114145900
2010-06-25,39.443267822265625,39.78307012447181,39.164455506419266,39.65237539729791,88740300
2010-06-28,39.303855895996094,39.6872219430947,39.04246980371502,39.44326203345963,71350000
2010-06-29,37.78783416748047,38.73754009376396,37.52644791662492,38.70268770732815,136384200
2010-06-30,37.212772369384766,38.04920946072356,37.15178237253958,37.665843291453,101313200
2010-07-01,37.108211517333984,37.430587628542646,36.39375455535537,37.32603384290563,158695000
2010-07-02,37.003662109375,37.30861207177011,36.67257120469937,37.16920589986016,78565300
2010-07-06,37.11691665649414,37.78780970438095,36.81196678186575,37.55256123379433,88591900
2010-07-07,38.301883697509766,38.3454475055794,37.20406044510964,37.23891282104755,72448400
2010-07-08,38.51097106933594,38.66780334140477,38.057900430437456,38.60681338267839,78264600
2010-07-09,38.876930236816406,38.885644991674305,38.406436509349,38.49356411569719,47851200
2010-07-12,38.990196228027344,39.234156168773566,38.73752153299453,38.84207864220426,60927500
2010-07-13,39.49555206298828,39.64366967298124,39.03376639788659,39.33000494157796,93310500
2010-07-14,39.6959342956543,39.91375657999978,39.41712203758842,39.57395102450922,87687100
2010-07-15,39.730796813964844,39.85278012649324,39.19931305176549,39.6175315807466,95992500
2010-07-16,38.632965087890625,39.75692900673166,38.59811272055338,39.59138192373209,98831900
2010-07-19,38.96405792236328,39.04247409102905,38.423856172130264,38.74623560092557,81800800
2010-07-20,39.434547424316406,39.434547424316406,38.21474454798133,38.33672450324439,89061200
2010-07-21,38.89435958862305,39.87020281871281,38.824658162612195,39.85277995498915,83577000
2010-07-22,39.8789176940918,40.06188767708858,39.41713535880314,39.44327297817256,82890300
2010-07-23,40.131591796875,40.16644084758523,39.539114726631375,39.608816151757196,81056100
2010-07-26,40.46268844604492,40.48011463715605,40.00090601457129,40.18387603567902,64850900
2010-07-27,40.44524383544922,40.706633259368694,40.26227389766926,40.63692852666894,67655600
2010-07-28,40.12287521362305,40.584660844329626,39.97475761466231,40.40168754883578,51988200
2010-07-29,39.82661437988281,40.43651726786348,39.425822288013904,40.358101134784484,85669500
2010-07-30,39.913780212402344,40.15774025172931,39.26902440655875,39.49556157768201,98958100
2010-08-02,40.663063049316406,40.76762014042003,40.26227083786554,40.41910315081663,68706800
2010-08-03,40.48881149291992,40.689207616536024,40.297126799154675,40.636929066316966,60856600
2010-08-04,40.8983268737793,40.941894006614994,40.514960700246455,40.671793072079346,43820600
2010-08-05,40.80247497558594,40.880887813106725,40.53237412609769,40.69791787814914,39150200
2010-08-06,40.74149703979492,40.81991323059603,40.12288226997833,40.358130842381634,71339200
2010-08-09,41.02030944824219,41.11614849710726,40.767634706684326,40.95060469593428,26927600
2010-08-10,40.663063049316406,40.907026271520515,40.32326081249048,40.68920398394448,86694500
2010-08-11,39.55652618408203,40.00959358795351,39.390979129105794,39.99217073093887,92219700
2010-08-12,39.24287414550781,39.417132684795114,38.728813282648126,38.79851470413993,66000200
2010-08-13,38.96405792236328,39.260296412466765,38.95534316823105,39.09474932100299,46387300
2010-08-16,39.033756256103516,39.30385710990194,38.598111647611944,38.77237015574949,55472900
2010-08-17,39.5303955078125,39.88762399597439,39.234157006138865,39.31257317786733,56927100
2010-08-18,39.68721008300781,39.92245849287072,39.30384415047391,39.45196167314491,61835400
2010-08-19,39.08604431152344,39.608816639371604,38.82465814759936,39.45198427627607,82969500
2010-08-20,39.1383171081543,39.23415947114456,38.80722953890364,39.025051882534164,65806700
2010-08-23,38.75494384765625,39.50425310363942,38.737517664528205,39.38227314544767,69612200
2010-08-24,38.03178787231445,38.44129167577149,37.874955496963025,38.31060024544907,79095800
2010-08-25,38.3977165222168,38.563260281202545,37.700685795296955,37.7616757761709,87247900
2010-08-26,37.93592834472656,38.61553278152454,37.901075982915344,38.528405200700654,91199000
2010-08-27,38.3977165222168,38.47613268672682,37.4392996881651,38.214746579594966,109568800
2010-08-30,37.9969482421875,38.554573175532056,37.98823348301893,38.214770689506885,49373200
2010-08-31,37.866241455078125,38.20604383351483,37.622281454909356,37.79654002233236,72066900
2010-09-01,38.998905181884766,39.12959989824438,38.3977167987809,38.42385441257094,83523100
2010-09-02,39.434547424316406,39.45197360702606,38.97276521547641,39.06860755852723,41816800
2010-09-03,40.0880241394043,40.09673889474618,39.687231810015895,39.870201787731645,64041100
2010-09-07,39.817928314208984,40.10545210282579,39.75693831893556,39.92248211700551,51195200
2010-09-08,40.29713439941406,40.47139294263907,39.922479694777145,39.93119444997629,66879800
2010-09-09,40.453983306884766,40.68923193793001,40.35814090271374,40.6543795502848,61476400
2010-09-10,40.60207748413086,40.66306746537939,40.297127577888176,40.4975237053769,66995700
2010-09-13,41.16842269897461,41.27297649265202,40.898321797960705,40.915747984191135,64523400
2010-09-14,41.34268569946289,41.56050806529388,41.02030952867057,41.116148577723564,91405800
2010-09-15,41.60407638549805,41.647640198647444,41.1161530365895,41.23813636659606,67108200
2010-09-16,41.76960372924805,41.80445609550267,41.421090037815546,41.52564381287484,66885800
2010-09-17,41.91110610961914,42.042103604298426,41.70150545404713,42.042103604298426,76372600
2010-09-20,42.64470291137695,42.73203457348173,42.01590428345664,42.06830194812376,84475000
2010-09-21,42.63594436645508,42.941608347697446,42.452545977709654,42.67087834473636,82272000
2010-09-22,42.522422790527344,42.81062319672037,42.28662336677536,42.46128997675703,88315900
2010-09-23,42.50495147705078,42.93288446144514,42.19928743926064,42.24295325444663,85040000
2010-09-24,43.36953353881836,43.39573235212559,42.92413705516074,42.98526984053557,79495900
2010-09-27,43.13375473022461,43.44815396532341,43.09882074154952,43.34335533078665,43859800
2010-09-28,43.11628341674805,43.2647511880003,42.43508736326461,43.23854903337449,104922900
2010-09-29,43.046417236328125,43.256014476899416,42.88921764015563,43.055149066565235,81679200
2010-09-30,42.854286193847656,43.52675043251931,42.5748209688787,43.26475220054694,122458600
2010-10-01,42.8018913269043,43.25602321520029,42.60102587599258,43.21235739221752,77675400
2010-10-04,42.33903121948242,42.836828973239264,42.094499924721596,42.67962933189615,71359900
2010-10-05,43.36953353881836,43.45686513750042,42.79313632565071,42.81933513895794,99301300
2010-10-06,42.9940185546875,43.41321638968737,42.71455333135425,43.31714959451252,81831200
2010-10-07,43.15121841430664,43.264752203046925,42.79315338657645,43.238550047806385,75693300
2010-10-08,43.44814682006836,43.55294543737048,42.863017597686195,43.168681619604044,83223900
2010-10-11,43.465614318847656,43.683946717476694,43.33461354707503,43.47434614893809,46880000
2010-10-12,43.762550354003906,43.84988198852286,43.02021813463954,43.39575015975001,88571700
2010-10-13,44.12062454223633,44.32149000850605,43.911023911808925,44.04202472226218,71122900
2010-10-14,44.03327178955078,44.225405345621006,43.8149394145574,44.146805557363884,68464000
2010-10-15,44.967735290527344,44.976467119259105,44.21667142307065,44.57473636784797,104654000
2010-10-18,44.80180740356445,45.16860756458036,44.80180740356445,44.97647398826307,72399400
2010-10-19,44.38262176513672,44.80181968442918,44.03328849998188,44.38262176513672,105739800
2010-10-20,44.705745697021484,45.03761191252266,44.42628046233261,44.50488026780688,80861400
2010-10-21,44.79308319091797,45.159880082822596,44.35641832065709,44.985213468420525,85885400
2010-10-22,45.09874725341797,45.142413074132705,44.72321519859183,44.80181500847378,47406900
2010-10-25,45.31707763671875,45.614009868219135,45.2821436491332,45.2821436491332,51413900
2010-10-26,45.43933868408203,45.54414063628063,44.90660708728079,45.09000883788429,60498300
2010-10-27,45.579071044921875,45.61400502880111,45.116207418730255,45.20353904694027,57483400
2010-10-28,45.675132751464844,45.806133510688305,45.27340197602819,45.77119953069702,61220000
2010-10-29,45.57033920288086,45.84107258064263,45.56160404116928,45.675137823003325,46668700
2010-11-01,45.60528564453125,46.06814939704116,45.39568501554264,45.73628312259628,60555600
2010-11-02,46.09434509277344,46.22534589342175,45.91968180056069,45.9808146191329,48137500
2010-11-03,46.303932189941406,46.32139918036127,45.727534832037065,46.138000778184384,126225800
2010-11-04,46.871604919433594,47.037539699965684,46.72314046473491,46.810472104970785,84201000
2010-11-05,46.871604919433594,46.99387387984775,46.73187229616309,46.89780707669518,77937100
2010-11-08,46.932735443115234,47.01133524250712,46.67946905268712,46.79300283658388,39623500
2010-11-09,46.67947006225586,47.19473468463822,46.46986948218159,47.116134883546394,66828700
2010-11-10,46.91527557373047,46.95894139524701,46.37380872616168,46.74060895617565,83553700
2010-11-11,46.61833190917969,46.70566353083028,45.989533572534434,46.20786595814872,85163600
2010-11-12,45.858543395996094,46.60960750894651,45.509213497255644,46.3738080782652,99164300
2010-11-15,45.68388366699219,46.18168139333417,45.66641667097279,46.09434641323717,56723400
2010-11-16,44.93281173706055,45.63147479975435,44.40881194142399,45.36074140543438,101097000
2010-11-17,45.0638313293457,45.29963085351837,44.845498806758776,44.95903265132115,77836200
2010-11-18,45.78866958618164,46.103068764176385,45.526671381682,45.55287020268558,71488300
2010-11-19,45.82361602783203,45.92841467182878,45.53541559247994,45.727549216048004,54506100
2010-11-22,46.207889556884766,46.207889556884766,45.561623899558825,45.64022373178104,69918900
2010-11-23,45.474273681640625,45.806139874689705,45.212275458281106,45.736271905000144,76818300
2010-11-24,46.39128875732422,46.5048225903619,45.90222608852726,45.91969308833995,53444200
2010-11-26,46.08561325073242,46.400012507028976,45.998278273156295,46.09434508274566,23640300
2010-11-29,46.05066680908203,46.19913456507616,45.500468259319064,46.024467988636886,89269100
2010-11-30,45.49174880981445,46.05941450485496,45.30835035381259,45.57034862402793,118862100
2010-12-01,46.4524040222168,46.68820343327231,46.14673996982352,46.16420696303004,81758800
2010-12-02,46.924015045166016,46.99388303615864,46.46988309818145,46.52228409142592,56844600
2010-12-03,47.04627227783203,47.10740509326478,46.72314120604627,46.72314120604627,38014200
2010-12-06,47.028804779052734,47.11613975122654,46.88034032359007,47.055006936449146,39312000
2010-12-07,47.05500030517578,47.613930722366156,47.00259932925616,47.59646373039295,59067300
2010-12-08,47.22968673706055,47.290819568907814,46.88908524771074,47.17728573912454,48066900
2010-12-09,47.273345947265625,47.544076069952474,47.116146306968545,47.517877240399294,51679800
2010-12-10,47.58774185180664,47.64013950719571,47.23840860226526,47.413075227035954,44696200
2010-12-13,47.42178726196289,47.806054342336445,47.395588445205554,47.771120365668416,53110200
2010-12-14,47.509132385253906,47.70126263512849,47.360664618340536,47.544063037920495,69884800
2010-12-15,47.29954147338867,47.771140361343136,47.18600766743917,47.48293993043026,76951900
2010-12-16,47.66633605957031,47.73620070236741,47.21220422117982,47.34320167573252,65519400
2010-12-17,47.70833206176758,47.848341705679495,47.61207480568565,47.725833684518214,36844200
2010-12-20,47.74334716796875,47.918356762765704,47.39332130218674,47.795848711170215,48159600
2010-12-21,48.03209686279297,48.03209686279297,47.795829996615,47.92709047941145,35775400
2010-12-22,48.023353576660156,48.09335672808495,47.94459794499905,48.01460109642384,35766500
2010-12-23,47.90084457397461,48.01460010996443,47.787085699891705,47.93584447992136,21664800
2010-12-27,47.92710494995117,48.00586059578904,47.43706944939403,47.76084451455734,29263700
2010-12-28,47.8395881652832,48.05835343767925,47.73458176919918,48.02335353104667,24160500
2010-12-29,47.94460678100586,48.0408640527863,47.89210190419096,47.970857550366425,24132700
2010-12-30,47.830841064453125,47.953349088128356,47.73458380639594,47.944599945620105,27553300
2010-12-31,47.65583038330078,47.795840036584075,47.437065091414794,47.76958926974766,38540100
2011-01-03,48.39965057373047,48.732171525235785,48.08462791390897,48.10212954368733,90994300
2011-01-04,48.36463165283203,48.60964771419943,48.05835823802929,48.574644465977386,43851500
2011-01-05,48.775909423828125,48.7934077091101,48.18961672408175,48.215867490098056,43787400
2011-01-06,48.93342208862305,48.96842533875759,48.7234092640031,48.82841567631307,46139600
2011-01-07,48.88966369628906,49.04717496447438,48.408380749319825,49.02092419914124,72261700
2011-01-10,49.07344055175781,49.16094534874109,48.63590989065339,48.78466871314375,55551800
2011-01-11,49.14344024658203,49.31845316626669,48.959678183055345,49.274700770868975,56663800
2011-01-12,49.49346923828125,49.49346923828125,49.17844663040324,49.379710332526635,51979300
2011-01-13,49.51095962524414,49.64221678999943,49.362197499476245,49.528457910070244,47364500
2011-01-14,49.87849807739258,49.895999705359465,49.40596413656941,49.52847219424337,43867400
2011-01-18,50.018489837646484,50.07974384453154,49.43220053229145,49.502203680977374,65805600
2011-01-19,49.449710845947266,50.106006797743966,49.28345040653922,50.106006797743966,67767200
2011-01-20,49.09968948364258,49.30970232377161,48.723412862143,49.23969915642657,92357800
2011-01-21,48.72340774536133,49.43220851707203,48.69715697762545,49.344700394463175,59673300
2011-01-24,49.39720916748047,49.40595831138524,48.72341159162323,48.81966886504481,64103300
2011-01-25,49.46721267700195,49.484714303027026,49.04718366668179,49.15219008473837,55305100
2011-01-26,49.729732513427734,49.860989698265854,49.39720830326906,49.53721796995264,60547700
2011-01-27,50.03600311279297,50.18476192470481,49.808485315865234,49.88724096278733,53656100
2011-01-28,48.767173767089844,50.07101678456513,48.53965926090809,50.02726104198505,123359900
2011-01-31,49.00342559814453,49.143435252044064,48.46963774949836,48.837165177293045,70571300
2011-02-01,49.9222412109375,50.03600010255747,49.3184501795889,49.370951715649205,76952900
2011-02-02,49.843475341796875,50.02723735649055,49.73846895312804,49.81722457915289,48661000
2011-02-03,49.93101119995117,50.00101438527507,49.35347073412627,49.747245745024564,45341900
2011-02-04,50.21100997924805,50.24600988847663,49.79098102566451,49.92223819598183,47647800
2011-02-07,50.44728088378906,50.72730020833804,50.228515577854324,50.307271221514576,45627100
2011-02-08,50.7797966003418,50.81479984688728,50.36852013675896,50.46477405761906,38099900
2011-02-09,50.69230270385742,50.858563153498544,50.53479139868413,50.70105184832526,62540800
2011-02-10,50.771060943603516,50.84106411719547,50.30727948701243,50.35978103268285,70194700
2011-02-11,51.138587951660156,51.1735912094444,50.5522984051987,50.62230158267281,47853500
2011-02-14,51.2610969543457,51.33110012854293,51.086084011711286,51.13858555783565,48506100
2011-02-15,51.19108581542969,51.25233983910149,50.954818864941046,51.138580935956455,39723800
2011-02-16,51.52360916137695,51.663618832817086,51.30484384112088,51.32234546731263,53061700
2011-02-17,51.506107330322266,51.6023646049471,51.2348371325699,51.26984038481418,38361900
2011-02-18,51.39236831665039,51.60238457329125,51.1998536929042,51.50612726141816,44334300
2011-02-22,49.90473556518555,50.86730481855378,49.82597992934717,50.69229192356925,92598100
2011-02-23,49.49346923828125,50.07975871775886,49.1171926053263,49.9047457869273,97842900
2011-02-24,49.755977630615234,49.90473642415188,49.12593253306386,49.59846635622739,98716100
2011-02-25,50.44728088378906,50.5085349024033,49.98349616530372,50.036001040441775,54094600
2011-02-28,50.55229568481445,50.79731179993031,50.25477468584767,50.64855296949403,51402800
2011-03-01,49.738487243652344,50.7710599032043,49.6159791888062,50.7710599032043,91993900
2011-03-02,50.00099563598633,50.324767340153365,49.69472555611123,49.71222718040317,61552900
2011-03-03,50.989837646484375,51.077342467494745,50.46479870613731,50.46479870613731,64146600
2011-03-04,50.72730255126953,50.981067780923254,50.39477833622427,50.97231863704298,62328400
2011-03-07,50.04475021362305,50.98106545653202,49.58971797643745,50.93731306293783,98470000
2011-03-08,50.24601364135742,50.473531427850205,49.67722585131274,49.98349594302191,62399100
2011-03-09,49.90473556518555,50.11475170678564,49.633468749148186,50.062246836862286,84764200
2011-03-10,49.12593460083008,49.458458787211114,48.924670927994946,49.3446998980109,102894400
2011-03-11,49.43220520019531,49.58096399150838,48.845912501383395,48.845912501383395,81679400
2011-03-14,49.257198333740234,49.51971603989621,48.88092173094896,49.1609410625945,73565800
2011-03-15,48.5571403503418,48.8459087682714,47.66457765639862,47.81333643634261,101276500
2011-03-16,47.38456726074219,48.42588892978285,47.05204305642329,48.15461874493142,176507700
2011-03-17,47.82209777832031,48.33838403995785,47.367065536021656,48.13711701859443,94434500
2011-03-18,47.71430587768555,48.38905402925399,47.67925324422153,48.38905402925399,94887200
2011-03-21,48.63443374633789,48.87979558563103,47.75813764280027,48.44164753386222,57423000
2011-03-22,48.546791076660156,48.730812401558886,48.44163316860086,48.70452459594574,36162100
2011-03-23,48.81843948364258,48.95864668157192,48.038536736235415,48.37153008486883,60365100
2011-03-24,49.685977935791016,49.79113250724989,48.914836611884276,49.1864895428569,69502400
2011-03-25,49.808677673339844,50.14167117556479,49.71228455352698,49.84373032469085,74131100
2011-03-28,49.53701400756836,50.036502482299376,49.510726196099604,50.02774099274449,37824000
2011-03-29,50.01896667480469,50.01896667480469,49.27411322711642,49.423085253775376,47994800
2011-03-30,50.255584716796875,50.32569001592573,50.01898768924861,50.26434955059031,44935900
2011-03-31,50.32566452026367,50.36947863862006,50.08030278322555,50.16793101993832,50004300
2011-04-01,50.35197830200195,50.73755076520275,50.20300955416869,50.57981718349418,68031800
2011-04-04,50.18547439575195,50.54475563689211,49.96640038669566,50.492176671309124,48659100
2011-04-05,50.05403518676758,50.378267169311954,49.948880584679834,50.089087835065,55349400
2011-04-06,50.17669677734375,50.58855687911629,49.88752089733566,50.439588195464324,49532100
2011-04-07,50.14165115356445,50.47464118001874,49.78236997769278,50.159177472241545,60697000
2011-04-08,49.9050407409668,50.448343138518304,49.64215269975173,50.369476391873505,42782200
2011-04-11,49.73854064941406,50.202979626602534,49.56328419004012,50.09782173961494,42451700
2011-04-12,49.39680480957031,49.63340513178715,49.20402196179672,49.510724226075595,50422800
2011-04-13,49.81740951538086,49.94885520831335,49.42307912218907,49.76483391245013,49979800
2011-04-14,49.72978591918945,49.79989118670474,49.27411170874949,49.475659338651234,53544100
2011-04-15,49.64216995239258,49.83495280012188,49.31793802416772,49.53701202511772,68530000
2011-04-18,49.29164123535156,49.309167553371644,48.47668583283615,49.14267254638589,69065000
2011-04-19,49.598350524902344,49.598350524902344,49.16020254025549,49.42309400528667,38608400
2011-04-20,50.72001647949219,50.77259210327324,50.413310855284685,50.47465131156535,67397500
2011-04-21,51.12309646606445,51.237015854624,50.965362956613745,51.21072470784678,43666800
2011-04-25,51.25455093383789,51.280838742306024,51.070526246149754,51.16691933427122,25376800
2011-04-26,51.543731689453125,51.727753051596075,51.272078719524934,51.38599813824373,49400000
2011-04-27,51.89424514770508,51.955585594320986,51.40351823197419,51.64011853012282,56465500
2011-04-28,51.81538009643555,51.903008353700066,51.59630611047051,51.73651332777598,48100000
2011-04-29,51.771568298339844,51.955589652561436,51.68393669432678,51.71898933593201,44831200
2011-05-02,51.675167083740234,51.99939561062109,51.54372136978141,51.85042357861419,48149400
2011-05-03,51.42980194091797,51.70145485628393,51.114338244664964,51.64887590217341,38100000
2011-05-04,51.35092544555664,51.587525679992,50.921542434872386,51.456083333840844,53097200
2011-05-05,51.07052993774414,51.6751763186475,50.895273411549965,51.096821090916436,72200000
2011-05-06,51.23702621459961,51.87672186880398,51.09681899371651,51.578781106576926,72507000
2011-05-09,51.42980194091797,51.63134958413657,51.1230997322817,51.324647375500305,40022000
2011-05-10,51.86797332763672,51.946840123078836,51.50869200235704,51.57879730621887,38053600
2011-05-11,51.49114990234375,51.973115361733996,51.14063351882812,51.78909066687415,61900000
2011-05-12,51.79784393310547,51.867945857034634,51.03546754280911,51.33340824081505,66100000
2011-05-13,51.184444427490234,51.762799599554384,51.16691810799694,51.67517134489155,63506600
2011-05-16,50.299373626708984,51.10556405189225,50.18545425174082,50.94783056126026,73115300
2011-05-17,50.43958282470703,50.44834431106996,49.93132970278234,50.036484253151876,63136000
2011-05-18,50.860206604003906,50.947834842695464,50.30813934039861,50.369479776043306,42351100
2011-05-19,51.009185791015625,51.12310519903516,50.69371871822538,51.01795062237298,35015800
2011-05-20,50.62363052368164,51.00919963797874,50.553525225006915,50.956624006777325,44703300
2011-05-23,49.8787727355957,50.08032378158948,49.642175728706995,49.93135170535117,43700000
2011-05-24,49.57206726074219,50.01021528556247,49.563305771079605,50.001453795899884,39314800
2011-05-25,49.76483917236328,50.00143943896761,49.484424784418124,49.51071258866199,41369000
2011-05-26,50.071556091308594,50.21176332651811,49.60712025145284,49.61588174117661,40564100
2011-05-27,50.32566452026367,50.378243467973114,50.11535207222889,50.15916953338823,30127200
2011-05-31,51.140625,51.140625,50.53597873995897,50.798870162308965,47590100
2011-06-01,50.02772521972656,51.1406212393467,49.98391110015789,51.0179403674332,51795000
2011-06-02,50.13288879394531,50.30814864655156,49.85247436689679,50.12412730557665,50198100
2011-06-03,49.37926483154297,49.94009692694997,49.309162908869,49.55452465243247,57773700
2011-06-06,48.976173400878906,49.53700219719634,48.94988559567756,49.26535262930694,50175600
2011-06-07,48.8885498046875,49.30040661082705,48.853497165883056,49.10762378300985,46311100
2011-06-08,48.53803253173828,48.87102593144068,48.397825312306296,48.783394330043315,46426400
2011-06-09,48.62565612792969,48.86225305574231,48.397817344609265,48.55555085835317,45307500
2011-06-10,47.88081741333008,48.49422533964578,47.83700327776558,48.39783223572134,53740600
2011-06-13,47.88081741333008,48.134944079530115,47.714322361063296,47.907105226107916,37736800
2011-06-14,48.49422836303711,48.60814779685056,48.22257535711412,48.24886651433536,40565300
2011-06-15,47.5741081237793,48.32772317873281,47.47771503403355,48.02978242079313,59022400
2011-06-16,47.39010238647461,47.75814520368141,46.987003574498985,47.60041161264853,66316200
2011-06-17,47.241661071777344,47.95305035381409,47.10113944258367,47.777400830046936,70337000
2011-06-20,47.48756408691406,47.628085689480415,47.109911651835866,47.109911651835866,37402900
2011-06-21,48.5063591003418,48.55905597130849,47.452445133108974,47.65444477969774,55892800
2011-06-22,48.155059814453125,48.585405895992224,48.14627532690314,48.30436259979924,36833300
2011-06-23,48.602970123291016,48.629316884582686,47.47879697084288,47.636884239193435,80743300
2011-06-24,47.75983428955078,48.41853004191562,47.66322504315596,48.374617661817936,56298300
2011-06-27,48.52391815185547,48.76983014912644,47.70713518914868,47.81252556650771,49968900
2011-06-28,49.24409484863281,49.25287933495176,48.559052328950784,48.62931146800284,47028800
2011-06-29,49.44607925415039,49.54268847211052,49.09477696646676,49.3582545198042,65407300
2011-06-30,50.10478973388672,50.13992097820685,49.59540009244424,49.62174685053441,50347200
2011-07-01,50.860103607177734,50.93036610807441,49.9906235852338,50.131148587027155,53203900
2011-07-05,51.11479568481445,51.167489205586016,50.789840022289226,50.912796037823085,43128800
2011-07-06,51.281654357910156,51.3694824597048,50.886436275583065,51.05330799384313,49282700
2011-07-07,51.98427963256836,52.133585779904195,51.58906476968664,51.66810841232311,54799800
2011-07-08,51.84374237060547,51.852526856199425,51.26409028249001,51.53635238080925,69519500
2011-07-11,50.90400314331055,51.56269884656342,50.72835028571652,51.29922123532219,52080800
2011-07-12,50.517574310302734,51.00061720160483,50.46487744295527,50.89522681720981,84000700
2011-07-13,50.728363037109375,51.23775611714625,50.54392899791,50.88645031365182,82378100
2011-07-14,50.139896392822266,51.09720055419631,49.94667799410329,50.8600697967589,98774200
2011-07-15,50.80739212036133,50.80739212036133,50.33313377689732,50.70200174962483,68281500
2011-07-18,50.535152435302734,50.754717744788444,50.04332493594648,50.52636794675489,59512200
2011-07-19,51.6856575012207,51.72957323060354,51.018180628378616,51.018180628378616,73904600
2011-07-20,51.46608352661133,51.98425755262622,51.37825878334068,51.975476418418836,57085500
2011-07-21,51.80861282348633,52.09843718313236,51.237741888908474,51.51878511354078,70148800
2011-07-22,52.34435272216797,52.43218082976776,51.747134991688355,51.782266234728276,43620400
2011-07-25,52.238956451416016,52.5287841483566,51.8349572529225,51.931566485236026,48916100
2011-07-26,52.37070846557617,52.54636134937925,52.0984463281664,52.203836718328205,40918900
2011-07-27,51.01818084716797,52.07209470118019,50.88644035905402,52.0281823219088,83969500
2011-07-28,51.106021881103516,51.75593669231334,50.84254417126743,51.04454386048513,61031900
2011-07-29,50.93913269042969,51.474872380635574,50.44730537558669,50.69322070815793,82860500
2011-08-01,50.702003479003906,51.65930803411988,50.087220153189136,51.55391765978865,85421100
2011-08-02,49.41974639892578,50.69322550679435,49.36704953332232,50.4648757728125,90853300
2011-08-03,49.89399337768555,49.9554713608852,48.61173016308133,49.48120976166031,103612300
2011-08-04,47.57538986206055,49.261652479660036,47.57538986206055,49.18260886711163,132830000
2011-08-05,47.27677536010742,48.3306855259089,45.95059981933926,48.05842685153962,214111800
2011-08-08,44.43122863769531,46.653228121328034,44.43122863769531,45.827663903568485,204804500
2011-08-09,46.57416915893555,46.61808487918143,43.851562018644145,45.09869074668887,193707100
2011-08-10,44.66836166381836,46.58297119764143,44.61566478984421,45.52027603308193,205917900
2011-08-11,46.63566589355469,47.15384010794087,45.089927738096144,45.30949302639028,143825300
2011-08-12,47.048439025878906,47.33826674876958,46.44244017387977,46.92548302839789,90483300
2011-08-15,47.74226379394531,47.74226379394531,47.013305627595976,47.241655341273876,73554300
2011-08-16,47.338253021240234,47.7334676555932,46.70590424579758,47.27677504032761,89219200
2011-08-17,47.057220458984375,47.79495639601356,46.56539315066547,47.399741672690624,84416600
2011-08-18,44.747406005859375,45.79253556225567,44.33462219563125,45.78375442493822,130019400
2011-08-19,43.93940353393555,45.37975126000806,43.90427563474624,44.28192484070885,96674600
2011-08-22,44.097476959228516,45.00208792287716,43.96573984045978,44.993303438112996,77107700
2011-08-23,45.91548538208008,45.91548538208008,44.21166019719529,44.39609420864314,75688400
2011-08-24,46.27557373046875,46.363401846051275,45.414878299560264,45.78374968440678,80197700
2011-08-25,45.5202522277832,46.45999087859039,45.36216503883446,46.24920684322588,93623700
2011-08-26,46.66201400756836,46.82010127639244,44.923057400803735,45.37096909560512,91573300
2011-08-29,47.96182632446289,48.01451983211723,47.10991221419164,47.12747783350952,45985800
2011-08-30,48.27800750732422,48.5678318907573,47.52270252277168,47.786180148701696,61617900
2011-08-31,48.3570442199707,48.9542618735636,47.95304167762305,48.56782495047449,60900400
2011-09-01,47.91792678833008,48.866447033505345,47.83009866821186,48.48001335588582,57158400
2011-09-02,46.79374694824219,47.9618357348218,46.53905379390902,47.0572279394075,58185700
2011-09-06,46.80252456665039,46.87278369709752,45.59052357616724,45.70469843223074,52992200
2011-09-07,47.98818588256836,47.99697036972085,47.338274545892844,47.47001170047832,48952200
2011-09-08,47.76860809326172,48.45365049847539,47.61052086893559,47.74226133930714,61422800
2011-09-09,46.7059211730957,47.63687905764248,46.416093429211365,47.434876075377694,63663500
2011-09-12,47.30313491821289,47.338266159998994,46.17017749785816,46.187743118751214,65973000
2011-09-13,47.935489654541016,48.03209555566283,47.250443758231654,47.47879350710145,59020000
2011-09-14,48.620521545410156,49.16504233828381,47.70712945070002,48.181391117218666,90757300
2011-09-15,49.340702056884766,49.42852681464464,48.646875079562555,49.14748356945332,83536100
2011-09-16,49.79296875,49.845763351469884,49.35302380729158,49.449812231729595,91902100
2011-09-19,49.81056594848633,50.07453223749865,48.7722956360595,49.17704416964597,73042900
2011-09-20,49.59058380126953,50.46167272062138,49.47619720097132,50.06572504265026,66570100
2011-09-21,48.72830581665039,50.092134552337185,48.71950503760276,49.845766443223475,79938000
2011-09-22,47.144493103027344,47.91879364477165,46.41418301974216,47.487649558927444,151885500
2011-09-23,47.64603042602539,47.848404662009976,46.71334609988894,46.74854249480268,85940600
2011-09-26,48.20037841796875,48.28836944153792,46.818951234819146,47.88361744614845,96261400
2011-09-27,48.70191192626953,49.449820467342285,48.376353554269016,49.018672874816666,81148600
2011-09-28,47.98039245605469,49.24743598847781,47.86600919222136,48.913076905586884,76757100
2011-09-29,47.40846252441406,48.77229101896361,46.6077629548517,48.710699002575204,116900200
2011-09-30,46.18540954589844,47.17088502134098,46.1590105737752,46.774934004619034,104870100
2011-10-03,44.9975700378418,46.5021809976882,44.971174414287404,45.77187410840278,99149500
2011-10-04,45.92144012451172,46.009431104376134,44.082470601754,44.5400136275109,137013700
2011-10-05,47.10050582885742,47.232490658020716,45.45511263626015,45.80706994301984,108825700
2011-10-06,47.89239501953125,47.901192439368025,46.81892854775781,47.038900965317104,71939200
2011-10-07,47.57563018798828,48.09476518389739,47.267670171988144,47.865995365799066,72525200
2011-10-10,49.221031188964844,49.221031188964844,48.29714762685352,48.38513861537218,48230200
2011-10-11,49.55540084838867,49.67858490219107,49.0098700287579,49.08906025713283,66449100
2011-10-12,49.8017578125,50.356089287088935,49.76656477394095,50.03053102395517,85627600
2011-10-13,50.25931930541992,50.3209113411209,49.65219637214707,49.704990984111134,63443700
2011-10-14,51.191978454589844,51.200775873940565,50.60245066271543,50.87521765376329,65643600
2011-10-17,50.40009307861328,51.112805115583974,50.127329354098066,50.95442466292382,65161300
2011-10-18,51.024810791015625,51.28877705874118,49.85455575019763,50.32089626839655,91434600
2011-10-19,50.03933334350586,50.901624968114156,49.87215548531588,50.74324453129699,67639400
2011-10-20,49.79296875,50.08333066680052,49.08905751296923,50.030539421844175,80378300
2011-10-21,50.41767883300781,50.734439660129304,49.960135789000425,50.320890429552605,60455800
2011-10-24,51.46476364135742,51.60554589633125,50.4264932522328,50.6024685535648,61449500
2011-10-25,50.452884674072266,51.315176333533685,50.34729883076423,51.29757813356344,65299200
2011-10-26,50.39130783081055,50.840050317420605,49.458623090533955,50.734464442309026,98193800
2011-10-27,51.781524658203125,52.08948816914264,51.06001513367984,51.596748565547784,104455500
2011-10-28,51.860713958740234,51.92230598851732,51.47356357778225,51.49116178007769,42950000
2011-10-31,50.989627838134766,51.59675074963636,50.95443143142086,51.41197464915945,60520200
2011-11-01,49.66098403930664,50.95442324794178,49.37941954384387,49.7313768414291,99933000
2011-11-02,50.08332443237305,50.29449945545175,49.608186504343934,50.18011284476274,65003800
2011-11-03,51.1215934753418,51.191986266940276,49.898547251679126,50.479274356314384,78994200
2011-11-04,50.85762023925781,51.077592648040515,50.34728599626849,50.87521843474194,61527800
2011-11-07,51.2183952331543,51.25359163812579,50.30330884297893,50.82244406850977,65559000
2011-11-08,51.807918548583984,51.89590619648255,51.007218869258054,51.587946072323966,62906900
2011-11-09,49.98653793334961,50.884025881625014,49.828157509741416,50.80483566982092,69539000
2011-11-10,49.96014404296875,50.5232730035475,49.476205302253476,50.47927918284854,66052400
2011-11-11,50.9016227722168,51.05120578120813,50.329696425284,50.39128844177656,54471000
2011-11-14,50.58486557006836,51.04240530773466,50.40008616297688,50.76084084308778,44617600
2011-11-15,51.14799118041992,51.350365416470936,50.38248469510305,50.435279287491,52203900
2011-11-16,50.30329895019531,51.17439134110188,50.206513890328594,50.77844025432617,68342800
2011-11-17,49.12425231933594,50.188918240567155,48.81628885552866,50.171320040648446,101706900
2011-11-18,48.74589157104492,49.18583642870232,48.65790058560571,49.13304183743879,60417000
2011-11-21,47.8132209777832,48.15637752813469,47.320481387539566,48.0859880761078,52283700
2011-11-22,47.97158432006836,48.112366530392705,47.399654702587355,47.69001989941968,51940100
2011-11-23,46.88934326171875,47.66364411696347,46.8629442768367,47.61085286022796,48437300
2011-11-25,46.52857208251953,47.22368245143965,46.51977130515232,46.68695250999832,25448100
2011-11-28,48.147579193115234,48.20917122116453,47.63724141040532,47.66363703485108,46710700
2011-11-29,47.84840774536133,48.481926112067846,47.707625513147306,48.12117143223734,52056700
2011-11-30,49.61699295043945,49.66098677593355,48.98347112248049,49.15065235847729,66918600
2011-12-01,49.96014404296875,50.09212886157899,49.58179114323365,49.60819012086372,45362200
2011-12-02,49.81937026977539,50.452892136352105,49.77537644159955,50.452892136352105,36938900
2011-12-05,50.36489486694336,50.69925058247303,50.08332703602966,50.56726912313657,40492200
2011-12-06,50.22410583496094,50.54966408509563,50.056924643300626,50.40888186694175,38670000
2011-12-07,50.22410583496094,50.45287568076868,49.58178339833896,50.083320260294215,44576200
2011-12-08,49.37940979003906,50.28569847752411,49.28262138449585,49.89854485535124,51692600
2011-12-09,50.17131423950195,50.32089388674543,49.48500130459556,49.50259614596641,55757900
2011-12-12,49.608192443847656,50.16252065233591,49.185845703636524,49.64338548814677,55411700
2011-12-13,49.06264114379883,50.1361074976032,48.86026694466581,49.93373329847017,68557700
2011-12-14,48.29714584350586,48.913069314341755,48.024382180452214,48.8778729202339,63682800
2011-12-15,48.165164947509766,48.763486871575566,48.09477215849442,48.71069563632698,58732900
2011-12-16,48.41314697265625,49.075010986974924,48.33372315628143,48.42197034495813,60978900
2011-12-19,47.936588287353516,48.713176084328246,47.80421418151903,48.59845208369924,46733900
2011-12-20,49.357398986816406,49.41917268335749,48.6867083294933,48.71318517544946,81758800
2011-12-21,48.65142059326172,49.10148666186406,48.08663048112756,49.06618643825202,78552300
2011-12-22,49.0661735534668,49.09265039743031,48.686704665322516,48.75730509400691,40334100
2011-12-23,49.489784240722656,49.489784240722656,49.04854152830429,49.16326220971445,26594600
2011-12-27,49.67437744140625,49.83336060889043,49.400566545875854,49.45356318127606,21443500
2011-12-28,49.10026168823242,49.6920423202805,48.96777177720396,49.612549047535104,38180100
2011-12-29,49.45355987548828,49.48888759403534,49.02076247204639,49.179748998261125,28077900
2011-12-30,49.312255859375,49.5683979114187,49.3034213996802,49.34758359007676,21832400
2012-01-03,50.25732421875,50.51346618585146,50.1248343221377,50.26615530615707,39514100
2012-01-04,50.46931076049805,50.539972946637995,49.957023388417355,50.17783766606697,29403400
2012-01-05,50.88444137573242,50.9286035562581,50.16900192152621,50.36331955906927,41260600
2012-01-06,51.061092376708984,51.175913369751896,50.698957113158926,50.89327137719372,46325200
2012-01-09,50.89326858520508,51.21124165172871,50.725450964254556,51.193576106993156,39195500
2012-01-10,51.26424789428711,51.582221020407786,50.9109436720733,51.43206554669135,35949900
2012-01-11,51.37023162841797,51.485055992216836,51.06109299821913,51.2554072646191,37144100
2012-01-12,51.573368072509766,51.64403023936345,51.10524300985555,51.485043733300216,26188300
2012-01-13,51.387901306152344,51.40556685349243,50.946272730726044,51.29957693881054,35980400
2012-01-17,51.856021881103516,52.07683614907213,51.661707616454805,51.83835633534302,41790800
2012-01-18,52.54496383666992,52.54496383666992,51.8295244070786,51.953179856039455,48692700
2012-01-19,52.87176513671875,52.968923946877496,52.68628197333829,52.78343741413894,47774500
2012-01-20,52.79228973388672,52.818786374947024,52.606806507746114,52.64213423937344,41041700
2012-01-23,52.80994415283203,53.18091052691907,52.50080213840098,52.801109694767945,40958300
2012-01-24,52.7127799987793,52.854100989284404,52.47430019554726,52.57145900827418,38440200
2012-01-25,53.37522506713867,53.507714975524706,52.8452721723112,53.22506961301061,61591800
2012-01-26,53.18973922729492,53.70202655072649,52.933593880900055,53.60486773868994,37852700
2012-01-27,53.34872817993164,53.44588362701405,53.04842064245956,53.07491727626764,45532300
2012-01-30,53.39289855957031,53.472391842561585,52.69512456102011,52.8982733132514,42797800
2012-01-31,53.46354293823242,53.75501935356521,53.119073261463065,53.65786054845428,51449600
2012-02-01,53.89634704589844,54.09066468032297,53.578373960243134,53.77269159466768,46146700
2012-02-02,54.06416320800781,54.24081529183422,53.852183402902725,54.07299766534617,46373600
2012-02-03,54.80610656738281,54.86793429955673,54.4793023588409,54.567626727843994,36453800
2012-02-06,54.761940002441406,54.779605548700694,54.46163245475046,54.60295345546629,28541300
2012-02-07,54.876766204833984,54.98275611657808,54.470465365990954,54.71777965253857,37935700
2012-02-08,55.16822814941406,55.16822814941406,54.682437502009094,54.88558619567452,41171100
2012-02-09,55.565704345703125,55.627532073509926,55.04458251893257,55.3802211622827,46856400
2012-02-10,55.17708206176758,55.3272341785429,54.982764386543934,55.16824760233429,58090500
2012-02-13,55.68934631347656,55.76000848206067,55.33604557862899,55.59218751635225,36810200
2012-02-14,55.830692291259766,55.8395267509691,55.371398097790156,55.56571577908553,51648200
2012-02-15,55.442054748535156,56.404805229576695,55.353727007078845,56.09566318851781,105709100
2012-02-16,56.20166015625,56.26348789463618,55.31840290003706,55.459723926256764,83642300
2012-02-17,56.02500915527344,56.25465456397865,55.77769819676643,56.210492374153695,76112300
2012-02-21,56.183990478515625,56.43130141388844,55.83068625424692,56.08683164837379,38141300
2012-02-22,55.92784118652344,56.245814292332525,55.84834791007116,56.077996650648195,43174700
2012-02-23,56.29881286621094,56.360640597868056,55.72469436441349,55.99850529700835,54250000
2012-02-24,56.49312210083008,56.59028091885241,56.35180110262261,56.457791008938614,41364900
2012-02-27,56.57261276245117,56.758095921237924,55.93666665305888,56.18397753144121,42678500
2012-02-28,57.14673614501953,57.14673614501953,56.55495545901744,56.625617649837295,43717500
2012-02-29,56.890586853027344,57.37637416191912,56.70509695214711,57.19089099975504,59784400
2012-03-01,57.341068267822266,57.394068293668006,56.93477067617354,57.10259173703334,67558900
2012-03-02,57.29689407348633,57.48237726739899,57.111410879573675,57.26156297863859,33358200
2012-03-05,56.70509719848633,57.33221560401951,56.519617404874566,57.26155342611208,45788800
2012-03-06,56.148651123046875,56.28114102999877,55.84834358739976,56.148651123046875,54638600
2012-03-07,56.58143615722656,56.71392604301279,56.325294211055095,56.41361855534074,42741800
2012-03-08,57.19088363647461,57.358704601989835,56.79342073139835,56.91707615692053,43711100
2012-03-09,57.429386138916016,57.535379439854225,57.252737376070684,57.28806847638342,43117200
2012-03-12,57.45587921142578,57.50887248302947,57.16440274017118,57.411713659277936,32687300
2012-03-13,58.52461242675781,58.52461242675781,57.65018311918453,57.7650108453374,61559100
2012-03-14,58.72775650024414,58.94857075196276,58.36562463155801,58.586438883276635,59926900
2012-03-15,58.89558792114258,59.01924338491297,58.6041114399478,58.90442237961686,65531200
2012-03-16,58.85398864746094,58.98670344822302,58.7124311434285,58.98670344822302,53023100
2012-03-19,59.26982116699219,59.411385411531676,58.79205196690347,58.95130836693304,60966200
2012-03-20,59.37600326538086,59.43793594412706,58.80091024836283,58.96016667230389,47290600
2012-03-21,59.384849548339844,59.71220508273632,59.30521796554384,59.384849548339844,39648100
2012-03-22,59.2609977722168,59.4025553127226,58.99556810230267,59.030959174968345,56953900
2012-03-23,59.22561264038086,59.34947803205702,58.88940079141049,59.33177911887038,45541700
2012-03-26,60.26074981689453,60.26074981689453,59.5706410094436,59.62372422535379,40855300
2012-03-27,60.349246978759766,60.596977747156515,60.2784648306015,60.30501319877873,37278200
2012-03-28,60.11037826538086,60.614689363935575,59.75647420056946,60.38465070928437,44421900
2012-03-29,59.88032531738281,60.10151446132259,59.45563919094936,59.8095431712844,53975300
2012-03-30,59.765316009521484,60.18114597603512,59.52642792753007,60.145761649225314,39480900
2012-04-02,60.38463592529297,60.4642607765477,59.5972031177083,59.70337633620487,40031600
2012-04-03,60.366947174072266,60.65006902256635,60.03073533825238,60.437722573577794,45539900
2012-04-04,59.54412841796875,59.951115688636825,59.199073846094564,59.91572461073205,54088100
2012-04-05,59.91570281982422,59.96878604229645,59.39369304827733,59.43793356710782,42979900
2012-04-09,59.4644889831543,59.70337704004861,59.06635122187314,59.17251769146437,36908200
2012-04-10,58.508934020996094,59.6679694102983,58.32313600060913,59.437930873086046,69254200
2012-04-11,58.792049407958984,59.18134431334367,58.641642467298325,59.022087920245795,62950000
2012-04-12,59.4644889831543,59.52642167380152,58.81862045928424,58.90709476732927,57407400
2012-04-13,58.56203079223633,59.45562993451881,58.535489179120844,59.26098918828658,55227500
2012-04-16,57.907318115234375,58.88939850406255,57.721520034936795,58.85400742922149,57588000
2012-04-17,59.08402633666992,59.269824355005696,58.06655521231727,58.15503624499103,47362400
2012-04-18,58.93364334106445,59.27869790827912,58.756694704087934,58.91594442727211,42536100
2012-04-19,58.27007293701172,59.42910197708384,58.05773323314024,58.721300714126414,81110900
2012-04-20,58.110809326171875,58.84515886820425,58.02233502295082,58.588578663753545,59906900
2012-04-23,57.57996368408203,57.66843799794735,57.057953757008974,57.562264771214494,70514400
2012-04-24,57.270294189453125,57.712672462428436,57.022556686455275,57.47378441493399,49661500
2012-04-25,58.792049407958984,58.82744046755345,58.36737019313424,58.4558444670432,57526900
2012-04-26,59.13711929321289,59.26983411392027,58.70359051238123,58.78322210486813,41799500
2012-04-27,59.49101638793945,59.676814415493325,59.075179814299894,59.38484994371176,46003800
2012-04-30,59.06634521484375,59.42909186598427,59.022104690241974,59.31407595223851,37787700
2012-05-01,59.1636848449707,59.83609509829088,58.91594729094111,59.00442836388789,37643800
2012-05-02,59.331764221191406,59.37600474289202,58.73012957690476,58.87169384622204,38299300
2012-05-03,58.703609466552734,59.4114175720911,58.553202437927304,59.367177034185566,51297600
2012-05-04,57.243751525878906,58.703601322167025,57.2349088196513,58.163899235356524,107554000
2012-05-07,57.29682540893555,57.571097728361636,56.88098882776985,56.898680985409534,50267800
2012-05-08,57.0844841003418,57.279131602491546,56.164339942629475,56.93407712146467,72659700
2012-05-09,56.90754699707031,57.22605992850312,56.1908929013465,56.42093151852742,85715300
2012-05-10,56.79252624511719,57.181814544828676,56.5801831838182,57.16412238354235,49448900
2012-05-11,56.78367233276367,57.38530702163367,56.54478767320545,56.59787427813335,47099900
2012-05-14,56.25282287597656,56.695201149458306,56.164345196233185,56.297060028309055,46360000
2012-05-15,56.0670166015625,56.863295400121864,55.96969284977591,56.40322500544032,66908600
2012-05-16,55.68656921386719,56.42976475974213,55.5715533065265,56.26166225088252,52825900
2012-05-17,54.50984573364258,55.792743268433604,54.5009962790487,55.70426559788503,62253900
2012-05-18,53.80204772949219,54.8195157503526,53.75780720134651,54.677954835490354,79496500
2012-05-21,55.306129455566406,55.35921606263486,53.83743374412261,53.90821588688055,61473000
2012-05-22,55.24420166015625,55.695429422499195,54.84606388466129,55.46539081324396,62954800
2012-05-23,55.35036849975586,55.48307995125477,54.29750609244194,54.77527541802582,56951100
2012-05-24,54.98761749267578,55.48307896963107,54.58062694007628,55.429995740001964,83131200
2012-05-25,54.91683578491211,55.13802491031455,54.75757934461609,55.040701155124964,32078900
2012-05-29,55.61579132080078,55.872371502859416,55.10263095668351,55.4299932752044,44216700
2012-05-30,55.146888732910156,55.341532918922184,54.571795507002264,55.111497653606484,56431800
2012-05-31,54.90797424316406,55.2176375814968,54.49213772447959,55.076076716105085,55260100
2012-06-01,53.4481315612793,54.2532597137057,53.43043602907372,53.917051351955145,71430800
2012-06-04,53.855133056640625,53.93476128528842,53.12078683695863,53.598556208845366,74119500
2012-06-05,54.07632827758789,54.18250151109226,53.64279938688801,53.669341007724626,47916900
2012-06-06,55.31497573852539,55.35921288767284,54.43021925526378,54.483305859287604,58781800
2012-06-07,55.09379959106445,55.8989280454191,55.04956243150014,55.8989280454191,38414800
2012-06-08,55.62465286254883,55.695435018686716,54.819524399414725,55.005322496658216,39730800
2012-06-11,54.686798095703125,56.075865470134026,54.6514070272274,56.049320481238205,51008900
2012-06-12,55.35036849975586,55.37691011503999,54.57178182566489,54.94337793995575,48802600
2012-06-13,54.96990966796875,55.60693190664412,54.78410828057257,55.19109874217987,50840100
2012-06-14,55.17340850830078,55.394597603747734,54.67794371947161,54.96106549163749,65170600
2012-06-15,55.85890579223633,55.93871703069852,55.300227123000994,55.32682974154322,41536100
2012-06-18,56.38210678100586,56.523993038035314,55.539655649903075,55.62833329198328,32191200
2012-06-19,56.9673957824707,57.20683290519382,56.62154817468996,56.66589038724513,36476500
2012-06-20,57.011749267578125,57.260049469369626,56.5860903290056,57.09155714715122,51389700
2012-06-21,55.59286880493164,57.02946778494867,55.53079377006173,56.96739275007876,42492700
2012-06-22,56.178138732910156,56.24908354857125,55.62832994287669,55.77908598473901,29504200
2012-06-25,55.09626007080078,55.73474652902746,54.93663761053532,55.717013707073676,33136400
2012-06-26,55.44213104248047,55.60175357021836,55.034208308411024,55.28250851474258,30611100
2012-06-27,55.77909469604492,56.02739482396704,55.5928662172678,55.65494124924833,35705800
2012-06-28,55.158348083496094,55.39778183027035,54.573066718993246,55.362309412340245,49793400
2012-06-29,56.896453857421875,56.896453857421875,56.053999235684245,56.22249151316603,44761300
2012-07-02,57.064937591552734,57.09154021018508,56.63927877925757,56.9762599408879,33425600
2012-07-03,57.54380416870117,57.54380416870117,57.01173150694905,57.10040915629591,15895100
2012-07-05,57.57928466796875,57.8630572451341,57.18023180702969,57.49060700616806,37016200
2012-07-06,56.86098098754883,57.36645105027487,56.44418857753993,57.313239046107604,40684100
2012-07-09,56.75456237792969,56.985129681977924,56.47078983666688,56.79890458605587,35628300
2012-07-10,56.19587326049805,57.2068165565021,55.97417579242288,57.064926929412486,47365700
2012-07-11,55.8855094909668,56.27569589608174,55.42437825792062,56.124943210981286,43432000
2012-07-12,55.362300872802734,55.5928647881124,54.8568308351925,55.44211210941674,57680400
2012-07-13,56.204750061035156,56.32890011738229,55.477582545714526,55.51305157407419,32357200
2012-07-16,56.04512023925781,56.32889272591047,55.82342277263324,56.08059264579811,27621400
2012-07-17,56.337764739990234,56.52399320143334,55.539655810455606,56.39983976619287,42467800
2012-07-18,57.10040283203125,57.26889508309828,56.21361290543885,56.23134910991091,44489700
2012-07-19,57.73001480102539,57.91623984770688,57.39303711164973,57.499447557942425,53017800
2012-07-20,56.9673957824707,57.73003583185175,56.940793161206294,57.71230300623273,40573100
2012-07-23,56.27568817138672,56.47078303858225,55.43323706093845,55.85889920442599,48657800
2012-07-24,55.83230209350586,56.45305582016464,55.46871829947989,56.37324457841086,57269700
2012-07-25,55.4598503112793,55.82343409497377,55.11400273445231,55.397775278660895,46264400
2012-07-26,56.19587326049805,56.51511815577986,55.841159341278725,56.2579482809323,41928200
2012-07-27,57.52608108520508,57.632491576169954,56.43532619311029,56.6038184913675,42621000
2012-07-30,57.48174285888672,57.91626818038024,57.28664792435052,57.66796799666966,37821300
2012-07-31,57.464012145996094,57.80099001262388,57.41080012919067,57.57042264826127,34588300
2012-08-01,57.29551315307617,57.88966094039554,57.06494581558208,57.87192811397539,30920200
2012-08-02,57.091529846191406,57.65907482622351,56.67474090432497,56.86096934945137,40534900
2012-08-03,58.173423767089844,58.421723889363946,57.80984337823732,58.01380129338922,42117400
2012-08-06,58.6168327331543,58.87400271122295,58.35079972408751,58.47494981478651,23523600
2012-08-07,59.10455322265625,59.3439835391561,58.77643849606625,58.8651161404858,28223300
2012-08-08,59.077964782714844,59.20211486782838,58.85626723563036,58.95381469760131,20723500
2012-08-09,59.25531768798828,59.335132319820346,58.96267531405726,59.069092567942704,20726200
2012-08-10,59.290775299072266,59.30850812078873,58.89172253658448,59.04247520102029,20312000
2012-08-13,59.43265914916992,59.44152894300944,58.971531354570494,59.273036688410436,19890300
2012-08-14,59.45927429199219,59.77851924444438,59.29078202106713,59.654362415672075,24218700
2012-08-15,59.61003112792969,59.69870878408641,59.4060664296649,59.414936224982014,29100400
2012-08-16,60.31943893432617,60.45245875683201,59.760763798604714,59.83170860603039,35699900
2012-08-17,60.58549118041992,60.59436097461025,60.310588451555354,60.45247133024749,22584800
2012-08-20,60.67417526245117,60.683045057582525,60.30172505499029,60.54115539816619,26924000
2012-08-21,60.434730529785156,61.08208334114151,60.1952934779478,60.83378326195443,41391000
2012-08-22,60.68305587768555,60.798336172262886,60.13324349791985,60.30173580710197,44555700
2012-08-23,60.18642807006836,60.60321360612188,60.02680563038018,60.40812552709807,28800400
2012-08-24,60.558895111083984,60.70077800511635,59.947007793536564,60.04455524316503,38384800
2012-08-27,60.656455993652344,60.89588639033728,60.52343609963945,60.81607851333325,20671400
2012-08-28,60.656455993652344,60.82494154477402,60.39928600274017,60.60324397664347,27337900
2012-08-29,60.656455993652344,60.807208716219634,60.39928600274017,60.656455993652344,26672400
2012-08-30,60.04454803466797,60.41699819816964,59.947000596750314,60.39039558158674,24425400
2012-08-31,60.44364929199219,60.70081260687311,59.831761625645676,60.47911496146353,42128000
2012-09-04,60.38153839111328,60.61210572574295,59.78739061117524,60.3283331468418,32017200
2012-09-05,60.31943893432617,60.61208119070517,60.159816500453005,60.35491133803901,26129300
2012-09-06,61.658512115478516,61.676251705548246,60.67417460241747,60.69191419248721,43100000
2012-09-07,61.56983184814453,61.67624908703111,61.39247654900455,61.516626611536736,32958600
2012-09-10,60.78059005737305,61.54323003182083,60.73624784917473,61.41021017289695,25490000
2012-09-11,60.68305587768555,61.028903527090115,60.58550841086143,60.789473141222544,29810100
2012-09-12,60.860416412353516,61.020038938446554,60.48796610669414,60.90475863403002,42203400
2012-09-13,61.68510437011719,61.951144051091106,60.85152645002786,60.913601473499085,45417800
2012-09-14,62.23491287231445,62.45661033812269,61.88906536690718,61.90679818727716,38880300
2012-09-17,62.26150894165039,62.28811155224413,62.03981149914387,62.27037873373798,31798400
2012-09-18,62.314735412597656,62.3413447979344,62.093037894490735,62.10190768960298,27169800
2012-09-19,62.43000411987305,62.589626556664776,62.128492065635626,62.30585408744274,36484600
2012-09-20,62.367958068847656,62.430033113891966,61.96003537774614,62.12852091962498,42520200
2012-09-21,62.3857307434082,62.73256461915267,62.3234786832737,62.679207649027575,23678500
2012-09-24,62.02109909057617,62.12781980271964,61.73651730982511,61.869916503763235,32341600
2012-09-25,61.14957046508789,62.32347116091142,61.1228919832454,62.18117687779833,41299600
2012-09-26,60.65156936645508,61.10512407799118,60.34030898989789,61.06955049424645,32770400
2012-09-27,61.487510681152344,61.62980496766989,60.69601737105231,60.80273808594046,25339500
2012-09-28,60.980613708496094,61.46974195389506,60.927256730804075,61.28298574700636,30112600
2012-10-01,60.89168167114258,61.656496662655705,60.696030377736925,61.27408916689914,37715300
2012-10-02,61.069549560546875,61.34524313411156,60.58931636478641,61.158480126065356,33254300
2012-10-03,61.460853576660156,61.5764626359443,60.99840376958878,61.23852376536706,38236000
2012-10-04,61.67428207397461,61.843254884700855,61.363021726557875,61.55867302635317,26128600
2012-10-05,61.345237731933594,62.07447916091431,61.18516001411019,61.98554181826059,25207900
2012-10-08,60.784969329833984,61.11401989464795,60.64268177813566,60.98951574254914,30911500
2012-10-09,59.815582275390625,60.77604138889919,59.67328801563306,60.624858826629584,67974000
2012-10-10,59.51322555541992,59.96678014295299,59.40651161832895,59.797807362604985,45134300
2012-10-11,59.32646179199219,60.002346041965204,59.29088822252365,59.95787738388837,30469400
2012-10-12,59.29979705810547,59.63773586895118,59.18418801925551,59.31758045448001,24891200
2012-10-15,59.735565185546875,59.81560743657088,59.16640147702783,59.52213049109389,22220100
2012-10-16,60.58041763305664,60.651558002249274,59.80670759775441,59.824490993811054,33960600
2012-10-17,60.54484176635742,60.740493040411884,60.18911279398256,60.26914825065985,33439400
2012-10-18,59.84228515625,60.54484808413632,59.6199553734366,60.34919678966588,61707600
2012-10-19,58.41048049926758,59.824494653602905,58.33933334075641,59.77113767720277,75362600
2012-10-22,58.71284103393555,58.86403042988082,58.25039811065581,58.38379732591767,38621500
2012-10-23,58.152557373046875,58.65057374342238,57.974696322188244,58.23259959540818,52591200
2012-10-24,57.94804382324219,58.57945965733012,57.859106472974894,58.48163400000987,39872400
2012-10-25,57.94804382324219,58.446060416896394,57.77907099969499,58.348234759576144,52688700
2012-10-26,58.11699295043945,58.35711287034144,57.49447238951809,57.94802696102665,54213100
2012-10-31,57.76127624511719,58.15257884343517,57.56563173092487,58.045858102539356,38524500
2012-11-01,58.579471588134766,58.6950806680741,57.956943934310395,58.12591679227208,26945000
2012-11-02,57.956932067871094,58.88182487292359,57.903575085741956,58.84625128984843,44083000
2012-11-05,58.33930587768555,58.45492165208199,57.84128957248021,57.96579364878154,28094700
2012-11-06,58.44603729248047,58.84622807047729,58.21481248621154,58.437142203979676,29608400
2012-11-07,57.067604064941406,57.894671085518794,56.82749089733914,57.823523930315844,70737800
2012-11-08,56.16939163208008,57.361079306867815,56.16939163208008,57.22768009102144,58585800
2012-11-09,56.409507751464844,57.01424497834898,56.16939120027706,56.20496477656035,51542100
2012-11-12,56.400611877441406,56.80080612386018,56.2494292690626,56.73855406247091,32663700
2012-11-13,56.009315490722656,56.54290897649342,55.83145099546574,55.964850215029195,43288300
2012-11-14,55.351226806640625,56.34726333026104,55.26229285387238,56.285011259564975,82655300
2012-11-15,55.164459228515625,55.57354856715233,54.95991625543874,55.38678898957524,55124200
2012-11-16,55.40456771850586,55.56464539458279,54.524143892565164,55.20891986412039,70873100
2012-11-19,56.720767974853516,56.765236641380206,55.9915266245907,56.009313412704785,55306400
2012-11-20,56.73855209350586,56.81859094001207,56.19606695523962,56.70297851895137,52012700
2012-11-21,56.85417175292969,56.934207217142784,56.56069481421543,56.800811384304396,19611700
2012-11-23,57.716800689697266,57.734584083151674,57.13874202043525,57.174315592309156,16462900
2012-11-26,57.96581268310547,58.00138625729624,57.39664906598414,57.57451015197249,26430900
2012-11-27,57.77015686035156,58.161459360616725,57.67233123528528,57.95691302139676,25828600
2012-11-28,58.26818084716797,58.312649513407486,57.13874864532245,57.49447762034097,37295800
2012-11-29,58.615013122558594,58.819552674049845,58.32153625132518,58.57943955165471,41136100
2012-11-30,58.5172004699707,58.66838309110031,58.34822766696327,58.62391442137213,33497400
2012-12-03,58.40156936645508,59.02409665498208,58.37489088558306,58.97073290827344,28240000
2012-12-04,58.366004943847656,58.490509064071894,57.98359749316871,58.42825700395977,49584500
2012-12-05,57.716800689697266,58.28596426974953,57.405540417006975,58.27706918053978,54076200
2012-12-06,58.090328216552734,58.232622541280364,57.387765254385464,57.538947885683434,47512300
2012-12-07,57.74350357055664,58.437171552778544,57.54785223506473,58.3749194719373,30089400
2012-12-10,57.9124641418457,58.214829389019826,57.58341362142107,57.58341362142107,33219600
2012-12-11,58.66837692260742,58.99742061812078,58.26817929203038,58.31264795708306,40750800
2012-12-12,58.54386520385742,58.979629567958796,58.38378752939664,58.979629567958796,45917700
2012-12-13,58.08142852783203,58.83735519442348,57.83242026423469,58.42826243569493,45467700
2012-12-14,57.53005599975586,57.87688991349187,57.33440470791166,57.690133712631436,39630300
2012-12-17,58.29485321044922,58.31263660202797,57.50335997838973,57.58339541794066,42302900
2012-12-18,59.184181213378906,59.27311175495741,58.42825464754807,58.58833233637555,55596000
2012-12-19,58.92627716064453,59.37093664797365,58.89070358746237,59.3531464688999,34832500
2012-12-20,58.92627716064453,59.05967636383633,58.63280027061564,59.03299109522572,40754300
2012-12-21,58.30654525756836,58.37808867170044,57.76998329708874,58.02037842379553,51152900
2012-12-24,58.19028854370117,58.2528873213083,58.05614635661302,58.15451683896066,11418300
2012-12-26,57.68056106567383,58.28866647850125,57.49276470884188,58.235012325908095,21751300
2012-12-27,57.59113693237305,57.80576037194352,56.87571637012995,57.73421695116799,52933200
2012-12-28,57.03668212890625,57.617960446943684,57.00985505346318,57.15293847478931,33082100
2012-12-31,58.24393081665039,58.351245908996184,56.85781335997394,56.974066259616635,57544000
2013-01-02,60.0950927734375,60.12192667218747,59.451222481310914,59.674790544936435,70695900
2013-01-03,59.78207015991211,60.22026144396153,59.603218523943696,60.095063934233124,47366500
2013-01-04,59.58535385131836,59.80892189989824,59.44227384806003,59.80892189989824,33972500
2013-01-07,59.60324478149414,59.70161527143858,59.245534529219434,59.43333087654365,26766200
2013-01-08,59.48696517944336,59.75524948482906,59.173971371662255,59.5942802661483,28734900
2013-01-09,59.710548400878906,59.871517660647285,59.51381425916649,59.57641303670113,25600300
2013-01-10,60.06826400756836,60.15768986595162,59.513819591938756,60.12192498080284,37528000
2013-01-11,60.14873123168945,60.175558297640954,59.91621862218766,60.04141614513017,21158600
2013-01-14,59.880455017089844,60.05036888807737,59.621115306597275,59.84468331673698,36768500
2013-01-15,59.58535385131836,59.67478652895462,59.31707628667573,59.58535385131836,31675300
2013-01-16,59.82680892944336,60.03248770570983,59.55852455206825,59.66583966756932,33822300
2013-01-17,60.11298370361328,60.345496406593014,59.969896864008504,60.06826736054778,32024200
2013-01-18,59.97883605957031,60.04143484053326,59.71055167101169,59.93411972055873,31992000
2013-01-22,60.07721710205078,60.12193344891849,59.67479727126785,60.041445389107935,32123100
2013-01-23,60.44385528564453,60.62271382096248,60.3276023547545,60.41702821103572,31975700
2013-01-24,59.6121940612793,60.166638513910414,59.52276137417198,59.6121940612793,42596300
2013-01-25,59.91622543334961,60.086139300695635,59.68371279741622,59.79997252675995,39240100
2013-01-28,60.05037307739258,60.256051840327586,59.853632123103644,59.92517552880047,32926100
2013-01-29,60.059326171875,60.193461548014476,59.58535615941147,59.978838123435665,35554700
2013-01-30,59.93410873413086,60.345479873914385,59.79997338719511,60.166621373409775,34445000
2013-01-31,59.79996871948242,60.22921544168011,59.74630776214248,59.90727698865503,34870500
2013-02-01,60.5064582824707,60.613766576281385,59.978834154465765,60.220284638295006,53120800
2013-02-04,59.45121383666992,60.32759669790621,59.43332457343784,60.157682810975665,48483700
2013-02-05,60.327598571777344,60.515394905018375,59.56746860691935,59.71054860344606,35120300
2013-02-06,60.130859375,60.40808838982256,59.952007668393094,60.130859375,43593200
2013-02-07,60.184513092041016,60.24711186408486,59.52274684728671,60.202395531444495,46017900
2013-02-08,60.801551818847656,60.92674935395234,60.47961335064877,60.488557981085954,39837200
2013-02-11,60.819435119628906,60.86414462192551,60.613749576253994,60.83731755599689,17650400
2013-02-12,60.569068908691406,60.85523578608584,60.50647011747252,60.738976014710374,22057900
2013-02-13,60.78369140625,61.01620412259206,60.60483284646517,60.74791969429303,23494700
2013-02-14,60.76578903198242,60.85522170396282,60.47068441181397,60.50645611605514,24478800
2013-02-15,60.58692169189453,60.908860124195705,60.41700784630414,60.756835537484925,25333600
2013-02-19,61.02513122558594,61.043020489803645,60.68531025575695,60.703192697219436,23436500
2013-02-20,60.086151123046875,61.03407746895328,60.07720649070188,61.007250394673726,38200300
2013-02-21,59.44230651855469,59.925214587632304,59.227682984328794,59.86261577253479,45855600
2013-02-22,60.04143142700195,60.05037605884682,59.54957901685954,59.782091685540955,21968000
2013-02-25,59.2991943359375,60.6406027928645,59.24554018094241,60.42597935012792,40927600
2013-02-26,59.52273941040039,59.63005450167645,58.986177599527295,59.37965944478591,42088800
2013-02-27,60.130859375,60.49751424312602,59.44227279953261,59.52275402067914,36339500
2013-02-28,60.00563430786133,60.57796769393898,59.99668967980483,60.13977643770031,28557300
2013-03-01,60.25604248046875,60.36335757234423,59.50485730560133,59.799968691193655,31617200
2013-03-04,60.52433776855469,60.53328240018723,59.978831225802516,60.05931926498564,19380500
2013-03-05,61.41862106323242,61.49910229429564,60.88205905454262,60.88205905454262,35581900
2013-03-06,61.26659393310547,61.624304198679745,61.186105882542236,61.60641493288532,29071100
2013-03-07,61.42756652832031,61.52593702723375,61.21293626373306,61.33813384003086,21775900
2013-03-08,61.49909210205078,61.72266013718261,61.257641626120595,61.63323428768087,26159900
2013-03-11,61.67796325683594,61.695845701297024,61.2308270949888,61.41862346423383,23187900
2013-03-12,61.45438003540039,61.64217635837806,61.159268603826334,61.4990895469162,27575400
2013-03-13,61.37392044067383,61.60643320567499,61.159296946773146,61.53488976678881,34297300
2013-03-14,61.57956314086914,61.713705289463576,61.445420992274705,61.588507770176264,31530800
2013-03-15,61.408363342285156,61.659337889625974,61.25598007693378,61.62348340592821,30752600
2013-03-18,61.273921966552734,61.52489655988486,60.70922913155545,60.843674921879966,36163000
2013-03-19,61.15741729736328,61.578692290424314,60.61064813360176,61.46217029300914,33125100
2013-03-20,61.587646484375,61.722099126945835,61.300817371545115,61.587646484375,28035400
2013-03-21,60.88850021362305,61.175329322987544,60.7450822396681,61.02295285456946,30050800
2013-03-22,61.48008728027344,61.52490711043068,61.06777082930139,61.139479822134604,28837200
2013-03-25,61.25598907470703,61.81172339583781,60.960201508203994,61.67727077185759,24909800
2013-03-26,61.587646484375,61.6055771506087,61.354595693155254,61.48904833572609,19725200
2013-03-27,61.66835021972656,61.713163229594635,61.07676104565859,61.16639390394348,22539500
2013-03-28,61.82068634033203,61.90135380847824,61.52489194670741,61.668309897026354,23662800
2013-04-01,61.39942169189453,61.92826014367293,61.22911453828297,61.865516482639116,28112800
2013-04-02,61.88344192504883,62.0895967202318,61.64142579682201,61.695210957842185,29431900
2013-04-03,61.31875228881836,62.00893253866334,61.16636896944956,61.91929971691731,35131200
2013-04-04,61.33666229248047,61.4890387389577,61.00501340437319,61.291842472436855,32287400
2013-04-05,60.825767517089844,60.91540034768587,60.22522002969524,60.36863119093954,55610800
2013-04-08,61.14841842651367,61.16634224761409,60.673358524108515,60.852624089284554,17891600
2013-04-09,61.5607795715332,61.81175428114301,61.03193414324286,61.30980486192339,30931400
2013-04-10,62.76182556152344,62.89627814724926,61.73999685167525,61.775851330438314,55271300
2013-04-11,62.73496627807617,62.87838426140485,62.53776997027216,62.609478961936496,37233600
2013-04-12,62.69015884399414,62.73497183884715,62.21509869956421,62.5825953469633,32783700
2013-04-15,61.45320129394531,62.55570489046701,61.38149913595196,62.457106729861565,48795800
2013-04-16,62.26884841918945,62.34055738426311,61.67725971514678,61.80274698475402,27682600
2013-04-17,61.04983901977539,61.748984512140254,60.69130094102429,61.73106068554798,60204800
2013-04-18,60.207271575927734,61.24703125163931,59.947331656999836,61.21117676228257,56798200
2013-04-19,61.031917572021484,61.1574117313005,60.23417381655669,60.32381347869114,43062800
2013-04-22,61.65938186645508,61.8834674204812,61.022979713646684,61.24706526767281,34412100
2013-04-23,62.25093078613281,62.475016219975686,61.68623795472487,62.00892152654219,53078300
2013-04-24,62.22406005859375,62.448145558809266,61.955161561463186,62.0985727255568,44500700
2013-04-25,62.55570983886719,62.78876067678314,62.376437333336895,62.38540266825012,26437100
2013-04-26,62.35850524902344,62.53777089228141,62.08959994559056,62.4033250791109,24079800
2013-04-29,62.932167053222656,63.17418320763325,62.52881591393342,62.55570507807986,31664000
2013-04-30,63.389312744140625,63.39827807969887,62.779799858579764,63.01285071326262,30135800
2013-05-01,63.093467712402344,63.50578391691389,62.96798046922674,63.40718582034137,28537200
2013-05-02,63.89125061035156,64.02570326531777,63.14728517961185,63.201070344726,31744200
2013-05-03,64.64417266845703,64.84136211883015,64.45594171227461,64.50972003159953,34061700
2013-05-06,64.89515686035156,64.99375501937159,64.70692587637137,64.76070420363823,19244300
2013-05-07,64.85929107666016,65.04752202788676,64.61727496897952,65.00270220393257,25838100
2013-05-08,65.17301940917969,65.22679773540675,64.71588312061151,64.82344661161169,24252100
2013-05-09,65.08335876464844,65.5225641976956,64.95787149806354,65.04750428297517,29337200
2013-05-10,65.47779846191406,65.50468763293179,65.10132955202167,65.21785841116258,20663700
2013-05-13,65.55844116210938,65.71978296569843,65.30746654286985,65.37021019767973,29730100
2013-05-14,65.89905548095703,66.09625179911492,65.54948267642119,65.57637867861689,36009800
2013-05-15,66.03350830078125,66.09625196230037,65.61222649977586,65.77356832061736,27214400
2013-05-16,65.96180725097656,66.41894360485213,65.9259595874013,66.08730142767814,27253400
2013-05-17,66.59821319580078,66.62510236157694,66.08729853041375,66.30241869516966,31114500
2013-05-20,66.49958038330078,66.71470043598129,66.23067518854276,66.47269123153362,25132400
2013-05-21,66.5712890625,66.81330512931754,66.23068170901084,66.4637324448423,25900000
2013-05-22,65.98870086669922,67.18083053599445,65.6480865281462,66.65199203557317,59843200
2013-05-23,65.8363037109375,66.06038916514565,65.2805761611703,65.40606346844324,48222100
2013-05-24,65.80046844482422,65.81839227557553,65.21784478647997,65.39711044817976,26430300
2013-05-28,66.2306900024414,66.81331349570443,66.02453523375345,66.57129739858155,27057100
2013-05-29,65.9170150756836,66.15006599382677,65.54055294229406,65.97079342658233,32090300
2013-05-30,66.26653289794922,66.58025108141788,65.92592556140374,65.94384938394045,32390500
2013-05-31,65.65703582763672,66.51752312161241,65.58532684350247,66.01557390976288,38347600
2013-06-03,65.77355194091797,65.79148260462739,64.92203005542198,65.66599531283946,47613100
2013-06-04,65.43295288085938,66.16795289995187,65.1640475993555,65.90801295144355,35251900
2013-06-05,64.58142852783203,65.46880498270615,64.5276433703688,65.21783037636156,48654200
2013-06-06,64.89515686035156,64.90412219441144,64.06155859498433,64.67107137867808,62524100
2013-06-07,65.78254699707031,65.85425600722121,65.00272689841141,65.16406875197713,31969800
2013-06-10,65.80944061279297,66.11420050725222,65.6660294213489,65.90803879877555,25390000
2013-06-11,65.15508270263672,65.73769935773707,64.93099726958437,65.15508270263672,40278900
2013-06-12,64.40215301513672,65.5584346868946,64.3035548760961,65.53154552870986,42081900
2013-06-13,65.21784973144531,65.36126090396957,64.13327666726958,64.31254234256168,28221500
2013-06-14,64.78761291503906,65.28956235710146,64.68901472626992,65.217860178627,27690700
2013-06-17,65.41505432128906,65.7915163899742,65.07443992134229,65.29852546297126,32441900
2013-06-18,65.95284271240234,66.07833003906097,65.4867410660591,65.50467173475114,24853100
2013-06-19,65.21784973144531,66.04248277946446,65.1461407259096,65.97077377392876,43145100
2013-06-20,63.66715621948242,64.68002681837325,63.452036104776596,64.46489986512228,60908400
2013-06-21,63.32905960083008,63.81461618205618,62.79854140905063,63.64377029416775,51558900
2013-06-24,62.69965744018555,63.18520731012056,62.17813278263377,62.80755436231301,41492300
2013-06-25,63.15822219848633,63.409990786982526,62.77157562038731,63.30209388344388,28897400
2013-06-26,63.724693298339844,63.841583869563735,63.47291790926255,63.697712218662424,23742300
2013-06-27,63.994468688964844,64.39910272850919,63.95850076143774,64.05741084709209,23545000
2013-06-28,64.08438873291016,64.46204856339516,63.652787298328896,63.79665215646228,28301100
2013-07-01,64.48002624511719,65.01054460770224,64.41708408618481,64.51599417310437,24942800
2013-07-02,64.50698852539062,64.90262879977195,64.15630986770884,64.45304007349482,23067900
2013-07-03,64.76777648925781,65.07350051163438,64.21927747691413,64.27323281038191,18847500
2013-07-05,65.26227569580078,65.28924991122678,64.6148670848694,65.13639145036156,28795900
2013-07-08,65.32524108886719,65.63095811950105,65.08245934319507,65.60398389446621,20558500
2013-07-09,65.72087860107422,65.86475029049947,65.32524517551425,65.63096222527331,26108600
2013-07-10,66.0985336303711,66.19744369473499,65.62197069853376,65.6579317581395,25598900
2013-07-11,67.41133117675781,67.46527962582151,66.76392234727676,66.80888396161596,47768900
2013-07-12,67.70806884765625,67.75302360678307,67.27646062692315,67.45629338379031,31412600
2013-07-15,67.86092376708984,67.90587852382527,67.59116778595907,67.77999422867879,19783600
2013-07-16,67.7710189819336,67.9688322937177,67.60017304065836,67.91488383233846,31747100
2013-07-17,67.94184112548828,68.10369332945783,67.75301469755364,67.97780904416807,24631500
2013-07-18,67.7710189819336,68.10371030734652,67.66311519899438,67.93287122625203,36278800
2013-07-19,67.06965637207031,67.20453438909568,66.87184305530481,67.18655385491006,37732400
2013-07-22,67.26747131347656,67.4203367129707,67.06066431562392,67.32142663219582,21135900
2013-07-23,66.77294921875,67.40237097115595,66.71899388269907,67.39337727178369,24739500
2013-07-24,66.98871612548828,67.4562853537914,66.83585761432948,67.42931112949033,24426900
2013-07-25,67.41133117675781,67.49225385035335,66.95274877917888,67.30342741845125,23162200
2013-07-26,67.7710189819336,67.78000581870964,67.03369361563418,67.14159053839263,20885600
2013-07-29,67.64512634277344,67.92386917251295,67.46528672666737,67.63613264692316,20958400
2013-07-30,68.00479125976562,68.2925277828385,67.75302265959934,67.88790065545409,24104600
2013-07-31,68.13066101074219,68.52630121804701,68.00477673754126,68.13965470459321,25007600
2013-08-01,68.82306671142578,68.92197681403837,68.52633640358799,68.59827227097567,16880000
2013-08-02,69.20970916748047,69.22768970313076,68.67919075334692,68.83205617719103,18105300
2013-08-05,69.2546615600586,69.30861688552082,69.03886083875342,69.17373886213713,15462800
2013-08-06,68.84103393554688,69.22768057275773,68.56229107855089,69.16473841601088,23675400
2013-08-07,68.71516418457031,68.85004222337788,68.2206205225186,68.64322831584867,20281200
2013-08-08,69.05680847167969,69.21866063451085,68.6072198927239,69.09276952104013,19994000
2013-08-09,68.778076171875,69.1827101107269,68.58025604979349,68.93992837537995,18558500
2013-08-12,68.93992614746094,69.06581042832117,68.50832485884837,68.51731169306782,20515900
2013-08-13,69.32659149169922,69.4794500370436,68.53531767446299,69.02986123766789,23917000
2013-08-14,69.06583404541016,69.3985322501235,68.96692395374352,69.29962215845686,29921000
2013-08-15,67.89688873291016,68.3284900517155,67.69906860338301,68.29252213178519,39406600
2013-08-16,67.86991119384766,68.22058982082022,67.7530137447375,67.9058722518427,23825000
2013-08-19,67.75301361083984,68.4543708633989,67.73503308187786,67.8788978941105,29586900
2013-08-20,68.04977416992188,68.36448501859677,67.82497972655666,67.87892819770609,18842800
2013-08-21,67.81596374511719,68.41841100894116,67.56419514890297,67.83395113637805,30705100
2013-08-22,68.48136901855469,68.5263237822557,68.07673498416176,68.11270291123095,17269500
2013-08-23,68.93992614746094,69.02984251090699,68.69715128013871,68.96690037047688,20697300
2013-08-26,68.97589111328125,69.48842190918836,68.83202630995955,68.99387850130802,27525500
2013-08-27,67.56419372558594,68.49933910623864,67.40234150854644,68.1576541414573,40068900
2013-08-28,67.8249740600586,68.11271064911956,67.48328900435538,67.48328900435538,20490400
2013-08-29,68.3015365600586,68.64322161284784,67.70808285151081,67.806992946299,27287900
2013-08-30,67.86092376708984,68.37345464309466,67.61814201203624,68.37345464309466,26228500
2013-09-03,68.24757385253906,68.7331305274006,67.92386940263138,68.41841291319373,27241500
2013-09-04,68.97589111328125,69.09278169474129,68.27453390416399,68.4813477054009,27142900
2013-09-05,69.0927963256836,69.2906164747971,68.99389311130679,69.02086733888046,17809700
2013-09-06,69.1737289428711,69.5423881697288,68.38245517143046,69.32658747936867,27715100
2013-09-09,69.98297119140625,70.09986177121968,69.44346618123741,69.47044040271909,25161900
2013-09-10,70.32465362548828,70.4235636742304,70.06389139336618,70.38759576012616,27619400
2013-09-11,70.1897964477539,70.2347580687431,69.76718190710412,69.85710514908253,28132900
2013-09-12,70.14485168457031,70.36065240367975,70.00097996504324,70.20779384681812,18332700
2013-09-13,70.1897964477539,70.26173229726454,69.81214352809332,70.21677067627535,16932500
2013-09-16,70.00098419189453,70.783271278652,69.83913192774408,70.783271278652,25704300
2013-09-17,70.46854400634766,70.55846038541117,70.11786532587398,70.1538263893554,27174300
2013-09-18,71.31376647949219,71.45763817469809,70.43257635698602,70.57644119201193,31714700
2013-09-19,71.4845962524414,71.6554421368553,71.35871197766649,71.5385446958654,26435700
2013-09-20,71.23931884765625,71.73535434368112,71.2032429133289,71.65418177124937,26328900
2013-09-23,71.09502410888672,71.61811485104356,70.76132686700436,71.53694227619386,30319400
2013-09-24,71.09502410888672,71.47381110943569,70.86053396916449,71.24834167375924,21871300
2013-09-25,70.85150909423828,71.24833747951834,70.70721224190598,71.14913038319833,22746400
2013-09-26,71.4016342163086,71.57299312922083,71.11303371501249,71.14008893688732,22421700
2013-09-27,71.31146240234375,71.4377247173785,70.87855812166738,70.9867859120315,25151600
2013-09-30,71.14008331298828,71.32947673191856,70.34643371735974,70.57190305619744,28031900
2013-10-01,71.86160278320312,71.8976787105573,71.11304277235799,71.14911869971216,33129700
2013-10-02,71.83451080322266,71.93371783249174,71.30239974798157,71.37455156577292,25503800
2013-10-03,70.99578857421875,71.89766595573926,70.61700172536695,71.74434845226757,42998200
2013-10-04,71.60910034179688,71.70830745253926,70.93269197625241,70.99582314847196,22852700
2013-10-07,71.01380157470703,71.56394716118396,70.95067045236262,70.97772566468504,20227100
2013-10-08,69.64299774169922,71.07697999524183,69.61594251137288,71.01384883088676,43660700
2013-10-09,69.4265365600586,69.84139940577265,68.85834930204054,69.80532347821756,64526700
2013-10-10,70.89659118652344,71.05892941258136,70.15705190798829,70.17508643053726,48062700
2013-10-11,71.45575714111328,71.5098675891038,70.70719716694116,70.71621786853267,25214100
2013-10-14,71.9608154296875,71.9608154296875,70.9597307307048,71.01384118553194,31471900
2013-10-15,71.68120574951172,72.24938593114908,71.59101252128401,71.90667505852647,38684000
2013-10-16,72.49288940429688,72.52896531925681,71.96078514038653,72.01489557243782,46735900
2013-10-17,72.90777587890625,72.93483798453352,72.10510543145055,72.16823658302192,32193500
2013-10-18,74.08924102783203,74.1162962530126,73.36773624604558,73.57517110706254,39628200
2013-10-21,74.25155639648438,74.44094979521074,74.01706638248997,74.26057021491604,31176900
2013-10-22,74.35977172851562,74.7656205933841,73.89079861621478,74.5401512953828,43944800
2013-10-23,73.90888214111328,74.13435158862221,73.54813652972418,73.99907542474203,38021300
2013-10-24,74.23352813720703,74.38685252778991,73.84572057190428,73.95394833923713,23155100
2013-10-25,74.7656478881836,75.10835886917985,74.40489550352576,74.92798611724065,35824500
2013-10-28,74.78367614746094,74.9009246191026,74.44998589624414,74.77466232716453,28618400
2013-10-29,74.90994262695312,75.09032225464726,74.58526617788293,75.0362049259494,36878100
2013-10-30,74.8377685546875,75.29772094469376,74.47701632036325,75.17145869479677,33535500
2013-10-31,74.66644287109375,75.12640234624634,74.38686303363808,74.64840146693426,31309900
2013-11-01,74.68448638916016,75.00916289533764,74.31472012871274,74.91897650601733,30867800
2013-11-04,74.79269409179688,74.91895637908111,74.53114881648564,74.90993567833836,16834000
2013-11-05,74.87386322021484,75.05424283952237,74.2876483796074,74.50409704199753,27975600
2013-11-06,74.8558349609375,75.21658734895334,74.61233105547501,75.18953212398856,25576800
2013-11-07,73.44889831542969,74.97306645614603,73.38576717209561,74.86484557087537,52173200
2013-11-08,74.44096374511719,74.45899826613754,73.51203109504824,73.71945905028645,31470500
2013-11-11,74.32374572753906,74.5311737485609,74.08023489147581,74.33275955051852,24822900
2013-11-12,74.44096374511719,74.54919151357542,74.06217687668148,74.09825279950088,20108500
2013-11-13,75.34284973144531,75.3518704333695,73.95395750863833,73.95395750863833,31345900
2013-11-14,75.57733917236328,75.6314496218886,74.98209670446703,75.14443493382242,31101200
2013-11-15,75.72163391113281,75.72163391113281,75.40597816296888,75.59537161186724,20511300
2013-11-18,74.98208618164062,75.85690835701959,74.83778937623028,75.70359085102783,31679600
2013-11-19,74.7656478881836,75.29775232294983,74.63938558567027,74.936999938292,25545300
2013-11-20,74.58525085449219,75.2436243189506,74.36880222650741,74.96404455443783,32177400
2013-11-21,75.34284973144531,75.40598088335565,74.83780051616259,74.90093166807293,28125000
2013-11-22,75.74867248535156,75.77572770342175,75.41498228811552,75.46909272425592,25361300
2013-11-25,75.9290771484375,76.10042921306157,75.73968367862352,76.01926353204702,21695100
2013-11-26,76.32588195800781,76.51527538649574,75.78475689364534,75.94709510103193,26621000
2013-11-27,76.85799407958984,76.87602860027037,76.4160760747417,76.47920721829142,21638100
2013-11-29,77.3179702758789,77.41717048233151,77.0834801714398,77.1646458532956,16708900
2013-12-02,77.09251403808594,77.5254115101299,76.97526552545553,77.40816987828076,26354600
2013-12-03,77.02937316894531,77.23680117461497,76.7317518939093,77.03838699125762,37147000
2013-12-04,77.10150909423828,77.35403370492708,76.46117686548327,76.70468765491859,37193200
2013-12-05,77.0022964477539,77.25482792096689,76.81290300342847,77.16463466871556,39829300
2013-12-06,77.56147003173828,77.72380826750101,77.19169692997549,77.6516564114332,36842900
2013-12-09,77.87711334228516,78.03945155207704,77.74183035399548,77.87711334228516,22590000
2013-12-10,77.82302856445312,77.96732542031197,77.6697110048591,77.75087669613326,26965900
2013-12-11,76.8219223022461,77.92221390414464,76.7136945299879,77.81398613188645,36830600
2013-12-12,76.62351989746094,77.0383827668315,76.56940944343262,76.84898929695234,33662600
2013-12-13,76.5242919921875,77.02032728843027,76.39802971328537,76.98425136863278,34072000
2013-12-16,76.94818878173828,77.3901068344674,76.8489817053,76.90309215398294,24902500
2013-12-17,76.79486083984375,77.13757176964786,76.65055715522408,76.94817834416834,24454900
2013-12-18,77.68770599365234,77.7598578252517,75.80278583836652,76.88503578924731,68387200
2013-12-19,77.47126007080078,77.57046712250177,77.12854229918733,77.56144642304415,44964100
2013-12-20,78.26020812988281,78.42306201828164,77.56355960334307,77.61784193193071,40475400
2013-12-23,79.08355712890625,79.08355712890625,78.6673694420092,78.90260446011655,28181800
2013-12-24,79.11970520019531,79.17399442775155,78.95685132279745,79.10161339276685,13852500
2013-12-26,79.3821029663086,79.44543466356683,79.11068436490358,79.26448892929682,15241100
2013-12-27,79.18302917480469,79.52683560620832,79.08351388967888,79.48159573808634,15827400
2013-12-30,79.06541442871094,79.17398596958928,78.83922889552373,79.06541442871094,18983700
2013-12-31,79.58112335205078,79.58112335205078,79.18303457386507,79.21018263817018,24890500
2014-01-02,78.95687866210938,79.23735354413242,78.73069302644056,79.2102123722742,29177500
2014-01-03,78.38687133789062,79.02923753452782,78.36877952927706,78.95685649480187,35723700
2014-01-06,78.09738159179688,78.49547054788252,77.80786423354503,78.4049976676735,32073100
2014-01-07,78.82115936279297,78.93877338833643,78.31449893149326,78.45926102690365,25860600
2014-01-08,78.9930648803711,79.21020804865982,78.66735703057543,78.83926031314465,27197400
2014-01-09,78.73070526123047,79.29164820980955,78.45928659783198,79.28259885023793,23674700
2014-01-10,78.98400115966797,79.07447400411063,78.33258563546389,78.92066947829454,38008900
2014-01-13,77.81686401367188,79.14683590357143,77.51829748683036,78.8754105332366,48842300
2014-01-14,79.3006591796875,79.36399086075197,78.07925852908093,78.07925852908093,37178900
2014-01-15,79.95208740234375,80.10589195184377,79.56304789896116,79.64447140070708,39835600
2014-01-16,79.96112060546875,80.07874152012054,79.76208310112693,79.88874646872438,31630100
2014-01-17,79.50875091552734,79.95207961285165,79.31875586066091,79.71684468188732,36895800
2014-01-21,80.11493682861328,80.1511204478304,79.44542252828047,80.0154146191756,26412700
2014-01-22,80.32299041748047,80.52203475387769,80.08775557422618,80.32299041748047,29376900
2014-01-23,80.05158996582031,80.08777357817817,79.49064733738427,80.07873112640618,35011900
2014-01-24,78.47735595703125,79.78018725696646,78.45021478872208,79.66257322674777,63974600
2014-01-27,77.71735382080078,78.61304663679257,77.12927002949174,78.4773339307005,63519300
2014-01-28,77.672119140625,77.75354953077473,77.1835575076329,77.35546074034366,44378800
2014-01-29,76.83977508544922,77.57261424709365,76.68597052852283,77.00262899944099,51939300
2014-01-30,78.26020812988281,78.53163357809282,77.6992654248122,77.78069582032956,65833600
2014-01-31,78.05213165283203,78.42307938736722,77.31024308639905,77.39167349995157,45187000
2014-02-03,76.26072692871094,78.26020652134461,76.06168252446615,77.90735758750547,65596900
2014-02-04,76.82168579101562,77.12929491494721,76.41454754137787,76.64978251432609,37675500
2014-02-05,76.62263488769531,76.8940534619435,75.76312547931786,76.56834565073639,41721800
2014-02-06,77.59973907470703,77.6992612735578,76.83070954938026,76.84880825969978,32308600
2014-02-07,78.98400115966797,79.03828348580645,77.80783347400666,78.0340190364311,38359400
2014-02-10,79.4363784790039,79.47256209749413,78.90257692068563,78.95685925105708,30205400
2014-02-11,80.34111785888672,80.49492239106753,79.51779906432616,79.60827191251275,38635500
2014-02-12,80.49495697021484,80.67590274431902,80.2506725822715,80.5040063297117,32507200
2014-02-13,81.09204864501953,81.15538032896205,79.88874665011173,79.90683845867994,40454500
2014-02-14,81.25492095947266,81.43587359937003,80.82064842899379,81.06492586455848,33212400
2014-02-18,81.65298461914062,81.80678913852205,81.19156415836106,81.39060854938893,29546600
2014-02-19,81.09204864501953,81.68918186730828,80.92919475736223,81.49918681548073,41749900
2014-02-20,81.47205352783203,81.62585807475676,80.80253920127171,81.14634572102878,41814800
2014-02-21,81.36349487304688,81.85205666080238,81.2639726439131,81.73443571584195,31192200
2014-02-24,81.79774475097656,82.16868545968684,81.46298765556499,81.553460494082,31500400
2014-02-25,81.7072525024414,82.0782000570038,81.44487647906085,81.91534621154808,26771700
2014-02-26,81.63490295410156,82.18678942146789,81.30919516516121,81.92442022175564,42953700
2014-02-27,82.16455078125,82.24631226372598,81.5195181158806,81.64670726503577,28742400
2014-02-28,82.07369995117188,82.63697116497126,81.34690576344822,82.14638144933099,48609800
2014-03-03,81.46503448486328,81.68307905022984,80.73824006084904,81.30150452648408,38885700
2014-03-04,82.50068664550781,82.65513654611159,82.27356218547169,82.35533059535469,33189000
2014-03-05,82.72782897949219,82.8731919923405,82.46436371717209,82.63698056210697,27203300
2014-03-06,82.6551513671875,82.98220427149872,82.35534536267173,82.91860968853685,24063900
2014-03-07,82.246337890625,83.00039303220501,81.82842956585908,82.91862459296226,31167800
2014-03-10,82.3189926147461,82.36442028079442,81.79206218625566,82.2008903868246,18131700
2014-03-11,81.96469116210938,82.72782615968138,81.71939281911143,82.51887549994655,27484300
2014-03-12,82.27357482910156,82.3190025006054,81.29240227874021,81.59220134428115,27977200
2014-03-13,81.1107177734375,82.60974118205273,80.73823711760808,82.58248734519829,48542000
2014-03-14,80.55651092529297,81.20154363293207,80.52017017582592,80.84722998974001,38732300
2014-03-17,81.26514434814453,81.68305953292831,81.02893985570645,81.07436059750312,28467200
2014-03-18,82.246337890625,82.34627324342674,81.33783972427537,81.36509356025931,31250200
2014-03-19,81.80115509033203,82.36442630661256,81.26513770315894,82.27357096786888,40869400
2014-03-20,82.02828979492188,82.27358121873998,81.38325701095125,81.54678693726001,31634500
2014-03-21,81.04124450683594,82.5436959348742,80.88644829138413,82.49816436696865,62754000
2014-03-24,80.33094024658203,81.39631149683882,79.5933766036561,81.33257151469877,77735300
2014-03-25,80.59505462646484,81.2688786781486,79.92122362764005,80.74985082329985,41723300
2014-03-26,79.55696868896484,81.17779165679354,79.5478609905112,80.99567242341266,40930400
2014-03-27,79.11080932617188,79.8028487597303,78.67373690813349,79.44772481489629,64784500
2014-03-28,79.26555633544922,80.13970749966,79.04701333404459,79.3657201409757,39895100
2014-03-31,79.83014678955078,80.36738990918705,79.78462218604417,79.88478603975366,33924300
2014-04-01,81.23242950439453,81.28706180457299,79.8665664228221,80.22169026825982,38683800
2014-04-02,81.44188690185547,81.66042310874577,81.07765525894445,81.57846768919894,34631600
2014-04-03,80.79533386230469,81.66037745181787,80.33093860356146,81.52378979370081,30319100
2014-04-04,78.6463851928711,81.41453472843084,78.43694983302599,81.33257934513921,131213200
2014-04-07,77.89974212646484,78.88315845383194,77.35339123142286,78.15470217234298,83995800
2014-04-08,78.61907196044922,78.7283435028299,77.71760431400885,77.9907796963913,51495700
2014-04-09,79.96671295166016,80.01224449004002,78.70101399263875,78.91044934319378,45685200
2014-04-10,77.48995971679688,80.02135803974713,77.27142358132005,80.02135803974713,73659600
2014-04-11,76.5885238647461,77.79959123175014,76.40641150079209,76.79795238857905,93657400
2014-04-14,77.189453125,77.59921611458444,76.47920561295155,77.26230080498885,46500700
2014-04-15,77.44444274902344,77.89062276250033,75.83272035483718,77.47175890025724,84631500
2014-04-16,78.47341918945312,78.47341918945312,77.48088799961745,78.11829519921018,46970900
2014-04-17,78.49161529541016,78.8831630880514,77.97258747234066,78.17291521933952,53719500
2014-04-21,79.07434844970703,79.07434844970703,78.30946860263293,78.67370007858432,25947900
2014-04-22,79.7026596069336,79.90298729631269,79.21094808222273,79.34753577472107,38593400
2014-04-23,79.00154113769531,79.72999745066961,78.95600957876044,79.7026812941649,34376700
2014-04-24,79.75730895996094,80.3218683010118,78.9013726684104,80.30365984678312,48926300
2014-04-25,78.48249053955078,79.37485047964559,78.29127055238762,79.28379433534958,44334000
2014-04-28,78.73748016357422,79.32024804302092,77.49909668296468,78.85585250100706,58623800
2014-04-29,79.36576080322266,79.51144926499852,78.59176610085406,78.97421307568705,36742700
2014-04-30,79.5751724243164,79.65712781126697,78.80118483293299,79.00151250421439,38689400
2014-05-01,79.81195068359375,80.26723847192328,79.5023513750167,79.70267911342414,37127200
2014-05-02,79.66624450683594,80.23080378915554,79.47502449519689,80.08510838192234,40074200
2014-05-05,80.08509063720703,80.10330603264482,79.00151081134474,79.19273078061457,27924400
2014-05-06,79.04706573486328,80.0031728951945,79.01064187715023,79.95764133626805,33698500
2014-05-07,78.81940460205078,79.29290770165692,77.88151304919965,79.21095230293551,67489100
2014-05-08,78.74655151367188,79.70265136805077,78.35500387412493,78.53711614720531,46556900
2014-05-09,79.0379409790039,79.0925732754128,78.17289025207869,78.70102560782607,35081500
2014-05-12,80.34007263183594,80.36738878298497,79.43859796108306,79.51144566223991,38951100
2014-05-13,80.39469909667969,80.68608293301055,80.2399029533155,80.4129075470772,30311900
2014-05-14,79.97583770751953,80.44933385083431,79.7846177103844,80.14884230656244,26483600
2014-05-15,79.3475341796875,80.09420567691186,78.83761421489189,79.95761798715917,59680300
2014-05-16,79.86658477783203,79.91211633653744,78.89226916694449,79.43861313570694,66804100
2014-05-19,80.4220199584961,80.54949996016488,79.49323609674646,79.62981685057798,32017000
2014-05-20,80.13062286376953,80.67696663023129,79.8028152144649,80.38558282497583,33716000
2014-05-21,80.89554595947266,80.94107752564025,80.23082955513205,80.27636112129966,36837700
2014-05-22,81.25066375732422,81.4783076570793,80.85911597185986,80.98659599995148,30617100
2014-05-23,81.84252166748047,81.86073706748444,81.1504893044007,81.33260162160283,22687300
2014-05-27,82.86235809326172,82.88056654379393,82.13389502347647,82.20674271988273,29725200
2014-05-28,82.60739135742188,82.9534074663886,82.54365136505595,82.83503517974849,30468100
2014-05-29,83.13553619384766,83.14463694584137,82.7348807976789,82.89878464637167,33036100
2014-05-30,83.14464569091797,83.27212570362737,82.70757334652566,83.15375339100854,29906400
2014-06-02,83.06270599365234,83.26303373393921,82.5345704869216,83.24481833183656,30409900
2014-06-03,83.02629089355469,83.16287863516925,82.68027463565343,82.78953927123219,21774500
2014-06-04,83.33586883544922,83.47245655337183,82.68936104756476,82.81684106505521,20118300
2014-06-05,84.03701782226562,84.19181399749252,83.12644227790969,83.4087184735752,35583100
2014-06-06,84.51960754394531,84.51960754394531,84.18269214818886,84.34659599651107,22680600
2014-06-09,84.45585632324219,84.66529169215913,84.22821250565933,84.53780476294578,23399500
2014-06-10,84.60157775878906,84.64710236804463,84.28287075829947,84.38303462465788,20626000
2014-06-11,84.58334350585938,84.70171580010977,84.22821967596961,84.31016812264944,22878200
2014-06-12,83.81848907470703,84.49231309212502,83.5271051525419,84.4012569190373,35275900
2014-06-13,84.06433868408203,84.27377412775249,83.70010705651717,84.18271101050591,39447100
2014-06-16,84.13716888427734,84.38302118709905,83.73651348264595,83.91863273208705,25212300
2014-06-17,84.18270111083984,84.410344982905,83.93684878575091,84.07343649841793,19977900
2014-06-18,84.65619659423828,84.77456889602988,83.75472888763696,84.26464889183342,34514000
2014-06-19,84.60157775878906,84.83832240005431,84.21913074762958,84.78369009009157,38422200
2014-06-20,84.70108032226562,84.79238812988778,84.48195690874942,84.63716903641475,25897500
2014-06-23,84.71932983398438,84.74671938515145,84.46368473534967,84.6919402828173,20837900
2014-06-24,84.63715362548828,85.43148543283638,84.39064070089417,84.71019707196301,31945800
2014-06-25,85.17585754394531,85.32193750060064,84.43631165494702,84.44543686324508,32818600
2014-06-26,85.22149658203125,85.2397609285498,84.56412638931482,85.23062875529052,22563900
2014-06-27,85.5958251953125,85.61408257306616,85.08453502853712,85.11192457807064,22877800
2014-06-30,85.74193572998047,85.95192697819486,85.52280534165936,85.57759142164365,19751900
2014-07-01,86.68236541748047,86.91062106101434,86.00672369723743,86.04324543609998,31862500
2014-07-02,86.8284683227539,86.95629095960287,86.65499872463676,86.73716743440626,18777300
2014-07-03,87.37625885009766,87.37625885009766,86.87410060638555,87.11148842959665,15291700
2014-07-07,87.11149597167969,87.38539859219809,86.9471516130446,87.27583336450465,23266400
2014-07-08,86.06148529052734,87.01102933323206,85.70540714523901,86.94711804986768,40612400
2014-07-09,86.70057678222656,86.8010097693351,86.04319976326369,86.28971962827764,29919000
2014-07-10,86.42668151855469,86.78275960578878,85.48626283693493,85.58669583239134,44245300
2014-07-11,86.98365020751953,86.98365020751953,86.38105898183592,86.6458363418121,19566300
2014-07-14,87.5040512084961,87.7049172228735,87.23014870636909,87.3762286476754,19579000
2014-07-15,87.20275115966797,87.76882045832839,86.58189579295819,87.64099790922401,39467500
2014-07-16,87.54971313476562,87.92405564420727,87.45841229235305,87.83274783598692,22052600
2014-07-17,86.39019775390625,87.62277682557624,86.11628819761987,87.31234553073104,43111500
2014-07-18,87.75969696044922,87.8053438912715,86.73710958189857,86.83754258183687,36682200
2014-07-21,87.65015411376953,87.79624104754717,87.23929680268459,87.5771106468807,29750700
2014-07-22,88.20709991455078,88.34405467593102,87.96971212587893,88.06101297819625,25770400
2014-07-23,88.77314758300781,88.87357361195433,88.35315125996547,88.51749552721492,28947500
2014-07-24,88.67272186279297,89.02879997674434,88.54489930731334,88.92836697375222,24707200
2014-07-25,88.32577514648438,88.44447250332546,87.86013878994686,88.21621692885546,29898900
2014-07-28,88.35316467285156,88.58142024724911,87.66839794965888,88.41707595505058,25603400
2014-07-29,88.19795227050781,88.74576425413933,88.12490881514167,88.54490520059338,27022200
2014-07-30,88.54492950439453,88.85535382619494,88.19797647907734,88.69100948941553,35348500
2014-07-31,86.75540161132812,87.96059112613602,86.62757900868255,87.81451113703082,50047900
2014-08-01,86.43584442138672,87.04756786718444,85.86064271402893,86.5727991990841,60708000
2014-08-04,87.02928924560547,87.36711001938905,86.29886858664928,86.61843197857239,33230500
2014-08-05,86.36278533935547,86.92886173417425,85.96106022072391,86.68234875150962,50331100
2014-08-06,86.29888916015625,86.8375760918652,85.75107701824545,85.82412049471604,34431900
2014-08-07,86.02497100830078,86.864949938314,85.72367194672819,86.70060562889331,33274700
2014-08-08,86.64581298828125,86.74624599312709,85.79670201646181,86.16191230991876,40236900
2014-08-11,87.1571273803711,87.43103691784572,86.91973957894702,86.98365087558324,28277500
2014-08-12,87.12059020996094,87.3488457954822,86.67321121276541,87.0658110984943,28152300
2014-08-13,88.04273986816406,88.07926159572932,87.43101660451255,87.47666353961365,27996500
2014-08-14,88.49925994873047,88.51751733145268,88.04274875678733,88.16143915900167,25006600
2014-08-15,88.9283676147461,89.13835882920189,88.08838882530918,89.01053627280092,55205500
2014-08-18,89.6131362915039,89.69530495138928,89.26618337428022,89.39401289933586,38938300
2014-08-19,90.11526489257812,90.1700509470633,89.76831905459427,89.82309814327468,21363400
2014-08-20,90.11526489257812,90.29787346452076,89.96005283078047,90.04222842960584,23435600
2014-08-21,90.29788970947266,90.34353663631681,90.02398028518368,90.16093499732817,19339500
2014-08-22,90.43485260009766,90.61745425559988,90.133553599293,90.33441959982945,24692000
2014-08-25,90.75442504882812,91.01007019811765,90.53530163026682,90.86398327520484,24124700
2014-08-26,90.845703125,90.94613611788007,90.63570496739455,90.89135701842045,20100400
2014-08-27,90.86398315429688,90.97354834633569,90.67224929258487,90.87311532841875,15589100
2014-08-28,90.7635726928711,90.87313093792112,90.46227358736539,90.55357444684343,23563900
2014-08-29,91.10136413574219,91.22006149306249,90.63572081151739,90.96440939734579,17906300
2014-09-02,91.36617279052734,91.39356235444362,90.99183714065532,91.32051887346039,18326800
2014-09-03,90.82747650146484,91.61266940087637,90.66313218163255,91.61266940087637,25950700
2014-09-04,90.74530029296875,91.50311059446088,90.51704468161391,91.03746719687062,24663500
2014-09-05,91.2017822265625,91.25656132663686,90.41658261840111,90.88222586645175,30798200
2014-09-08,91.37528228759766,91.60353788465952,90.9552928249008,91.22919536189022,25571300
2014-09-09,90.61746978759766,91.72222601409864,90.44399330907171,91.38440523112911,36449200
2014-09-10,91.36617279052734,91.40269453101897,90.48053973958243,90.73618495721401,31080100
2014-09-11,91.29310607910156,91.33875998455143,90.6083392922014,90.97354963837643,28691900
2014-09-12,90.82747650146484,91.23833381814133,90.54443480487069,91.21094425913736,30444400
2014-09-15,89.95095825195312,90.93702405511381,89.67705572828027,90.92789188124907,32972200
2014-09-16,90.73616027832031,90.90963675702002,89.5218458248459,89.61314666833759,38166900
2014-09-17,90.87312316894531,91.30224483419539,90.32531109310183,90.71791102452121,37196500
2014-09-18,91.5578842163086,91.56701639064099,91.05572608095535,91.15615213537957,30196700
2014-09-19,91.50115966796875,92.03196723218876,91.13508042954133,91.94044916817708,46918000
2014-09-22,90.64999389648438,91.29062708306343,90.25646008690637,91.28147318543284,48658000
2014-09-23,90.40290832519531,90.80559612500168,90.21987222476315,90.28393555815236,33989600
2014-09-24,91.37303161621094,91.41879414222016,90.18328274616366,90.49444557940673,35959000
2014-09-25,89.45108032226562,91.19910461865759,89.41447171590175,91.08012490238056,68642500
2014-09-26,90.40290832519531,90.56764360853614,89.58838580822672,89.74396719183204,56106200
2014-09-29,90.2839126586914,90.53101202983893,89.46023645090317,89.50599895559391,33342700
2014-09-30,90.41205596923828,90.87880707013895,89.981913482367,90.53102872804939,41834300
2014-10-01,88.9660415649414,90.24731504622281,88.68233355195278,90.15579700806957,58164900
2014-10-02,88.9660415649414,89.24060266177982,87.83120253060815,88.92943295320437,54501300
2014-10-03,89.84463500976562,90.2107141761734,89.17654698977233,89.48770974267237,41627800
2014-10-06,89.6524429321289,90.34799263387954,89.37788880049675,90.12834793209798,36038700
2014-10-07,88.38031768798828,89.48770200843785,88.37116378946493,89.23144870881366,45154000
2014-10-08,90.10092163085938,90.38463675542943,87.91360670572305,88.42612052105952,64931600
2014-10-09,88.64574432373047,90.21072616020359,88.50846374529313,89.98192752360144,62497100
2014-10-10,86.43097686767578,88.61829131727701,86.41266906626082,88.12408541477902,77579400
2014-10-13,85.07647705078125,86.93432070677169,85.00325981744673,86.27537957152038,80835900
2014-10-14,85.08563232421875,86.18386291244835,84.84767980322975,85.60729290098479,71814500
2014-10-15,84.53651428222656,84.89343956091824,82.58714562527095,83.80435592561926,108847800
2014-10-16,84.00569915771484,84.728703608986,82.72442553498595,82.75188025122495,93165800
2014-10-17,85.11308288574219,85.92760537842399,84.61887705045557,85.11308288574219,69546700
2014-10-20,86.38519287109375,86.45841009379095,84.93003722747503,85.10391940340753,41479300
2014-10-21,88.65489196777344,88.65489196777344,87.23633772799711,87.45598244856811,53609800
2014-10-22,88.19728088378906,89.04841189758896,88.14236447548093,88.92943216490359,39178000
2014-10-23,89.5243148803711,90.01852068846942,88.9294371308613,89.08501850126845,48123800
2014-10-24,90.25647735595703,90.32054068687238,89.35958374076289,89.71650901048827,43157600
2014-10-27,90.320556640625,90.48529194670235,89.70737095654894,90.08260409131758,29545700
2014-10-28,91.6842041015625,91.7025049230704,90.67749134147564,90.74155469032532,34495100
2014-10-29,91.3455581665039,91.62927320130969,90.69577092819857,91.38216678332981,40552800
2014-10-30,91.53778076171875,91.75743254088508,90.73241185192212,90.93375582496682,35935800
2014-10-31,92.80072784423828,93.12104453707897,92.4987119699684,93.05698119851083,54254100
2014-11-03,93.07526397705078,93.3223703653334,92.82816457114704,92.96544512215084,33481000
2014-11-04,92.76411437988281,93.0020669031569,92.13262794527765,92.7824151974978,22773300
2014-11-05,92.77326202392578,93.37728671780762,92.45293838703486,93.37728671780762,25818600
2014-11-06,93.0661392211914,93.09359394145378,92.36143548334802,92.76412333354425,24671900
2014-11-07,92.98374938964844,93.26746440089163,92.49869747615345,93.23085578710608,20931700
2014-11-10,93.31320190429688,93.43217463933138,92.78238758052242,93.02949393024196,20360000
2014-11-11,93.60609436035156,93.60609436035156,93.07527986313951,93.33154019386193,15454000
2014-11-12,93.77082824707031,93.87150020132091,93.23086684007156,93.23086684007156,22050300
2014-11-13,94.17350006103516,94.52127140056182,93.73420370055732,93.94470147341474,28027800
2014-11-14,94.46637725830078,94.46637725830078,93.83489081993443,94.14606058028158,19251300
2014-11-17,94.18267822265625,94.45723240910327,93.73422784807913,94.2467415643986,23361600
2014-11-18,94.88733673095703,95.01546336279151,94.25585048664585,94.26500438388481,26336800
2014-11-19,94.45720672607422,94.78667724613166,94.01791735425006,94.78667724613166,23760200
2014-11-20,94.8781967163086,94.96056783875632,93.98131016223469,94.05452040372528,22874000
2014-11-21,95.06124114990234,95.8117002494627,94.7592253338603,95.7201752271138,34049100
2014-11-24,95.80255126953125,95.84831378305527,95.2351282207778,95.3174993486452,17928300
2014-11-25,95.9489974975586,96.23271256857646,95.70189803041978,95.9489974975586,17526000
2014-11-26,96.57131958007812,96.62623599753482,95.93984012955487,96.04051208211565,18973800
2014-11-28,97.019775390625,97.23942012572488,96.7635220359451,96.82758537461507,17360400
2014-12-01,95.92155456542969,96.93742124412104,95.56462918993071,96.75438509651491,35969500
2014-12-02,96.30591583251953,96.47979803142198,95.82085690485803,96.02220080268364,26031300
2014-12-03,96.47979736328125,96.61707792742797,95.875772656367,96.4523426469278,32974300
2014-12-04,96.4340591430664,96.80928530456072,96.03137127790887,96.38829661934186,31008800
2014-12-05,96.44316101074219,96.7360228715857,96.23267025764898,96.58959543235271,25622200
2014-12-08,95.75679779052734,96.61708285281524,95.25344500616859,96.19609422171561,32685800
2014-12-09,96.05882263183594,96.13203987427627,94.30165070755139,94.64027521705249,46035100
2014-12-10,94.5487289428711,96.12286438997953,94.37484675909445,95.88491189666851,39330100
2014-12-11,94.99717712402344,96.132016172527,94.8049801644094,94.8232879616959,47576000
2014-12-12,93.9629898071289,95.17104591000412,93.95384289215178,94.09111644058704,46889400
2014-12-15,92.99288177490234,94.79581543805395,92.72747462314311,94.44803717873891,52968400
2014-12-16,91.50115966796875,93.77999227904884,91.48285186573798,92.40720037173156,65348600
2014-12-17,93.16679382324219,93.43219405791137,91.44622386201509,91.56520360415566,79715300
2014-12-18,95.40902709960938,95.41818099972129,94.24673315107474,94.50298649516867,49840900
2014-12-19,95.82881164550781,96.21462381518822,95.26846239546919,95.50730150410749,51419900
2014-12-22,96.06768035888672,96.09523737829952,95.6267470230891,95.67268006104216,33869200
2014-12-23,95.7277603149414,96.42590159672896,95.61752526779753,96.41671359070152,30156900
2014-12-24,95.8104476928711,96.17788386904806,95.78288367210158,95.84718570377213,14291300
2014-12-26,96.4902114868164,96.69230558552147,96.05846627747299,96.08602328940628,13924300
2014-12-29,96.47183990478516,96.68312201997199,96.34323583759179,96.39835687238612,17073800
2014-12-30,95.82881164550781,96.41671790646713,95.70020758894768,96.19625481070625,18604000
2014-12-31,94.84593963623047,96.37082687237911,94.70814752321495,95.99419556402987,24367100
2015-01-02,94.56114196777344,95.71857849986742,94.10183975422629,95.31439731765494,31314600
2015-01-05,93.17405700683594,94.25801062383027,92.90766085427671,94.14777555809657,36521300
2015-01-06,91.92473602294922,93.46799159447637,91.51136687330951,93.31183053869204,66205500
2015-01-07,93.10977172851562,93.33023489126575,92.31058312699975,92.53105329814746,37577400
2015-01-08,94.89183044433594,95.07554850765945,93.79868904489484,93.89973608224125,40212600
2015-01-09,94.2671890258789,95.21335046639433,93.71602076176899,95.18579345486796,41410100
2015-01-12,93.28429412841797,94.55196587450978,93.04545498492944,94.45091881412603,34129800
2015-01-13,93.25672149658203,95.18579646518384,92.50346612132462,94.19370196848506,56162300
2015-01-14,92.7422866821289,93.21996482941329,91.92472943876331,92.31972955700466,51354200
2015-01-15,91.53893280029297,93.32102062779329,91.42869774573182,93.17404756344071,51005400
2015-01-16,92.61371612548828,92.73313220128264,91.27255424131735,91.4195273339568,35362200
2015-01-20,93.34858703613281,93.58741914786593,92.12684143163764,93.17404994737757,30964100
2015-01-21,93.82625579833984,94.26718900786439,92.74230229200408,93.0730004470486,40128800
2015-01-22,95.56243896484375,95.66348603526734,93.36697444999896,94.19372002237502,40887200
2015-01-23,95.77369689941406,96.06765002767081,95.27764968140667,95.55322679692495,34783000
2015-01-26,95.6634521484375,95.8379892097788,95.1765929861641,95.6634521484375,19960900
2015-01-27,93.18323516845703,94.21206763967753,92.8709060194111,94.15695361683231,45253200
2015-01-28,92.70559692382812,94.78164578321905,92.68722791108954,94.68059869216029,43591700
2015-01-29,93.59661865234375,93.7711557625395,91.82371155994468,92.63208105485744,46539700
2015-01-30,92.87093353271484,94.2304715689608,92.74232943571292,93.51396102612215,42927600
2015-02-02,93.67925262451172,93.76192363250362,91.63076232297175,93.08215853601669,43624700
2015-02-03,94.57951354980469,94.64381558111762,93.40370097242774,94.01916427333664,30750400
2015-02-04,94.49685668945312,95.12150809094359,93.98243335338067,94.19371549275992,34073200
2015-02-05,95.31440734863281,95.37870938496079,94.49684988315002,94.73568201328462,23605500
2015-02-06,94.73568725585938,95.69103685445486,94.3958080486299,95.46138571080392,34169300
2015-02-09,94.43254852294922,94.88266278046788,94.20289739036266,94.36824648616084,22604700
2015-02-10,95.9023208618164,96.03092494409887,94.80917915401865,94.95615925285395,23686500
2015-02-11,96.25138092041016,96.4718440438582,95.82882368030293,96.01254178177692,20303600
2015-02-12,97.3720703125,97.4088153309839,96.72905001002101,96.87602307556092,22520300
2015-02-13,98.20802307128906,98.22639207995378,97.46394856502272,97.64767369365511,29030200
2015-02-17,98.29985809326172,98.36416012045945,97.95997194470499,98.20799905560716,17675300
2015-02-18,98.4376449584961,98.4927589765009,98.05182580727758,98.18042985488543,15149600
2015-02-19,98.92455291748047,98.98885497299035,98.34582740949318,98.37338443208336,19828100
2015-02-20,99.58589935302734,99.6410133704585,98.54787196877473,98.86020108713933,28336700
2015-02-23,99.68695068359375,99.71451470382912,99.31032650779191,99.53078961090507,17868000
2015-02-24,99.76045989990234,99.8798829853612,99.2552315661204,99.55836576303075,19745000
2015-02-25,99.51239776611328,99.99925688592755,99.29192770520585,99.61344479193068,19472300
2015-02-26,100.01765441894531,100.07277545409364,99.33788905821524,99.61347320876865,22255500
2015-02-27,99.57672882080078,100.04521907635974,99.42056773841317,99.98091003354541,27757600
2015-03-02,100.47696685791016,100.51371188227155,99.75126839566522,99.76964441204431,22988600
2015-03-03,100.00849151611328,100.27488770761234,99.37465206018803,100.1738406346852,20788900
2015-03-04,99.6226577758789,99.82475189240381,99.08068447101334,99.67777881300154,21007400
2015-03-05,99.79720306396484,100.10034426361753,99.38383379781803,99.87988112223236,15381000
2015-03-06,98.66732788085938,99.86150970944804,98.419300703019,99.66860357579289,30990400
2015-03-09,98.95208740234375,99.20010755756365,98.46522809174397,98.8694093450059,26237100
2015-03-10,97.1148681640625,98.27231178810302,97.1148681640625,98.24474776624817,34234500
2015-03-11,96.55452728271484,97.38127280055666,96.51778225876667,97.26184972062596,25459700
2015-03-12,97.18836212158203,97.29859017985851,96.4167306716648,96.4810327084582,21473200
2015-03-13,96.76578521728516,97.48230254437367,96.15950995085083,97.09648336566586,42021100
2015-03-16,98.01509094238281,98.05183596098945,97.0230034735864,97.12405052265574,25674100
2015-03-17,98.17127227783203,98.32743337169705,97.51906387839877,97.74871501939907,19603800
2015-03-18,99.13580322265625,99.58592450668635,97.39964115110199,97.9048764664841,40622200
2015-03-19,99.28277587890625,99.55835302341582,99.08986977523071,99.23684285062325,31314000
2015-03-20,99.92543029785156,100.42261839747583,99.90701904579777,100.10036880267704,31761400
2015-03-23,99.7320556640625,100.14637546481202,99.69522614462726,99.87016460581654,17268500
2015-03-24,99.37299346923828,100.18322196057144,99.3545822186571,99.7228634263907,22445300
2015-03-25,97.09883880615234,99.62160206438313,97.0620092737931,99.52953174574252,41581400
2015-03-26,96.76741027832031,97.31983938730777,95.97559264644863,96.29784237464821,47846300
2015-03-27,97.1540756225586,97.38425492201212,96.60164670877307,96.74896483219041,33878400
2015-03-30,98.2681655883789,98.35102677788537,97.74335698129033,97.74335698129033,30570200
2015-03-31,97.22775268554688,98.1945087320481,97.20013228842102,97.99194978710378,30488100
2015-04-01,96.72134399414062,97.24615251349388,96.09525602153369,97.22773423589427,32970500
2015-04-02,96.7857894897461,97.0988299494738,96.472742005504,96.81340988036743,19164200
2015-04-06,97.5776138305664,97.844615642148,96.06763113086191,96.21494925747305,24451100
2015-04-07,97.41189575195312,98.24053572447602,97.41189575195312,97.52237733521446,19379400
2015-04-08,98.1852798461914,98.32338882856267,97.4395011757071,97.44870328988777,25866900
2015-04-09,98.80216217041016,98.8389917019805,97.8077929160705,98.1392446511738,23114700
2015-04-10,99.207275390625,99.21648452921907,98.5443579021435,98.76532805679915,17164300
2015-04-13,98.95868682861328,99.78732668131306,98.84819823681312,99.28093644072038,17783500
2015-04-14,98.6732406616211,99.14280830542079,98.11160272136406,98.85738827904909,23755700
2015-04-15,99.29010772705078,99.50187570612198,98.81133802692953,98.93102869583171,21128600
2015-04-16,99.15203094482422,99.32696242456109,98.8850221315777,99.02313110732787,16195300
2015-04-17,97.60523223876953,98.47070162921194,97.18170317014564,98.20369982305876,46514000
2015-04-20,99.06914520263672,99.24408367590314,98.05635793404218,98.09318745602,28945900
2015-04-21,99.4926986694336,99.81495530996943,99.37300796191572,99.64001679362309,22759800
2015-04-22,100.03594207763672,100.20167148260347,99.10601558173902,99.75051492076754,21429200
2015-04-23,100.41340637207031,100.86456281633114,99.67683689435323,99.69524814587764,29473200
2015-04-24,101.77608489990234,101.91419389127672,101.30651713903549,101.47224652378172,32508100
2015-04-27,101.51827239990234,102.34691921918696,101.29729523175031,102.15356244092537,31121300
2015-04-28,101.31571960449219,101.78528733442782,100.45945234379293,101.59193054453137,36849200
2015-04-29,100.68042755126953,101.34334507984163,100.12799861896444,100.75408661544753,34043900
2015-04-30,99.09679412841797,100.51469952262016,98.57198558198402,100.10958871321603,44080500
2015-05-01,100.40421295166016,100.46866287434696,99.46507747877838,99.4834957564116,32874300
2015-05-04,100.5699462890625,101.19603428747263,100.51469847850144,100.72646653253628,23507300
2015-05-05,98.93104553222656,100.35815978856672,98.88501389382077,100.17401918591612,47843300
2015-05-06,98.24974060058594,99.39142806667049,97.5960321714361,99.1060079562782,42687200
2015-05-07,98.83897399902344,99.11519192407042,98.14843621091963,98.2220952608673,29335800
2015-05-08,100.07274627685547,100.2845072812697,99.71366716109726,99.86097824792705,33023300
2015-05-11,99.68604278564453,100.33975814401839,99.61239075224152,100.13719924700275,19679300
2015-05-12,99.23489379882812,99.7412910436637,98.33259492104854,99.0967848207353,33665000
2015-05-13,99.43748474121094,100.18326362892468,99.29016657723373,99.66766410403781,20738400
2015-05-14,100.89219665527344,100.97505783495032,99.87940909808182,100.24769037377692,23904200
2015-05-15,100.89219665527344,101.28810534870921,100.64359906721269,101.14999635806602,23937400
2015-05-18,101.33415222167969,101.53671116845612,100.65282332985396,100.7264824058665,17631100
2015-05-19,101.22367095947266,101.60116143235432,101.05794155016663,101.44464116370865,14212900
2015-05-20,101.28809356689453,101.89576322071943,100.75407594493241,101.29729568055598,21131900
2015-05-21,101.81290435791016,101.95101333561828,100.96584626392143,101.11315735549954,16771800
2015-05-22,101.7116470336914,102.0799353795189,101.62877881923517,101.69322875291627,13543800
2015-05-26,100.54229736328125,101.62874374503323,100.13718664474752,101.49064180946122,25488400
2015-05-27,102.16278076171875,102.27326935572577,100.62518470715726,100.84615487065646,30572700
2015-05-28,101.93258666992188,102.20880460260572,101.61954623575974,101.96941619591398,17302400
2015-05-29,101.32494354248047,102.00627239017473,101.08555507320358,101.86816338772593,30383000
2015-06-01,101.66556549072266,101.9417833897597,100.83691881812449,101.86812434674809,24570200
2015-06-02,101.34334564208984,101.84053379127728,100.79091670671991,101.28810485590735,19449600
2015-06-03,101.64717102050781,102.02466138535465,101.39857346543738,101.80369124435859,20507200
2015-06-04,100.87378692626953,101.72085219589984,100.55153727046675,101.07634585977861,31374600
2015-06-05,100.6343765258789,100.99345561395687,100.01749076282248,100.75406721373368,22641700
2015-06-08,99.61241149902344,100.662028707155,99.40985255981983,100.58836963389626,24549200
2015-06-09,99.4466323852539,99.8057114072497,98.70084693421373,99.3729733488157,27554600
2015-06-10,100.8093490600586,101.1039783555563,99.67687055919914,99.78735215468798,30297900
2015-06-11,100.9566421508789,101.41700074981176,100.7817036354397,101.14999191948894,17593500
2015-06-12,100.12801361083984,100.63441097224131,99.98990460095617,100.42264288715087,27201800
2015-06-15,99.63081359863281,99.78733384653594,98.8021666619174,99.38222302987579,31238800
2015-06-16,100.17402648925781,100.33975585353159,99.48348864220276,99.52952028396456,16456900
2015-06-17,100.45024871826172,100.7724983449179,99.83336985801773,100.33976714598818,23296700
2015-06-18,101.9141845703125,102.08911605384023,100.76328812164428,100.81852890333573,43032400
2015-06-19,101.41033172607422,102.04709009229002,101.33650324057953,101.96403128594054,27877600
2015-06-22,102.15782928466797,102.4623665172776,101.92712054008591,102.15782928466797,19120900
2015-06-23,102.24087524414062,102.33315732224094,101.81637205234225,102.2685591635036,18127900
2015-06-24,101.71485900878906,102.55463506704555,101.68717508960177,102.12090859865926,15815900
2015-06-25,101.51184844970703,102.21320501038413,101.34573787061699,102.11169259868065,18326700
2015-06-26,100.83817291259766,101.7241006693854,100.4598142404049,101.49339192954258,32311700
2015-06-29,98.45726776123047,100.27525382588766,98.41112319526235,99.72154719695911,50874900
2015-06-30,98.80791473388672,99.40775871940085,98.50337758176366,99.19550363258682,34809900
2015-07-01,99.59236145019531,99.98918082142733,99.13094390414288,99.78615597465657,21293000
2015-07-02,99.62004089355469,99.96149239691047,99.3155106777754,99.8784406218814,20499400
2015-07-06,99.38932800292969,99.96148824516602,98.78026055599511,98.9925086660358,24311000
2015-07-07,99.63847351074219,99.73075558170801,97.66360762125655,99.50004688395809,44230800
2015-07-08,97.90351867675781,99.04783864235208,97.71895457426542,98.92786563912973,39691500
2015-07-09,97.84817504882812,99.29702543772167,97.83894472922039,99.20474336365712,28381000
2015-07-10,99.34318542480469,99.71232081906699,98.78948585374725,99.1493909269682,26415800
2015-07-13,101.08733367919922,101.17038543894196,100.19218271839118,100.2014130385864,25780700
2015-07-14,101.75175476074219,102.0286009429864,101.17036440075648,101.22573926974127,21977200
2015-07-15,101.86251068115234,102.2593299579123,101.57643412372238,101.94556948081767,28631500
2015-07-16,103.3021240234375,103.3205776205167,102.49925525741982,102.70228002864295,29838900
2015-07-17,104.82482147216797,104.82482147216797,103.95736138298207,104.13269524064434,35926800
2015-07-20,105.18474578857422,105.5631045112037,104.72332824737981,105.04631911808131,26539000
2015-07-21,105.12012481689453,105.3877407369569,104.8155876159901,105.2216301765246,35468900
2015-07-22,103.92964935302734,104.4372042278093,103.51436950202006,103.51436950202006,35575000
2015-07-23,103.54208374023438,104.37263664481138,103.27446778717227,104.03119220230414,25698300
2015-07-24,102.52696228027344,104.28035010612138,102.37008202739719,104.09578593105189,30844700
2015-07-27,101.67792510986328,102.38850471407186,101.45644675851733,101.94554801137997,35994800
2015-07-28,102.55462646484375,102.75765124274929,101.31803124039453,102.13012331134608,33553500
2015-07-29,102.94220733642578,103.16368567955948,102.37927764043087,102.77609681890812,26714100
2015-07-30,103.43132781982422,103.60666164712796,102.08398983395979,102.70228747063652,25438100
2015-07-31,103.31135559082031,103.80968723998691,103.09910752436308,103.7543194036365,22081700
2015-08-03,102.98839569091797,103.61592384017354,102.30549968871055,103.3298472123582,25001800
2015-08-04,102.79458618164062,103.12680733227353,102.37008294264793,102.94224315555392,22132300
2015-08-05,103.58820343017578,104.28032951100101,103.24675202899392,103.36672505569948,28989900
2015-08-06,101.92711639404297,103.81893083893225,101.46569892364771,103.6805041896793,42125400
2015-08-07,101.79792785644531,102.03786693080211,100.95815165720505,101.6779618396031,30006800
2015-08-10,102.96070861816406,103.1821870638766,102.43469290917629,102.44392323127722,21500800
2015-08-11,101.64102935791016,102.81303355490678,101.07809953869214,102.41621428956738,36123300
2015-08-12,101.99170684814453,102.19473164627816,99.86919086918239,100.93967565842605,41889000
2015-08-13,101.82561492919922,102.58234642100868,101.60413649099816,102.09323793566712,22510500
2015-08-14,101.98247528076172,102.13012518697788,101.3826312552075,101.58565603684161,17924900
2015-08-17,102.83149719238281,102.85918111395324,101.47492871005723,101.73332136561032,21224900
2015-08-18,102.30546569824219,102.77611341398183,102.16703907118104,102.69305462147685,13984400
2015-08-19,101.63178253173828,102.53616363167659,101.0411688895757,101.99168749991016,42511400
2015-08-20,98.817138671875,101.01348266335856,98.80790835373902,100.69049193529771,57747300
2015-08-21,94.49828338623047,98.25422067931899,94.49828338623047,97.42366796473675,97763400
2015-08-24,90.86234283447266,94.61828139882347,78.20104417312108,86.95875431570512,150829900
2015-08-25,90.5208511352539,94.81203384111147,90.44702971114845,94.19373629012497,75088300
2015-08-26,95.07967376708984,95.2642449620712,91.29605227836153,93.16940590322754,104103800
2015-08-27,97.48827362060547,97.55287177889598,95.31038279728071,96.45469604728603,69377700
2015-08-28,97.46981048583984,97.82048516215713,96.75922377349019,96.97147886749178,49919600
2015-08-31,96.26091766357422,97.46060599313591,96.02098563019979,96.92535999744393,39549400
2015-09-01,93.2524642944336,95.31961238451117,92.86486830699873,93.86153163353782,73155500
2015-09-02,95.8825454711914,95.90099907090197,93.85230451013096,94.94124995051054,43963600
2015-09-03,95.41185760498047,96.91607529293604,95.14423475730707,96.26086364821913,45131800
2015-09-04,94.27681732177734,94.91356861889119,93.75079466661785,94.10147643672418,49379600
2015-09-08,96.9345932006836,97.05455922093726,95.68876730797716,96.08558665579785,37343500
2015-09-09,95.84564208984375,98.106584986459,95.59647270115764,98.07890106342103,47146700
2015-09-10,96.88838958740234,97.52514762835376,95.62411086230765,95.73484649331256,47686700
2015-09-11,97.4236831665039,97.4236831665039,96.1686270998926,96.44548039484313,29106100
2015-09-14,97.12836456298828,97.80203707780493,96.75922922777386,97.7835764386752,19718800
2015-09-15,98.27265930175781,98.5771964241426,96.99915002724363,97.35905497527307,30020200
2015-09-16,98.82638549804688,98.91867462005794,97.9496951643137,98.29114661000877,31329100
2015-09-17,98.86332702636719,100.33986889803238,98.41113977452328,98.72490738648784,56139800
2015-09-18,97.4571762084961,98.61352620398799,97.29066152683326,97.34617112592105,48384000
2015-09-21,97.76244354248047,98.56726559158074,96.88362046574069,97.99371351612773,35772600
2015-09-22,96.30082702636719,96.59685234540135,95.40349829303854,96.26382297926287,47359700
2015-09-23,96.37484741210938,96.8188889761933,95.8753032991904,96.55986061342696,21775100
2015-09-24,96.02332305908203,96.38410375546007,94.60794449121259,95.44051804354712,38284300
2015-09-25,95.2092514038086,97.14267266980558,94.61720064718793,97.05016606242143,44700000
2015-09-28,92.49874114990234,94.86695059369849,92.22122140280581,94.80219528026265,44077500
2015-09-29,92.0176773071289,93.67357078861183,91.35161880532596,92.72998555845835,49315500
2015-09-30,94.13614654541016,94.23790591410864,92.97054372255515,93.33132437237684,41411400
2015-10-01,94.56167602539062,94.57092880131013,93.05379115151428,94.30265476204501,39339100
2015-10-02,96.21758270263672,96.21758270263672,92.95205109499058,93.24807644321854,59370900
2015-10-05,97.59596252441406,97.8549838549462,96.71713914470836,96.92990364144464,32853500
2015-10-06,97.13341522216797,97.68846189759151,96.37484978560214,97.36468525841123,33051500
2015-10-07,97.7161865234375,97.92895800418665,96.47658285498424,97.74394484876959,37389300
2015-10-08,98.10472106933594,98.2712357249088,96.40257047261335,97.34615587345934,50188900
2015-10-09,98.54878234863281,98.73380260411115,97.88272354451301,98.15099762160577,23916200
2015-10-12,98.7892837524414,98.9742969100417,98.3822463363613,98.73378121672124,16162000
2015-10-13,98.1509780883789,99.2240741831909,98.05847150795022,98.22498617584174,26999600
2015-10-14,97.99371337890625,98.64126648109199,97.58667596736122,98.15097526689429,30902600
2015-10-15,99.60335540771484,99.61260818329524,98.2249882738276,98.35449890075394,38393800
2015-10-16,100.01964569091797,100.07514822884272,99.33508145344672,99.81612697479407,27091100
2015-10-19,100.59320068359375,100.65795600350893,99.66812065177677,99.89014494102923,23776300
2015-10-20,100.0751724243164,100.63021911115878,99.7328902228262,100.41745462580663,23404700
2015-10-21,99.46458435058594,100.68568949463132,99.42758736671121,100.58393720227689,30195200
2015-10-22,101.49054718017578,101.57380806764625,100.06592283527446,100.35270249455965,42778700
2015-10-23,104.33052062988281,104.75605658033285,103.6737146808534,104.21951554755687,53170900
2015-10-26,104.39527893066406,104.59879766447828,103.85873082475395,104.2565155159907,25918000
2015-10-27,104.60803985595703,104.75604897424512,104.0899902974494,104.11774862381567,31390500
2015-10-28,105.47762298583984,105.47762298583984,103.92348823735227,104.76531446094165,42221900
2015-10-29,105.31111907958984,105.4868865635676,104.88558306483439,104.99659522173633,24913300
2015-10-30,104.8393325805664,105.53314267643705,104.81158130597979,105.35737519365343,27199200
2015-11-02,106.0234375,106.15294815752885,104.89483857770439,105.11685583949651,22176900
2015-11-03,106.3934555053711,106.77273464504415,105.65338866326691,105.8106505734289,20418400
2015-11-04,106.40270233154297,106.81899258123494,105.95866786789885,106.74498448469407,28633000
2015-11-05,106.11592102050781,106.75422844933364,105.56087445786794,106.4952071906217,25004100
2015-11-06,106.18991088867188,106.31016872163752,105.23707982571663,105.91238412607576,29924900
2015-11-09,105.06133270263672,105.9309101394884,104.41377954187489,105.79214673138227,33479800
2015-11-10,104.79307556152344,104.89483494002452,104.19177206796282,104.50630298091197,35452100
2015-11-11,104.66354370117188,105.58862363988317,104.48777625432078,105.07982685047202,22748800
2015-11-12,103.64595031738281,104.74679763005419,103.57194223331429,104.23800087433229,31196900
2015-11-13,101.61079406738281,103.32219788634745,101.55529152027728,103.21118573433537,52836000
2015-11-16,103.07239532470703,103.09090087409818,101.27774521271947,101.50901517551469,33980600
2015-11-17,103.13716125488281,103.87722803517251,102.87813999912139,103.24817338926623,30579500
2015-11-18,105.11685180664062,105.21861118476662,103.4517118203814,103.55347119850738,32966500
2015-11-19,105.1908187866211,105.67186421475509,104.98730010993351,105.1723202968306,26188100
2015-11-20,105.90316009521484,105.98641390636209,105.58862922934702,105.690388592616,22727600
2015-11-23,105.5978775024414,106.32869150848205,105.14459030399085,105.94015256629596,20696200
2015-11-24,105.50538635253906,105.75515486966644,104.38603324057301,104.9133356636881,26374400
2015-11-25,105.5978775024414,105.7921434446345,105.37586029104928,105.66263281650578,14159900
2015-11-27,105.74591064453125,105.95868218638851,105.38512994739192,105.82917152884114,8828000
2015-11-30,105.47762298583984,106.06042792764806,105.13534788825785,106.06042792764806,25041600
2015-12-01,106.53221893310547,106.53221893310547,105.77364653806859,105.90316423458256,28639400
2015-12-02,105.87539672851562,107.07800347839071,105.71813483196576,106.61546350656181,22395500
2015-12-03,104.08074951171875,106.34719261751225,103.46094056723068,106.16217944643525,42754300
2015-12-04,106.51371002197266,106.68947747945651,104.18251154082995,104.3952759872365,40037300
2015-12-07,106.03267669677734,106.65247862953667,105.52387985179546,106.5877233090663,25892100
2015-12-08,106.04190063476562,106.38418271997672,104.88555082259197,104.92255486351742,30792600
2015-12-09,104.43225860595703,106.16216038185173,103.79395128210841,105.57935558779906,48509200
2015-12-10,104.904052734375,105.60711537198144,104.35825197189928,104.67278277995962,30154600
2015-12-11,102.48963165283203,103.96975849553144,102.42487632402022,103.69223162473713,56022200
2015-12-14,103.26667785644531,103.31293467956421,101.18524785650068,102.6283774557665,53098500
2015-12-15,103.89573669433594,104.79306545945124,103.76622605378327,104.21952035351818,48428000
2015-12-16,105.4406509399414,105.616411389702,103.50722953015689,104.59882451719542,44944100
2015-12-17,103.90497589111328,105.90315189757683,103.88647739822365,105.90315189757683,45668800
2015-12-18,101.91182708740234,103.81402844887752,101.91182708740234,103.5820521550863,53746100
2015-12-21,103.04389953613281,103.06245452958234,102.11599411781323,102.87687627766103,26432800
2015-12-22,103.72126007080078,103.86972832658144,103.04389312203072,103.59135388667073,26540300
2015-12-23,104.49141693115234,104.5656510545755,104.07386237576947,104.2594406049717,25656900
2015-12-24,104.47283172607422,104.76048712080141,104.42644071872435,104.49139379249745,11468600
2015-12-28,104.41719055175781,104.43575262366808,103.47073018566374,104.22233127283715,19183600
2015-12-29,106.05957794189453,106.29155426540756,104.97392336754336,105.03887645495278,27725700
2015-12-30,105.10382843017578,106.00389768857885,105.08527343940754,105.96678062768686,19520100
2015-12-31,103.79546356201172,104.92750890045401,103.77690149583995,104.73264968177438,29886800
2016-01-04,101.60562133789062,101.69841044378938,100.32511468603569,101.55922324526374,50807600
2016-01-05,101.42930603027344,102.23658603028392,100.95607951794192,102.10667988030809,38795200
2016-01-06,100.45503234863281,101.03961015412754,99.66631423918113,99.66631423918113,41891100
2016-01-07,97.30944061279297,99.55496995327663,97.25376147553658,98.3115730517762,61386300
2016-01-08,96.51142883300781,98.62705170973118,96.40935868725752,98.01463083522948,69344000
2016-01-11,96.8083724975586,97.48573947803335,95.32372526704225,97.1980910681898,50024100
2016-01-12,97.9311294555664,98.43219918368739,96.57638852221224,97.73627018563421,46734200
2016-01-13,94.55355834960938,98.5713902893132,94.40509009274122,98.3301329115805,69870700
2016-01-14,96.5671157836914,97.41151310530367,93.41223597224652,94.92472632208906,78445700
2016-01-15,93.56999206542969,94.59069383175063,92.33588306685918,93.36585879152302,91443900
2016-01-19,93.77412414550781,94.98968512015011,92.67919541225572,94.84121684747198,56563800
2016-01-20,93.48644256591797,94.48858181306417,90.23877458596053,92.29872512308738,86675000
2016-01-21,93.57925415039062,94.97111219054325,92.6235127621828,93.88546461826967,61660100
2016-01-22,96.28873443603516,96.32585149931944,95.13813379164617,95.46289924618871,42229800
2016-01-25,94.8597640991211,96.49287236726127,94.7762489389499,95.945411625856,38881500
2016-01-26,95.71343231201172,96.1217058266423,94.4236445221252,95.25876070102615,36143900
2016-01-27,93.32872009277344,95.56496826405247,92.92972051640669,95.1566947314919,54524700
2016-01-28,94.6463394165039,94.91543279966173,93.0317861969125,94.87831573860318,47641500
2016-01-29,96.62276458740234,96.65988164441016,94.5906570415463,94.61849306446346,54245100
2016-02-01,96.8825912475586,97.24447373131353,95.78766276150752,96.15881920069342,32750300
2016-02-02,94.78553009033203,96.47431749377081,94.4978746264525,96.43720043135552,44928100
2016-02-03,94.33082580566406,95.41647295785734,92.6791489571237,95.41647295785734,61572900
2016-02-04,94.32157135009766,95.07317234733772,93.19880683198218,94.08031399962535,49321600
2016-02-05,91.04607391357422,94.02464918596009,90.67491036413188,93.98753212308027,70749900
2016-02-08,89.65421295166016,90.05321251524558,88.00253556515973,89.3480025025318,91673100
2016-02-09,89.3758544921875,90.73059562742411,88.31804282386088,88.45723006008426,73778400
2016-02-10,89.71918487548828,91.57499587166356,89.65423177379643,90.40583296185314,59421700
2016-02-11,89.58926391601562,90.30374791694457,88.32731208012171,88.57784340842367,76839200
2016-02-12,90.95326232910156,91.04605851027968,89.75627088067635,90.60066091043066,49186500
2016-02-16,93.00395202636719,93.00395202636719,91.72343817204566,92.29874201089704,40565900
2016-02-17,95.11029815673828,95.24020433909169,93.44006569882877,93.68132307149482,41766500
2016-02-18,94.02465057373047,95.42578255150558,93.90401834775159,95.40722755946975,38991500
2016-02-19,94.3030014038086,94.59065682512234,93.36582226408579,93.5699554581296,28257900
2016-02-22,95.83406829833984,95.92685742219653,95.09174822812999,95.18453735198668,23979100
2016-02-23,94.25662231445312,95.5371290831647,94.19166922646099,95.27731673119618,29869700
2016-02-24,95.15668487548828,95.27731000771699,92.57710237025742,93.15240616570117,40739100
2016-02-25,96.0938720703125,96.0938720703125,94.49787379723884,95.35155206658791,29389300
2016-02-26,95.97323608398438,96.84546924614641,95.74125978165233,96.82690717752108,30925000
2016-02-29,95.11029815673828,96.59494529746007,95.11029815673828,95.88046129451634,27553900
2016-03-01,98.16311645507812,98.16311645507812,95.72272771862326,96.01965717355068,37699800
2016-03-02,98.2002182006836,98.21877319150309,97.43933614868496,98.04247600097358,29209800
2016-03-03,98.0146484375,98.12599963814004,97.30944540484968,98.09816360781919,25474600
2016-03-04,98.05172729492188,98.68270302728594,97.40219657602677,98.12596139975386,31655400
2016-03-07,97.4486083984375,98.11670132593169,96.75267944552363,97.55067854454664,25861200
2016-03-08,96.6413345336914,97.6249118468372,96.47431130321803,96.78052173897844,28898500
2016-03-09,97.26303100585938,97.28158599651235,96.46503190002832,97.00321866058516,31047400
2016-03-10,97.11457824707031,98.22806184585316,95.86190034924452,97.67132004646174,44236100
2016-03-11,98.81263732910156,98.81263732910156,97.85689596493813,98.16310642511357,31454000
2016-03-14,98.97962951660156,99.21160577800507,98.41360687242872,98.44144289110055,25374900
2016-03-15,98.94255065917969,99.05390185620462,98.3115747014179,98.627066219977,26524600
2016-03-16,99.82405853271484,100.08387089614568,98.67345080986979,98.70129391682819,31693100
2016-03-17,99.76836395263672,100.00034025255196,99.16523123634093,99.53638765272146,29623700
2016-03-18,99.92474365234375,100.17601816715475,99.3942689207592,100.00849945716193,37682300
2016-03-21,100.31562042236328,100.40868479649394,99.69208130529556,99.74791850970264,17288600
2016-03-22,100.62273406982422,100.85539854335755,99.72930334349897,99.74791337722488,18840300
2016-03-23,99.7944107055664,100.50170532064445,99.57104778468053,100.42725811403601,20912900
2016-03-24,99.8223648071289,99.85028340708323,99.14298144003088,99.31050014011285,19017300
2016-03-28,99.68276977539062,100.120180131198,99.5059424995477,100.10156299671117,13892300
2016-03-29,101.28350067138672,101.34864644018614,99.32912050704805,99.49663921258315,29963900
2016-03-30,101.77672576904297,102.40957328364136,101.56267137571871,101.88840724821493,23807200
2016-03-31,101.62785339355469,102.08388093762977,101.46964323354034,101.70230773956987,21447200
2016-04-01,102.7073974609375,102.74462462573585,100.87400042166357,101.01360051456848,26389000
2016-04-04,102.3165283203125,102.78185725449568,102.07455528643754,102.70740292094092,17163000
2016-04-05,101.33000946044922,101.90701979991898,101.19971794836813,101.52544672857087,20107900
2016-04-06,102.99589538574219,103.03312254919346,101.4323900225655,101.4323900225655,25056000
2016-04-07,101.51615905761719,102.58641699544195,101.07874873604356,102.40028116692346,28567200
2016-04-08,101.44170379638672,102.39097166188444,101.08805637597693,102.14900573756206,22898000
2016-04-11,101.06944274902344,102.39097521363149,101.06013418227099,101.87911764794269,25772100
2016-04-12,101.91634368896484,102.11178098647179,100.52965837276108,101.14389596523083,28564100
2016-04-13,103.21925354003906,103.37746365204272,102.5677888606365,102.698080376446,25356700
2016-04-14,103.22855377197266,103.61012684968131,102.37235036392322,103.23786233737786,17199700
2016-04-15,102.96797180175781,103.35884634853403,102.70738877057366,103.14479904449922,21353300
2016-04-18,103.5170669555664,103.55428701808046,102.60501921615536,102.6701649760879,17126100
2016-04-19,102.88421630859375,103.71250113167274,102.2606702246363,103.71250113167274,42481400
2016-04-20,102.96797180175781,103.44260923733184,102.53056152783223,102.88421601331507,18078300
2016-04-21,102.977294921875,103.3495594906197,102.51196598603313,102.91214915487139,20216000
2016-04-22,101.42308044433594,102.11176516220954,100.62271424504168,101.6371277416153,39074000
2016-04-25,101.42308044433594,101.4323819091882,100.9298258933275,101.11596169569526,14351900
2016-04-26,100.92987060546875,101.80469151325758,100.62275882113177,101.63717276709288,19118300
2016-04-27,100.12017822265625,100.35284269681169,99.29189326269137,99.89681521521051,33059800
2016-04-28,98.91032409667969,100.81817570166152,98.71488678256821,100.23185665897054,29818200
2016-04-29,98.38915252685547,99.11506453953876,97.60739621294996,98.9103186692217,67502800
2016-05-02,99.31980895996094,99.45940906044432,98.23094095683156,98.64042559113177,24813800
2016-05-03,98.39845275878906,99.05921894770533,98.13786260932348,98.61250007754848,38569400
2016-05-04,97.76561737060547,98.1658005603608,97.52364432322037,97.80283743910492,27474500
2016-05-05,97.73768615722656,98.33331372497676,97.54224885702124,98.11925929121509,20788100
2016-05-06,98.25885772705078,98.27746775993585,97.16068117757814,97.2537455427153,30758500
2016-05-09,98.53801727294922,98.99404457746147,98.22159711914415,98.26812573569305,19289600
2016-05-10,99.88752746582031,99.9340561068273,98.71489636694244,98.89172366369786,21178900
2016-05-11,98.98475646972656,100.03639714572475,98.956837873957,99.73858695692451,20966300
2016-05-12,98.54732513427734,99.33838261350743,97.84933198783547,99.21739969091809,29196300
2016-05-13,98.18441009521484,99.06853227488702,97.98897278498278,98.46361031003575,21059300
2016-05-16,99.4128646850586,99.77582065455064,98.24023388343134,98.3333053425671,18311900
2016-05-17,98.1657943725586,99.61761836464176,97.90520420699342,99.32911669963958,29932700
2016-05-18,98.51942443847656,99.0498990421079,97.75628541043929,97.94241410982214,27524400
2016-05-19,98.00757598876953,98.37984054913464,97.29097256786032,98.13786751984394,27334600
2016-05-20,99.08714294433594,99.48732610594537,98.34261382029553,98.39845811982993,29549600
2016-05-23,98.95684051513672,99.55246090863443,98.86377615996929,99.19880641850098,15729800
2016-05-24,100.93917846679688,101.0601614658169,99.47804550785915,99.50596411529777,29931300
2016-05-25,101.66505432128906,101.97217309404974,101.1438882344385,101.32071548548655,37951700
2016-05-26,101.96288299560547,102.09317454091648,101.52547262190849,101.76744567763895,21885900
2016-05-27,102.49333953857422,102.50264810454486,102.00940061343209,102.02801064501796,19870000
2016-05-31,102.68880462646484,102.84702188938395,102.16763839668145,102.632967416233,24366100
2016-06-01,102.69807434082031,102.93073876257132,102.28858978677974,102.37234557043985,19571500
2016-06-02,102.9121322631836,102.92143372811735,101.93493881816686,102.49333202945289,15696600
2016-06-03,102.42816925048828,102.76320654165066,101.75809466816352,102.71667792364983,20269900
2016-06-06,102.80045318603516,103.07034478288169,102.4374972351893,102.61432447803654,12502400
2016-06-07,102.53986358642578,102.95865670277408,102.49332786222946,102.8562837898259,12184300
2016-06-08,102.71670532226562,102.93075264294255,102.33513221096803,102.71670532226562,14568700
2016-06-09,102.5492172241211,102.66089165070836,102.10249821669875,102.29793556358423,17571600
2016-06-10,101.38587951660156,101.81398132228287,101.03222495077512,101.6185440044951,32965000
2016-06-13,100.5389633178711,101.3765567772696,100.40867179089308,100.8088549381415,25154700
2016-06-14,100.5389633178711,100.90191930021783,99.80374278686328,100.26907169760071,24588500
2016-06-15,100.25047302246094,100.9205478658909,100.08295431160344,100.78094775678358,24605700
2016-06-16,100.54825592041016,100.64132026771092,99.11504225084367,99.75719831782175,32079900
2016-06-17,99.36970520019531,100.48013992798381,99.13642107212323,100.34016802728723,29208800
2016-06-20,99.99492645263672,101.00270862017753,99.92027381229514,100.52681405635212,20562800
2016-06-21,100.31217193603516,100.51746310140548,99.93891591893151,100.12554748711653,22804100
2016-06-22,100.06957244873047,100.9560565386426,99.98559356739827,100.3681758922466,22724200
2016-06-23,101.49728393554688,101.51595065784673,100.42418233916965,100.84409104042433,18714200
2016-06-24,97.31681060791016,99.37904150693453,97.10218607123939,97.88602446683394,68012700
2016-06-27,95.38522338867188,96.67294932020283,94.94664805219813,96.67294932020283,48222600
2016-06-28,97.4754638671875,97.52212355230702,96.3930289412448,96.43968150709591,28260600
2016-06-29,99.20174407958984,99.40703525910811,98.19396201900346,98.24061457481507,31356700
2016-06-30,100.34951782226562,100.41483710405393,99.03379170718546,99.36972147617325,36300800
2016-07-01,100.85340118408203,101.22665723219693,100.2655205945393,100.30284691127748,19902800
2016-07-05,100.2375259399414,100.46148383657929,99.69630503530017,100.32151193099733,21167900
2016-07-06,101.05870056152344,101.10535312177907,99.44437104820636,99.76164120657542,24579300
2016-07-07,101.3572769165039,101.58122765598428,100.88137536575066,101.15198577228621,19161700
2016-07-08,102.92497253417969,102.98095845348635,101.73055167458718,101.8985165517746,29457900
2016-07-11,103.51284790039062,103.89543022129047,103.26090413972659,103.27023038026658,20218500
2016-07-12,104.03539276123047,104.31533657607679,103.89542085380731,104.14737171102239,21906100
2016-07-13,103.78343963623047,104.34332009601583,103.77410627810859,104.27800082769531,21107800
2016-07-14,104.49263763427734,104.688595462278,104.23135341100932,104.47397091583892,20871000
2016-07-15,104.32466125488281,104.79122949462868,104.09137713500988,104.73523646475805,17999300
2016-07-18,105.01517486572266,105.20179930433474,104.37130844975877,104.38997516517956,20713900
2016-07-19,104.63262176513672,104.95922532477003,104.44599726186208,104.65128848702525,18936700
2016-07-20,105.85504913330078,106.05100702228516,105.0712104580939,105.20184905075016,24997900
2016-07-21,105.61239624023438,106.13495043613733,105.32312618454053,105.92965925367061,18885400
2016-07-22,106.05096435546875,106.17226953719722,105.36044534077367,105.68704169101684,20003400
2016-07-25,106.06031799316406,106.08831095435639,105.70572150001362,105.96699863016583,12968100
2016-07-26,106.18161010742188,106.56419239532988,105.64972255253817,106.02297860071043,21223800
2016-07-27,106.91878509521484,107.19872178207667,106.4708764292625,107.07741659636322,27646100
2016-07-28,107.29206085205078,107.41336606006179,106.75083985766065,107.08676963905673,16939700
2016-07-29,107.52535247802734,107.81462259678167,107.18942267335268,107.5346787197966,22385300
2016-08-01,108.09454345703125,108.36515393317985,107.46934362555041,107.59998218379215,13990100
2016-08-02,107.27337646484375,108.02921478887491,106.58285741425644,107.93590255813612,21278400
2016-08-03,107.62796783447266,107.63730119350394,107.12408035505507,107.18939962974008,15011300
2016-08-04,107.93589782714844,108.03854341224206,107.33869103347635,107.59064187662128,12835300
2016-08-05,108.97168731689453,109.21430481806934,108.365147123591,108.48645943381192,23196600
2016-08-08,108.85040283203125,109.0556940552102,108.505139673115,109.02769397264804,12358200
2016-08-09,109.10234832763672,109.44761149195395,108.86906413751471,108.93438342597814,13276500
2016-08-10,108.82237243652344,109.19562131107669,108.53309530369896,109.1676283574118,14688400
2016-08-11,109.28894805908203,109.5222321811281,108.97167795108084,109.19562871485047,12969800
2016-08-12,109.36358642578125,109.3729197834482,108.9810041926278,109.10230936523432,19379000
2016-08-15,109.8302001953125,110.08215112196389,109.46627740727732,109.50360373416154,11777800
2016-08-16,109.22364044189453,109.63421569939553,109.20497372335025,109.62488945939056,14161400
2016-08-17,109.41960144042969,109.45692775933226,108.64509634155274,109.25163656500176,15980300
2016-08-18,109.44760131835938,109.60623284427245,109.13033114726535,109.31696275357591,10036300
2016-08-19,109.41960144042969,109.66221183439538,108.95303313304849,109.25163656500176,18743000
2016-08-22,109.50358581542969,109.69021741931122,109.05568420464948,109.26096829001756,14500600
2016-08-23,109.69955444335938,110.11947025391913,109.65290187725391,109.93283863169198,11997900
2016-08-24,108.9903335571289,109.77416471005188,108.6264109333767,109.62486658918041,17728700
2016-08-25,108.81306457519531,109.1489943364187,108.57978041430505,108.7104189748622,24266300
2016-08-26,108.97168731689453,109.68087310226174,108.31849456673197,108.85038212594063,23896000
2016-08-29,109.1209716796875,109.41024168230298,108.98099979739219,108.99965939270758,11184900
2016-08-30,108.7663803100586,109.2609414802739,108.39313143241641,108.94367851042483,19843300
2016-08-31,108.6544189453125,108.76639077166868,108.19717692346916,108.59842591286773,16169800
2016-09-01,108.93437194824219,109.06501051140445,108.1598739292852,108.69176154195095,20944700
2016-09-02,109.28894805908203,109.69952327278196,108.87836572611567,109.47557250901232,18088200
2016-09-06,109.97016143798828,109.97016143798828,109.23298257212875,109.47560011362803,18525200
2016-09-07,110.03547668457031,110.22210829397571,109.61556802212706,110.0728030064514,17546900
2016-09-08,109.39160919189453,109.73686518526894,109.10233199833665,109.70887222572696,20125300
2016-09-09,106.63883972167969,108.71973728117398,106.62018012386986,108.4771197940464,50813300
2016-09-12,108.55176544189453,108.70106357257039,106.0322927436192,106.0416261015571,39646000
2016-09-13,107.58129119873047,108.32779601100793,107.05873711820969,108.01053306762472,45863900
2016-09-14,108.09454345703125,108.68242408838657,107.66530146291302,107.69330154190837,28221800
2016-09-15,109.77420043945312,109.94216532964393,108.1132182582707,108.12255161863352,38521400
2016-09-16,109.72181701660156,109.83407653829299,109.17924003408359,109.65633407989111,27596500
2016-09-19,109.24472045898438,110.33922400616727,109.02956530207047,110.00245258594104,16222900
2016-09-20,109.45050811767578,109.8995389836123,109.26341608684594,109.63760014850563,18078600
2016-09-21,110.52631378173828,110.68534273409132,109.27277423841045,109.91825392833096,31546800
2016-09-22,111.4056396484375,111.52725588466656,111.05951869819312,111.17177105520078,22614400
2016-09-23,110.69470977783203,111.32147603926562,110.53568081068107,111.32147603926562,22213400
2016-09-26,109.7685775756836,110.19890213876832,109.60954861899381,110.0679362759527,16403900
2016-09-27,110.85372924804688,110.9098554346789,109.59084008909754,109.69374285599233,20238400
2016-09-28,111.04080963134766,111.10629255457485,110.47016967018078,110.99404019310158,14794300
2016-09-29,110.236328125,111.05955037574721,109.75924119743162,110.8537448130604,27207500
2016-09-30,111.05951690673828,111.38693150456768,110.41403731594389,110.52629680824381,25543200
2016-10-03,110.90050506591797,111.04082053153344,110.47018051435039,110.91921141563202,19216400
2016-10-04,110.73210144042969,111.47112703379297,110.31113370043387,111.22790170426892,21239700
2016-10-05,111.12500762939453,111.4804853409845,111.01274812921186,111.0595247052305,14481300
2016-10-06,111.06890106201172,111.30276970919796,110.52632408763453,110.98470463773023,11987100
2016-10-07,110.82565307617188,111.33081010755873,110.28307621241154,111.1717740356957,19984200
2016-10-10,111.52726745605469,111.77049281664532,111.34952502288033,111.39630160122215,19687300
2016-10-11,109.93694305419922,111.4524140785863,109.45049952994697,111.43370773181246,27774400
2016-10-12,109.8434066772461,110.21759787945867,109.50663530896514,110.0398554525594,14267800
2016-10-13,109.45050811767578,109.74985964926563,108.45890750749133,109.09503040425768,22821000
2016-10-14,109.58145904541016,110.43274408510791,109.51597612982592,109.9930700217126,21313300
2016-10-17,109.2821273803711,109.73115826662736,109.14180478234702,109.48793290585922,14182700
2016-10-18,110.2550048828125,110.76951861811781,110.19887870699836,110.58241947023282,19276700
2016-10-19,110.24568939208984,110.40471837446937,110.04924056613181,110.17084970493286,13702900
2016-10-20,110.11471557617188,110.35794097335899,109.47859255537051,110.13342906516583,18132200
2016-10-21,110.52631378173828,110.59179671136036,109.8340646490043,110.19889913362789,15707800
2016-10-24,111.85468292236328,111.92952259342348,111.21855999255918,111.23727347887616,19143000
2016-10-25,111.49921417236328,111.93888835388042,111.33082846746532,111.92017486605596,20341800
2016-10-26,110.7414779663086,111.34953786938574,110.4140632914531,110.77889780587846,20463700
2016-10-27,110.236328125,111.31212538815959,110.07729914914387,111.21857935160334,19099800
2016-10-28,109.5440673828125,110.48889866812175,109.20729597690236,109.91825862683535,35369300
2016-10-31,109.441162109375,109.94631920668733,109.38503592204168,109.94631920668733,18749400
2016-11-01,108.6179428100586,109.64696331410796,107.67311158368327,109.62825696477059,23498700
2016-11-02,107.74793243408203,108.79566624155697,107.47664402490274,108.54308417844747,26960100
2016-11-03,106.69084930419922,107.92567512404744,106.5692330745647,107.57019031385757,36205200
2016-11-04,106.31664276123047,107.14921421654557,106.12954364160245,106.42889509590562,26997500
2016-11-07,108.84247589111328,108.95473542031841,107.86023177471328,108.03796710790645,26591200
2016-11-08,109.55340576171875,110.04920604366662,108.47760879190751,108.7301908725509,20777900
2016-11-09,110.05859375,110.23632907986487,108.1408678670127,108.27183374674689,70234400
2016-11-10,108.28116607666016,110.74146127647451,106.83117784455028,110.59178907785677,72825400
2016-11-11,108.32794952392578,108.56181814799548,107.42988772684662,107.81343569613084,41115200
2016-11-14,107.23344421386719,108.45892071750401,106.67216091591133,108.35601794688327,35906000
2016-11-15,108.7208480834961,109.09503931281523,107.88827634524064,108.04730529814245,31796600
2016-11-16,109.36632537841797,109.44115791295827,108.20633187924439,108.20633187924439,16538100
2016-11-17,110.1614990234375,110.18020537649177,109.0857017266312,109.31021364880907,20598600
2016-11-18,109.74986267089844,110.47953160316895,109.64695990997785,110.2924395671881,16428700
2016-11-21,110.8911361694336,110.99403892434339,109.98372486001276,110.02114469244388,20268500
2016-11-22,111.22792053222656,111.49920899625175,110.95663206820137,111.33082329917075,18850600
2016-11-23,110.77888488769531,110.98469041277777,110.29244130422168,110.86308130118532,22926000
2016-11-25,111.1343765258789,111.1811459699089,110.77889163830902,110.90985750095975,7162800
2016-11-28,110.8818130493164,111.39632697987939,110.76956065508843,110.99407258064981,13479000
2016-11-29,111.26536560058594,111.79858590607637,110.66666235010916,110.9847203294412,18553000
2016-11-30,109.91822814941406,111.44304865991717,109.88080832167688,111.40562883217999,30405300
2016-12-01,108.01925659179688,109.89020585047636,107.85087087303152,109.88084910579356,39796600
2016-12-02,108.2343978881836,108.66472244318086,107.7853741204273,108.0847256779662,32876800
2016-12-05,109.07632446289062,109.50664187324384,108.29987892074932,108.79568639723625,21419700
2016-12-06,109.33826446533203,109.52536366038511,108.87988392738491,109.38504104837143,27293300
2016-12-07,110.7227554321289,110.86307802573054,108.78632362431631,109.11373825131774,26622400
2016-12-08,110.91922760009766,111.19987284648624,110.55439306205555,110.76955536923415,18578400
2016-12-09,111.78921508789062,111.82663492847304,111.32147778626765,111.33083453068946,21863100
2016-12-12,111.28404235839844,111.51791097645251,110.82566186540153,111.29339910150968,23259300
2016-12-13,112.68724822998047,113.29530803284679,111.62080795785947,111.62080795785947,54477900
2016-12-14,112.453369140625,113.19239472295448,112.12595455025189,112.8275603026669,28746000
2016-12-15,112.63113403320312,113.29532008829634,112.33178247123006,112.60307093944068,22762300
2016-12-16,112.21360778808594,113.1330869998666,111.98843198124143,112.90790403481226,26283900
2016-12-19,112.67335510253906,113.36765857703085,112.16671127593557,112.32621052350372,21138700
2016-12-20,113.10494995117188,113.31135694830694,112.89853579582639,113.02988895682617,11461800
2016-12-21,113.02049255371094,113.2269066871599,112.7671706724297,113.1518457007767,7079300
2016-12-22,112.70152282714844,113.05805186603541,112.26054836750235,113.02990577851953,16645000
2016-12-23,112.77657318115234,112.82348809769992,112.41065973835725,112.51386682819292,9007500
2016-12-27,113.35826873779297,114.01503452470658,112.97359367923221,113.02050143074877,16110600
2016-12-28,112.4762954711914,113.7053956878146,112.40124165347326,113.60218863546741,17975200
2016-12-29,112.31682586669922,112.71088535685489,111.96029687439797,112.44817903008443,13267500
2016-12-30,111.16277313232422,112.5419810954125,110.84376753805913,112.53260384132325,41749000
2017-01-03,112.15728759765625,112.57949302475619,111.54742974657232,111.90395861482986,22307600
2017-01-04,112.7671890258789,112.97360319292287,112.26992243702438,112.27929969319123,19749100
2017-01-05,113.40518951416016,113.48024335211136,112.68273995297145,112.68273995297145,20644300
2017-01-06,114.39971923828125,114.69995605573881,113.23630246540947,113.52715486907482,24074300
2017-01-09,114.77501678466797,114.98143093835793,114.41848064349064,114.49354163723432,18909200
2017-01-10,115.0283203125,115.3754719844417,114.55919991386972,114.8219061917892,16176600
2017-01-11,115.33792877197266,115.33792877197266,114.48412630469822,115.07522252302927,20686000
2017-01-12,115.15968322753906,115.23474421566216,114.09008920051933,114.92512300831176,19622500
2017-01-13,115.55377960205078,115.75080937797024,115.2160122266998,115.2160122266998,16930800
2017-01-17,115.20659637451172,115.43177217723088,114.86882909132811,115.25350412271462,14538500
2017-01-18,115.44114685058594,115.55373832155122,115.08461792984284,115.37547028207513,12499700
2017-01-19,115.38487243652344,116.01349214010308,115.14092779102604,115.6100482548694,12710700
2017-01-20,115.63819122314453,116.18237266451797,115.32857000737586,115.89151311718527,22091000
2017-01-23,115.73204040527344,115.9009240927421,115.00021347897972,115.56315671780476,17434200
2017-01-24,116.5107650756836,116.6890331523472,115.76016942908896,115.95719917572266,17640900
2017-01-25,117.68354797363281,117.71169405331028,117.1393665725035,117.24257363679388,15036200
2017-01-26,117.8055191040039,118.04946372985886,117.59910497121967,117.84304959707464,16052200
2017-01-27,118.03070068359375,118.14328500328111,117.6460185027698,118.05884676351559,15053000
2017-01-30,117.11125183105469,117.63666454752314,116.46386319239792,117.63666454752314,25006700
2017-01-31,116.87667083740234,116.90481691962113,116.20113623131095,116.6984027724032,19091100
2017-02-01,117.68354797363281,117.91810818189101,117.1487509851325,117.70230964068129,22861900
2017-02-02,117.58032989501953,117.93685880121878,117.1487400112387,117.47712284039707,15101400
2017-02-03,117.9181137084961,118.04008244555139,117.58973083318581,117.7023151571723,16957200
2017-02-06,118.0588607788086,118.07762244824725,117.6085019719664,117.72109346322955,11630100
2017-02-07,118.4904556274414,118.73440028943142,118.19021879661166,118.30280313429114,17541100
2017-02-08,118.68745422363281,118.85633784403431,118.10574238487011,118.33092531754467,12569100
2017-02-09,119.11907196044922,119.38177828512168,118.74377414311262,118.80945072428074,17542700
2017-02-10,119.51313018798828,119.68201384609948,119.1753628717659,119.38177702703629,13915700
2017-02-13,120.18867492675781,120.33878260265578,119.83213877410513,119.87904652804693,19120200
2017-02-14,120.59210968017578,120.60148693588266,119.85089846133573,120.23557353342132,16333500
2017-02-15,121.3051528930664,121.36145936971735,120.4419730312014,120.50765676241791,17891400
2017-02-16,121.26766204833984,121.62419824722282,120.95804076769247,121.38024639896689,15098300
2017-02-17,121.79302978515625,121.80242135518812,121.0705803971713,121.08934922081731,15563700
2017-02-21,122.39352416992188,122.46858516089081,121.9619413673757,122.02761078671091,18479600
2017-02-22,122.4404525756836,122.52489083117388,122.07453915213726,122.28095332095025,12110900
2017-02-23,121.98065948486328,122.62804781195436,121.49278466375294,122.62804781195436,17489000
2017-02-24,122.21527099609375,122.21527099609375,121.38962862768315,121.42715196952922,18624500
2017-02-27,122.36538696289062,122.3747642187843,121.78368213621616,121.9900962972467,12008700
2017-02-28,121.99006652832031,122.39350317961687,121.65229928509676,122.33721102514923,16598600
2017-03-01,123.32240295410156,123.54757163820774,122.53428392688612,122.768844183778,25813800
2017-03-02,122.70316314697266,123.31301410177696,122.55304114330869,123.29425958863564,19951400
2017-03-03,122.92832946777344,122.96585280538537,122.29031819700805,122.6187082458988,13722700
2017-03-06,122.65626525878906,122.86267946337651,122.16839015378623,122.52491206645381,12026200
2017-03-07,122.4498291015625,122.98463334932123,122.23403767778942,122.41230576037566,15500900
2017-03-08,122.66559600830078,123.05026382026907,122.40288975389541,122.52485131145832,15776000
2017-03-09,122.75946807861328,122.92835892939499,122.10270213984829,122.63750646482933,20855300
2017-03-10,123.27549743652344,123.47253436655807,122.74070745458322,123.32241235476245,21922600
2017-03-13,123.48190307617188,123.51004916188239,123.16290456050466,123.22857398835518,10731600
2017-03-14,123.1816635131836,123.24734725982358,122.68439689247884,123.2004323431411,14019700
2017-03-15,123.94160461425781,124.23245694630467,123.04088722546435,123.4349466091811,22709100
2017-03-16,123.85716247558594,124.17617522708908,123.57570168958084,124.17617522708908,18457300
2017-03-17,123.81394958496094,124.14300834417429,123.74812922539905,124.01138197124922,21234500
2017-03-20,123.92676544189453,124.20882604818895,123.59770668971635,123.77633120571106,10105200
2017-03-21,122.04638671875,124.50968648985713,121.97116959684303,124.39686798009623,35841900
2017-03-22,122.87374877929688,122.99597838379893,121.92414526037673,122.08399059527835,29177900
2017-03-23,122.5634994506836,123.05240358587626,122.35665594526361,122.71393369938896,20311700
2017-03-24,122.81734466552734,123.43786078109021,122.34724843925947,122.95836779492838,22967600
2017-03-27,123.01480102539062,123.23105566089014,121.66092133444197,121.94298199442312,18472400
2017-03-28,123.76693725585938,124.13361174850783,122.74213089771355,123.01478040406292,23721900
2017-03-29,124.34046173095703,124.38747422656023,123.71993121987346,123.85155759984275,13710000
2017-03-30,124.54729461669922,124.67892098544705,124.18062013617323,124.29343863904332,16092400
2017-03-31,124.462646484375,124.80111624602829,124.22759843728785,124.36862152706243,19841400
2017-04-03,124.38746643066406,124.86695942488615,123.69171883946075,124.56610529504049,23700300
2017-04-04,124.58490753173828,124.60371539935657,123.98318488374885,124.0301973796948,13400000
2017-04-05,124.07719421386719,125.49687959655674,123.84214611000613,124.76353066020609,32011200
2017-04-06,124.14301300048828,124.47208611824308,123.82335098942313,124.19943660202851,18832200
2017-04-07,124.07719421386719,124.45326544156576,123.63530263091259,124.10539883863468,16743100
2017-04-10,124.1241683959961,124.64127693413708,123.78569865704866,124.19938548756144,15619300
2017-04-11,123.5882797241211,124.19941335036837,122.69509987397134,124.01136340617134,33778400
2017-04-12,123.09001922607422,123.6729340745468,122.95839282976746,123.56951230986283,15955200
2017-04-13,122.6010513305664,123.64466519694973,122.58225781671717,122.92072756652242,23683000
2017-04-17,123.61651611328125,123.63532398177348,122.90197491877913,122.94898741690959,13325500
2017-04-18,123.42845916748047,123.78573687617788,123.11819394880078,123.20280782311404,12841100
2017-04-19,123.62592315673828,124.37806571729985,123.4566810382721,123.96439304747088,17764800
2017-04-20,124.66008758544922,124.93275137313316,123.93614987871938,124.12418546038693,21977900
2017-04-21,124.63191223144531,124.8199478572672,124.31225023292825,124.77294971046072,22454900
2017-04-24,126.13622283935547,126.25843810273545,125.79775298269108,126.01399322977717,22469900
2017-04-25,127.0482177734375,127.27385479303811,126.4370840375546,126.54991689355401,19384400
2017-04-26,126.86956787109375,127.4054700922488,126.79435075570048,127.09520487107572,25398500
2017-04-27,127.631103515625,127.631103515625,127.10459812800528,127.17981523283608,16136500
2017-04-28,127.85678100585938,128.185839767391,127.6499375117772,128.13882727397257,22771900
2017-05-01,128.99441528320312,129.1636574026107,128.2234648504792,128.27987410821513,24815500
2017-05-02,129.21066284179688,129.26708644891536,128.82519477679128,129.15425358087901,18345100
2017-05-03,128.79698181152344,128.96620958332582,128.4491008147079,128.9191970868697,23827600
2017-05-04,128.84397888183594,129.21065339720076,128.39269048127912,128.77817286430871,14630100
2017-05-05,129.3140869140625,129.3140869140625,128.69357068667193,129.17306375924667,19330700
2017-05-08,129.59616088867188,129.59616088867188,129.11666776681895,129.37992058033063,13279900
2017-05-09,130.0474395751953,130.33889696844994,129.6807507106753,129.79358357137366,28426100
2017-05-10,130.12261962890625,130.16963211713679,129.6619345443596,130.12261962890625,20499400
2017-05-11,130.01919555664062,130.05681128502792,129.1636314094881,129.76535394791253,27232100
2017-05-12,130.31065368652344,130.33885830678193,129.9627727930097,130.0756056202391,19738600
2017-05-15,130.72434997558594,130.79956709200192,130.24485699790685,130.3670866053576,20481300
2017-05-16,131.26963806152344,131.28844592355944,130.6773266962447,131.0627946177133,21786000
2017-05-17,127.93197631835938,130.47049272204507,127.9131684549583,130.22603353641998,55642200
2017-05-18,129.05078125,129.48327599122518,127.74391461478226,127.88495205800994,41319900
2017-05-19,129.59616088867188,130.14147438700388,129.4269330855011,129.5115469870865,36730100
2017-05-22,130.68679809570312,130.7526184773247,129.84063032133466,129.88762848397462,19509700
2017-05-23,130.818359375,131.08161207799913,130.47988956454452,131.0722153193907,19687500
2017-05-24,131.42010498046875,131.4859253408821,130.8465869882621,131.21326148516806,15891900
2017-05-25,132.53895568847656,132.87742560782138,131.6363644548234,131.91842511197757,23928600
2017-05-26,132.77395629882812,132.83036554081866,132.388474016965,132.56711284739893,13851600
2017-05-30,132.8867950439453,133.04662603601975,132.62354231038765,132.70815618627446,20306400
2017-05-31,132.8397674560547,133.35687610470234,132.16284217969348,133.35687610470234,33229400
2017-06-01,133.3568878173828,133.4132970665176,132.54832177198946,133.11244295573277,20120700
2017-06-02,134.87998962402344,134.90819424448165,133.6107243186221,133.82696452420018,37222900
2017-06-05,134.85182189941406,135.08687005667824,134.66378624284295,134.87062976893148,15727500
2017-06-06,134.31590270996094,135.13386560383643,134.11845597030174,134.69197397592228,22393000
2017-06-07,134.8423614501953,134.95517992161234,134.0714113185218,134.69192725750978,18842400
2017-06-08,134.98342895507812,135.19966918886269,134.2500656889179,135.14325994058822,25417400
2017-06-09,131.608154296875,135.29370751596633,129.84999875016214,135.14328760517512,109783700
2017-06-12,130.90298461914062,131.1380327205485,129.2482511498603,130.49870877089393,104454000
2017-06-13,131.9653778076172,132.15341337843782,130.94996850975244,131.63630479903523,51193000
2017-06-14,131.39186096191406,132.50128088028492,130.3294391769496,132.50128088028492,60093800
2017-06-15,130.8089599609375,130.94998306818266,129.26704515487407,130.0662000062568,55145200
2017-06-16,130.241455078125,130.83539468195374,129.76065573258225,130.7411135309294,48087400
2017-06-19,132.41921997070312,132.5417681964948,131.30676288123885,131.50474753102998,39626500
2017-06-20,131.38214111328125,132.45687963239632,131.33500055664112,132.2871908908257,40935100
2017-06-21,132.6831512451172,132.74913651896185,131.59897593797734,131.68382031232568,35743400
2017-06-22,132.64541625976562,133.13565211387734,132.30602442003857,132.89054137945996,24099100
2017-06-23,133.15451049804688,133.32419922436208,132.12689824267846,132.4945715349716,21654300
2017-06-26,132.5323486328125,134.14444979038612,132.24009721742098,133.91819805474535,34411100
2017-06-27,130.12831115722656,132.19294436486769,130.1188887975445,132.0326779385813,65957800
2017-06-28,132.00439453125,132.11752038689716,129.85491696226333,130.6091085136201,57427200
2017-06-29,129.7134552001953,131.45755499099076,128.45016891798227,131.45755499099076,88769400
2017-06-30,129.7606201171875,130.7316552880258,129.3363838245859,130.08115292623935,68898300
2017-07-03,128.3936309814453,130.50539010031397,128.30878659940794,130.354560438452,32797000
2017-07-05,129.65692138671875,130.00573566904586,128.36535335948113,128.79901202638285,42116600
2017-07-06,128.48789978027344,129.2138241816536,128.02595965826086,128.66702529096415,48430500
2017-07-07,129.87374877929688,130.22257744169153,128.91215033126056,128.92157268986787,36970400
2017-07-10,130.72222900390625,131.03333944521245,129.62863128027465,129.9586008230999,24853500
2017-07-11,131.0899200439453,131.25018646527263,130.04346274034097,130.53369874899494,31517700
2017-07-12,132.64541625976562,132.7962602741503,131.9477878674712,132.2117577000059,36045800
2017-07-13,132.9376678466797,133.25821497428936,132.551149838703,132.80568293011464,31073600
2017-07-14,133.98419189453125,134.15389509236854,133.10743759243857,133.5316740091055,34544800
2017-07-17,134.05015563964844,134.5215325062987,133.7956081037788,134.1255776645461,25343200
2017-07-18,134.9457550048828,134.97403646316633,133.5316245495912,133.9558608091229,25748500
2017-07-19,135.7377166748047,135.93570134401287,135.2851987834088,135.34176172167273,33752300
2017-07-20,135.91680908203125,136.17135662741168,135.3040248866023,136.08651224071184,36139400
2017-07-21,135.86021423339844,135.86021423339844,135.14372671637932,135.41711891548684,39697100
2017-07-24,136.48245239257812,136.57671912810576,135.68110602155684,135.84137241870522,26712700
2017-07-25,136.1336669921875,136.4542142735749,135.76599352070787,136.02996348047355,28120900
2017-07-26,136.57672119140625,136.65214321213537,136.2561883922671,136.47301771106362,18610600
2017-07-27,135.7187957763672,137.60430271505635,134.15382156478887,137.47231780475914,80665900
2017-07-28,135.605712890625,135.83197899759656,134.6912404880449,134.90808423504023,38013200
2017-07-31,135.0305938720703,136.161895313104,134.73834255820842,135.99220657032419,33848600
2017-08-01,135.3417510986328,135.53029900647485,134.92693707021036,135.49259517901973,20149400
2017-08-02,135.7094268798828,136.24680353099086,134.4461400518764,136.21852206359398,41769700
2017-08-03,135.18142700195312,135.9167735986053,134.93631626482812,135.8413515905798,27112800
2017-08-04,135.42660522460938,135.72829340704803,134.8703838216829,135.48318254777985,29472900
2017-08-07,136.28445434570312,136.28445434570312,135.48312243902922,135.67167027675967,17933900
2017-08-08,136.0487823486328,137.14238007865742,135.66224988427038,136.02050088882868,30810400
2017-08-09,135.86972045898438,135.93572015294737,134.61585574126497,134.92696633004826,36169500
2017-08-10,132.95657348632812,135.19089549361752,132.82458852356172,135.09662874037411,63331700
2017-08-11,133.96534729003906,134.257598724327,132.83403099755336,133.135719178292,45862500
2017-08-14,135.69053649902344,135.8979434689862,134.99290795031249,135.0306117697238,34161000
2017-08-15,135.7847900390625,136.039337520535,135.4171167370588,136.02990077863922,25509200
2017-08-16,136.0205535888672,136.66163382512755,135.56803567139738,136.12425711008788,31913000
2017-08-17,133.23939514160156,135.6999831139852,133.23939514160156,135.49257612893516,70191000
2017-08-18,133.14512634277344,134.05959875649722,132.59832736655738,133.3148295213907,60751900
2017-08-21,132.97543334960938,133.42795116949233,132.15522771854896,133.13569977779122,37111500
2017-08-22,135.00230407714844,135.14372573934233,133.64473667764057,133.69187723170518,36294200
2017-08-23,134.521484375,134.82315798137267,134.22923312388812,134.3234998323217,25702300
2017-08-24,134.12562561035156,134.974098519513,133.37141947704947,134.82325441579547,38160800
2017-08-25,133.84275817871094,134.9834822213104,133.66363265500985,134.64410466307427,26380400
2017-08-28,134.25755310058594,134.56866353676875,133.82388008446705,134.24811635734204,15362100
2017-08-29,134.78553771972656,135.01180385370995,132.98487416481308,133.10743678554792,24498300
2017-08-30,136.3693084716797,136.5955745243116,134.81377071751228,134.89861509276963,33642700
2017-08-31,137.83058166503906,137.84001840818013,136.68042105360556,136.75584307233814,38480700
2017-09-01,137.6420135498047,138.1982346726422,137.27434025340466,138.00968684620474,22293600
2017-09-05,136.40701293945312,137.52889196138912,135.37941502627447,137.23664066362983,44794300
2017-09-06,136.82183837890625,137.13294880179754,135.83194419430282,136.75583872013596,30722700
2017-09-07,137.14244079589844,137.49125521143333,136.64278227110512,137.07644110361562,22721100
2017-09-08,135.95452880859375,137.02926754131747,135.81310711056526,136.96326787184793,27890100
2017-09-11,137.51950073242188,137.75518919704058,136.98213851343806,137.01984233825286,27126300
2017-09-12,137.8494873046875,138.02861286149115,137.19898476062536,137.90605024151307,30256700
2017-09-13,138.03799438476562,138.05685348655612,137.38749203315098,137.61375809879775,28450900
2017-09-14,137.2272186279297,137.91542476272392,137.14237425212198,137.50062524145991,35296400
2017-09-15,137.69859313964844,138.19825141360968,136.97266881538673,137.1989348656872,46422400
2017-09-18,137.51812744140625,138.29286994219893,137.10240562386483,137.85826216332518,24858200
2017-09-19,137.7543487548828,137.95275229077376,137.2913831431937,137.76379173671748,20871200
2017-09-20,137.32925415039062,137.85834973909635,136.27104855620567,137.70717545181657,34236200
2017-09-21,136.4883270263672,137.2441694078513,136.00646092888636,137.23472642395203,28841800
2017-09-22,136.3560791015625,136.5544827185673,135.91201368876042,136.05373055804958,21702400
2017-09-25,134.919921875,135.89308260234054,134.25855260643394,135.81749548353744,54947700
2017-09-26,135.26953125,135.86477093899333,134.79712245982043,135.60966615560017,29628800
2017-09-27,136.4883270263672,136.9985220755459,135.6474401227122,135.98756054431846,33249400
2017-09-28,136.44110107421875,136.5828179350439,135.84586142521079,136.15765293579727,24149400
2017-09-29,137.42369079589844,137.52762128872405,136.35605691516602,136.71507773120652,43102400
2017-10-02,137.54649353027344,138.10393223374822,136.93235368313844,137.63152362061365,27351300
2017-10-03,137.83935546875,137.99997263330084,137.42363367025902,137.72598203889382,19715200
2017-10-04,137.97174072265625,138.26463193087707,137.4426450669315,137.5749189808627,26381100
2017-10-05,139.3227996826172,139.3983723984566,138.33073839016077,138.47245525332394,31562400
2017-10-06,139.51170349121094,139.51170349121094,138.85033437116547,138.85033437116547,23561100
2017-10-09,139.35113525390625,139.84242996321518,139.17161762610198,139.69127012322738,13704800
2017-10-10,139.45506286621094,139.9652579512448,138.84092286713332,139.8235410989494,19223100
2017-10-11,139.87074279785156,139.89910057947702,139.2093735898861,139.3888911784983,12439100
2017-10-12,139.6156463623047,140.1636420866921,139.47391512749232,139.66289010724213,14513500
2017-10-13,140.1542205810547,140.31483782156255,139.6251251024946,140.18256395192253,18409900
2017-10-16,140.63607788085938,140.67386423405156,140.20145552691633,140.5038040195323,21809400
2017-10-17,140.8155517578125,140.8344521388578,140.37150092899705,140.5888048523351,13138200
2017-10-18,140.6455078125,140.97619964351298,140.43764684730928,140.9572992602861,17218200
2017-10-19,140.1258544921875,140.144754875292,139.14325082227697,139.82352044635664,27680300
2017-10-20,140.50376892089844,140.81554590296676,140.33369433209515,140.6927294731952,30173300
2017-10-23,139.58731079101562,140.80611874454638,139.38889281790856,140.79667576173847,29297100
2017-10-24,139.82350158691406,140.11639261007153,139.30384924739295,139.8612879312582,20289500
2017-10-25,139.2943878173828,140.00300069164905,138.25509758518515,139.5494924888131,36179100
2017-10-26,138.8503875732422,139.5590007055394,138.8125867994612,139.2094084235351,28230200
2017-10-27,142.89414978027344,143.15869742675545,140.96671473674405,141.18401864276166,60165100
2017-10-30,143.21542358398438,143.79176277611182,142.65798477660013,142.79025863626367,31733400
2017-10-31,143.7539520263672,143.96181299380316,143.26265739130804,143.67837932617996,26319300
2017-11-01,143.70672607421875,144.39643870961083,143.139829892097,144.33029457443016,29481600
2017-11-02,143.43272399902344,143.60279862396303,142.45012026824378,143.5460974711371,31017400
2017-11-03,144.81216430664062,144.8310502742239,143.46106795244026,143.95237702821942,26199200
2017-11-06,145.30343627929688,145.36013742350136,144.65152449699764,144.69875382535105,28693900
2017-11-07,145.38844299316406,145.57740350775762,144.87823374532198,145.19002508194478,21333100
2017-11-08,145.97427368164062,146.01206003047804,145.14282983953802,145.31290445122627,17373500
2017-11-09,145.20899963378906,145.2845867615904,143.7161862974468,144.77437725312416,40594500
2017-11-10,145.19955444335938,145.31294235298233,144.6137721745991,144.86887695028608,20150800
2017-11-13,145.3790283203125,145.56800330720492,144.65152940449283,144.65152940449283,12522400
2017-11-14,144.84991455078125,145.0294321154568,144.15075908848556,144.86881493042225,25173800
2017-11-15,144.16969299316406,144.55707161241173,143.4043931560169,144.22637973417196,24808000
2017-11-16,146.0120391845703,146.34273096094913,144.868818481663,144.89716184343652,34790600
2017-11-17,145.45458984375,146.15375968866067,145.3128730452785,146.04982923085996,28725800
2017-11-20,145.34121704101562,145.69079475661835,145.13335612450456,145.5585209385445,21143900
2017-11-21,146.91909790039062,146.9852420349285,145.9648375670872,146.03096728485642,20147800
2017-11-22,147.09861755371094,147.2403343914549,146.76792570994988,147.05137380220665,17299000
2017-11-24,147.63711547851562,147.68435921706782,147.1647069265236,147.2497514226235,8280600
2017-11-27,147.57102966308594,147.92060748215383,147.23089482783072,147.58993004748044,22653400
2017-11-28,147.94895935058594,148.04344686121794,147.108072406333,147.90171559526993,25227300
2017-11-29,145.3695831298828,147.81665635524033,144.67041317259472,147.77887000849617,71986300
2017-11-30,146.58837890625,146.87182694204847,145.64356173143236,145.98369649103736,56595500
2017-12-01,145.96485900878906,146.67347212526303,143.85790562906485,145.69085386369417,59015800
2017-12-04,144.28311157226562,147.04197741653311,144.14138027283786,146.88136014393373,51319100
2017-12-05,144.3775177001953,146.02150486007602,143.70670554451013,144.25468684770362,40604200
2017-12-06,145.02947998046875,145.25624136070354,143.66894053260066,143.83901517196932,28647800
2017-12-07,145.52076721191406,145.93648913810804,144.86884095645243,145.0200151872081,32666200
2017-12-08,146.16323852539062,146.94743864175874,145.93649159221226,146.58840344186845,28081700
2017-12-11,147.2970428466797,147.34428660515042,146.2199514706933,146.22940887245002,20821500
2017-12-12,147.09861755371094,147.533225467305,146.78682609390538,147.23089140786158,20310300
2017-12-13,147.38209533691406,147.85450411358846,147.1647769195682,147.69388685953177,24418500
2017-12-14,147.2781524658203,148.01510894222537,147.11753522524697,147.63717330254934,24594700
2017-12-15,148.95040893554688,149.11104052809992,147.60877039358147,147.85443206447573,49816200
2017-12-18,150.19927978515625,150.32236753000066,149.6596151479892,149.93417883235168,26844500
2017-12-19,149.3092803955078,150.06671782279815,148.89268908815228,149.91522744795662,31415000
2017-12-20,149.14828491210938,149.8583795896368,148.56127793503225,149.82997695828877,38972600
2017-12-21,149.16720581054688,149.82995786908472,148.99677559725922,149.35656147771323,18638700
2017-12-22,148.99679565429688,149.05360091740243,148.59914436564478,148.93999039119134,23330400
2017-12-26,148.1920928955078,148.38144866808454,147.65241377439878,148.16369025196727,21918700
2017-12-27,148.2109832763672,148.60864908564062,148.06897009228095,148.2015205464001,22388200
2017-12-28,148.39085388183594,148.7127744620466,148.2109609111954,148.68435738260155,25393800
2017-12-29,147.47250366210938,148.55184733245954,147.41569838160427,148.523444692207,33186000
2018-01-02,150.05728149414062,150.09514687105468,147.86071401321027,148.2299628375315,32573300
2018-01-03,151.5153350830078,151.64788557101508,150.17089029124267,150.1992929353214,29383600
2018-01-04,151.78038024902344,152.23483683409796,151.56262190885022,152.03601839865289,24776100
2018-01-05,153.3047637939453,153.408911631012,152.21595731754536,152.499998186538,26992300
2018-01-08,153.90122985839844,153.97697504424332,153.24794027153877,153.30474554919317,23159100
2018-01-09,153.9107208251953,154.3651775767213,153.44680134129658,154.20422444486667,24782400
2018-01-10,153.55091857910156,153.57933566706862,152.547320070258,153.22901234926837,34004000
2018-01-11,154.601806640625,154.61128381567124,153.57928301955224,153.8159812450977,20473500
2018-01-12,155.73797607421875,155.89892914056762,154.27044412620833,154.46926255355714,37762700
2018-01-16,155.2930145263672,157.5653122786025,154.82908068789757,156.77000951001182,41231800
2018-01-17,156.96881103515625,157.2055092940859,155.27405785786252,156.0314951758205,33849900
2018-01-18,156.99720764160156,157.35697912435043,156.3533809488857,156.72262960678145,26432200
2018-01-19,157.48951721191406,157.74515532331964,156.73208005210154,157.4611145825259,38937600
2018-01-22,159.1748809814453,159.1748809814453,157.2528917863955,157.4327848203915,26081400
2018-01-23,160.4908905029297,160.6329181337102,159.59143996231683,159.66718514268325,37989700
2018-01-24,159.44944763183594,161.1820809361636,158.53105706429199,160.83175762528785,54287400
2018-01-25,159.3926239013672,160.6045179116188,158.8813475379358,160.54771263721892,28925000
2018-01-26,161.8353729248047,161.85431283606968,159.97020340240428,160.28263248022026,32038200
2018-01-29,161.04949951171875,161.81639955132164,160.70865344446023,161.49449338972056,37277800
2018-01-30,159.72401428222656,160.40570656046702,158.89084606753565,159.58200107714234,44987700
2018-01-31,160.38674926757812,160.94536818984005,159.3831508686413,160.6234475483431,42449200
2018-02-01,159.0233917236328,160.69920528053018,158.51211530698257,159.15594219333516,38037900
2018-02-02,155.85162353515625,158.77721094899687,155.71907306987626,158.39849946160183,68478100
2018-02-05,149.70689392089844,156.93092862163684,149.59328339196753,154.39353049608908,105372200
2018-02-06,153.6740264892578,153.86338227007374,146.847654518825,147.5198697077596,118537900
2018-02-07,151.68569946289062,154.8479843357779,151.67622228770395,153.18161955722104,91028300
2018-02-08,145.28538513183594,152.24431956459966,145.28538513183594,152.07388930965706,94184800
2018-02-09,147.79443359375,148.8737773317546,142.14207667851255,147.33996242738695,113836600
2018-02-12,150.41702270507812,151.4395610379046,148.13526219949108,149.30927645624536,63050600
2018-02-13,151.19342041015625,151.49638674578628,149.32823650248127,149.55547208939296,31785600
2018-02-14,154.0243377685547,154.26103610993513,149.59335175243467,150.30344677657598,52107400
2018-02-15,156.8836212158203,156.8836212158203,153.79708076442938,155.4066262213275,51633900
2018-02-16,156.1829833984375,157.8871992819532,155.91786806089047,156.37233911361537,62256300
2018-02-20,156.4954376220703,157.81147955814131,155.56758435521527,155.63386681202076,36785600
2018-02-21,156.0504608154297,158.79615529303103,155.95577571747754,157.2623549452458,41161800
2018-02-22,156.0315399169922,157.5653404516523,155.63388846159583,156.7321577182965,37074400
2018-02-23,159.22219848632812,159.22219848632812,156.6469200242878,157.29074686325617,50096900
2018-02-26,161.3335418701172,161.3335418701172,159.83762145379552,159.9701719127196,39266700
2018-02-27,159.33580017089844,161.64597758447402,159.26006943821488,161.3808766793341,42209900
2018-02-28,158.3133087158203,160.76549981294153,158.20916087845245,160.2447606261022,42936300
2018-03-01,155.7285614013672,159.12756040359994,154.32731133134888,158.39852550125303,76809900
2018-03-02,157.15818786621094,157.4327515015732,153.34261292616782,153.85387483050005,57445100
2018-03-05,158.90023803710938,159.30735200833266,155.83262415110363,156.41964551351373,38540200
2018-03-06,159.572509765625,160.11218879098223,158.56891134680296,159.67665758910184,29480900
2018-03-07,159.94174194335938,160.07430683852078,158.07657293836675,158.3511365644067,34609400
2018-03-08,160.8223114013672,160.93592197497858,159.96072602636266,160.6045529863056,25828400
2018-03-09,163.94667053222656,163.94667053222656,161.73117849860796,161.96787673588125,38310500
2018-03-12,164.8177032470703,165.19641461332697,164.06026606764442,164.42951470616407,37635000
2018-03-13,162.57383728027344,165.8876128800213,162.1572460362273,165.19644356743788,55638900
2018-03-14,162.54539489746094,163.54900748686296,161.83530023661527,163.42591978930426,40536400
2018-03-15,162.40342712402344,163.35022026971095,161.80694281922692,162.6590653184958,28810400
2018-03-16,161.92056274414062,163.03777168650544,161.84481756123031,162.6780001263271,31176700
2018-03-19,158.4657745361328,160.4762272948827,157.08120789166728,160.3624324505313,71395100
2018-03-20,158.9873809814453,159.35722878223228,158.0011250027983,158.53218702748168,34075700
2018-03-21,158.29513549804688,160.040058052668,157.6028591149209,158.5701591166521,43863500
2018-03-22,154.38796997070312,157.2045083655402,154.18881450616752,156.1044432107827,66607300
2018-03-23,150.3196258544922,154.8621299063829,150.24375779740703,154.20778057558155,80110400
2018-03-26,155.9052734375,156.09495080359332,150.93603900544485,153.363758799785,57481500
2018-03-27,150.86021423339844,157.06228097261555,149.53254464160668,157.06228097261555,78889100
2018-03-28,149.12474060058594,151.52401189904344,147.9772561024593,149.99720157544752,89369700
2018-03-29,151.85592651367188,153.3542880613637,148.53677503305576,149.9308198125427,68692600
2018-04-02,147.4746551513672,151.48609771795935,145.92888853703812,150.77485088321868,85549400
2018-04-03,149.13427734375,149.76017822529067,146.45999594044827,148.76442945381385,64090000
2018-04-04,151.486083984375,151.9507559465857,146.08059695411916,146.25130370356482,65768700
2018-04-05,152.3490753173828,153.23102896974905,151.23953192532576,152.99394667733458,43054900
2018-04-06,148.5368194580078,152.16892232954157,147.82557249943906,150.670560333714,59870900
2018-04-09,149.57994079589844,152.5671860613218,149.32390236456325,149.81702306440727,41810400
2018-04-10,152.8801727294922,153.37329354654352,150.85074860750734,151.93184343005336,48296800
2018-04-11,151.99818420410156,153.62931138382976,151.82749191500028,151.92231614104986,41622100
2018-04-12,153.82847595214844,154.35953795455222,152.83272746246416,152.91807361206028,30467900
2018-04-13,153.03184509277344,154.8241863121685,152.36801769121084,154.59659661469107,44604900
2018-04-16,154.1983184814453,154.75782918130977,153.13618004248727,154.1034797826683,28180800
2018-04-17,157.51748657226562,157.85888566451925,155.44064330025242,155.75359367401452,35536100
2018-04-18,157.83987426757812,158.37093616941692,156.76825791328454,157.51744589436908,29573900
2018-04-19,156.3889617919922,157.41315899859802,155.84840723696925,157.04331121318657,34705700
2018-04-20,153.91378784179688,156.10442534927176,153.37323340730254,155.9906305084734,49197100
2018-04-23,153.5250244140625,155.26994679198245,152.69998258251087,154.66301664008176,33040600
2018-04-24,150.272216796875,154.49227787108146,149.2574978407564,154.25519562567263,70256800
2018-04-25,150.45240783691406,151.07830852374502,148.38505731843796,150.53776845446654,52089300
2018-04-26,153.61984252929688,154.1319338977122,151.90335463156612,152.396489835845,43005500
2018-04-27,153.7146453857422,155.91477562938294,152.84218443509744,155.87683436567752,51043400
2018-04-30,152.62408447265625,155.03283396925113,152.24474415838904,154.07502680763903,35615300
2018-05-01,154.3690185546875,154.38798918946975,151.86543016654926,152.2257998756392,36513500
2018-05-02,153.45858764648438,155.11816320096622,153.278402842456,154.63450620692151,38646800
2018-05-03,153.43968200683594,154.00867089858772,150.9929907023404,152.68101568081028,60337100
2018-05-04,156.35104370117188,156.71141345794322,152.66204338224694,152.77585273564426,41543200
2018-05-07,157.6502227783203,158.16231408633664,156.95793216942724,157.0812195735443,32500200
2018-05-08,157.489013671875,157.83039824135489,156.341529144273,157.318306916782,26040200
2018-05-09,159.2055206298828,159.31931551044775,157.21402339785976,157.77353418777884,29122700
2018-05-10,160.85557556152344,160.9693848921258,159.59429613580258,159.7175835479745,27067600
2018-05-11,160.70384216308594,161.08316798310292,160.00207347866677,160.66590089887276,24688800
2018-05-14,160.97886657714844,161.9935856715931,160.71333558372166,161.07370527638108,21821700
2018-05-15,159.19601440429688,159.793466416665,158.35200201509426,159.70812026357098,49361600
2018-05-16,160.24867248535156,160.61852031374204,159.32879195595757,159.4046600323397,22941200
2018-05-17,159.63229370117188,160.8461542064366,158.85465662760862,159.68919115136262,27480200
2018-05-18,158.8072509765625,159.56590293597185,158.57016862165744,159.01587013614906,26217900
2018-05-21,159.69862365722656,160.74179151419202,159.01582550909544,160.0400227312921,22954600
2018-05-22,159.489990234375,160.69437231211054,159.20550306435084,160.4288413065183,19477700
2018-05-23,160.83657836914062,160.85553452744404,158.25712274559092,158.27607890389433,26557800
2018-05-24,160.7892303466797,161.0737320212628,159.16758093080546,160.7892303466797,27696500
2018-05-25,160.95040893554688,161.52889023993566,160.46676632513123,160.77022409920974,27460500
2018-05-29,160.23916625976562,161.14007599425048,159.2813590955759,160.22019562641287,41220500
2018-05-30,161.3866729736328,161.67117465707906,160.47628495103288,160.81768407709703,22665800
2018-05-31,161.28233337402344,162.35393539320546,160.86506626410335,161.3866356811501,35670900
2018-06-01,163.8143768310547,163.90920106051405,162.04099154295287,162.0884108928595,45543300
2018-06-04,165.29380798339844,165.33173479029986,164.12736693894323,164.2316692755115,20459600
2018-06-05,165.80584716796875,166.08087069510148,165.07564422015375,165.68257423165159,24779300
2018-06-06,166.7731170654297,166.80156577414192,165.14199023762663,165.9765242807864,25036600
2018-06-07,165.41705322265625,166.83954700384436,164.582533377534,166.80162020330224,39600300
2018-06-08,165.42649841308594,165.84376545135885,164.23159471796788,164.63938367640765,31780300
2018-06-11,165.87220764160156,166.27998211366284,165.27475581752537,165.30320452625756,22319700
2018-06-12,166.74472045898438,166.90593468217799,165.91967870783034,166.0998490958551,22511800
2018-06-13,166.7352294921875,167.9870163809881,166.36536725123887,167.00076048285288,37858600
2018-06-14,168.42323303222656,168.69824207011848,167.38006536363258,167.50335276183512,35916000
2018-06-15,167.83526611328125,168.1671870588284,167.01022449538445,167.78784676815272,49615700
2018-06-18,167.73837280273438,167.88092086010906,166.25581500072445,166.7785153799788,31633200
2018-06-19,167.26315307617188,167.3011610485608,165.08683774911597,165.61903637051,38236000
2018-06-20,168.4510955810547,169.14485343760444,167.88087450634367,168.03293539310985,33038000
2018-06-21,166.987548828125,169.04982565555568,166.66441581956997,168.8787535332237,43469400
2018-06-22,166.61692810058594,167.61479333729017,166.0181973575027,167.54827575546196,30073200
2018-06-25,162.8629608154297,165.35291039444962,161.38040360882135,165.10580785913325,77799700
2018-06-26,163.5282745361328,164.46912063332582,162.86301165766753,163.46174244775548,39008100
2018-06-27,161.304443359375,164.96333163540305,161.1904049096549,164.22205270956462,52843500
2018-06-28,162.6919708251953,163.24318082362268,160.7722414515453,161.10487292516945,46407700
2018-06-29,163.1291046142578,164.33606451632326,162.8915148816409,163.47123440927925,36408500
2018-07-02,164.2220001220703,164.26952096134607,161.2473724995618,161.59900060781902,31770000
2018-07-03,162.32130432128906,164.8397496259443,162.15974504715328,164.8397496259443,25512700
2018-07-05,164.33607482910156,164.46912450766342,162.5398969178529,163.3762174695716,31626200
2018-07-06,166.89248657226562,167.0160378397544,164.41204986420365,164.7161715991537,37005600
2018-07-09,168.39407348632812,168.43208145670576,167.09208660636367,167.75733484790302,27362100
2018-07-10,168.5176239013672,168.89776160848643,167.93790447214974,168.7076927549268,23902500
2018-07-11,167.66229248046875,168.28003438182662,167.07307468343188,167.19661146264426,30280600
2018-07-12,170.55136108398438,170.55136108398438,168.28950297095426,168.4035413627637,27930100
2018-07-13,170.6939697265625,170.96956743847082,170.06672934608991,170.54190881590372,28049800
2018-07-16,170.28529357910156,171.01707396169388,170.0001975221536,170.73196340342054,21405300
2018-07-17,171.3212127685547,171.68233931032128,168.479634274446,168.479634274446,31034100
2018-07-18,170.99806213378906,171.48275443157806,170.47537636363865,171.34019190227087,23220800
2018-07-19,170.14276123046875,170.9505721364677,169.94319397221366,170.38035096737119,31094100
2018-07-20,170.10476684570312,171.22618353285483,169.91468343993083,170.6559768195215,35897300
2018-07-23,170.64645385742188,170.72248431496922,168.9168080775322,169.60106769413144,22184700
2018-07-24,171.3497314453125,173.01285970351455,170.64646056136627,172.40463052056805,36900300
2018-07-25,173.74465942382812,173.84918500463584,171.34023753467906,171.42578087557595,35026600
2018-07-26,171.11209106445312,171.93889851346506,170.8839997503394,171.38768871368268,40873500
2018-07-27,168.80276489257812,172.309592004913,167.83340913083367,172.19555356266724,59456100
2018-07-30,166.41729736328125,168.907232289828,165.6189996083868,168.81220512928624,60193000
2018-07-31,167.69081115722656,168.33706269655016,166.14173613904717,167.0730837237674,47285100
2018-08-01,168.3275604248047,168.83124947181568,167.3582048067792,168.08047233613019,37101900
2018-08-02,170.61790466308594,170.81748638050826,167.0635577293652,167.13958816927257,47178200
2018-08-03,171.140625,171.15012336810906,170.1902661413825,170.94104325910718,28934400
2018-08-06,172.1479949951172,172.1955158360841,170.8174984559913,171.02657855518606,24808800
2018-08-07,172.77523803710938,173.09835655869747,172.26203614863422,172.6326755119441,29895700
2018-08-08,172.98435974121094,173.29797997040825,172.0720086652435,172.5376898239901,22680700
2018-08-09,172.8798065185547,173.56406614816518,172.62320553211893,172.8798065185547,18852900
2018-08-10,171.55877685546875,172.2240251238088,170.91252532242083,171.71082324442887,33818500
2018-08-13,171.3686981201172,172.97479223924654,171.2926676793552,171.8723871015071,26089200
2018-08-14,172.44264221191406,172.64222398777835,171.10263250614386,172.02448192063872,20913000
2018-08-15,170.33282470703125,171.6158150460653,169.27792572865306,171.07410350250498,58528000
2018-08-16,170.89358520507812,172.0055036436862,170.5609537100432,171.6443625349431,27711800
2018-08-17,170.9315643310547,171.35922296580512,169.42049705431717,170.44688647851444,36092600
2018-08-20,170.7794647216797,171.37819537546903,170.1142164959825,171.31166330223746,24939000
2018-08-21,171.40673828125,172.43312767231455,171.18815978633603,171.29269984935166,26258700
2018-08-22,172.0719757080078,172.2715574524811,170.8270079010965,171.04558638212865,18042400
2018-08-23,171.82489013671875,173.01283874869645,171.53977956957894,171.76787092355596,25776200
2018-08-24,173.42149353027344,173.5640560706057,172.35709616882636,172.3951041454524,23136100
2018-08-27,175.1891326904297,175.1891326904297,174.02019546030448,174.29579312382256,29343600
2018-08-28,175.44577026367188,175.83542092220546,175.07513084493502,175.65485039745442,20277000
2018-08-29,177.4700469970703,177.56507419740714,175.68336741533673,175.74988500543972,29175600
2018-08-30,177.1564178466797,178.2113168761006,176.56718542847278,177.12790823788401,29315500
2018-08-31,177.3844757080078,177.88816474452395,176.74773701092755,176.9378058829727,28653200
2018-09-04,176.6242218017578,177.1469076384183,175.67386282408106,176.84280030625186,29063500
2018-09-05,174.3433380126953,176.33909751132992,173.74462176416577,176.31058790432024,42623300
2018-09-06,172.78472900390625,174.6284273736687,171.61579175451047,174.41934728010858,46091400
2018-09-07,172.11952209472656,173.60207984056728,171.4827832936964,171.53980251448598,46629500
2018-09-10,172.69921875,173.20290780188296,171.75835822788284,173.10786611229807,26132000
2018-09-11,174.02976989746094,174.31488055417833,171.55884470901438,172.00551468756123,30116500
2018-09-12,173.5165252685547,173.89666301831122,172.02445487304283,173.77312622536942,36204000
2018-09-13,175.36973571777344,175.70236715049,174.52391683312533,174.5999472892127,31133200
2018-09-14,174.85653686523438,175.76887327614563,174.1627644366681,175.49327557945858,31224100
2018-09-17,172.3380889892578,174.68547676235534,172.17652970747025,174.5619254580891,33071200
2018-09-18,173.76364135742188,174.60946031305892,172.3951220356433,172.48066536925043,31877300
2018-09-19,173.63058471679688,174.20080591180093,172.49965519754616,173.79214400507163,31843400
2018-09-20,175.55029296875,175.7878826880666,174.4098652162955,174.82802544250478,33295800
2018-09-21,174.59043884277344,176.2725636446367,174.3718458561419,176.0254755526097,38605400
2018-09-24,175.07601928710938,175.14267110986125,172.61016333892775,173.32421529880133,34945600
2018-09-25,175.31399536132812,175.44728444804895,174.40000267565628,174.99981082961034,25277500
2018-09-26,175.43772888183594,177.07528844572442,175.0949835189891,175.4662897847884,36210600
2018-09-27,176.9230499267578,177.55141918744036,176.05666332740083,176.15187607384078,33113300
2018-09-28,176.8849334716797,177.35145261798053,176.10424426783513,176.42794431510183,28076800
2018-10-01,177.2467498779297,178.54156478037203,176.79927611938837,177.91319552019587,27371300
2018-10-02,176.8468780517578,178.20833022052656,176.437495213012,177.09441084769074,25618600
2018-10-03,177.0372314453125,178.00834591383887,176.7611378214499,177.58943322045806,29128700
2018-10-04,173.6383819580078,176.43746767580012,172.38164366535705,176.323209495381,80557300
2018-10-05,171.51524353027344,174.20008538071755,169.87768350675893,173.61932264531507,83325600
2018-10-08,170.46795654296875,171.98174275917265,168.44956039394356,170.91543013302953,66864500
2018-10-09,171.0202178955078,172.34359367923273,170.182392238787,170.5917750763233,49097900
2018-10-10,163.498779296875,170.05853308241058,163.27980752938137,169.95380492797142,114471100
2018-10-11,161.47093200683594,165.0887831180603,159.7667201103321,162.82286844277954,143084500
2018-10-12,165.96466064453125,166.47877146783264,162.73713306841375,165.8218415904784,102078400
2018-10-15,163.95582580566406,165.69809947137276,163.33697217533367,165.38392945307362,64885300
2018-10-16,168.72569274902344,169.1350755026543,165.37440533643138,165.67907443185885,71979700
2018-10-17,168.79232788085938,169.71583608938815,167.05956963684065,169.5444706209627,66987600
2018-10-18,164.87933349609375,168.211575623605,164.17481160097051,168.1544537972353,82486200
2018-10-19,164.72702026367188,167.63083428577764,164.12721200720088,166.2122459202444,82923700
2018-10-22,165.5743408203125,166.85010992890815,164.3176026339909,165.71714537447562,52909300
2018-10-23,164.9649658203125,165.7837455732639,160.72826254585,162.46102021575078,77567000
2018-10-24,157.4151153564453,165.0507142778861,157.12949169583248,164.7746206066615,102997400
2018-10-25,162.86093139648438,163.8320459072541,159.1478678662193,159.86191966261035,83481100
2018-10-26,158.67181396484375,161.81364439089802,156.35827887271117,157.28178691216328,130970900
2018-10-29,155.40623474121094,161.7184575073842,152.41673835569682,161.09961840488236,111871900
2018-10-30,157.96728515625,158.08152878633257,154.24469191691367,154.949228199736,92584000
2018-10-31,161.6803436279297,163.04179514856426,160.46168210042666,160.53784935385923,73828600
2018-11-01,163.81298828125,163.98436825390317,160.69020315269333,161.91838028654476,52706800
2018-11-02,161.26148986816406,164.27954756604376,160.15708608134338,163.30843288953432,75966800
2018-11-05,160.86160278320312,161.5280482529188,159.0717082124624,161.47092643086057,39573500
2018-11-06,162.08026123046875,162.98472403927326,160.63311201992792,160.87112931316187,34410400
2018-11-07,167.16429138183594,167.16429138183594,163.63210869088113,164.0224605015983,51169600
2018-11-08,166.09800720214844,166.89774188294302,165.30778798395005,166.38361635427236,40296500
2018-11-09,163.29885864257812,164.94593374009796,162.00404438248265,164.5460665531091,50602700
2018-11-12,158.3576202392578,162.4610348313479,158.2148011892867,162.15638034076258,62578400
2018-11-13,158.49095153808594,161.35667443118766,158.04347787828496,159.1002752090499,64128100
2018-11-14,157.2818145751953,160.61405647097243,156.37735182325446,160.06185464209588,75270700
2018-11-15,160.03326416015625,160.46169227639314,155.62519485976387,156.99616192623805,73254300
2018-11-16,159.47154235839844,160.24271585078938,157.83398267168886,158.47186709783222,65390700
2018-11-19,154.29232788085938,158.90033919246005,153.7972478431284,158.70992826330897,67280500
2018-11-20,151.53135681152344,153.6449518690515,149.59865724960565,150.77921391160965,102652800
2018-11-21,152.68333435058594,154.20665089547666,151.59797603376384,153.61637263485753,42965800
2018-11-23,151.5789337158203,153.13079653070835,151.46467554071668,151.46467554071668,23503700
2018-11-26,155.08253479003906,155.1587020611686,153.05462296255143,153.70203750344191,42012600
2018-11-27,155.6061553955078,155.9965071613296,153.4544702172646,154.23517374890815,36608100
2018-11-28,160.6140594482422,160.6140594482422,155.6347419622156,156.7296156515834,70141000
2018-11-29,160.09042358398438,161.14722093361175,158.8241843842013,159.93810355909136,44885700
2018-11-30,161.25196838378906,161.34718112221498,159.50967986804972,160.3094290995242,36722800
2018-12-03,164.070068359375,165.00309200180993,161.38522654690811,164.81268108890382,50771700
2018-12-04,157.77684020996094,163.67014831340677,157.58642935844722,163.21314483687374,70594700
2018-12-06,158.89083862304688,158.90988407597388,154.01624864826684,154.59701147943588,71715500
2018-12-07,153.64488220214844,159.10974833623018,153.14980231139683,158.19577033667778,80432200
2018-12-10,155.25392150878906,155.929882462292,151.76934497259472,153.3592986918324,73960800
2018-12-11,155.76805114746094,157.8245242216189,154.45419092884492,157.78643331612122,59058300
2018-12-12,157.13900756835938,159.5667866743304,157.05332483609985,158.04347030619365,53780000
2018-12-13,157.18663024902344,158.8241904301964,156.16790923498382,158.1672603598229,46378500
2018-12-14,153.35928344726562,155.95842787134256,152.99749256154345,155.38719516103572,56547400
2018-12-17,149.88421630859375,153.92099411494115,148.68461459356877,152.70234695216084,74834100
2018-12-18,150.82681274414062,152.28347757213587,149.5129524963707,151.04578460962753,63642100
2018-12-19,147.12322998046875,153.0165397582508,145.99026548006532,150.59827622198677,81856500
2018-12-20,144.99058532714844,148.39899417763428,143.18165999183972,146.7614342935479,99002100
2018-12-21,140.49685668945312,146.7043373197013,139.68759207073956,145.71419175876238,141129400
2018-12-24,137.01278686523438,141.29025515634567,136.97460155799425,139.4761543982672,56163300
2018-12-26,145.5677490234375,145.64411964369242,137.57612160589193,138.5213719326297,98982100
2018-12-27,146.13104248046875,146.25515563885767,140.4309282393995,143.5721901738651,85824300
2018-12-28,146.05471801757812,148.5562715574526,144.86122650901387,147.18136700854848,77856600
2018-12-31,147.286376953125,147.97382914407197,145.80645931746204,147.4868899125622,53015300
2019-01-02,147.8783416748047,148.7090069068481,144.05916974782303,144.16419755857441,58576700
2019-01-03,143.0470733642578,146.3315485666856,142.73198997199054,145.70139635113395,74820200
2019-01-04,149.16729736328125,149.90249200849834,144.88028637457657,145.45315339882367,74709300
2019-01-07,150.94325256347656,151.6784474022734,149.05276611841552,149.5397054025862,52059300
2019-01-08,152.30856323242188,152.8718875311288,150.09343677319163,152.3276486002206,49388700
2019-01-09,153.5498504638672,154.21820279462577,152.26087380748498,152.90058350756735,46491700
2019-01-10,153.98898315429688,154.0749110105982,151.52561595745055,152.3849382274102,38943400
2019-01-11,153.42568969726562,153.58800275919504,152.5663672547756,153.08196363406662,30176600
2019-01-14,152.06985473632812,152.7286641054348,151.42058805047586,152.12713997381877,30710200
2019-01-15,155.03927612304688,155.2493317270519,152.6809364890678,152.7668643537107,40874200
2019-01-16,155.01065063476562,156.3759976427261,154.95335081635352,155.2970768819006,33812200
2019-01-17,156.23280334472656,156.92979824504928,154.26593184281046,154.51417280990142,39329000
2019-01-18,157.77951049804688,158.5147050347506,156.41416378457905,157.33075671568062,57183200
2019-01-22,154.61920166015625,156.71974363041505,153.49253819192563,156.64335843180731,56711700
2019-01-23,154.81967163085938,156.1181906307849,153.072413346114,155.41165316912387,38106100
2019-01-24,155.8222198486328,156.0513754210594,154.73375637533113,155.32572339286796,32417800
2019-01-25,157.68408203125,158.16147860363523,156.53833317132285,157.07301500135637,36515900
2019-01-28,155.7362823486328,155.74582503352468,154.43776332309503,155.65035447765231,33491200
2019-01-29,154.2659149169922,155.86041750883203,153.7121332182538,155.8222176294789,30784200
2019-01-30,158.19012451171875,158.76300623805167,155.5262579929419,156.01319726203363,41346500
2019-01-31,160.55804443359375,161.35052461894279,158.94444142948458,159.1640398086328,37258400
2019-02-01,159.88009643554688,160.97811720591278,159.44089978258933,159.7655259293816,32143700
2019-02-04,161.86605834960938,161.86605834960938,159.7655166345308,159.9087297589055,26718800
2019-02-05,163.29824829101562,163.48920398033678,162.01882914668008,162.08565708189914,28156400
2019-02-06,162.81130981445312,163.62287513988616,162.07611510989648,163.33644888913645,27970000
2019-02-07,160.6248321533203,161.78968085021774,159.4026982039502,161.3886695139231,42036200
2019-02-08,160.93992614746094,160.96856877557246,159.03989716079016,159.22129561583432,29020700
2019-02-11,160.7871551513672,161.913818605834,160.38614379031566,161.52234993112174,21434100
2019-02-12,163.16458129882812,163.40327955776894,161.6751064940751,161.9615473186012,29722100
2019-02-13,163.27914428710938,164.37716496909871,163.09774585660995,163.8902112191178,26094100
2019-02-14,163.47970581054688,164.06213029141102,162.15254374024846,162.69676833145542,30326800
2019-02-15,164.16708374023438,164.75905064076144,163.40324655211333,164.72086533739756,32521700
2019-02-19,164.4917755126953,164.9882720686354,163.63246743844257,163.66111006965176,19487700
2019-02-20,164.4630889892578,165.25556890218667,163.5751385207738,164.6063021070828,32593000
2019-02-21,163.86155700683594,164.47262389563062,162.99270651814774,164.0238700556894,25207400
2019-02-22,165.0741424560547,165.18871294097903,164.1288922484789,164.21483468115548,27735400
2019-02-25,165.67564392089844,166.76410708536952,165.56105888270375,166.33445325683803,32608800
2019-02-26,165.84754943847656,166.37268852840353,164.9977842089532,165.2746823513627,21939700
2019-02-27,165.74249267578125,165.9430055910949,163.99521995569972,165.08368325701474,25162000
2019-02-28,165.360595703125,165.9525626785042,164.89274190610905,165.22692527097536,25085500
2019-03-01,166.50640869140625,166.7546497130489,165.3511023485904,166.55415127183485,31431200
2019-03-04,166.53500366210938,167.84306549133208,164.67316011019014,167.60436722649663,38063500
2019-03-05,166.65907287597656,167.17465453654785,165.83795055063655,166.65907287597656,22319900
2019-03-06,165.71385192871094,166.85005780070875,165.44651108459183,166.8214151794805,27194600
2019-03-07,163.68016052246094,165.35104830845088,163.0690935720583,165.29376305825457,39407400
2019-03-08,163.43194580078125,163.5178736898608,161.6846725445587,161.84698563581597,39303200
2019-03-11,166.83094787597656,166.94553292301305,164.08115441980308,164.1097970393166,30518400
2019-03-12,167.74757385253906,168.17722776146795,166.86916609657797,167.27017738284385,33953500
2019-03-13,169.00787353515625,169.8862811901753,168.37772134000028,168.61641954741793,42426100
2019-03-14,168.72145080566406,169.3229603937988,168.6737082494038,169.12246205408147,23751500
2019-03-15,170.28732299804688,170.79336207979668,169.26568758120388,169.38025806945404,38192000
2019-03-18,170.69285583496094,171.20939045129234,169.87023906437454,170.21459061009668,32935100
2019-03-19,171.26681518554688,172.17551638067835,170.53984255304218,171.39115424466002,36893300
2019-03-20,171.9459228515625,172.99811227296433,170.4920069544405,171.27635439953295,50105000
2019-03-21,174.6338653564453,174.88255815306428,171.41034607815013,171.42948078419903,42428500
2019-03-22,170.7981414794922,174.3468772560875,170.61639828777814,173.8781718982724,70794500
2019-03-25,170.47288513183594,171.0659294347799,169.23895248122832,170.17636298036396,46336500
2019-03-26,171.26681518554688,172.83552486208418,170.39636879425802,171.79290996025438,33248100
2019-03-27,170.16677856445312,171.90767116676668,168.92330052908386,171.5250647859604,37096700
2019-03-28,170.55897521972656,171.19984899382246,169.53549502976716,170.6068046705843,30368200
2019-03-29,171.85032653808594,172.0129350221594,170.82683157918032,171.87902129436353,35205500
2019-04-01,174.1268768310547,174.33731479454022,172.91209310925547,173.61991662688584,30969500
2019-04-02,174.78680419921875,174.95898726904687,173.87810319519832,174.3181136220957,22645200
2019-04-03,175.7911834716797,176.88162771585425,175.24596864734136,175.77204877392282,31633500
2019-04-04,175.72425842285156,176.47991124137732,174.7103236373424,175.83903743439978,28530800
2019-04-05,176.63296508789062,176.73818405021353,176.02078601496646,176.2312239396123,25674700
2019-04-08,177.08253479003906,177.22600855815838,175.64773872684444,176.34600205752574,22697500
2019-04-09,176.46072387695312,177.06334269873204,176.0876776052556,176.47985857166714,25631900
2019-04-10,177.40774536132812,177.46513486651628,176.49904413968292,176.6903473554767,24563000
2019-04-11,176.9868927001953,177.70429079996765,176.66167573121893,177.70429079996765,20654100
2019-04-12,177.7521209716797,177.8668999975429,177.0155881662201,177.77125567449082,24989100
2019-04-15,177.7808074951172,177.98168537657688,176.5947040992862,177.7616727931922,21073000
2019-04-16,178.39295959472656,178.78514064957034,177.8477301386512,178.431214397285,27195700
2019-04-17,179.01470947265625,179.76080222936824,178.48862927932072,179.5886337142038,29651600
2019-04-18,179.24432373046875,179.62693025005456,178.1921339083531,179.311287898923,28580900
2019-04-22,179.75123596191406,179.8182001124958,178.32600005516667,178.45992835633018,17936000
2019-04-23,182.03732299804688,182.25732093341182,179.95209344654953,180.21034618113106,33665600
2019-04-24,181.4634552001953,182.41998595122675,181.4060510949126,182.19041331659886,24977100
2019-04-25,182.19993591308594,182.90777377771232,181.21471060970615,182.8216895307369,29517500
2019-04-26,182.36256408691406,182.40083348670908,180.39211326695803,181.91299351006978,26359500
2019-04-29,182.7165069580078,183.0034691005473,182.0660584618849,182.36258065749206,21716200
2019-04-30,181.3008270263672,181.59736381106268,180.0286540073373,181.2434375182005,31495300
2019-05-01,180.71731567382812,183.00343777423998,180.59297662322922,182.4869030869885,34797100
2019-05-02,179.93295288085938,181.5973212047022,178.74684980686246,180.65991080624622,44110100
2019-05-03,182.80258178710938,182.93649550064933,181.09995831688713,181.4251752504127,30386200
2019-05-06,181.68344116210938,181.93213388653834,178.64166598547814,178.9190680583989,38371800
2019-05-07,178.14430236816406,180.46866521835034,176.48949356684025,179.70343765529043,58818100
2019-05-08,177.69471740722656,179.03385458807503,176.91992985291418,177.5608036891417,37165300
2019-05-09,176.73812866210938,177.3503075431823,174.17461956321307,175.71463411340378,55351700
2019-05-10,176.95816040039062,177.80947204768606,173.16073276361803,176.10684875309516,58526400
2019-05-13,170.8172607421875,173.380756111166,170.31986067227348,172.45292012875942,67185800
2019-05-14,172.69207763671875,173.7347073823641,171.0851127736187,171.71642665362353,43360600
2019-05-15,175.13116455078125,175.57117499980689,171.51548045301607,171.55374984623415,40944500
2019-05-16,176.8911895751953,177.98164842601463,174.99726315184745,175.20770104283034,39281200
2019-05-17,175.08340454101562,177.51300113148864,174.93037069394475,175.14080865360788,44702300
2019-05-20,172.12767028808594,173.30419878286827,171.54418606627556,172.64420496076946,38608300
2019-05-21,173.92596435546875,174.40422966538463,173.05551798850212,173.6103074994644,31613800
2019-05-22,173.15113830566406,174.15549815178713,172.89287100911912,172.95983514342532,24332600
2019-05-23,170.50157165527344,171.2381042703414,169.4398221539929,171.16158007437997,45351300
2019-05-24,170.41552734375,172.03206669795142,170.20508940441601,171.41988758229837,25903300
2019-05-28,169.77467346191406,171.85034374837326,169.75553875731217,170.89381285532275,24763800
2019-05-29,168.3781280517578,169.30596416425297,167.47898669775194,168.72247974913233,42178800
2019-05-30,169.0859375,169.56420285445284,168.1294067910943,168.82767012185536,30354800
2019-05-31,166.38848876953125,167.67023622299436,166.3119645729143,167.09632664161444,45446200
2019-06-03,162.72503662109375,166.38855182274838,161.91199409049383,165.93898111944458,75842300
2019-06-04,167.30679321289062,167.36418272131644,163.92066626076243,164.55198004444745,47797800
2019-06-05,168.5502471923828,168.93285355728332,166.79979461174338,168.90415880969064,34412700
2019-06-06,169.88938903808594,170.30069016261885,168.09110696031976,168.83719961056366,29913200
2019-06-07,173.17034912109375,173.86862719253,170.57815853451243,170.79815655655912,45888300
2019-06-10,175.18856811523438,176.81468176117068,174.28944163935552,174.32769644014897,41385300
2019-06-11,175.42771911621094,177.34078045704422,174.83467477111253,177.0155635320225,41260300
2019-06-12,174.413818359375,175.31295962495332,174.08860139814496,174.949473259166,27758100
2019-06-13,175.4468231201172,175.8772589273955,174.79638938387387,175.14074094879598,23715800
2019-06-14,174.70069885253906,175.15026927518898,174.0311305407715,174.5476504968509,22844100
2019-06-17,175.75296020507812,176.2407856191689,174.89207379753492,175.08337702293323,20379500
2019-06-18,178.306884765625,179.55993760149545,177.36947420516495,177.82861943312486,48177300
2019-06-19,178.97647094726562,179.3782121146909,177.50342000003965,178.54603502470292,31672900
2019-06-20,180.6408233642578,181.51125518377071,179.0242841922342,181.47300037888544,40922000
2019-06-21,180.37301635742188,181.5208503753842,179.9903952877668,180.43040586899477,39980400
2019-06-24,180.3787384033203,180.91557753577203,180.28286800348138,180.73343255273963,19375200
2019-06-25,177.2823028564453,180.35956130535862,177.01388329035703,180.25410971669757,33921100
2019-06-26,178.10675048828125,179.58307282840747,177.81916852519063,178.4614592890434,22595700
2019-06-27,178.7873992919922,179.20920568438441,178.29849531595787,178.7490599053068,19709200
2019-06-28,179.0175018310547,179.41053544775764,178.37521097260034,179.21880923486822,21179200
2019-07-01,181.4332733154297,182.68911142407103,180.58967507700524,182.44945000778995,31025600
2019-07-02,182.15220642089844,182.1713834245927,180.85804391300937,181.3757059906114,18035800
2019-07-03,183.5231170654297,183.5231170654297,182.4206658423936,182.61240666571888,15792100
2019-07-05,183.1492462158203,183.48476340174122,181.55789099690168,182.2672940123617,21415600
2019-07-08,181.86468505859375,182.01805725591151,181.1169279432206,181.96054085344576,17598800
2019-07-09,182.77536010742188,183.0054256726565,180.84847323196257,181.0018600272989,19193500
2019-07-10,184.59678649902344,185.1048674750675,183.55186635038723,183.88739814714253,28374500
2019-07-11,184.4625701904297,185.34452231821808,183.8777958349888,184.87479537267646,23736100
2019-07-12,185.5266876220703,185.53626881237355,184.49134858623512,184.66391240609337,20211900
2019-07-15,186.1210174560547,186.1593714674989,185.44038734449927,185.95804947684044,15606100
2019-07-16,185.16238403320312,186.0635131999019,184.5967866635587,185.89096402045934,20190900
2019-07-17,184.25167846679688,185.48833946269883,184.2325014593257,185.16238884677202,16765100
2019-07-18,184.4625701904297,184.81726435384192,182.80411752772812,183.37929606614497,28877000
2019-07-19,183.11085510253906,185.81424218899141,182.9191289454598,185.727967612471,29387900
2019-07-22,184.5680389404297,184.96108715293536,183.52311873156737,183.52311873156737,18954900
2019-07-23,185.77590942382812,185.7950864300593,184.33794113965416,185.57460205559488,23786700
2019-07-24,187.0796356201172,187.08923143546096,185.0473121435905,185.06648914651075,20422900
2019-07-25,185.30618286132812,186.4757315717548,184.95147407028406,186.44697337623364,23434700
2019-07-26,187.21389770507812,187.46315492939848,186.38946188231293,186.48533229593943,20431200
2019-07-29,186.57159423828125,187.10843341152997,185.39246429505494,187.0413358287591,20451700
2019-07-30,185.7663116455078,186.49487691176398,185.0089881863579,185.1431979624516,18705000
2019-07-31,183.19717407226562,186.38945094434067,181.4907861298046,186.26483696726467,41627500
2019-08-01,182.2864227294922,186.9166819134034,181.40447068890458,183.51348771011567,63251600
2019-08-02,179.60223388671875,181.1744118656774,178.5093786407081,180.91557349411016,55214000
2019-08-05,173.25599670410156,175.92103001749456,171.7892702628374,175.84433662234596,75040000
2019-08-06,175.681396484375,176.19907332672497,173.58197479902339,174.85696064058618,41897200
2019-08-07,176.6304168701172,176.8796594108302,172.45072229556976,173.7736576428369,49990600
2019-08-08,180.47457885742188,180.5321098691038,176.9371895968058,177.42609348784185,38418100
2019-08-09,178.7777862548828,180.22533554566266,177.3781575319805,179.61180307359666,33608900
2019-08-12,176.726318359375,178.2122073047734,175.9114637660263,177.6753681209171,24642900
2019-08-13,180.5992431640625,181.83588954612682,176.4099665923143,176.57293458822846,40241900
2019-08-14,175.20204162597656,178.26012302959205,174.87610567536257,177.69452571039088,51000500
2019-08-15,175.00076293945312,175.9977479599001,173.66824609690406,175.43215054803335,36685000
2019-08-16,177.80955505371094,178.26011958817796,176.4866342715324,176.59208585678573,32781400
2019-08-19,180.6375732421875,181.02104023731485,179.7460399055855,180.37874947671799,22494100
2019-08-20,179.2379150390625,180.8388509537362,179.18997984794015,180.18697916332533,19902900
2019-08-21,180.82933044433594,181.40450904750693,180.18703962552067,180.8101534358988,20418500
2019-08-22,180.24453735351562,181.62498926257464,178.82573143155497,181.164828874375,24243700
2019-08-23,174.54061889648438,180.65676813982037,174.05170025774933,179.01749228509075,55372400
2019-08-26,177.1768798828125,177.22480045872123,175.50883133806298,176.52499329387103,27598900
2019-08-27,176.80303955078125,178.7107499768868,176.11282802578228,178.41357211651,28012800
2019-08-28,177.4356689453125,177.73284667111506,175.3458290491736,176.22778103882771,21792400
2019-08-29,180.1486358642578,180.66631255471447,178.95991034151243,179.6405549892558,25358900
2019-08-30,179.71725463867188,181.1552227413159,178.7010928532463,181.11686873369533,26319800
2019-09-03,177.97251892089844,179.43924526428412,177.37816343287164,178.5189538394535,27964200
2019-09-04,180.54171752929688,180.6951043274031,179.17084679134908,179.68852357801504,21592100
2019-09-05,183.8489990234375,184.37625687706736,182.46854741675816,182.53565961075049,33932600
2019-09-06,183.66685485839844,184.22287090390247,183.2642255760197,184.15577333738943,19487800
2019-09-09,183.28347778320312,184.31881691746875,182.35359026338415,184.24212350443727,24407600
2019-09-10,182.7561492919922,182.8520196782843,181.09769692906272,182.29600361887796,23744700
2019-09-11,184.47216796875,184.56803838099242,182.6795053564317,183.10131176586452,25063600
2019-09-12,185.23907470703125,186.65788064671688,184.98983213113684,185.60336469529784,28689900
2019-09-13,184.57757568359375,185.40201129842833,184.33791433774377,184.97062380145195,27669800
2019-09-16,183.753173828125,184.13664082859663,183.20675346563723,183.38889846238996,20319000
2019-09-17,184.6350860595703,184.6350860595703,183.37924846034088,183.77229653427298,20953400
2019-09-18,184.5584259033203,184.63511929455845,182.24808686099064,184.25165233836776,29781300
2019-09-19,184.8651885986328,186.0155602350535,184.51049445624344,184.88436560377437,26039400
2019-09-20,182.9095458984375,185.3157405950298,182.29601342535824,185.12401443989904,29086100
2019-09-23,182.99024963378906,183.53778655007187,182.24099939054713,182.85576919672687,22485900
2019-09-24,180.55995178222656,184.2293542329539,179.77227033326935,183.82591299956079,40820700
2019-09-25,182.58677673339844,183.0670660194215,178.86934234990503,180.3774430862392,34704900
2019-09-26,181.9144287109375,182.50998291221936,180.56960951616958,182.3466862653282,26826000
2019-09-27,179.65707397460938,182.34669787816506,178.42753413137325,182.25063412339586,40773500
2019-09-30,181.36688232421875,181.65505889796285,180.0124626877101,180.3870878363966,26307700
2019-10-01,179.8875274658203,183.07664024539486,179.58975049639847,182.0296132699233,32367600
2019-10-02,176.7945098876953,178.69645157976666,175.8051150148275,178.667635391801,48544300
2019-10-03,178.7349090576172,178.86938950686732,174.65244905012514,176.77532004595,39392500
2019-10-04,181.36688232421875,181.62624270631537,179.51297226097438,179.70508509104732,31887600
2019-10-07,180.81936645507812,182.26023471776242,180.50237367841518,180.8481826477502,21216000
2019-10-08,178.1105499267578,180.45436494645983,177.9664689449203,179.68589884302563,32379300
2019-10-09,179.8491668701172,180.66566472324038,179.08070088904879,179.6186373358853,20147400
2019-10-10,181.24197387695312,181.9624078693441,179.74347351794262,179.89716962073012,25177700
2019-10-11,183.57620239257812,185.03628617190788,183.20157727270774,183.30724151971057,40976700
2019-10-14,183.55699157714844,184.14294520654917,183.13433457793892,183.31684688734927,14975000
2019-10-15,185.8912353515625,186.32349293096706,184.00849423284512,184.1237590120807,23234200
2019-10-16,185.4301300048828,185.90081890594303,184.84417633510162,185.25723285180132,20457100
2019-10-17,185.92002868652344,186.83257561023527,185.2091951016722,186.54439904030806,19045200
2019-10-18,184.13336181640625,186.03530383242418,183.1919986489002,185.583830601042,27700800
2019-10-21,185.76629638671875,185.89117629606508,184.56557312690046,185.11310996886544,15801200
2019-10-22,184.2870330810547,186.75571276681055,184.2293860458164,186.49635240867647,22392300
2019-10-23,184.6424560546875,184.68087275706168,183.6146297146314,183.91242145142508,14828400
2019-10-24,186.43870544433594,186.55398484852535,185.14193306965694,185.9584161224696,18998500
2019-10-25,187.92764282226562,188.02370656873958,185.43974715565054,185.4781638598782,21507100
2019-10-28,189.78160095214844,190.03134621669722,188.8018062635346,188.8018062635346,18818700
2019-10-29,188.31187438964844,189.75274268825214,188.28305819625797,189.46458075434762,18569700
2019-10-30,189.22439575195312,189.5413884690305,187.5914003020515,188.67685887956483,21764300
2019-10-31,189.3108367919922,189.85835898535908,188.2157777479918,189.77191042702745,26801800
2019-11-01,191.03028869628906,191.03990386430874,189.83918044331378,190.12734233853791,22131900
2019-11-04,192.21177673339844,192.62481848089095,191.03025454513113,192.29822528651096,19015900
2019-11-05,192.31747436523438,192.64406761633995,191.68348888442827,192.45195480141126,15048900
2019-11-06,191.88522338867188,192.1157675863927,190.9534607432963,192.09655190559852,19725500
2019-11-07,192.52877807617188,193.76793278323902,191.97165533935913,192.84577079990376,17832400
2019-11-08,193.29725646972656,193.31647214863364,191.6738760478869,192.18299626667957,15258800
2019-11-11,193.03790283203125,193.11473622996633,192.05810844977927,192.31746880393052,10147600
2019-11-12,193.5950469970703,194.23864769842962,192.90344373827645,193.20122082433465,14778300
2019-11-13,193.64309692382812,193.82560925998257,192.79779745881342,192.9226627488632,15774600
2019-11-14,193.48936462402344,193.61424454800726,192.32707258035344,192.91302618611647,16945400
2019-11-15,194.91102600097656,194.91102600097656,194.0368958731109,194.66126616029058,18427900
2019-11-18,195.0647430419922,195.372120634779,193.81598767636072,194.60365466690814,18365900
2019-11-19,195.35287475585938,195.80434789254411,194.6036245837585,195.80434789254411,16923300
2019-11-20,194.18093872070312,195.42969370735614,192.71125478216422,194.8437402336255,36629000
2019-11-21,193.74874877929688,194.10417291645842,193.1435940780313,193.96967780809953,17883600
2019-11-22,193.87359619140625,194.3442850198827,192.82656895093083,194.22900561166898,17189600
2019-11-25,196.16937255859375,196.20778925529504,194.6804727235642,194.7092889104069,17752800
2019-11-26,196.5440216064453,196.79376680861864,196.00609984344504,196.29427640427195,14780600
2019-11-27,197.91766357421875,197.92727874355472,196.8130037385881,197.05314845566176,16963100
2019-11-29,197.01470947265625,197.71592786318521,196.9186457337811,197.41815079284834,9854600
2019-12-02,194.9974822998047,197.09153689689512,193.82557507596331,197.02430400753673,28007000
2019-12-03,193.47019958496094,193.54704765576122,191.3761299631477,192.31750783749817,31104100
2019-12-04,194.44996643066406,194.91105482445434,194.1714050178602,194.45958159966167,15300100
2019-12-05,194.83419799804688,195.14157558948258,193.883219718044,195.14157558948258,14962300
2019-12-06,196.91864013671875,197.06272108366758,196.10214235129337,196.25583846621763,16555300
2019-12-09,196.0253143310547,197.48538349110228,195.93885110324413,196.5632360907847,13984100
2019-12-10,195.86196899414062,196.80334656728348,195.4201110500064,196.12132931794662,21799800
2019-12-11,196.89944458007812,197.10117258369024,195.99649813420726,196.30389039546958,18780800
2019-12-12,198.3690948486328,199.14717587945043,196.42873649840774,196.69769735204818,32612000
2019-12-13,199.0223388671875,199.71395682772152,197.8408309584712,198.26347335011275,32519400
2019-12-16,201.0203094482422,201.27005463461376,200.2614440641703,200.32869160892483,21296600
2019-12-17,201.13558959960938,201.44298184384525,200.799381164635,201.27967055330186,15996100
2019-12-18,201.28929138183594,201.84642884722805,201.07796287229863,201.30850706195827,15443300
2019-12-19,202.54763793945312,202.6148708308799,201.35651500032137,201.37573067955844,17865900
2019-12-20,203.36412048339844,204.1421868755069,202.94146351552035,203.5082014236898,27672600
2019-12-23,203.90130615234375,204.2286074987485,203.72803415332257,204.08421416623082,23774700
2019-12-24,204.0072021484375,204.1708528237704,203.54512878931834,204.0842168231319,7089000
2019-12-26,205.8073272705078,205.82658460704587,204.30557817950617,204.3344568397913,17067500
2019-12-27,205.634033203125,206.54855828827795,205.08530933860786,206.52930095381006,18134100
2019-12-30,204.286376953125,205.6533543436165,203.27557957106492,205.52820366430953,21815500
2019-12-31,204.67140197753906,204.81579528450203,203.3140461359092,203.6317261002722,18170900
2020-01-02,208.0888671875,208.0888671875,205.9902579449058,206.3945739224965,30969400
2020-01-03,206.18276977539062,207.4246109553394,205.31638056676368,205.3356379037904,27518900
2020-01-06,207.5112762451172,207.54015491021366,204.31524823238857,204.56553489290675,21655300
2020-01-07,207.48240661621094,208.06963064715757,206.82780392678688,207.5882999558586,22139300
2020-01-08,209.04190063476562,209.99494063359947,207.12621400096043,207.4535153257553,26397300
2020-01-09,210.81321716308594,211.21753317284433,209.58101179361842,210.7650811571285,23547000
2020-01-10,210.27407836914062,211.66031284411704,209.8986410895882,211.64107019627426,21898500
2020-01-13,212.6999969482422,212.72887561017035,210.80355314005448,211.14049044794262,22756900
2020-01-14,211.86251831054688,212.95033037063425,211.53521696666027,212.59413567141934,24418100
2020-01-15,211.94911193847656,212.94065178670863,211.25599470819185,211.97799059898475,25742100
2020-01-16,213.98036193847656,214.01887661802502,212.5556272651574,213.00807927105038,18805000
2020-01-17,215.03929138183594,215.21256336951552,213.82632871189446,214.943019373761,24325200
2020-01-21,214.94300842285156,215.4820963868952,214.34616313252403,214.44242044664878,21146300
2020-01-22,215.510986328125,216.7431916501498,215.24144233199746,216.03083166997536,20736400
2020-01-23,216.20408630371094,216.30035830419158,214.3846571313682,215.38583305580516,26496100
2020-01-24,214.38465881347656,217.44592924643237,213.39311889473478,217.21488525689296,37436500
2020-01-27,209.95643615722656,211.09236944455108,209.07077483169581,209.5424841584409,42264400
2020-01-28,213.1813507080078,213.67231739217365,210.8805906940185,211.43893603364953,26731900
2020-01-29,213.5278778076172,214.60605364802205,212.58447394726292,214.36538834871425,28924500
2020-01-30,214.28842163085938,214.38467895209246,211.48707358685505,212.15131226626292,39568100
2020-01-31,210.89022827148438,215.21256831716073,210.1393389071386,215.18368965188355,52015800
2020-02-03,214.07662963867188,214.56758162518346,211.7758696650221,211.92026298780607,25408600
2020-02-04,218.97657775878906,219.3520150965256,216.2618657097352,217.00311905979584,30691200
2020-02-05,219.69857788085938,221.6527792765561,218.37973651139174,221.6142792851392,38534800
2020-02-06,221.59498596191406,221.652743284184,219.46749822768984,220.24725145642293,22467100
2020-02-07,220.6419219970703,221.8356270535343,220.00656214335356,220.6034220161069,25884900
2020-02-10,223.30856323242188,223.3181845582399,219.85261237668485,219.91036970968705,21478900
2020-02-11,223.34706115722656,225.2820199291705,222.75983712872844,224.54076655472767,30198000
2020-02-12,225.52267456054688,225.62856789472264,224.10756122612838,224.665906561869,24471300
2020-02-13,225.23385620117188,226.15800278500447,223.68397098484598,223.9535149625509,22773200
2020-02-14,225.87884521484375,226.09063187443948,224.82954793078483,225.59004388911814,23438500
2020-02-18,225.96548461914062,226.3890579447303,224.54074999683095,224.78141532373002,24394500
2020-02-19,228.13148498535156,228.6031943398197,227.04368763707714,227.3132316427599,22230500
2020-02-20,226.01365661621094,228.10263022368954,223.221944255205,227.6309355088368,42604000
2020-02-21,221.6719970703125,225.27234053187954,220.75747187458455,224.88728193021853,66017200
2020-02-24,213.12362670898438,215.87683915827503,212.03581452465892,213.4027920779363,84522600
2020-02-25,207.328369140625,215.6265199218146,206.7219024819188,214.91414523856622,97743000
2020-02-26,208.39691162109375,212.0550274551949,206.8759050225816,208.61833429356105,79537700
2020-02-27,197.96168518066406,208.33917366018667,197.82691317530848,203.0252787407927,121822600
2020-02-28,198.11569213867188,199.4345333769781,190.77058195419983,191.22303392584632,148173700
2020-03-02,208.3391571044922,208.48356511314225,198.25047077787218,201.0806973544826,112933900
2020-03-03,201.6582489013672,211.4100108246739,199.86769861642816,209.0033580056184,131953500
2020-03-04,210.07199096679688,210.17788431797848,203.47775390213445,205.3549555539038,73086200
2020-03-05,203.68951416015625,208.2814129720825,202.2551581310623,204.74844753449452,78705500
2020-03-06,200.25282287597656,201.34062023865172,195.33362267357404,197.02790140158754,89828400
2020-03-09,186.34234619140625,193.6489415918899,184.93685429584863,186.25569551477724,116424000
2020-03-10,196.4888153076172,196.67172332048196,186.44824945300695,193.60083116102874,100599200
2020-03-11,187.93075561523438,193.25427186687946,185.53372349306278,191.90655181167068,89168800
2020-03-12,170.6991424560547,183.65655788547446,170.33332638936233,175.29102718719963,137820700
2020-03-13,185.15829467773438,187.21838953654162,171.47888407514031,180.08507955180866,134882000
2020-03-16,162.9785614013672,177.78428224075182,162.8437894066201,167.6474599036412,92054400
2020-03-17,175.33909606933594,177.50508359254897,163.440604020924,168.91814815209628,121257100
2020-03-18,170.0059814453125,172.5281492023074,160.5718983230018,165.202296553107,114156300
2020-03-19,171.0264129638672,176.6387302000776,165.22156640222326,169.12996899580284,120896500
2020-03-20,164.32627868652344,176.04186478188208,163.74869072798472,174.9540675165637,118983900
2020-03-23,164.4449462890625,168.06261919939575,159.11007109457017,164.88870592266807,124639800
2020-03-24,177.17918395996094,177.3431833950466,171.67066653757124,173.5615103968468,94881800
2020-03-25,175.8671417236328,182.82271258391634,173.6290010211754,177.91232809492413,88754900
2020-03-26,185.12835693359375,185.91942839495096,177.1308953136619,177.38171531049974,79887600
2020-03-27,178.76124572753906,183.78739007400978,178.14383025924863,180.33371723814128,58845000
2020-03-30,185.26341247558594,185.69754494822178,179.7645532657839,180.45914755758488,49356900
2020-03-31,183.68130493164062,188.36016773929651,182.5236525554176,184.95473284972996,62659300
2020-04-01,175.8767852783203,181.0380045603474,174.477954685729,178.24998520367816,53715400
2020-04-02,179.44622802734375,183.39191468551573,174.5840818460189,174.84455843155314,56465300
2020-04-03,176.89939880371094,180.4688482906454,174.89279421614447,179.00248056889478,47487600
2020-04-06,189.54678344726562,190.675495755822,182.51403299538356,183.75850613958147,64763500
2020-04-07,189.46957397460938,195.50868507557513,189.08369477137842,195.22891014093685,69904500
2020-04-08,193.492431640625,194.07125042343827,189.2476869649236,191.15781397279812,45940400
2020-04-09,193.77220153808594,196.04892419321612,192.0067754575091,195.20962881995843,68252600
2020-04-13,195.8656463623047,196.24188378038906,191.73667659243273,192.94256764018388,42853900
2020-04-14,204.38404846191406,205.0014640471716,199.13600862705067,199.9174236171041,63959600
2020-04-15,202.03977966308594,204.35509904368442,199.81129561551657,201.12330551508464,47036000
2020-04-16,205.7250518798828,206.8055257536864,202.29067587784786,204.22010192126996,64657400
2020-04-17,207.69305419921875,208.87000523064845,204.596333728925,208.5420063452604,62863200
2020-04-20,205.2329864501953,208.2621837593495,205.06898705655595,205.8311036176268,38249100
2020-04-21,197.66000366210938,203.70875699876774,196.44447084168215,203.168520189689,72932800
2020-04-22,203.52545166015625,204.856759976232,200.97861056876033,201.72144351385245,40089100
2020-04-23,203.09133911132812,206.8730114526164,202.6861615090846,204.3165137465589,43278500
2020-04-24,206.294189453125,206.73796383493092,202.10733927501343,203.5254683224947,34231900
2020-04-27,207.9534912109375,208.98574098460935,206.93089798640045,208.5612649924583,36451700
2020-04-28,204.0367431640625,209.65137833959244,203.75698294826117,209.65137833959244,46862800
2020-04-29,211.2720947265625,212.20786728265963,207.54830287909775,208.56125422254138,48716400
2020-04-30,211.185302734375,212.27541829256774,209.68035297801296,212.18859766516618,43359500
2020-05-01,205.2329864501953,209.02430032042034,204.21037861636245,206.93087551406245,48795000
2020-05-04,207.62548828125,207.8473681017223,203.67015994573165,203.99817348249172,32841000
2020-05-05,209.97943115234375,212.37191522551913,209.1980159923388,209.76719311871872,37783100
2020-05-06,211.2720947265625,213.2401022826785,210.41350095781186,211.65797394294648,36455200
2020-05-07,213.99258422851562,214.8704616228657,212.64197757813062,213.99258422851562,38624800
2020-05-08,216.92529296875,217.0603521546101,214.62927208878122,215.6615217181276,31852300
2020-05-11,218.86439514160156,219.88698838665965,215.37213940575802,215.60367578440025,35714100
2020-05-12,214.28201293945312,220.05100636516602,214.25307273166106,219.4625309394779,41054100
2020-05-13,211.60011291503906,216.6841537545293,209.06292813022924,214.80296664173116,65521200
2020-05-14,214.0022430419922,214.0408250771921,208.3683238004577,210.27845103036063,51549300
2020-05-15,215.39144897460938,215.44932939218967,210.62576498915945,211.0598828413621,55747200
2020-05-18,219.4045867919922,220.61047758178333,217.51375827699377,218.29517315352297,42398100
2020-05-19,218.85476684570312,221.73926368654432,218.7100658003225,219.6651221405356,36237300
2020-05-20,223.22488403320312,223.58182304242948,221.38227913626724,221.40157751308575,37417000
2020-05-21,220.7938232421875,223.94843835442734,220.282526614009,223.27314230969628,43642900
2020-05-22,221.55593872070312,221.7585201594007,219.4721556005788,220.3886297897862,28762400
2020-05-26,220.95777893066406,225.32794077890404,220.71660076810772,225.12534464540408,33055300
2020-05-27,222.16368103027344,222.2794565640182,216.03776422232875,220.6201495437032,55665600
2020-05-28,221.87429809570312,225.2314944563368,220.96746572510492,221.02534613678586,42784300
2020-05-29,225.12539672851562,225.35693311746087,220.68771162267484,222.2505564874424,50691800
2020-06-01,225.8006591796875,226.1768965554922,223.8133533115732,224.2571276442303,25776000
2020-06-02,227.31529235839844,227.37317277383752,223.8230218499596,226.22516213312986,33383400
2020-06-03,228.3378448486328,229.09031955568474,227.04513340014336,227.9230107448058,37228700
2020-06-04,226.73646545410156,229.3990676853187,225.4340971868914,227.99059513357238,38716100
2020-06-05,231.23199462890625,231.82046997798105,227.31526333390107,227.88444030684366,47365600
2020-06-08,233.02639770507812,233.15180036888486,229.5148434318343,231.0873154069286,32937300
2020-06-09,234.71463012695312,235.5635673917598,231.98449110228037,232.16778889183445,35046300
2020-06-10,237.53158569335938,239.07513205434915,235.88192033604716,236.40287348902956,58084400
2020-06-11,225.7620849609375,234.99437844998297,225.7042045504025,233.61484626440375,72919400
2020-06-12,227.55641174316406,231.91690207629208,223.5625021865006,230.6531309314085,72034800
2020-06-15,230.32516479492188,231.00046076334,223.30205728267734,224.23782981046676,45307400
2020-06-16,234.28050231933594,235.76615350968348,230.66282942818094,235.177678130575,48890100
2020-06-17,235.02337646484375,236.83704161624664,234.1647824832364,235.7758514275849,34749300
2020-06-18,235.66004943847656,235.90122764649206,233.93321994603943,234.70497843540934,30578600
2020-06-19,235.62149047851562,238.28409285645162,233.89464609660467,238.02361624458638,49422100
2020-06-22,238.4471893310547,238.57281006462253,235.20011676944222,235.49002211302061,24068700
2020-06-23,240.4765625,242.7089217688039,239.490854995558,240.04168980734076,32767400
2020-06-24,235.51904296875,240.95015303819852,234.02113469542562,239.7228329340741,46032400
2020-06-25,237.7610321044922,238.06061077313754,233.03538357528126,235.60598561260514,36940800
2020-06-26,232.1463165283203,237.69340305450055,231.62445742433064,237.51944510452128,52824600
2020-06-29,234.67828369140625,234.6879570345641,229.37280887212222,231.90474745989056,34377800
2020-06-30,239.27830505371094,239.81948140004152,234.42702038461988,234.6106369476855,38909200
2020-07-01,242.0711669921875,243.06654804946376,238.775771775483,239.31694810806633,34689200
2020-07-02,243.71400451660156,245.72409837734443,243.25014123979867,244.51611034175,31956500
2020-07-06,249.70565795898438,250.22748760005902,246.84512081608884,246.86445275514865,34589000
2020-07-07,247.9854278564453,252.11193376369474,247.6858491900228,249.45436014795675,36578200
2020-07-08,251.25180053710938,251.28079106595806,247.87910788285308,249.30937612046645,30426300
2020-07-09,253.3682403564453,254.03505212433237,248.97117561865883,253.16530662027412,40312900
2020-07-10,255.0980987548828,255.3493697196209,250.54640780596472,253.22329884544615,32885300
2020-07-13,249.8505096435547,260.7223984831561,249.02907214396316,257.93919022151636,64108100
2020-07-14,251.6190643310547,252.024961276459,244.26483277962885,247.32828858544156,72230500
2020-07-15,252.13124084472656,253.8610878593374,248.83584615432338,253.02997680795647,54523900
2020-07-16,250.4110565185547,251.0488776726504,247.0286903780391,249.34802126172846,47594100
2020-07-17,250.70106506347656,251.56113737072818,248.52668619062234,250.8653349517388,35137900
2020-07-20,257.8136291503906,258.44177701059385,250.09217930922563,251.3388016882477,40610100
2020-07-21,255.12696838378906,259.38875196286244,254.28621377486198,259.3790786251422,43243800
2020-07-22,256.0258483886719,256.95360457640516,253.7258340975872,255.619980861951,29865500
2020-07-23,249.33836364746094,256.32534644289126,247.9274126154365,255.61990041876967,51363500
2020-07-24,246.97073364257812,248.29468380070477,242.87324769475924,245.50181607372636,54054500
2020-07-27,251.37747192382812,251.76402219435963,247.83083558953513,248.61360947222738,36445700
2020-07-28,248.17874145507812,251.11657682700226,247.8888361024102,250.5947177003025,31302400
2020-07-29,251.03921508789062,251.89931667086722,249.24174316088272,249.71526500343768,27556900
2020-07-30,252.35354614257812,252.9140396342854,247.92746130972114,249.07746831922572,41774500
2020-07-31,256.85699462890625,257.01162068127,252.08302217032673,256.97295679520306,53686300
2020-08-03,260.32623291015625,261.0703428503079,258.8669740683068,258.9926095304385,32081600
2020-08-04,261.2926025390625,261.38924746318963,259.07956059167935,259.82367047286675,24911300
2020-08-05,261.9400634765625,262.39426807028883,260.8867016510886,261.7757936507683,21612100
2020-08-06,265.4094543457031,265.7380235188245,261.1090055811203,261.7468267378474,28048200
2020-08-07,262.3460693359375,265.64146497137733,260.20068092633954,264.868334760949,44969400
2020-08-10,261.2250061035156,262.8388911680453,257.70736012153776,262.6359279347779,35088400
2020-08-11,256.2770080566406,261.35055638014745,255.73583192815087,260.0652409560689,43104300
2020-08-12,262.7228698730469,263.6699430456665,258.38378658150805,258.43212379478376,38773400
2020-08-13,263.3221435546875,265.59313806305636,262.38474341380515,263.4960867993288,31895700
2020-08-14,263.0128173828125,264.21113205316004,261.6212128338113,263.94054391818173,30799500
2020-08-17,266.0665588378906,266.5690711283914,263.05142611110864,264.7232622942126,24803000
2020-08-18,268.6275634765625,269.1010853753625,265.67041096082534,267.1296700261357,23529500
2020-08-19,266.8203430175781,269.642185916782,266.3081573856884,268.5888241263631,31999400
2020-08-20,270.5216979980469,271.0048932702151,265.62209086020533,266.02798786526216,27723400
2020-08-21,272.3965148925781,272.8507196562372,270.0675099973816,270.71500467864485,34748900
2020-08-24,274.0973815917969,276.3877226869671,271.81668434852105,275.6629297078929,36418500
2020-08-25,276.25225830078125,276.4455481164655,272.8795663078531,273.3240974936646,34866600
2020-08-26,282.1473083496094,282.39857926912845,276.2233309949189,277.49897328985776,42216700
2020-08-27,281.26788330078125,283.97379381939345,279.00653355161637,283.12336564188365,49482700
2020-08-28,282.69818115234375,283.3263290108986,281.1519506215127,282.50489127652946,28021000
2020-08-31,284.9692077636719,286.7763531049731,282.78515600775756,283.2200434874042,36321000
2020-09-01,289.83984375,289.9558058881011,285.8486463762724,287.6171279661076,36216200
2020-09-02,292.5843505859375,293.29947000455604,286.911643973745,293.08686294876503,50836800
2020-09-03,277.7502746582031,288.58350302844633,274.8511033929113,288.0809906262113,110083300
2020-09-04,274.04901123046875,279.21920642113605,262.66493206189256,275.9624750809595,123959000
2020-09-08,260.8770751953125,268.86911241785384,260.59681374852715,263.0707705753225,99568600
2020-09-09,268.5405578613281,270.63760842633246,263.82456818747903,266.3758528930931,64837900
2020-09-10,263.1867370605469,272.71536098233287,261.46656346506194,271.4976997377912,69667500
2020-09-11,261.3602600097656,265.9699309751441,257.92955686018064,264.9358863094109,71809000
2020-09-14,265.9119873046875,267.9027491790809,263.7859166175224,265.1388572857662,38525200
2020-09-15,269.6808776855469,271.02417437323385,265.88297084338143,269.6518871559079,41849900
2020-09-16,265.38043212890625,270.9371764795811,265.0325457691461,270.47332799990096,42321000
2020-09-17,261.2347106933594,265.177571313958,257.7170347987162,258.55778989114464,81570800
2020-09-18,257.90057373046875,262.94513225830894,253.80308831036103,262.65522696609054,86251100
2020-09-21,258.5191345214844,258.65441385696874,251.36782116077168,253.64851809798813,57168600
2020-09-22,263.3221435546875,263.90195437015853,257.5817805462991,260.91581070287015,41128900
2020-09-23,255.28172302246094,263.1867903893421,254.4023041111969,263.00317383139145,48837300
2020-09-24,256.4703674316406,259.6691173588937,252.4405064083363,252.60480575598547,70631700
2020-09-25,262.43292236328125,263.24468659847395,255.41692002012377,256.9728235898263,55242400
2020-09-28,267.88348388671875,267.88348388671875,262.53934509288297,267.28429694651027,58438300
2020-09-29,266.6754455566406,268.3762726245199,266.1149226031265,267.3229106161718,27050000
2020-09-30,268.50189208984375,271.64266073652465,266.598101915103,266.8686900342182,49380800
2020-10-01,272.7637023925781,273.37253309004967,270.43469788715163,272.3191710467639,50020200
2020-10-02,265.0905456542969,272.75401437277986,264.2497907332789,266.74306496429404,75497400
2020-10-05,270.743896484375,271.06279229103865,266.94598987283973,267.05227864443094,28184600
2020-10-06,265.9119873046875,271.73932026553695,265.0325684973553,270.0578103987121,49704200
2020-10-07,270.511962890625,271.3043804558178,267.9606785581341,268.550191927096,27539700
2020-10-08,271.9519348144531,272.97630631229185,270.88889944163117,272.90865190404514,25443300
2020-10-09,276.107421875,276.18474963056843,273.2082503710338,273.59480067318304,30201100
2020-10-12,284.6309814453125,287.4624984194463,279.74104806948463,280.784736791468,79370700
2020-10-13,284.62127685546875,287.06624327495626,283.2586629153269,286.42845159325793,64240000
2020-10-14,282.2439270019531,286.389749328572,280.50443639218156,285.42335910272357,36949100
2020-10-15,280.349853515625,280.939337487908,276.90950614206577,277.5473273282057,42514200
2020-10-16,278.8133239746094,283.4133225579384,278.4654080695763,281.99272738717144,40570700
2020-10-19,274.26165771484375,281.68356040299943,273.28562320201286,280.7268135943955,36756800
2020-10-20,274.8511657714844,277.9532714716513,273.4402436932252,274.9961184692675,32195400
2020-10-21,274.6385192871094,277.6633262788834,274.1553240358202,275.1023973454302,29306100
2020-10-22,274.6287841796875,276.36830438824296,271.38172697740964,275.4695390091383,32196200
2020-10-23,275.16998291015625,275.33428224853037,272.309475689384,275.1989734414113,24658500
2020-10-26,271.0435485839844,275.71120178918295,267.4582480355334,272.8893580043621,38421100
2020-10-27,273.159912109375,273.9813498420594,270.78259999958595,272.03889571411895,30559100
2020-10-28,262.5103454589844,269.27507936827647,262.2590744763743,268.6662485977363,53413500
2020-10-29,267.1006774902344,270.0964643686435,263.3607215795069,263.824599624501,43246300
2020-10-30,260.32623291015625,265.989266111691,258.09387359780874,265.1195207094076,65838300
2020-11-02,260.9061279296875,264.3271291982488,257.9972829744233,262.71327351609733,39987400
2020-11-03,265.4191589355469,267.51623940766655,261.7372132955642,262.81956599398757,43604100
2020-11-04,277.2671203613281,279.0645926549374,272.3965036591907,274.05869660957654,75728200
2020-11-05,284.49566650390625,285.46205684443345,282.1859794339378,283.6645554752687,52054200
2020-11-06,284.7082214355469,285.4330141333295,280.08887715468785,283.8384760965858,40959800
2020-11-09,278.8906555175781,289.0860938892739,278.43645076273805,287.64615186245305,86537100
2020-11-10,273.89434814453125,277.02544323730973,271.1884376455342,275.58553114694524,69024900
2020-11-11,280.0212707519531,280.4947925750533,273.85569574340076,276.41662421306324,36102900
2020-11-12,278.7070007324219,282.25366667118294,277.5956576099085,280.98769753717005,34414600
2020-11-13,281.1519470214844,281.77045102265487,278.1947948091362,280.41751038496193,24806900
2020-11-16,283.34564208984375,283.6452207175008,280.24350805472454,280.8523386502506,30168400
2020-11-17,282.4469299316406,283.8675250915629,281.80910868719633,283.53895587325457,21843500
2020-11-18,280.35955810546875,283.5100008460127,280.2725864919562,281.89614508655745,28069600
2020-11-19,282.5531921386719,282.8624441034292,279.1418356618987,279.80864730820457,22718400
2020-11-20,280.6204528808594,283.2200454515072,280.53348128270585,282.47590595859106,25907300
2020-11-23,280.63006591796875,282.9107326467343,278.3880335632616,281.6157733104522,26875600
2020-11-24,284.5729064941406,285.0657749043103,279.8955817426043,281.6930532518802,24516800
2020-11-25,286.3221740722656,286.9599953366419,284.6889717798242,285.63604508000066,23326800
2020-11-27,288.96038818359375,290.0814045293684,287.8876795585941,288.28390314138545,17163100
2020-11-30,289.54986572265625,289.88810823626227,284.87254006825106,289.2792776101499,27836200
2020-12-01,293.2608642578125,294.8844227746876,290.7192524254335,291.82095179431667,27521300
2020-12-02,293.63775634765625,293.975998917608,290.2553896319331,292.09152566494623,23620000
2020-12-03,294.0531921386719,295.5994222690374,293.3283995299274,293.9469033788283,22828700
2020-12-04,295.2515869140625,295.3965690688171,293.42512437823916,294.10157996888324,19332100
2020-12-07,296.92352294921875,297.2907561096503,295.25165653163896,295.4352731118547,20851000
2020-12-08,297.9284973144531,298.2280759717015,294.7007569972105,296.4499212186519,18341500
2020-12-09,291.1831359863281,297.9961776074339,290.1201004766501,297.7159455804409,48839300
2020-12-10,292.3523864746094,293.47340277519385,288.07128447188796,289.15363690227525,27519500
2020-12-11,291.7049560546875,291.83059152880014,288.43855169534044,290.6999017536818,26760400
2020-12-14,293.8213806152344,295.76380549706323,292.825999563861,292.8936244861092,28804800
2020-12-15,296.9620361328125,296.9620361328125,293.8888930556222,296.0729442223295,25709000
2020-12-16,298.5953063964844,299.3780802348846,296.31460979317626,297.35832790563893,25461900
2020-12-17,300.54742431640625,300.77934858265223,298.9915498771804,300.18986457531184,23730500
2020-12-18,299.6390686035156,301.49455154140685,297.2713998246905,301.18529946977486,41173400
2020-12-21,299.0784912109375,299.6109575846126,293.9279677919338,296.69684020761105,37095500
2020-12-22,299.89166259765625,300.8113797312623,297.074365952245,299.9787918285022,26176300
2020-12-23,298.3814392089844,300.2983418646353,298.22653291084043,299.94013397627043,21201300
2020-12-24,299.6981201171875,300.1434572907375,298.56541020147336,298.6428485834726,16785000
2020-12-28,302.71868896484375,303.19309872265205,300.47259202219556,302.3023949194107,22497700
2020-12-29,302.9897766113281,304.66467326455717,302.0894114503533,304.0450480707538,25871900
2020-12-30,302.99945068359375,304.4710161192308,302.37982552415474,304.1515422088258,18138100
2020-12-31,303.7449035644531,304.22897463129027,301.8280010488041,302.902624635413,21611400
2021-01-04,299.45611572265625,305.2456177629367,295.45768298564667,305.071329680919,45305900
2021-01-05,301.92474365234375,302.1958517702346,298.46849923876596,298.46849923876596,29323400
2021-01-06,297.74249267578125,301.944226732957,296.23219304399856,297.21968755851543,52809600
2021-01-07,304.9453125,305.77790025995483,300.36599118422015,300.39503425618733,30394800
2021-01-08,308.8663635253906,309.21491003430316,305.042190529325,307.2302010628528,33955800
2021-01-11,304.4032287597656,307.08497153497416,303.7545606025091,305.9135279564242,32746400
2021-01-12,303.9191589355469,305.52624870479366,301.28581143319,304.44193435888496,29266800
2021-01-13,305.9715576171875,306.765411477314,303.58024607313826,304.18048929105964,22898400
2021-01-14,304.33551025390625,307.41419539720755,303.8611004791803,306.41701010065316,23500100
2021-01-15,301.92474365234375,305.08089596114627,300.6855230999575,304.1224448556124,35118700
2021-01-19,306.329833984375,306.83325722127717,303.14463832144224,304.23864358090657,24537000
2021-01-20,313.455322265625,314.39442118013466,306.42663149113145,309.9409916510527,30728100
2021-01-21,315.9628601074219,316.7083484771748,313.4166710531678,314.791416370408,25130600
2021-01-22,315.0527648925781,316.05961124320964,314.3653628386491,314.9269017124123,21609400
2021-01-25,317.65716552734375,319.7967813480416,311.17062964738153,318.4316971181029,39080600
2021-01-26,318.12176513671875,319.2545042371562,316.795415370245,318.37349150244887,25498100
2021-01-27,309.25360107421875,315.8756890037456,307.249539984331,315.86602767429855,55264000
2021-01-28,311.0833740234375,316.0209038070122,309.83446265307134,310.4540876739916,42836300
2021-01-29,304.5387878417969,310.50254694314407,302.79614381568024,309.39885072667784,55259000
2021-02-01,312.1483154296875,313.23262959927894,305.95218381143036,307.9755967788546,35646000
2021-02-02,317.2408752441406,318.39296699369066,314.9463826229667,315.11097982091366,33930800
2021-02-03,315.98223876953125,319.6805488631782,315.92415260432034,319.3126501199401,24824500
2021-02-04,319.71923828125,319.8063675249799,316.0596623178328,317.3763509400177,22350900
2021-02-05,320.8035888671875,321.8104650393647,319.0319016209477,320.66806432122735,22732000
2021-02-08,322.952880859375,323.1077871658272,320.8520287085858,322.4881914853754,20462800
2021-02-09,322.885009765625,324.14358239894085,322.013658432188,322.02334930555594,17597500
2021-02-10,322.14923095703125,324.7728873451711,319.00276964790925,324.3178594509611,28068700
2021-02-11,323.92095947265625,324.32759214036884,321.5393382627716,323.6789239561336,22046100
2021-02-12,325.73138427734375,325.89595187020984,322.0330747855263,323.0786551345279,20346800
2021-02-16,324.8504333496094,327.41600420174075,323.6886509226213,326.5253004016693,27080800
2021-02-17,323.291748046875,324.9666448461372,319.6515531246379,321.8782685751344,31360300
2021-02-18,321.8782043457031,323.2335973731667,317.89912496129534,319.7095755017615,32236200
2021-02-19,320.474365234375,323.3497482551594,319.45782791752555,323.22388506357134,39157700
2021-02-22,312.167724609375,317.35695180968463,311.96442305180517,316.0983789642612,47256900
2021-02-23,311.23822021484375,312.90342520552593,301.0920840454149,306.9009345414679,97241900
2021-02-24,313.8039245605469,314.1137371441251,305.8941900752673,308.5856241112255,58206300
2021-02-25,302.8638610839844,313.70706373976833,301.3245187872966,311.1511841201916,110182600
2021-02-26,304.1322021484375,308.9438404755262,300.9760491503722,305.78771702281585,104739800
2021-03-01,313.2810363769531,313.6198919537279,307.8110405073471,309.0986562446758,49164500
2021-03-02,308.25640869140625,313.9974836940551,308.0047118607735,313.92004533355646,48370000
2021-03-03,299.31085205078125,308.10157040167365,299.25276588125433,307.16247126718065,86301100
2021-03-04,294.4119567871094,302.09900581292595,290.5490505272397,298.9428537741916,139131600
2021-03-05,298.8460998535156,299.7464649262253,287.9738828516121,297.02598795684276,121523700
2021-03-08,290.384521484375,300.18211405491843,289.96822750430505,298.3039161618704,88409800
2021-03-09,301.83758544921875,303.73516482023393,297.1421209339256,297.6745871535942,80391100
2021-03-10,300.97607421875,306.387985973286,300.2887014783937,306.0878642326224,76798100
2021-03-11,307.90789794921875,309.66989398051334,304.8195225253842,305.7101966431199,53484800
2021-03-12,305.4101257324219,308.0918984967529,301.4698094897482,303.86109232570243,69315600
2021-03-15,308.6727600097656,308.8373571812603,304.09346638127744,305.72962903843666,42955700
2021-03-16,310.3670349121094,313.87173473626626,308.9342032661756,310.8607969227256,54925900
2021-03-17,311.6449279785156,313.53281684257354,305.6230830912627,307.3367134727356,78258700
2021-03-18,302.0989990234375,307.7529440294136,301.6439711602596,306.77511128090794,82718100
2021-03-19,303.1640930175781,304.70343572412764,299.794947188209,301.9345333915486,78446200
2021-03-22,308.849365234375,310.914117396103,305.5535301852278,305.5535301852278,56194800
2021-03-23,307.50189208984375,311.2533289990368,306.6876292367578,309.93500711765904,53455400
2021-03-24,302.3157958984375,308.9074942979724,302.17039709475154,308.8687114227675,64803700
2021-03-25,301.7923583984375,303.3045948439506,297.97308794522104,300.4740363467963,78729000
2021-03-26,306.3193359375,306.63921336688196,300.1832685852541,301.5791269506835,63519600
2021-03-29,306.23199462890625,307.2788954499106,302.89737781731935,305.7860951665027,54608000
2021-03-30,304.6907653808594,305.2626870898659,301.9959322932917,304.2739455970751,44635700
2021-03-31,309.3534240722656,310.91408735554086,306.1351255168878,306.47440914710774,55032500
2021-04-01,314.626708984375,314.7624046599102,312.92061763938574,313.1726619288036,55685600
2021-04-05,320.9083251953125,321.6741319567959,316.86608903420387,317.10843032481586,42172500
2021-04-06,320.68524169921875,322.63364465762453,319.90973217862893,320.5980024249018,33537200
2021-04-07,321.4607849121094,322.2944541130064,319.2797138768823,320.2102959020985,32046400
2021-04-08,324.8147888183594,324.99897052229124,323.51584335771946,324.31072970282855,29940800
2021-04-09,326.7826232910156,326.9862112419978,322.7210111279812,323.45770841704103,36664900
2021-04-12,326.3560485839844,326.7728683332673,324.47547857249293,325.74534404855524,25833000
2021-04-13,330.16571044921875,330.63098669592097,327.66473229251113,327.87799376647325,30374000
2021-04-14,326.2009582519531,330.5340200904296,325.3866953700291,330.40799793322714,42564300
2021-04-15,331.14471435546875,331.5324839641165,325.91985316308563,329.07028894600836,36342800
2021-04-16,331.53253173828125,331.7457932207016,329.66163481322775,331.6682274547277,40860100
2021-04-19,328.4983825683594,331.1156500529259,326.57902941354195,329.96213303614445,34533100
2021-04-20,326.1040954589844,329.11880652263227,324.1362856183164,327.839267157362,38081800
2021-04-21,328.8957824707031,329.07996414438594,323.7387547729154,324.8244385866254,36598100
2021-04-22,324.9311828613281,329.48718093461383,323.7776360629611,328.50814233144524,45936100
2021-04-23,329.0218505859375,330.3304695475756,325.5612107593178,325.5612107593178,36381900
2021-04-26,331.1640930175781,331.4452170856451,328.5177165304616,329.2641463405706,30812000
2021-04-27,329.7294616699219,331.6681914514092,328.77950300990113,331.45492999213883,33187200
2021-04-28,328.61468505859375,330.4080159525857,327.9651975909243,329.3998682226513,33615700
2021-04-29,329.7973937988281,332.2983427275103,326.5790945836386,331.88152283650913,37708900
2021-04-30,327.6356506347656,329.8361280085452,326.7244452133422,327.35455609823015,38263400
2021-05-03,325.8908386230469,329.5841170980315,325.44493898306285,328.83771665907204,29729700
2021-05-04,320.0260925292969,323.6612103391232,316.2164665817739,323.34130340556635,65147000
2021-05-05,318.9500732421875,322.934177631916,318.1745932977846,322.07142882980395,46219300
2021-05-06,321.35418701171875,321.5092889550731,316.4492026859882,318.68843337457514,46814300
2021-05-07,323.9617614746094,326.33668773045906,321.52864610869307,324.126536941346,53324500
2021-05-10,315.7803039550781,322.7597131465326,315.5767160364433,322.58523457284645,60700500
2021-05-11,315.3440246582031,316.1389108031387,309.2467124803538,309.905902951794,71963600
2021-05-12,307.1820373535156,312.7364789358394,306.31928844902643,310.4197123587213,91164900
2021-05-13,309.5570068359375,312.52326128582257,307.19175393590643,310.1192550864064,69877800
2021-05-14,316.3910217285156,317.30219751217567,312.2130318222759,312.7171204997074,44370000
2021-05-17,314.47174072265625,316.3716880662096,311.6024282634384,314.6850022314095,39395000
2021-05-18,312.3487854003906,316.64306516691926,312.07736438898337,315.4216854069224,36528500
2021-05-19,312.7075500488281,313.00805092662796,306.61023399998055,306.9592208926173,66319100
2021-05-20,318.7562255859375,319.6092713737214,313.96759051845436,314.190525497534,46466100
2021-05-21,316.99200439453125,320.7240353459111,316.6333441385424,320.30721556639253,50330400
2021-05-24,322.3235168457031,323.4479836254808,316.8853646355601,319.2796970065807,32475800
2021-05-25,322.7695007324219,324.55312897866975,321.5965772365686,323.8358082662319,31280300
2021-05-26,323.8938903808594,324.3591665878998,322.7500469283273,323.43828770635344,25444900
2021-05-27,322.68212890625,324.2912778723172,322.4785706006059,323.4479353091286,27931700
2021-05-28,323.7000732421875,325.28984616903244,323.38019578297695,323.88425497353353,29927400
2021-06-01,322.6240539550781,325.5030690773311,321.27662245737076,325.0280601294368,31145400
2021-06-02,323.25408935546875,324.09743201993837,321.5383242650881,323.04082791067566,22047900
2021-06-03,319.8904113769531,321.6934158595787,318.22310259495436,320.4235502295139,37057800
2021-06-04,325.31884765625,325.76474720147104,321.61586685126764,321.68372949020727,38736500
2021-06-07,326.2882385253906,326.3463980540727,324.09746433613174,324.7857051473166,32611900
2021-06-08,326.44329833984375,328.89579009171257,324.7662865921182,328.0330412231372,27282800
2021-06-09,326.5208740234375,328.5856260231153,326.33669232319687,327.8101459251218,21485300
2021-06-10,329.92340087890625,330.0300168347859,326.4143041290614,326.8602037691761,33702100
2021-06-11,330.7861022949219,330.7958054113523,329.28359838179995,329.933056363857,21222800
2021-06-14,333.95587158203125,333.9655451136697,330.02992645276777,331.21255267389915,27827700
2021-06-15,331.77490234375,333.9171908912527,331.05755206704157,333.6069869652531,35963800
2021-06-16,330.5631103515625,333.3063998058053,327.1121739212168,332.2400925756048,55399500
2021-06-17,334.76043701171875,335.76858468846024,329.5064963536992,329.5549527607095,59722700
2021-06-18,332.1335144042969,334.24672287543035,331.3870844669612,333.1028793451108,55414900
2021-06-21,334.1977233886719,334.5180014836792,330.1119712118141,332.3246859109161,32992600
2021-06-22,337.3129577636719,337.75937452860774,333.69302217724,333.9938714771948,28941600
2021-06-23,337.4779052734375,338.6231050395058,336.6432987767399,337.25471171207795,27188500
2021-06-24,339.5644836425781,341.08812919220435,338.8657302272349,339.4092018150596,32581600
2021-06-25,339.1471862792969,340.37001228841126,338.54548764528295,340.12738996069703,28682800
2021-06-28,343.271728515625,343.40761122051816,340.36997526919714,340.428202252157,39130300
2021-06-29,344.5139465332031,344.54306002409317,342.2624341314209,343.0970406149218,29426000
2021-06-30,343.9704284667969,344.7468374805561,343.38812911072137,344.3586181651887,32724000
2021-07-01,344.1063537597656,344.6109974684653,342.2721150035482,343.6211091724462,29290000
2021-07-02,348.05633544921875,348.37658392233686,345.7659650458484,345.998873026298,32727200
2021-07-06,349.56048583984375,349.8419359833054,345.9696641736772,348.6579380473728,38842400
2021-07-07,350.29815673828125,352.05474016267107,348.34746358933484,351.7538908214984,35265200
2021-07-08,348.1824645996094,349.03649999370606,343.96085948535847,345.24188295951797,50890000
2021-07-09,350.3563232421875,350.83185348316795,347.01783795171673,347.600137407865,35184500
2021-07-12,351.7248840332031,352.18101536900815,350.1817793738879,351.7539975390207,25717700
2021-07-13,351.7248840332031,354.6848657203031,350.87084837322817,351.34637884058003,39723000
2021-07-14,352.3555908203125,354.70415856449887,351.53066891334356,354.0636320114519,35336400
2021-07-15,349.8807373046875,352.4719563637608,347.8815320272811,352.2681619352426,53391600
2021-07-16,347.0469970703125,351.7150484688974,346.6976055038964,350.7348447491291,47262000
2021-07-19,344.20343017578125,344.69835954632407,341.65103874777697,343.6017019715255,64404600
2021-07-20,348.20184326171875,349.64786275416617,343.359081806931,345.1350937044425,42183700
2021-07-21,350.8902282714844,350.8902282714844,347.5517415747533,347.7749648517823,30259900
2021-07-22,353.2095947265625,353.2192794800728,351.09390553080846,351.09390553080846,30252200
2021-07-23,357.33416748046875,357.6155880495975,353.180474514925,354.5294392236291,31960800
2021-07-26,357.6155700683594,358.0037894573996,355.78136080816336,356.64508082972117,28438100
2021-07-27,353.6754150390625,357.35357784691723,349.5314363134525,357.35357784691723,57933100
2021-07-28,355.0340576171875,356.6062750287339,352.5204940964089,354.81086405189757,42066200
2021-07-29,355.6649169921875,356.82948634161215,354.47120453246976,354.47120453246976,25672500
2021-07-30,353.8112487792969,354.3935482128629,351.7149885886468,351.74410207947614,36484600
2021-08-02,353.84039306640625,356.0531074129559,353.13192523859226,355.47080792870975,27334100
2021-08-03,355.9852294921875,356.10168348639223,351.31717765022717,354.5003818321022,35558500
2021-08-04,356.4995422363281,357.4506324293252,354.8400137966244,355.94635621743237,29602200
2021-08-05,358.7607421875,358.99365010936197,356.60625505934047,357.31469319399685,21443900
2021-08-06,357.1885986328125,358.46965170158194,356.0822561585007,357.49916233742056,33332100
2021-08-09,357.8485412597656,358.3725841736592,356.5480891117972,357.64471717626753,25960200
2021-08-10,356.0142822265625,358.65401424027687,354.8302841259189,358.36287930445565,35130800
2021-08-11,355.4029235839844,357.77092014732835,354.0733578121451,357.27599068075955,34249800
2021-08-12,356.6839599609375,357.04303629212944,353.5492686074497,354.89826305920906,25969200
2021-08-13,357.9359130859375,358.2658759329415,356.53840595922236,357.0333650382217,19336200
2021-08-16,358.0912170410156,358.1300152957724,352.9670337992206,356.81987819850315,34856900
2021-08-17,354.93701171875,356.3150897426544,352.5107888148548,355.34460058109624,44793900
2021-08-18,351.5208740234375,355.80073481778976,351.1909112596276,354.4032280434307,38541900
2021-08-19,353.2192687988281,354.8885115391661,349.3373116926452,349.5896483819814,48499400
2021-08-20,356.8780517578125,357.2759559368995,353.97626852339454,354.2868322168747,39486000
2021-08-23,362.2156982421875,362.9047372880228,357.9067237836199,357.91640853616616,34034700
2021-08-24,363.3220520019531,363.923750591973,362.341848392222,362.80769388948636,21732900
2021-08-25,363.7393798828125,364.31199463604713,362.82711756621313,363.5744132863753,20441900
2021-08-26,361.4296569824219,363.56471578355405,360.9929249278574,362.88539100832384,29133300
2021-08-27,364.9427490234375,365.44739272038265,361.57515048120206,362.0603950572188,27104700
2021-08-30,369.0382995605469,369.5235442485013,365.70949849227054,365.72892723465935,27295700
2021-08-31,368.7374267578125,369.3488101474605,367.19432268536974,369.28089840437747,29628200
2021-09-01,369.3487854003906,371.4159322397432,369.14499095082925,369.79523177921465,28138300
2021-09-02,369.1741943359375,371.0278328071563,367.9610824791442,370.69786993614713,25453400
2021-09-03,370.3096008300781,370.70750498800527,368.0095459804599,368.02894510390183,24605400
2021-09-07,370.8336486816406,371.4838895379319,369.26146076930337,370.4163453946835,23970200
2021-09-08,369.5429382324219,370.65899507579223,367.28171104948837,370.65899507579223,32949200
2021-09-09,368.2715148925781,370.87241867795257,368.02889260774145,369.76607645992596,29399000
2021-09-10,365.47662353515625,370.697861587929,365.14666067157793,369.9797088623168,40249400
2021-09-13,365.2242126464844,368.2327352961627,363.17649451023095,367.8057176495254,48741800
2021-09-14,364.1858825683594,367.43699855087266,363.23479223980155,366.7091314592077,41826600
2021-09-15,366.8935241699219,367.2429157722262,362.35164065887915,364.6420111582431,34097900
2021-09-16,367.14581298828125,367.71839813414806,363.6423607524732,365.56391065491147,35193100
2021-09-17,362.7980041503906,366.71878923852006,361.7596031021072,366.6702766200241,60912300
2021-09-20,355.3014221191406,358.75046688054283,350.66703692248456,357.0113567892473,76203200
2021-09-21,355.73858642578125,358.32295337490024,354.6115672536215,357.12791752385976,41927500
2021-09-22,359.06146240234375,360.51881062576444,355.55409559340205,356.65196933235103,46972900
2021-09-23,362.3744201660156,363.40427696626887,359.5763074823771,360.2175441098625,44652000
2021-09-24,362.7144775390625,363.1322731716639,359.7414899525931,360.1106895280067,36056800
2021-09-27,359.8192443847656,360.69364729673265,357.2737478333367,359.6735155077415,43338100
2021-09-28,349.63714599609375,359.77056340071175,349.13194279172444,355.2722416593605,97701600
2021-09-29,349.0639953613281,353.0376940575205,348.4422089595116,350.9002680921135,58076600
2021-09-30,347.781494140625,352.36728337983305,346.945962244198,350.7059150777573,61384600
2021-10-01,349.93841552734375,350.9779976120067,344.3033481176545,348.4033552549904,56375500
2021-10-04,342.59332275390625,348.6558802320663,340.3587346103022,348.32555161560936,76766000
2021-10-05,347.2180480957031,349.46236180224014,343.42894895803175,343.6523900245953,47232900
2021-10-06,349.44293212890625,349.7149692484246,343.10830689611487,344.01185558060564,56806500
2021-10-07,352.6490173339844,355.29167583028516,351.9494892129102,352.48383820617084,39411200
2021-10-08,350.8905944824219,353.9607449761669,350.3562156752254,353.727549097645,41822300
2021-10-11,348.1993103027344,352.8725371338533,348.11184333183206,349.3554457591394,34847200
2021-10-12,346.9848327636719,350.0840986793097,346.3435961311823,349.64691210021607,43905100
2021-10-13,349.763427734375,350.43381000951763,347.2664983704272,349.28737033456565,40120800
2021-10-14,356.2049865722656,356.4187321217917,352.68792497082467,353.3485822512437,43433900
2021-10-15,358.4493408203125,358.56592392426677,356.38962691759247,357.41948386895245,40419900
2021-10-18,362.0538024902344,362.2675480418583,356.5547393437458,357.15710508473506,34513500
2021-10-19,364.7936096191406,364.8421760222479,362.10238452095024,363.1225161847525,29091000
2021-10-20,364.3175354003906,365.86232053598303,362.84073729606274,365.25022970588054,31390300
2021-10-21,366.5425109863281,366.7368359491613,363.21977353059697,363.52095646810983,25469300
2021-10-22,363.46258544921875,366.2509731223025,361.8012170845607,365.28913296115627,36275800
2021-10-25,367.18365478515625,368.0969285094743,362.9379193060493,364.8810498429271,32597800
2021-10-26,368.3398742675781,371.8277905388129,367.1642884209636,369.41832729284755,47191300
2021-10-27,369.1948547363281,372.2552798390462,368.5244722333737,368.78678421938156,45760500
2021-10-28,373.2948303222656,373.54744679468445,370.32184280003185,371.0893877086592,38007000
2021-10-29,375.13116455078125,375.29634374208655,369.8750209572697,370.2247703273356,37310100
2021-11-01,376.41351318359375,376.53982140855203,373.48912197799297,375.5682561701875,30765300
2021-11-02,377.9874572753906,378.46354442062784,375.75286900934157,375.8014354130221,25135300
2021-11-03,382.0000305175781,382.41779647294356,377.4336914813911,378.47324379942285,33748900
2021-11-04,386.896728515625,387.8488731677204,382.719009655053,383.2630838420163,40265300
2021-11-05,387.26593017578125,389.5879557988873,385.8668737874535,388.664986564109,43383800
2021-11-08,386.7412414550781,388.2568807963275,386.1000048645777,387.2367491954232,29256300
2021-11-09,384.0792236328125,388.20837639562905,382.71903806443726,387.81003104170816,50490700
2021-11-10,378.4344177246094,384.1180511334133,376.51070771481966,381.3102427732296,54937400
2021-11-11,379.48370361328125,381.5822883113041,379.1436498134024,381.40741366559087,32243000
2021-11-12,383.47686767578125,384.01121677531194,379.0368067694047,380.6301585760676,34730600
2021-11-15,383.38934326171875,384.97299933919516,380.9507346830435,384.6523958574728,33716900
2021-11-16,386.1195068359375,386.6149849927974,382.46641170396464,382.66070698024396,27872900
2021-11-17,386.32354736328125,388.3541154524981,385.36170712360547,386.4401304650816,28703300
2021-11-18,390.3263854980469,390.83158881405245,386.14866628730584,388.36383413413324,45721500
2021-11-19,392.5026550292969,393.77540319697215,391.1327444019126,391.9585808347099,45191700
2021-11-22,387.9459533691406,397.0883850082743,387.83909543432225,394.03768584861945,61715400
2021-11-23,386.1777648925781,388.8495693207287,381.74742974006676,386.78982609208884,70098700
2021-11-24,387.42132568359375,387.70305822703176,381.37818931168243,383.70021458418785,46954400
2021-11-26,380.076416015625,386.2361374125211,378.6870548878355,384.8467762847315,51533300
2021-11-29,388.3249206542969,389.33535682537865,383.90431058676927,384.63298453085525,54447100
2021-11-30,382.6217956542969,389.78222608763474,380.61064867171586,387.44075051102556,81332700
2021-12-01,376.11236572265625,389.0924939464996,375.64603334024446,386.9550383610428,77766500
2021-12-02,378.8230285644531,380.6009800122921,373.41140274344633,374.829879775316,84416600
2021-12-03,372.23583984375,381.1839484767018,368.1261077111133,380.18323734532777,105349100
2021-12-06,375.218505859375,376.5786912592903,368.51468201368897,372.7215760878553,67588800
2021-12-07,386.517822265625,387.1299131676193,381.8154496254589,381.8543205406165,56005300
2021-12-08,388.24713134765625,388.45118137491477,384.9535409410944,386.8481048239432,39204000
2021-12-09,382.5343933105469,388.8204216107013,382.3400684022684,387.02301998348895,49973700
2021-12-10,386.6927185058594,386.9550304656138,382.17491609468055,385.3422284930987,52545800
2021-12-13,381.1062316894531,387.0036107993027,380.73703211440903,386.6830072813978,50166400
2021-12-14,377.16156005859375,378.99780256468813,372.72150071371584,376.2871278035077,75199200
2021-12-15,385.7600402832031,386.11954439644194,372.9645402349824,376.90909348999844,73858000
2021-12-16,375.8403625488281,387.1493982404767,374.2567061743267,386.72190708478956,82591400
2021-12-17,373.9652404785156,378.123539191252,370.9145109003366,372.4301505475138,80492500
2021-12-20,370.33758544921875,371.1255560766206,367.20514837555993,369.24804728232675,65336800
2021-12-21,378.6258544921875,378.937159569745,369.86089170437486,373.60617144539583,48899500
2021-12-22,383.2369689941406,383.4412499594031,377.67251700140145,378.33401801404176,37042200
2021-12-23,386.126220703125,387.5951377661711,383.42182085959166,383.5871812759535,29595500
2021-12-27,392.5078430175781,392.5078430175781,387.39087307820034,387.4200560757079,32820700
2021-12-28,390.6886291503906,393.57786434825493,389.81310963024373,393.40276638176255,33113700
2021-12-29,390.63037109375,392.0895805930732,388.2567212665021,390.82494423540373,32248500
2021-12-30,389.46295166015625,392.5953886793781,388.87926202726817,390.4162826957751,23850100
2021-12-31,387.03094482421875,390.15364435086724,386.53480417213575,388.7917216357938,34752900
2022-01-03,390.7568359375,391.0097750810497,386.08737747126014,388.19835056295585,40575900
2022-01-04,385.6884460449219,391.3404472631714,382.5949296886275,391.3015267055708,58027200
2022-01-05,373.8396911621094,385.12424866501397,373.5867520579978,384.00549782002093,75739800
2022-01-06,373.5770263671875,376.8164876394273,369.79282568546137,372.02056019679407,70814300
2022-01-07,369.5301513671875,375.26973173594047,367.7596666339239,373.58676631105357,72652300
2022-01-10,369.7733154296875,370.28893116706166,359.2670213392742,364.6271924939485,91770500
2022-01-11,375.3280334472656,375.4933938489489,366.96189556641036,369.0436850542449,68295700
2022-01-12,376.8164978027344,379.58900148602123,374.5401347950634,377.8962984641454,54576400
2022-01-13,367.3900451660156,378.87888564260544,366.456159394104,378.19790933093844,77994000
2022-01-14,369.67608642578125,370.0068369648737,364.66611084234313,364.8704215155353,80121200
2022-01-18,360.4732666015625,365.9890899163701,359.71447907712337,363.868379872128,75450900
2022-01-19,356.5140075683594,364.5007377255495,356.25133090845486,362.0298017987283,81791500
2022-01-20,351.88348388671875,363.70307408651166,351.3484523152494,359.734037581992,88610700
2022-01-21,342.1262512207031,352.3309798433953,341.8441290801608,349.6946830737125,143388900
2022-01-24,343.69244384765625,344.35397467492515,325.0632096858729,336.5034209388335,198685800
2022-01-25,335.72515869140625,341.4841848912907,332.38844029940157,337.2427637902628,124398400
2022-01-26,335.1997985839844,347.17503907067993,331.51285522302607,343.3129977401189,146559500
2022-01-27,331.8241882324219,341.7176102878764,330.80272394836476,339.8984675125725,95255700
2022-01-28,342.2331848144531,342.44720335065784,328.7598436579798,333.7016857380433,108167900
2022-01-31,353.17730712890625,353.76099683287447,341.9608519381852,343.59518904683466,94326400
2022-02-01,355.580078125,356.2318712803387,349.37360008983933,354.51972302915703,74433000
2022-02-02,358.46929931640625,360.0355325270616,354.3835316340809,359.704782025708,78777100
2022-02-03,343.9355773925781,352.0876970855096,342.8752223288757,348.78016235408893,95384800
2022-02-04,348.2744445800781,351.57224298823786,342.3986853446905,344.45129269181075,86318300
2022-02-07,345.4726867675781,351.23168311671714,344.21775839813677,348.8677710648343,58198100
2022-02-08,349.3541564941406,350.44369468405654,343.2060142079704,344.33447295829444,64720900
2022-02-09,356.75726318359375,356.8350746245941,352.27261072691533,353.8680273004975,55766400
2022-02-10,348.682861328125,356.5236756250756,346.84427335256765,349.74321634779176,112468500
2022-02-11,337.62213134765625,350.2783500326764,336.39638598494747,348.68293354866245,101569100
2022-02-14,338.0404357910156,341.43554980599544,334.53835702585025,337.0676295367606,80254400
2022-02-15,346.4454650878906,346.6789290679671,342.2526728821173,343.3130280418822,55128800
2022-02-16,346.3579406738281,347.37937534683465,341.17286680940686,344.19830964180295,58947100
2022-02-17,336.0559387207031,343.8480967760415,335.63760946086956,343.1476750723119,61801400
2022-02-18,332.22308349609375,337.37894492539755,329.9175373534109,336.9898283493977,80001500
2022-02-22,328.8863830566406,334.6843307239925,325.25783409201006,329.28523725335987,85967100
2022-02-23,320.46185302734375,332.8748407868643,320.15054789735365,332.0382416486685,86215400
2022-02-24,331.23077392578125,331.76583514902126,309.6053110745808,310.1695256086582,130614100
2022-02-25,336.3671569824219,336.571467640058,328.2150667421436,332.0284500570756,78842100
2022-02-28,337.3691711425781,339.06187408237105,332.0382122795594,333.1958540080665,77515500
2022-03-01,332.20361328125,338.6144032240385,329.68404853136684,336.3477776117557,67407000
2022-03-02,337.7776794433594,339.11041883021915,330.9874832992367,333.750248604426,70609000
2022-03-03,332.95269775390625,340.52112967168375,331.0946341359725,340.4141055397929,71089400
2022-03-04,328.1275634765625,332.028526362809,325.8123093471127,330.5984998691438,76936300
2022-03-07,316.02581787109375,329.2754636715576,315.8215368751897,328.1178218819508,89933800
2022-03-08,314.5569152832031,324.14877091450364,311.2396423195089,315.2378618637905,116153900
2022-03-09,325.8803405761719,327.2325554489857,320.1407899136627,322.7284579772235,64723400
2022-03-10,322.2615661621094,323.4678662884436,317.8255713431909,321.8238210937463,69362700
2022-03-11,315.57830810546875,325.5398632369939,315.0919050320362,325.2285581449521,66228400
2022-03-14,309.5177917480469,317.70880412168714,308.8173700285798,314.34290265565807,79802600
2022-03-15,319.2263488769531,320.00461165026024,310.54893419032584,312.15405848421847,76471000
2022-03-16,331.0654296875,331.1821616873152,319.4695661402415,323.1370646980165,105243000
2022-03-17,335.0733947753906,335.131760776708,327.8746342985671,329.1684535780236,67810000
2022-03-18,341.931640625,342.2235002966636,332.2619446534584,333.41958640270553,85446300
2022-03-21,340.98101806640625,343.31866317461163,336.5979780751096,341.09792410133036,73799100
2022-03-22,347.68218994140625,348.5490720835401,341.0979103437439,341.4777583376518,63345900
2022-03-23,342.68548583984375,348.36397350473,342.62704769272557,344.8088475078949,70615500
2022-03-24,350.30230712890625,350.351025410237,342.4517974996988,344.604348920767,53555300
2022-03-25,350.01007080078125,351.29576956009686,345.71468839424256,350.2438234026969,57584200
2022-03-28,355.4256591796875,355.5230660331783,348.7634405976162,350.00042143619373,56833900
2022-03-29,361.5423278808594,362.1656780545059,356.54565799435034,359.31183941200896,68073000
2022-03-30,357.54888916015625,361.3377976846079,356.06840647526775,359.68197082403816,68757700
2022-03-31,353.1170654296875,358.04554627830703,352.2794026262006,357.69488774622033,67011400
2022-04-01,352.44512939453125,354.1593648604611,349.269850841836,353.3801696236196,54527800
2022-04-04,359.7015075683594,359.71125717005106,353.019820174865,353.2827919009814,45950200
2022-04-05,351.71453857421875,358.9611654959589,350.57493534545756,358.2501284622544,62738700
2022-04-06,344.078369140625,347.50686952486234,341.448533407247,346.4062347899626,90077100
2022-04-07,344.8965759277344,347.0880960702405,339.6271839292701,343.0849038199109,63777400
2022-04-08,340.07525634765625,343.9128544106506,339.4421564054095,343.1628781374533,61956100
2022-04-11,332.02984619140625,336.7635142938174,331.688937195183,335.84794372082325,66107400
2022-04-12,330.6273193359375,338.65314282857037,329.2539632767462,336.77331286308385,72790200
2022-04-13,337.3479309082031,338.39984726201305,330.2473989157264,330.96815586695936,61367800
2022-04-14,329.6337890625,337.95183248717245,329.4195059388165,337.43560901526075,73519400
2022-04-18,329.8870849609375,332.1760118780032,327.062465025245,328.58191656925595,58560600
2022-04-19,337.26031494140625,337.83497659773195,328.2215139748147,329.2442113806773,56515700
2022-04-20,332.341552734375,338.526514901853,331.1240416669341,338.06872955151954,65500000
2022-04-21,325.46502685546875,338.82842846347995,324.5397363520494,336.2180920752476,75801000
2022-04-22,316.9424743652344,326.83840786440084,316.51390809257975,325.6208967999029,82562100
2022-04-25,321.01385498046875,321.3255449766904,314.04969696933296,315.3159264323357,101755900
2022-04-26,308.8971862792969,319.14374885707394,308.6244352611816,318.95868479443385,105819600
2022-04-27,308.52703857421875,314.48796770473507,306.8127735656662,308.99454377699504,111204200
2022-04-28,319.4846496582031,321.3157910363892,309.26727669681173,313.48475162677266,99450000
2022-04-29,305.1082458496094,318.72489909461126,304.47514609679433,315.2866493407325,91977900
2022-05-02,310.20233154296875,310.43608414182137,301.6018172427122,304.69915807506743,115511800
2022-05-03,310.5334777832031,312.8224042977626,307.76729649145034,310.221787848372,78185500
2022-05-04,321.0332946777344,321.7053631030934,305.7316253124771,311.0107361696474,116083400
2022-05-05,304.86480712890625,316.7964169925775,301.5726520595983,316.7185093538342,154607400
2022-05-06,301.21221923828125,306.90042702253174,297.17980856751376,302.8680460761537,139572800
2022-05-09,289.4267578125,301.30967906735975,288.0339321273305,295.59225120251307,113387300
2022-05-10,292.94293212890625,297.81297672621145,288.86183237841306,296.59546557688515,124124600
2022-05-11,284.25482177734375,296.1864336553157,283.3879691057545,290.6832879993351,140326100
2022-05-12,283.5826416015625,288.0630877961864,277.53405558723375,279.9788270613995,120910900
2022-05-13,294.09222412109375,295.12467108754123,286.4364993748133,288.03388809989207,83684900
2022-05-16,290.6832275390625,294.40394878669343,289.4072782183106,292.3487744870589,59190400
2022-05-17,298.2123107910156,298.5921587961595,292.7383559367014,296.5370143344921,62715300
2022-05-18,283.57293701171875,294.3941605391823,282.3164573337348,293.70262261227504,79477100
2022-05-19,282.0534973144531,286.73850768800816,280.1054794237619,281.77105612186665,79920700
2022-05-20,281.1768798828125,286.1638006552641,272.9270233764225,285.51123134311183,91764200
2022-05-23,285.8521423339844,286.23199034784994,279.8230248721788,282.21907844050895,63648400
2022-05-24,279.77423095703125,281.35212019068376,274.91393737755357,280.64111291035505,73491100
2022-05-25,283.6898193359375,285.76446288510164,278.07951900291783,278.28405253294534,67144500
2022-05-26,291.550048828125,293.0987490190363,282.60865493867686,282.8911258210658,59462200
2022-05-27,301.066162109375,301.21225750200745,294.5597896794027,294.6766659935086,66985600
2022-05-31,300.2674865722656,303.23820206563914,296.42013921910774,301.03696198777624,60968300
2022-06-01,298.0467529296875,304.52390681154833,295.83576320840984,302.4005743330284,65341700
2022-06-02,306.2088623046875,306.3841767382333,295.51423599259175,296.92656050861325,59291300
2022-06-03,298.24151611328125,302.40052312325975,296.9947859978607,300.99794802786283,60914700
2022-06-06,299.2350158691406,304.23168628909286,297.67659568206346,302.67326610201565,51785000
2022-06-07,301.81610107421875,302.59532594620396,294.8227250478429,295.9136101442326,44900300
2022-06-08,299.6441345214844,303.6180780499389,298.7967217470481,301.01746101503045,38342100
2022-06-09,291.6182861328125,301.01746695663655,291.4527212499062,297.95909417977526,55900500
2022-06-10,281.3326721191406,287.20594344916174,280.8846364355447,286.0176516344523,85963500
2022-06-13,268.2518005371094,275.00167522673036,267.3946679306064,272.4789956879142,94442000
2022-06-14,268.73876953125,271.41729371088064,266.2355598004326,270.44328491828765,64697500
2022-06-15,275.4496765136719,279.37493078532503,269.4205596688989,272.15755174098666,86051400
2022-06-16,264.3363037109375,268.8849088704275,262.28112936584387,268.4271234740811,81910300
2022-06-17,267.5505065917969,269.98552883699915,263.4791565316729,265.10573474580815,82703400
2022-06-21,274.3006286621094,276.61349173532,271.9195063318225,272.02683895071556,51633700
2022-06-22,273.90057373046875,278.30177743750676,271.20713224352835,271.8024054461043,67472900
2022-06-23,277.9797668457031,278.8287787279244,273.5492578418302,276.37930737641136,57457800
2022-06-24,287.50433349609375,287.92398502775217,280.5658327618819,280.80003470957627,58422300
2022-06-27,285.3964538574219,289.42681798517424,284.26442815111665,288.8608200227862,54151500
2022-06-28,276.70135498046875,288.5192616412146,276.5159351758475,285.9331824998259,61609800
2022-06-29,276.9551696777344,278.4580355910872,274.066568652551,276.56482301728386,57302700
2022-06-30,273.52001953125,277.09174879307614,269.1285535213624,273.9786849502108,79313600
2022-07-01,275.3254089355469,275.7157555176732,270.34840811421464,272.2221134025702,56675100
2022-07-05,280.0388488769531,280.15594985091695,270.0751105884705,271.5974828130593,61829300
2022-07-06,281.8345031738281,283.9326717616443,278.7019325880471,280.4194931796064,63194700
2022-07-07,287.8655090332031,288.56814483964035,282.64453753357617,282.64453753357617,56620100
2022-07-08,288.2265319824219,289.5927597706103,284.09854359020363,285.0353812475997,59895500
2022-07-11,282.0687255859375,286.040539649993,281.19043841491765,285.8161060220792,55273900
2022-07-12,279.3362121582031,285.2305426707223,277.74552111118555,283.3178239465647,55797100
2022-07-13,278.760498046875,281.1026073001169,273.2662813527627,273.8323092060632,73939400
2022-07-14,279.7558288574219,280.62434749047134,273.0515011436686,276.16456402172145,63741800
2022-07-15,284.8304138183594,284.9377762264799,281.13181608551673,282.74204373662945,63818100
2022-07-18,282.4200744628906,289.01704233311307,281.24903463829867,287.61177071837295,59519600
2022-07-19,291.1053161621094,291.3980983569474,284.4400614458328,286.04049094114333,55172600
2022-07-20,295.7212829589844,296.90209088858387,290.74428281343535,291.52500565321566,67769400
2022-07-21,299.9664306640625,300.0249811657674,293.5256074426972,296.1800060522856,55049400
2022-07-22,294.7064208984375,301.10820063986284,292.8815274055897,299.03933679168165,57127700
2022-07-25,293.0278015136719,295.2040270459721,291.0272572099381,294.7355934056734,40582400
2022-07-26,287.2701416015625,291.5835495722376,286.4601733164211,291.32981093233593,50074100
2022-07-27,299.41009521484375,301.09838033677926,291.26148160253575,291.82750935090854,69304400
2022-07-28,302.33770751953125,302.91347376867895,295.4479896479993,299.1953693285458,55139900
2022-07-29,307.85150146484375,308.7590936927906,302.4548791564084,303.879687273535,57501000
2022-08-01,307.66607666015625,311.12070468792047,304.99217151576033,306.0851537709431,46358800
2022-08-02,306.7486877441406,310.86690710604597,304.3187533773326,305.3727216247262,48676500
2022-08-03,315.102294921875,315.922031555984,308.3686908175321,308.42724130700196,53735700
2022-08-04,316.575927734375,316.8882169373726,313.0334734030615,315.18042444674774,38973700
2022-08-05,313.98974609375,316.0195656918979,310.7107998702354,311.4914928430166,53894000
2022-08-08,312.974853515625,318.59593879727134,311.5110317053239,314.90710902657366,43878500
2022-08-09,309.4323425292969,311.335322442048,307.8124062343552,311.08158384527434,39764200
2022-08-10,318.0689697265625,318.3617519714591,314.29231404150215,316.7612924209817,51459600
2022-08-11,316.2635498046875,322.39208223187165,315.56091418583384,320.3915377881437,45897700
2022-08-12,322.4214172363281,322.6165756154438,317.25899713697703,318.31293577249124,40928400
2022-08-15,325.0269470214844,325.5246558976248,321.4552187289758,321.4747554105668,38266600
2022-08-16,324.2657470703125,326.35414676715345,321.22100302538877,324.0510520527076,41186900
2022-08-17,320.56719970703125,323.43629276250306,318.48856802587005,321.13322746982783,47842200
2022-08-18,321.3381042480469,322.51891195508205,318.9081700143356,320.51836775693374,41937200
2022-08-19,315.07293701171875,318.9569542566425,314.31175099484204,318.3031306401274,51770600
2022-08-22,306.7779541015625,311.0523178867668,305.9679859299243,310.8181159636958,51098900
2022-08-23,306.52423095703125,309.3542799275079,305.7727835197443,306.543737855867,39497100
2022-08-24,307.412353515625,309.22747829484655,305.4410543854446,306.04609597851845,38057100
2022-08-25,312.84796142578125,312.8674981086766,308.1442369849633,309.1884071663571,38098300
2022-08-26,300.02490234375,313.7555572354442,299.9370766142662,312.5552127027734,69047700
2022-08-29,297.0679931640625,299.8102168935229,295.9652426671527,297.2729198727488,48321900
2022-08-30,293.7597351074219,299.33203795561866,291.24197482667506,298.7172280617715,51184500
2022-08-31,292.0519104003906,297.5558938041094,291.94457778028476,296.658070136426,50044000
2022-09-01,292.17877197265625,292.5496115259869,285.88435725091745,289.56341798178005,57990700
2022-09-02,288.0509033203125,296.4239519708738,286.4406753115394,295.0479557311508,64666800
2022-09-06,285.9819641113281,289.446360123515,283.8545503145779,288.52902944390166,57005400
2022-09-07,291.7591552734375,292.7545432113645,286.19662144134224,286.46012838191547,49260400
2022-09-08,293.2717590332031,294.5892043917732,288.32406480087906,289.6902922987745,55649800
2022-09-09,299.68328857421875,300.1809974074277,293.2717433452684,295.52602604158943,56125200
2022-09-12,303.24530029296875,303.57709631157707,300.74704692101136,301.0593360378884,45905700
2022-09-13,286.6163024902344,295.7114920734445,285.7282470797957,294.5209158923819,79562200
2022-09-14,288.8900451660156,289.76833209124834,285.9916774656809,287.75801965602886,54907200
2022-09-15,284.0789794921875,289.37800644389927,282.47852027572605,286.9773474007332,65299400
2022-09-16,282.3420104980469,282.73235709718057,278.731237447603,280.78059431997553,79920400
2022-09-19,284.5406494140625,284.6970745912991,279.6427184448839,279.70137415696615,52613800
2022-09-20,282.2724914550781,284.56015318458026,279.9750438308843,282.0378388277905,51271100
2022-09-21,277.2181396484375,287.3757802061988,277.08128628170294,283.11327668494283,82931000
2022-09-22,273.8061828613281,276.6999734866087,272.58413937353527,275.6930108460692,62757100
2022-09-23,269.3481750488281,271.63583691551656,265.9362092867827,271.3425285725791,74815200
2022-09-26,268.23370361328125,273.2391899171992,267.4418216694611,268.8789462776998,71176700
2022-09-27,268.3411865234375,273.94301432945974,266.0241671942753,271.5966969873794,69780100
2022-09-28,273.67913818359375,274.9598376182292,266.84547923320525,268.32168776244924,79652100
2022-09-29,265.78955078125,270.0715956965803,262.8273187259255,269.6903038288932,81216000
2022-09-30,261.2826843261719,269.0353210743035,261.12625917908525,264.9683567551903,78482400
2022-10-03,267.41241455078125,269.00596386306034,261.5466064329693,263.0521722036864,61267400
2022-10-04,275.8201599121094,276.5240582865972,272.75037177377175,272.75037177377175,66696900
2022-10-05,275.6734313964844,277.4624896918627,269.2601504316227,272.05617123058335,55766300
2022-10-06,273.5030822753906,277.82421076886277,273.18044612967617,274.67622596742297,53489400
2022-10-07,263.0815734863281,268.9962530554361,261.75197442759656,268.8691557371326,71354700
2022-10-10,260.45172119140625,263.66814841441,257.74368321845105,263.2770705805112,60393000
2022-10-11,256.87359619140625,261.6444597639264,255.19206279838772,258.7799963749924,66522500
2022-10-12,256.78558349609375,259.4251797950677,256.0914710787955,257.50902376665675,50580200
2022-10-13,262.80780029296875,264.12761327109695,248.57342473862707,249.45330502988705,112894100
2022-10-14,254.9084930419922,265.73091764377233,254.32193601889864,265.13457472527824,77244300
2022-10-17,263.3260192871094,264.1960990090227,260.77437617026146,260.8721456469514,64576500
2022-10-18,265.4083251953125,271.0101539048648,262.7295853642135,270.34536935380896,69781000
2022-10-19,264.4404296875,267.5590871120454,262.07457015959795,263.89295658178486,53115400
2022-10-20,263.0912780761719,268.6931360370133,261.92792015057984,263.5507676104997,60605500
2022-10-21,269.26019287109375,269.7978800833209,260.85252752642265,261.9865874878013,77897700
2022-10-24,272.2224426269531,273.1511778563182,265.88735790217254,269.5241608272236,63963600
2022-10-25,277.8536376953125,278.2349296698417,271.68476317219097,273.16100158374826,59014500
2022-10-26,271.7140197753906,277.62872793281883,271.2252023988285,272.2321650011446,63492400
2022-10-27,266.76727294921875,272.05628218222876,266.24912756295623,270.59961549604924,57760300
2022-10-28,274.9305114746094,275.39978700768586,265.97537143833364,266.1415825130853,62651300
2022-10-31,271.7335510253906,273.5030672777505,269.81736571390746,272.6818577878465,47742000
2022-11-01,268.9571228027344,275.7614831825195,268.59540266363206,275.204224129554,45895900
2022-11-02,259.738037109375,271.9878014034031,259.6695955048992,268.9277993452256,79803100
2022-11-03,254.6641387939453,258.5844648018636,254.2828766474066,257.1277981579473,70038900
2022-11-04,258.7604064941406,260.6472347514151,253.2856449110451,259.59140215287795,78313200
2022-11-07,261.6053161621094,262.1430332516671,257.6752346520297,259.8064715479662,47333800
2022-11-08,263.51177978515625,266.7477496601227,259.58166749062383,263.12073170240666,63213800
2022-11-09,257.4308166503906,262.55361373285587,257.14729418920933,261.77151778448103,64862100
2022-11-10,276.42626953125,276.71954806888135,267.7253248392745,269.83701981536905,99256700
2022-11-11,281.51971435546875,282.18452870756767,274.90113736604735,276.24049229556425,66961800
2022-11-14,279.0560607910156,282.74173299667166,278.0784260572565,279.4666506715696,55290700
2022-11-15,282.917724609375,286.7011661843519,279.5742007553002,285.6746318321595,73985400
2022-11-16,279.0560607910156,283.005713469215,278.23485119486327,280.9624604558637,48859800
2022-11-17,278.4401550292969,279.9163930716426,274.4416324207033,274.5980575633067,55462100
2022-11-18,278.45001220703125,281.54909849777874,276.00592466887895,281.45135886429506,53588600
2022-11-21,275.5855407714844,278.21535143793466,274.7545450656288,277.0617493138327,40083500
2022-11-22,279.5546875,279.71108281568,274.1874520736571,276.318718646645,41873400
2022-11-23,282.36053466796875,282.9862055245089,279.39830194977225,279.5742690811381,46390000
2022-11-25,280.5030212402344,281.47087025300624,280.0142037856951,280.7669719250677,15498800
2022-11-28,276.3871765136719,280.54212517373634,275.45844118480625,278.5281995041328,38714200
2022-11-29,274.2950134277344,277.0128370816902,272.92633062269323,276.6120032182411,35618900
2022-11-30,286.7990417480469,286.90659713195106,273.70852221740984,274.5590600494043,74718100
2022-12-01,287.15087890625,289.13547624804187,284.37439980667705,287.12155105725975,51547300
2022-12-02,286.007080078125,286.88697536237026,281.9107874314308,282.0867843893096,53583200
2022-12-05,281.2069396972656,285.1565635314254,279.7502432906329,283.8856499926698,41482100
2022-12-06,275.3802490234375,281.18740392988155,273.99202388293935,281.05055052950615,53937600
2022-12-07,274.25592041015625,276.2503039825609,272.54505931577694,274.1972647022958,45614300
2022-12-08,277.5016784667969,278.4695274919775,273.532483071853,275.60506433206405,42594900
2022-12-09,275.732177734375,279.2516696245524,275.2922300599584,276.4849459273226,47860500
2022-12-12,279.1929626464844,279.2516481889468,274.871833080141,275.90812369116725,35732500
2022-12-13,282.1943359375,290.2402827040122,279.51562559274254,290.01541591406703,80667700
2022-12-14,280.1022033691406,284.8926087306265,276.8564481249309,281.6077397340024,64984400
2022-12-15,270.6973571777344,276.68047833241644,269.5046413384967,276.01566388796755,60554100
2022-12-16,268.11639404296875,271.5576584419353,266.5130583502916,270.0227941935211,68300400
2022-12-19,264.348388671875,268.47407711477496,263.11360998326035,268.3858829093709,44167900
2022-12-20,264.14263916015625,265.8869945818374,261.6045058722679,263.1822522783271,51064200
2022-12-21,267.9742736816406,269.27762774929147,264.3385435697956,265.18133792927495,46394700
2022-12-22,261.41827392578125,265.0931820504398,257.2043613322855,264.96578045041497,60278400
2022-12-23,262.0061340332031,262.6725398444943,258.252842478078,260.1539966056093,39373600
2022-12-27,258.30194091796875,261.50648008934456,257.76296633096587,261.39866722805584,38009000
2022-12-28,254.89158630371094,260.15404897861896,254.5290002209293,257.9001177088302,47139000
2022-12-29,261.1046142578125,262.04538214653854,256.9985154694248,257.69428953978155,45893600
2022-12-30,260.9479064941406,261.075308109581,257.0378133464567,258.3411677601905,37858300
2023-01-03,259.18389892578125,264.7403425754029,256.8809508045334,263.2703795073479,42335300
2023-01-04,260.4186096191406,262.094388805196,257.2728974856996,261.30061125663116,47754900
2023-01-05,256.3419189453125,258.9192587002767,256.02834958663533,258.75267965136567,45396700
2023-01-06,263.4173583984375,264.5345446367725,255.1267754282982,258.0765107602251,54659700
2023-01-09,265.12255859375,269.7774418403852,264.5149786181728,265.40672993298676,45568700
2023-01-10,267.3666687011719,267.4744815439094,263.5839781045529,264.0935545337913,35247800
2023-01-11,271.9921875,272.1000003561461,267.65090322153156,268.4349015637978,44077000
2023-01-12,273.4621276855469,274.4911198155303,268.25846062265697,272.55075772684324,60600000
2023-01-13,275.34368896484375,275.58868281451504,270.63000968968595,270.96319773646184,44802900
2023-01-17,275.9023132324219,277.1860787569483,273.98153970173576,275.14771295019546,36269700
2023-01-18,272.3155517578125,278.9891814182837,272.10976531060794,277.44080363633776,47754500
2023-01-19,269.64019775390625,271.8255534387518,268.4054492125816,270.6887785022272,44150400
2023-01-20,277.0194091796875,277.3525971911707,270.18898017810113,271.24737024419835,60613600
2023-01-23,283.17376708984375,284.39873670269526,277.068537679542,277.862315596151,52799900
2023-01-24,282.5954895019531,283.751853248069,281.03733226985304,281.5567180138864,44875100
2023-01-25,281.9683837890625,282.5857432816811,275.5495258100753,278.0876589680006,50872000
2023-01-26,287.46600341796875,287.64239182663204,282.7425144316851,285.38846018754776,51596300
2023-01-27,290.3275146484375,292.28746540168373,286.0352177137922,286.152809973951,56441900
2023-01-30,284.4574279785156,288.48514213201554,284.08506247493875,287.06416594239596,49405800
2023-01-31,288.7203063964844,288.8183099038059,284.38883249370343,284.4966154172271,46705100
2023-02-01,294.8941650390625,297.3538825772445,286.44675327264645,288.5145165990588,67562200
2023-02-02,305.4778747558594,307.3986178005541,300.5878080104467,301.4109836010301,83070600
2023-02-03,300.04888916015625,306.13455850213956,298.44174490358915,298.83372911935095,76170800
2023-02-06,297.5107421875,299.7842924007308,296.16818061095165,297.43235731063703,40802300
2023-02-07,303.6747741699219,304.8017398705444,296.26616272305125,297.383319099846,67584000
2023-02-08,298.2750549316406,303.3023326290738,297.58909021691113,302.3615647853608,56720900
2023-02-09,295.6390075683594,302.8026262239471,294.18866293953266,302.65563587730645,49137800
2023-02-10,293.6986389160156,295.5311881263179,291.2976872269125,293.4830431320697,50050100
2023-02-13,298.40252685546875,298.9905181113563,293.92403183643796,295.1000143482131,39636700
2023-02-14,300.6075439453125,301.5581215641537,294.8844894847325,296.82485212396585,64079100
2023-02-15,302.910400390625,303.0769794600468,298.1085269393555,298.7944917715508,43100600
2023-02-16,297.2265319824219,302.25381065614226,297.0795416511825,298.28492218029794,59498600
2023-02-17,295.1293640136719,295.88393422598153,292.13064199756906,295.04116982572447,58230700
2023-02-21,288.1421813964844,292.7480779905276,288.0050003843626,291.3075128776228,46526700
2023-02-22,288.3577880859375,290.42552201582805,286.70162711443794,288.72037423239385,51389200
2023-02-23,290.8763122558594,292.16007766757474,286.6917980591671,292.0032780111049,69294400
2023-02-24,286.00579833984375,287.10336589485115,284.2418248494622,285.9176041512956,74332000
2023-02-27,288.0540466308594,290.55297259031727,287.4660552561388,289.161423906845,48995000
2023-02-28,287.68157958984375,290.1903142523565,287.0935883612757,287.4267764126198,48243100
2023-03-01,285.3689270019531,288.04424144029736,284.3889513321751,287.38767448917713,58287000
2023-03-02,287.7305908203125,288.5341779040145,282.59552879500677,282.8797300624582,53565900
2023-03-03,293.6790466308594,293.914261084036,288.96536693308644,289.4749733262371,60511500
2023-03-06,294.01220703125,297.9125198668912,293.8162298962756,294.91379755285436,56736300
2023-03-07,290.40594482421875,294.9824437058501,289.7983647809635,294.06126431559863,65955800
2023-03-08,291.8562927246094,292.4540633879132,288.97516253842946,290.8273005687011,50876300
2023-03-09,286.7995910644531,294.9529931979204,285.98619477194666,292.356034581254,71456700
2023-03-10,282.77191162109375,288.4557873254567,281.62535706186685,286.9662054618756,98593600
2023-03-13,284.8690490722656,288.573354857497,279.47918441665786,280.9883548940412,97123600
2023-03-14,291.415283203125,291.9640670408029,287.57379633938,288.4165608377867,73602500
2023-03-15,292.94403076171875,293.2772187994073,287.36796850276227,288.8085334957989,83631500
2023-03-16,300.6662902832031,301.02887644464795,291.2389304597185,292.0327082473355,98198100
2023-03-17,299.2452697753906,302.95938486538984,297.29512832561835,300.5780518528827,89923700
2023-03-20,300.3072814941406,300.6311608615665,296.4205793211497,298.62893759374526,56359500
2023-03-21,304.5964050292969,305.04788323131515,300.72932185078076,302.24082881743965,49757000
2023-03-22,300.4544982910156,309.4155301746397,300.2876613290279,304.52768643281496,75791900
2023-03-23,304.0173034667969,308.33586449885354,301.32802358760387,304.1841703718912,74576000
2023-03-24,305.13623046875,305.23435576063616,301.2691474607354,303.5952799906133,57195200
2023-03-27,303.04559326171875,306.91267558955946,302.1916996936268,305.8330279937311,50287400
2023-03-28,301.4359436035156,302.49597217788687,299.12943045377114,302.4665286037527,48585900
2023-03-29,306.932373046875,307.5507181893601,304.31177457462326,305.1264302220419,53274300
2023-03-30,309.83758544921875,310.46575510812926,307.0207064008411,309.4057262969123,58354800
2023-03-31,314.9904479980469,315.22602661616287,309.75910503684963,310.0633653805016,62138100
2023-04-03,314.2248229980469,314.48984514713516,311.54536759921757,312.8703585335609,47126800
2023-04-04,313.1648864746094,315.677505418444,311.9478151451285,314.66656912426663,45875400
2023-04-05,310.0731506347656,313.15502177624506,308.25738336194655,312.2127972814154,62795700
2023-04-06,312.1636962890625,312.6544425683742,307.0305093772387,308.4242120369294,46916500
2023-04-10,311.98699951171875,312.03609210575996,307.45250919646037,309.238832639675,45134700
2023-04-11,309.9847412109375,312.0066431747439,309.47437592996783,311.9477260723513,40113600
2023-04-12,307.2463684082031,312.52680195388945,306.78506581343356,311.9379005633457,62813300
2023-04-13,313.262939453125,313.73403663078875,307.82546322301357,309.0032361199437,54613800
2023-04-14,312.6741027832031,314.4309529600365,309.7688631396703,311.7122292583174,56278300
2023-04-17,312.9390869140625,313.2924398141298,310.19091970365525,312.261854645645,43007000
2023-04-18,312.9586486816406,315.4712967532463,311.7612567220938,315.0492322620022,46746900
2023-04-19,312.8115539550781,313.8715829257095,310.42653370033116,310.55413255353517,38960100
2023-04-20,310.426513671875,313.361167295096,309.1407606157145,309.84743656628046,62462100
2023-04-21,310.75030517578125,311.5256925854782,308.286779534133,310.06327844359055,59002300
2023-04-24,310.1025390625,311.85938891120855,307.9334192694122,310.524573610328,44043100
2023-04-25,304.2528381347656,309.1406813692748,304.15471285096964,308.4732736850432,57121600
2023-04-26,306.09808349609375,309.11127287941105,305.5778936312846,307.63903402208973,55400500
2023-04-27,314.421142578125,314.92168340786424,309.2192141213213,309.8572082373793,65430400
2023-04-28,316.5902099609375,316.678540689249,313.056831064611,314.18554141895567,59712600
2023-05-01,316.2270812988281,317.6404329412085,315.1474335230133,316.1289260550677,41013400
2023-05-02,313.46917724609375,316.482367349887,311.7319158092858,316.1584579502725,56519400
2023-05-03,311.41778564453125,316.5019099639338,311.3098058864839,313.83224897780207,59882100
2023-05-04,310.31854248046875,312.3404149311977,309.2879572324431,311.19205535831844,50224500
2023-05-05,316.9141540527344,317.7680478062891,310.3577608434829,312.5759436628054,51806100
2023-05-08,317.6993103027344,318.04283866891797,315.3731778659205,316.45282560845146,36465800
2023-05-09,315.6872863769531,316.9043275857456,315.37320156411107,316.0406093268182,31768800
2023-05-10,319.12249755859375,319.9763912725399,315.6480055940912,318.1213560020154,60446600
2023-05-11,320.162841796875,320.7026506508327,318.12132077434427,319.67209558317825,44278500
2023-05-12,319.01446533203125,321.11487339109647,316.96314986336023,320.6928089058947,48432800
2023-05-15,320.741943359375,320.9774919751465,317.9643028030483,319.4856341539702,33375600
2023-05-16,321.1050720214844,322.81285929154046,319.98615625643214,320.0254243410232,40019200
2023-05-17,324.9918212890625,325.5708983222604,320.9873447050186,322.16511784019536,47486100
2023-05-18,331.02801513671875,331.2439447177348,325.36481333171304,325.3844324017041,64213500
2023-05-19,330.2820739746094,331.9505933702211,329.2220452265491,331.24391752243963,61554900
2023-05-22,331.3911437988281,332.40207988096876,330.0170303294707,330.02685483940945,43015900
2023-05-23,327.19036865234375,330.82190336326596,326.8370456829929,329.6735737600976,48216700
2023-05-24,325.5119934082031,326.74868358782186,323.46067760334,325.237176696374,62891200
2023-05-25,333.4326171875,334.6987508381004,330.4390771882498,332.8633647442254,66862800
2023-05-26,341.9520263671875,342.7863010934035,334.3552829944159,334.4534382479904,63007000
2023-05-30,343.5028076171875,347.37968560384667,342.07963129694366,346.18226337556894,72652200
2023-05-31,341.5495300292969,344.111240763774,340.096940449885,341.92250193301754,65105400
2023-06-01,345.4952087402344,346.8201997459397,340.2442175064159,341.2944217437348,50488600
2023-06-02,348.0863037109375,349.2444576542266,345.49517912675213,347.25202910838146,53372100
2023-06-05,348.3316955566406,350.883582144611,347.30114037340985,347.8703928659199,47266200
2023-06-06,348.27276611328125,349.23463946620757,346.39811200000617,347.72313275525806,41390400
2023-06-07,342.3642272949219,350.5106032126766,341.73605770611135,348.55744268687283,69225900
2023-06-08,346.61407470703125,347.0753773858951,342.4329369727751,342.6586610808147,47153900
2023-06-09,347.9390869140625,351.04060676974495,346.4962917589313,348.06668572991623,53196900
2023-06-12,353.8182678222656,353.91642307560437,348.6261933870345,349.5978615036992,44606500
2023-06-13,356.5369873046875,357.3712319959438,353.3667556384782,356.5664308825815,57097800
2023-06-14,359.1281433105469,359.41278455684176,353.7495829280698,356.54681293006774,69525600
2023-06-15,363.40740966796875,364.8894429222012,357.2436381860123,357.86195327861964,71138800
2023-06-16,361.1205749511719,365.9495318537329,360.67892124082596,365.82193301981806,80932000
2023-06-20,360.6035461425781,361.999190422026,357.6452217797614,359.66986728815994,49204700
2023-06-21,355.68939208984375,359.89594138420165,354.76552112387077,359.46348986847545,53378300
2023-06-22,359.8861389160156,360.043366747909,354.03823537075647,354.4412029254088,47603000
2023-06-23,356.3184509277344,358.61829053341046,354.6279666884513,355.9940972689347,48922900
2023-06-26,351.54180908203125,358.5789391758396,351.453357180665,355.78768031078647,52685500
2023-06-27,357.58624267578125,358.31356381466287,352.35756283184793,353.08485397686843,49428100
2023-06-28,358.2840576171875,360.23005920746044,355.68934883834453,355.76799273738425,46498000
2023-06-29,357.56658935546875,358.6280720795625,355.92526531964336,357.9892028503114,46151000
2023-06-30,363.08038330078125,364.1319981969894,360.9279635699781,361.24244924314036,58712500
2023-07-03,363.9353942871094,364.5643955337729,362.63803984892405,363.7191685474118,19432900
2023-07-05,363.92559814453125,365.62592029282894,362.33340387544496,362.372725830964,34460900
2023-07-06,361.1539611816406,361.59625066873787,358.2644125170553,360.22028225556915,49374700
2023-07-07,359.9548645019531,364.1221213170215,359.7288307790546,360.92789528811977,47133700
2023-07-10,360.0728759765625,360.7510372753997,357.1735189685086,359.6797463815223,48498800
2023-07-11,361.8517761230469,362.30387357517714,358.3626803681237,360.49545377279605,38214100
2023-07-12,366.4219970703125,367.7684815318609,363.9452239058997,365.95022361188575,61975400
2023-07-13,372.6434326171875,373.4690138483002,369.0167539985223,369.59662545868946,46960000
2023-07-14,372.5647277832031,376.289665406279,371.6899868150142,373.07579318427884,55148500
2023-07-17,376.0439453125,376.9186862565369,372.80058921448597,373.2821706367002,40868900
2023-07-18,379.1202697753906,380.48643025096686,373.4787840563649,375.4051399126897,55262000
2023-07-19,379.0318603515625,381.3218920543802,377.70502168178456,380.1817951970678,54093000
2023-07-20,370.29437255859375,377.50840607614344,369.27221176229006,376.0439558023817,71941700
2023-07-21,369.1837158203125,373.40010235740306,368.7512643809259,372.67278130360324,60499600
2023-07-24,369.7735290527344,371.1003377122522,367.9159489392237,370.156820667256,40380100
2023-07-25,372.27972412109375,373.94072429184797,370.4614661242125,370.48114209864303,38894400
2023-07-26,371.04132080078125,372.73180486329676,368.74148143559074,371.23790057306576,47075700
2023-07-27,370.1567687988281,378.10793162303287,368.8692522842773,376.4960914801021,63940200
2023-07-28,376.8990478515625,377.9211786460314,373.69498364625855,374.206049043493,56902900
2023-07-31,377.0955810546875,378.27499960431606,375.7785806707894,377.20370891876894,44019900
2023-08-01,376.2208557128906,376.9776307570312,374.1568883270381,375.7490823123402,41060600
2023-08-02,367.96502685546875,372.7514469360487,366.7266403892012,372.7514469360487,72687100
2023-08-03,367.3753662109375,369.4983018652998,365.39001240778197,365.5571082205294,47666400
2023-08-04,365.6553649902344,371.6113658724889,365.1541075912585,369.30168863408903,61702800
2023-08-07,368.7513427734375,368.84963266580394,365.13450268771936,367.4638261668701,37230400
2023-08-08,365.6160583496094,366.2647356007834,362.490637952567,366.24508962124304,44726500
2023-08-09,361.59625244140625,366.05834931171427,360.83947730891896,365.9010914931724,51150900
2023-08-10,362.2646179199219,367.93558806617574,360.74122949055817,364.60377950348595,72035300
2023-08-11,359.9548645019531,361.6846703494856,358.4314763934052,359.70915480742224,48707200
2023-08-14,363.994384765625,364.1123206320641,358.44135109912753,359.15880428458615,42130800
2023-08-15,360.1318359375,363.8174817408834,359.4634827031511,363.02135465299926,45539900
2023-08-16,356.3184509277344,361.12451792586296,356.2201610313143,359.5912915220789,53190500
2023-08-17,352.4263610839844,358.0580388030528,352.0135855407682,357.71403918779725,62604300
2023-08-18,351.98406982421875,353.2421023084122,348.6227478776219,349.1633272225095,61191400
2023-08-21,357.65509033203125,358.33325161164004,352.9866052878671,353.4485407972548,50696500
2023-08-22,357.1440124511719,360.269433026143,356.4560132078878,360.2595950388818,44530200
2023-08-23,362.7756652832031,363.8666320990124,358.107180337032,358.3234061027145,51770600
2023-08-24,355.02105712890625,366.3433500914388,354.81466936489005,366.24509019972004,66842500
2023-08-25,357.7730407714844,359.46352504551834,352.42639423006847,355.85652272428956,69960500
2023-08-28,360.4660339355469,361.39971297031235,357.9990984974861,360.69206770489353,40910000
2023-08-29,368.3384704589844,368.69230800859503,359.9450490630402,360.2693726558129,58492400
2023-08-30,370.3926696777344,370.97257104872966,367.44415284860855,368.4466677665844,41731500
2023-08-31,371.5032653808594,373.2035874718416,370.402490614343,370.471296535716,35730700
2023-09-01,371.110107421875,374.2944956090259,369.6260112017312,373.87188211383943,39801200
2023-09-05,371.5818786621094,372.800589196893,369.380299316676,370.30417020396686,32344200
2023-09-06,368.30902099609375,371.149439669224,366.3040513379726,370.805440073003,42998700
2023-09-07,365.67498779296875,366.4514388140844,362.8149233931356,363.8567300824944,52060700
2023-09-08,366.18609619140625,368.41715964189956,365.2229332864503,365.62590082593965,35800100
2023-09-11,370.5007629394531,371.0118283442909,367.24756874146516,369.21324644388017,39936600
2023-09-12,366.39251708984375,370.4811304591035,366.10748541432696,368.8299383335772,41391000
2023-09-13,367.7880859375,369.3901179238382,365.4980848118178,366.62834339305766,46300700
2023-09-14,370.79559326171875,371.77843208818126,367.47362322311847,369.53756076360116,48039400
2023-09-15,364.44647216796875,369.86192383840483,363.51276326138964,369.4589563099792,69811200
2023-09-18,364.8263854980469,365.9386058426175,363.2220343841815,363.5074786408104,36903500
2023-09-19,364.04888916015625,364.84613877575447,361.0271983746107,363.5075572118362,37621700
2023-09-20,358.8027038574219,365.46614355197374,358.7239461147386,365.11182382173274,45514200
2023-09-21,352.2278137207031,355.9089722370328,352.0605060828978,355.12154499734396,69734800
2023-09-22,352.2770690917969,356.10583105545084,351.9620981742192,353.970000227177,51589700
2023-09-25,353.9503173828125,354.0389273640815,350.3282417213544,351.31250337092115,39168000
2023-09-26,348.63525390625,351.91286148829664,347.6509924164087,351.37149964651775,53657700
2023-09-27,349.4522399902344,351.36170985960024,345.8301345452568,349.78688532316824,56066000
2023-09-28,352.37548828125,354.50149684068487,347.68054144851845,348.5368441938577,56453300
2023-09-29,352.63134765625,357.23771418524734,351.40102081312307,355.849901901727,64829600
2023-10-02,355.5743713378906,356.9720060523361,352.2869410494211,352.8971784631042,51625100
2023-10-03,349.3341369628906,355.3282864453552,347.7199335363626,353.13337228482897,60478500
2023-10-04,354.0881652832031,354.93461597202923,349.7081884718743,350.1707926968072,54786700
2023-10-05,353.04473876953125,354.4817520633378,349.5506226679585,354.078201267947,45897400
2023-10-06,358.9602355957031,360.15118378118626,349.2652523404519,350.05264964515703,75049100
2023-10-09,360.79095458984375,361.3322864922869,355.10192335075635,356.5979902725734,45304800
2023-10-10,362.7890319824219,365.4366984721372,360.62367417177717,361.1256272349863,46968800
2023-10-11,365.3775939941406,365.5646061019628,362.39528253424044,364.11774034197475,38215100
2023-10-12,364.1078796386719,367.8579138612387,361.71613120455214,365.87956850775583,49587900
2023-10-13,359.53106689453125,365.3185297611744,358.13340224170594,364.7378190364302,52469900
2023-10-16,363.5960388183594,364.64920581637176,360.70230764915857,360.8499408644695,44201100
2023-10-17,362.4050598144531,364.0979906254368,357.9365046440763,360.05266064848735,50999100
2023-10-18,357.651123046875,362.1196789996307,356.32236391560224,359.9149426875973,54280500
2023-10-19,354.30462646484375,360.2593967452439,353.50737702332975,359.06844869661955,72274200
2023-10-20,349.0191345214844,354.37351949388653,348.7927435626663,353.80263100200693,72559700
2023-10-23,350.0723571777344,353.6058529260909,345.59394861069154,347.70028297707074,60665200
2023-10-24,353.4778747558594,354.245597605717,350.190444601993,351.88337576286887,47082100
2023-10-25,344.8262634277344,351.26334378654053,344.2455525903835,351.0861838776441,71190500
2023-10-26,338.2513122558594,344.5604321044559,336.9619320878897,343.6253716602287,78621400
2023-10-27,339.8753662109375,343.34980841162735,338.664713645482,340.9777343824353,63476700
2023-10-30,343.70416259765625,345.02306953665595,340.9974431987372,342.3556989748793,55298500
2023-10-31,345.3478088378906,345.72183299342765,341.1646976913509,343.7336356854327,47671900
2023-11-01,351.3420104980469,351.9030468160759,346.0860571858595,346.18448935280355,58992700
2023-11-02,357.7200622558594,357.95627544374383,354.6294662070536,355.84997109811536,58162400
2023-11-03,361.9228515625,363.21223195183893,358.7830544209634,359.0094454192966,53280500
2023-11-06,363.3992614746094,363.960297864334,361.1354715320039,362.6905918342425,38848700
2023-11-07,366.8343505859375,367.70047565765793,363.2417713219163,364.44257180716573,50777400
2023-11-08,367.0705261230469,367.90715449646547,364.7870319858255,367.20830712864307,35663400
2023-11-09,364.24566650390625,368.90120425160836,363.7535357458132,367.759487325637,53859400
2023-11-10,372.4347839355469,372.5824171770866,365.43666791374335,365.96817762056844,58309800
2023-11-13,371.2733154296875,372.3264825668153,369.3343188464061,370.8599423722135,40733500
2023-11-14,379.2654724121094,380.1808584398654,377.1493161843345,377.67097358036534,67792600
2023-11-15,379.55096435546875,381.64744643002416,378.19267850224793,381.15531561580104,54141400
2023-11-16,379.8757629394531,380.11197610306954,377.52336338174916,378.78321698316876,45343500
2023-11-17,379.96435546875,380.9781437125755,378.241897673309,379.14740152203535,46571900
2023-11-20,384.59033203125,385.24980045802454,379.97414315566067,379.97414315566067,44429600
2023-11-21,382.3561706542969,383.1042192107648,380.6140381363647,382.88768042006546,43337000
2023-11-22,383.9210205078125,386.8836570975429,382.9170846377241,384.4230034614946,44121000
2023-11-24,383.3797607421875,384.1081047433518,382.38564687454755,383.5175417523055,15718800
2023-11-27,383.0451354980469,384.9939544223412,382.16912817517203,382.8876500230149,34139700
2023-11-28,384.049072265625,384.6297830598259,381.94273782541677,382.2970876541649,35491100
2023-11-29,383.67498779296875,387.93685707414187,383.3304902471519,386.50966582887696,38811700
2023-11-30,382.71044921875,384.4033804806494,379.74784203838783,383.94077629753497,52834400
2023-12-01,383.802978515625,384.3935414950963,379.99389085209225,381.6474431647872,40490100
2023-12-04,380.2398986816406,380.5154906920267,376.6374980933456,380.01350772989355,51186900
2023-12-05,381.19464111328125,382.38558910649584,378.1630989012916,378.34028879793397,42933000
2023-12-06,378.98992919921875,384.2262082878161,378.64546165801414,384.12777611720855,41994100
2023-12-07,384.28521728515625,385.1119933558489,380.8698286160153,381.96237452044045,49593500
2023-12-08,385.9978942871094,386.44079399552544,382.36596649169275,382.5529786032287,46687500
2023-12-11,389.295166015625,389.56093589114397,385.36797155305123,385.5746580939018,41198000
2023-12-12,392.3955993652344,392.5137059555065,388.20263518688597,389.3345300600356,39221200
2023-12-13,397.38580322265625,397.99604066159475,392.56292697200246,393.3306498850675,55408100
2023-12-14,397.041259765625,399.905434289617,394.0392441768575,398.6062319416691,55447800
2023-12-15,398.9606018066406,400.1417277666197,397.2184695510884,397.8188547219358,62896600
2023-12-18,401.4734802246094,402.3709508674687,399.0276552700058,399.35309710444824,46610000
2023-12-19,403.52490234375,403.64324484426675,401.7398327339718,401.9272183922163,35711900
2023-12-20,397.5285949707031,404.8168311468239,397.3510812317631,402.7260335176809,54042400
2023-12-21,402.15399169921875,402.5189211694134,398.8994528678763,401.4537785755834,45568900
2023-12-22,402.7555847167969,404.3236828046268,400.8817585167201,403.36704094129067,34314000
2023-12-26,405.2211608886719,405.8917883667709,403.5149764749767,403.6136052446442,22722500
2023-12-27,406.0461120605469,406.33227692599,404.64491903161536,405.5034136279449,31980500
2023-12-28,405.8487548828125,407.447309237934,405.49354065707996,407.20062265458364,27029200
2023-12-29,404.0923156738281,406.18424303030133,402.1780255292888,405.8289987195395,42662100
2024-01-02,397.2541809082031,400.7077928852175,394.93532112958644,400.46110631543075,58026900
2024-01-03,393.05059814453125,395.68522373186335,392.6164575232952,394.62939807730413,47002800
2024-01-04,391.0278015136719,394.2939291818346,390.8107161348315,391.1856845267472,39432800
2024-01-05,391.4915466308594,394.26430098559865,390.10023090449675,391.19553482231566,44922800
2024-01-08,399.5829162597656,399.86905099818864,392.5671345830091,392.7151405016946,42473800
2024-01-09,400.3722839355469,401.2998278033739,396.385820723595,396.5831820153857,39132900
2024-01-10,403.08587646484375,404.09234688237234,399.8000244303325,400.68809010616457,33962800
2024-01-11,403.924560546875,405.75004702844257,398.8822718365916,404.35873128129447,54536200
2024-01-12,404.1318054199219,405.79940904791505,402.7404895467562,404.96066868440437,39595000
2024-01-16,404.0923156738281,405.67111570510156,401.43796583773303,402.8983611364545,43903000
2024-01-17,401.81292724609375,402.1878956347256,397.57980756543736,400.7867328397497,54386000
2024-01-18,407.516357421875,408.0985341433326,403.73713222559695,405.0790927808669,59562500
2024-01-19,415.5978088378906,415.7556918630463,409.13463247146666,409.71680918810495,70325100
2024-01-22,416.1405334472656,419.10077238644385,415.53860253748337,417.79826002605955,44880600
2024-01-23,417.8672790527344,418.08436441473145,414.99584408349705,416.8311775060242,33003800
2024-01-24,420.1861877441406,424.1529273697124,419.69281456588413,421.77486503694314,46948000
2024-01-25,420.69921875,423.3535682500219,418.3606352388741,422.6825579953423,44367200
2024-01-26,418.1929626464844,420.56114783250166,417.5417064505357,418.81461765684946,37137000
2024-01-29,422.4754333496094,422.6727946600037,417.995596599009,418.6468527875806,38694700
2024-01-30,419.6632080078125,422.0116691243493,418.7554182347818,421.43936949466547,36739000
2024-01-31,411.4436340332031,417.2654315784379,411.26602691421135,415.272214756942,64010600
2024-02-01,416.2885437011719,416.7819168628328,412.2724789381055,413.2395011756799,51008600
2024-02-02,423.32403564453125,424.5377143092311,417.18647251424335,418.1830657905494,59602400
2024-02-05,422.7714538574219,423.916053037669,419.36716716110675,423.3832317302422,39889200
2024-02-06,421.9228515625,424.5179991788691,419.58426762321915,423.9160682702638,35846100
2024-02-07,426.26458740234375,427.09345080308174,423.40302873270065,424.70554126805104,37712700
2024-02-08,427.0539855957031,427.8137694878013,425.7021478372285,426.3829751534842,29889900
2024-02-09,431.2574462890625,432.0468613748132,427.39929486367424,428.1886798363185,36943900
2024-02-12,429.57012939453125,433.31978339162515,428.88927204043836,431.14892949261775,33203300
2024-02-13,422.8701171875,425.55406834305234,419.69279287918516,421.6169602202019,64491700
2024-02-14,427.47821044921875,427.90250410840184,423.19573534961575,425.54419623622834,45092700
2024-02-15,428.75115966796875,429.2149316499549,425.61328343662643,428.1689829438769,38796100
2024-02-16,424.8633728027344,429.2247747002088,424.15291424350715,429.12612415809764,53716500
2024-02-20,421.65643310546875,424.37983239693597,417.8870550394781,422.87011177333653,53999500
2024-02-21,419.9690856933594,420.05791936146005,416.04185462250535,418.9231370059664,49779000
2024-02-22,432.26397705078125,433.30004866411934,427.9617473429976,428.73140828484816,53887800
2024-02-23,430.99102783203125,434.7505286525933,430.0141586762791,433.82298476432334,39853900
2024-02-26,430.7640686035156,432.7869165083509,430.576584404699,431.80017024641353,33043200
2024-02-27,431.8001403808594,432.1849557375839,429.2641954359341,431.86921984156254,33713200
2024-02-28,429.5010681152344,430.88253708025496,428.5439229619259,429.6589511430398,32938800
2024-02-29,433.1816101074219,434.2571599221341,429.2543491340669,432.4218263244893,42495200
2024-03-01,439.7039794921875,440.6611245537349,434.01046450298435,434.06966686859715,43853000
2024-03-04,438.13507080078125,440.12831755147187,437.8883842316844,439.7039937666643,34325700
2024-03-05,430.270751953125,435.1058333617922,427.9025666362307,435.0959562616823,57917100
2024-03-06,432.9744567871094,436.1320271664218,431.09964466921923,434.48417755889216,46234500
2024-03-07,439.546142578125,440.7992995133113,435.0169506522898,436.55630255352224,44526700
2024-03-08,433.2013244628906,442.69384860902386,432.5303442452579,439.9013398799173,72096000
2024-03-11,431.5929260253906,432.84608283298553,429.668758929591,431.7113307488668,45860000
2024-03-12,437.77984619140625,438.1350603881726,430.67526112502065,433.901940644511,55300900
2024-03-13,434.4150695800781,436.8030089363392,433.30004141473387,436.78325473745014,37928700
2024-03-14,433.3197326660156,436.17141347218296,430.60618066646595,435.6484392004303,52195200
2024-03-15,428.1689758300781,433.0533520394362,427.0045922881317,430.2904743925129,73069800
2024-03-18,432.25262451171875,435.77008416544805,432.01547173361786,433.4876884393745,47323800
2024-03-19,433.32952880859375,433.7346333318046,428.15212113029696,430.2468145521752,43004100
2024-03-20,438.4674072265625,438.80334096798737,432.8256441272629,434.5250931534227,43653500
2024-03-21,440.54229736328125,443.9708355613274,440.34470525377156,443.51634054123906,39345700
2024-03-22,441.0462646484375,442.1429869204166,439.1788335545133,440.0285731989278,28253900
2024-03-25,439.4456481933594,440.92772494895036,437.2521733889676,438.25008456707394,27789200
2024-03-26,438.0228271484375,441.88611062299844,437.79556453713616,440.9672001706422,34142000
2024-03-27,439.5147705078125,441.2043596487488,436.64942826389364,441.1055485052493,41359200
2024-03-28,438.7045593261719,440.3150873730311,438.3488452662453,439.46534778476365,36839600
2024-04-01,439.63336181640625,442.1825204613971,437.7264002216161,439.65311198392817,38729000
2024-04-02,435.8392028808594,436.15538646711934,432.79601878365486,434.8215114618378,44259700
2024-04-03,436.8174133300781,438.69470445821014,433.70505828173714,433.71491828910797,39949800
2024-04-04,430.13812255859375,441.6094104504409,429.910859971514,440.9967934965204,57267700
2024-04-05,435.2068176269531,437.8745673418474,430.75069804531415,431.56090708796177,54744600
2024-04-08,435.3352966308594,437.2125875865216,433.9520311978938,436.13561556539395,28144900
2024-04-09,436.94580078125,437.9437117785747,432.21302808963225,437.66705870710007,39443600
2024-04-10,433.1319580078125,433.9915576445621,431.0669348170311,431.77833281863883,61502200
2024-04-11,440.04827880859375,440.9967993468194,432.7268171178065,434.99935255997985,45474600
2024-04-12,433.0330810546875,436.95564455090334,431.6597059071951,435.82928214208215,53665000
2024-04-15,425.90924072265625,436.8667221559595,425.0693913833337,436.77780118867906,63453600
2024-04-16,425.94879150390625,428.57701077839033,424.5655261365261,425.75116924302756,47619000
2024-04-17,420.7516784667969,427.9446892970782,419.82290801689595,427.9249391300538,56880500
2024-04-18,418.3507080078125,423.12298141821606,417.77762150042236,421.3938920422411,46549400
2024-04-19,409.69537353515625,417.69859329896826,408.13426609892537,417.17492743365193,75231000
2024-04-22,413.8155212402344,416.14730709405615,408.9938276035389,412.32355460226944,47807700
2024-04-23,419.99090576171875,421.1864391995663,413.86497662605376,415.7422677634582,44384700
2024-04-24,421.4136962890625,424.5952221276178,419.13130059541714,423.0835051077627,48440300
2024-04-25,419.3782958984375,420.23789551957753,413.1436959522945,414.23052802555014,57392200
2024-04-26,425.85003662109375,427.38150380995216,421.8188012818527,422.51041898043206,41874900
2024-04-29,427.5791015625,428.57704279451684,424.84221094712433,427.9545657944638,30022200
2024-04-30,419.5166015625,427.39136982222493,419.4375707439293,425.9982141906258,43665900
2024-05-01,416.4832458496094,425.00027078139163,415.6335364646761,418.0937738009243,52251700
2024-05-02,421.7990417480469,422.6981719381448,415.60397171865054,420.2181538330717,36559000
2024-05-03,430.27642822265625,431.26447914891605,427.45058689403425,429.2488468165281,48515300
2024-05-06,434.989501953125,435.0784229348323,431.3040604511998,432.07473911225696,30227200
2024-05-07,435.05865478515625,436.6889330215927,434.32747648868434,435.4341190165748,30996100
2024-05-08,434.8017578125,436.20480361971187,432.3217399415846,432.44033140017706,24896700
2024-05-09,435.750244140625,436.32333061017573,433.22083597558594,435.0684865337355,24580100
2024-05-10,436.77783203125,439.0009468290101,435.23647485037026,437.25210737649155,27116600
2024-05-13,437.78564453125,438.78358573741383,436.3727387710848,438.6847746021528,22994200
2024-05-14,440.6016540527344,441.1352101310495,437.1731152629732,437.36084739880766,34478300
2024-05-15,447.48834228515625,447.73535506298566,441.56003561725066,443.0717526114495,41464700
2024-05-16,446.5793151855469,449.2569250327754,446.41133324323863,447.30057313923777,34780400
2024-05-17,446.3619384765625,447.31045901301263,444.16846400588616,446.70773221124824,35803700
2024-05-20,449.47430419921875,450.1362815132888,446.39158976534486,446.5793218760035,24474200
2024-05-21,450.35369873046875,450.54143085979473,447.42907579122794,447.6266980809167,23167700
2024-05-22,450.2647399902344,451.3614923460644,447.6661608786562,450.6105638917276,25120000
2024-05-23,448.2392578125,455.0765544193966,446.4508877649814,455.04691409303155,40899200
2024-05-24,452.4779968261719,453.7427009819922,448.1503283413245,449.8497773775448,29669500
2024-05-28,454.1873474121094,454.24662806913835,451.23308410942803,453.69332183491565,26216800
2024-05-29,450.9860534667969,452.76453341311486,449.8991912094127,450.0375328389557,29739200
2024-05-30,446.1544189453125,450.19557408760653,444.8304342178574,450.05723247359657,30536800
2024-05-31,445.324462890625,447.0733324786168,437.76587868424843,446.38168470948995,55941300
2024-06-03,447.7155456542969,450.136252464962,442.54802817081566,449.1383414785647,32997500
2024-06-04,448.9407653808594,450.1362987474651,445.73948952356676,447.4586887576052,23767400
2024-06-05,457.9913024902344,458.07033330703183,448.98028172906453,452.50763121803925,33817400
2024-06-06,457.8332214355469,458.9892544596683,456.6673284046728,458.67307087921665,21966800
2024-06-07,457.42816162109375,460.17494266998284,456.32154913419294,457.46769211074843,25829700
2024-06-10,459.2757873535156,459.6315014350847,456.015230729256,456.3017739959468,20660800
2024-06-11,462.42767333984375,462.5462648024494,456.5092567926191,458.0012236295698,22053300
2024-06-12,468.4844055175781,470.80633154634563,465.6585939506412,466.35021160302534,34532600
2024-06-13,471.02374267578125,472.6738013539068,468.75123710526043,472.0117938199952,25859000
2024-06-14,473.46417236328125,473.5333431716281,470.361677676087,470.8260628632491,23372600
2024-06-17,479.26397705078125,481.042456646384,472.42668156705236,473.7308858657978,37054500
2024-06-18,479.4122314453125,480.09398906770866,477.65350181941676,479.21463933122305,24438600
2024-06-20,475.7169494628906,481.0227788796813,473.8890489544044,480.6078143162827,33918700
2024-06-21,474.44232177734375,476.7741378160484,472.9503852718537,475.44026293593026,37456800
2024-06-24,469.0409851074219,474.9490265120443,468.90245380557906,473.2171889334799,37751000
2024-06-25,474.40478515625,474.70165954196335,470.1889876740023,471.129140230183,29014700
2024-06-26,475.38446044921875,475.92877037792846,473.16771802191516,473.58334212660935,22737100
2024-06-27,476.611572265625,478.08612876340686,474.32554913110164,475.13704596869303,26222100
2024-06-28,474.13751220703125,482.1435762094865,473.4942643131208,477.403281069795,34881600
2024-07-01,476.91839599609375,477.48245728594264,471.3171348061598,475.0579027852008,24898300
2024-07-02,481.9259033203125,481.98527819601577,475.2954269921551,475.4240826231297,26723600
2024-07-03,485.94378662109375,486.0724422579742,481.17380338161604,481.17380338161604,18064900
2024-07-05,491.0105895996094,491.44602546018973,486.4880122572662,486.7849168172166,28495900
2024-07-08,492.1783752441406,492.73256089290976,490.35747522663445,491.37678420928336,22109400
2024-07-09,492.6039123535156,494.8107793015075,491.08979257688713,493.6925021081496,25614500
2024-07-10,497.7400207519531,498.29420637540426,493.2174734535237,494.5237508797434,28046900
2024-07-11,486.8244934082031,498.05670338480786,485.6369657380776,497.84889132768484,49966600
2024-07-12,489.6845397949219,494.4347111271838,486.9333931098234,487.39851644367485,37109400
2024-07-15,491.000732421875,495.8103089222989,488.962114418248,491.45594988459715,31151400
2024-07-16,491.188720703125,493.2669318468274,488.03182577264374,492.4554349867678,25950600
2024-07-17,476.7699279785156,483.72696575198995,476.70067742779014,483.21237345638946,56268800
2024-07-18,474.5136413574219,480.6690887882238,471.32705866428927,480.4909641521686,49347400
2024-07-19,470.3077087402344,476.690779451391,469.0212128794801,474.1771324025522,42042900
2024-07-22,477.31427001953125,478.3335790011108,472.75209900040915,476.1663054051844,40300000
2024-07-23,475.63189697265625,479.40235260218805,475.1568979647483,476.41370644097475,23282500
2024-07-24,458.57080078125,469.2686064367645,457.70983493602466,468.9024513256549,58818600
2024-07-25,453.51385498046875,463.08350861797516,450.9012698036603,458.9073044861217,59256800
2024-07-26,458.1650695800781,461.0943407799324,454.9982686823399,457.848383450134,39992100
2024-07-29,459.08538818359375,463.05377989321454,456.8290524680878,460.87660060595,28218500
2024-07-30,452.781494140625,461.7177744944523,449.4365688567625,461.01515173154047,41317200
2024-07-31,466.1810302734375,467.88318054552457,461.56939023161044,463.01422923671885,44552100
2024-08-01,454.8894348144531,470.61450517713496,451.2476348425809,466.86386133368035,56653900
2024-08-02,444.0926818847656,448.8626651255824,439.8571027508125,446.2104865521691,66323200
2024-08-05,430.8515319824219,437.69972643798087,419.05525994795903,420.3021625718776,87483500
2024-08-06,434.96832275390625,442.4300770811271,430.04990284842074,432.6922054571562,63164400
2024-08-07,430.2577209472656,444.3400455113918,429.8618783945526,441.85608592677744,54929200
2024-08-08,443.41973876953125,444.3301736904715,432.6130580671069,436.48248198323597,47890100
2024-08-09,445.73541259765625,447.36828199277033,440.98521139268263,442.1034884926195,33574000
2024-08-12,446.69537353515625,449.65433226208825,443.8947276771572,446.7052794147843,27795000
2024-08-13,457.7791442871094,458.04636144639977,450.9507613193879,451.0893228391465,40084500
2024-08-14,457.92755126953125,460.28282498699116,453.6424734145616,458.6994548040249,34733700
2024-08-15,469.49627685546875,469.89211944188804,463.51895413772047,463.8950151651175,38280600
2024-08-16,470.09991455078125,471.46559709537195,466.7549889446626,467.71492303753774,38383600
2024-08-19,476.275146484375,476.31473980211405,468.4571423782289,470.23847926625564,23737700
2024-08-20,475.275634765625,477.92781315701507,473.5833602435094,475.36469707718084,29209300
2024-08-21,477.49237060546875,479.34295796614543,474.3453815043976,476.0574073595781,25658800
2024-08-22,469.9217834472656,480.50083988140653,468.89256861321644,479.8080927390778,37739600
2024-08-23,475.018310546875,477.72986373864114,470.3472959517967,474.2661885575702,36061500
2024-08-26,470.4067077636719,475.39440887231615,468.3284964516656,474.47406807156517,27452600
2024-08-27,471.81195068359375,472.8807286031664,466.8143440444415,468.77380546465093,27510000
2024-08-28,466.4580993652344,472.06923634933787,463.0340174366107,471.3468319839668,37372400
2024-08-29,465.7752685546875,472.9698061378377,464.4986483367516,468.36807210677364,41081500
2024-08-30,471.3270263671875,471.9504927515124,465.626826998042,470.1098112366977,33466500
2024-09-03,457.01715087890625,468.41758089345274,454.64206506764924,468.28895545355164,44985200
2024-09-04,455.82952880859375,459.62970181353774,452.9794443561613,453.9096909499647,32505100
2024-09-05,456.2550964355469,460.5302382843721,453.18726380172785,454.2065727199707,34452400
2024-09-06,444.0333251953125,456.43328283285973,443.53851438742817,455.5525050984152,50624400
2024-09-09,449.7433776855469,450.73299918390046,445.15154963762876,448.35791362802206,32981200
2024-09-10,453.8998107910156,454.404527431382,447.5365516543528,451.50491342000015,29680300
2024-09-11,463.7564697265625,464.4986859271494,446.59643479309636,455.13687403998614,57843000
2024-09-12,468.3086853027344,469.1201821772386,462.00480120861374,463.78610782015113,40067800
2024-09-13,470.4067077636719,471.5843598337803,467.3487807735019,467.57640460415297,29111800
2024-09-16,468.3284606933594,468.94202118034616,465.0132528878114,468.2789916995769,22585600
2024-09-17,468.5758972167969,472.64325748454945,466.082061787513,471.3468556724097,30084400
2024-09-18,466.54718017578125,473.8604676353551,465.9434953333067,469.7733560531388,39909200
2024-09-19,478.3434753417969,481.18371466250795,475.50326622193984,477.6012591522515,52782500
2024-09-20,477.4329833984375,478.670010233335,473.33593602484865,477.4824523914932,34577700
2024-09-23,478.69854736328125,479.7886668451641,477.271487358506,478.60935989339436,24843000
2024-09-24,481.0075988769531,481.95896214496486,475.8543534522044,480.1057741228812,25952600
2024-09-25,481.45355224609375,483.40584748164935,480.20486720146965,480.3832421383325,26549900
2024-09-26,485.0707092285156,489.26270143246154,481.4336813987619,488.935650492815,32020200
2024-09-27,482.37518310546875,486.2302350383357,481.19587618082716,486.091478815064,22851100
2024-09-30,483.6833190917969,484.0202596018101,478.5796124436247,481.41389274489046,30281100
2024-10-01,476.9444274902344,483.61395044024334,473.109215140219,483.31665887950265,42735400
2024-10-02,477.61834716796875,479.53099347672526,473.42635462803594,476.0426111384499,23744000
2024-10-03,477.26153564453125,480.19492312784206,474.6848980169124,475.42815712622803,25337200
2024-10-04,482.9400329589844,483.49499732601123,478.054350472024,483.06886937334593,30686600
2024-10-07,477.7669677734375,482.19679333270193,476.5480119306122,481.0274062437878,24975100
2024-10-08,484.9022216796875,485.5860224668313,479.5012237331116,480.3039411365778,28272000
2024-10-09,488.7176513671875,489.29245536882917,483.5644061682119,484.6049568617026,24995000
2024-10-10,488.1626892089844,490.0257969581118,485.13019433844016,486.4383376827158,25750400
2024-10-11,488.92578125,489.9465528845827,485.7644800473663,486.32933403584406,20644500
2024-10-14,493.028564453125,494.3465973585844,490.808706825702,491.3141024770898,26060100
2024-10-15,486.4383239746094,494.0195609373264,484.2878142839425,493.35556948418406,34784500
2024-10-16,486.4977722167969,487.2707604745814,483.18779530560226,486.76533460642946,22996800
2024-10-17,486.8347473144531,492.0276416079537,486.7752890014201,491.97810309485703,27210700
2024-10-18,490.0257568359375,491.1158762002441,488.866259365882,489.6194382436373,25335000
2024-10-21,490.96722412109375,491.7699414964701,486.8941486948424,488.81671457355066,30336500
2024-10-22,491.5024108886719,492.9790396580823,487.5482818189782,488.301460782079,26685800
2024-10-23,483.97064208984375,489.807717724267,480.6903945433638,489.15364612603236,39346600
2024-10-24,487.89508056640625,488.568961530818,485.04096090149875,487.6869462518437,22024900
2024-10-25,490.8681640625,495.7835760452956,489.98614869868027,490.68978912710674,38762100
2024-10-28,490.9473876953125,494.0393406046325,490.6500961629891,493.9798822981678,20477800
2024-10-29,495.6646423339844,496.84394921613693,489.4113580647336,491.2645459528903,28014100
2024-10-30,491.9186096191406,495.85292901449105,491.43302334965017,494.9015658306743,29756000
2024-10-31,479.501220703125,488.004091392637,479.4021134423859,487.95455288391236,41245200
2024-11-01,483.049072265625,486.33924004761803,480.8391344021652,481.1364259666195,33655800
2024-11-04,481.641845703125,484.9815519553387,479.8976545652101,482.4445631601672,23291600
2024-11-05,487.7861328125,488.45012432937443,483.13828292426075,483.2274703978778,24353600
2024-11-06,501.03594970703125,501.85850679379894,495.10971593005127,496.06107920229374,43082200
2024-11-07,508.9243469238281,509.70728521710686,503.7711019992823,503.83056030755586,32853100
2024-11-08,509.5190124511719,510.2919704920393,507.80452026333353,508.4288627704024,22924500
2024-11-11,509.2217102050781,510.94606166969805,506.3279414175583,510.7379273428509,24167500
2024-11-12,508.3000183105469,510.0342895835151,505.24771417717085,509.1523347344934,25835300
2024-11-13,507.64599609375,510.3514400261562,505.36668014613633,507.7946721174008,24567400
2024-11-14,504.1180114746094,508.18113740505333,503.2062669199819,507.30907205086606,28679500
2024-11-15,492.1069030761719,498.80612454252906,490.04558089937717,498.41964553643646,51461100
2024-11-18,495.5259094238281,497.6268806924794,492.265501060555,493.6529120920853,27080800
2024-11-19,498.9349670410156,499.4205835584643,492.612304704476,492.94927544853863,24523000
2024-11-20,498.6476135253906,498.9548248827178,492.0970072679585,498.63769372570533,29565500
2024-11-21,500.44134521484375,502.4035299899302,493.088021478257,501.6900000053646,34526700
2024-11-22,501.2440185546875,501.9773578308753,498.2610624556709,499.8863368165391,23826600
2024-11-25,502.036865234375,506.8532002381663,499.727820122481,505.3171131868859,26375200
2024-11-26,504.73236083984375,505.55491780378014,502.671069017246,503.5134050919411,26557100
2024-11-27,500.7584533691406,503.6720316612962,497.41874708868886,503.6026837920866,24957400
2024-11-29,505.15850830078125,505.7531216213566,500.7683318681806,501.38275454356886,15334000
2024-12-02,510.6586608886719,511.6199741872277,506.03065079539806,506.4171600748149,25147200
2024-12-03,512.2244262695312,512.5019386948712,508.7558838722561,509.3306878343324,18597900
2024-12-04,518.5570068359375,518.8146796626284,514.9298686374995,515.6434288103802,26086200
2024-12-05,517.1200561523438,519.3299939278061,516.733546890651,518.6065744020088,18169600
2024-12-06,521.748046875,521.9858801083601,517.6551619389516,517.7839983547849,23762600
2024-12-09,517.6849365234375,521.6192257616104,516.5353285463648,520.8264281316256,20674400
2024-12-10,515.9208984375,520.6579655236552,514.4938385293885,518.9137744707876,24350000
2024-12-11,525.1571044921875,525.8409052468438,519.875053656175,520.2813419948772,32168600
2024-12-12,521.7679443359375,524.2058562213963,521.2922778164673,522.9373315206931,23577500
2024-12-13,525.76171875,528.3779449247531,522.5607082907461,525.6923406392922,28780400
2024-12-16,533.3329467773438,534.3041797331767,528.2094313308821,528.2887292324265,31979900
2024-12-17,530.9843139648438,532.6492071689107,529.3293405604305,531.5392783661994,28579100
2024-12-18,511.8280334472656,532.0546259876975,510.38119437057514,530.3401942657196,54703200
2024-12-19,509.54876708984375,517.070576909416,509.2118567871215,516.5056926514047,46441800
2024-12-20,513.9983520507812,520.1030209685301,504.71260298135905,505.852260942774,60530000
2024-12-23,519.006103515625,519.3833002478667,512.3159202923702,515.7106302984251,29672800
2024-12-24,526.0437622070312,526.1330632045123,520.3163815436208,520.9516666586724,17558200
2024-12-26,525.6863403320312,527.3142356084127,522.4206745678785,524.4158307733787,19090500
2024-12-27,518.6984252929688,522.5596938208661,514.0331448619471,522.1229428744699,33839600
2024-12-30,511.7996826171875,515.5219705176164,508.0476176252374,511.7004458401546,34584000
2024-12-31,507.4521484375,513.8345947756108,506.4893152844088,513.0802618771279,29117000
2025-01-02,506.4595031738281,512.8221380642742,501.9728857721829,510.49940358547883,36389800
2025-01-03,514.7478637695312,515.8099640553276,508.7425836013159,509.55647072922574,29059500
2025-01-06,520.6636352539062,524.0186619500208,518.1722350078821,520.1475192435014,36109700
2025-01-07,511.3728942871094,522.1030076792526,509.4869713360559,521.7059999662438,36690300
2025-01-08,511.46221923828125,513.0999895323981,506.7969397096138,511.2736208982677,30777800
2025-01-10,503.44195556640625,507.7994984696709,500.19613120906627,507.7002616861164,40532500
2025-01-13,501.8240051269531,502.28059733248006,496.00732395497107,497.4962392396563,31694200
2025-01-14,501.3475036621094,506.3899800109314,497.8833040534822,504.9804603188273,33737200
2025-01-15,512.8816528320312,514.0231181011155,507.6803552886918,509.23879071405617,34957600
2025-01-16,509.2884521484375,515.2242416848954,509.15940797728683,515.144815906314,28229000
2025-01-17,517.8843383789062,520.1971366722539,509.3181091218114,518.9861209529159,51837900
2025-01-21,520.9218139648438,522.0831509199561,516.2168513724278,520.6041714349437,23628000
2025-01-22,527.5823364257812,529.8752639091944,525.3489631399584,525.6566699248622,33593000
2025-01-23,528.7039184570312,528.8230268358762,524.5448792406889,525.1304853393235,23096600
2025-01-24,525.7160034179688,529.8452340803308,524.2469601047221,529.0809656294645,19878300
2025-01-27,510.4101257324219,514.1621608800974,506.3801003492405,507.223825099109,60771700
2025-01-28,517.9539184570312,519.135127001106,507.9980395084438,511.4125906777684,33194200
2025-01-29,516.9811401367188,518.7281436223639,513.0801896776674,518.5990994614392,26649000
2025-01-30,519.1846923828125,522.2121410225601,514.380493502768,519.8398489654351,27431300
2025-01-31,518.4303588867188,527.5921922182381,517.3385119017584,523.0261489535886,38755200
2025-02-03,514.28125,517.000992221849,507.27342449560086,509.6755241871737,40580800
2025-02-04,520.59423828125,521.2295233442737,514.4003603770645,514.7974286874838,26046800
2025-02-05,522.9566650390625,523.11551659981,516.7727228160936,517.9638671852232,21134100
2025-02-06,525.6863403320312,525.8948102853632,521.8548794809367,523.4629031663001,19434500
2025-02-07,519.0557250976562,528.1678797493125,518.3311390158517,526.2224024701397,29605500
2025-02-10,525.3388671875,526.440649799091,522.8573420708846,523.3238397124358,20852800
2025-02-11,524.0882568359375,526.0039872775455,521.9442454321847,522.0732896066455,19325500
2025-02-12,524.3959350585938,525.2793726405877,518.0928847804781,518.4402741025981,25009400
2025-02-13,531.9398803710938,532.2574623508953,525.2794434932922,526.0635838146525,28714800
2025-02-14,534.1731567382812,534.8580601398642,531.7114424599516,532.0489565555039,17862600
2025-02-18,535.3840942382812,536.0094434356852,532.0786857068766,535.7414193270516,20565000
2025-02-19,535.5330200195312,536.8134652370089,532.4956355398415,534.5900283086233,19666900
2025-02-20,533.260009765625,535.1161861718319,528.5252998523972,534.7489252091573,26550800
2025-02-21,522.1923828125,534.421347555334,521.8251218909734,534.4014759647268,47093800
2025-02-24,516.0283203125,525.160347339716,515.6908667320525,523.9791386398983,39268400
2025-02-25,509.52667236328125,515.4823335308943,505.67533996149535,515.402907751773,48940000
2025-02-26,510.75750732421875,515.8197951624629,507.59107833039616,511.7203707318304,34457600
2025-02-27,496.5730895996094,515.2341793751592,496.35471414579564,514.3011233717788,52448000
2025-02-28,504.41473388671875,505.0202115627976,493.2577747457523,496.43413947250224,47654000
2025-03-03,493.37689208984375,509.2487196326077,489.93253345416554,507.7399630206097,44587200
2025-03-04,491.8879699707031,500.0174498903787,484.1356867718227,490.5280988504062,67875400
2025-03-05,498.30023193359375,499.9082555325708,487.6296728031353,492.5331693757525,46323700
2025-03-06,484.5923156738281,494.89558418778057,482.6070952577814,490.0417360224173,57574300
2025-03-07,488.1557312011719,489.6347105616838,476.9789317441554,483.5599415759992,54714700
2025-03-10,469.2366638183594,480.39359355913183,465.19673274957023,479.87744712390025,76668000
2025-03-11,468.1149597167969,475.27167052229146,463.5588826960084,468.8594173402994,68760800
2025-03-12,473.39569091796875,477.50508157643935,468.3035955192933,475.61912817116786,46971100
2025-03-13,464.8790588378906,472.760386273074,462.98316971511383,472.7306091786664,46563300
2025-03-14,476.1153869628906,477.0087300371878,469.6237081167645,470.2292160585815,43563000
2025-03-17,479.2024230957031,482.2497437290607,474.26914911026887,476.06577117794853,41744400
2025-03-18,471.03326416015625,476.0657749736721,468.91899953639006,475.86727110411596,39072300
2025-03-19,477.3363342285156,481.74349565345614,471.3608014299573,473.28646764378425,40430300
2025-03-20,475.7183837890625,480.96927004322396,472.6611273475336,473.35596661844284,36780500
2025-03-21,477.28668212890625,478.0509810732746,469.4152905592447,470.57662752286865,42234900
2025-03-24,487.76043701171875,488.60541998448804,481.53742091872255,484.8576794709337,34567200
2025-03-25,490.54388427734375,490.7029423960745,487.52187103316214,488.4861400211188,26035200
2025-03-26,481.5174865722656,490.2455985952576,479.9667080597325,489.3906651224751,34627100
2025-03-27,478.7738342285156,483.70451433059617,477.41193517577676,479.5591741727875,33469800
2025-03-28,466.1687927246094,477.68034714960163,465.28403763438615,476.974551402309,46363800
2025-03-31,466.14892578125,467.08334293131804,454.62739030879317,459.1902923533091,53000300
2025-04-01,469.90655517578125,470.83105198841025,461.6754876852753,464.53844262078127,41156200
2025-04-02,473.3361511230469,476.7260031222664,463.1069521266998,463.3654253458386,49894500
2025-04-03,447.996826171875,457.35122137143543,447.47991003581626,453.7426680201873,70456300
2025-04-04,420.1722412109375,437.76762470061965,420.1722412109375,435.5508223213529,117088400
2025-04-07,421.1861572265625,440.5212273303754,400.01204418212296,406.24497996843866,161557000
2025-04-08,413.60125732421875,440.52124286102435,407.3683213181599,435.5706616527368,101248100
2025-04-09,463.24615478515625,465.0653269802432,412.97499289588256,413.1141801222823,142876900
2025-04-10,443.54327392578125,452.89766878987024,430.07336033484415,450.8796663706337,108384100
2025-04-11,451.7146911621094,453.09649143953806,438.7219217931667,442.0223093443537,52483800
2025-04-14,454.7764587402344,462.3016995424442,449.9551145335882,461.7151898835039,43941200
2025-04-15,455.283447265625,459.6475186324782,453.454324591476,455.83021518157193,35404200
2025-04-16,441.5550842285156,449.94520996662885,435.17304059444126,446.37642892854547,48980600
2025-04-17,441.4755554199219,445.103979334769,438.75172707786896,444.5274202476084,44837000
2025-04-21,430.5505065917969,436.48522787937225,425.40112526573694,435.64027525418857,44149300
2025-04-22,441.8533630371094,444.9350193638807,435.03388632871594,436.2268070816329,52304400
2025-04-23,451.87371826171875,460.6416026468302,450.2036537132872,455.46240028946823,55801100
2025-04-24,464.5881652832031,464.89633088737224,453.1362241937562,453.78240723852906,45956100
2025-04-25,469.76739501953125,470.2942617606861,462.639783263479,464.210432874224,38697100
2025-04-28,469.6182556152344,472.0040665388327,463.27595392675005,470.23458681729716,33550800
2025-04-29,472.7198181152344,473.6045731544733,466.8149185696458,467.3915080044207,30613100
2025-04-30,472.66015625,474.37994353629085,459.6972091439361,464.36944608517086,46810600
2025-05-01,478.8334655761719,484.30096287876717,477.89901815565884,480.5532529218463,43316500
2025-05-02,485.94122314453125,488.00894827712347,481.9648613296433,483.66477784831574,39218100
2025-05-05,483.058349609375,486.14003597307794,481.2391774925475,481.73622270162116,28309500
2025-05-06,478.5650939941406,482.1835675083398,475.36412148604,476.7260205679887,32786300
2025-05-07,480.4438781738281,482.9291041737698,473.9624196873836,479.2310866723673,38006300
2025-05-08,485.4044189453125,489.78836133137906,481.30877127503675,485.642990937839,39577600
2025-05-09,485.0862731933594,488.63518305225665,483.32674418115084,487.31302588730426,27767400
2025-05-12,504.8488464355469,504.88861854839246,498.51649505607935,503.99391286415016,45090600
2025-05-13,512.543212890625,514.3325638836975,505.41556974916824,506.15118710497205,53269600
2025-05-14,515.61474609375,516.1614836202223,512.7020688150568,513.7160603301389,47014500
2025-05-15,516.1814575195312,518.8456125999866,512.125551562593,513.4676100523011,50153300
2025-05-16,518.4281616210938,518.6170412486316,514.0441884093638,517.5831482665423,48394600
2025-05-19,518.9251708984375,519.442117353632,511.2010686059385,511.2010686059385,52536200
2025-05-20,517.1954345703125,517.8515075410328,513.6067220946634,516.4001137065187,42517600
2025-05-21,510.0080871582031,519.9092488061895,508.21873667770086,513.2190402211261,71292800
2025-05-22,510.9624938964844,514.6505913275334,509.27252798800356,510.62447644500173,55607200
2025-05-23,506.2305908203125,508.8152319544728,502.59221627823973,503.1886765918508,58368100
2025-05-27,518.1397705078125,518.6269257716245,511.5490069592283,513.099785560271,47226300
2025-05-28,515.8434448242188,520.5852756508032,515.326559052752,519.0941399870436,46637200
2025-05-29,516.8574829101562,523.3687637584553,514.2629211840699,523.21968658337,58513300
2025-05-30,516.042236328125,517.6029654866918,508.9046747674079,516.370303138387,67662800
2025-06-02,520.1180419921875,520.3566139720011,512.9207767791972,514.1832909592489,44762800
2025-06-03,524.183837890625,525.6153304447355,519.6010958649408,520.4659496294596,44070300
2025-06-04,525.6452026367188,526.708886650537,522.8617009643712,524.8896842213366,41359300
2025-06-05,521.688720703125,529.8999177687056,519.5713031286073,527.0468829475419,61031200
2025-06-06,526.7883911132812,528.6572860020211,525.0885352856423,526.8679353376542,42467000
2025-06-09,527.5637817382812,529.2039944759547,525.8837665533798,527.0070935472497,33688700
2025-06-10,531.0530395507812,531.7389643345455,525.7644714899908,528.0309659877803,40664800
2025-06-11,529.263671875,533.607902979141,526.9772759658763,532.4547240748923,53701000
2025-06-12,530.5062255859375,531.4804753804111,527.7029442130614,527.9514667987352,34104900
2025-06-13,523.845947265625,528.7269048823287,522.6231747023902,524.5616632957901,55814400
2025-06-16,531.132568359375,532.2062030416474,527.3152949826874,527.3649873706377,37622100
2025-06-17,525.953369140625,530.1782533672921,524.7902396796701,528.5678317630843,42180900
2025-06-18,525.8638305664062,529.4027896913979,524.2832609295995,526.9672562637179,43983500
2025-06-20,523.7166748046875,530.4068839390565,521.7781863439574,529.1145785233912,61643500
2025-06-23,529.1017456054688,529.6192118620138,521.1400908129034,524.2849177292203,50666100
2025-06-24,537.1928100585938,538.1083833993794,533.6996241180443,534.3166475371182,45442000
2025-06-25,538.5661010742188,540.7058200544818,536.7946645040316,539.4618115177252,44804200
2025-06-26,543.6018676757812,544.0497229160504,538.9244439782782,540.7456288167091,43811400
2025-06-27,545.4629516601562,547.3538082383178,541.9299187322695,544.6369129629151,57577100
2025-06-30,548.9959106445312,550.150323841353,546.3785118204822,548.6177271894713,45548700
2025-07-01,544.3682250976562,548.0704264374054,542.0493759591154,547.0950823478822,56166700
2025-07-02,548.159912109375,548.3589656247289,543.5023514145969,543.5421378206258,36538300
2025-07-03,553.553955078125,554.5292991491806,550.528547956803,550.528547956803,26443500
2025-07-07,549.3840942382812,551.6830197478901,546.9458251844275,550.8669428006658,45349300
2025-07-08,549.6926879882812,551.3546667516246,548.4585802241335,550.7276814515541,36153300
2025-07-09,553.5838623046875,554.9572527460838,550.4489361357153,551.8223265771115,43045500
2025-07-10,552.7877197265625,554.6288283109999,550.1006487780387,554.2208201829343,34710900
2025-07-11,551.5435791015625,553.1259237783373,549.4038603459361,550.6478687520914,39618600
2025-07-14,553.5440063476562,554.2804496744797,548.9859421113066,551.3346156245823,36453300
2025-07-15,554.051513671875,558.1119745200461,553.9918036921638,557.5646229155932,43277700
2025-07-16,554.6188354492188,557.5248833529374,548.9163193085661,554.6089344039383,52314700
2025-07-17,559.107177734375,559.6147429299454,554.5392124594489,555.3453275516479,40423800
2025-07-18,558.56982421875,562.0231629422733,557.2959302535468,560.4208944407413,50484700
2025-07-21,561.4658813476562,563.3468370391857,559.3660092861638,559.3958946507648,39595200
2025-07-22,558.5598754882812,561.6449925970527,555.9325146805868,561.5952444003194,43270600
2025-07-23,561.1075439453125,561.1473303500087,556.8978386154415,559.6446191045442,40215300
2025-07-24,562.3018798828125,563.5259649748344,560.590092369004,562.4212998555654,42275500
2025-07-25,563.6553344726562,564.9789766749151,561.5654242523398,562.2222340881906,30630800
2025-07-28,565.4168090820312,566.3124587614624,564.1528770013529,565.0187020627711,31498700
2025-07-29,564.541015625,569.3677442783611,563.8145341030877,568.0242394036405,45463300
2025-07-30,565.2974853515625,567.8849991894002,562.3416890497874,565.4566917408055,43433800
2025-07-31,562.3018798828125,571.8757657350329,561.1673293990499,571.7861703841629,64613600
2025-08-01,551.2251586914062,556.3405363278684,549.0356915374143,556.1514446022372,69400800
2025-08-04,561.3961791992188,561.6151562999452,556.2709001900665,556.3703965814645,47669800
2025-08-05,557.5845336914062,563.8443626007596,557.047083143738,562.6799876518158,48666600
2025-08-06,564.6007690429688,565.0386624956789,557.9428326498341,558.4205125100245,41823700
2025-08-07,566.5115356445312,570.5719965866228,562.4013265086303,568.9298809926769,44463000
2025-08-08,571.7960815429688,572.0150586353669,567.4172078636645,567.7157577691117,35255500
2025-08-11,570.1041870117188,574.0352659921666,568.8303539029688,571.9353942373868,33112900
2025-08-12,577.2697143554688,577.568264258411,569.7459530883017,572.4031383383943,42143300
2025-08-13,577.558349609375,580.5240464797514,576.165035771658,579.9667330931853,41209300
2025-08-14,577.1105346679688,579.0909866487473,575.139983732242,575.508266162602,45425000
2025-08-15,574.57275390625,577.060771050305,572.811218330625,577.0209239007323,49480200
2025-08-18,574.3438110351562,575.0006815724842,572.4827790837365,573.67703945311,29831000
2025-08-19,566.5513916015625,573.7964659713523,565.5262993771687,573.6272978127284,53752600
2025-08-20,563.1876220703125,565.7253875756548,556.1614636230435,565.6059676042936,76781100
2025-08-21,560.5801391601562,563.774714247948,558.2911148293009,561.6449570276834,46436900
2025-08-22,569.2284545898438,571.238791941298,560.5702032580724,561.9634564557491,51502100
2025-08-25,567.5863647460938,570.5420998652211,566.4318908111547,567.6659983001664,34044700
2025-08-26,569.8654174804688,570.1739291946637,566.0736815609588,567.0987738406898,34103000
2025-08-27,570.7412109375,571.6567843025553,567.6361701841732,568.8503542214644,36927100
2025-08-28,574.31396484375,575.2295381040836,569.716114225579,571.3581690220095,46787900
2025-08-29,567.666015625,572.273828233091,565.8148847062891,571.9055458127416,56030400
2025-09-02,562.908935546875,563.257233673264,556.8580604404501,558.6195961337324,65876800
2025-09-03,567.337646484375,568.9598387100518,564.013628467236,566.5016459001621,54230200
2025-09-04,572.4728393554688,572.8410610450118,566.3026052373926,568.0043701424134,47526300
2025-09-05,573.298828125,578.3345721151251,568.7905728965633,577.707586970244,68342500
2025-09-08,576.0953369140625,578.0559258331112,575.0006337663383,575.5977335300787,46371400
2025-09-09,577.7276000976562,578.155531799883,574.2742003720782,576.8915995273586,44007600
2025-09-10,577.9166870117188,580.9719796320359,575.7769677758832,580.942094267134,49308000
2025-09-11,581.2803955078125,582.0765487866307,578.8321649514098,580.4443950823623,44745800
2025-09-12,583.8480224609375,585.0422828265267,581.3002953608963,582.2357922273038,50745900
2025-09-15,588.843994140625,588.9534523182087,585.4702282697297,585.6195335974215,44360300
2025-09-16,588.346435546875,590.0183759284616,587.6597403238472,589.7695741917504,36942100
2025-09-17,587.1720581054688,588.9136701422223,581.5690385221046,588.2667613743852,69384800
2025-09-18,592.466552734375,595.2730433570825,590.1178791327126,592.058483907603,61069300
2025-09-19,596.4771728515625,597.173829761915,592.9939490424024,594.4668964152456,58196100
2025-09-22,600.0083618164062,600.6759063866804,595.5446250028239,595.56457167487,57154800
2025-09-23,596.02294921875,600.3770403666388,594.8073576106723,600.1777560752951,64635500
2025-09-24,593.9305419921875,597.7167610032964,591.2005236200914,597.3979183069385,49850300
2025-09-25,591.3699340820312,592.9541133753095,586.358211090951,590.0447574609248,70920200
2025-09-26,593.801025390625,594.1298414316656,588.9089213733314,592.1869260081028,54337400
2025-09-29,596.5509643554688,599.858888854889,595.2357610619866,596.929586249639,48332900
2025-09-30,598.18505859375,598.5238479838199,593.9305790157047,596.2521164355429,46533800
2025-10-01,601.0545043945312,601.592517201177,594.1696797218984,594.9966151966095,46899600
2025-10-02,603.5254516601562,604.9502399376884,600.7356543050928,604.8506282086944,43765400
2025-10-03,600.9848022460938,605.1197232184186,599.2013385970163,604.3027001978111,46482100
2025-10-06,605.498291015625,607.1422494333636,603.7645725777412,606.2355880916678,41962100
2025-10-07,602.3099365234375,607.4910236381941,600.835342343377,606.8035324139453,58209500
2025-10-08,609.2147827148438,609.5236520962168,603.0572809483214,603.2066985640004,50629800
2025-10-09,608.4774169921875,609.3840783602061,605.2691043090726,609.2545466200572,45551000
2025-10-10,587.3546142578125,610.9484275974415,586.9062397942465,609.174937229752,97614800
2025-10-13,599.8190307617188,600.7556121211176,595.056398092238,597.497493628088,65872600
2025-10-14,595.8236083984375,600.4965418065246,587.98225574158,593.1433960886728,69203200
2025-10-15,600.0281982421875,604.4919346880256,593.761112515483,601.8117224786903,62805500
2025-10-16,597.8063354492188,606.0960622285921,593.3326864685649,602.9076964191378,70982000
2025-10-17,601.7320556640625,603.306322454893,594.1995718879336,595.7738386787643,72024900
2025-10-20,609.3142700195312,610.5696939626,604.8605678351395,604.9303203667564,45761700
2025-10-21,609.1549682617188,610.4900574537519,607.1024677916307,609.41403175621,44538200
2025-10-22,603.286376953125,609.1848147458128,597.5573034367524,608.5969960402966,61478800
2025-10-23,608.3578491210938,609.1449520725764,602.3199065464308,602.7084409478078,42844300
2025-10-24,614.8540649414062,616.1692681518385,612.8912638677524,613.7481193370727,47632500
2025-10-27,625.8041381835938,626.262425126202,621.7589166953564,622.2471236453642,54098600
2025-10-28,630.6165771484375,632.3701816547181,626.9599505234498,628.0658962701283,61195700
2025-10-29,633.4562377929688,634.6917152842577,627.9563074763624,633.2769001713006,67422800
2025-10-30,623.7715454101562,631.1944440896802,623.6619603385896,629.869267455657,61628600
2025-10-31,626.7805786132812,631.8919134270566,624.4092354874234,631.8619934183905,66305100
2025-11-03,629.7796020507812,633.5059808284601,627.5576766411583,632.7985429356352,37154300
2025-11-04,616.996337890625,624.6683271251044,616.2092348629542,621.0117005353788,63830800
2025-11-05,621.01171875,624.3195827183903,614.9638020768305,616.2391121345779,48688500
2025-11-06,609.4439086914062,619.7761638844125,608.078899450419,619.5270737190788,72115100
2025-11-07,607.5209350585938,607.7301926884926,596.4912153281726,606.0961466218313,81835400
2025-11-10,620.9618530273438,622.037939599601,614.6449603115116,616.6675408883244,55919900
2025-11-11,619.307861328125,620.4536395227035,615.2726130875191,618.3115007347396,44868800
2025-11-12,618.8196411132812,622.5858524528388,615.5615225825271,622.5659665942537,47444400
2025-11-13,606.1858520507812,615.8704485105809,603.8742880136988,615.2925422980531,71333600
2025-11-14,606.6441040039062,611.1177533949825,594.9966460866717,597.3679891941105,80087300
2025-11-17,601.4630737304688,610.2509824067986,597.686888568112,604.0934805750228,63850400
2025-11-18,594.1397705078125,600.1179339423381,589.1878876531316,597.4377215700049,83327300
2025-11-19,597.6868896484375,603.9539765734731,592.4261367628516,594.897091844488,73111500
2025-11-20,583.5385131835938,611.7953468701894,582.6218784315797,609.3940836964333,117743200
2025-11-21,587.9224853515625,594.807310091711,578.6264242609341,585.3319113971087,103344200
2025-11-24,602.9575805664062,604.4720682054578,592.9939741263881,593.1135933516537,60168100
2025-11-25,606.6740112304688,608.0390203669549,595.1461119637967,601.3135864178203,57560900
2025-11-26,612.034423828125,613.9474190856081,608.1685399702174,610.2808195033393,42393600
2025-11-28,616.996337890625,617.0660904342964,613.1802595402138,613.8677508272276,23034400
2025-12-01,614.923828125,617.1855860502521,610.2907880213397,611.3967336448243,40957600
2025-12-02,619.736328125,621.4799592732617,615.3424043891131,617.2055939510703,54541800
2025-12-03,621.2507934570312,621.9481972408511,615.7807833814271,617.3649627124794,47841600
2025-12-04,620.6729125976562,622.665633919662,617.285262025035,622.6556605829674,47067800
2025-12-05,623.20361328125,626.6310962033638,621.440096358939,622.1076409382764,53614200
2025-12-08,622.008056640625,626.5514587784469,619.42745579579,624.9273860516373,43462400
2025-12-09,622.7752075195312,623.5922305440594,618.7399590794447,620.7426537012356,37156000
2025-12-10,625.3258666992188,626.920080160108,618.7299643381673,621.5795410824109,55031400
2025-12-11,623.3032836914062,623.5025679748155,615.4718431258982,621.5496792982444,58272800
2025-12-12,611.3868408203125,621.2707218227131,609.1350559341882,619.8160741378235,75158700
2025-12-15,608.3179931640625,616.1693197420918,607.102462393675,616.1195138735233,49538200
2025-12-16,609.5235595703125,611.2771638485672,604.7011478051123,606.0462710202155,55152800
2025-12-17,598.224853515625,611.4167192166101,598.0953825829183,610.8288396926666,70654300
2025-12-18,606.8932495117188,610.6993546715539,604.7112171529216,607.5807408251216,78875800
2025-12-19,614.8042602539062,615.372193060386,609.6431199441153,609.722845815118,60369800
2025-12-22,617.7513427734375,620.1855972768566,616.3147325600856,619.8862552767364,43703100
2025-12-23,620.6444702148438,620.9437513214359,616.3247143117193,616.7437078609482,41120400
2025-12-24,622.4602661132812,622.8094781897531,620.2554500580117,620.524833532521,18468700
2025-12-26,622.4202880859375,624.0464530908596,621.672054895625,623.1884327551913,28959800
2025-12-29,619.4074096679688,621.312944373981,617.2724362589381,618.6392040742111,32458300
2025-12-30,617.9707641601562,620.7142858196408,617.7612369489017,618.3798323976478,31226800
2025-12-31,612.8628540039062,618.4995685313527,612.6034567489972,618.1903012408169,40746500
