Date,Close,High,Low,Open,Volume
2010-01-04,40.24655532836914,40.30724899985277,40.11650596558741,40.16852769512618,62822800
2010-01-05,40.24655532836914,40.315917634420835,40.02113444845473,40.22054611728815,62935600
2010-01-06,40.00379943847656,40.359273038013704,39.94310906592465,40.229223657135584,96033000
2010-01-07,40.02980041503906,40.116503291824934,39.813048184139234,40.06448156575341,77094100
2010-01-08,40.35927963256836,40.35927963256836,39.82173482754269,39.943115592479664,88886600
2010-01-11,40.194549560546875,40.43731109340216,39.98646588425818,40.41130187413276,104673400
2010-01-12,39.69166946411133,40.0037932215155,39.47491722228918,39.951774800199296,90673900
2010-01-13,40.18587112426758,40.307255178464736,39.54428623182623,39.81305694053383,100661000
2010-01-14,40.220550537109375,40.33326264314087,40.07316058161809,40.10783843107788,75209000
2010-01-15,39.75236129760742,40.3592682586333,39.57896214363734,40.28990925852064,126849300
2010-01-19,40.393951416015625,40.4373012066584,39.839066158083234,39.84773479326098,84388200
2010-01-20,39.81306076049805,40.40262727937107,39.3882281058669,40.10784401993456,145680000
2010-01-21,39.440242767333984,40.185867765096745,39.27550893266816,39.92576571402815,204939600
2010-01-22,38.28712844848633,39.431580396908586,38.183088264278254,39.31019963076953,171098700
2010-01-25,38.417152404785156,38.668582386149374,38.25241865342976,38.52119251112123,154218700
2010-01-26,38.45185089111328,38.92003658219145,38.19174883186223,38.37381994260025,140816500
2010-01-27,38.75529861450195,38.8853479654889,38.15706035488193,38.38248452172836,161632700
2010-01-28,37.75823974609375,38.52120856099186,37.55882808112498,38.495199350414936,221439800
2010-01-29,37.09931945800781,38.16574023328922,36.96059813701292,38.07036870497202,212099600
2010-02-01,37.50681686401367,37.52415744505029,37.1773557464509,37.19469632748752,136827100
2010-02-02,37.84495162963867,37.95766044053464,37.30740356241286,37.56750895956358,110727700
2010-02-03,38.05301284790039,38.12237513423703,37.645517684112285,37.66285825569644,93581600
2010-02-04,36.95191192626953,37.85360181826659,36.95191192626953,37.775570898625,151652500
2010-02-05,37.26404571533203,37.29872686844376,36.51841746031399,37.04729346944897,213618600
2010-02-08,36.995277404785156,37.43745390622712,36.96926818965703,37.203361047942074,94354400
2010-02-09,37.37677001953125,37.723571741811554,37.07331479173587,37.43746040361475,118956000
2010-02-10,37.298736572265625,37.55017003667458,37.064643688923944,37.37676753337952,94102900
2010-02-11,37.86226272583008,37.966306135709154,37.073285058144165,37.30737776930925,93050800
2010-02-12,37.9403190612793,38.04436254089963,37.42011489268742,37.524155064930305,93938500
2010-02-16,38.425838470458984,38.45184768200028,38.01834318363555,38.21775816337495,83861400
2010-02-17,38.64259338378906,38.64259338378906,38.373819385617104,38.59924359243929,82691700
2010-02-18,38.88536834716797,38.95473068328498,38.538566588717586,38.61659756316011,65752600
2010-02-19,38.86802673339844,39.05876652167992,38.685952275097314,38.781323822926986,80416500
2010-02-22,38.78997039794922,39.04140040542961,38.63390856854721,39.024059834676535,72055000
2010-02-23,38.28712844848633,38.78999540235135,38.105057299277746,38.76398287576597,95814400
2010-02-24,38.67728042602539,38.833342344536966,38.42584696760368,38.48653734620512,86591000
2010-02-25,38.66860580444336,38.75530870171146,38.001011686054404,38.269782399142144,97961300
2010-02-26,38.80733108520508,38.89403399130383,38.49521054538262,38.65994110590373,66222400
2010-03-01,39.370880126953125,39.44024243725867,38.97205676482724,38.98072539992693,77290100
2010-03-02,39.49226379394531,39.75236586214333,39.40556420700506,39.509604372808816,76368500
2010-03-03,39.535621643066406,39.72636474205286,39.388231653760805,39.58764339025669,65735500
2010-03-04,39.66567611694336,39.71769786644135,39.36222417998354,39.561635925325426,54470900
2010-03-05,40.263912200927734,40.35061511858369,39.873760647299385,39.96046025757721,68136300
2010-03-08,40.34193420410156,40.437305738630556,40.26390324924851,40.28124382892445,58712400
2010-03-09,40.567344665527344,40.79276551006073,40.22921174503913,40.25522095203783,98002800
2010-03-10,40.89682388305664,40.99219542775045,40.5760313933047,40.59337197482883,102578900
2010-03-11,41.0528678894043,41.0528678894043,40.73207553968146,40.80143783550062,67510300
2010-03-12,41.061553955078125,41.20894392333093,40.83612972349715,41.182934707139836,64068300
2010-03-15,40.9575080871582,41.07888882234003,40.671393519335055,40.974845357289624,60150500
2010-03-16,41.21760559082031,41.27829595172016,40.94883163013769,41.087552927534006,74950600
2010-03-17,41.33029556274414,41.529710437668165,41.20891489618177,41.27827716700319,75643500
2010-03-18,41.46903991699219,41.51238970327918,41.26962494679395,41.36499646105136,77829400
2010-03-19,41.218223571777344,41.61747277027135,41.070672939607064,41.591432475824604,86337100
2010-03-22,41.5914306640625,41.756340381710864,41.009915984314524,41.053312058624215,71902800
2010-03-23,41.87784194946289,41.921238014690154,41.461233763647606,41.65218042373661,59182600
2010-03-24,41.67822265625,41.80841086834831,41.58274931416646,41.80841086834831,62995700
2010-03-25,41.61744689941406,42.181602161133064,41.574050850190496,42.02537373520317,76294800
2010-03-26,41.66085433959961,41.94727430241983,41.43519283539263,41.79104583377375,78067900
2010-03-29,41.8604736328125,42.008024195145886,41.747641239370125,41.86915483048866,57993300
2010-03-30,41.999351501464844,42.138220894240234,41.712934827387635,41.99067361293841,49437300
2010-03-31,41.799739837646484,42.05144172427707,41.721625573206246,41.869176210886025,59947400
2010-04-01,41.799739837646484,42.26842542428788,41.47860488868486,41.97332745983683,83728600
2010-04-05,42.1903076171875,42.28578096692086,41.782377235929786,41.89520967751541,56220300
2010-04-06,42.311805725097656,42.4419972209224,41.99934878384408,42.094822105994595,54097100
2010-04-07,42.207637786865234,42.415940124539816,41.98197305832748,42.25103383130528,77211500
2010-04-08,42.30313491821289,42.37256796627642,41.8691676073654,42.086151262789144,68314300
2010-04-09,42.55483627319336,42.57219536409102,42.20766438796431,42.31181562244222,54227300
2010-04-12,42.589542388916016,42.702374792330154,42.47670998550188,42.572183302936374,44280600
2010-04-13,42.8065299987793,42.8325669747291,42.407280916647686,42.54615030655901,59376000
2010-04-14,43.318603515625,43.327281402374005,42.96275056259333,43.03218690021259,69004800
2010-04-15,43.50955581665039,43.56162976576024,43.28389100081692,43.28389100081692,72254200
2010-04-16,42.98879623413086,43.50087773953781,42.70237956075136,43.353330458595416,127388000
2010-04-19,42.96276092529297,43.10163032312024,42.44200151116761,42.83256941630783,98251700
2010-04-20,43.179744720458984,43.29257714125502,42.902005923813064,43.19710380911281,69543700
2010-04-21,43.42277145385742,43.56164087173362,43.15371381910808,43.47484872715153,74748700
2010-04-22,43.6657829284668,43.70917898834514,42.75444911648592,43.0061508990503,110477200
2010-04-23,43.848026275634766,43.891422313649954,43.47481438907428,43.657079735281364,77205200
2010-04-26,43.752586364746094,43.96089214131002,43.65711302177546,43.89145577881938,67361000
2010-04-27,42.82389831542969,43.76994727274366,42.711065877151476,43.57900057887408,112608000
2010-04-28,42.84992599487305,43.075590822440816,42.51143206442882,43.04955053562458,130082100
2010-04-29,43.596343994140625,43.683139419648455,43.05822559961984,43.092943769822966,84180200
2010-04-30,42.73710250854492,43.64843320510285,42.702384328832196,43.5789968456774,110897000
2010-05-03,43.33597946166992,43.5442819337627,42.90201211541719,42.91937120657627,74169700
2010-05-04,42.034053802490234,42.80651471500168,41.730278155178844,42.80651471500168,141136500
2010-05-05,41.81707763671875,42.09481636642883,41.348392288742936,41.59141284951255,128560200
2010-05-06,40.41971969604492,41.93860545794326,37.00873597730913,41.530675079542796,274356800
2010-05-07,39.41290283203125,40.61933117523502,38.432135986680656,40.11593092114387,288200400
2010-05-10,41.46123504638672,41.4872720241471,41.061985936491766,41.16613715844096,136041600
2010-05-11,41.417850494384766,41.99936523208451,40.96652399258821,41.04463825849355,113016100
2010-05-12,42.19898223876953,42.23370041978467,41.57407153503695,41.64350458615925,85462400
2010-05-13,41.53066635131836,42.34652693665529,41.42651513373126,42.01671088490403,102844300
2010-05-14,40.732173919677734,41.24425550228101,40.254810518144374,41.21821852193256,147386100
2010-05-17,40.862361907958984,41.027268287411935,39.985746121779506,40.81028464085967,120969600
2010-05-18,40.29820251464844,41.296328598590264,40.11593704882146,41.209533154691,153072100
2010-05-19,39.97706604003906,40.47178846217089,39.53441757124268,40.150650299033906,159000300
2010-05-20,38.49291229248047,39.3000920311675,38.40612012503606,39.195940768052424,189289800
2010-05-21,38.91816711425781,39.6125137666497,37.746457345278124,37.89400456039003,190631100
2010-05-24,38.76197052001953,39.34348859496446,38.744611425597874,38.90083996448405,113038000
2010-05-25,38.796669006347656,38.848742952258654,37.5208043570157,37.91137550588334,155643000
2010-05-26,38.36269760131836,39.55176669251376,38.29326126649196,39.06572228144897,140203200
2010-05-27,39.81214904785156,39.82950813274483,39.13516129154874,39.23063460300825,110671600
2010-05-28,39.57781982421875,39.916317128362785,39.230647941039166,39.88159894677242,128535300
2010-06-01,39.21328353881836,40.1419732496678,39.1698874731624,39.43026717800575,104242700
2010-06-02,40.14194869995117,40.16798566123974,39.16986351794645,39.43892094700981,97249300
2010-06-03,40.523860931396484,40.593297281177456,39.994423663399836,40.254803353263696,98928400
2010-06-04,39.135154724121094,40.17667646658673,39.00496326472301,39.66459513634399,112849900
2010-06-07,38.42345428466797,39.45629497496328,38.38005822910892,39.33478469503522,88436600
2010-06-08,38.35403060913086,38.60573244973895,37.83327114868672,38.49290001930982,133030100
2010-06-09,38.03290557861328,38.978954715371856,37.920073118933246,38.62310155260443,101949200
2010-06-10,39.11781692504883,39.16121299815666,38.39743284091599,38.50158407855641,76892300
2010-06-11,39.49101257324219,39.525730741550575,38.718551538367805,38.718551538367805,74346800
2010-06-14,39.482337951660156,40.133288762193146,39.41290160930126,39.855546703664594,68085000
2010-06-15,40.54122543334961,40.59330270264055,39.447629265502535,39.69064990037792,76332600
2010-06-16,40.70610427856445,40.91440657603548,40.35892936823898,40.4283656746662,78399700
2010-06-17,40.836334228515625,40.94916668661769,40.480481070724856,40.931807592224395,77111900
2010-06-18,40.87022018432617,41.165877228985146,40.748479633675046,40.91369847853283,75921400
2010-06-21,40.52239227294922,41.461539467939055,40.28760879138339,41.39197153474797,95488100
2010-06-22,40.209354400634766,40.991973899230395,40.13109211905698,40.69631675962344,94493400
2010-06-23,40.04413986206055,40.40936501849857,39.73109067573736,40.25284042533698,92397600
2010-06-24,39.43544006347656,39.99197388606997,39.30500509218681,39.87022993547601,114145900
2010-06-25,39.44326400756836,39.78306627691107,39.16445171868692,39.65237156237711,88740300
2010-06-28,39.303863525390625,39.687229646905614,39.04247738237108,39.44326968991472,71350000
2010-06-29,37.78782272338867,38.737528362052565,37.52643655169427,38.70267598617184,136384200
2010-06-30,37.21276092529297,38.04919775940118,37.151770947204106,37.66583170802772,101313200
2010-07-01,37.108219146728516,37.43059532421724,36.39376203785859,37.326041517084114,158695000
2010-07-02,37.003662109375,37.30861207177011,36.67257120469937,37.16920589986016,78565300
2010-07-06,37.11693572998047,37.787829122622995,36.81198569864571,37.552580531147875,88591900
2010-07-07,38.30189514160156,38.34545896268748,37.204071561186495,37.238923947537835,72448400
2010-07-08,38.510990142822266,38.66782249256607,38.057919279529635,38.60683250363294,78264600
2010-07-09,38.876922607421875,38.885637360569554,38.40642897228641,38.49355656153626,47851200
2010-07-12,38.990203857421875,39.23416384590488,38.737529112947016,38.84208624261593,60927500
2010-07-13,39.49554443359375,39.64366201497469,39.03375885769565,39.32999734416234,93310500
2010-07-14,39.69594192504883,39.913764251258854,39.41712961339639,39.573958630459074,87687100
2010-07-15,39.73080062866211,39.85278395290256,39.199316815433086,39.61753538456886,95992500
2010-07-16,38.63295364379883,39.75691722969244,38.59810128678576,39.591370195732225,98831900
2010-07-19,38.96406555175781,39.04248173577793,38.42386369575007,38.746243187669194,81800800
2010-07-20,39.43454360961914,39.43454360961914,38.21474085128158,38.33672079474492,89061200
2010-07-21,38.894351959228516,39.87019499789996,38.82465054689007,39.85277213759392,83577000
2010-07-22,39.8789176940918,40.06188767708858,39.41713535880314,39.44327297817256,82890300
2010-07-23,40.13158416748047,40.16643321156557,39.53910720987233,39.60880862174726,81056100
2010-07-26,40.46268081665039,40.48010700447575,40.000898472247606,40.183868458855635,64850900
2010-07-27,40.445247650146484,40.706637098719575,40.26227769510925,40.636932359445446,67655600
2010-07-28,40.12287902832031,40.584664702931335,39.97476141527724,40.401691390041236,51988200
2010-07-29,39.82664489746094,40.436548252786345,39.425852498480715,40.35813205962014,85669500
2010-07-30,39.91374969482422,40.15770954762239,39.268994381952865,39.49553137986863,98958100
2010-08-02,40.663082122802734,40.76763926295009,40.262289723355586,40.41912210987071,68706800
2010-08-03,40.48882293701172,40.68921911726944,40.29713818906713,40.636940552273934,60856600
2010-08-04,40.89832305908203,40.941890187854106,40.51495692130679,40.6717892785115,43820600
2010-08-05,40.8024787902832,40.88089163513495,40.53237791554274,40.69792168307118,39150200
2010-08-06,40.74149703979492,40.81991323059603,40.12288226997833,40.358130842381634,71339200
2010-08-09,41.02030563354492,41.116144673497416,40.76763091548464,40.95060088771924,26927600
2010-08-10,40.663082122802734,40.90704545944066,40.323279726588595,40.689223069692524,86694500
2010-08-11,39.556522369384766,40.009589729563956,39.39097533037332,39.99216687422951,92219700
2010-08-12,39.24287796020508,39.4171365164316,38.72881704737488,38.79851847564218,66000200
2010-08-13,38.96406555175781,39.26030409986655,38.95535079591919,39.09475697598768,46387300
2010-08-16,39.03376388549805,39.30386479208939,38.59811919185699,38.77237773405446,55472900
2010-08-17,39.53038024902344,39.887608599294616,39.23414186169828,39.312558003157996,56927100
2010-08-18,39.68721008300781,39.92245849287072,39.30384415047391,39.45196167314491,61835400
2010-08-19,39.086029052734375,39.60880117649761,38.82464299085276,39.451968874627816,82969500
2010-08-20,39.138309478759766,39.23415182306708,38.807221974049384,39.025044275218896,65806700
2010-08-23,38.75495529174805,39.504264768997544,38.73752910347416,39.38228477478587,69612200
2010-08-24,38.03178405761719,38.44128781999982,37.874951697996494,38.310596402786125,79095800
2010-08-25,38.39773178100586,38.5632756057767,37.70070077709442,37.761690782205044,87247900
2010-08-26,37.93594741821289,38.61555219670347,37.901095038878545,38.52842457207344,91199000
2010-08-27,38.39773178100586,38.476147976677524,37.43931456609088,38.214761765673984,109568800
2010-08-30,37.99692916870117,38.55455382213241,37.98821441390718,38.21475150667932,49373200
2010-08-31,37.866241455078125,38.20604383351483,37.622281454909356,37.79654002233236,72066900
2010-09-01,38.99891662597656,39.12961138068808,38.397728066456075,38.423865687916106,83523100
2010-09-02,39.43454360961914,39.45196979064307,38.9727614454496,39.06860377922913,41816800
2010-09-03,40.08802795410156,40.09674271027273,39.68723558657455,39.87020558170137,64041100
2010-09-07,39.81794357299805,40.105467471798,39.7569535543524,39.92249741586105,51195200
2010-09-08,40.297122955322266,40.471381449059116,39.92246835708455,39.931183109808764,66879800
2010-09-09,40.4539680480957,40.689216590407796,40.35812568007536,40.654364215908515,61476400
2010-09-10,40.60206985473633,40.663059824524446,40.29712000579572,40.4975160956287,66995700
2010-09-13,41.168426513671875,41.272980317037316,40.89832558763022,40.91575177547537,64523400
2010-09-14,41.34269714355469,41.560519569681205,41.020320883525244,41.11615995910749,91405800
2010-09-15,41.604061126708984,41.647624923880834,41.11613795675211,41.23812124201984,67108200
2010-09-16,41.76961135864258,41.804463731263134,41.42109760355258,41.52565139770906,66885800
2010-09-17,41.91109085083008,42.04208829781644,41.70149027156844,42.04208829781644,76372600
2010-09-20,42.64468765258789,42.732019283444345,42.01588924965931,42.06828689557791,84475000
2010-09-21,42.63595962524414,42.94162371587923,42.452561170863085,42.67089361602778,82272000
2010-09-22,42.52242660522461,42.81062703727217,42.286627160319,42.46129378597006,88315900
2010-09-23,42.50494384765625,42.93287675523909,42.19927986473104,42.24294567207928,85040000
2010-09-24,43.369537353515625,43.39573616912725,42.92414083068182,42.98527362143377,79495900
2010-09-27,43.13374710083008,43.448146280318696,43.09881311833402,43.34334766431847,43859800
2010-09-28,43.11627960205078,43.2647473601674,42.43508360883591,43.238545207859815,104922900
2010-09-29,43.04642105102539,43.256018310170816,42.88922144092214,43.055152882036296,81679200
2010-09-30,42.85429763793945,43.5267620561904,42.57483233834025,43.26476375425229,122458600
2010-10-01,42.801883697509766,43.256015504857196,42.601018282402116,43.21234968965782,77675400
2010-10-04,42.33901596069336,42.83681353504622,42.09448475406047,42.67961395035712,71359900
2010-10-05,43.369537353515625,43.4568689598792,42.79314008964923,42.81933890526085,99301300
2010-10-06,42.99402618408203,43.413224093469594,42.71456091115699,43.317157281247454,81831200
2010-10-07,43.15121841430664,43.264752203046925,42.79315338657645,43.238550047806385,75693300
2010-10-08,43.448158264160156,43.55295690906588,42.863028887656974,43.168692990085674,83223900
2010-10-11,43.46561813354492,43.68395055133559,43.334617350275195,43.47434996440169,46880000
2010-10-12,43.762542724609375,43.849874343903274,43.02021063466035,43.395742594302014,88571700
2010-10-13,44.12061309814453,44.321478512313384,43.91101252208374,44.04201329855775,71122900
2010-10-14,44.03327941894531,44.22541300830542,43.81494700612272,44.14681320642976,68464000
2010-10-15,44.967742919921875,44.97647475013511,44.21667892503687,44.57474393056483,104654000
2010-10-18,44.80180358886719,45.16860371865151,44.80180358886719,44.97647015869364,72399400
2010-10-19,44.38261032104492,44.80180813224689,44.03327714596592,44.38261032104492,105739800
2010-10-20,44.70574951171875,45.03761575553774,44.42628425318339,44.5048840653645,80861400
2010-10-21,44.793087005615234,45.15988392875725,44.356422098166824,44.98521729948011,85885400
2010-10-22,45.0987434387207,45.142409255741946,44.72321141565911,44.80181121889266,47406900
2010-10-25,45.31707763671875,45.614009868219135,45.2821436491332,45.2821436491332,51413900
2010-10-26,45.439327239990234,45.54412916579401,44.906595777359726,45.08999748177271,60498300
2010-10-27,45.579078674316406,45.61401266404317,45.11621497064692,45.20354661347521,57483400
2010-10-28,45.67514419555664,45.80614498760288,45.273413319464694,45.77121099885875,61220000
2010-10-29,45.57035827636719,45.84109176744454,45.561623110999506,45.67515694035316,46668700
2010-11-01,45.60527420043945,46.06813783679934,45.395673624047575,45.73627164563225,60555600
2010-11-02,46.09435272216797,46.22535354449913,45.91968940104549,45.98082222973621,48137500
2010-11-03,46.30394744873047,46.321414444906324,45.727549900882735,46.138015982293155,126225800
2010-11-04,46.87160873413086,47.03754352816773,46.72314426734923,46.81047591469268,84201000
2010-11-05,46.87160873413086,46.99387770449601,46.731876099488055,46.897810893524934,77937100
2010-11-08,46.93273162841797,47.01133142142126,46.67946525857537,46.792999033244094,39623500
2010-11-09,46.679481506347656,47.19474625505398,46.469880874887025,47.11614643469237,66828700
2010-11-10,46.915279388427734,46.958945213494765,46.37381249683209,46.740612756670714,83553700
2010-11-11,46.618343353271484,46.705674996360656,45.989544862265795,46.20787730147737,85163600
2010-11-12,45.85853958129883,46.60960363177272,45.50920971161704,46.373804220706155,99164300
2010-11-15,45.68387985229492,46.18167753706979,45.66641285773405,46.09434256426543,56723400
2010-11-16,44.93281555175781,45.63147867376657,44.40881571163482,45.36074525646194,101097000
2010-11-17,45.06381607055664,45.29961551488667,44.845483621897955,44.959017428017326,77836200
2010-11-18,45.78866958618164,46.103068764176385,45.526671381682,45.55287020268558,71488300
2010-11-19,45.82362365722656,45.92842231867174,45.53542317389059,45.727556829447906,54506100
2010-11-22,46.20787811279297,46.20787811279297,45.56161261552462,45.640212428280385,69918900
2010-11-23,45.47427749633789,45.806143717226206,45.21227925100014,45.736275741675634,76818300
2010-11-24,46.39126205444336,46.50479582213083,45.90219966715145,45.91966665691011,53444200
2010-11-26,46.085609436035156,46.400008666307585,45.99827446568811,46.094341267325625,23640300
2010-11-29,46.05066680908203,46.19913456507616,45.500468259319064,46.024467988636886,89269100
2010-11-30,45.49173355102539,46.059399055660144,45.30833515653883,45.57033333887501,118862100
2010-12-01,46.4524040222168,46.68820343327231,46.14673996982352,46.16420696303004,81758800
2010-12-02,46.92399978637695,46.993867754649855,46.469867987067374,46.522268963272055,56844600
2010-12-03,47.046268463134766,47.10740127361063,46.723137417549744,46.723137417549744,38014200
2010-12-06,47.0287971496582,47.11613210766383,46.880332718280656,47.05499930280389,39312000
2010-12-07,47.054996490478516,47.61392686235701,47.00259551880698,47.59645987179984,59067300
2010-12-08,47.229671478271484,47.290804290368186,46.88907009896192,47.177270497265,48066900
2010-12-09,47.27333450317383,47.54406456032142,47.116134900932174,47.51786573711054,51679800
2010-12-10,47.587730407714844,47.64012805050311,47.23839724218253,47.413063824948686,44696200
2010-12-13,47.42180252075195,47.806069724770154,47.395603695564695,47.77113573686151,53110200
2010-12-14,47.50914001464844,47.70127029537682,47.360672223892934,47.54407067292447,69884800
2010-12-15,47.299530029296875,47.77112880314831,47.1859962508168,47.482928441965335,76951900
2010-12-16,47.666343688964844,47.736208342944366,47.21221177788676,47.343209253406705,65519400
2010-12-17,47.708335876464844,47.84834553157175,47.61207861268632,47.725837500614894,36844200
2010-12-20,47.743350982666016,47.91836059144625,47.39332508891691,47.79585253006236,48159600
2010-12-21,48.032100677490234,48.032100677490234,47.79583379254801,47.92709428576914,35775400
2010-12-22,48.023353576660156,48.09335672808495,47.94459794499905,48.01460109642384,35766500
2010-12-23,47.90083694458008,48.01459246245152,47.78707808861609,47.93583684495223,21664800
2010-12-27,47.92710876464844,48.00586441675476,47.43707322508754,47.76084831602132,29263700
2010-12-28,47.839603424072266,48.05836876624511,47.73459699449568,48.02336884844905,24160500
2010-12-29,47.944610595703125,48.04086787514224,47.89210571471069,47.97086136715233,24132700
2010-12-30,47.83085250854492,47.95336056153164,47.73459522745705,47.94461141693006,27553300
2010-12-31,47.655826568603516,47.79583621067948,47.437061294229,47.76958544594436,38540100
2011-01-03,48.39963150024414,48.73215232070855,48.08460896456775,48.10211058744902,90994300
2011-01-04,48.3646354675293,48.609651548222025,48.05836202856965,48.574648297239136,43851500
2011-01-05,48.775909423828125,48.7934077091101,48.18961672408175,48.215867490098056,43787400
2011-01-06,48.93342208862305,48.96842533875759,48.7234092640031,48.82841567631307,46139600
2011-01-07,48.88966751098633,49.04717879146172,48.40838452646419,49.02092802408033,72261700
2011-01-10,49.07343673706055,49.16094152724168,48.63590610996733,48.78466492089401,55551800
2011-01-11,49.14344787597656,49.31846082283154,48.95968578392128,49.274708420641375,56663800
2011-01-12,49.49345016479492,49.49345016479492,49.17842767831838,49.379691302880005,51979300
2011-01-13,49.51097869873047,49.64223591405096,49.3622165156538,49.52847699029757,47364500
2011-01-14,49.87849426269531,49.89599588932367,49.40596035801144,49.52846840631601,43867400
2011-01-18,50.01851272583008,50.07976676074464,49.432223152192314,49.50222633291129,65805600
2011-01-19,49.44971466064453,50.10601066306984,49.28345420841065,50.10601066306984,67767200
2011-01-20,49.099700927734375,49.30971381681292,48.723424218532735,49.23971063315164,92357800
2011-01-21,48.723419189453125,49.43222012764605,48.6971684155515,49.344711984483396,59673300
2011-01-24,49.397193908691406,49.405943049893565,48.72339654097012,48.819653784657845,64103300
2011-01-25,49.46720886230469,49.48471048698011,49.047179884375346,49.152186294334285,55305100
2011-01-26,49.72972106933594,49.8609782239684,49.39719693569965,49.5372065701634,60547700
2011-01-27,50.03598403930664,50.18474279451233,49.80846632910761,49.887221946008424,53656100
2011-01-28,48.767173767089844,50.07101678456513,48.53965926090809,50.02726104198505,123359900
2011-01-31,49.0034294128418,49.14343907764046,48.46964152264263,48.83716897904768,70571300
2011-02-01,49.922237396240234,50.03599627916758,49.31844641102899,49.370947943077496,76952900
2011-02-02,49.8434944152832,50.027256500296666,49.73848798643183,49.81724364259391,48661000
2011-02-03,49.930992126464844,50.00099528504774,49.35345188125854,49.74722674173605,45341900
2011-02-04,50.21101760864258,50.24601752318928,49.790988591237046,49.922245781498454,47647800
2011-02-07,50.447288513183594,50.72730788008129,50.22852317416388,50.30727882973474,45627100
2011-02-08,50.779788970947266,50.8147922122337,50.36851256915653,50.464766475554995,38099900
2011-02-09,50.692298889160156,50.85855932628985,50.5347875958399,50.701048032969595,62540800
2011-02-10,50.771060943603516,50.84106411719547,50.30727948701243,50.35978103268285,70194700
2011-02-11,51.13857650756836,51.17357975751938,50.5522870923102,50.622290254118596,47853500
2011-02-14,51.2610969543457,51.33110012854293,51.086084011711286,51.13858555783565,48506100
2011-02-15,51.19108581542969,51.25233983910149,50.954818864941046,51.138580935956455,39723800
2011-02-16,51.52361297607422,51.66362265788037,51.30484763962124,51.32234926710877,53061700
2011-02-17,51.506099700927734,51.60235696129436,51.23482954335754,51.26983279041693,38361900
2011-02-18,51.392356872558594,51.60237308243288,51.199842291681705,51.50611579199443,44334300
2011-02-22,49.904727935791016,50.86729704200246,49.82597231199274,50.692284173773764,92598100
2011-02-23,49.49345016479492,50.079739418331926,49.11717367684713,49.90472655494576,97842900
2011-02-24,49.755985260009766,49.904744076356515,49.12594006584964,49.598473961469736,98716100
2011-02-25,50.447288513183594,50.50854254106158,49.98350372455777,50.036008607636404,54094600
2011-02-28,50.552284240722656,50.79730030037146,50.25476330910905,50.64854150361139,51402800
2011-03-01,49.738468170166016,50.77104043375176,49.6159601622987,50.77104043375176,91993900
2011-03-02,50.00100326538086,50.32477501895055,49.694733138773586,49.71223476573601,61552900
2011-03-03,50.98981857299805,51.07732336127597,50.46477982904939,50.46477982904939,64146600
2011-03-04,50.72728729248047,50.98105244580153,50.3947631774586,50.972303304553,62328400
2011-03-07,50.04475402832031,50.98106934260059,49.58972175644955,50.93731694567135,98470000
2011-03-08,50.246002197265625,50.47351993193869,49.67721453676873,49.98348455872146,62399100
2011-03-09,49.904727935791016,50.11474404528402,49.63346116122471,50.06223918338757,84764200
2011-03-10,49.12592697143555,49.45845110617465,48.924663329857225,49.34469223464151,102894400
2011-03-11,49.432212829589844,49.58097164386243,48.84592004028919,48.84592004028919,81679400
2011-03-14,49.25719451904297,49.5197122048684,48.880917945392234,49.160937255351826,73565800
2011-03-15,48.55714797973633,48.845916443037794,47.66458514555193,47.813343948869196,101276500
2011-03-16,47.384552001953125,48.42587333566715,47.05202790471374,48.154603238170196,176507700
2011-03-17,47.82210159301758,48.33838789583851,47.367069314421684,48.13712085842031,94434500
2011-03-18,47.71431350708008,48.38906176653901,47.67926086801123,48.38906176653901,94887200
2011-03-21,48.63442611694336,48.87978791774603,47.75813015087231,48.4416399347105,57423000
2011-03-22,48.546791076660156,48.730812401558886,48.44163316860086,48.70452459594574,36162100
2011-03-23,48.81844711303711,48.958654332878176,48.03854424374596,48.37153764441991,60365100
2011-03-24,49.68598175048828,49.79113633002052,48.91484036737629,49.186493319205375,69502400
2011-03-25,49.80864715576172,50.14164045396287,49.71225409500854,49.84369978563611,74131100
2011-03-28,49.53700256347656,50.03649092281523,49.51071475808084,50.027729435284435,37824000
2011-03-29,50.018985748291016,50.018985748291016,49.27413201657146,49.42310410003718,47994800
2011-03-30,50.25556564331055,50.32567091583236,50.018968705557874,50.26433047377746,44935900
2011-03-31,50.32567596435547,50.369490092675214,50.08031417152191,50.1679424281614,50004300
2011-04-01,50.35195541381836,50.737527701751894,50.20298673370089,50.5797941917433,68031800
2011-04-04,50.18546676635742,50.544747952878225,49.96639279060563,50.4921689952885,48659100
2011-04-05,50.05403518676758,50.378267169311954,49.948880584679834,50.089087835065,55349400
2011-04-06,50.176692962646484,50.588553033107246,49.88751710462307,50.43958436078067,49532100
2011-04-07,50.14165496826172,50.47464502004936,49.782373765056505,50.15918128827219,60697000
2011-04-08,49.90504837036133,50.44835085097195,49.642160288956404,50.369484092270135,42782200
2011-04-11,49.73857498168945,50.203014279459246,49.563318401343864,50.0978563198859,42451700
2011-04-12,49.396785736083984,49.633385966942825,49.20400296274923,49.5107051086018,50422800
2011-04-13,49.81741714477539,49.94886285783841,49.42308669119303,49.76484153379286,49979800
2011-04-14,49.72978591918945,49.79989118670474,49.27411170874949,49.475659338651234,53544100
2011-04-15,49.64216995239258,49.83495280012188,49.31793802416772,49.53701202511772,68530000
2011-04-18,49.2916374206543,49.30916373731801,48.476682081208565,49.142668743217364,69065000
2011-04-19,49.59833526611328,49.59833526611328,49.16018741626139,49.42307880041477,38608400
2011-04-20,50.72000503540039,50.77258064731867,50.41329948039569,50.474639922835955,67397500
2011-04-21,51.12308883666992,51.237008208228616,50.96535535075869,51.21071706537498,43666800
2011-04-25,51.254554748535156,51.280842558959804,51.070530047150704,51.16692314244638,25376800
2011-04-26,51.543724060058594,51.727745394963094,51.27207113033991,51.38599053219659,49400000
2011-04-27,51.89425277709961,51.955593232733676,51.40352578922296,51.640126122156126,56465500
2011-04-28,51.81536865234375,51.90299689025444,51.596294714764014,51.736501901102926,48100000
2011-04-29,51.771568298339844,51.955589652561436,51.68393669432678,51.71898933593201,44831200
2011-05-02,51.67517852783203,51.99940712651722,51.54373278476296,51.85043506151866,48149400
2011-05-03,51.42980194091797,51.70145485628393,51.114338244664964,51.64887590217341,38100000
2011-05-04,51.3509407043457,51.58754100908618,50.921557566071435,51.45609862387728,53097200
2011-05-05,51.07052993774414,51.6751763186475,50.895273411549965,51.096821090916436,72200000
2011-05-06,51.23703384399414,51.876729593451714,51.096826602233634,51.5787887868601,72507000
2011-05-09,51.42980194091797,51.63134958413657,51.1230997322817,51.324647375500305,40022000
2011-05-10,51.86796188354492,51.946828661585954,51.50868063753667,51.578785925930546,38053600
2011-05-11,51.49114990234375,51.973115361733996,51.14063351882812,51.78909066687415,61900000
2011-05-12,51.7978630065918,51.867964956334546,51.03548633556608,51.33342714328252,66100000
2011-05-13,51.1844596862793,51.76281503075911,51.16693336156116,51.67518674997308,63506600
2011-05-16,50.29939270019531,51.10558343108541,50.18547328202901,50.947849880640995,73115300
2011-05-17,50.4395751953125,50.44833668035018,49.9313221502652,50.03647668472926,63136000
2011-05-18,50.86021423339844,50.94784248523485,50.3081468869791,50.369487331825304,42351100
2011-05-19,51.00917434692383,51.12309372938513,50.69370734490973,51.017939176314755,35015800
2011-05-20,50.62360763549805,51.0091765754699,50.553502368519645,50.95660096803922,44703300
2011-05-23,49.87876510620117,50.080316121365954,49.64216813550205,49.931344067914225,43700000
2011-05-24,49.572059631347656,50.010207588734716,49.563298143033514,50.00144610042057,39314800
2011-05-25,49.76485824584961,50.00145860313627,49.48444375042938,49.510731564748625,41369000
2011-05-26,50.07156753540039,50.21177480265494,49.60713158939562,49.615893081121875,40564100
2011-05-27,50.32567596435547,50.37825492402139,50.115363468495474,50.15918093961894,30127200
2011-05-31,51.14061737060547,51.14061737060547,50.53597120076836,50.798862583898995,47590100
2011-06-01,50.02773666381836,51.14063293801901,49.98392253422699,51.01795203804165,51795000
2011-06-02,50.13287353515625,50.3081333344192,49.85245919345658,50.12411204945429,50198100
2011-06-03,49.37928771972656,49.940120075089396,49.309185764559075,49.55454762185216,57773700
2011-06-06,48.976165771484375,49.5369944804372,48.94987797037808,49.265344954864744,50175600
2011-06-07,48.88855743408203,49.300414304494666,48.85350478980738,49.10763144659238,46311100
2011-06-08,48.53803253173828,48.87102593144068,48.397825312306296,48.783394330043315,46426400
2011-06-09,48.62565994262695,48.86225688900067,48.39782114143251,48.55555466755066,45307500
2011-06-10,47.88081741333008,48.49422533964578,47.83700327776558,48.39783223572134,53740600
2011-06-13,47.88081741333008,48.134944079530115,47.714322361063296,47.907105226107916,37736800
2011-06-14,48.494197845458984,48.60811720758256,48.22254501048812,48.248836151164255,40565300
2011-06-15,47.57413101196289,48.327746429485046,47.47773787584187,48.02980552820432,59022400
2011-06-16,47.390071868896484,47.7581144490965,46.98697331650248,47.60038095963857,66316200
2011-06-17,47.24164962768555,47.95303873739126,47.10112803253264,47.77738925617446,70337000
2011-06-20,47.48756790161133,47.628089515465845,47.10991543619615,47.10991543619615,37402900
2011-06-21,48.5063591003418,48.55905597130849,47.452445133108974,47.65444477969774,55892800
2011-06-22,48.15504837036133,48.5853943496283,48.146263884898985,48.304351120225505,36833300
2011-06-23,48.60295867919922,48.62930543428726,47.47878579144974,47.63687302257694,80743300
2011-06-24,47.75982666015625,48.41852230729774,47.663217429194276,48.37460993421484,56298300
2011-06-27,48.52391815185547,48.76983014912644,47.70713518914868,47.81252556650771,49968900
2011-06-28,49.24408721923828,49.25287170419624,48.559044805689986,48.62930393385678,47028800
2011-06-29,49.44609069824219,49.54269993856212,49.09478832925109,49.35826594356932,65407300
2011-06-30,50.104801177978516,50.13993243032274,49.59541142018984,49.62175818429769,50347200
2011-07-01,50.860107421875,50.93036992804163,49.99062733471683,50.131152347050076,53203900
2011-07-05,51.114803314208984,51.16749684284559,50.78984760318088,50.91280363706716,43128800
2011-07-06,51.28166580200195,51.36949392339644,50.886447631477395,51.053319386976796,49282700
2011-07-07,51.984256744384766,52.13356282598252,51.58904205551239,51.668085663346695,54799800
2011-07-08,51.84375762939453,51.85254211757396,51.26410537067432,51.53636754912647,69519500
2011-07-11,50.904014587402344,51.5627104387413,50.72836169031855,51.29923276826578,52080800
2011-07-12,50.51758575439453,51.00062875512364,50.46488887510928,50.895238346853816,84000700
2011-07-13,50.728370666503906,51.23776382315198,50.5439365995662,50.886457966822206,82378100
2011-07-14,50.13992691040039,51.097231654436285,49.94670839407931,50.86010075266957,98774200
2011-07-15,50.80738830566406,50.80738830566406,50.3331299978081,50.70199794284043,68281500
2011-07-18,50.53513717651367,50.75470241970294,50.04330982566181,50.526352690618246,59512200
2011-07-19,51.685646057128906,51.729561776788046,51.018169332077655,51.018169332077655,73904600
2011-07-20,51.466087341308594,51.984261405730855,51.378262591528326,51.97548027087261,57085500
2011-07-21,51.808616638183594,52.09844101916956,51.23774566157219,51.518788906897875,70148800
2011-07-22,52.3443489074707,52.432177008669846,51.747131220514504,51.78226246099416,43620400
2011-07-25,52.23896789550781,52.52879565594153,51.83496860850939,51.93157786198729,48916100
2011-07-26,52.37070083618164,52.546353694395506,52.09843873843517,52.20382911324365,40918900
2011-07-27,51.018184661865234,52.07209859468,50.886444163900876,52.02818621212522,83969500
2011-07-28,51.10600280761719,51.755917376269664,50.842525196114686,51.04452480994326,61031900
2011-07-29,50.939125061035156,51.47486467100078,50.447297819855464,50.6932131155948,82860500
2011-08-01,50.7020149230957,51.65931969428758,50.087231458516456,51.55392929616839,85421100
2011-08-02,49.419734954833984,50.693213767804,49.3670381014335,50.46486408670091,90853300
2011-08-03,49.894012451171875,49.955490457873346,48.61174874638381,49.48122867734763,103612300
2011-08-04,47.57538986206055,49.261652479660036,47.57538986206055,49.18260886711163,132830000
2011-08-05,47.27677917480469,48.33068942564471,45.95060352702926,48.058430729307254,214111800
2011-08-08,44.43122482299805,46.65322411585829,44.43122482299805,45.82765996897857,204804500
2011-08-09,46.574188232421875,46.618103970652534,43.85157997714311,45.09870921592358,193707100
2011-08-10,44.668338775634766,46.58294732840697,44.615641928662626,45.52025270837522,205917900
2011-08-11,46.63566589355469,47.15384010794087,45.089927738096144,45.30949302639028,143825300
2011-08-12,47.04843521118164,47.338262910573015,46.44243640831701,46.925479223669925,90483300
2011-08-15,47.74225997924805,47.74225997924805,47.01330187114385,47.24165156657618,73554300
2011-08-16,47.338260650634766,47.73347534868355,46.70591177327796,47.27678265981388,89219200
2011-08-17,47.057220458984375,47.79495639601356,46.56539315066547,47.399741672690624,84416600
2011-08-18,44.74739074707031,45.79251994707922,44.33460707760076,45.78373881275613,130019400
2011-08-19,43.93939971923828,45.379747320263796,43.90427182309868,44.281920996274835,96674600
2011-08-22,44.097469329833984,45.00208013697404,43.96573223385735,44.993295653729696,77107700
2011-08-23,45.91548156738281,45.91548156738281,44.21165652405326,44.396090520178184,75688400
2011-08-24,46.27555847167969,46.363386558302,45.41486332457471,45.78373458779052,80197700
2011-08-25,45.52027130126953,46.46001034583755,45.36218404608052,46.2492262221522,93623700
2011-08-26,46.6619987487793,46.820085965907786,44.92304271066505,45.37095425899633,91573300
2011-08-29,47.96183776855469,48.01453128878214,47.10992345500962,47.12748907851881,45985800
2011-08-30,48.27800750732422,48.5678318907573,47.52270252277168,47.786180148701696,61617900
2011-08-31,48.3570556640625,48.95427345899187,47.953053026104335,48.56783644444928,60900400
2011-09-01,47.917930603027344,48.86645092371334,47.83010247591722,48.48001721533023,57158400
2011-09-02,46.79374313354492,47.96183182490016,46.53904999997473,47.05722410323086,58185700
2011-09-06,46.80253601074219,46.87279515836898,45.59053472390215,45.70470960788354,52992200
2011-09-07,47.988182067871094,47.99696655432528,47.33827078285861,47.470007926971974,48952200
2011-09-08,47.76860809326172,48.45365049847539,47.61052086893559,47.74226133930714,61422800
2011-09-09,46.70592498779297,47.63688294837556,46.416097220237006,47.43487994961222,63663500
2011-09-12,47.303123474121094,47.33825470740786,46.17016632786382,46.1877319445072,65973000
2011-09-13,47.93547821044922,48.03208408850739,47.25043247768733,47.478782172041036,59020000
2011-09-14,48.62052536010742,49.165046195703404,47.70713319373384,48.181394897462376,90757300
2011-09-15,49.3407096862793,49.428534457619236,48.64688260167285,49.1474911689711,83536100
2011-09-16,49.792964935302734,49.84575953272796,49.353020026299,49.44980844332195,91902100
2011-09-19,49.81056594848633,50.07453223749865,48.7722956360595,49.17704416964597,73042900
2011-09-20,49.59058380126953,50.46167272062138,49.47619720097132,50.06572504265026,66570100
2011-09-21,48.728294372558594,50.09212278794324,48.719493595577866,49.84575473669033,79938000
2011-09-22,47.144493103027344,47.91879364477165,46.41418301974216,47.487649558927444,151885500
2011-09-23,47.64602279663086,47.848397000209964,46.71333861984193,46.7485350091198,85940600
2011-09-26,48.200347900390625,48.28833886824917,46.818921591877555,47.8835871291243,96261400
2011-09-27,48.70189666748047,49.449804974226105,48.3763383974806,49.01865751678327,81148600
2011-09-28,47.98038864135742,49.247432073043825,47.86600538661818,48.91307301673623,76757100
2011-09-29,47.40846633911133,48.77229494340062,46.607766705121094,48.71070292205625,116900200
2011-09-30,46.1854133605957,47.17088891743387,46.15901438629203,46.774937868008244,104870100
2011-10-03,44.997562408447266,46.502173113184995,44.97116678936829,45.77186634772402,99149500
2011-10-04,45.92144775390625,46.00943874838949,44.08247792562187,44.540021027395035,137013700
2011-10-05,47.10051345825195,47.232498308794305,45.45511999913198,45.807077362902135,108825700
2011-10-06,47.892398834228516,47.90119625476602,46.81893227695195,47.038904712032355,71939200
2011-10-07,47.575645446777344,48.09478060918706,47.26768533200612,47.86601071771608,72525200
2011-10-10,49.221046447753906,49.221046447753906,48.29716259923362,48.385153615029964,48230200
2011-10-11,49.55539321899414,49.6785772538315,49.00986248335158,49.08905269953463,66449100
2011-10-12,49.801761627197266,50.356093144246685,49.766568585942515,50.030534856175926,85627600
2011-10-13,50.2592887878418,50.320880786143945,49.65216622321543,49.70496080312249,63443700
2011-10-14,51.19198989868164,51.20078731999905,50.602461975016844,50.875229027042444,65643600
2011-10-17,50.40007400512695,51.11278577237784,50.12731038383685,50.95440537965542,65161300
2011-10-18,51.024810791015625,51.28877705874118,49.85455575019763,50.32089626839655,91434600
2011-10-19,50.039329528808594,50.90162108768097,49.87215168336324,50.74324066293777,67639400
2011-10-20,49.792964935302734,50.08332682985829,49.08905375219942,50.03053558894634,80378300
2011-10-21,50.417686462402344,50.73444733745728,49.9601433491578,50.32089804430074,60455800
2011-10-24,51.46477127075195,51.60555354659605,50.426500727708934,50.602476055128385,61449500
2011-10-25,50.45287322998047,51.3151646938506,50.34728741062218,51.2975664978721,65299200
2011-10-26,50.391292572021484,50.84003492274964,49.458608114167404,50.734449079610094,98193800
2011-10-27,51.781517028808594,52.089480494373326,51.060007610591185,51.59674096337782,104455500
2011-10-28,51.86071014404297,51.92230216928956,51.47355979156245,51.49115799256342,42950000
2011-10-31,50.98961639404297,51.59673916928214,50.95441999522853,51.411963110276304,60520200
2011-11-01,49.66096115112305,50.954399763626746,49.37939678543016,49.73135392080227,99933000
2011-11-02,50.08332443237305,50.29449945545175,49.608186504343934,50.18011284476274,65003800
2011-11-03,51.12160110473633,51.19199390684024,49.89855469854605,50.47928188984911,78994200
2011-11-04,50.857627868652344,51.07760031043415,50.347293549105345,50.875226066776456,61527800
2011-11-07,51.21837615966797,51.25357255153249,50.30329011026641,50.82242514247377,65559000
2011-11-08,51.80790710449219,51.89589473295475,51.00720760203652,51.587934676822904,62906900
2011-11-09,49.98654556274414,50.884033648002216,49.82816511496251,50.8048434241114,69539000
2011-11-10,49.96013641357422,50.52326528815775,49.47619774676104,50.479271474177075,66052400
2011-11-11,50.901611328125,51.05119430348594,50.32968510977705,50.391277112422024,54471000
2011-11-14,50.58485794067383,51.04239760933231,50.40007856145146,50.76083318715201,44617600
2011-11-15,51.14799499511719,51.350369246261586,50.38248845270765,50.435283049033096,52203900
2011-11-16,50.303306579589844,51.17439910261314,50.20652150504394,50.778447955784365,68342800
2011-11-17,49.12425994873047,50.188926035312925,48.81629643709397,50.17132783266108,101706900
2011-11-18,48.74589920043945,49.1858441269542,48.65790820122846,49.1330495274276,60417000
2011-11-21,47.813209533691406,48.15636600190839,47.32047006138496,48.085976566729215,52283700
2011-11-22,47.97159957885742,48.112381833961734,47.39966977945719,47.690035068648804,51940100
2011-11-23,46.88933181762695,47.663632483891206,46.862932839188,47.61084124004024,48437300
2011-11-25,46.5285758972168,47.223686323126316,46.51977511912804,46.686956337680584,25448100
2011-11-28,48.147560119628906,48.20915212327874,47.637222539087425,47.663618153076655,46710700
2011-11-29,47.84841537475586,48.48193384247642,47.70763312009421,48.121179105123844,52056700
2011-11-30,49.61698532104492,49.66097913977428,48.98346359049993,49.150644800789976,66918600
2011-12-01,49.96013641357422,50.092121212029106,49.581783571617244,49.60818254521593,45362200
2011-12-02,49.81936264038086,50.452884409939315,49.775368818942276,50.452884409939315,36938900
2011-12-05,50.36489486694336,50.69925058247303,50.08332703602966,50.56726912313657,40492200
2011-12-06,50.22410583496094,50.54966408509563,50.056924643300626,50.40888186694175,38670000
2011-12-07,50.22410583496094,50.45287568076868,49.58178339833896,50.083320260294215,44576200
2011-12-08,49.37942123413086,50.2857101316559,49.28263280615612,49.898556419756936,51692600
2011-12-09,50.17131423950195,50.32089388674543,49.48500130459556,49.50259614596641,55757900
2011-12-12,49.60818862915039,50.162516795012735,49.185841921416255,49.64338167074328,55411700
2011-12-13,49.062652587890625,50.13611919208607,48.86027834155287,49.933744945748316,68557700
2011-12-14,48.297157287597656,48.91308090437767,48.02439355991219,48.87788450192998,63682800
2011-12-15,48.1651611328125,48.763483009491004,48.09476834937229,48.7106917784235,58732900
2011-12-16,48.413150787353516,49.07501485382354,48.333726964720526,48.421974160350636,60978900
2011-12-19,47.93660354614258,48.71319159031448,47.804229398171834,48.59846755316747,46733900
2011-12-20,49.3574104309082,49.419184141772234,48.686719618077596,48.713196470172726,81758800
2011-12-21,48.65141296386719,49.10147896189129,48.086622940302014,49.066178743814945,78552300
2011-12-22,49.06618881225586,49.09266566445324,48.68671980610287,48.75732025674285,40334100
2011-12-23,49.48979187011719,49.48979187011719,49.048549089676406,49.16326978877203,26594600
2011-12-27,49.67436981201172,49.83335295507797,49.40055895853542,49.45355558579597,21443500
2011-12-28,49.10025405883789,49.692034598932736,48.96776416839624,49.61254133853932,38180100
2011-12-29,49.45357131958008,49.48889904630236,49.020773815984164,49.17976037899011,28077900
2011-12-30,49.312255859375,49.5683979114187,49.3034213996802,49.34758359007676,21832400
2012-01-03,50.2573356628418,50.513477688269326,50.12484573606023,50.26616675225979,39514100
2012-01-04,50.469329833984375,50.53999204682915,49.95704226829878,50.177856629399066,29403400
2012-01-05,50.884437561035156,50.92859973825009,50.16899816046391,50.36331578343939,41260600
2012-01-06,51.061092376708984,51.175913369751896,50.698957113158926,50.89327137719372,46325200
2012-01-09,50.89328384399414,51.21125700585227,50.725466172728645,51.19359145582025,39195500
2012-01-10,51.264251708984375,51.5822248587662,50.91094746048034,51.43206937387633,35949900
2012-01-11,51.370235443115234,51.48505981544083,51.0610967899601,51.255411070789634,37144100
2012-01-12,51.57338333129883,51.64404551905903,51.10525813014248,51.485058965957144,26188300
2012-01-13,51.38789749145508,51.405563037483795,50.94626894881237,51.29957313066989,35980400
2012-01-17,51.85602569580078,52.07683998001321,51.661711416857685,51.83836014874076,41790800
2012-01-18,52.54498291015625,52.54498291015625,51.82954322086498,51.953198714711974,48692700
2012-01-19,52.87178421020508,52.96894305541386,52.68630097991158,52.78345645576105,47774500
2012-01-20,52.79228973388672,52.818786374947024,52.606806507746114,52.64213423937344,41041700
2012-01-23,52.80994415283203,53.18091052691907,52.50080213840098,52.801109694767945,40958300
2012-01-24,52.71278381347656,52.85410481420873,52.474303992986314,52.57146281274439,38440200
2012-01-25,53.3752326965332,53.5077226238572,52.84527972595485,53.22507722094209,61591800
2012-01-26,53.18975830078125,53.70204580791564,52.93361286253437,53.60488696103859,37852700
2012-01-27,53.3487434387207,53.44589891359148,53.048435815354736,53.07493245674138,45532300
2012-01-30,53.39289474487305,53.47238802218486,52.69512079617585,52.89826953389302,42797800
2012-01-31,53.46355056762695,53.75502702455423,53.11908084170083,53.657868205578474,51449600
2012-02-01,53.8963508605957,54.09066850877374,53.578377752434776,53.772695400612804,46146700
2012-02-02,54.064170837402344,54.24082294615744,53.852191002383215,54.0730052959874,46373600
2012-02-03,54.80610275268555,54.86793048055603,54.47929856689034,54.56762292974576,36453800
2012-02-06,54.76195526123047,54.779620812412055,54.46164762986225,54.602968669955565,28541300
2012-02-07,54.87677764892578,54.98276758277319,54.4704767253521,54.71779106347505,37935700
2012-02-08,55.16823959350586,55.16823959350586,54.68244884532852,54.8855975811351,41171100
2012-02-09,55.565711975097656,55.62753971139366,55.04459007677498,55.380228766209655,46856400
2012-02-10,55.17706298828125,55.32721505315234,54.98274538022889,55.16822853190184,58090500
2012-02-13,55.68935012817383,55.76001230159826,55.336049369125305,55.59219132439417,36810200
2012-02-14,55.830684661865234,55.83951912036732,55.37139053115925,55.56570818590066,51648200
2012-02-15,55.442047119140625,56.40479746769784,55.353719389839114,56.095655469180066,105709100
2012-02-16,56.2016487121582,56.26347643795468,55.31839163579897,55.45971263324211,83642300
2012-02-17,56.02500534057617,56.25465073364501,55.777694398908366,56.21048854682703,76112300
2012-02-21,56.183982849121094,56.43129375091081,55.83067867282864,56.08682403217276,38141300
2012-02-22,55.92783737182617,56.245810455947115,55.84834410079594,56.07799282570921,43174700
2012-02-23,56.29878616333008,56.36061386566192,55.72466793384065,55.99847873656527,54250000
2012-02-24,56.49312210083008,56.59028091885241,56.35180110262261,56.457791008938614,41364900
2012-02-27,56.57262420654297,56.75810740285116,55.93667796850493,56.18398889691586,42678500
2012-02-28,57.1467399597168,57.1467399597168,56.554959234211765,56.62562142974851,43717500
2012-02-29,56.890586853027344,57.37637416191912,56.70509695214711,57.19089099975504,59784400
2012-03-01,57.34104537963867,57.39404538432899,56.93474795016714,57.10256894403972,67558900
2012-03-02,57.29689025878906,57.48237344035267,57.11140707722546,57.26155916629359,33358200
2012-03-05,56.70508575439453,57.33220403336412,56.51960599821587,57.261541869717576,45788800
2012-03-06,56.14864730834961,56.281137206300244,55.84833979310517,56.14864730834961,54638600
2012-03-07,56.581459045410156,56.71394898479087,56.325316995624775,56.413641375639166,42741800
2012-03-08,57.190879821777344,57.35870077609872,56.793416943212314,56.917072360486536,43711100
2012-03-09,57.42937088012695,57.53536415290311,57.252722164216586,57.28805325514197,43117200
2012-03-12,57.455875396728516,57.5088686648138,57.164398944826054,57.41170984751298,32687300
2012-03-13,58.52462387084961,58.52462387084961,57.6501943922876,57.76502214089425,61559100
2012-03-14,58.7277717590332,58.94858606812432,58.365639796257085,58.5864541053482,59926900
2012-03-15,58.89558410644531,59.01923956220647,58.60410764412961,58.904418564347374,65531200
2012-03-16,58.854000091552734,58.98671491812106,58.71244255999461,58.98671491812106,53023100
2012-03-19,59.26982116699219,59.411385411531676,58.79205196690347,58.95130836693304,60966200
2012-03-20,59.37602233886719,59.43795503750817,58.80092913711075,58.960185612210104,47290600
2012-03-21,59.384857177734375,59.71221275418744,59.3052255847078,59.384857177734375,39648100
2012-03-22,59.260990142822266,59.40254766510363,58.99556050708016,59.030951575189505,56953900
2012-03-23,59.22560501098633,59.34947038670625,58.889393205326485,59.33177147579957,45541700
2012-03-26,60.260765075683594,60.260765075683594,59.570656093488324,59.62373932283986,40855300
2012-03-27,60.3492546081543,60.596985407869354,60.278472451047705,60.3050208225812,37278200
2012-03-28,60.1103515625,60.614662437024194,59.756447654903674,60.38462388456324,44421900
2012-03-29,59.88031005859375,60.1014991461698,59.455624040379426,59.809527930532155,53975300
2012-03-30,59.76532745361328,60.18115749975163,59.526439325878655,60.14577316616629,39480900
2012-04-02,60.384613037109375,60.46423785818311,59.597180527993125,59.703353706245814,40031600
2012-04-03,60.366943359375,60.65006518997811,60.03073154480095,60.43771875440811,45539900
2012-04-04,59.54412841796875,59.951115688636825,59.199073846094564,59.91572461073205,54088100
2012-04-05,59.91569900512695,59.968782224219495,59.39368926681524,59.43792978282904,42979900
2012-04-09,59.46446228027344,59.70335022989365,59.0663246977784,59.172491119694946,36908200
2012-04-10,58.508941650390625,59.66797719082766,58.323143605776146,59.43793862361906,69254200
2012-04-11,58.79206085205078,59.181355833213175,58.64165388211284,59.02209940911544,62950000
2012-04-12,59.46446228027344,59.52639494310942,58.81859404643446,58.90706831474959,57407400
2012-04-13,58.5620231628418,59.4556221887072,58.53548155318412,59.26098146783254,55227500
2012-04-16,57.90731430053711,58.88939462466984,57.721516232479146,58.8540035521602,57588000
2012-04-17,59.084041595458984,59.269839661778164,58.06657020833857,58.155051263863065,47362400
2012-04-18,58.93362808227539,59.27868256015035,58.75667949111349,58.915929173065564,42536100
2012-04-19,58.27003860473633,59.42906696191752,58.057699025973754,58.721266115991114,81110900
2012-04-20,58.110809326171875,58.84515886820425,58.02233502295082,58.588578663753545,59906900
2012-04-23,57.579952239990234,57.66842653627117,57.057942416667316,57.562253330640374,70514400
2012-04-24,57.270286560058594,57.71266477410146,57.02254909006367,57.473776758431036,49661500
2012-04-25,58.79206085205078,58.827451918534244,58.367381554560644,58.455855845691445,57526900
2012-04-26,59.137115478515625,59.26983029066211,58.70358672564916,58.783218312999345,41799500
2012-04-27,59.491031646728516,59.67682972193754,59.07519496643147,59.3848651752703,46003800
2012-04-30,59.06635665893555,59.42910338035815,59.02211612576218,59.31408744432809,37787700
2012-05-01,59.16367721557617,59.836087382186356,58.915939693493335,59.004420755030125,37643800
2012-05-02,59.33176803588867,59.376008560433704,58.73013335292032,58.87169763133937,38299300
2012-05-03,58.70356369018555,59.411371243783684,58.553156778845704,59.36713074037639,51297600
2012-05-04,57.24374771118164,58.70359741018604,57.23490500554331,58.16389535934104,107554000
2012-05-07,57.29684066772461,57.5711130601925,56.88100397581695,56.89869613816826,50267800
2012-05-08,57.0844841003418,57.279131602491546,56.164339942629475,56.93407712146467,72659700
2012-05-09,56.90753936767578,57.226052256406675,56.19088536803126,56.42092395437171,85715300
2012-05-10,56.79252624511719,57.181814544828676,56.5801831838182,57.16412238354235,49448900
2012-05-11,56.78368377685547,57.385318586977974,56.54479906915281,56.59788568477969,47099900
2012-05-14,56.2528190612793,56.695197304761855,56.1643413875359,56.29705621061192,46360000
2012-05-15,56.06700897216797,56.86328766237263,55.969685233624844,56.40321733029578,66908600
2012-05-16,55.68657302856445,56.42976862535052,55.57155711334484,56.26166610497539,52825900
2012-05-17,54.50985336303711,55.7927510773871,54.501003907204634,55.70427339445487,62253900
2012-05-18,53.802040100097656,54.81950797667611,53.757799578225494,54.677947081887886,79496500
2012-05-21,55.30613327026367,55.359219880993734,53.83743745751774,53.90821960515781,61473000
2012-05-22,55.244197845458984,55.695425576643956,54.84606009745605,55.465386983273234,62954800
2012-05-23,55.35036087036133,55.48307230356754,54.297498608172056,54.77526786790108,56951100
2012-05-24,54.98761749267578,55.48307896963107,54.58062694007628,55.429995740001964,83131200
2012-05-25,54.916847229003906,55.13803640049984,54.757590755520525,55.040712625029,32078900
2012-05-29,55.61579513549805,55.87237533515556,55.10263473618301,55.42999707715774,44216700
2012-05-30,55.14686584472656,55.341509949953405,54.571772857505565,55.11147478011162,56431800
2012-05-31,54.90798568725586,55.217649090129605,54.49214908190144,55.076088195233325,55260100
2012-06-01,53.4481315612793,54.2532597137057,53.43043602907372,53.917051351955145,71430800
2012-06-04,53.855133056640625,53.93476128528842,53.12078683695863,53.598556208845366,74119500
2012-06-05,54.07630157470703,54.18247475578308,53.642772898083635,53.66931450581401,47916900
2012-06-06,55.31498718261719,55.359224340916846,54.43023051630868,54.48331713131557,58781800
2012-06-07,55.093780517578125,55.89890869319711,55.04954337332873,55.89890869319711,38414800
2012-06-08,55.6246337890625,55.69541592092944,54.81950560200395,55.00530363553796,39730800
2012-06-11,54.68680191040039,56.07586938172618,54.65141083945594,56.0493243909787,51008900
2012-06-12,55.35036087036133,55.37690248198701,54.571774303589336,54.94337036666006,48802600
2012-06-13,54.969932556152344,55.60695506006886,54.784131091392815,55.19112172246142,50840100
2012-06-14,55.17342758178711,55.39461675369929,54.67796262167541,54.96108449171669,65170600
2012-06-15,55.85890579223633,55.93871703069852,55.300227123000994,55.32682974154322,41536100
2012-06-18,56.382110595703125,56.52399686233231,55.539659407601825,55.62833705568178,32191200
2012-06-19,56.96738815307617,57.206825243732524,56.6215405916133,56.6658827982299,36476500
2012-06-20,57.01173400878906,57.26003414412478,56.58607518414112,57.09154186700214,51389700
2012-06-21,55.59286880493164,57.02946778494867,55.53079377006173,56.96739275007876,42492700
2012-06-22,56.17815017700195,56.249095007115265,55.628341274966516,55.77909734753946,29504200
2012-06-25,55.09626007080078,55.73474652902746,54.93663761053532,55.717013707073676,33136400
2012-06-26,55.4421272277832,55.60174974453826,55.03420452178089,55.28250471102815,30611100
2012-06-27,55.779090881347656,56.02739099228869,55.592862415306584,55.65493744304184,35705800
2012-06-28,55.158348083496094,55.39778183027035,54.573066718993246,55.362309412340245,49793400
2012-06-29,56.89645004272461,56.89645004272461,56.05399547747046,56.22248774365545,44761300
2012-07-02,57.06494903564453,57.091551659611895,56.63929013798559,56.97627136719583,33425600
2012-07-03,57.5438117980957,57.5438117980957,57.0117390657992,57.100416726903305,15895100
2012-07-05,57.57925796508789,57.863030410651305,57.18020528921298,57.490580344412216,37016200
2012-07-06,56.86098098754883,57.36645105027487,56.44418857753993,57.313239046107604,40684100
2012-07-09,56.75456619262695,56.985133512172524,56.47079363229068,56.79890840373355,35628300
2012-07-10,56.19587326049805,57.2068165565021,55.97417579242288,57.064926929412486,47365700
2012-07-11,55.885520935058594,56.275707420074916,55.42438960758315,56.12495470410371,43432000
2012-07-12,55.362300872802734,55.5928647881124,54.8568308351925,55.44211210941674,57680400
2012-07-13,56.20475769042969,56.32890776362931,55.47759007640125,55.51305910957558,32357200
2012-07-16,56.04511642456055,56.328888891898295,55.82341897302576,56.08058882868643,27621400
2012-07-17,56.3377685546875,56.52399702874036,55.53965957111196,56.39984358509331,42467800
2012-07-18,57.100406646728516,57.26889890905198,56.213616660892484,56.23135286654944,44489700
2012-07-19,57.73003005981445,57.916255155717636,57.39305228137124,57.499462755789594,53017800
2012-07-20,56.96738815307617,57.730028100320176,56.940785535374545,57.71229527707603,40573100
2012-07-23,56.27570724487305,56.47080217819197,55.43325584889332,55.858918136650274,48657800
2012-07-24,55.83230972290039,56.45306353438418,55.468725879191275,56.37325228172432,57269700
2012-07-25,55.4598503112793,55.82343409497377,55.11400273445231,55.397775278660895,46264400
2012-07-26,56.19587326049805,56.51511815577986,55.841159341278725,56.2579482809323,41928200
2012-07-27,57.526058197021484,57.632468645648295,56.43530373891069,56.60379597012904,42621000
2012-07-30,57.48170852661133,57.91623358857475,57.28661370860001,57.66793355316708,37821300
2012-07-31,57.4639892578125,57.80096699022043,57.41077726220168,57.57039971769388,34588300
2012-08-01,57.29549026489258,57.88963781486415,57.064923019504604,57.87190499552785,30920200
2012-08-02,57.09153366088867,57.659078678842555,56.67474469117356,56.860973148743234,40534900
2012-08-03,58.173423767089844,58.421723889363946,57.80984337823732,58.01380129338922,42117400
2012-08-06,58.6168327331543,58.87400271122295,58.35079972408751,58.47494981478651,23523600
2012-08-07,59.10456466674805,59.343995029607484,58.776449876626984,58.865127538216704,28223300
2012-08-08,59.07794952392578,59.20209957697355,58.856252034101836,58.95379947087801,20723500
2012-08-09,59.25531005859375,59.33512468014931,58.96266772234178,59.069084962525515,20726200
2012-08-10,59.29077911376953,59.3085119366269,58.891726325607166,59.04247899974222,20312000
2012-08-13,59.43266677856445,59.441536573542585,58.97153892476987,59.273044297314165,19890300
2012-08-14,59.45928955078125,59.77853458515997,59.29079723661672,59.6543777245258,24218700
2012-08-15,59.61004638671875,59.69872406557489,59.406081636243705,59.41495143383129,29100400
2012-08-16,60.3194694519043,60.45248934170922,59.76079403353081,59.83173887684978,35699900
2012-08-17,60.585472106933594,60.594341898331535,60.310569464613735,60.452452298638384,22584800
2012-08-20,60.67415237426758,60.68302216605298,60.30170230730649,60.54113256016182,26924000
2012-08-21,60.43476104736328,61.08211418561181,60.19532387461798,60.83381398104124,41391000
2012-08-22,60.683013916015625,60.798294130877906,60.133201916439184,60.30169410911071,44555700
2012-08-23,60.186424255371094,60.603209765008174,60.02680182580001,60.408121698349326,28800400
2012-08-24,60.55887985229492,60.70076271057761,59.946992688922364,60.04454011397218,38384800
2012-08-27,60.656436920166016,60.89586724156182,60.52341706798136,60.81605938965346,20671400
2012-08-28,60.656436920166016,60.82492241830723,60.399267010121214,60.60322491988972,27337900
2012-08-29,60.656436920166016,60.80718959532895,60.399267010121214,60.656436920166016,26672400
2012-08-30,60.044551849365234,60.41700203652907,59.947004405250276,60.39039941825608,24425400
2012-08-31,60.44361114501953,60.700774297600496,59.8317238648453,60.47907679210791,42128000
2012-09-04,60.38152313232422,60.61209040868809,59.787375502531006,60.32831790149803,32017200
2012-09-05,60.3194694519043,60.61211185634059,60.159846937272924,60.35494187356379,26129300
2012-09-06,61.658504486083984,61.676244073958685,60.67416709482119,60.6919066826959,43100000
2012-09-07,61.569828033447266,61.676245265740526,61.39247274529573,61.51662280013592,32958600
2012-09-10,60.78060531616211,61.54324548206842,60.736263096831806,61.4102255897503,25490000
2012-09-11,60.683013916015625,61.02886132627033,60.585466516644516,60.78943110596626,29810100
2012-09-12,60.86041259765625,61.020035113744235,60.487962315341846,60.90475481655341,42203400
2012-09-13,61.68512725830078,61.9511670379884,60.85154902891337,60.91362407541746,45417800
2012-09-14,62.23491668701172,62.45661416640893,61.88906916040568,61.90680198186259,38880300
2012-09-17,62.261539459228516,62.28814208286157,62.039841908056644,62.270409255663644,31798400
2012-09-18,62.314735412597656,62.3413447979344,62.093037894490735,62.10190768960298,27169800
2012-09-19,62.42999267578125,62.58961508331247,62.12848067681423,62.30584266610897,36484600
2012-09-20,62.36792755126953,62.43000256593959,61.96000505977071,62.12849051920705,42520200
2012-09-21,62.385746002197266,62.732579962773066,62.32349392683667,62.67922297959751,23678500
2012-09-24,62.021121978759766,62.127842730287306,61.73654009298702,61.86993933615461,32341600
2012-09-25,61.14958953857422,62.323490600555324,61.1229110484103,62.18119627305847,41299600
2012-09-26,60.65156173706055,61.105116391543746,60.34030139965698,61.06954281227384,32770400
2012-09-27,61.487491607666016,61.62978585004374,60.69599854308798,60.802719224871275,25339500
2012-09-28,60.980587005615234,61.46971503682919,60.92723005128777,61.28295891171941,30112600
2012-10-01,60.891666412353516,61.65648121221237,60.69601516797593,61.27407381228294,37715300
2012-10-02,61.06953048706055,61.34522397451951,60.58929744128844,61.15846102480387,33254300
2012-10-03,61.46084213256836,61.57645117032595,60.99839241160575,61.23851236267337,38236000
2012-10-04,61.674259185791016,61.84323193380909,61.36299895388732,61.558650181073695,26128600
2012-10-05,61.3452262878418,62.07446758078089,61.18514859988125,61.98553025471863,25207900
2012-10-08,60.78496170043945,61.1140122239528,60.64267416660028,60.98950808748106,30911500
2012-10-09,59.815589904785156,60.776049140798946,59.67329562687815,60.624866559246215,67974000
2012-10-10,59.51321792602539,59.9667724554143,59.40650400261479,59.79779969672803,45134300
2012-10-11,59.326473236083984,60.00235761643527,59.29089965975329,59.957888949780425,30469400
2012-10-12,59.29978942871094,59.637728196078115,59.18418040473501,59.3175728227975,24891200
2012-10-15,59.73556900024414,59.81561125637961,59.16640525537845,59.52213429216126,22220100
2012-10-16,60.58042526245117,60.65156564060311,59.806715129709225,59.82449852800548,33960600
2012-10-17,60.54481506347656,60.7404662512404,60.18908624799349,60.2691216693717,33439400
2012-10-18,59.84227752685547,60.54484036517085,59.61994777238727,60.34918909564433,61707600
2012-10-19,58.410457611083984,59.82447121133698,58.339310480451886,59.77111425584481,75362600
2012-10-22,58.712833404541016,58.8640227808401,58.25039054135306,58.38378973928047,38621500
2012-10-23,58.15257263183594,58.65058913288715,57.974711534307914,58.232614875199715,52591200
2012-10-24,57.94804382324219,58.57945965733012,57.859106472974894,58.48163400000987,39872400
2012-10-25,57.94804382324219,58.446060416896394,57.77907099969499,58.348234759576144,52688700
2012-10-26,58.117000579833984,58.35712053125807,57.494479937190306,57.94803456823992,54213100
2012-10-31,57.76126480102539,58.15256732181561,57.56562032559562,58.045846602064096,38524500
2012-11-01,58.579444885253906,58.69505391249397,57.9569175152027,58.12589029613975,26945000
2012-11-02,57.956912994384766,58.88180549505728,57.903556029815284,58.846231923689295,44083000
2012-11-05,58.339317321777344,58.45493311885348,57.84130091887896,57.96580501960355,28094700
2012-11-06,58.44603729248047,58.84622807047729,58.21481248621154,58.437142203979676,29608400
2012-11-07,57.067596435546875,57.89466334555329,56.82748330004545,57.82351619986203,70737800
2012-11-08,56.16938400268555,57.36107151560834,56.16938400268555,57.22767231788136,58585800
2012-11-09,56.409515380859375,57.01425268953431,56.16939879719579,56.204972378290414,51542100
2012-11-12,56.400604248046875,56.800798440330766,56.24942166011876,56.73854638736243,32663700
2012-11-13,56.00930404663086,56.54289742337525,55.83143958771606,55.96483878002276,43288300
2012-11-14,55.35122299194336,56.347259446918905,55.262289045304264,56.28500738051313,82655300
2012-11-15,55.164459228515625,55.57354856715233,54.95991625543874,55.38678898957524,55124200
2012-11-16,55.40457534790039,55.56465304602056,54.52415140072239,55.208927466573556,70873100
2012-11-19,56.72076416015625,56.76523282369225,55.99152285893782,56.00930964585567,55306400
2012-11-20,56.738548278808594,56.81858711993356,56.196063177015205,56.70297470664581,52012700
2012-11-21,56.854164123535156,56.93419957700811,56.56068722420326,56.80080376207042,19611700
2012-11-23,57.71681213378906,57.734595530769575,57.138753349909535,57.17432692883697,16462900
2012-11-26,57.9658088684082,58.0013824402579,57.39664528874321,57.57450636302662,26430900
2012-11-27,57.770164489746094,58.161467041688475,57.6723388517605,57.95692067545517,25828600
2012-11-28,58.268192291259766,58.31266096623309,57.13875986758948,57.49448891247452,37295800
2012-11-29,58.61502456665039,58.81956415807628,58.32154763811806,58.57945098880106,41136100
2012-11-30,58.51718521118164,58.66836779288927,58.3482124522351,58.62389913475662,33497400
2012-12-03,58.40157699584961,59.02410436570159,58.374898511492404,58.97074061202168,28240000
2012-12-04,58.365997314453125,58.490501418402644,57.983589913761115,58.428249366427885,49584500
2012-12-05,57.71681213378906,58.28597582669513,57.40555179938206,58.27708073572167,54076200
2012-12-06,58.09031677246094,58.23261106915586,57.387753948702176,57.53893655021639,47512300
2012-12-07,57.743473052978516,58.437140668595255,57.5478218208888,58.374888620654374,30089400
2012-12-10,57.91246032714844,58.21482555440574,57.58340982839838,57.58340982839838,33219600
2012-12-11,58.668392181396484,58.997435962489305,58.26819444673388,58.3126631233522,40750800
2012-12-12,58.54386901855469,58.97963341105031,58.383791333663304,58.97963341105031,45917700
2012-12-13,58.0814094543457,58.83733587269676,57.832401272520734,58.42824324831107,45467700
2012-12-14,57.53004837036133,57.876882238101686,57.334397104463584,57.69012606200807,39630300
2012-12-17,58.294864654541016,58.31264804961089,57.50337126710038,57.58340672236338,42302900
2012-12-18,59.18418502807617,59.27311557538667,58.428258413522336,58.58833611266756,55596000
2012-12-19,58.926300048828125,59.37095970887217,58.89072646182844,59.35316952288835,34832500
2012-12-20,58.926300048828125,59.059699303834925,58.63282304480674,59.0330140248592,40754300
2012-12-21,58.30654525756836,58.37808867170044,57.76998329708874,58.02037842379553,51152900
2012-12-24,58.19029998779297,58.252898777711195,58.056157774323516,58.15452827601736,11418300
2012-12-26,57.68056106567383,58.28866647850125,57.49276470884188,58.235012325908095,21751300
2012-12-27,57.59113311767578,57.80575654303012,56.875712602820414,57.73421312699345,52933200
2012-12-28,57.036678314208984,57.61795659336966,57.009851240560145,57.152934652316645,33082100
2012-12-31,58.243934631347656,58.351249730722074,56.857817083887184,56.974069991143885,57544000
2013-01-02,60.09508514404297,60.121919039386235,59.45121493365917,59.674782968901525,70695900
2013-01-03,59.78208923339844,60.220280657252914,59.60323754036735,60.09508310758021,47366500
2013-01-04,59.585357666015625,59.8089257289085,59.442277653597216,59.8089257289085,33972500
2013-01-07,59.6032600402832,59.70163055541107,59.245549696432526,59.433346091833734,26766200
2013-01-08,59.48698806762695,59.75527247623762,59.173994139418454,59.5943031956224,28734900
2013-01-09,59.71055603027344,59.871525310609336,59.51382186342371,59.576420648956784,25600300
2013-01-10,60.068267822265625,60.15769368632797,59.51382337142546,60.1219287989079,37528000
2013-01-11,60.14876174926758,60.175588828830286,59.91624902179618,60.04144660825999,21158600
2013-01-14,59.88047409057617,60.050388015685705,59.62113429747714,59.8447023788291,36768500
2013-01-15,59.585357666015625,59.67479034937743,59.31708008419768,59.585357666015625,31675300
2013-01-16,59.82682418823242,60.03250301695713,59.55853974243155,59.665854885303276,33822300
2013-01-17,60.11299133300781,60.3455040654975,59.96990447524281,60.06827498426703,32024200
2013-01-18,59.97881317138672,60.04141192846171,59.710528885206585,59.93409684943909,31992000
2013-01-22,60.07719039916992,60.12190672616229,59.67477074725294,60.04141870212674,32123100
2013-01-23,60.443878173828125,60.62273677687416,60.32762519891676,60.41705108906074,31975700
2013-01-24,59.6121940612793,60.166638513910414,59.52276137417198,59.6121940612793,42596300
2013-01-25,59.916236877441406,60.086150777241244,59.683724197097746,59.79998394864726,39240100
2013-01-28,60.050384521484375,60.256063323616594,59.853643529701564,59.92518694903277,32926100
2013-01-29,60.0593147277832,60.193450078363654,59.58534480563297,59.97882669468058,35554700
2013-01-30,59.934112548828125,60.345483714794675,59.799977193354906,60.16662520290605,34445000
2013-01-31,59.799949645996094,60.22919623128349,59.746288705771576,59.90725788094221,34870500
2013-02-01,60.50645065307617,60.61375893335612,59.97882659160054,60.220277044984755,53120800
2013-02-04,59.45122528076172,60.327608310697784,59.43333601408603,60.15769439105957,48483700
2013-02-05,60.327598571777344,60.515394905018375,59.56746860691935,59.71054860344606,35120300
2013-02-06,60.130859375,60.40808838982256,59.952007668393094,60.130859375,43593200
2013-02-07,60.184532165527344,60.247130957409794,59.522765711048166,60.20241461059807,46017900
2013-02-08,60.80155944824219,60.92675699905669,60.47962093964638,60.48856557120594,39837200
2013-02-11,60.81944274902344,60.864152256928556,60.613757179846644,60.83732518763466,17650400
2013-02-12,60.56904602050781,60.85521278976388,60.506447252944106,60.73895306232132,22057900
2013-02-13,60.78369140625,61.01620412259206,60.60483284646517,60.74791969429303,23494700
2013-02-14,60.765777587890625,60.85521024302806,60.47067302329957,60.506444720803806,24478800
2013-02-15,60.586944580078125,60.90888313399937,60.417030670298644,60.756858489857606,25333600
2013-02-19,61.02512741088867,61.04301667398813,60.685306462301995,60.70318890264664,23436500
2013-02-20,60.08614730834961,61.03407359407489,60.07720267657249,61.007246521498516,38200300
2013-02-21,59.4422721862793,59.92517997644222,59.22764877601418,59.86258119750009,45855600
2013-02-22,60.04142761230469,60.050372243581265,59.54957523341183,59.78208788732069,21968000
2013-02-25,59.2991828918457,60.640591089895636,59.24552874720528,60.42596768857902,40927600
2013-02-26,59.52273941040039,59.63005450167645,58.986177599527295,59.37965944478591,42088800
2013-02-27,60.130859375,60.49751424312602,59.44227279953261,59.52275402067914,36339500
2013-02-28,60.00565719604492,60.57799080042993,59.99671256457663,60.13979937705026,28557300
2013-03-01,60.25605392456055,60.36336903681777,59.50486860702473,59.799980048665915,31617200
2013-03-04,60.52434539794922,60.533290030709274,59.97883878643322,60.05932683576227,19380500
2013-03-05,61.418617248535156,61.499098474599705,60.882055273171105,60.882055273171105,35581900
2013-03-06,61.26658630371094,61.62429652474034,61.1860982631707,61.60640726117363,29071100
2013-03-07,61.427574157714844,61.52594466884604,61.2129438664702,61.338141458317715,21775900
2013-03-08,61.49911117553711,61.7226792800069,61.25766062472285,61.6332534027704,26159900
2013-03-11,61.677974700927734,61.69585714870683,61.23083845611632,61.4186348602062,23187900
2013-03-12,61.454368591308594,61.64216487931465,61.159257214690456,61.49907809449855,27575400
2013-03-13,61.37388610839844,61.606398743333074,61.1592627345571,61.53485534446795,34297300
2013-03-14,61.5795783996582,61.7137205814917,61.44543621782471,61.58852303118171,31530800
2013-03-15,61.408382415771484,61.65935704106519,61.25599910308975,61.623502546231,30752600
2013-03-18,61.27394485473633,61.524919541817184,60.709251808804396,60.84369764934962,36163000
2013-03-19,61.157413482666016,61.57868844944999,60.61064435300924,61.462166459302885,33125100
2013-03-20,61.5876350402832,61.72208765787032,61.30080598075131,61.5876350402832,28035400
2013-03-21,60.888484954833984,61.17531399231849,60.74506701681989,61.02293756208628,30050800
2013-03-22,61.48006057739258,61.524880388083055,61.06774430550351,61.13945326719108,28837200
2013-03-25,61.25600814819336,61.811742642365026,60.960220489589936,61.67728997651984,24909800
2013-03-26,61.5876350402832,61.60556570318506,61.35458429236848,61.489036909955594,19725200
2013-03-27,61.66835403442383,61.71316704706396,61.07676482376118,61.1663976875906,22539500
2013-03-28,61.820701599121094,61.90136908717791,61.524907132487506,61.66832511820535,23662800
2013-04-01,61.39939498901367,61.92823321079788,61.22908790946945,61.86548957705156,28112800
2013-04-02,61.88344955444336,62.08960437504244,61.64143339637922,61.69521856403038,29431900
2013-04-03,61.31874465942383,62.00892482339528,61.16636135901485,61.919292012801534,35131200
2013-04-04,61.336673736572266,61.489050211479636,61.00502478658649,61.291853908166246,32287400
2013-04-05,60.825740814208984,60.91537360545565,60.22519359045837,60.3686046887443,55610800
2013-04-08,61.148441314697266,61.16636514250667,60.67338123447462,60.852646866750725,17891600
2013-04-09,61.560752868652344,61.811727469398235,61.03190766975637,61.30977826790645,30931400
2013-04-10,62.76185989379883,62.896312553073564,61.740030624985,61.77588512336135,55271300
2013-04-11,62.73497009277344,62.878388084822866,62.537773772978596,62.60948276900331,37233600
2013-04-12,62.690155029296875,62.73496802142302,62.215094913774365,62.58259153881128,32783700
2013-04-15,61.45320129394531,62.55570489046701,61.38149913595196,62.457106729861565,48795800
2013-04-16,62.268863677978516,62.34057266062423,61.67727482896886,61.80276212932637,27682600
2013-04-17,61.049842834472656,61.748988370523605,60.69130473331831,61.73106454281135,60204800
2013-04-18,60.20728302001953,61.24704289336679,59.947343051682715,61.211188397194896,56798200
2013-04-19,61.03189468383789,61.1573887960541,60.23415122754288,60.323790856060675,43062800
2013-04-22,61.659332275390625,61.88341764919048,61.02293063442421,61.24701600822406,34412100
2013-04-23,62.25092697143555,62.475012391546606,61.68623417463162,62.008917726675094,53078300
2013-04-24,62.22406768798828,62.44815321567929,61.955169157887624,62.098580339565125,44500700
2013-04-25,62.555702209472656,62.78875301896535,62.37642972580673,62.385395059626525,26437100
2013-04-26,62.35851287841797,62.537778543608596,62.08960754208524,62.40333271398901,24079800
2013-04-29,62.9321403503418,63.174156402062,62.52878938219934,62.55567853493638,31664000
2013-04-30,63.38930130004883,63.3982666339885,62.779788524527355,63.012839337136,30135800
2013-05-01,63.09347152709961,63.50578775654023,62.967984276336914,63.40718965400636,28537200
2013-05-02,63.891265869140625,64.02571855621741,63.147300260723824,63.20108543868318,31744200
2013-05-03,64.64417266845703,64.84136211883015,64.45594171227461,64.50972003159953,34061700
2013-05-06,64.89513397216797,64.99373209641294,64.70690305457586,64.76068136287539,19244300
2013-05-07,64.85930633544922,65.04753733095902,64.6172901708319,65.00271749646052,25838100
2013-05-08,65.17300415039062,65.2267824640267,64.71586796885057,64.82343143466719,24252100
2013-05-09,65.08338928222656,65.52259492121709,64.9579019568007,65.04753478374113,29337200
2013-05-10,65.477783203125,65.50467236787654,65.10131438096401,65.21784321294932,20663700
2013-05-13,65.55841827392578,65.71976002118615,65.30744374230812,65.37018737521254,29730100
2013-05-14,65.89906311035156,66.09625945133966,65.5494902653443,65.57638627065386,36009800
2013-05-15,66.03348541259766,66.09622905236891,65.61220375761472,65.77354552253279,27214400
2013-05-16,65.96177673339844,66.41891287577748,65.92592908640829,66.08727085203948,27253400
2013-05-17,66.59819793701172,66.6250870966271,66.08728338868396,66.30240350415218,31114500
2013-05-20,66.4996109008789,66.71473105228098,66.23070558271657,66.47272173677193,25132400
2013-05-21,66.57129669189453,66.81331278644831,66.23068929937011,66.46374006191031,25900000
2013-05-22,65.9886703491211,67.18079946709602,65.64805616809086,66.65196121124495,59843200
2013-05-23,65.8363037109375,66.06038916514565,65.2805761611703,65.40606346844324,48222100
2013-05-24,65.80044555664062,65.81836938115728,65.2178221009575,65.39708770030111,26430300
2013-05-28,66.230712890625,66.81333658523265,66.02455805069351,66.57132040447317,27057100
2013-05-29,65.9169921875,66.15004302472155,65.54053018482838,65.97077051972542,32090300
2013-05-30,66.26656341552734,66.58028174347194,65.92595592212272,65.94387975291386,32390500
2013-05-31,65.65702819824219,66.51751539222865,65.58531922244057,66.01556623870596,38347600
2013-06-03,65.77354431152344,65.791474973153,64.92202252479962,65.66598769592093,47613100
2013-06-04,65.43294525146484,66.16794518485732,65.16404000131496,65.90800526665765,35251900
2013-06-05,64.58141326904297,65.4687895142548,64.52762812428767,65.2178149672085,48654200
2013-06-06,64.89513397216797,64.90409930306582,64.0615360008065,64.67104856952827,62524100
2013-06-07,65.78251647949219,65.85422545637613,65.00269674260433,65.16403852132098,31969800
2013-06-10,65.8094253540039,66.11418517780055,65.66601419581161,65.90802351712519,25390000
2013-06-11,65.15507507324219,65.7376916601205,64.93098966642933,65.15507507324219,40278900
2013-06-12,64.40216827392578,65.55845021964124,64.30357011152432,65.53156105508566,42081900
2013-06-13,65.21783447265625,65.3612456116271,64.13326166223423,64.31252729558419,28221500
2013-06-14,64.78759765625,65.28954698009319,64.68899949070271,65.21784481850605,27690700
2013-06-17,65.41502380371094,65.79148569676815,65.07440956266836,65.29849499975644,32441900
2013-06-18,65.95285034179688,66.07833768297182,65.48674864153521,65.50467931230146,24853100
2013-06-19,65.21783447265625,66.04246732773895,65.14612548389805,65.97075833898073,43145100
2013-06-20,63.66715621948242,64.68002681837325,63.452036104776596,64.46489986512228,60908400
2013-06-21,63.329078674316406,63.81463540178274,62.79856032275515,63.64378946243884,51558900
2013-06-24,62.69965362548828,63.185203465882054,62.17812899966648,62.807550541051214,41492300
2013-06-25,63.15822982788086,63.409998446790226,62.771583203075664,63.30210153021785,28897400
2013-06-26,63.72469711303711,63.84158769125832,63.472921708888,63.69771603174454,23742300
2013-06-27,63.99444580078125,64.39907969560468,63.958477886118395,64.05738793639668,23545000
2013-06-28,64.08436584472656,64.46202554032773,63.65276456429474,63.79662937104579,28301100
2013-07-01,64.48001098632812,65.01052922336937,64.4170688422906,64.51597890580373,24942800
2013-07-02,64.50699615478516,64.90263647595978,64.15631745562777,64.45304769650875,23067900
2013-07-03,64.7677230834961,65.07344685378088,64.2192245234299,64.27317981240758,18847500
2013-07-05,65.26233673095703,65.28931097161009,64.6149275145505,65.13645236778724,28795900
2013-07-08,65.32523345947266,65.63095045440154,65.08245174215524,65.60397623251706,20558500
2013-07-09,65.7208480834961,65.86471970611433,65.32521484164904,65.63093174944797,26108600
2013-07-10,66.09852600097656,66.1974360539238,65.6219631241463,65.65792417960125,25598900
2013-07-11,67.41133880615234,67.46528726132175,66.76392990339967,66.80889152282748,47768900
2013-07-12,67.70808410644531,67.7530388757032,67.27647578844436,67.4563085858389,31412600
2013-07-15,67.86092376708984,67.90587852382527,67.59116778595907,67.77999422867879,19783600
2013-07-16,67.7710189819336,67.9688322937177,67.60017304065836,67.91488383233846,31747100
2013-07-17,67.94185638427734,68.10370862459663,67.75302991393492,67.97782431103502,24631500
2013-07-18,67.7710189819336,68.10371030734652,67.66311519899438,67.93287122625203,36278800
2013-07-19,67.06965637207031,67.20453438909568,66.87184305530481,67.18655385491006,37732400
2013-07-22,67.26744842529297,67.42031377277368,67.06064149780772,67.3214037256536,21135900
2013-07-23,66.77291107177734,67.40233246459853,66.71895576655076,67.39333877036432,24739500
2013-07-24,66.98873138427734,67.45630071908407,66.8358728383002,67.42932648863878,24426900
2013-07-25,67.41133880615234,67.49226148890645,66.95275635667254,67.30343503563358,23162200
2013-07-26,67.7710189819336,67.78000581870964,67.03369361563418,67.14159053839263,20885600
2013-07-29,67.64511108398438,67.92385385084755,67.46527150844494,67.63611739016281,20958400
2013-07-30,68.00481414794922,68.29255076786478,67.75304546304588,67.88792350429614,24104600
2013-07-31,68.13068389892578,68.52632423914412,68.00479958343462,68.1396775957982,25007600
2013-08-01,68.82303619384766,68.92194625260146,68.52630601758625,68.59824185307608,16880000
2013-08-02,69.20967864990234,69.22765917762423,68.67916046969748,68.83202582613659,18105300
2013-08-05,69.25467681884766,69.30863215619779,69.03887604999538,69.17375410309658,15462800
2013-08-06,68.84104919433594,69.227695917248,68.56230627555588,69.16475374654985,23675400
2013-08-07,68.71516418457031,68.85004222337788,68.2206205225186,68.64322831584867,20281200
2013-08-08,69.05683135986328,69.21868357633873,68.60724263189589,69.09279242114266,19994000
2013-08-09,68.77809143066406,69.18272545928619,68.58027126469509,68.9399436700768,18558500
2013-08-12,68.93993377685547,69.06581807164697,68.50833244047877,68.51731927569276,20515900
2013-08-13,69.32659149169922,69.4794500370436,68.53531767446299,69.02986123766789,23917000
2013-08-14,69.0658187866211,69.39851691783106,68.96690871680677,69.29960684801674,29921000
2013-08-15,67.89686584472656,68.32846701803821,67.69904578188499,68.29249911023274,39406600
2013-08-16,67.86992645263672,68.22060515845028,67.75302897724522,67.90588751871667,23825000
2013-08-19,67.75303649902344,68.45439398851357,67.7350559639873,67.87892082482007,29586900
2013-08-20,68.04974365234375,68.36445435988352,67.82494930978979,67.87889775674549,18842800
2013-08-21,67.81596374511719,68.41841100894116,67.56419514890297,67.83395113637805,30705100
2013-08-22,68.4813461303711,68.5263008790471,68.07671223121697,68.11268014626478,17269500
2013-08-23,68.93993377685547,69.02985015025233,68.69715888266602,68.96690800285657,20697300
2013-08-26,68.97590637207031,69.48843728135907,68.83204153692296,68.99389376407625,27525500
2013-08-27,67.56419372558594,68.49933910623864,67.40234150854644,68.1576541414573,40068900
2013-08-28,67.82494354248047,68.1126800020755,67.48325864051709,67.48325864051709,20490400
2013-08-29,68.301513671875,68.64319861016389,67.7080601621965,67.80697022383943,27287900
2013-08-30,67.86092376708984,68.37345464309466,67.61814201203624,68.37345464309466,26228500
2013-09-03,68.24758911132812,68.7331458947504,67.92388458904661,68.41842821017899,27241500
2013-09-04,68.97590637207031,69.0927969793888,68.2745490077994,68.48136285478749,27142900
2013-09-05,69.0927963256836,69.2906164747971,68.99389311130679,69.02086733888046,17809700
2013-09-06,69.1737289428711,69.5423881697288,68.38245517143046,69.32658747936867,27715100
2013-09-09,69.98299407958984,70.09988469763276,69.44348889297395,69.47046312327764,25161900
2013-09-10,70.32465362548828,70.4235636742304,70.06389139336618,70.38759576012616,27619400
2013-09-11,70.1897964477539,70.2347580687431,69.76718190710412,69.85710514908253,28132900
2013-09-12,70.14483642578125,70.360637097947,70.00096473755096,70.20777857433708,18332700
2013-09-13,70.1897964477539,70.26173229726454,69.81214352809332,70.21677067627535,16932500
2013-09-16,70.0009765625,70.78326356399614,69.83912431598979,70.78326356399614,25704300
2013-09-17,70.46855163574219,70.55846802454064,70.1178729173017,70.1538339846765,27174300
2013-09-18,71.31373596191406,71.45760759555239,70.43254621649902,70.57641098996028,31714700
2013-09-19,71.48461151123047,71.65545743211237,71.35872720958483,71.53855996617004,26435700
2013-09-20,71.23931121826172,71.73534666116353,71.20323528779794,71.65417409742498,26328900
2013-09-23,71.0949935913086,71.61808410892844,70.76129649266596,71.53691156892212,30319400
2013-09-24,71.0949935913086,71.47378042926304,70.8605035522414,71.24831109036947,21871300
2013-09-25,70.85149383544922,71.24832213526714,70.70719701419311,71.14911506031267,22746400
2013-09-26,71.40164947509766,71.57300842462992,71.11304891212657,71.1401041397832,22421700
2013-09-27,71.31144714355469,71.4377094315726,70.87854295550851,70.98677072271471,25151600
2013-09-30,71.14010620117188,71.32949968103647,70.34645635019928,70.57192576157813,28031900
2013-10-01,71.86160278320312,71.8976787105573,71.11304277235799,71.14911869971216,33129700
2013-10-02,71.83454132080078,71.93374839221615,71.30243003950204,71.37458188794577,25503800
2013-10-03,70.99578857421875,71.89766595573926,70.61700172536695,71.74434845226757,42998200
2013-10-04,71.60905456542969,71.70826161275359,70.93264663228163,70.99577776414435,22852700
2013-10-07,71.01385498046875,71.56400098068137,70.95072381064672,70.97777904331595,20227100
2013-10-08,69.64299011230469,71.07697220875446,69.61593488494225,71.01384105131541,43660700
2013-10-09,69.42652893066406,69.84139173078816,68.85834173508502,69.80531580719752,64526700
2013-10-10,70.89659118652344,71.05892941258136,70.15705190798829,70.17508643053726,48062700
2013-10-11,71.45575714111328,71.5098675891038,70.70719716694116,70.71621786853267,25214100
2013-10-14,71.96080780029297,71.96080780029297,70.95972320744679,71.01383365653706,31471900
2013-10-15,71.68124389648438,72.24942438049324,71.59105062025806,71.90671332548834,38684000
2013-10-16,72.49295043945312,72.52902638478707,71.96084572753931,72.0149562051487,46735900
2013-10-17,72.90775299072266,72.93481508785422,72.10508279525199,72.16821392700439,32193500
2013-10-18,74.08924102783203,74.1162962530126,73.36773624604558,73.57517110706254,39628200
2013-10-21,74.25160217285156,74.44099568833968,74.01711201429318,74.26061599684029,31176900
2013-10-22,74.35981750488281,74.76566661959453,73.89084410387902,74.54019718279285,43944800
2013-10-23,73.90884399414062,74.13431332527685,73.54809856894502,73.99903723121746,38021300
2013-10-24,74.23353576660156,74.38686017294243,73.84572816144166,73.95395593989768,23155100
2013-10-25,74.76565551757812,75.10836653354602,74.40490309610765,74.92799376320085,35824500
2013-10-28,74.78369140625,74.90093990181494,74.45000108694737,74.77467758411443,28618400
2013-10-29,74.90995025634766,75.090329902413,74.58527377420995,75.03621256820344,36878100
2013-10-30,74.83780670166016,75.29775932611744,74.47705428345007,75.17149701186092,33535500
2013-10-31,74.66642761230469,75.12638699346023,74.38684783198377,74.64838621183212,31309900
2013-11-01,74.68447875976562,75.00915523277578,74.31471253709168,74.91896885266846,30867800
2013-11-04,74.79268646240234,74.91894873680691,74.53114121377061,74.90992803698433,16834000
2013-11-05,74.87385559082031,75.05423519174776,74.28764080994618,74.50408945028092,27975600
2013-11-06,74.85582733154297,75.21657968279051,74.6123234508987,75.18952446058323,25576800
2013-11-07,73.44890594482422,74.97307424386125,73.3857747949325,74.86485334734932,52173200
2013-11-08,74.44094848632812,74.45898300365178,73.51201602667031,73.71944393939026,31470500
2013-11-11,74.32373046875,74.53115844718653,74.08021968267994,74.3327442898789,24822900
2013-11-12,74.44094848632812,74.549176232602,74.06216169553554,74.09823761096015,20108500
2013-11-13,75.34284210205078,75.35186280306152,73.95395001988629,73.95395001988629,31345900
2013-11-14,75.57730865478516,75.63141908246106,74.98206642724347,75.14440459104786,31101200
2013-11-15,75.72162628173828,75.72162628173828,75.4059705653785,75.59536399519438,20511300
2013-11-18,74.98210144042969,75.8569237938342,74.83780460565505,75.70360625664244,31679600
2013-11-19,74.76565551757812,75.29776000664249,74.63939320218047,74.93700758517201,25545300
2013-11-20,74.58528137207031,75.24365510591124,74.36883265552261,74.9640752270046,32177400
2013-11-21,75.34284210205078,75.40597324756831,74.83779293791054,74.90092408342807,28125000
2013-11-22,75.74869537353516,75.77575059978034,75.41500507547144,75.46911552796182,25361300
2013-11-25,75.92909240722656,76.10044450628573,75.73969889935186,76.01927880896002,21695100
2013-11-26,76.32588195800781,76.51527538649574,75.78475689364534,75.94709510103193,26621000
2013-11-27,76.85799407958984,76.87602860027037,76.4160760747417,76.47920721829142,21638100
2013-11-29,77.31796264648438,77.41716284314835,77.08347256518371,77.16463823903044,16708900
2013-12-02,77.0925064086914,77.52540383789405,76.9752579076644,77.40816221764761,26354600
2013-12-03,77.02935791015625,77.23678587473638,76.7317366940762,77.03837173068301,37147000
2013-12-04,77.10150909423828,77.35403370492708,76.46117686548327,76.70468765491859,37193200
2013-12-05,77.00232696533203,77.25485853862838,76.81293344594613,77.16466525063164,39829300
2013-12-06,77.56144714355469,77.72378533141183,77.19167415091096,77.65163349663584,36842900
2013-12-09,77.87712860107422,78.0394668426737,77.74184558627799,77.87712860107422,22590000
2013-12-10,77.82303619384766,77.96733306385266,77.6697186192231,77.75088431845438,26965900
2013-12-11,76.8219223022461,77.92221390414464,76.7136945299879,77.81398613188645,36830600
2013-12-12,76.62350463867188,77.03836742542674,76.5693941954191,76.84897399326334,33662600
2013-12-13,76.52433013916016,77.02036568267401,76.39806779731691,76.98428974489286,34072000
2013-12-16,76.9482192993164,77.3901375273098,76.8490121835327,76.9031226536758,24902500
2013-12-17,76.79486083984375,77.13757176964786,76.65055715522408,76.94817834416834,24454900
2013-12-18,77.687744140625,77.75989600765304,75.80282305978736,76.88507354208504,68387200
2013-12-19,77.47128295898438,77.57049003999518,77.12856508611804,77.56146933787248,44964100
2013-12-20,78.26020812988281,78.42306201828164,77.56355960334307,77.61784193193071,40475400
2013-12-23,79.08352661132812,79.08352661132812,78.66733908503387,78.9025740123663,28181800
2013-12-24,79.11973571777344,79.17402496626978,78.95688177756054,79.1016439033667,13852500
2013-12-26,79.38209533691406,79.4454270280855,79.11067676159503,79.26448131120614,15241100
2013-12-27,79.18307495117188,79.52688158133286,79.08355960851546,79.48164168705733,15827400
2013-12-30,79.0654296875,79.17400124933151,78.83924411066137,79.0654296875,18983700
2013-12-31,79.58108520507812,79.58108520507812,79.18299661771506,79.21014466900684,24890500
2014-01-02,78.95684814453125,79.23732291814811,78.73066259628531,79.21018175678022,29177500
2014-01-03,78.38687133789062,79.02923753452782,78.36877952927706,78.95685649480187,35723700
2014-01-06,78.09734344482422,78.49543220646176,77.80782622798827,78.40495937044457,32073100
2014-01-07,78.82117462158203,78.9387886698941,78.31451409219922,78.45927621563372,25860600
2014-01-08,78.99304962158203,79.21019274792604,78.66734183470211,78.83924508406542,27197400
2014-01-09,78.73069763183594,79.29164052605688,78.45927899473926,79.28259116736218,23674700
2014-01-10,78.9840087890625,79.07448164224431,78.33259320193548,78.92067710157161,38008900
2014-01-13,77.8169174194336,79.14689022209367,77.51835068768568,78.87546466547946,48842300
2014-01-14,79.30065155029297,79.3639832252644,78.07925101719549,78.07925101719549,37178900
2014-01-15,79.95207977294922,80.10588430777251,79.56304030669057,79.64446380066667,39835600
2014-01-16,79.96112823486328,80.07874916073773,79.76209071153055,79.88875409121341,31630100
2014-01-17,79.50875854492188,79.95208728478653,79.31876347182414,79.71685233124984,36895800
2014-01-21,80.11493682861328,80.1511204478304,79.44542252828047,80.0154146191756,26412700
2014-01-22,80.32305145263672,80.52209594028207,80.08781643063416,80.32305145263672,29376900
2014-01-23,80.0516128540039,80.08779647670731,79.49067006518433,80.07875402234991,35011900
2014-01-24,78.47732543945312,79.78015623275485,78.45018428169837,79.66254224827287,63974600
2014-01-27,77.71736145019531,78.6130543541159,77.12927760115498,78.4773416347011,63519300
2014-01-28,77.672119140625,77.75354953077473,77.1835575076329,77.35546074034366,44378800
2014-01-29,76.83975219726562,77.57259114062002,76.68594768615283,77.00260606274826,51939300
2014-01-30,78.26020812988281,78.53163357809282,77.6992654248122,77.78069582032956,65833600
2014-01-31,78.05211639404297,78.4230640560598,77.31022797264538,77.39165837027866,45187000
2014-02-03,76.26071166992188,78.26019086248543,76.0616673055033,77.90734199924682,65596900
2014-02-04,76.82171630859375,77.12932555472372,76.41457789721946,76.64981296361528,37675500
2014-02-05,76.62264251708984,76.89406111836345,75.76313302313017,76.56835327472528,41721800
2014-02-06,77.5997543334961,77.69927655191636,76.83072465695156,76.84882337082989,32308600
2014-02-07,78.9840087890625,79.03829112044434,77.80784098979025,78.03402657406289,38359400
2014-02-10,79.4363784790039,79.47256209749413,78.90257692068563,78.95685925105708,30205400
2014-02-11,80.34112548828125,80.49493003506772,79.51780661553626,79.6082794723144,38635500
2014-02-12,80.49494171142578,80.6758874512295,80.2506573697895,80.50399106920722,32507200
2014-02-13,81.09202575683594,81.15535742290312,79.88872410155942,79.90681590502122,40454500
2014-02-14,81.2548828125,81.43583536744504,80.82061048590026,81.06488780678335,33212400
2014-02-18,81.65298461914062,81.80678913852205,81.19156415836106,81.39060854938893,29546600
2014-02-19,81.09202575683594,81.68915881058417,80.92917191514404,81.49916381238262,41749900
2014-02-20,81.47203826904297,81.62584278716186,80.80252406787507,81.14633052324108,41814800
2014-02-21,81.36344146728516,81.85200293435612,81.26391930347627,81.7343820666003,31192200
2014-02-24,81.7977523803711,82.16869312367955,81.46299525373624,81.55346810069179,31500400
2014-02-25,81.70728302001953,82.07823071313048,81.44490689864179,81.915376806849,26771700
2014-02-26,81.63490295410156,82.18678942146789,81.30919516516121,81.92442022175564,42953700
2014-02-27,82.1645736694336,82.24633517468548,81.51954082438056,81.64673000896619,28742400
2014-02-28,82.07369995117188,82.63697116497126,81.34690576344822,82.14638144933099,48609800
2014-03-03,81.46499633789062,81.68304080115522,80.73820225420653,81.30146645608627,38885700
2014-03-04,82.5007095336914,82.65515947714425,82.2735850106441,82.35535344321212,33189000
2014-03-05,82.7278060913086,82.87316906393954,82.46434090188103,82.63695769905827,27203300
2014-03-06,82.65514373779297,82.98219661191591,82.35533776095046,82.91860203482408,24063900
2014-03-07,82.2463150024414,83.00036993417679,81.82840679397444,82.91860151768923,31167800
2014-03-10,82.31898498535156,82.36441264718961,81.7920546056975,82.20088276837588,18131700
2014-03-11,81.96466827392578,82.72780305839659,81.71936999942604,82.51885245701007,27484300
2014-03-12,82.27354431152344,82.31897196617687,81.29237212510652,81.59217107944359,27977200
2014-03-13,81.11067199707031,82.60969455968333,80.73819155145739,82.58244073821011,48542000
2014-03-14,80.55648803710938,81.20152056147805,80.52014729796768,80.84720701895564,38732300
2014-03-17,81.26513671875,81.68305186429875,81.02893224848745,81.07435298601989,28467200
2014-03-18,82.2463150024414,82.34625032743232,81.33781708891608,81.36507091731559,31250200
2014-03-19,81.80113220214844,82.36440326082416,81.26511496495445,82.27354794750205,40869400
2014-03-20,82.02830505371094,82.2735965231578,81.38327214975222,81.54680210648058,31634500
2014-03-21,81.04120635986328,82.54365708068173,80.88641021727568,82.49812553420837,62754000
2014-03-24,80.33100128173828,81.39637334146028,79.59343707841418,81.33263331089081,77735300
2014-03-25,80.59505462646484,81.2688786781486,79.92122362764005,80.74985082329985,41723300
2014-03-26,79.5569839477539,81.17780722645162,79.54787624755343,80.99568795814079,40930400
2014-03-27,79.11079406738281,79.80283336746156,78.67372173364637,79.4477094911234,64784500
2014-03-28,79.26559448242188,80.13974606732259,79.04705137584226,79.36575833615272,39895100
2014-03-31,79.83015441894531,80.3673975899261,79.7846298110879,79.88479367437009,33924300
2014-04-01,81.23245239257812,81.28708470814986,79.86658892615786,80.22171287165585,38683800
2014-04-02,81.44184875488281,81.66038485941186,81.07761728257607,81.57842947825253,34631600
2014-04-03,80.7953872680664,81.66043142937389,80.33099170235766,81.52384368097232,30319100
2014-04-04,78.6463851928711,81.41453472843084,78.43694983302599,81.33257934513921,131213200
2014-04-07,77.89973449707031,78.88315072812294,77.35338365553719,78.15469451797802,83995800
2014-04-08,78.61906433105469,78.72833586283139,77.71759677209504,77.99077212796784,51495700
2014-04-09,79.96676635742188,80.01229792620997,78.70106655310353,78.91050204352993,45685200
2014-04-10,77.48997497558594,80.02137379700171,77.27143879707648,80.02137379700171,73659600
2014-04-11,76.58847045898438,77.79953698150192,76.40635822201871,76.79789883678123,93657400
2014-04-14,77.1894760131836,77.59923912427077,76.47922829053286,77.2623237147732,46500700
2014-04-15,77.44444274902344,77.89062276250033,75.83272035483718,77.47175890025724,84631500
2014-04-16,78.47342681884766,78.47342681884766,77.48089553251546,78.1183027940786,46970900
2014-04-17,78.4916000366211,78.88314775314535,77.97257231445073,78.17290002250583,53719500
2014-04-21,79.07438659667969,79.07438659667969,78.30950638061297,78.67373803227656,25947900
2014-04-22,79.70267486572266,79.90300259345376,79.21096324687538,79.34755096552294,38593400
2014-04-23,79.00151062011719,79.72996665169542,78.95597907877075,79.7026505057427,34376700
2014-04-24,79.75733184814453,80.3218913512086,78.90139531096351,80.30368289175459,48926300
2014-04-25,78.48252868652344,79.37488906035614,78.29130860641642,79.28383287180164,44334000
2014-04-28,78.7374496459961,79.32021729956989,77.49906664536718,78.85582193754944,58623800
2014-04-29,79.3657455444336,79.51143397819952,78.59175099087251,78.9741978921766,36742700
2014-04-30,79.5751724243164,79.65712781126697,78.80118483293299,79.00151250421439,38689400
2014-05-01,79.81194305419922,80.26723079900681,79.50234377521743,79.70267149447511,37127200
2014-05-02,79.66625213623047,80.23081147261621,79.47503210627886,80.08511605143019,40074200
2014-05-05,80.08513641357422,80.10335181942388,79.00155596834136,79.19277604691187,27924400
2014-05-06,79.04706573486328,80.0031728951945,79.01064187715023,79.95764133626805,33698500
2014-05-07,78.81942749023438,79.29293072733998,77.88153566503111,79.21097530481974,67489100
2014-05-08,78.74656677246094,79.70266681210414,78.35501905704346,78.5371313654119,46556900
2014-05-09,79.03793334960938,79.09256564074471,78.17288270618599,78.70101801095339,35081500
2014-05-12,80.3400650024414,80.3673811509964,79.43859041729594,79.5114381115349,38951100
2014-05-13,80.39470672607422,80.68609059005719,80.23991056802,80.41291517819971,30311900
2014-05-14,79.97584533691406,80.44934152539858,79.78462532153726,80.14884995246096,26483600
2014-05-15,79.34752655029297,80.09419797572365,78.83760663452699,79.95761029910409,59680300
2014-05-16,79.8665542602539,79.91208580156139,78.89223902165915,79.43858278165978,66804100
2014-05-19,80.42202758789062,80.54950760165306,79.49324363803007,79.62982440481859,32017000
2014-05-20,80.1306381225586,80.67698199305728,79.80283041083153,80.38559813231537,33716000
2014-05-21,80.89550018310547,80.94103172350812,80.23078415490798,80.27631569531063,36837700
2014-05-22,81.25067138671875,81.47831530784947,80.85912356448827,80.98660360455018,30617100
2014-05-23,81.84251403808594,81.86072943639185,81.15048173951772,81.33259403974326,22687300
2014-05-27,82.86238861083984,82.88059706807809,82.13392527276717,82.20677299600268,29725200
2014-05-28,82.60741424560547,82.95343045044352,82.54367423557899,82.83505813100578,30468100
2014-05-29,83.13554382324219,83.14464457607107,82.73488839030506,82.89879225403938,33036100
2014-05-30,83.14463806152344,83.2721180625352,82.70756575723712,83.15374576077828,29906400
2014-06-02,83.06269836425781,83.26302608614436,82.53456290603685,83.24481068571481,30409900
2014-06-03,83.02626037597656,83.16284806738622,82.68024424525885,82.78950884067572,21774500
2014-06-04,83.33586120605469,83.4724489114727,82.68935347735797,82.81683348317765,20118300
2014-06-05,84.03702545166016,84.19182164094039,83.12644982463661,83.40872604592889,35583100
2014-06-06,84.5196304321289,84.5196304321289,84.18271494513468,84.34661883784257,22680600
2014-06-09,84.45587158203125,84.66530698878726,84.22822772331958,84.53782003654062,23399500
2014-06-10,84.60157775878906,84.64710236804463,84.28287075829947,84.38303462465788,20626000
2014-06-11,84.58334350585938,84.70171580010977,84.22821967596961,84.31016812264944,22878200
2014-06-12,83.8184814453125,84.49230540139712,83.52709754966995,84.4012492365976,35275900
2014-06-13,84.0643081665039,84.27374353414376,83.70007667116475,84.18268044995551,39447100
2014-06-16,84.13715362548828,84.38300588372317,83.73649829651819,83.91861751293085,25212300
2014-06-17,84.18269348144531,84.41033733287934,83.93684117863774,84.07342887892595,19977900
2014-06-18,84.65621948242188,84.77459181621735,83.75475153209406,84.26467167415571,34514000
2014-06-19,84.60157775878906,84.83832240005431,84.21913074762958,84.78369009009157,38422200
2014-06-20,84.70108795166016,84.7923957675068,84.48196451840656,84.6371766600525,25897500
2014-06-23,84.7193603515625,84.74674991259583,84.46371516083937,84.69197079052917,20837900
2014-06-24,84.63717651367188,85.43150853582885,84.39066352241397,84.71021997989953,31945800
2014-06-25,85.17584991455078,85.32192985812141,84.4363040917953,84.44542929927599,32818600
2014-06-26,85.22151184082031,85.23977619060908,84.56414153040268,85.23064401571469,22563900
2014-06-27,85.5958251953125,85.61408257306616,85.08453502853712,85.11192457807064,22877800
2014-06-30,85.74195098876953,85.95194227435434,85.52282056145158,85.57760665118569,19751900
2014-07-01,86.6823501586914,86.9106057620452,86.0067085573823,86.0432302898159,31862500
2014-07-02,86.82845306396484,86.9562756783509,86.65498349633235,86.73715219166193,18777300
2014-07-03,87.3762435913086,87.3762435913086,86.87408543528996,87.11147321704527,15291700
2014-07-07,87.1114730834961,87.38537563204771,86.9471287680418,87.27581043314207,23266400
2014-07-08,86.06147766113281,87.01102161965996,85.70539954741098,86.94711034196135,40612400
2014-07-09,86.70063781738281,86.8010708751938,86.04326033564206,86.28978037420016,29919000
2014-07-10,86.42670440673828,86.78278258827173,85.48628547606955,85.58671849812342,44245300
2014-07-11,86.98362731933594,86.98362731933594,86.38103625221338,86.64581354251816,19566300
2014-07-14,87.50402069091797,87.70488663524212,87.23011828431616,87.37619817467619,19579000
2014-07-15,87.2027587890625,87.76882813724849,86.58190336803389,87.64100557696088,39467500
2014-07-16,87.5497055053711,87.9240479821912,87.4584046709148,87.83274018192775,22052600
2014-07-17,86.39018249511719,87.62276134908117,86.11627298721046,87.31233010906634,43111500
2014-07-18,87.75969696044922,87.8053438912715,86.73710958189857,86.83754258183687,36682200
2014-07-21,87.65016174316406,87.79624868965766,87.23930439631658,87.57711826991726,29750700
2014-07-22,88.20708465576172,88.3440393934504,87.96969690815516,88.0609977446785,25770400
2014-07-23,88.77316284179688,88.87358888800513,88.35316644656339,88.51751074206118,28947500
2014-07-24,88.67274475097656,89.02882295683874,88.54492216250341,88.92838992792288,24707200
2014-07-25,88.32575988769531,88.44445722403074,87.86012361159916,88.21620168899322,29898900
2014-07-28,88.35316467285156,88.58142024724911,87.66839794965888,88.41707595505058,25603400
2014-07-29,88.1979751586914,88.74578728448519,88.12493168436981,88.54492817881446,27022200
2014-07-30,88.544921875,88.85534617005297,88.19796887957772,88.69100184743417,35348500
2014-07-31,86.75538635253906,87.96057565537477,86.62756377237528,87.81449569196253,50047900
2014-08-01,86.43582916259766,87.04755250040593,85.86062755678202,86.57278391611798,60708000
2014-08-04,87.0293197631836,87.36714065542697,86.29889884809904,86.61846235207985,33230500
2014-08-05,86.3627700805664,86.92884637536942,85.96104503291262,86.6823334362593,50331100
2014-08-06,86.29887390136719,86.83756073782915,85.75106185631685,85.82410531987239,34431900
2014-08-07,86.02499389648438,86.86497304998609,85.72369475474683,86.70062869683925,33274700
2014-08-08,86.6458511352539,86.7462841843167,85.79673978960206,86.1619502438477,40236900
2014-08-11,87.15711212158203,87.43102161110271,86.91972436171795,86.98363564716509,28277500
2014-08-12,87.12059783935547,87.34885344486571,86.67321880298171,87.06581872309167,28152300
2014-08-13,88.04277801513672,88.07929975852603,87.43105448643905,87.47670144131796,27996500
2014-08-14,88.49925231933594,88.51750970048421,88.04274116674797,88.16143155873019,25006600
2014-08-15,88.92839050292969,89.13838177143253,88.08841149730091,89.0105591821329,55205500
2014-08-18,89.61311340332031,89.6952820422189,89.26616057471223,89.3939900671188,38938300
2014-08-19,90.11529541015625,90.17008148319475,89.76834945467901,89.82312856191038,21363400
2014-08-20,90.11529541015625,90.29790404393937,89.96008329579594,90.04225892245013,23435600
2014-08-21,90.29792785644531,90.34357480257331,90.02401831644138,90.16097308644335,19339500
2014-08-22,90.43488311767578,90.61748483479761,90.13358401519665,90.33445008351606,24692000
2014-08-25,90.75442504882812,91.01007019811765,90.53530163026682,90.86398327520484,24124700
2014-08-26,90.8457260131836,90.94615903136733,90.63572780267,90.89137991810634,20100400
2014-08-27,90.8639907836914,90.97355598492986,90.67225690588047,90.87312295858005,15589100
2014-08-28,90.76354217529297,90.87310038350606,90.46224317109353,90.55354399987334,23563900
2014-08-29,91.10137176513672,91.22006913239748,90.63572840191605,90.96441701527088,17906300
2014-09-02,91.36613464355469,91.39352419603534,90.99179914997434,91.32048074554903,18326800
2014-09-03,90.82749938964844,91.61269248692564,90.66315502840199,91.61269248692564,25950700
2014-09-04,90.74530029296875,91.50311059446088,90.51704468161391,91.03746719687062,24663500
2014-09-05,91.2018051147461,91.25658422856792,90.41660530952942,90.88224867443883,30798200
2014-09-08,91.37528991699219,91.60354553311228,90.95530041922824,91.22920297908719,25571300
2014-09-09,90.6174545288086,91.72221056928316,90.4439780794938,91.3843898431982,36449200
2014-09-10,91.36613464355469,91.40265636879784,90.48050196237703,90.73614707327226,31080100
2014-09-11,91.29310607910156,91.33875998455143,90.6083392922014,90.97354963837643,28691900
2014-09-12,90.82749938964844,91.23835680985943,90.54445762172884,91.21096724395339,30444400
2014-09-15,89.9509506225586,90.93701634208387,89.6770481221174,90.9278841689937,32972200
2014-09-16,90.73616027832031,90.90963675702002,89.5218458248459,89.61314666833759,38166900
2014-09-17,90.87308502197266,91.30220650708483,90.32527317609126,90.71787294270393,37196500
2014-09-18,91.557861328125,91.56699350017448,91.05570331830423,91.15612934762335,30196700
2014-09-19,91.50113677978516,92.03194421122846,91.13505763292913,91.9404261701092,46918000
2014-09-22,90.6500015258789,91.2906347663757,90.25646768317984,91.28148086797471,48658000
2014-09-23,90.40291595458984,90.80560378838035,90.21987983871067,90.2839431775064,33989600
2014-09-24,91.37301635742188,91.41877887578902,90.18326768605606,90.49443046733667,35959000
2014-09-25,89.45106506347656,91.19908906168617,89.41445646335748,91.080109365705,68642500
2014-09-26,90.40291595458984,90.56765125183321,89.58839336888106,89.74397476561639,56106200
2014-09-29,90.28395080566406,90.5310502812166,89.4602742498542,89.50603677388062,33342700
2014-09-30,90.41204833984375,90.87879940135775,89.98190588926991,90.53102108861538,41834300
2014-10-01,88.96603393554688,90.24730730695107,88.68232594688799,90.15578927664609,58164900
2014-10-02,88.96603393554688,89.24059500883997,87.83119499853318,88.92942532694926,54501300
2014-10-03,89.84461975097656,90.21069885521116,89.17653184444819,89.4876945445018,41627800
2014-10-06,89.65243530273438,90.34798494529396,89.3778811944667,90.12834026220409,36038700
2014-10-07,88.38031005859375,89.48769428344883,88.3711561608606,89.23144100594558,45154000
2014-10-08,90.10088348388672,90.38459848833732,87.91356948481686,88.42608308316498,64931600
2014-10-09,88.64571380615234,90.21069510385787,88.50843327497581,89.98189654602295,62497100
2014-10-10,86.43095397949219,88.61826784986063,86.41264618292539,88.12406207823558,77579400
2014-10-13,85.07648468017578,86.93432850277188,85.00326744027537,86.27538730842876,80835900
2014-10-14,85.08562469482422,86.1838551845785,84.84767219517177,85.60728522481438,71814500
2014-10-15,84.53652954101562,84.8934548841321,82.58716053220016,83.8043710522542,108847800
2014-10-16,84.00572967529297,84.72873438921708,82.7244555871032,82.75191031331593,93165800
2014-10-17,85.11308288574219,85.92760537842399,84.61887705045557,85.11308288574219,69546700
2014-10-20,86.38520050048828,86.4584177296519,84.93004472835267,85.10392691964215,41479300
2014-10-21,88.65486145019531,88.65486145019531,87.23630769872639,87.45595234368932,53609800
2014-10-22,88.19731140136719,89.04844270967115,88.14239497405717,88.929462935817,39178000
2014-10-23,89.52433013916016,90.01853603149237,88.92945228825765,89.08503368518254,48123800
2014-10-24,90.2564926147461,90.320555956492,89.35959884792283,89.7165241779901,43157600
2014-10-27,90.32054901123047,90.48528430339259,89.70736337895033,90.08259648202295,29545700
2014-10-28,91.68419647216797,91.70249729215298,90.67748379585355,90.74154713937226,34495100
2014-10-29,91.34556579589844,91.62928085440076,90.69577850332135,91.38217441578198,40552800
2014-10-30,91.5377426147461,91.7573943023759,90.73237404057465,90.93371792971234,35935800
2014-10-31,92.80069732666016,93.1210139141645,92.49868155170837,93.05695059666363,54254100
2014-11-03,93.07527160644531,93.32237801498329,92.82817218028678,92.9654527425435,33481000
2014-11-04,92.76412200927734,93.00207455212187,92.13263552273551,92.78242282839749,22773300
2014-11-05,92.77325439453125,93.37727903873991,92.45293078398277,93.37727903873991,25818600
2014-11-06,93.06612396240234,93.09357867816334,92.36142034009964,92.76410812427261,24671900
2014-11-07,92.98375701904297,93.26747205356521,92.49870506574906,93.23086343677589,20931700
2014-11-10,93.313232421875,93.43220519581888,92.78241792450059,93.02952435503491,20360000
2014-11-11,93.60610961914062,93.60610961914062,93.07529503540016,93.33155540789573,15454000
2014-11-12,93.77083587646484,93.87150783890634,93.23087442553368,93.23087442553368,22050300
2014-11-13,94.17352294921875,94.5212943732687,93.73422648197314,93.94472430599052,28027800
2014-11-14,94.46636962890625,94.46636962890625,93.8348832415407,94.14605297675682,19251300
2014-11-17,94.18265533447266,94.4572094541978,93.73420506887753,94.24671866064641,23361600
2014-11-18,94.88736724853516,95.0154939215776,94.25588080112595,94.26503470130898,26336800
2014-11-19,94.45720672607422,94.78667724613166,94.01791735425006,94.78667724613166,23760200
2014-11-20,94.87821960449219,94.96059074681091,93.98133283405556,94.0545430932072,22874000
2014-11-21,95.06124114990234,95.8117002494627,94.7592253338603,95.7201752271138,34049100
2014-11-24,95.80255889892578,95.84832141609418,95.23513580498465,95.31750693941181,17928300
2014-11-25,95.94896697998047,96.2326819607598,95.70186759143422,95.94896697998047,17526000
2014-11-26,96.57129669189453,96.62621309633558,95.93981739103701,96.04048931973772,18973800
2014-11-28,97.0197982788086,97.23944306572542,96.7635448636753,96.82760821745863,17360400
2014-12-01,95.92153930664062,96.93740582373228,95.56461398791983,96.75436970524275,35969500
2014-12-02,96.30589294433594,96.47977510191333,95.82083413195414,96.02217798192811,26031300
2014-12-03,96.47979736328125,96.61707792742797,95.875772656367,96.4523426469278,32974300
2014-12-04,96.4340591430664,96.80928530456072,96.03137127790887,96.38829661934186,31008800
2014-12-05,96.44319152832031,96.73605348183432,96.23270070862137,96.58962599626719,25622200
2014-12-08,95.75677490234375,96.61705975900279,95.25342223829846,96.19607122852958,32685800
2014-12-09,96.05879211425781,96.13200933343725,94.30162074822111,94.64024515014229,46035100
2014-12-10,94.54875183105469,96.12288765922693,94.37486960518495,95.88493510831282,39330100
2014-12-11,94.99718475341797,96.13202389306251,94.80498777836826,94.82329557712508,47576000
2014-12-12,93.96304321289062,95.17110000238891,93.95389629271467,94.09116991917212,46889400
2014-12-15,92.992919921875,94.79585432461506,92.72751266124206,94.44807592263655,52968400
2014-12-16,91.50113677978516,93.77996882083598,91.48282898213392,92.4071772569101,65348600
2014-12-17,93.16680908203125,93.43220936016749,91.44623883901048,91.56521860063745,79715300
2014-12-18,95.40901947021484,95.41817336959475,94.24672561462319,94.5029789382258,49840900
2014-12-19,95.82882690429688,96.21463913541001,95.26847756503402,95.50731671170259,51419900
2014-12-22,96.067626953125,96.09518395721835,95.6266938624502,95.67262687486826,33869200
2014-12-23,95.72777557373047,96.42591696680017,95.61754050901538,96.41672895930819,30156900
2014-12-24,95.81045532226562,96.17789152770156,95.78289129930118,95.84719333609212,14291300
2014-12-26,96.4902114868164,96.69230558552147,96.05846627747299,96.08602328940628,13924300
2014-12-29,96.47186279296875,96.6831449582828,96.34325869526376,96.39837974313568,17073800
2014-12-30,95.82882690429688,96.41673325886829,95.70022282725915,96.19627012800315,18604000
2014-12-31,94.84590911865234,96.3707958641541,94.70811704997273,95.99416467698954,24367100
2015-01-02,94.56116485595703,95.71860166820436,94.10186253123743,95.31442038816127,31314600
2015-01-05,93.17406463623047,94.25801834198245,92.90766846185787,94.14778326722234,36521300
2015-01-06,91.92474365234375,93.46799935195509,91.51137446839601,93.31183828321,66205500
2015-01-07,93.10975646972656,93.33021959634728,92.31056799918137,92.53103813419852,37577400
2015-01-08,94.89186096191406,95.07557908432202,93.79871921091448,93.899766280758,40212600
2015-01-09,94.26721954345703,95.21338129027792,93.71605110091471,95.18582426983038,41410100
2015-01-12,93.2842788696289,94.5519504083639,93.045439765208,94.4509033645087,34129800
2015-01-13,93.25672149658203,95.18579646518384,92.50346612132462,94.19370196848506,56162300
2015-01-14,92.74229431152344,93.21997249810376,91.92473700090193,92.31973715163777,51354200
2015-01-15,91.53894805908203,93.32103618364178,91.42871298614561,93.17406309479,51005400
2015-01-16,92.61371612548828,92.73313220128264,91.27255424131735,91.4195273339568,35362200
2015-01-20,93.34859466552734,93.58742679678025,92.12684896117871,93.17405756250714,30964100
2015-01-21,93.82627868652344,94.2672120036102,92.74232491576566,93.07302315148141,40128800
2015-01-22,95.56241607666016,95.66346312288192,93.36695208765163,94.19369746201363,40887200
2015-01-23,95.77372741699219,96.06768063891492,95.27768004092303,95.55325724425192,34783000
2015-01-26,95.66345977783203,95.83799685309307,95.17660057673041,95.66345977783203,19960900
2015-01-27,93.18323516845703,94.21206763967753,92.8709060194111,94.15695361683231,45253200
2015-01-28,92.70558166503906,94.7816301827247,92.6872126553239,94.6805831082977,43591700
2015-01-29,93.59661865234375,93.7711557625395,91.82371155994468,92.63208105485744,46539700
2015-01-30,92.87091827392578,94.23045608679824,92.74231419805363,93.51394566168301,42927600
2015-02-02,93.67930603027344,93.76197708539542,91.63081456090622,93.08221160138004,43624700
2015-02-03,94.57952117919922,94.64382321569917,93.40370850697363,94.01917185752978,30750400
2015-02-04,94.49686431884766,95.12151577077061,93.9824409412422,94.19372309767974,34073200
2015-02-05,95.31442260742188,95.3787246540439,94.49686501105712,94.73569717942613,23605500
2015-02-06,94.73567199707031,95.69102144179054,94.39579284458415,95.46137033512882,34169300
2015-02-09,94.43257141113281,94.88268577774836,94.20292022288433,94.36826935875916,22604700
2015-02-10,95.90229034423828,96.03089438559695,94.80914898429485,94.95612903635885,23686500
2015-02-11,96.25137329101562,96.47183639698859,95.82881608440253,96.01253417131404,20303600
2015-02-12,97.37208557128906,97.40883059553111,96.72906516804491,96.8760382566164,22520300
2015-02-13,98.20800018310547,98.22636918748914,97.46392585025178,97.64765093606553,29030200
2015-02-17,98.29986572265625,98.36416775484467,97.95997954771977,98.20800667787219,17675300
2015-02-18,98.43767547607422,98.49278951116544,98.0518562052443,98.18046029272189,15149600
2015-02-19,98.92450714111328,98.98880916686801,98.34578190092554,98.37333891076398,19828100
2015-02-20,99.5859375,99.64105153854291,98.54790971812481,98.86023895612895,28336700
2015-02-23,99.6869888305664,99.71455286134963,99.31036451064267,99.53082769811994,17868000
2015-02-24,99.76044464111328,99.87986770830588,99.25521638460818,99.55835053515285,19745000
2015-02-25,99.51243591308594,99.99929521953224,99.29196576766375,99.61348297763858,19472300
2015-02-26,100.01766204833984,100.07278308769283,99.33789663575695,99.61348080733205,22255500
2015-02-27,99.57672119140625,100.04521141107031,99.42056012098342,99.98090237318323,27757600
2015-03-02,100.4769515991211,100.51369661790227,99.75125324708331,99.76962926067176,22988600
2015-03-03,100.00847625732422,100.2748724081779,99.37463689810697,100.17382535066801,20788900
2015-03-04,99.6226577758789,99.82475189240381,99.08068447101334,99.67777881300154,21007400
2015-03-05,99.79719543457031,100.10033661104816,99.38382620002515,99.87987348651717,15381000
2015-03-06,98.66728973388672,99.86147110077827,98.41926265193915,99.6685650417049,30990400
2015-03-09,98.95206451416016,99.20008461201157,98.46520531617371,98.86938647594621,26237100
2015-03-10,97.11485290527344,98.27229634745521,97.11485290527344,98.24473232993125,34234500
2015-03-11,96.55451202392578,97.38125741111465,96.51776700578455,97.26183435005672,25459700
2015-03-12,97.18833923339844,97.29856726571583,96.41670796520299,96.48100998685305,21473200
2015-03-13,96.76580810546875,97.48232560203637,96.15953269563106,97.09650633207008,42021100
2015-03-16,98.01510620117188,98.0518512254989,97.02301857792932,97.12406564272943,25674100
2015-03-17,98.1712875366211,98.32744865475827,97.5190790358149,97.74873021250994,19603800
2015-03-18,99.13578796386719,99.58590917861551,97.3996261595396,97.90486139715686,40622200
2015-03-19,99.28278350830078,99.55836067398711,99.08987738980134,99.23685047648806,31314000
2015-03-20,99.92543029785156,100.42261839747583,99.90701904579777,100.10036880267704,31761400
2015-03-23,99.73206329345703,100.14638312590156,99.69523377120436,99.87017224577625,17268500
2015-03-24,99.37303161621094,100.18326041857192,99.35462035856212,99.72290170767027,22445300
2015-03-25,97.09884643554688,99.62160989199997,97.0620169002938,99.52953956612508,41581400
2015-03-26,96.76737213134766,97.31980102256037,95.9755548116208,96.29780441278534,47846300
2015-03-27,97.15409088134766,97.3842702169526,96.60166188079896,96.74898002735374,33878400
2015-03-30,98.26815032958984,98.35101150622985,97.74334180399198,97.74334180399198,30570200
2015-03-31,97.22773742675781,98.19449332153769,97.20011703396666,97.99193440838268,30488100
2015-04-01,96.72135925292969,97.2461678550769,96.09527118155093,97.22774957457162,32970500
2015-04-02,96.78578186035156,97.09882229540302,96.47273440078625,96.81340224879565,19164200
2015-04-06,97.57762145996094,97.84462329241886,96.06763864219398,96.21495678032362,24451100
2015-04-07,97.411865234375,98.24050494729833,97.411865234375,97.52234678302423,19379400
2015-04-08,98.1852798461914,98.32338882856267,97.4395011757071,97.44870328988777,25866900
2015-04-09,98.8021469116211,98.83897643750356,97.80777781084964,98.13922949476425,23114700
2015-04-10,99.2072982788086,99.2165074195273,98.54438063738492,98.76535084302074,17164300
2015-04-13,98.95866394042969,99.78730360147311,98.84817537418446,99.28091347800358,17783500
2015-04-14,98.67325592041016,99.1428236368236,98.11161789330168,98.85740356631467,23755700
2015-04-15,99.2901382446289,99.50190628878862,98.81136839735412,98.93105910304415,21128600
2015-04-16,99.15200805664062,99.32693949599644,98.88499930503023,99.02310824889943,16195300
2015-04-17,97.6052474975586,98.47071702330129,97.1817183627237,98.20371517540725,46514000
2015-04-20,99.06918334960938,99.24412189023656,98.05639569103703,98.09322522719621,28945900
2015-04-21,99.4926986694336,99.81495530996943,99.37300796191572,99.64001679362309,22759800
2015-04-22,100.0359115600586,100.20164091446694,99.10598534784998,99.75048449026359,21429200
2015-04-23,100.41340637207031,100.86456281633114,99.67683689435323,99.69524814587764,29473200
2015-04-24,101.77607727050781,101.9141862515292,101.30650954484096,101.47223891716371,32508100
2015-04-27,101.51829528808594,102.34694229419624,101.29731807011265,102.15358547234067,31121300
2015-04-28,101.31574249267578,101.78531032869122,100.45947503853762,101.59195349511363,36849200
2015-04-29,100.68045043945312,101.34336811872956,100.12802138156161,100.75410952037642,34043900
2015-04-30,99.09679412841797,100.51469952262016,98.57198558198402,100.10958871321603,44080500
2015-05-01,100.40421295166016,100.46866287434696,99.46507747877838,99.4834957564116,32874300
2015-05-04,100.5699234008789,101.19601125680097,100.51467560289142,100.72644360873107,23507300
2015-05-05,98.93106842041016,100.35818300692021,98.88503677135472,100.17404236166777,47843300
2015-05-06,98.24974822998047,99.39143578472057,97.59603975006816,99.10601565216453,42687200
2015-05-07,98.83898162841797,99.11519957478625,98.14844378701144,98.22210284264487,29335800
2015-05-08,100.07275390625,100.28451492680857,99.71367476311615,99.86098586117672,33023300
2015-05-11,99.68605041503906,100.33976582344452,99.61239837599916,100.13720691092621,19679300
2015-05-12,99.23490142822266,99.74129871199116,98.33260248107239,99.0967924395117,33665000
2015-05-13,99.43746948242188,100.18324825569503,99.29015134105079,99.66764880992748,20738400
2015-05-14,100.8921890258789,100.97505019928988,99.87940154527355,100.24768279311948,23904200
2015-05-15,100.8921890258789,101.28809768937636,100.64359145661692,101.14998870917687,23937400
2015-05-18,101.33413696289062,101.53669587916595,100.65280817365868,100.72646723857972,17631100
2015-05-19,101.22364807128906,101.60113845881449,101.05791869945692,101.44461822556039,14212900
2015-05-20,101.28811645507812,101.89578624621883,100.75409871244345,101.29731857081899,21131900
2015-05-21,101.81293487548828,101.95104389459343,100.96587652760088,101.11318766333427,16771800
2015-05-22,101.71163940429688,102.07992772249904,101.62877119605658,101.69322112490329,13543800
2015-05-26,100.54232788085938,101.62877459238017,100.1372170393625,101.49067261489012,25488400
2015-05-27,102.16281127929688,102.27329990630852,100.62521476543203,100.84618499493838,30572700
2015-05-28,101.9326171875,102.20883520288069,101.61957665961675,101.96944672451849,17302400
2015-05-29,101.32493591308594,102.00626470947864,101.08554746183412,101.86815571742893,30383000
2015-06-01,101.66558074951172,101.94179869000578,100.83693395254357,101.86813963593883,24570200
2015-06-02,101.34335327148438,101.84054145810146,100.79092429452614,101.28811248114322,19449600
2015-06-03,101.64720916748047,102.02469967399495,101.39861151911434,101.80372945007143,20507200
2015-06-04,100.87376403808594,101.7208291155178,100.55151445540135,101.07632292563456,31374600
2015-06-05,100.63438415527344,100.99346327057427,100.01749834544904,100.75407485220232,22641700
2015-06-08,99.61239624023438,100.66201328758389,99.40983733205907,100.58835422560837,24549200
2015-06-09,99.4466781616211,99.80575734890488,98.70089236728776,99.37301909127684,27554600
2015-06-10,100.80933380126953,101.1039630521713,99.67685547182523,99.78733705059126,30297900
2015-06-11,100.95662689208984,101.41698542144319,100.7816884030912,101.1499766314766,17593500
2015-06-12,100.12800598144531,100.63440330426113,99.98989698208504,100.42263523530664,27201800
2015-06-15,99.63082122802734,99.78734148791627,98.80217422785691,99.38223064023408,31238800
2015-06-16,100.17402648925781,100.33975585353159,99.48348864220276,99.52952028396456,16456900
2015-06-17,100.45023345947266,100.77248303717786,99.833354692935,100.3397519039817,23296700
2015-06-18,101.91417694091797,102.08910841135017,100.76328057840698,100.81852135596306,43032400
2015-06-19,101.41031646728516,102.0470747376906,101.33648799289914,101.96401594383862,27877600
2015-06-22,102.15784454345703,102.46238182155383,101.9271357644152,102.15784454345703,19120900
2015-06-23,102.24088287353516,102.3331649585217,101.81637965005959,102.26856679496395,18127900
2015-06-24,101.71487426757812,102.55465045181391,101.68719034423782,102.120923918362,15815900
2015-06-25,101.51183319091797,102.21318964617042,101.34572263679689,102.1116772497258,18326700
2015-06-26,100.83818054199219,101.72410836580902,100.45982184117288,101.49339960851084,32311700
2015-06-29,98.45728302001953,100.27526936642602,98.41113844689997,99.72156265168468,50874900
2015-06-30,98.80792999267578,99.4077740708231,98.50339279352342,99.19551895123077,34809900
2015-07-01,99.59232330322266,99.9891425224605,99.1309059339075,99.78611775345459,21293000
2015-07-02,99.62003326416016,99.9614847413659,99.3155030717033,99.87843297269734,20499400
2015-07-06,99.38931274414062,99.96147289853582,98.78024539071339,98.99249346816859,24311000
2015-07-07,99.63849639892578,99.73077849108994,97.66363005578913,99.50006974034339,44230800
2015-07-08,97.90352630615234,99.04784636092081,97.7189621892773,98.92787334834925,39691500
2015-07-09,97.84817504882812,99.29702543772167,97.83894472922039,99.20474336365712,28381000
2015-07-10,99.3431625366211,99.7122978458364,98.78946309313332,99.14936808343388,26415800
2015-07-13,101.08731842041016,101.17037016761651,100.19216759472211,100.20139791352403,25780700
2015-07-14,101.75177001953125,102.02861624329157,101.17037957235969,101.22575444964855,21977200
2015-07-15,101.86251068115234,102.2593299579123,101.57643412372238,101.94556948081767,28631500
2015-07-16,103.30213928222656,103.32059288203155,102.49927039761688,102.70229519882885,29838900
2015-07-17,104.82481384277344,104.82481384277344,103.9573538167233,104.13268766162437,35926800
2015-07-20,105.1847152709961,105.5630738838512,104.72329786367419,105.04628864066535,26539000
2015-07-21,105.12013244628906,105.38774838577443,104.81559522328197,105.22163781328618,35468900
2015-07-22,103.9296875,104.43724256107801,103.51440749656587,103.51440749656587,35575000
2015-07-23,103.54206848144531,104.37262126362539,103.27445256782123,104.03117687143614,25698300
2015-07-24,102.52693939208984,104.28032682651038,102.37005917423564,104.09576269264312,30844700
2015-07-27,101.67794036865234,102.38852007949748,101.45646198406918,101.94556331033115,35994800
2015-07-28,102.55464935302734,102.75767417624404,101.31805385259429,102.13014610478889,33553500
2015-07-29,102.9422378540039,103.16371626279563,102.37930799112651,102.77612728724219,26714100
2015-07-30,103.43131256103516,103.60664636247265,102.08397477393784,102.70227231939971,25438100
2015-07-31,103.31133270263672,103.8096642414001,103.09908468320212,103.75429641731618,22081700
2015-08-03,102.9883804321289,103.61590848840973,102.30548453109955,103.32983190297959,25001800
2015-08-04,102.7945556640625,103.12677671606583,102.370052551096,102.94221259413952,22132300
2015-08-05,103.58821105957031,104.28033719137144,103.24675963324016,103.36673266878185,28989900
2015-08-06,101.92708587646484,103.81889975493377,101.4656685442207,103.68047314712656,42125400
2015-08-07,101.79789733886719,102.03783634129366,100.95812139137996,101.6779313579891,30006800
2015-08-10,102.96068572998047,103.18216412645829,102.43467013792608,102.4439004579751,21500800
2015-08-11,101.64102172851562,102.8130258375391,101.07809195155235,102.4162066019858,36123300
2015-08-12,101.99170684814453,102.19473164627816,99.86919086918239,100.93967565842605,41889000
2015-08-13,101.82559967041016,102.58233104882176,101.60412126539812,102.09322263677416,22510500
2015-08-14,101.98248291015625,102.13013282741822,101.38263883972719,101.58566363654975,17924900
2015-08-17,102.83147430419922,102.85915821960778,101.47490612381797,101.73329872185816,21224900
2015-08-18,102.30547332763672,102.77612107847474,102.16704669025245,102.69306227977567,13984400
2015-08-19,101.63179779052734,102.53617902624758,101.04118405969123,101.99170281273462,42511400
2015-08-20,98.81717681884766,101.01352165819905,98.80794649714845,100.69053080545217,57747300
2015-08-21,94.49826049804688,98.25419688141959,94.49826049804688,97.42364436800337,97763400
2015-08-24,90.86231231689453,94.61824961975303,78.2010179080436,86.95872510920995,150829900
2015-08-25,90.52086639404297,94.81204982325046,90.44704495749367,94.19375216803968,75088300
2015-08-26,95.07967376708984,95.2642449620712,91.29605227836153,93.16940590322754,104103800
2015-08-27,97.48826599121094,97.55286414444603,95.31037533832706,96.45468849877889,69377700
2015-08-28,97.46983337402344,97.82050813268732,96.75924649481146,96.97150163865551,49919600
2015-08-31,96.26090240478516,97.46059054417839,96.02097040944352,96.92534463333087,39549400
2015-09-01,93.25247192382812,95.31962018302819,92.86487590468234,93.86153931276284,73155500
2015-09-02,95.88256072998047,95.90101433262774,93.85231944582661,94.94126505950143,43963600
2015-09-03,95.41189575195312,96.91611404131561,95.14427279728042,96.26090213463607,45131800
2015-09-04,94.27680969238281,94.91356093796726,93.75078707979195,94.10146882151919,49379600
2015-09-08,96.93457794189453,97.05454394326395,95.6887522452976,96.08557153065367,37343500
2015-09-09,95.84562683105469,98.10656936772399,95.59645748203677,98.07888544909335,47146700
2015-09-10,96.88841247558594,97.52517066696028,95.62413345182755,95.73486910899182,47686700
2015-09-11,97.42369842529297,97.42369842529297,96.16864216211103,96.44549550042314,29106100
2015-09-14,97.12835693359375,97.80202939549368,96.75922162737476,97.78356875781404,19718800
2015-09-15,98.2726821899414,98.57721938325437,96.99917261882068,97.35907765067374,30020200
2015-09-16,98.82637023925781,98.91865934701946,97.94968004088558,98.29113143386056,31329100
2015-09-17,98.86331176757812,100.3398534113505,98.41112458552581,98.72489214906277,56139800
2015-09-18,97.45716857910156,98.61351848406908,97.29065391047425,97.3461635052165,48384000
2015-09-21,97.7624282836914,98.56725020717482,96.88360534411856,97.99369822124198,35772600
2015-09-22,96.3008041381836,96.59682938686029,95.40347561812648,96.26380009987417,47359700
2015-09-23,96.37482452392578,96.81886598255373,95.87528052964417,96.55983768130436,21775100
2015-09-24,96.0233383178711,96.38411907157976,94.60795952508794,95.44053320972432,38284300
2015-09-25,95.20922088623047,97.14264153250475,94.6171703193808,97.0501349547719,44700000
2015-09-28,92.4987564086914,94.8669662431524,92.22123661581462,94.8022109190344,44077500
2015-09-29,92.01770782470703,93.6736018553655,91.35164910200639,92.73001631227285,49315500
2015-09-30,94.1361312866211,94.23789063882512,92.97052865270189,93.33130924404364,41411400
2015-10-01,94.56167602539062,94.57092880131013,93.05379115151428,94.30265476204501,39339100
2015-10-02,96.2175521850586,96.2175521850586,92.95202161314951,93.24804686748634,59370900
2015-10-05,97.59595489501953,97.85497620530312,96.71713158401431,96.9298960641181,32853500
2015-10-06,97.13340759277344,97.68845422460055,96.37484221578953,97.36467761085147,33051500
2015-10-07,97.71620178222656,97.92897329620087,96.47659792020404,97.74396011189323,37389300
2015-10-08,98.10472106933594,98.2712357249088,96.40257047261335,97.34615587345934,50188900
2015-10-09,98.54877471923828,98.73379496039281,97.88271596668305,98.15099002300671,23916200
2015-10-12,98.78929138183594,98.97430455372461,98.38225393432074,98.73378884182935,16162000
2015-10-13,98.15099334716797,99.22408960880607,98.05848675235798,98.22500144613628,26999600
2015-10-14,97.99370574951172,98.6412588012816,97.58666836965698,98.15096762525599,30902600
2015-10-15,99.60334777832031,99.61260055319198,98.22498075001293,98.35449136701904,38393800
2015-10-16,100.01964569091797,100.07514822884272,99.33508145344672,99.81612697479407,27091100
2015-10-19,100.59321594238281,100.65797127212059,99.66813577024223,99.89016009317312,23776300
2015-10-20,100.07512664794922,100.63017308090224,99.73284460302567,100.41740869287277,23404700
2015-10-21,99.4646224975586,100.68572810992609,99.42762549949467,100.5839757785473,30195200
2015-10-22,101.49051666259766,101.5737775250321,100.06589274607204,100.35267231912437,42778700
2015-10-23,104.33049011230469,104.75602593828178,103.67368435539669,104.21948506244868,53170900
2015-10-26,104.395263671875,104.59878237594219,103.85871564438868,104.2565002774838,25918000
2015-10-27,104.60803985595703,104.75604897424512,104.0899902974494,104.11774862381567,31390500
2015-10-28,105.47763061523438,105.47763061523438,103.92349575433332,104.76532203881357,42221900
2015-10-29,105.31108856201172,105.48685599505468,104.88555267057019,104.99656479530248,24913300
2015-10-30,104.83934020996094,105.53315035632171,104.8115889333548,105.35738286074708,27199200
2015-11-02,106.0234146118164,106.1529252413867,104.89481593316107,105.11683314702442,22176900
2015-11-03,106.39344787597656,106.7727269884518,105.65338108694202,105.81064298582686,20418400
2015-11-04,106.4026870727539,106.81897726274734,105.95865267278701,106.74496917681968,28633000
2015-11-05,106.11591339111328,106.75422077404686,105.56086686837949,106.49519953395772,25004100
2015-11-06,106.18992614746094,106.31018399770684,105.23709494759015,105.91239934498606,29924900
2015-11-09,105.06134033203125,105.93091783203035,104.4137871242451,105.79215441384741,33479800
2015-11-10,104.7930679321289,104.89482730322146,104.19176448234582,104.50629537239574,35452100
2015-11-11,104.66356658935547,105.58864673036642,104.48779910406695,105.07984982968985,22748800
2015-11-12,103.64596557617188,104.74681305091033,103.57195748120786,104.23801622028321,31196900
2015-11-13,101.61074829101562,103.32215133898097,101.55524576891438,103.21113923698066,52836000
2015-11-16,103.07240295410156,103.09090850486248,101.27775270927441,101.5090226891882,33980600
2015-11-17,103.1371841430664,103.8772510875916,102.87816282982303,103.24819630208563,30579500
2015-11-18,105.11685180664062,105.21861118476662,103.4517118203814,103.55347119850738,32966500
2015-11-19,105.19084167480469,105.67188720760805,104.98732295383402,105.17234318098917,26188100
2015-11-20,105.90315246582031,105.98640627096985,105.58862162261167,105.6903809785498,22727600
2015-11-23,105.5978775024414,106.32869150848205,105.14459030399085,105.94015256629596,20696200
2015-11-24,105.50537109375,105.75513957475442,104.38601814367115,104.91332049052477,26374400
2015-11-25,105.5978775024414,105.7921434446345,105.37586029104928,105.66263281650578,14159900
2015-11-27,105.74589538574219,105.95866689689721,105.38511474066232,105.8291562580378,8828000
2015-11-30,105.47763061523438,106.06043559919797,105.13535549289499,106.06043559919797,25041600
2015-12-01,106.53221130371094,106.53221130371094,105.77363896299987,105.90315665023832,28639400
2015-12-02,105.87541961669922,107.07802662655429,105.71815768615242,106.61548655473332,22395500
2015-12-03,104.08074188232422,106.34718482198143,103.46093298326977,106.16217166446638,42754300
2015-12-04,106.51370239257812,106.68946983747206,104.18250407841518,104.39526850958177,40037300
2015-12-07,106.03268432617188,106.65248630352797,105.5238874445804,106.58773097839824,25892100
2015-12-08,106.04192352294922,106.38420568203881,104.88557346118793,104.92257751010037,30792600
2015-12-09,104.4322738647461,106.16217589339992,103.79396644763321,105.57937101419256,48509200
2015-12-10,104.90409851074219,105.60716145513996,104.3582975100986,104.6728284554089,30154600
2015-12-11,102.4896011352539,103.96972753722692,102.42484582572382,103.69220074906974,56022200
2015-12-14,103.26665496826172,103.31291178112818,101.1852254296484,102.62835470905678,53098500
2015-12-15,103.89573669433594,104.79306545945124,103.76622605378327,104.21952035351818,48428000
2015-12-16,105.44062805175781,105.61638846336577,103.5072070616644,104.59880181174853,44944100
2015-12-17,103.90498352050781,105.90315967369074,103.8864850262599,105.90315967369074,45668800
2015-12-18,101.91184997558594,103.8140517642729,101.91184997558594,103.58207541838257,53746100
2015-12-21,103.04388427734375,103.06243926804564,102.11597899642882,102.87686104360485,26432800
2015-12-22,103.72125244140625,103.86972068626608,103.04388554246108,103.59134626683169,26540300
2015-12-23,104.49139404296875,104.56562815013139,104.07383957904855,104.25941776760106,25656900
2015-12-24,104.47285461425781,104.7605100720053,104.42646359674447,104.49141668474766,11468600
2015-12-28,104.41717529296875,104.43573736216649,103.47071506518371,104.22231604252346,19183600
2015-12-29,106.05958557128906,106.2915619114893,104.97393091884135,105.03888401092317,27725700
2015-12-30,105.10386657714844,106.00393616222769,105.08531157964575,105.96681908786422,19520100
2015-12-31,103.79550170898438,104.92754746347667,103.77693963599067,104.73268817318225,29886800
2016-01-04,101.60560607910156,101.69839517106557,100.3250996195488,101.55920799344258,50807600
2016-01-05,101.4293212890625,102.2366014105183,100.95609470553988,102.10669524099971,38795200
2016-01-06,100.45503997802734,101.0396178279198,99.66632180867381,99.66632180867381,41891100
2016-01-07,97.30943298339844,99.55496214782487,97.25375385050748,98.31156534381103,61386300
2016-01-08,96.51144409179688,98.6270673030075,96.40937392990895,98.01464633167996,69344000
2016-01-11,96.808349609375,97.48571642970143,95.32370272987042,97.19806808786593,50024100
2016-01-12,97.93111419677734,98.43218384682595,96.5763734745073,97.73625495720646,46734200
2016-01-13,94.55355072021484,98.57138233572543,94.40508247532638,98.33012497745946,69870700
2016-01-14,96.56710052490234,97.41149771308947,93.41222121196718,94.92471132281769,78445700
2016-01-15,93.5699691772461,94.59067069389286,92.33586048055135,93.36583595327252,91443900
2016-01-19,93.77411651611328,94.98967739185842,92.6791878719438,94.84120913125956,56563800
2016-01-20,93.48646545410156,94.48860494660043,90.23879667902112,92.2987477204834,86675000
2016-01-21,93.5792465209961,94.97110444767235,92.6235052107086,93.88545696391019,61660100
2016-01-22,96.28872680664062,96.32584386698396,95.13812625341896,95.46289168222887,42229800
2016-01-25,94.85978698730469,96.49289564948845,94.77627180698259,95.94543477598943,38881500
2016-01-26,95.71343231201172,96.1217058266423,94.4236445221252,95.25876070102615,36143900
2016-01-27,93.3287353515625,95.56498388845718,92.92973570996128,95.15671028914586,54524700
2016-01-28,94.64633178710938,94.91542514857571,93.03177869766631,94.87830809050915,47641500
2016-01-29,96.62277221679688,96.65988927673547,94.59066451048432,94.61850053559944,54245100
2016-02-01,96.88260650634766,97.24448904709827,95.78767784784783,96.15883434549002,32750300
2016-02-02,94.78550720214844,96.47429419778999,94.49785180773004,96.43717714433748,44928100
2016-02-03,94.33084869384766,95.41649610945949,92.67917144454876,95.41649610945949,61572900
2016-02-04,94.32157897949219,95.07318003752705,93.1988143705596,94.08032160950528,49321600
2016-02-05,91.04608154296875,94.0246570649505,90.67491796242399,93.98753999896039,70749900
2016-02-08,89.6541976928711,90.05319718854838,88.00252058747957,89.34798729585853,91673100
2016-02-09,89.37582397460938,90.73056464726669,88.31801266747483,88.45719985617242,73778400
2016-02-10,89.71917724609375,91.57498808445759,89.65422414992527,90.40582527406853,59421700
2016-02-11,89.58927917480469,90.30376329742413,88.3273271239759,88.5778584949482,76839200
2016-02-12,90.9532470703125,91.04604323592265,89.75625582270077,90.60064571079583,49186500
2016-02-16,93.00397491455078,93.00397491455078,91.72346074509602,92.29876472552913,40565900
2016-02-17,95.11029815673828,95.24020433909169,93.44006569882877,93.68132307149482,41766500
2016-02-18,94.02464294433594,95.42577480841972,93.90401072814547,95.40721981788947,38991500
2016-02-19,94.30303192138672,94.5906874357892,93.36585247838156,93.5699857384853,28257900
2016-02-22,95.83406066894531,95.92684978541502,95.09174065783189,95.1845297743016,23979100
2016-02-23,94.25662231445312,95.5371290831647,94.19166922646099,95.27731673119618,29869700
2016-02-24,95.15672302246094,95.27734820304656,92.57713948311184,93.15244350918675,40739100
2016-02-25,96.09386444091797,96.09386444091797,94.49786629455896,95.35154449613006,29389300
2016-02-26,95.97325897216797,96.8454923423446,95.74128261451305,96.82693026929249,30925000
2016-02-29,95.11029815673828,96.59494529746007,95.11029815673828,95.88046129451634,27553900
2016-03-01,98.16310119628906,98.16310119628906,95.72271283917603,96.01964224794779,37699800
2016-03-02,98.20022583007812,98.2187808223392,97.43934371896486,98.04248361811275,29209800
2016-03-03,98.0146255493164,98.12597672395394,97.30942268134368,98.0981407001333,25474600
2016-03-04,98.05176544189453,98.68274141973936,97.40223447029983,98.12599957560724,31655400
2016-03-07,97.44860076904297,98.11669364423118,96.75267187061439,97.55067090716088,25861200
2016-03-08,96.6413345336914,97.6249118468372,96.47431130321803,96.78052173897844,28898500
2016-03-09,97.26303100585938,97.28158599651235,96.46503190002832,97.00321866058516,31047400
2016-03-10,97.11455535888672,98.22803869524124,95.8618777562949,97.67129702706399,44236100
2016-03-11,98.81262969970703,98.81262969970703,97.85688840933709,98.1630988458698,31454000
2016-03-14,98.97966766357422,99.21164401438189,98.41364480125497,98.44148083065487,25374900
2016-03-15,98.94254302978516,99.05389421822387,98.31156712067751,98.62705861490927,26524600
2016-03-16,99.82406616210938,100.08387854539725,98.67345835132518,98.7013014604116,31693100
2016-03-17,99.76838684082031,100.000363193954,99.16525398615791,99.53641048768662,29623700
2016-03-18,99.92472839355469,100.17600286999537,99.39425374297512,100.00848418558313,37682300
2016-03-21,100.31558990478516,100.40865425060419,99.69205097740777,99.7478881648283,17288600
2016-03-22,100.62274169921875,100.85540619039313,99.72931090515199,99.74792094028896,18840300
2016-03-23,99.7944564819336,100.50175142145244,99.57109345858964,100.42730418069456,20912900
2016-03-24,99.82234954833984,99.85026814402654,99.14296628509196,99.31048495956713,19017300
2016-03-28,99.68273162841797,100.12014181683553,99.50590442024398,100.10152468947317,13892300
2016-03-29,101.28350067138672,101.34864644018614,99.32912050704805,99.49663921258315,29963900
2016-03-30,101.7767562866211,102.40960399097776,101.562701829113,101.88843779928057,23807200
2016-03-31,101.62786102294922,102.08388860125915,101.46965085105774,101.70231537455383,21447200
2016-04-01,102.70741271972656,102.7446398900556,100.87401540807285,101.01361552171754,26389000
2016-04-04,102.3165283203125,102.78185725449568,102.07455528643754,102.70740292094092,17163000
2016-04-05,101.33001708984375,101.90702747275809,101.19972556795267,101.52545437268036,20107900
2016-04-06,102.99589538574219,103.03312254919346,101.4323900225655,101.4323900225655,25056000
2016-04-07,101.51615905761719,102.58641699544195,101.07874873604356,102.40028116692346,28567200
2016-04-08,101.44168853759766,102.39095626030718,101.08804117038326,102.14899037238114,22898000
2016-04-11,101.06944274902344,102.39097521363149,101.06013418227099,101.87911764794269,25772100
2016-04-12,101.91632080078125,102.11175805439724,100.5296357959967,101.1438732505221,28564100
2016-04-13,103.21924591064453,103.37745601095418,102.56778127939462,102.6980727855737,25356700
2016-04-14,103.22856140136719,103.61013450727707,102.37235793003765,103.23786996746037,17199700
2016-04-15,102.9679946899414,103.35886932360297,102.70741160083368,103.14482197198878,21353300
2016-04-18,103.51705169677734,103.55427175380503,102.60500409180543,102.67014984213526,17126100
2016-04-19,102.88423156738281,103.71251651330498,102.26068539094705,103.71251651330498,42481400
2016-04-20,102.9679946899414,103.44263223101997,102.53058431878631,102.88423888288105,18078300
2016-04-21,102.977294921875,103.3495594906197,102.51196598603313,102.91214915487139,20216000
2016-04-22,101.42310333251953,102.11178820580886,100.62273695260635,101.63715067810303,39074000
2016-04-25,101.42310333251953,101.43240479947085,100.92984867019815,101.11598451457125,14351900
2016-04-26,100.92984771728516,101.80466842668811,100.62273600259287,101.63714971851215,19118300
2016-04-27,100.12013244628906,100.352796814067,99.29184786502782,99.89676954096807,33059800
2016-04-28,98.91030883789062,100.81816014855023,98.71487155392906,100.23184119631007,29818200
2016-04-29,98.38912963867188,99.11504148248689,97.60737350662565,98.91029565979967,67502800
2016-05-02,99.31980895996094,99.45940906044432,98.23094095683156,98.64042559113177,24813800
2016-05-03,98.3984603881836,99.05922662833285,98.13787021851297,98.61250772353932,38569400
2016-05-04,97.7656021118164,98.16578523911306,97.5236291021973,97.80282217450673,27474500
2016-05-05,97.73766326904297,98.33329069730928,97.54222601460509,98.11923631367482,20788100
2016-05-06,98.25882720947266,98.27743723657775,97.16065100107551,97.2537153373084,30758500
2016-05-09,98.53805541992188,98.99408290097574,98.22163514362124,98.26816377818274,19289600
2016-05-10,99.8874740600586,99.93400267618864,98.71484358813845,98.89167079035158,21178900
2016-05-11,98.9847640991211,100.03640485617602,98.95684550119967,99.73859464442162,20966300
2016-05-12,98.54735565185547,99.33841337605577,97.84936228926304,99.21743041600111,29196300
2016-05-13,98.18441009521484,99.06853227488702,97.98897278498278,98.46361031003575,21059300
2016-05-16,99.41287231445312,99.77582831180007,98.24024142283287,98.33331288911135,18311900
2016-05-17,98.16580963134766,99.61763384910081,97.90521942527661,99.32913213925426,29932700
2016-05-18,98.51944732666016,99.04992205353217,97.75630812132927,97.94243686395382,27524400
2016-05-19,98.0075912475586,98.37985586588152,97.29098771508147,98.13788279891807,27334600
2016-05-20,99.08715057373047,99.48733376615273,98.34262139236368,98.39846569619792,29549600
2016-05-23,98.95685577392578,99.55247625926603,98.86379140440818,99.19882171460033,15729800
2016-05-24,100.93912506103516,101.06010799604448,99.47799287516612,99.50591146783334,29931300
2016-05-25,101.6650390625,101.97215778916558,101.14387305387066,101.32070027837891,37951700
2016-05-26,101.9628677368164,102.09315926262923,101.52545742857808,101.76743044809716,21885900
2016-05-27,102.49333190917969,102.50264047445742,102.009393020061,102.02800305026156,19870000
2016-05-31,102.68877410888672,102.84699132478602,102.16760803398614,102.63293691524886,24366100
2016-06-01,102.69806671142578,102.93073111589224,102.28858218780562,102.37233796524356,19571500
2016-06-02,102.91212463378906,102.92142609803324,101.93493126121658,102.49332443110612,15696600
2016-06-03,102.42818450927734,102.76322185035043,101.75810982713115,102.71669322541821,20269900
2016-06-06,102.80048370361328,103.07037538058046,102.4375276450195,102.61435494036007,12502400
2016-06-07,102.53987884521484,102.95867202388307,102.49334311409362,102.85629909570093,12184300
2016-06-08,102.7166976928711,102.93074499764941,102.33512460991524,102.7166976928711,14568700
2016-06-09,102.5491943359375,102.66086873759993,102.10247542821935,102.29791273148474,17571600
2016-06-10,101.38584899902344,101.81395067584428,101.0321945396485,101.61851341688399,32965000
2016-06-13,100.5389633178711,101.3765567772696,100.40867179089308,100.8088549381415,25154700
2016-06-14,100.5389633178711,100.90191930021783,99.80374278686328,100.26907169760071,24588500
2016-06-15,100.25045776367188,100.92053250511198,100.08293907831185,100.78093241725273,24605700
2016-06-16,100.54827117919922,100.64133554062306,99.11505729213414,99.75721345656318,32079900
2016-06-17,99.36971282958984,100.48014764263515,99.13642868360668,100.34017573119182,29208800
2016-06-20,99.99491119384766,101.0026932076053,99.92025856489775,100.52679871639934,20562800
2016-06-21,100.31217193603516,100.51746310140548,99.93891591893151,100.12554748711653,22804100
2016-06-22,100.06956481933594,100.95604884166173,99.98558594440637,100.36816824008628,22724200
2016-06-23,101.49728393554688,101.51595065784673,100.42418233916965,100.84409104042433,18714200
2016-06-24,97.3167953491211,99.37902592479797,97.10217084610237,97.88600911879499,68012700
2016-06-27,95.38522338867188,96.67294932020283,94.94664805219813,96.67294932020283,48222600
2016-06-28,97.4754638671875,97.52212355230702,96.3930289412448,96.43968150709591,28260600
2016-06-29,99.20172119140625,99.407012323559,98.19393936333898,98.24059190838673,31356700
2016-06-30,100.34954071044922,100.41486000713586,99.03381429527214,99.36974414088036,36300800
2016-07-01,100.8533935546875,101.2266495745662,100.26551300961698,100.30283932353149,19902800
2016-07-05,100.2375259399414,100.46148383657929,99.69630503530017,100.32151193099733,21167900
2016-07-06,101.05870056152344,101.10535312177907,99.44437104820636,99.76164120657542,24579300
2016-07-07,101.35731506347656,101.58126588724338,100.88141333361231,101.15202384199519,19161700
2016-07-08,102.92495727539062,102.98094318639728,101.7305365928729,101.89850144515925,29457900
2016-07-11,103.51285552978516,103.89543787888317,103.26091175055166,103.27023799177904,20218500
2016-07-12,104.03539276123047,104.31533657607679,103.89542085380731,104.14737171102239,21906100
2016-07-13,103.783447265625,104.34332776656866,103.774113906817,104.27800849344635,21107800
2016-07-14,104.49264526367188,104.68860310598014,104.23136102132652,104.47397854387052,20871000
2016-07-15,104.32467651367188,104.79124482165919,104.09139235967821,104.73525178359888,17999300
2016-07-18,105.01520538330078,105.20182987614623,104.37133878022829,104.39000550107366,20713900
2016-07-19,104.63262939453125,104.95923297797918,104.44600487764869,104.65129611778089,18936700
2016-07-20,105.85502624511719,106.05098409173118,105.07118773939341,105.20182630380275,24997900
2016-07-21,105.61241149902344,106.13496577042457,105.32314140153609,105.92967455829755,18885400
2016-07-22,106.05097198486328,106.17227717531856,105.36045292049168,105.68704929423048,20003400
2016-07-25,106.06027221679688,106.08826516590726,105.70567587669275,105.96695289407593,12968100
2016-07-26,106.18161010742188,106.56419239532988,105.64972255253817,106.02297860071043,21223800
2016-07-27,106.91879272460938,107.19872943144662,106.47088402669566,107.07742423707721,27646100
2016-07-28,107.29203796386719,107.41334314600066,106.75081708493356,107.08674679466708,16939700
2016-07-29,107.52532958984375,107.81459964702312,107.18939985667615,107.53465582962778,22385300
2016-08-01,108.09453582763672,108.36514628468544,107.46933604028295,107.59997458930414,13990100
2016-08-02,107.27337646484375,108.02921478887491,106.58285741425644,107.93590255813612,21278400
2016-08-03,107.62799072265625,107.63732408367237,107.12410313608186,107.18942242465768,15011300
2016-08-04,107.93592071533203,108.03856632219201,107.33871379502017,107.59066469159214,12835300
2016-08-05,108.97169494628906,109.21431246445016,108.36515471052006,108.48646702923438,23196600
2016-08-08,108.85037994384766,109.05567112385963,108.50511685753054,109.02767104718508,12358200
2016-08-09,109.10230255126953,109.44756557072377,108.8690184590272,108.93433772008443,13276500
2016-08-10,108.82239532470703,109.19564427776426,108.53311813104003,109.16765131821171,14688400
2016-08-11,109.28898620605469,109.52227040952788,108.97171598731133,109.19566682925029,12969800
2016-08-12,109.36360168457031,109.37293504353948,108.98101939803765,109.10232458756909,19379000
2016-08-15,109.8301773071289,110.0821281812747,109.4662545949338,109.50358091403938,11777800
2016-08-16,109.2236328125,109.63420804132184,109.20496609525959,109.62488180196833,14161400
2016-08-17,109.41959381103516,109.45692012733511,108.64508876616138,109.25162894731875,15980300
2016-08-18,109.44758605957031,109.60621756336757,109.13031593270897,109.316947513,10036300
2016-08-19,109.41959381103516,109.66220418808459,108.95302553618593,109.25162894731875,18743000
2016-08-22,109.50360107421875,109.69023270410649,109.05569940102565,109.26098351499907,14500600
2016-08-23,109.69953155517578,110.11944727812251,109.65287899880411,109.93281569483497,11997900
2016-08-24,108.9903564453125,109.77418776284155,108.62643374513586,109.6248896106172,17728700
2016-08-25,108.81306457519531,109.1489943364187,108.57978041430505,108.7104189748622,24266300
2016-08-26,108.97169494628906,109.68088078130825,108.31850215039476,108.85038974684227,23896000
2016-08-29,109.12100219726562,109.4102722807805,108.98103027582475,108.99968987635862,11184900
2016-08-30,108.76638793945312,109.26094914435932,108.39313903562947,108.9436861522559,19843300
2016-08-31,108.6544418334961,108.76641368343928,108.19719971533416,108.59844878925632,16169800
2016-09-01,108.93435668945312,109.06499523431644,108.15985877898258,108.69174631714513,20944700
2016-09-02,109.28898620605469,109.69956156306465,108.87840372977584,109.47561072112568,18088200
2016-09-06,109.97015380859375,109.97015380859375,109.23297499387743,109.47559251854466,18525200
2016-09-07,110.03544616699219,110.2220777246366,109.61553762100772,110.07277247852107,17546900
2016-09-08,109.3916244506836,109.736880492217,109.1023472167751,109.70888752877033,20125300
2016-09-09,106.63884735107422,108.71974505944473,106.6201877519294,108.47712755495928,50813300
2016-09-12,108.55181884765625,108.70111705178444,106.03234490983996,106.04167827236974,39646000
2016-09-13,107.58133697509766,108.3278421050166,107.05878267222757,108.01057902663645,45863900
2016-09-14,108.09453582763672,108.68241641749898,107.66529386381472,107.69329394083381,28221800
2016-09-15,109.77417755126953,109.94214240643926,108.11319571640587,108.12252907482267,38521400
2016-09-16,109.72181701660156,109.83407653829299,109.17924003408359,109.65633407989111,27596500
2016-09-19,109.24468231201172,110.33918547700684,109.02952723022746,110.00241417437724,16222900
2016-09-20,109.45051574707031,109.89954664430714,109.26342370319897,109.63760779094167,18078600
2016-09-21,110.52635192871094,110.68538093595112,109.27281195273736,109.91829186543828,31546800
2016-09-22,111.40563201904297,111.52724824694339,111.05951109250198,111.17176344182226,22614400
2016-09-23,110.69470977783203,111.32147603926562,110.53568081068107,111.32147603926562,22213400
2016-09-26,109.76854705810547,110.19887150155246,109.60951814562851,110.06790567514764,16403900
2016-09-27,110.85371398925781,110.90984016816418,109.59082500414259,109.69372775687302,20238400
2016-09-28,111.04080963134766,111.10629255457485,110.47016967018078,110.99404019310158,14794300
2016-09-29,110.23631286621094,111.05953500300863,109.75922600468039,110.8537294688092,27207500
2016-09-30,111.05953216552734,111.3869468083412,110.41405248604865,110.52631199377223,25543200
2016-10-03,110.90049743652344,111.04081289248592,110.47017291456001,110.91920378495058,19216400
2016-10-04,110.73214721679688,111.47117311567145,110.31117930277408,111.22794768559866,21239700
2016-10-05,111.12501525878906,111.48049299478468,111.0127557508991,111.05953233012924,14481300
2016-10-06,111.06889343261719,111.30276206373883,110.52631649550996,110.98469701411919,11987100
2016-10-07,110.82564544677734,111.33080244338848,110.28306862036878,111.17176638247372,19984200
2016-10-10,111.52727508544922,111.7705004626785,111.3495326401158,111.39630922165753,19687300
2016-10-11,109.93695068359375,111.45242181315136,109.45050712558333,111.43371546507933,27774400
2016-10-12,109.84342193603516,110.21761319022812,109.50665052097193,110.03987073863794,14267800
2016-10-13,109.45051574707031,109.74986729952687,108.458915067765,109.09503800887316,22821000
2016-10-14,109.58147430419922,110.43275946243507,109.51599137949673,109.99308533781686,21313300
2016-10-17,109.28211975097656,109.7311506058843,109.14179716274894,109.48792526209664,14182700
2016-10-18,110.25505065917969,110.76956460810406,110.19892446006274,110.58246538253808,19276700
2016-10-19,110.24567413330078,110.40470309366957,110.04922533453268,110.17083445650215,13702900
2016-10-20,110.11470031738281,110.35792568086576,109.47857738473013,110.1334138037836,18132200
2016-10-21,110.52635192871094,110.59183488093375,109.83410255705459,110.1989371675969,15707800
2016-10-24,111.85470581054688,111.92954549692111,111.21858275057659,111.2372962407228,19143000
2016-10-25,111.49922943115234,111.93890367283936,111.33084370321062,111.92019018245394,20341800
2016-10-26,110.74146270751953,111.34952252681363,110.41404807777766,110.7788825419334,20463700
2016-10-27,110.23631286621094,111.31210998045987,110.07728391236742,111.21856395685215,19099800
2016-10-28,109.54405975341797,110.48889097292273,109.20728837096289,109.9182509713796,35369300
2016-10-31,109.44114685058594,109.94630387746696,109.385020671078,109.94630387746696,18749400
2016-11-01,108.61793518066406,109.64695561243437,107.67310402065429,109.62824926441093,23498700
2016-11-02,107.74794006347656,108.79567394513924,107.47665163508793,108.54309186414496,26960100
2016-11-03,106.69085693359375,107.9256828417436,106.56924069526255,107.57019800613323,36205200
2016-11-04,106.3166732788086,107.14924497310854,106.12957410547486,106.42892564570514,26997500
2016-11-07,108.84244537353516,108.95470487126461,107.86020153253969,108.03793681589889,26591200
2016-11-08,109.55342864990234,110.0492290354341,108.4776314553328,108.7302135887463,20777900
2016-11-09,110.05857849121094,110.23631379643416,108.14085287410178,108.27181873567855,70234400
2016-11-10,108.2811508178711,110.74144567098503,106.83116279009097,110.59177349345883,72825400
2016-11-11,108.32794189453125,108.56181050212989,107.42988016070139,107.81342810297284,41115200
2016-11-14,107.23345184326172,108.45892843408818,106.67216850537194,108.35602565614614,35906000
2016-11-15,108.72084045410156,109.09503165716214,107.88826877427113,108.04729771601322,31796600
2016-11-16,109.36636352539062,109.44119608603252,108.20636962161133,108.20636962161133,16538100
2016-11-17,110.1614761352539,110.18018248442156,109.08567906196532,109.31019093749649,20598600
2016-11-18,109.74984741210938,110.47951624293226,109.64694466549562,110.29242423296326,16428700
2016-11-21,110.89115142822266,110.99405419729202,109.98373999394063,110.02115983152079,20268500
2016-11-22,111.22795104980469,111.49923958826324,110.95666251134615,111.33085384498229,18850600
2016-11-23,110.77888488769531,110.98469041277777,110.29244130422168,110.86308130118532,22926000
2016-11-25,111.13436889648438,111.18113833730364,110.77888403331859,110.90984988697849,7162800
2016-11-28,110.88177490234375,111.39628865589711,110.76952254673427,110.9940343950562,13479000
2016-11-29,111.2653579711914,111.79857824011927,110.66665476176733,110.98471271929033,18553000
2016-11-30,109.91826629638672,111.44308733607672,109.88084645566302,111.40566749535303,30405300
2016-12-01,108.01925659179688,109.89020585047636,107.85087087303152,109.88084910579356,39796600
2016-12-02,108.23439025878906,108.66471478345294,107.78536652268426,108.084718059122,32876800
2016-12-05,109.07632446289062,109.50664187324384,108.29987892074932,108.79568639723625,21419700
2016-12-06,109.3382568359375,109.52535601793518,108.87987632997519,109.38503341571293,27293300
2016-12-07,110.72277069091797,110.86309330385757,108.7863386162442,109.1137532883669,26622400
2016-12-08,110.919189453125,111.199834602995,110.55435504055556,110.76951727373626,18578400
2016-12-09,111.7892074584961,111.82662729652468,111.32147018879527,111.3308269325785,21863100
2016-12-12,111.28404998779297,111.51791862188057,110.82566946337047,111.29340673154569,23259300
2016-12-13,112.687255859375,113.2953157034095,111.62081551505158,111.62081551505158,54477900
2016-12-14,112.4533920288086,113.19241776155555,112.12597737179519,112.82758326701143,28746000
2016-12-15,112.63114166259766,113.29532776268144,112.33179008034716,112.60307856693429,22762300
2016-12-16,112.21360778808594,113.1330869998666,111.98843198124143,112.90790403481226,26283900
2016-12-19,112.67334747314453,113.36765090062329,112.16670368084715,112.32620291761522,21138700
2016-12-20,113.10496520996094,113.31137223494201,112.89855102676849,113.02990420548889,11461800
2016-12-21,113.02046966552734,113.22688375717465,112.76714783554723,113.15182278599232,7079300
2016-12-22,112.7015151977539,113.05804421250544,112.26054076795984,113.02989812689492,16645000
2016-12-23,112.77655792236328,112.82347283256323,112.41064452907666,112.5138516049483,9007500
2016-12-27,113.35826873779297,114.01503452470658,112.97359367923221,113.02050143074877,16110600
2016-12-28,112.476318359375,113.70541882611197,112.4012645263839,113.60221175276284,17975200
2016-12-29,112.31684112548828,112.71090066917886,111.96031208475083,112.44819430671846,13267500
2016-12-30,111.16280364990234,112.54201199162536,110.84379796806046,112.53263473496176,41749000
2017-01-03,112.1573257446289,112.57953131532948,111.54746768611992,111.90399667564017,22307600
2017-01-04,112.76716613769531,112.9735802628437,112.26989964977022,112.2792769040338,19749100
2017-01-05,113.40516662597656,113.4802204487799,112.68271721059739,112.68271721059739,20644300
2017-01-06,114.39969635009766,114.69993310748625,113.23627980999302,113.52713215546696,24074300
2017-01-09,114.7750244140625,114.98143858147336,114.41848824918527,114.49354924791847,18909200
2017-01-10,115.02832794189453,115.3754796368615,114.55920751214927,114.82191380749306,16176600
2017-01-11,115.33796691894531,115.33796691894531,114.48416416928347,115.07526058311421,20686000
2017-01-12,115.15969848632812,115.23475948439689,114.09010431758597,114.92513823602133,19622500
2017-01-13,115.55374908447266,115.75077880835686,115.21598179832553,115.21598179832553,16930800
2017-01-17,115.20660400390625,115.43177982153738,114.86883669835449,115.25351175521556,14538500
2017-01-18,115.44117736816406,115.55376886889361,115.08464835317035,115.37550078229125,12499700
2017-01-19,115.3848648071289,116.01348446914342,115.14092017776144,115.61004061058595,12710700
2017-01-20,115.6382064819336,116.18238799511333,115.32858522530951,115.89152840940088,22091000
2017-01-23,115.73200988769531,115.90089353063075,115.00018315437828,115.56312624475986,17434200
2017-01-24,116.51078796386719,116.68905607555102,115.76019216982034,115.95722195515994,17640900
2017-01-25,117.68355560302734,117.71170168452952,117.1393741666189,117.24258123760015,15036200
2017-01-26,117.8055191040039,118.04946372985886,117.59910497121967,117.84304959707464,16052200
2017-01-27,118.03070831298828,118.143292639953,117.64602610729885,118.05885439472947,15053000
2017-01-30,117.11122131347656,117.6366338930297,116.46383284352035,117.6366338930297,25006700
2017-01-31,116.87666320800781,116.9048092883893,116.20112864601352,116.69839515464552,19091100
2017-02-01,117.68355560302734,117.91811582649203,117.14875857985626,117.70231727129215,22861900
2017-02-02,117.5803451538086,117.93687410627578,117.14875521401892,117.47713808579262,15101400
2017-02-03,117.9181137084961,118.04008244555139,117.58973083318581,117.7023151571723,16957200
2017-02-06,118.058837890625,118.07759955642632,117.6084791710943,117.72107064052923,11630100
2017-02-07,118.49046325683594,118.73440793453311,118.19022640667446,118.30281075160305,17541100
2017-02-08,118.6874771118164,118.85636076478615,118.10576516087397,118.33094813697375,12569100
2017-02-09,119.11906433105469,119.38177063890122,118.74376653775535,118.80944311471697,17542700
2017-02-10,119.51312255859375,119.68200620592387,119.17535526393353,119.38176940602699,13915700
2017-02-13,120.18865203857422,120.33875968588637,119.83211595381866,119.87902369882755,19120200
2017-02-14,120.59212493896484,120.60150219585826,119.85091362633769,120.23558874709707,16333500
2017-02-15,121.3051528930664,121.36145936971735,120.4419730312014,120.50765676241791,17891400
2017-02-16,121.26764678955078,121.62418294357175,120.95802554786223,121.38023112601162,15098300
2017-02-17,121.79304504394531,121.80243661515381,121.07059556544861,121.08936439144605,15563700
2017-02-21,122.3935317993164,122.46859279496427,121.96194896986754,122.02761839329625,18479600
2017-02-22,122.4404067993164,122.52484502323807,122.07449351257281,122.28090760421448,12110900
2017-02-23,121.98065185546875,122.62804014206831,121.492777064873,122.62804014206831,17489000
2017-02-24,122.21526336669922,122.21526336669922,121.38962104983007,121.4271443893337,18624500
2017-02-27,122.36537170410156,122.3747489588259,121.78366694996485,121.99008108525584,12008700
2017-02-28,121.99008178710938,122.3935184888687,121.65231450163715,122.3372263273599,16598600
2017-03-01,123.32240295410156,123.54757163820774,122.53428392688612,122.768844183778,25813800
2017-03-02,122.70314025878906,123.31299109983605,122.55301828312778,123.29423659019307,19951400
2017-03-03,122.9283447265625,122.96586806883212,122.29033337660235,122.61872346625535,13722700
2017-03-06,122.65623474121094,122.86264889444135,122.16835975759422,122.5248815815571,12026200
2017-03-07,122.4498291015625,122.98463334932123,122.23403767778942,122.41230576037566,15500900
2017-03-08,122.6656265258789,123.05029443354746,122.40292020611568,122.52488179402103,15776000
2017-03-09,122.75943756103516,122.92832836983118,122.1026717855399,122.63747597757043,20855300
2017-03-10,123.27549743652344,123.47253436655807,122.74070745458322,123.32241235476245,21922600
2017-03-13,123.48188781738281,123.51003389961528,123.16288934113457,123.22855876087027,10731600
2017-03-14,123.18163299560547,123.24731672597268,122.68436649809578,123.2004018209131,14019700
2017-03-15,123.94161987304688,124.23247224090136,123.04090237336362,123.43496180559411,22709100
2017-03-16,123.85723114013672,124.17624406849573,123.57577019809399,124.17624406849573,18457300
2017-03-17,123.8139419555664,124.14300069450321,123.74812160006037,124.01137432968893,21234500
2017-03-20,123.92677307128906,124.20883369494818,123.59771429885281,123.77633882584429,10105200
2017-03-21,122.04637145996094,124.50967092309524,121.97115434745794,124.39685242743941,35841900
2017-03-22,122.87374877929688,122.99597838379893,121.92414526037673,122.08399059527835,29177900
2017-03-23,122.56349182128906,123.05239592604818,122.35664832874477,122.71392606063013,20311700
2017-03-24,122.81735229492188,123.43786844903111,122.3472560394517,122.95837543308325,22967600
2017-03-27,123.01476287841797,123.23101744685678,121.66088360730832,121.94294417982228,18472400
2017-03-28,123.76692962646484,124.1336040965103,122.74212333149138,123.01477282103377,23721900
2017-03-29,124.34038543701172,124.38739790376857,123.71985530667888,123.85148160588366,13710000
2017-03-30,124.5472640991211,124.67889043561678,124.18058970844065,124.29340818366703,16092400
2017-03-31,124.4626693725586,124.80113919645511,124.22762128224704,124.36864439795521,19841400
2017-04-03,124.38744354248047,124.8669364484724,123.69169607929967,124.56608237398606,23700300
2017-04-04,124.58488464355469,124.60369250771768,123.98316210611105,124.03017459342009,13400000
2017-04-05,124.07717895507812,125.49686416317734,123.84213088012287,124.7635153170126,32011200
2017-04-06,124.14298248291016,124.47205551977024,123.82332055042625,124.19940607058,18832200
2017-04-07,124.07717895507812,124.45325013652815,123.63528742646656,124.10538357637708,16743100
2017-04-10,124.12421417236328,124.64132290121128,123.78574430858991,124.19943129166832,15619300
2017-04-11,123.58827209472656,124.19940568324714,122.6950922997149,124.01135575065886,33778400
2017-04-12,123.09000396728516,123.67291874349702,122.9583775872954,123.56949699163367,15955200
2017-04-13,122.60108184814453,123.64469597430188,122.58228832961727,122.92075816367364,23683000
2017-04-17,123.61651611328125,123.63532398177348,122.90197491877913,122.94898741690959,13325500
2017-04-18,123.42850494384766,123.78578278504996,123.11823961009877,123.20285351579308,12841100
2017-04-19,123.62593841552734,124.37808106892369,123.4566962761721,123.9644083480363,17764800
2017-04-20,124.66012573242188,124.93278960354309,123.93618780416138,124.1242234433693,21977900
2017-04-21,124.63190460205078,124.81994021636199,124.31224262310195,124.77294207243251,22454900
2017-04-24,126.13626861572266,126.25848392345605,125.79779863622345,126.01403896178576,22469900
2017-04-25,127.04816436767578,127.273801292428,126.43703088868796,126.54986369725715,19384400
2017-04-26,126.86953735351562,127.40543944576316,126.79432025621529,127.09517429922221,25398500
2017-04-27,127.6310806274414,127.6310806274414,127.10457533424031,127.17979242558236,16136500
2017-04-28,127.85678100585938,128.185839767391,127.6499375117772,128.13882727397257,22771900
2017-05-01,128.994384765625,129.1636268449932,128.223434515293,128.2798437596836,24815500
2017-05-02,129.21060180664062,129.26702538710634,128.8251339237183,129.15419257236877,18345100
2017-05-03,128.796875,128.96610263146155,128.44899429168268,128.91909017399297,23827600
2017-05-04,128.84396362304688,129.21063809498702,128.39267527593546,128.77815761331294,14630100
2017-05-05,129.31405639648438,129.31405639648438,128.693540315533,129.1730332749494,19330700
2017-05-08,129.59609985351562,129.59609985351562,129.11660695748682,129.37985964701585,13279900
2017-05-09,130.0474395751953,130.33889696844994,129.6807507106753,129.79358357137366,28426100
2017-05-10,130.12261962890625,130.16963211713679,129.6619345443596,130.12261962890625,20499400
2017-05-11,130.01918029785156,130.05679602182437,129.1636162511063,129.76533871891382,27232100
2017-05-12,130.3106231689453,130.33882778259854,129.96274235690214,130.0755751577071,19738600
2017-05-15,130.72438049316406,130.79959762713946,130.24488740354744,130.36711703953264,20481300
2017-05-16,131.26959228515625,131.28840014063357,130.67728112642843,131.06274891347658,21786000
2017-05-17,127.9319839477539,130.47050050282743,127.91317608323119,130.22604130262368,55642200
2017-05-18,129.05079650878906,129.48329130115184,127.74392971904918,127.88496717895293,41319900
2017-05-19,129.59609985351562,130.1414130950245,129.4268721300451,129.51148599178038,36730100
2017-05-22,130.68675231933594,130.75257267790224,129.8405848413592,129.8875829875369,19509700
2017-05-23,130.81842041015625,131.08167323597965,130.4799504417829,131.07227647298703,19687500
2017-05-24,131.42007446289062,131.48589480801957,130.8465566038628,131.21323101562186,15891900
2017-05-25,132.53890991210938,132.87737971455329,131.6363189901936,131.91837954992954,23928600
2017-05-26,132.77395629882812,132.83036554081866,132.388474016965,132.56711284739893,13851600
2017-05-30,132.88682556152344,133.0466565903032,132.62357276750953,132.708186662828,20306400
2017-05-31,132.8397979736328,133.35690674107698,132.16287254176004,133.35690674107698,33229400
2017-06-01,133.3568878173828,133.4132970665176,132.54832177198946,133.11244295573277,20120700
2017-06-02,134.8800048828125,134.90820950646147,133.6107394338209,133.82697966386195,37222900
2017-06-05,134.85179138183594,135.08683948590763,134.66375576781815,134.87059924709703,15727500
2017-06-06,134.31591796875,135.13388095554913,134.11847120666013,134.69198927743446,22393000
2017-06-07,134.84237670898438,134.95519519316798,134.07142649007,134.69194249927568,18842400
2017-06-08,134.98336791992188,135.19960805592956,134.25000498536488,135.14319883316156,25417400
2017-06-09,131.60816955566406,135.29372320206235,129.85001380510877,135.1433032738313,109783700
2017-06-12,130.90298461914062,131.1380327205485,129.2482511498603,130.49870877089393,104454000
2017-06-13,131.9654083251953,132.1534439395,130.94999879251267,131.63633524051377,51193000
2017-06-14,131.39190673828125,132.5013270431693,130.32948458317355,132.5013270431693,60093800
2017-06-15,130.80894470214844,130.94996779294334,129.2670300759485,130.06618483411026,55145200
2017-06-16,130.2415008544922,130.83544066707472,129.7607013399614,130.74115948291308,48087400
2017-06-19,132.4192352294922,132.54178346940517,131.30677801183845,131.50476268444353,39626500
2017-06-20,131.3821563720703,132.4568950160061,131.33501580995528,132.28720625472772,40935100
2017-06-21,132.6831512451172,132.74913651896185,131.59897593797734,131.68382031232568,35743400
2017-06-22,132.64544677734375,133.13568274424347,132.30605485953322,132.89057195343375,24099100
2017-06-23,133.15457153320312,133.3242603373,132.12695880679942,132.49463226762606,21654300
2017-06-26,132.53228759765625,134.14438801280852,132.24003631685537,133.91813638136352,34411100
2017-06-27,130.1282958984375,132.19292886398063,130.11887353986032,132.032662456487,65957800
2017-06-28,132.0044403076172,132.11756620249406,129.8549619932366,130.60915380613125,57427200
2017-06-29,129.7135009765625,131.45760138285735,128.45021424853095,131.45760138285735,88769400
2017-06-30,129.76060485839844,130.73163991505092,129.33636861568357,130.08113762975825,68898300
2017-07-03,128.3936309814453,130.50539010031397,128.30878659940794,130.354560438452,32797000
2017-07-05,129.6569061279297,130.00572036920627,128.36533825269137,128.79899686855762,42116600
2017-07-06,128.48788452148438,129.2138088366562,128.02594445433024,128.66701001090274,48430500
2017-07-07,129.8737335205078,130.2225621419188,128.91213518544913,128.92155754294942,36970400
2017-07-10,130.72230529785156,131.03341592073244,129.6287069359591,129.95867667136582,24853500
2017-07-11,131.08995056152344,131.2502170201606,130.04349301430508,130.5337291370854,31517700
2017-07-12,132.64544677734375,132.79629082643294,131.94781822454675,132.2117881178127,36045800
2017-07-13,132.9376678466797,133.25821497428936,132.551149838703,132.80568293011464,31073600
2017-07-14,133.98414611816406,134.1538492580214,133.10739211561886,133.5316283873433,34544800
2017-07-17,134.05014038085938,134.5215171938533,133.7955928739646,134.12556239717185,25343200
2017-07-18,134.9457550048828,134.97403646316633,133.5316245495912,133.9558608091229,25748500
2017-07-19,135.73773193359375,135.93571662505812,135.28521399132862,135.34177693595103,33752300
2017-07-20,135.91676330566406,136.17131076531365,135.30397931661895,136.08646640718914,36139400
2017-07-21,135.86029052734375,135.86029052734375,135.1438026079724,135.41719496060662,39697100
2017-07-24,136.4824676513672,136.57673439743388,135.68112119075508,135.84138760582132,26712700
2017-07-25,136.13360595703125,136.45415309470215,135.76593265039702,136.0299024918125,28120900
2017-07-26,136.57675170898438,136.6521737465663,136.2562188382233,136.47304820546958,18610600
2017-07-27,135.7188262939453,137.60433365660748,134.15385173046863,137.4723487166323,80665900
2017-07-28,135.60568237304688,135.83194842909808,134.6912101762655,134.90805387446093,38013200
2017-07-31,135.03057861328125,136.16187992647508,134.73832733244447,135.99219120287052,33848600
2017-08-01,135.34169006347656,135.53023788628903,134.92687622212307,135.49253407583726,20149400
2017-08-02,135.70941162109375,136.24678821178068,134.44612493512778,136.21850674756368,41769700
2017-08-03,135.18148803710938,135.91683496577457,134.93637718931552,135.84141292369563,27112800
2017-08-04,135.4265594482422,135.7282475287054,134.8703382333275,135.48313675228863,29472900
2017-08-07,136.2845001220703,136.2845001220703,135.48316794623832,135.6717158472998,17933900
2017-08-08,136.048828125,137.1424262229877,135.66229553058088,136.02054665568002,30810400
2017-08-09,135.8697052001953,135.93570488674624,134.6158406232906,134.92695117713475,36169500
2017-08-10,132.95657348632812,135.19089549361752,132.82458852356172,135.09662874037411,63331700
2017-08-11,133.96533203125,134.2575834322502,132.83401586762236,133.1357040139984,45862500
2017-08-14,135.69056701660156,135.89797403321134,134.99293831098996,135.0306421388811,34161000
2017-08-15,135.7848358154297,136.03938338271638,135.41716238947433,136.02994663763923,25509200
2017-08-16,136.02052307128906,136.66160316371662,135.56800525534618,136.12422656924284,31913000
2017-08-17,133.23939514160156,135.6999831139852,133.23939514160156,135.49257612893516,70191000
2017-08-18,133.14512634277344,134.05959875649722,132.59832736655738,133.3148295213907,60751900
2017-08-21,132.97540283203125,133.42792054806236,132.15519738920628,133.1356692234323,37111500
2017-08-22,135.00233459472656,135.14375628888914,133.64476688833747,133.69190745305835,36294200
2017-08-23,134.5215606689453,134.82323444641236,134.22930925208294,134.32357601397993,25702300
2017-08-24,134.1255645751953,134.974037098251,133.37135878510196,134.82319306317652,38160800
2017-08-25,133.84275817871094,134.9834822213104,133.66363265500985,134.64410466307427,26380400
2017-08-28,134.2575225830078,134.5686329484733,133.8238496654655,134.24808584190893,15362100
2017-08-29,134.78555297851562,135.0118191381141,132.98488921975277,133.10745185436267,24498300
2017-08-30,136.36935424804688,136.59562037663164,134.8138159717175,134.89866037545536,33642700
2017-08-31,137.83053588867188,137.8399726286788,136.68037565923032,136.7557976529137,38480700
2017-09-01,137.64207458496094,138.19829595444585,137.27440112552205,138.00974804439986,22293600
2017-09-05,136.4070281982422,137.52890734567404,135.37943017011415,137.23665601522288,44794300
2017-09-06,136.8218231201172,137.1329335083125,135.83192904590976,136.75582346870738,30722700
2017-09-07,137.14236450195312,137.49117872343848,136.6427062551257,137.0763648463867,22721100
2017-09-08,135.95457458496094,137.02931367955293,135.81315283931525,136.9633139878611,27890100
2017-09-11,137.5194854736328,137.75517391210013,136.98212331427322,137.0198271349045,27126300
2017-09-12,137.84947204589844,138.0285975828744,137.19896957384154,137.90603497646296,30256700
2017-09-13,138.0380096435547,138.0568687474299,137.3875072200332,137.61377331069153,28450900
2017-09-14,137.2272491455078,137.91545543335027,137.14240475083182,137.50065581984018,35296400
2017-09-15,137.69863891601562,138.19829735608272,136.97271435042845,137.19898047594853,46422400
2017-09-18,137.51821899414062,138.29296201071836,137.1024968998323,137.85835394250435,24858200
2017-09-19,137.75440979003906,137.95281341383713,137.29144397322264,137.76385277605763,20871200
2017-09-20,137.3291473388672,137.8582425160546,136.27094256773012,137.70706834635467,34236200
2017-09-21,136.48828125,137.24412337798466,136.00641531413063,137.23468039725242,28841800
2017-09-22,136.35609436035156,136.55449799955852,135.9120288978568,136.05374578300464,21702400
2017-09-25,134.91993713378906,135.89309797118938,134.25856779042533,135.81751084383774,54947700
2017-09-26,135.26947021484375,135.86470963525812,134.79706163782043,135.60960496697115,29628800
2017-09-27,136.48828125,136.9984761280661,135.6473946283673,135.9875149359017,33249400
2017-09-28,136.4410400390625,136.58275683649245,135.84580065632727,136.1575920274379,24149400
2017-09-29,137.4236602783203,137.52759074806613,136.35602663467657,136.71504737098957,43102400
2017-10-02,137.5464630126953,138.10390159249062,136.93232330182013,137.63149308416982,27351300
2017-10-03,137.83938598632812,138.00000318643953,137.42366409579648,137.72601253137108,19715200
2017-10-04,137.97169494628906,138.2645860573342,137.44259946610805,137.5748733361533,26381100
2017-10-05,139.3227996826172,139.3983723984566,138.33073839016077,138.47245525332394,31562400
2017-10-06,139.51173400878906,139.51173400878906,138.85036474407198,138.85036474407198,23561100
2017-10-09,139.35113525390625,139.84242996321518,139.17161762610198,139.69127012322738,13704800
2017-10-10,139.45506286621094,139.9652579512448,138.84092286713332,139.8235410989494,19223100
2017-10-11,139.8707733154297,139.89913110324235,139.20940396316394,139.38892159094405,12439100
2017-10-12,139.6156463623047,140.1636420866921,139.47391512749232,139.66289010724213,14513500
2017-10-13,140.1542205810547,140.31483782156255,139.6251251024946,140.18256395192253,18409900
2017-10-16,140.6360321044922,140.67381844538508,140.20140989201664,140.5037582862196,21809400
2017-10-17,140.8155517578125,140.8344521388578,140.37150092899705,140.5888048523351,13138200
2017-10-18,140.64549255371094,140.9761843488468,140.43763161107128,140.95728396767043,17218200
2017-10-19,140.12586975097656,140.1447701361392,139.1432659740669,139.8235356722235,27680300
2017-10-20,140.5037841796875,140.81556119561498,140.333709572414,140.69274475250546,30173300
2017-10-23,139.58737182617188,140.80618031263168,139.3889537663057,140.79673732569478,29297100
2017-10-24,139.82347106933594,140.11636202856764,139.30381884323302,139.86125740543292,20289500
2017-10-25,139.29440307617188,140.00301602806204,138.25511273012677,139.5495077755472,36179100
2017-10-26,138.85037231445312,139.55898536887818,138.8125715448262,139.2093931252919,28230200
2017-10-27,142.8941650390625,143.15871271379393,140.96672978971415,141.18403371893632,60165100
2017-10-30,143.2154083251953,143.79174745591712,142.657969577203,142.79024342277353,31733400
2017-10-31,143.75396728515625,143.96182827465566,143.26267259794855,143.67839457694737,26319300
2017-11-01,143.7067413330078,144.3964540416336,143.13984509069297,144.33030989942975,29481600
2017-11-02,143.4326934814453,143.60276807019883,142.45008995973012,143.546066929437,31017400
2017-11-03,144.81211853027344,144.83100449188672,143.4610226031662,143.95233152363835,26199200
2017-11-06,145.30345153808594,145.3601526882448,144.65153968732733,144.69876902064044,28693900
2017-11-07,145.38845825195312,145.57741878637844,144.87824895056363,145.1900403199095,21333100
2017-11-08,145.97427368164062,146.01206003047804,145.14282983953802,145.31290445122627,17373500
2017-11-09,145.20895385742188,145.28454096139473,143.7161409916811,144.77433161376936,40594500
2017-11-10,145.19949340820312,145.31288127016307,144.61371138567853,144.8688160541313,20150800
2017-11-13,145.37901306152344,145.56798802858128,144.65151422206108,144.65151422206108,12522400
2017-11-14,144.8499298095703,145.02944739315663,144.15077427362414,144.8688301912023,25173800
2017-11-15,144.16961669921875,144.55699511346745,143.40431726706478,144.22630341022827,24808000
2017-11-16,146.0120391845703,146.34273096094913,144.868818481663,144.89716184343652,34790600
2017-11-17,145.45460510253906,146.15377502079556,145.3128882892009,146.0498445520921,28725800
2017-11-20,145.34124755859375,145.690825347598,145.13338659843774,145.55855150175034,21143900
2017-11-21,146.91905212402344,146.9851962379524,145.96479208804396,146.03092178520882,20147800
2017-11-22,147.0985870361328,147.24030384447573,146.76789526097824,147.0513432944299,17299000
2017-11-24,147.63717651367188,147.68442027175524,147.16476776637984,147.24981229763824,8280600
2017-11-27,147.57106018066406,147.92063807202436,147.2309252750692,147.58996056896714,22653400
2017-11-28,147.94891357421875,148.0434010556157,147.1080268901417,147.90166983352026,25227300
2017-11-29,145.36959838867188,147.81667187088763,144.6704283579951,147.7788855201772,71986300
2017-11-30,146.58836364746094,146.87181165375455,145.64354657099193,145.98368129519136,56595500
2017-12-01,145.9647674560547,146.67338012806917,143.85781539786322,145.69076248282252,59015800
2017-12-04,144.28305053710938,147.04191521431162,144.1413192976373,146.88129800965712,51319100
2017-12-05,144.3775177001953,146.02150486007602,143.70670554451013,144.25468684770362,40604200
2017-12-06,145.02943420410156,145.25619551276256,143.66889518566722,143.83896977135439,28647800
2017-12-07,145.52073669433594,145.9364585333477,144.86881057559162,145.0199847746441,32666200
2017-12-08,146.1632080078125,146.94740796044664,145.93646112197686,146.5883728355197,28081700
2017-12-11,147.29702758789062,147.34427134146728,146.21993632348224,146.22939372425924,20821500
2017-12-12,147.0985870361328,147.53319485956163,146.78679564101256,147.2308608628415,20310300
2017-12-13,147.38201904296875,147.8544275750956,147.16470073812013,147.69381040418418,24418500
2017-12-14,147.27813720703125,148.01509360708374,147.11751998309867,147.63715800656385,24594700
2017-12-15,148.950439453125,149.1110710785889,147.60880063627914,147.85446235750558,49816200
2017-12-18,150.19924926757812,150.3223369874135,149.65958474006047,149.93414836863693,26844500
2017-12-19,149.30926513671875,150.0667024866021,148.89267387193712,149.91521212724228,31415000
2017-12-20,149.1483154296875,149.85841025250906,148.5613083325015,149.8300076153495,38972600
2017-12-21,149.16726684570312,149.83001917542106,148.99683656268007,149.35662259034862,18638700
2017-12-22,148.99684143066406,149.05364671122192,148.59919001984136,148.9400361501062,23330400
2017-12-26,148.19207763671875,148.38143338979822,147.65239857117848,148.16367499610274,21918700
2017-12-27,148.2109832763672,148.60864908564062,148.06897009228095,148.2015205464001,22388200
2017-12-28,148.39088439941406,148.71280504582987,148.2109913917773,148.68438796054062,25393800
2017-12-29,147.47247314453125,148.55181659152484,147.41566787578128,148.52341395714984,33186000
2018-01-02,150.05722045898438,150.09508582049682,147.8606538714984,148.22990254562927,32573300
2018-01-03,151.51527404785156,151.6478244824633,150.1708297976712,150.19923243030843,29383600
2018-01-04,151.78041076660156,152.23486744305097,151.56265238264498,152.03604896763068,24776100
2018-01-05,153.30471801757812,153.40886582354656,152.21591186629269,152.49995265047153,26992300
2018-01-08,153.9012451171875,153.97699031054225,153.24795546555637,153.30476074884282,23159100
2018-01-09,153.91070556640625,154.36516227287717,153.44678612850072,154.20420915697952,24782400
2018-01-10,153.55087280273438,153.57928988222977,152.54727459308208,153.22896666886737,34004000
2018-01-11,154.60183715820312,154.6113143351201,153.5793133352896,153.81601160755804,20473500
2018-01-12,155.73797607421875,155.89892914056762,154.27044412620833,154.46926255355714,37762700
2018-01-16,155.2930145263672,157.5653122786025,154.82908068789757,156.77000951001182,41231800
2018-01-17,156.96881103515625,157.2055092940859,155.27405785786252,156.0314951758205,33849900
2018-01-18,156.99722290039062,157.3569944181062,156.3533961451003,156.72264483888387,26432200
2018-01-19,157.48951721191406,157.74515532331964,156.73208005210154,157.4611145825259,38937600
2018-01-22,159.17486572265625,159.17486572265625,157.25287671185177,157.43276972860292,26081400
2018-01-23,160.4908905029297,160.6329181337102,159.59143996231683,159.66718514268325,37989700
2018-01-24,159.4494171142578,161.18205008697086,158.5310267224878,160.83172684314468,54287400
2018-01-25,159.3926544189453,160.6045486612282,158.8813779576241,160.54774337595228,28925000
2018-01-26,161.83538818359375,161.8543280966445,159.97021848533421,160.28264759260784,32038200
2018-01-29,161.04953002929688,161.81643021422113,160.70868389745078,161.49452399162143,37277800
2018-01-30,159.7239990234375,160.4056912365544,158.890830888341,159.58198583192012,44987700
2018-01-31,160.38673400878906,160.94535287790538,159.38313570533205,160.62343226703516,42449200
2018-02-01,159.0233612060547,160.699174441353,158.51208488752155,159.15591165031978,38037900
2018-02-02,155.8516082763672,158.7771954037756,155.71905782406466,158.39848395345868,68478100
2018-02-05,149.70693969726562,156.93097660692078,149.59332913359566,154.3935777055045,105372200
2018-02-06,153.6739959716797,153.86335171489213,146.84762535687182,147.51984041231358,118537900
2018-02-07,151.68569946289062,154.8479843357779,151.67622228770395,153.18161955722104,91028300
2018-02-08,145.285400390625,152.24433555425998,145.285400390625,152.0739052814177,94184800
2018-02-09,147.7943572998047,148.8737004806341,142.14200330240791,147.33988636804722,113836600
2018-02-12,150.41697692871094,151.4395149503486,148.13521711753137,149.30923101699824,63050600
2018-02-13,151.1934051513672,151.49637145642114,149.32822143193087,149.55545699590942,31785600
2018-02-14,154.02427673339844,154.26097498098252,149.5932924731433,150.30338721589555,52107400
2018-02-15,156.88360595703125,156.88360595703125,153.79706580584292,155.4066111061937,51633900
2018-02-16,156.18301391601562,157.88723013252883,155.91789852666605,156.3723696681929,62256300
2018-02-20,156.49546813964844,157.81151033235574,155.56761469185628,155.63389716158724,36785600
2018-02-21,156.0504150390625,158.7961087112326,155.9557299688856,157.2623088133775,41161800
2018-02-22,156.03150939941406,157.56530963408434,155.63385802179278,156.7321270636874,37074400
2018-02-23,159.22215270996094,159.22215270996094,156.6468749883129,157.29070164218115,50096900
2018-02-26,161.3335418701172,161.3335418701172,159.83762145379552,159.9701719127196,39266700
2018-02-27,159.3358154296875,161.64599306449716,159.26008468975158,161.38089213396987,42209900
2018-02-28,158.3132781982422,160.76546882266194,158.2091303809506,160.24472973620394,42936300
2018-03-01,155.72848510742188,159.12748244442994,154.32723572389867,158.39844789924905,76809900
2018-03-02,157.15818786621094,157.4327515015732,153.34261292616782,153.85387483050005,57445100
2018-03-05,158.90029907226562,159.30741319986544,155.832684007959,156.4197055958498,38540200
2018-03-06,159.57254028320312,160.11221941177172,158.56894167244707,159.67668812659778,29480900
2018-03-07,159.94175720214844,160.0743221099568,158.07658801921463,158.35115167144852,34609400
2018-03-08,160.82225036621094,160.93586089670492,159.96066531819463,160.60449203379284,25828400
2018-03-09,163.9467010498047,163.9467010498047,161.73120860378702,161.9679068851201,38310500
2018-03-12,164.81773376464844,165.19644520102713,164.06029644497576,164.42954515186534,37635000
2018-03-13,162.57383728027344,165.8876128800213,162.1572460362273,165.19644356743788,55638900
2018-03-14,162.54544067382812,163.54905354586955,161.83534581300415,163.42596581364666,40536400
2018-03-15,162.40341186523438,163.3502049219649,161.80692761648115,162.65905003568795,28810400
2018-03-16,161.92054748535156,163.0377563224348,161.84480230957922,162.67798479616,31176700
2018-03-19,158.4657745361328,160.4762272948827,157.08120789166728,160.3624324505313,71395100
2018-03-20,158.98736572265625,159.35721348794715,158.001109838665,158.5321718123798,34075700
2018-03-21,158.2950897216797,160.0400117716977,157.60281353874873,158.57011326075258,43863500
2018-03-22,154.3879852294922,157.20452390269915,154.1888297452732,156.1044586392178,66607300
2018-03-23,150.31964111328125,154.86214562627683,150.24377304849477,154.20779622905314,80110400
2018-03-26,155.90528869628906,156.09496608094653,150.93605377788413,153.36377380983046,57481500
2018-03-27,150.8601837158203,157.06224920041865,149.5325143926034,157.06224920041865,78889100
2018-03-28,149.12474060058594,151.52401189904344,147.9772561024593,149.99720157544752,89369700
2018-03-29,151.85597229003906,153.354334289406,148.5368198088779,149.9308650085941,68692600
2018-04-02,147.4746551513672,151.48609771795935,145.92888853703812,150.77485088321868,85549400
2018-04-03,149.13426208496094,149.76016290246207,146.45998095528037,148.76441423286607,64090000
2018-04-04,151.486083984375,151.9507559465857,146.08059695411916,146.25130370356482,65768700
2018-04-05,152.34910583496094,153.2310596639944,151.23956222064734,152.99397732408914,43054900
2018-04-06,148.5367889404297,152.1688910657311,147.82554212798996,150.67052937774895,59870900
2018-04-09,149.5799560546875,152.56720162484254,149.32391759723362,149.81703834738133,41810400
2018-04-10,152.88014221191406,153.3732629305298,150.85071849503805,151.9318131017785,48296800
2018-04-11,151.99819946289062,153.62932680636436,151.8275071566539,151.92233139222267,41622100
2018-04-12,153.82847595214844,154.35953795455222,152.83272746246416,152.91807361206028,30467900
2018-04-13,153.03189086914062,154.82423262467816,152.36806326900754,154.5966428591219,44604900
2018-04-16,154.19834899902344,154.75785980962135,153.13621034985627,154.1035102814768,28180800
2018-04-17,157.51747131347656,157.85887037265869,155.44062824264807,155.75357858609453,35536100
2018-04-18,157.83990478515625,158.3709667896733,156.76828822367082,157.51747634960722,29573900
2018-04-19,156.38897705078125,157.4131743573175,155.8484224430167,157.04332653582017,34705700
2018-04-20,153.91383361816406,156.10447177716878,153.37327902290036,155.99067690252605,49197100
2018-04-23,153.5249786376953,155.2699004953339,152.6999370521454,154.66297052440083,33040600
2018-04-24,150.2722625732422,154.49232493297612,149.25754330801686,154.25524261534662,70256800
2018-04-25,150.45237731933594,151.07827787921,148.38502722019862,150.537737919574,52089300
2018-04-26,153.61978149414062,154.1318726590954,151.90329427839276,152.39642928674266,43005500
2018-04-27,153.7146759033203,155.91480658376165,152.84221477946244,155.8768653125236,51043400
2018-04-30,152.6240997314453,155.03284946885802,152.24475937925305,154.07504221148793,35615300
2018-05-01,154.3690643310547,154.38803497146245,151.86547520050595,152.2258450164594,36513500
2018-05-02,153.45863342285156,155.11820947238124,153.27844856507443,154.63455233406268,38646800
2018-05-03,153.43968200683594,154.00867089858772,150.9929907023404,152.68101568081028,60337100
2018-05-04,156.35101318359375,156.7113828700259,152.66201358471108,152.77582291589437,41543200
2018-05-07,157.65025329589844,158.16234470304425,156.95796255299328,157.08124998097605,32500200
2018-05-08,157.4889678955078,157.83035236575955,156.3414837014381,157.3182611900331,26040200
2018-05-09,159.20555114746094,159.31934604983883,157.2140535336944,157.77356443086424,29122700
2018-05-10,160.85556030273438,160.96936962254077,159.5942809966587,159.71756839713558,27067600
2018-05-11,160.7037811279297,161.0831068038791,160.00201271004156,160.66583987812655,24688800
2018-05-14,160.97885131835938,161.99357031662134,160.71332035010164,161.0736900086025,21821700
2018-05-15,159.1959991455078,159.79345110061075,158.351986837203,159.70810495569702,49361600
2018-05-16,160.2486572265625,160.61850501973626,159.328776784759,159.40464485391703,22941200
2018-05-17,159.63226318359375,160.84612345679966,158.85462625869465,159.68916062290717,27480200
2018-05-18,158.80722045898438,159.5658722726055,158.5701381496388,159.01583957848112,26217900
2018-05-21,159.6986083984375,160.74177615573097,159.01581031554596,160.04000743988325,22954600
2018-05-22,159.49000549316406,160.69438768612574,159.20551829592233,160.42885665512952,19477700
2018-05-23,160.83660888671875,160.85556504861896,158.257152773736,158.27610893563622,26557800
2018-05-24,160.78921508789062,161.0737167354747,159.1675658259098,160.78921508789062,27696500
2018-05-25,160.95037841796875,161.5288596126725,160.4667358992559,160.77019361579622,27460500
2018-05-29,160.23916625976562,161.14007599425048,159.2813590955759,160.22019562641287,41220500
2018-05-30,161.38665771484375,161.67115937139093,160.4762697783192,160.81766887210475,22665800
2018-05-31,161.2823028564453,162.35390467286058,160.8650358254798,161.38660514383605,35670900
2018-06-01,163.8143768310547,163.90920106051405,162.04099154295287,162.0884108928595,45543300
2018-06-04,165.2937469482422,165.33167374113904,164.12730633449826,164.23160863255265,20459600
2018-06-05,165.805908203125,166.08093183149725,165.0757049865134,165.6826352214296,24779300
2018-06-06,166.7731475830078,166.80159629692582,165.14202045672715,165.97655465259714,25036600
2018-06-07,165.4169921875,166.83948544382002,164.5824726502967,166.801558657272,39600300
2018-06-08,165.426513671875,165.84378074863625,164.23160986654014,164.63939886259396,31780300
2018-06-11,165.87228393554688,166.28005859516657,165.27483183666905,165.3032805584864,22319700
2018-06-12,166.74472045898438,166.90593468217799,165.91967870783034,166.0998490958551,22511800
2018-06-13,166.73521423339844,167.98700100764165,166.36535202629776,167.00074519976374,37858600
2018-06-14,168.42327880859375,168.69828792123138,167.3801108564734,167.50339828818468,35916000
2018-06-15,167.83531188964844,168.16723292572564,167.01027004672497,167.7878925315865,49615700
2018-06-18,167.73834228515625,167.88089031659635,166.2557847528763,166.77848503703288,31633200
2018-06-19,167.26315307617188,167.3011610485608,165.08683774911597,165.61903637051,38236000
2018-06-20,168.45114135742188,169.14489940249942,167.88092012775402,168.03298105584255,33038000
2018-06-21,166.987548828125,169.04982565555568,166.66441581956997,168.8787535332237,43469400
2018-06-22,166.61692810058594,167.61479333729017,166.0181973575027,167.54827575546196,30073200
2018-06-25,162.86300659179688,165.3529568706742,161.38044896848186,165.105854265904,77799700
2018-06-26,163.52825927734375,164.4691052867466,162.862996460954,163.46172719517452,39008100
2018-06-27,161.304443359375,164.96333163540305,161.1904049096549,164.22205270956462,52843500
2018-06-28,162.69195556640625,163.24316551313595,160.77222637280659,161.1048578152334,46407700
2018-06-29,163.1291046142578,164.33606451632326,162.8915148816409,163.47123440927925,36408500
2018-07-02,164.2220001220703,164.26952096134607,161.2473724995618,161.59900060781902,31770000
2018-07-03,162.32127380371094,164.83971863488026,162.15971455994944,164.83971863488026,25512700
2018-07-05,164.3360595703125,164.46910923652052,162.53988182584095,163.37620229990637,31626200
2018-07-06,166.89248657226562,167.0160378397544,164.41204986420365,164.7161715991537,37005600
2018-07-09,168.39405822753906,168.43206619447267,167.0920714655523,167.7573196468111,27362100
2018-07-10,168.5176239013672,168.89776160848643,167.93790447214974,168.7076927549268,23902500
2018-07-11,167.6623077392578,168.2800496968358,167.07308988859677,167.19662667905212,30280600
2018-07-12,170.55142211914062,170.55142211914062,168.2895631966601,168.40360162928044,27930100
2018-07-13,170.69398498535156,170.96958272189627,170.0667445488083,170.54192406109962,28049800
2018-07-16,170.28529357910156,171.01707396169388,170.0001975221536,170.73196340342054,21405300
2018-07-17,171.3212127685547,171.68233931032128,168.479634274446,168.479634274446,31034100
2018-07-18,170.99807739257812,171.48276973361803,170.47539157578655,171.34020719158946,23220800
2018-07-19,170.1427459716797,170.95055680523234,169.94317873132223,170.38033568727454,31094100
2018-07-20,170.1047821044922,171.22619889223753,169.91469868166897,170.65599212775538,35897300
2018-07-23,170.6464385986328,170.72246904938171,168.91679297340386,169.60105252881826,22184700
2018-07-24,171.34970092773438,173.01282888973145,170.64643016904148,172.40459981511123,36900300
2018-07-25,173.74461364746094,173.84913920072938,171.340192391803,171.42573571016183,35026600
2018-07-26,171.1121368408203,171.93894451102202,170.88404546568697,171.38773456377848,40873500
2018-07-27,168.80270385742188,172.30952970176955,167.83334844617394,172.19549130075748,59456100
2018-07-30,166.41734313964844,168.90727875110102,165.6190451651664,168.81225156442017,60193000
2018-07-31,167.69082641601562,168.33707801414397,166.14175125688033,167.07309892634723,47285100
2018-08-01,168.32757568359375,168.83126477626385,167.3582199776968,168.08048757252087,37101900
2018-08-02,170.61795043945312,170.81753221042274,167.06360255210978,167.13963301241594,47178200
2018-08-03,171.1406707763672,171.15016914701684,170.19031166354952,170.9410889820906,28934400
2018-08-06,172.14801025390625,172.19553109908531,170.81751359684836,171.02659371457545,24808800
2018-08-07,172.77528381347656,173.09840242067412,172.26208178902985,172.6327212505397,29895700
2018-08-08,172.98431396484375,173.29793411104862,172.07196313030923,172.5376441658239,22680700
2018-08-09,172.87979125976562,173.56405082898172,172.62319029597808,172.87979125976562,18852900
2018-08-10,171.5587921142578,172.2240404417664,170.91254052373094,171.71083851674123,33818500
2018-08-13,171.3687286376953,172.97482304284017,171.29269818339372,171.87241770878288,26089200
2018-08-14,172.44261169433594,172.64219343487977,171.1026022257104,172.0244514770634,20913000
2018-08-15,170.33282470703125,171.6158150460653,169.27792572865306,171.07410350250498,58528000
2018-08-16,170.89356994628906,172.0054882856159,170.56093848095423,171.64434720911845,27711800
2018-08-17,170.93154907226562,171.35920766883967,169.42048193041867,170.4468712629918,36092600
2018-08-20,170.77952575683594,171.37825662460662,170.11427729338456,171.31172452759702,24939000
2018-08-21,171.40672302246094,172.43311232215535,171.18814454700504,171.29268460071444,26258700
2018-08-22,172.07196044921875,172.27154217599377,170.82699275270716,171.0455712143565,18042400
2018-08-23,171.8248748779297,173.01282338441243,171.5397643361089,171.76785566983042,25776200
2018-08-24,173.42144775390625,173.56401025660765,172.35705067341766,172.39505864001111,23136100
2018-08-27,175.18914794921875,175.18914794921875,174.02021061728036,174.2958083048027,29343600
2018-08-28,175.4457550048828,175.83540562952786,175.07511561838103,175.65483512048132,20277000
2018-08-29,177.47003173828125,177.5650589304477,175.6833523101655,175.74986989454936,29175600
2018-08-30,177.1564178466797,178.2113168761006,176.56718542847278,177.12790823788401,29315500
2018-08-31,177.3844757080078,177.88816474452395,176.74773701092755,176.9378058829727,28653200
2018-09-04,176.62417602539062,177.14686172658463,175.67381729402197,176.84275447323486,29063500
2018-09-05,174.34336853027344,176.33912837825176,173.7446521769428,176.31061876625165,42623300
2018-09-06,172.78477478027344,174.62847363849232,171.61583722118763,174.41939348954,46091400
2018-09-07,172.11947631835938,173.6020336699037,171.48273768667426,171.5397568922992,46629500
2018-09-10,172.69918823242188,173.20287719529824,171.75832787656364,173.1078355225081,26132000
2018-09-11,174.0297393798828,174.31484998660366,171.55881462473369,172.0054845249532,30116500
2018-09-12,173.51651000976562,173.8966477260934,172.02443974546424,173.77311094401526,36204000
2018-09-13,175.3697052001953,175.70233657502786,174.5238864627353,174.599916905592,31133200
2018-09-14,174.85655212402344,175.7688886145494,174.1627796349154,175.49329089381243,31224100
2018-09-17,172.3380584716797,174.68544582910246,172.176499218501,174.56189454671465,33071200
2018-09-18,173.76361083984375,174.60942964693217,172.39509175841403,172.48063507699746,31877300
2018-09-19,173.6305694580078,174.20079060290038,172.49964003814404,173.79212873208462,31843400
2018-09-20,175.55029296875,175.7878826880666,174.4098652162955,174.82802544250478,33295800
2018-09-21,174.5904541015625,176.27257905043945,174.37186109582643,176.02549093681753,38605400
2018-09-24,175.0760040283203,175.14265584526314,172.6101482950509,173.32420019269114,34945600
2018-09-25,175.3140106201172,175.44729971843907,174.40001785489423,174.99982606105374,25277500
2018-09-26,175.4377899169922,177.0753500505911,175.0950444349035,175.46635082988104,36210600
2018-09-27,176.9230194091797,177.55138856147443,176.05663295926632,176.15184568928296,33113300
2018-09-28,176.88491821289062,177.3514373189477,176.1042290763914,176.42792909573444,28076800
2018-10-01,177.2467041015625,178.5415186696014,176.79923045858732,177.9131495717101,27371300
2018-10-02,176.84683227539062,178.2082840917509,176.4374495426125,177.0943650072503,25618600
2018-10-03,177.03724670410156,178.00836125632804,176.76115305644254,177.58944852684127,29128700
2018-10-04,173.6383819580078,176.43746767580012,172.38164366535705,176.323209495381,80557300
2018-10-05,171.5152587890625,174.20010087836258,169.87769861986308,173.61933809129275,83325600
2018-10-08,170.46800231933594,171.98178894204224,168.44960562830366,170.9154760295584,66864500
2018-10-09,171.02017211914062,172.34354754864228,170.1823466866776,170.59172941463584,49097900
2018-10-10,163.49879455566406,170.0585489533993,163.27982276773452,169.9538207891862,114471100
2018-10-11,161.47093200683594,165.0887831180603,159.7667201103321,162.82286844277954,143084500
2018-10-12,165.96469116210938,166.47880207994544,162.7371629925142,165.82187208179496,102078400
2018-10-15,163.95578002929688,165.6980532085638,163.33692657175004,165.38388327798074,64885300
2018-10-16,168.72564697265625,169.13502961521894,165.37436046929005,165.67902948205884,71979700
2018-10-17,168.7923126220703,169.71582074711415,167.05955453469255,169.5444552941801,66987600
2018-10-18,164.8793182373047,168.21156005643297,164.1747964073816,168.15443823534963,82486200
2018-10-19,164.7270050048828,167.63081875800606,164.1271968039725,166.21223052387776,82923700
2018-10-22,165.57435607910156,166.8501253052679,164.3176177769631,165.71716064642507,52909300
2018-10-23,164.96507263183594,165.7838529149309,160.7283666141926,162.4611254060194,77567000
2018-10-24,157.41510009765625,165.05069827895215,157.1294764647299,164.77460463449026,102997400
2018-10-25,162.8609619140625,163.8320766068038,159.14789768802768,159.86194961822082,83481100
2018-10-26,158.67181396484375,161.81364439089802,156.35827887271117,157.28178691216328,130970900
2018-10-29,155.40625,161.7184733859481,152.41675332095778,161.09963422268467,111871900
2018-10-30,157.96731567382812,158.08155932598135,154.24472171532688,154.94925813425803,92584000
2018-10-31,161.68035888671875,163.04181053584207,160.46169724420298,160.53786450482394,73828600
2018-11-01,163.81298828125,163.98436825390317,160.69020315269333,161.91838028654476,52706800
2018-11-02,161.2614288330078,164.27948538859604,160.15702546418808,163.30837107963953,75966800
2018-11-05,160.86158752441406,161.52803293091299,159.0716931234567,161.47091111427312,39573500
2018-11-06,162.0802459716797,162.98470869533497,160.63309689737844,160.87111416820463,34410400
2018-11-07,167.16432189941406,167.16432189941406,163.63213856362262,164.02249044560256,51169600
2018-11-08,166.09800720214844,166.89774188294302,165.30778798395005,166.38361635427236,40296500
2018-11-09,163.2989044189453,164.94597997817758,162.00408979588408,164.54611267909692,50602700
2018-11-12,158.357666015625,162.4610817938873,158.21484692436925,162.15642721523568,62578400
2018-11-13,158.4910125732422,161.35673656993905,158.04353874111828,159.10033647885783,64128100
2018-11-14,157.28182983398438,160.6140720530409,156.37736699429652,160.0618701705922,75270700
2018-11-15,160.03334045410156,160.46176877458643,155.62526905221483,156.99623677228118,73254300
2018-11-16,159.47161865234375,160.24279251367744,157.83405818219728,158.47194291351556,65390700
2018-11-19,154.29234313964844,158.90035490695985,153.79726305295634,158.70994395897802,67280500
2018-11-20,151.53134155273438,153.64493639742926,149.5986421854341,150.7791987285593,102652800
2018-11-21,152.68331909179688,154.20663548445114,151.59796088344277,153.61635728282297,42965800
2018-11-23,151.57891845703125,153.13078111570005,151.46466029342952,151.46466029342952,23503700
2018-11-26,155.08255004882812,155.15871732745188,153.0546380218114,153.70205262640192,42012600
2018-11-27,155.606201171875,155.99655305253083,153.45451536064698,154.23521912195864,36608100
2018-11-28,160.61407470703125,160.61407470703125,155.63475674795546,156.72963054133936,70141000
2018-11-29,160.09043884277344,161.14723629312792,158.82419952230057,159.93811880336224,44885700
2018-11-30,161.25193786621094,161.34715058661743,159.50964968020662,160.3093987603254,36722800
2018-12-03,164.07009887695312,165.00312269293354,161.38525656509674,164.8127117446104,50771700
2018-12-04,157.77688598632812,163.6701957996208,157.58647507956982,163.21319219049573,70594700
2018-12-06,158.89080810546875,158.90985355473777,154.01621906693325,154.5969817865573,71715500
2018-12-07,153.64488220214844,159.10974833623018,153.14980231139683,158.19577033667778,80432200
2018-12-10,155.25393676757812,155.92989778751638,151.7693598889099,153.35931376441266,73960800
2018-12-11,155.76800537109375,157.82447784090527,154.45414553858868,157.78638694660157,59058300
2018-12-12,157.13900756835938,159.5667866743304,157.05332483609985,158.04347030619365,53780000
2018-12-13,157.1865997314453,158.8241595946881,156.16787891518905,158.16722965185673,46378500
2018-12-14,153.35928344726562,155.95842787134256,152.99749256154345,155.38719516103572,56547400
2018-12-17,149.88424682617188,153.92102545443825,148.68464486689876,152.702378043532,74834100
2018-12-18,150.82676696777344,152.28343135366674,149.51290711876385,151.04573876680175,63642100
2018-12-19,147.1232147216797,153.01652388824098,145.99025033878092,150.59826060278556,81856500
2018-12-20,144.9906005859375,148.39900979512382,143.18167506025776,146.76144973870086,99002100
2018-12-21,140.4968719482422,146.70435325265942,139.6876072416377,145.71420758418486,141129400
2018-12-24,137.01278686523438,141.29025515634567,136.97460155799425,139.4761543982672,56163300
2018-12-26,145.56773376464844,145.64410437689799,137.57610718480598,138.5213574124602,98982100
2018-12-27,146.13107299804688,146.25518618235523,140.4309575665825,143.57222015706,85824300
2018-12-28,146.05467224121094,148.55622499705024,144.86118110670995,147.18132087906773,77856600
2018-12-31,147.2863006591797,147.97375249402828,145.80638379011006,147.4868135147517,53015300
2019-01-02,147.8783416748047,148.7090069068481,144.05916974782303,144.16419755857441,58576700
2019-01-03,143.04710388183594,146.33157978497172,142.73202042234897,145.70142743498377,74820200
2019-01-04,149.16732788085938,149.9025226764872,144.8803160150912,145.453183156539,74709300
2019-01-07,150.94320678710938,151.67840140294462,149.05272091537373,149.53966005187098,52059300
2019-01-08,152.30859375,152.8719181615784,150.09346684693196,152.32767912162282,49388700
2019-01-09,153.5498046875,154.218156819009,152.26082841538826,152.90053792476,46491700
2019-01-10,153.989013671875,154.07494154520555,151.5256459868379,152.38496842709827,38943400
2019-01-11,153.42567443847656,153.5879874842633,152.5663520814495,153.08194840946246,30176600
2019-01-14,152.0699005126953,152.7287100801181,151.4206336313995,152.1271857674301,30710200
2019-01-15,155.03933715820312,155.24939284490188,152.68099659580363,152.76692449427424,40874200
2019-01-16,155.01063537597656,156.37598224953632,154.9533355632049,155.2970615949166,33812200
2019-01-17,156.2327880859375,156.92978291818682,154.26591677611984,154.51415771896586,39329000
2019-01-18,157.77955627441406,158.51475102441884,156.41420916481994,157.33080236185145,57183200
2019-01-22,154.61915588378906,156.71969723216404,153.49249274911702,156.6433120561708,56711700
2019-01-23,154.81967163085938,156.1181906307849,153.072413346114,155.41165316912387,38106100
2019-01-24,155.82223510742188,156.05139070228836,154.73377152753312,155.32573860303793,32417800
2019-01-25,157.68402099609375,158.16141738369194,156.53827257965438,157.07295420272732,36515900
2019-01-28,155.73631286621094,155.74585555297276,154.43779358621956,155.65038497839228,33491200
2019-01-29,154.26588439941406,155.8603866758222,153.71210281022724,155.82218680402596,30784200
2019-01-30,158.1901092529297,158.76299092400328,155.5262429911055,156.0131822132278,41346500
2019-01-31,160.55801391601562,161.35049395073642,158.94441121860712,159.16400955601583,37258400
2019-02-01,159.88006591796875,160.97808647874677,159.44086934884416,159.76549543367247,32143700
2019-02-04,161.8660430908203,161.8660430908203,159.76550157375559,159.9087146846299,26718800
2019-02-05,163.29824829101562,163.48920398033678,162.01882914668008,162.08565708189914,28156400
2019-02-06,162.81130981445312,163.62287513988616,162.07611510989648,163.33644888913645,27970000
2019-02-07,160.62484741210938,161.78969621966328,159.40271334664087,161.38868484527399,42036200
2019-02-08,160.93991088867188,160.9685535140678,159.03988208214375,159.22128051998942,29020700
2019-02-11,160.78712463378906,161.9137878744139,160.38611334884993,161.52231927400283,21434100
2019-02-12,163.16461181640625,163.4033101199921,161.67513673306846,161.96157761116916,29722100
2019-02-13,163.2791290283203,164.37714960769725,163.09773061477298,163.8901959032232,26094100
2019-02-14,163.47962951660156,164.06205372565546,162.1524680656732,162.69669240289727,30326800
2019-02-15,164.16708374023438,164.75905064076144,163.40324655211333,164.72086533739756,32521700
2019-02-19,164.49176025390625,164.98825676378974,163.6324522593657,163.66109488791793,19487700
2019-02-20,164.4630889892578,165.25556890218667,163.5751385207738,164.6063021070828,32593000
2019-02-21,163.86155700683594,164.47262389563062,162.99270651814774,164.0238700556894,25207400
2019-02-22,165.0741424560547,165.18871294097903,164.1288922484789,164.21483468115548,27735400
2019-02-25,165.67567443847656,166.76413780344336,165.5610893791752,166.33448389576932,32608800
2019-02-26,165.84756469726562,166.37270383550796,164.99779938955967,165.27469755744522,21939700
2019-02-27,165.74252319335938,165.94303614559277,163.9952501515587,165.0837136532886,25162000
2019-02-28,165.360595703125,165.9525626785042,164.89274190610905,165.22692527097536,25085500
2019-03-01,166.50634765625,166.75458858689657,165.35104173692716,166.5540902191779,31431200
2019-03-04,166.5349884033203,167.84305011269169,164.6731450219927,167.60435186972703,38063500
2019-03-05,166.65914916992188,167.17473106651846,165.83802646868477,166.65914916992188,22319900
2019-03-06,165.71388244628906,166.85008852752858,165.44654155293694,166.82144590102558,27194600
2019-03-07,163.68020629882812,165.3510945521146,163.06913917752863,165.29380928589737,39407400
2019-03-08,163.4319305419922,163.51785842304912,161.68465744890344,161.84697052500638,39303200
2019-03-11,166.83099365234375,166.94557873082096,164.08119944166066,164.10984206903333,30518400
2019-03-12,167.74757385253906,168.17722776146795,166.86916609657797,167.27017738284385,33953500
2019-03-13,169.00787353515625,169.8862811901753,168.37772134000028,168.61641954741793,42426100
2019-03-14,168.7214813232422,169.3229910201753,168.67373875834647,169.1224926441927,23751500
2019-03-15,170.2873077392578,170.79334677566342,169.26567241395963,169.38024289194357,38192000
2019-03-18,170.69290161132812,171.20943636618364,169.87028462013257,170.2146362582028,32935100
2019-03-19,171.26683044433594,172.17553172042693,170.5398577470626,171.3911695145269,36893300
2019-03-20,171.9459228515625,172.99811227296433,170.4920069544405,171.27635439953295,50105000
2019-03-21,174.6338348388672,174.88252759202663,171.41031612388772,171.4294508265928,42428500
2019-03-22,170.798095703125,174.3468305286079,170.61635256012073,173.8781252964126,70794500
2019-03-25,170.47288513183594,171.0659294347799,169.23895248122832,170.17636298036396,46336500
2019-03-26,171.26683044433594,172.83554026063536,170.39638397549584,171.79292526591516,33248100
2019-03-27,170.16677856445312,171.90767116676668,168.92330052908386,171.5250647859604,37096700
2019-03-28,170.5589599609375,171.19983367769865,169.53547986254216,170.60678940751626,30368200
2019-03-29,171.8502960205078,172.0129044757049,170.82680124335678,171.8789907716897,35205500
2019-04-01,174.12684631347656,174.3372842400806,172.91206280458104,173.61988619815784,30969500
2019-04-02,174.78688049316406,174.9590636381496,173.87817909249821,174.3181897114589,22645200
2019-04-03,175.79124450683594,176.88168912961555,175.2460294931976,175.77210980243544,31633500
2019-04-04,175.72425842285156,176.47991124137732,174.7103236373424,175.83903743439978,28530800
2019-04-05,176.63296508789062,176.73818405021353,176.02078601496646,176.2312239396123,25674700
2019-04-08,177.08251953125,177.22599328700653,175.64772359168842,176.34598686220198,22697500
2019-04-09,176.46075439453125,177.06337332052863,176.08770805831813,176.47988909255446,25631900
2019-04-10,177.40773010253906,177.46511960279116,176.499028959051,176.69033215839082,24563000
2019-04-11,176.9868927001953,177.70429079996765,176.66167573121893,177.70429079996765,20654100
2019-04-12,177.75209045410156,177.86686946025878,177.01555777509446,177.7712251536275,24989100
2019-04-15,177.78082275390625,177.98170065260715,176.59471925627292,177.76168805033893,21073000
2019-04-16,178.39300537109375,178.7851865265728,177.84777577511028,178.43126018346854,27195700
2019-04-17,179.01466369628906,179.7607562622155,178.488583637479,179.5885877910768,29651600
2019-04-18,179.24424743652344,179.62685379325575,178.19205806226415,179.3112115764749,28580900
2019-04-22,179.75123596191406,179.8182001124958,178.32600005516667,178.45992835633018,17936000
2019-04-23,182.037353515625,182.2573514878714,179.95212361455012,180.21037639242633,33665600
2019-04-24,181.46343994140625,182.41997061200553,181.40603584095052,182.19039799668178,24977100
2019-04-25,182.19998168945312,182.90781973191847,181.21475613854287,182.82173546331504,29517500
2019-04-26,182.3625946044922,182.4008640106914,180.39214345478985,181.91302395241425,26359500
2019-04-29,182.7165069580078,183.0034691005473,182.0660584618849,182.36258065749206,21716200
2019-04-30,181.30084228515625,181.59737909480913,180.0286691590567,181.2434527721595,31495300
2019-05-01,180.7173614501953,183.00348412969038,180.59302236810086,182.48694931159875,34797100
2019-05-02,179.93299865722656,181.59736740449787,178.74689528147567,180.65995676755728,44110100
2019-05-03,182.80258178710938,182.93649550064933,181.09995831688713,181.4251752504127,30386200
2019-05-06,181.68345642089844,181.932149166214,178.64168098880194,178.91908308502047,38371800
2019-05-07,178.1442413330078,180.4686033868293,176.4894330986486,179.7033760859489,58818100
2019-05-08,177.69473266601562,179.0338699618569,176.91994504517163,177.5608189364315,37165300
2019-05-09,176.7381591796875,177.3503381664661,174.17464963814712,175.71466445425392,55351700
2019-05-10,176.95814514160156,177.80945671548992,173.16071783227443,176.1068335677132,58526400
2019-05-13,170.8172607421875,173.380756111166,170.31986067227348,172.45292012875942,67185800
2019-05-14,172.69204711914062,173.73467668053587,171.08508254001813,171.71639630845922,43360600
2019-05-15,175.13119506835938,175.57120559405928,171.51551034054117,171.5537797404279,40944500
2019-05-16,176.89120483398438,177.98166377886764,174.99727824726477,175.2077161564002,39281200
2019-05-17,175.08334350585938,177.51293924936002,174.93030971213705,175.14074759844019,44702300
2019-05-20,172.127685546875,173.30421414595432,171.54420127333987,172.64422026534834,38608300
2019-05-21,173.92601013183594,174.40427556762864,173.05556353577254,173.6103531927524,31613800
2019-05-22,173.1511993408203,174.15555954097664,172.89293195323705,172.95989611114788,24332600
2019-05-23,170.50161743164062,171.23815024445332,169.43986764530095,171.16162602794665,45351300
2019-05-24,170.41549682617188,172.03203589088756,170.20505892452258,171.41985688486199,25903300
2019-05-28,169.774658203125,171.85032830302978,169.75552350024287,170.89379749594914,24763800
2019-05-29,168.3780975341797,169.30593347850984,167.4789563431381,168.72244916914244,42178800
2019-05-30,169.0859375,169.56420285445284,168.1294067910943,168.82767012185536,30354800
2019-05-31,166.3885040283203,167.67025159932712,166.31197982468566,167.09634196531633,45446200
2019-06-03,162.72500610351562,166.3885206181118,161.91196372539434,165.93894999912084,75842300
2019-06-04,167.3067626953125,167.36415219327017,163.92063636083043,164.5519500293607,47797800
2019-06-05,168.55026245117188,168.93286885070958,166.79980971206464,168.90417410051919,34412700
2019-06-06,169.8894500732422,170.30075134554082,168.09116734941784,168.83726026770606,29913200
2019-06-07,173.1703338623047,173.86861187221265,170.5781435041325,170.79814150679422,45888300
2019-06-10,175.18861389160156,176.8147279624376,174.28948718078303,174.32774199157237,41385300
2019-06-11,175.42767333984375,177.34073418147997,174.8346291494952,177.01551734132084,41260300
2019-06-12,174.41383361816406,175.31297496240478,174.08861662848204,174.94948856481744,27758100
2019-06-13,175.44683837890625,175.87727422362002,174.79640458609404,175.14075618096476,23715800
2019-06-14,174.70074462890625,175.1503151693559,174.03117614169346,174.54769623311523,22844100
2019-06-17,175.75291442871094,176.24073971574342,174.892028245393,175.08333142096475,20379500
2019-06-18,178.306884765625,179.55993760149545,177.36947420516495,177.82861943312486,48177300
2019-06-19,178.97645568847656,179.37819682165104,177.50340486683677,178.54601980261103,31672900
2019-06-20,180.6408233642578,181.51125518377071,179.0242841922342,181.47300037888544,40922000
2019-06-21,180.373046875,181.52088108716606,179.9904257406087,180.43043639628272,39980400
2019-06-24,180.37876892089844,180.9156081441759,180.28289850483958,180.7334631303271,19375200
2019-06-25,177.28231811523438,180.3595768290091,177.01389852604305,180.25412523127173,33921100
2019-06-26,178.1067657470703,179.58308821367626,177.81918375934194,178.46147457822113,22595700
2019-06-27,178.78741455078125,179.20922097917295,178.29851053302093,178.74907516082374,19709200
2019-06-28,179.01747131347656,179.41050486317803,178.3751805645152,179.2187786829727,21179200
2019-07-01,181.43324279785156,182.68908069525745,180.58964470132267,182.44941931928807,31025600
2019-07-02,182.1522674560547,182.17144446617473,180.8581045145205,181.37576676557964,18035800
2019-07-03,183.5230712890625,183.5230712890625,182.42062034101198,182.61236111651115,15792100
2019-07-05,183.14926147460938,183.48477868848337,181.55790612310952,182.26730919767232,21415600
2019-07-08,181.8646240234375,182.0179961692824,181.11686715901726,181.9604797861196,17598800
2019-07-09,182.7753448486328,183.00541039466066,180.84845813403743,181.00184491656844,19193500
2019-07-10,184.5968017578125,185.10488277585458,183.5518815228031,183.88741334729346,28374500
2019-07-11,184.4625701904297,185.34452231821808,183.8777958349888,184.87479537267646,23736100
2019-07-12,185.52667236328125,185.53625355279647,184.4913334125983,184.6638972182639,20211900
2019-07-15,186.12100219726562,186.15935620556544,185.44037214151044,185.958034231412,15606100
2019-07-16,185.16238403320312,186.0635131999019,184.5967866635587,185.89096402045934,20190900
2019-07-17,184.2516632080078,185.48832410149578,184.2324862021248,185.16237351256254,16765100
2019-07-18,184.4625701904297,184.81726435384192,182.80411752772812,183.37929606614497,28877000
2019-07-19,183.11087036132812,185.81425767305612,182.91914418827216,185.72798308934637,29387900
2019-07-22,184.56802368164062,184.96107186165185,183.52310355916498,183.52310355916498,18954900
2019-07-23,185.77590942382812,185.7950864300593,184.33794113965416,185.57460205559488,23786700
2019-07-24,187.07969665527344,187.08929247374786,185.0473725156966,185.06654952487338,20422900
2019-07-25,185.3061981201172,186.47574692684879,184.9514892998651,186.44698872895958,23434700
2019-07-26,187.21388244628906,187.4631396502938,186.38944669071915,186.4853170965318,20431200
2019-07-29,186.5715789794922,187.10841810883542,185.39244913270122,187.04132053155212,20451700
2019-07-30,185.766357421875,186.49492286766355,185.0090337761061,185.14324358527168,18705000
2019-07-31,183.1971893310547,186.38946646901962,181.49080124646582,186.2648524815643,41627500
2019-08-01,182.2864532470703,186.91671320615882,181.40450105883025,183.51351843312352,63251600
2019-08-02,179.60226440429688,181.1744426503962,178.5094089725909,180.9156042348478,55214000
2019-08-05,173.25604248046875,175.92107649799635,171.7893156516774,175.84438308258444,75040000
2019-08-06,175.68136596679688,176.1990427192213,173.58194464613536,174.85693026622062,41897200
2019-08-07,176.63038635253906,176.87962885018885,172.4506925001445,173.77362761883953,49990600
2019-08-08,180.474609375,180.5321403964102,176.9372195162246,177.42612348993245,38418100
2019-08-09,178.77784729003906,180.22539707501565,177.37821808930022,179.61186439348822,33608900
2019-08-12,176.72630310058594,178.2121919176907,175.91144857759286,177.67535278018582,24642900
2019-08-13,180.5992431640625,181.83588954612682,176.4099665923143,176.57293458822846,40241900
2019-08-14,175.2020721435547,178.2601540798423,174.87613613616753,177.69455666212252,51000500
2019-08-15,175.00079345703125,175.99777865133785,173.66827638211072,175.43218114083916,36685000
2019-08-16,177.8095703125,178.26013488563237,176.48664941679456,176.59210101109724,32781400
2019-08-19,180.63755798339844,181.02102494613362,179.7460247221059,180.37873423979224,22494100
2019-08-20,179.2379608154297,180.83889713897352,179.19002561206494,180.1870251820782,19902900
2019-08-21,180.82933044433594,181.40450904750693,180.18703962552067,180.8101534358988,20418500
2019-08-22,180.24449157714844,181.62494313561666,178.82568601551927,181.16478286428307,24243700
2019-08-23,174.54058837890625,180.65673655286332,174.05166982565626,179.01746098475311,55372400
2019-08-26,177.17686462402344,177.22478519580514,175.5088162229292,176.52497809122357,27598900
2019-08-27,176.802978515625,178.71068828315927,176.11276722889778,178.41351052537289,28012800
2019-08-28,177.43568420410156,177.73286195546027,175.3458441282444,176.22779619374302,21792400
2019-08-29,180.14866638183594,180.66634315998814,178.9599406577178,179.6405854207639,25358900
2019-08-30,179.71726989746094,181.15523812219482,178.70110802575874,181.11688411131783,26319800
2019-09-03,177.97254943847656,179.439276033367,177.37819384853353,178.51898445073076,27964200
2019-09-04,180.54173278808594,180.6951195991559,179.17086193427667,179.68853876469495,21592100
2019-09-05,183.84906005859375,184.37631808726545,182.4686079936248,182.53572020989742,33932600
2019-09-06,183.66690063476562,184.2229168188488,183.26427125203722,184.15581923561265,19487800
2019-09-09,183.28346252441406,184.31880157248523,182.35357508201045,184.24210816583866,24407600
2019-09-10,182.7561798095703,182.85205021187136,181.09772716970377,182.29603405961853,23744700
2019-09-11,184.47219848632812,184.5680689144306,182.6795355774463,183.10134205665935,25063600
2019-09-12,185.23904418945312,186.65784989539478,184.98980165462066,185.60333411770407,28689900
2019-09-13,184.57762145996094,185.40205727926062,184.3379600546735,184.97066967529747,27669800
2019-09-16,183.75318908691406,184.1366561192286,183.20676867905178,183.38891369092974,20319000
2019-09-17,184.6350860595703,184.6350860595703,183.37924846034088,183.77229653427298,20953400
2019-09-18,184.5584259033203,184.63511929455845,182.24808686099064,184.25165233836776,29781300
2019-09-19,184.8651885986328,186.0155602350535,184.51049445624344,184.88436560377437,26039400
2019-09-20,182.9095916748047,185.31578697359,182.29605904817802,185.12406077047635,29086100
2019-09-23,182.99029541015625,183.5378324634095,182.24104497948383,182.85581493945278,22485900
2019-09-24,180.55999755859375,184.22940093960443,179.77231590994003,183.82595960392908,40820700
2019-09-25,182.5867919921875,183.06708131834836,178.86935729802784,180.3774581603941,34704900
2019-09-26,181.91439819335938,182.5099522947323,180.56957922419545,182.34665567523547,26826000
2019-09-27,179.6570587158203,182.34668239093853,178.42751897701254,182.2506186443283,40773500
2019-09-30,181.3668975830078,181.65507418099682,180.0124778325489,180.38710301275344,26307700
2019-10-01,179.88760375976562,183.07671789190752,179.58982666405052,182.0296904723706,32367600
2019-10-02,176.79449462890625,178.69643615682472,175.80509984143117,178.66761997134614,48544300
2019-10-03,178.73489379882812,178.8693742365975,174.65243413986005,176.77530495445313,39392500
2019-10-04,181.3668975830078,181.626257986925,179.51298736379,179.70510021002576,31887600
2019-10-07,180.81939697265625,182.2602654785214,180.50240414249322,180.84821317019177,21216000
2019-10-08,178.11050415039062,180.45431856770648,177.9664232055835,179.6858526617765,32379300
2019-10-09,179.84915161132812,180.6656493951779,179.08068569545804,179.61862209665486,20147400
2019-10-10,181.24197387695312,181.9624078693441,179.74347351794262,179.89716962073012,25177700
2019-10-11,183.57620239257812,185.03628617190788,183.20157727270774,183.30724151971057,40976700
2019-10-14,183.55702209472656,184.142975821546,183.1343650252475,183.31687736500174,14975000
2019-10-15,185.89122009277344,186.32347763669634,184.0084791285999,184.12374389837407,23234200
2019-10-16,185.4301300048828,185.90081890594303,184.84417633510162,185.25723285180132,20457100
2019-10-17,185.9200439453125,186.8325909439187,185.2092103021219,186.5444143503403,19045200
2019-10-18,184.1333465576172,186.0352884160247,183.19198346812016,185.58381522205525,27700800
2019-10-21,185.76638793945312,185.89126791034508,184.5656640878725,185.1132011996846,15801200
2019-10-22,184.28704833984375,186.75572823000394,184.22940129983235,186.49636785039505,22392300
2019-10-23,184.64247131347656,184.6808880190255,183.61464488848125,183.91243664988434,14828400
2019-10-24,186.43870544433594,186.55398484852535,185.14193306965694,185.9584161224696,18998500
2019-10-25,187.92758178710938,188.02364550238374,185.43968692851325,185.47810362026397,21507100
2019-10-28,189.78152465820312,190.03126982235202,188.80173036347574,188.80173036347574,18818700
2019-10-29,188.31182861328125,189.7526965616271,188.28301242689565,189.46453469777128,18569700
2019-10-30,189.2244110107422,189.5414037533814,187.5914154291581,188.67687409420128,21764300
2019-10-31,189.3108367919922,189.85835898535908,188.2157777479918,189.77191042702745,26801800
2019-11-01,191.0303192138672,191.03993438342292,189.8392107706093,190.12737271186805,22131900
2019-11-04,192.21182250976562,192.6248643556265,191.03030004011185,192.2982710834664,19015900
2019-11-05,192.31744384765625,192.64403704693694,191.6834584674531,192.45192426249335,15048900
2019-11-06,191.88519287109375,192.11573703214864,190.95343037390643,192.0965213544105,19725500
2019-11-07,192.52880859375,193.76796349723455,191.9716857686282,192.84580136772814,17832400
2019-11-08,193.2972412109375,193.3164568883277,191.67386091724669,192.18298109584964,15258800
2019-11-11,193.03793334960938,193.1147667596911,192.05813881246058,192.3174992076144,10147600
2019-11-12,193.59503173828125,194.23863238891317,192.9034285339982,193.2012055965862,14778300
2019-11-13,193.64309692382812,193.82560925998257,192.79779745881342,192.9226627488632,15774600
2019-11-14,193.48931884765625,193.61419874209554,192.32702707896524,192.91298054610138,16945400
2019-11-15,194.91104125976562,194.91104125976562,194.03691106346787,194.66128139952696,18427900
2019-11-18,195.0647735595703,195.3721512004459,193.816017998573,194.60368511234972,18365900
2019-11-19,195.35292053222656,195.80439377470347,194.60367018455648,195.80439377470347,16923300
2019-11-20,194.18099975585938,195.42975513502236,192.71131535536787,194.84380147711423,36629000
2019-11-21,193.74871826171875,194.10414234289703,193.14356365577174,193.96964725572263,17883600
2019-11-22,193.8736114501953,194.34430031571728,192.8265841273138,194.2290208984305,17189600
2019-11-25,196.16940307617188,196.20781977884954,194.6805030095179,194.70931920084348,17752800
2019-11-26,196.54400634765625,196.7937515304405,196.0060846264178,196.29426116487198,14780600
2019-11-27,197.91761779785156,197.92723296496362,196.81295821771764,197.05310287924823,16963100
2019-11-29,197.01466369628906,197.71588192388995,196.9185999797343,197.41810492274158,9854600
2019-12-02,194.99754333496094,197.09159858750058,193.82563574430694,197.024365677098,28007000
2019-12-03,193.47015380859375,193.54700186121127,191.37608468225164,192.3174623338657,31104100
2019-12-04,194.44993591308594,194.9110242345116,194.17137454400037,194.4595510805745,15300100
2019-12-05,194.83421325683594,195.14159087234447,193.88323490235547,195.14159087234447,14962300
2019-12-06,196.9186248779297,197.062705813714,196.10212715577288,196.25582325878756,16555300
2019-12-09,196.0253143310547,197.48538349110228,195.93885110324413,196.5632360907847,13984100
2019-12-10,195.86196899414062,196.80334656728348,195.4201110500064,196.12132931794662,21799800
2019-12-11,196.8994140625,197.10114203484613,195.9964677565774,196.30385997019678,18780800
2019-12-12,198.36912536621094,199.14720651673042,196.42876671747646,196.6977276124945,32612000
2019-12-13,199.02232360839844,199.713941515907,197.84081579026684,198.26345814950494,32519400
2019-12-16,201.02029418945312,201.27003935686736,200.2614288629842,200.32867640263422,21296600
2019-12-17,201.13558959960938,201.44298184384525,200.799381164635,201.27967055330186,15996100
2019-12-18,201.28929138183594,201.84642884722805,201.07796287229863,201.30850706195827,15443300
2019-12-19,202.54762268066406,202.6148555670259,201.35649983126473,201.3757155090542,17865900
2019-12-20,203.3641357421875,204.14220219267574,202.94147874259667,203.5082166932895,27672600
2019-12-23,203.9013214111328,204.2286227820309,203.72804939914496,204.08422943870767,23774700
2019-12-24,204.00717163085938,204.17082228171165,203.5450983408621,204.0841862940331,7089000
2019-12-26,205.807373046875,205.82663038769633,204.3056236218492,204.33450228855762,17067500
2019-12-27,205.63404846191406,206.54857361492807,205.08532455667964,206.52931627903124,18134100
2019-12-30,204.28634643554688,205.65332362183074,203.27554920448603,205.52817296121955,21815500
2019-12-31,204.67141723632812,204.81581055405601,203.31406129350384,203.63174128155072,18170900
2020-01-02,208.0888671875,208.0888671875,205.9902579449058,206.3945739224965,30969400
2020-01-03,206.18280029296875,207.42464165672527,205.31641095610559,205.33566829598263,27518900
2020-01-06,207.51123046875,207.54010912747592,204.31520316105562,204.56548976636128,21655300
2020-01-07,207.482421875,208.0696459491326,206.82781913743477,207.5883152224353,22139300
2020-01-08,209.04193115234375,209.99497129030985,207.12624423887158,207.45354561144848,26397300
2020-01-09,210.8131866455078,211.21750259673692,209.58098145441585,210.7650506465186,23547000
2020-01-10,210.27410888671875,211.66034356288264,209.8986715526782,211.64110091224714,21898500
2020-01-13,212.70001220703125,212.72889087103113,210.8035682627954,211.14050559485497,22756900
2020-01-14,211.86251831054688,212.95033037063425,211.53521696666027,212.59413567141934,24418100
2020-01-15,211.9490966796875,212.9406364565359,211.25597949930219,211.97797533811664,25742100
2020-01-16,213.98033142089844,214.01884609495397,212.55559695077292,213.00804889213782,18805000
2020-01-17,215.03924560546875,215.21251755626315,213.82628319373603,214.94297361788767,24325200
2020-01-21,214.94300842285156,215.4820963868952,214.34616313252403,214.44242044664878,21146300
2020-01-22,215.51101684570312,216.7432223422152,215.24147281140662,216.0308622611665,20736400
2020-01-23,216.2041015625,216.30037356977513,214.38467226174947,215.3858482568453,26496100
2020-01-24,214.3846435546875,217.44591376975796,213.3931037065184,217.21486979666307,37436500
2020-01-27,209.95643615722656,211.09236944455108,209.07077483169581,209.5424841584409,42264400
2020-01-28,213.18136596679688,213.6723326861044,210.88060578812707,211.43895116772254,26731900
2020-01-29,213.5279083251953,214.60608431969396,212.584504330009,214.36541898599006,28924500
2020-01-30,214.2884063720703,214.38466368644922,211.48705852754097,212.15129715965054,39568100
2020-01-31,210.89019775390625,215.21253717410386,210.13930849822043,215.18365851300567,52015800
2020-02-03,214.07662963867188,214.56758162518346,211.7758696650221,211.92026298780607,25408600
2020-02-04,218.9766082763672,219.35204566642642,216.26189584897864,217.00314930234373,30691200
2020-02-05,219.6985626220703,221.6527638820413,218.37972134420056,221.61426389329836,38534800
2020-02-06,221.5950164794922,221.65277380971636,219.467528452275,220.24728178839402,22467100
2020-02-07,220.6419677734375,221.8356730775583,220.00660778790325,220.60346778448653,25884900
2020-02-10,223.3085479736328,223.3181692987934,219.85259735404267,219.9103546830983,21478900
2020-02-11,223.34703063964844,225.2819891472045,222.7598066913871,224.54073587404466,30198000
2020-02-12,225.52268981933594,225.62858316067638,224.10757638917133,224.66592176268944,24471300
2020-02-13,225.23388671875,226.15803342779785,223.6840012924257,223.95354530665193,22773200
2020-02-14,225.8788299560547,226.09061660134358,224.8295327428789,225.59002864983847,23438500
2020-02-18,225.9654541015625,226.38902736994686,224.54071967166917,224.7813849660654,24394500
2020-02-19,228.13148498535156,228.6031943398197,227.04368763707714,227.3132316427599,22230500
2020-02-20,226.01365661621094,228.10263022368954,223.221944255205,227.6309355088368,42604000
2020-02-21,221.67201232910156,225.2723560384982,220.7574870704223,224.8872974103317,66017200
2020-02-24,213.1236114501953,215.87682370236712,212.0357993437528,213.40277679916014,84522600
2020-02-25,207.32835388183594,215.6265040523048,206.72188726776398,214.9141294214852,97743000
2020-02-26,208.39694213867188,212.05505850846635,206.875935317424,208.61836484356425,79537700
2020-02-27,197.96168518066406,208.33917366018667,197.82691317530848,203.0252787407927,121822600
2020-02-28,198.11570739746094,199.43454873734376,190.77059664727153,191.2230486537657,148173700
2020-03-02,208.33917236328125,208.48358038250777,198.25048529776444,201.08071208166103,112933900
2020-03-03,201.65830993652344,211.41007481135986,199.8677591096452,209.00342126389165,131953500
2020-03-04,210.07192993164062,210.17782325205556,203.47769478289422,205.35489588925387,73086200
2020-03-05,203.6894989013672,208.2813973693051,202.2551429797237,204.74843219637864,78705500
2020-03-06,200.25282287597656,201.34062023865172,195.33362267357404,197.02790140158754,89828400
2020-03-09,186.3424072265625,193.64900502027132,184.93691487064567,186.25575652155166,116424000
2020-03-10,196.48880004882812,196.67170804748878,186.44823497394106,193.6008161265127,100599200
2020-03-11,187.9307403564453,193.25425617585452,185.53370842889754,191.9065362300721,89168800
2020-03-12,170.6990966796875,183.65650863431884,170.33328071109597,175.2909801794273,137820700
2020-03-13,185.15826416015625,187.21835867942104,171.478855812187,180.08504987039206,134882000
2020-03-16,162.9785614013672,177.78428224075182,162.8437894066201,167.6474599036412,92054400
2020-03-17,175.33914184570312,177.5051299343978,163.44064669091188,168.918192252125,121257100
2020-03-18,170.0059814453125,172.5281492023074,160.5718983230018,165.202296553107,114156300
2020-03-19,171.0264129638672,176.6387302000776,165.22156640222326,169.12996899580284,120896500
2020-03-20,164.3262939453125,176.04188112854132,163.7487059331409,174.9540837622137,118983900
2020-03-23,164.4449462890625,168.06261919939575,159.11007109457017,164.88870592266807,124639800
2020-03-24,177.1791229248047,177.3431223033954,171.67060740000372,173.56145060791638,94881800
2020-03-25,175.86715698242188,182.8227284461927,173.62901608577633,177.91234353116005,88754900
2020-03-26,185.12838745117188,185.91945904293365,177.13092451289438,177.38174455107878,79887600
2020-03-27,178.76124572753906,183.78739007400978,178.14383025924863,180.33371723814128,58845000
2020-03-30,185.263427734375,185.69756024276714,179.76456807167224,180.45916242068188,49356900
2020-03-31,183.6813201904297,188.36018338676848,182.52366771803807,184.95474821430534,62659300
2020-04-01,175.8767852783203,181.0380045603474,174.477954685729,178.24998520367816,53715400
2020-04-02,179.4462127685547,183.39189909121444,174.584067000671,174.84454356405624,56465300
2020-04-03,176.89935302734375,180.46880159060956,174.89274895902759,179.00243424831183,47487600
2020-04-06,189.54673767089844,190.6754497068659,182.513988917456,183.75846176110826,64763500
2020-04-07,189.4696044921875,195.50871656586375,189.08372522680358,195.22894158616256,69904500
2020-04-08,193.49244689941406,194.0712657278729,189.2477018889726,191.1578290474795,45940400
2020-04-09,193.772216796875,196.04893963128802,192.00679057727788,195.20964419193913,68252600
2020-04-13,195.8656463623047,196.24188378038906,191.73667659243273,192.94256764018388,42853900
2020-04-14,204.3840789794922,205.00149465693906,199.13603836101842,199.91745346774871,63959600
2020-04-15,202.03977966308594,204.35509904368442,199.81129561551657,201.12330551508464,47036000
2020-04-16,205.7249755859375,206.8054490590431,202.29060085755438,204.22002618544127,64657400
2020-04-17,207.6930389404297,208.8699898853912,204.59631869764576,208.54199102410055,62863200
2020-04-20,205.23301696777344,208.26221472736088,205.06901754974783,205.83113422414328,38249100
2020-04-21,197.66000366210938,203.70875699876774,196.44447084168215,203.168520189689,72932800
2020-04-22,203.52545166015625,204.856759976232,200.97861056876033,201.72144351385245,40089100
2020-04-23,203.09130859375,206.87298036678422,202.68613105239064,204.3164830448796,43278500
2020-04-24,206.29420471191406,206.73797912654427,202.10735422411724,203.5254833764921,34231900
2020-04-27,207.9534454345703,208.98569498101517,206.93085243513457,208.56121908230313,36451700
2020-04-28,204.0367431640625,209.65137833959244,203.75698294826117,209.65137833959244,46862800
2020-04-29,211.2720947265625,212.20786728265963,207.54830287909775,208.56125422254138,48716400
2020-04-30,211.18528747558594,212.27540295501447,209.68033782796115,212.188582333886,43359500
2020-05-01,205.23301696777344,209.02433140175634,204.21040898188159,206.93090628411198,48795000
2020-05-04,207.62551879882812,207.84739865191318,203.6701898819407,203.99820346691345,32841000
2020-05-05,209.97938537597656,212.37186892758075,209.1979703863233,209.7671473886203,37783100
2020-05-06,211.2720947265625,213.2401022826785,210.41350095781186,211.65797394294648,36455200
2020-05-07,213.9925994873047,214.87047694425198,212.64199274061437,213.9925994873047,38624800
2020-05-08,216.92535400390625,217.06041322776724,214.62933247791787,215.66158239770303,31852300
2020-05-11,218.8643798828125,219.8869730565774,215.37212439044205,215.60366075294203,35714100
2020-05-12,214.281982421875,220.0509750259804,214.25304221820454,219.4624996841017,41054100
2020-05-13,211.60008239746094,216.68412250371614,209.06289797857121,214.80293566222824,65521200
2020-05-14,214.0022430419922,214.0408250771921,208.3683238004577,210.27845103036063,51549300
2020-05-15,215.3914337158203,215.44931412930026,210.6257500679816,211.05986788943042,55747200
2020-05-18,219.40463256835938,220.61052360974645,217.51380365886027,218.29521869842316,42398100
2020-05-19,218.854736328125,221.73923276674577,218.7100353029218,219.66509150995978,36237300
2020-05-20,223.22488403320312,223.58182304242948,221.38227913626724,221.40157751308575,37417000
2020-05-21,220.79379272460938,223.94840740082608,220.28249616710102,223.27311144943278,43642900
2020-05-22,221.55593872070312,221.7585201594007,219.4721556005788,220.3886297897862,28762400
2020-05-26,220.95779418945312,225.3279563394855,220.71661601024164,225.1253601919948,33055300
2020-05-27,222.16368103027344,222.2794565640182,216.03776422232875,220.6201495437032,55665600
2020-05-28,221.87432861328125,225.2315254356787,220.96749611795332,221.02537653759538,42784300
2020-05-29,225.12538146972656,225.3569178429785,220.68769666466795,222.25054142350731,50691800
2020-06-01,225.8006591796875,226.1768965554922,223.8133533115732,224.2571276442303,25776000
2020-06-02,227.3152618408203,227.37314224848882,223.82299180122646,226.2251317619041,33383400
2020-06-03,228.33787536621094,229.09035017383184,227.04516374494932,227.92304120694092,37228700
2020-06-04,226.7364501953125,229.39905224734326,225.43408201574843,227.9905797903836,38716100
2020-06-05,231.23199462890625,231.82046997798105,227.31526333390107,227.88444030684366,47365600
2020-06-08,233.02638244628906,233.15178510188434,229.51482840298513,231.0873002751125,32937300
2020-06-09,234.7146453857422,235.56358270573824,231.9845061835832,232.16780398505347,35046300
2020-06-10,237.5315704345703,239.07511669640425,235.88190518323094,236.40285830274783,58084400
2020-06-11,225.7620849609375,234.99437844998297,225.7042045504025,233.61484626440375,72919400
2020-06-12,227.5564422607422,231.91693317865534,223.56253216845573,230.65316186428745,72034800
2020-06-15,230.3251953125,231.00049137039335,223.30208686970917,224.23785952148637,45307400
2020-06-16,234.28048706054688,235.76613815413336,230.66281440501248,235.1776628133525,48890100
2020-06-17,235.02333068847656,236.83699548662523,234.16473687410073,235.7758055046554,34749300
2020-06-18,235.6600341796875,235.90121237208692,233.93320479906112,234.7049632384603,30578600
2020-06-19,235.62147521972656,238.2840774252331,233.89463094964563,238.02360083023623,49422100
2020-06-22,238.44715881347656,238.5727795309669,235.20008666743954,235.48999197391447,24068700
2020-06-23,240.47657775878906,242.70893716924127,239.49087019180166,240.04170503853615,32767400
2020-06-24,235.51901245117188,240.95012181687974,234.02110437194023,239.72280187178637,46032400
2020-06-25,237.76104736328125,238.06062605115267,233.03539853079238,235.6060007330898,36940800
2020-06-26,232.1462860107422,237.69337180771143,231.62442697535528,237.51941388060038,52824600
2020-06-29,234.67823791503906,234.68791125631003,229.37276413064143,231.9047022245296,34377800
2020-06-30,239.27821350097656,239.8193896402421,234.42693068808543,234.61054718089562,38909200
2020-07-01,242.07113647460938,243.06651740639933,238.77574167335084,239.3169179377088,34689200
2020-07-02,243.7139892578125,245.72408299270458,243.2501260100518,244.51609503274156,31956500
2020-07-06,249.7056121826172,250.22744172802933,246.84507556411904,246.8644074996349,34589000
2020-07-07,247.98545837402344,252.11196478908886,247.68587967073418,249.4543908463046,36578200
2020-07-08,251.2518310546875,251.28082158705743,247.87913799077677,249.3094064021136,30426300
2020-07-09,253.36817932128906,254.03499092854446,248.97111564273374,253.1652456340036,40312900
2020-07-10,255.09815979003906,255.34943081489664,250.54646775207652,253.22335943203498,32885300
2020-07-13,249.8505401611328,260.72243032866317,249.0291025612082,257.93922172707306,64108100
2020-07-14,251.61911010742188,252.02500712666992,244.26487721806083,247.32833358119967,72230500
2020-07-15,252.13124084472656,253.8610878593374,248.83584615432338,253.02997680795647,54523900
2020-07-16,250.41110229492188,251.04892356561442,247.02873553609317,249.3480668437676,47594100
2020-07-17,250.7010498046875,251.56112205959127,248.52667106417573,250.86531968295154,35137900
2020-07-20,257.8135681152344,258.441715826729,250.09212010205616,251.3387421859511,40610100
2020-07-21,255.1269989013672,259.38878299022326,254.2862441918714,259.3791096513459,43243800
2020-07-22,256.0258483886719,256.95360457640516,253.7258340975872,255.619980861951,29865500
2020-07-23,249.33847045898438,256.32545624749713,247.927518822537,255.62000992117672,51363500
2020-07-24,246.97071838378906,248.29466846011707,242.87323268912843,245.50180090569262,54054500
2020-07-27,251.37745666503906,251.7640069121067,247.8308205460294,248.61359438120672,36445700
2020-07-28,248.1787109375,251.11654594816994,247.88880562048064,250.59468688564115,31302400
2020-07-29,251.03915405273438,251.8992554265945,249.24168256274575,249.71520429017335,27556900
2020-07-30,252.353515625,252.91400904892578,247.9274313273976,249.0774381978297,41774500
2020-07-31,256.8569641113281,257.01159014532055,252.08299221995168,256.97292626384734,53686300
2020-08-03,260.3263244628906,261.0704346647343,258.8670651078422,258.992700614158,32081600
2020-08-04,261.2926330566406,261.3892779920553,259.079590850786,259.8237008188815,24911300
2020-08-05,261.9401550292969,262.39435978177585,260.88679283565415,261.7758851460875,21612100
2020-08-06,265.4095153808594,265.73808462954054,261.10906562731947,261.74688693072375,28048200
2020-08-07,262.3460388183594,265.64143407046015,260.2006506583251,264.8683039499667,44969400
2020-08-10,261.2249755859375,262.83886046192526,257.70733001490817,262.635897252369,35088400
2020-08-11,256.2770690917969,261.35061862362437,255.73589283442016,260.065302893434,43104300
2020-08-12,262.7228698730469,263.6699430456665,258.38378658150805,258.43212379478376,38773400
2020-08-13,263.3219909667969,265.5929841591873,262.38459136911194,263.4959341106429,31895700
2020-08-14,263.0128173828125,264.21113205316004,261.6212128338113,263.94054391818173,30799500
2020-08-17,266.0666198730469,266.569132278823,263.0514864545993,264.72332302121924,24803000
2020-08-18,268.6275329589844,269.10105480398965,265.6703807791961,267.1296396787266,23529500
2020-08-19,266.8204040527344,269.64224759743485,266.30821830368217,268.5888855660594,31999400
2020-08-20,270.5216369628906,271.00483212604024,265.62203093049936,266.02792784397764,27723400
2020-08-21,272.3964538574219,272.8506585193085,270.06744948407925,270.7149440202601,34748900
2020-08-24,274.0972595214844,276.3875995966425,271.81656329392575,275.66280694035754,36418500
2020-08-25,276.2523498535156,276.445639733258,272.87965674284396,273.32418807597753,34866600
2020-08-26,282.1473083496094,282.39857926912845,276.2233309949189,277.49897328985776,42216700
2020-08-27,281.2679138183594,283.973824630563,279.00656382383795,283.1233963607817,49482700
2020-08-28,282.69818115234375,283.3263290108986,281.1519506215127,282.50489127652946,28021000
2020-08-31,284.96923828125,286.77638381607983,282.7851862914439,283.220073817663,36321000
2020-09-01,289.83978271484375,289.95574482852527,285.8485861815919,287.61706739901604,36216200
2020-09-02,292.5843505859375,293.29947000455604,286.911643973745,293.08686294876503,50836800
2020-09-03,277.7502746582031,288.58350302844633,274.8511033929113,288.0809906262113,110083300
2020-09-04,274.0489807128906,279.2191753278148,262.6649028120239,275.9624443503017,123959000
2020-09-08,260.87713623046875,268.86917532283803,260.59687471811304,263.07083212371873,99568600
2020-09-09,268.54058837890625,270.6376391822243,263.82459816912103,266.3758831646691,64837900
2020-09-10,263.1867980957031,272.7154242272549,261.46662410129585,271.49776270032766,69667500
2020-09-11,261.36029052734375,265.9699620309678,257.9295869771747,264.93591724449493,71809000
2020-09-14,265.9119873046875,267.9027491790809,263.7859166175224,265.1388572857662,38525200
2020-09-15,269.6808776855469,271.02417437323385,265.88297084338143,269.6518871559079,41849900
2020-09-16,265.3804931640625,270.93723879273955,265.0326067242916,270.4733902063783,42321000
2020-09-17,261.2346496582031,265.1775093575876,257.71697458543355,258.557729481427,81570800
2020-09-18,257.9005432128906,262.94510114380427,253.80305827764158,262.6551958858905,86251100
2020-09-21,258.51910400390625,258.6543833234212,251.36779148738935,253.64848815537488,57168600
2020-09-22,263.3219909667969,263.9018014462836,257.5816312847899,260.9156595093828,41128900
2020-09-23,255.28173828125,263.18680612063565,254.40231931742105,263.0031895517098,48837300
2020-09-24,256.4703674316406,259.6691173588937,252.4405064083363,252.60480575598547,70631700
2020-09-25,262.4329833984375,263.2447478224257,255.41697942353812,256.9728833551039,55242400
2020-09-28,267.8834228515625,267.8834228515625,262.53928527534697,267.28423604787406,58438300
2020-09-29,266.6755065917969,268.3763340489518,266.11498350999346,267.32297179951615,27050000
2020-09-30,268.50189208984375,271.64266073652465,266.598101915103,266.8686900342182,49380800
2020-10-01,272.7636413574219,273.372471918658,270.4346373731467,272.31911011107854,50020200
2020-10-02,265.0904846191406,272.7539515731661,264.2497298917003,266.7430035486573,75497400
2020-10-05,270.743896484375,271.06279229103865,266.94598987283973,267.05227864443094,28184600
2020-10-06,265.9119873046875,271.73932026553695,265.0325684973553,270.0578103987121,49704200
2020-10-07,270.5119934082031,271.3044110627918,267.9607087878912,268.5502222233586,27539700
2020-10-08,271.9519348144531,272.97630631229185,270.88889944163117,272.90865190404514,25443300
2020-10-09,276.10736083984375,276.1846885783184,273.2081899767563,273.5947401934564,30201100
2020-10-12,284.6309814453125,287.4624984194463,279.74104806948463,280.784736791468,79370700
2020-10-13,284.6213073730469,287.0662740546878,283.25869328680324,286.4284823046044,64240000
2020-10-14,282.2439270019531,286.389749328572,280.50443639218156,285.42335910272357,36949100
2020-10-15,280.34991455078125,280.9393986514012,276.9095664282217,277.54738775322204,42514200
2020-10-16,278.8133544921875,283.41335357901045,278.4654385490732,281.9927582527519,40570700
2020-10-19,274.2615966796875,281.6834977161468,273.28556238406674,280.7267511204607,36756800
2020-10-20,274.8511047363281,277.95320974762217,273.4401829713871,274.99605740192214,32195400
2020-10-21,274.6385803222656,277.66338798626714,274.155384963592,275.1024584836778,29306100
2020-10-22,274.628662109375,276.3681815447275,271.38160635038827,275.469416565117,32196200
2020-10-23,275.1699523925781,275.33425171273075,272.30944548904887,275.198942920618,24658500
2020-10-26,271.0434875488281,275.71113970293754,267.4581878077359,272.8892965535558,38421100
2020-10-27,273.1598815917969,273.9813192327098,270.78256974760245,272.03886532178143,30559100
2020-10-28,262.51025390625,269.27498545628316,262.25898301127285,268.66615489807793,53413500
2020-10-29,267.1007385253906,270.0965260883668,263.3607817600461,263.8246599110409,43246300
2020-10-30,260.3263244628906,265.9893596560271,258.09396436545666,265.1196139478676,65838300
2020-11-02,260.9061584472656,264.32716011597347,257.9973131517606,262.713304245053,39987400
2020-11-03,265.4190673828125,267.5161471315727,261.7371230128669,262.81947533794744,43604100
2020-11-04,277.26702880859375,279.06450050868335,272.39641371471873,274.0586061162536,75728200
2020-11-05,284.4956359863281,285.4620262231915,282.1859491641176,283.664525046843,52054200
2020-11-06,284.7082824707031,285.4330753238653,280.0889371995587,283.83853694528784,40959800
2020-11-09,278.89056396484375,289.08599898963547,278.43635935910754,287.64605743551107,86537100
2020-11-10,273.8944091796875,277.02550497020536,271.18849807770005,275.585592558968,69024900
2020-11-11,280.0212707519531,280.4947925750533,273.85569574340076,276.41662421306324,36102900
2020-11-12,278.7069396972656,282.2536048593282,277.5955968181297,280.9876360025549,34414600
2020-11-13,281.1520080566406,281.7705121920819,278.1948552023256,280.41757126067967,24806900
2020-11-16,283.3457946777344,283.6453734667212,280.24365897204746,280.8524898954422,30168400
2020-11-17,282.4468688964844,283.86746374942425,281.80904778986957,283.5388946021178,21843500
2020-11-18,280.3595275878906,283.5099699855039,280.2725559838451,281.89611440171944,28069600
2020-11-19,282.55328369140625,282.8625357563672,279.14192610928717,279.808737971653,22718400
2020-11-20,280.6204833984375,283.22007625179197,280.5335117908258,282.4759366779504,25907300
2020-11-23,280.6301574707031,282.9108249435132,278.3881243845555,281.6158651847637,26875600
2020-11-24,284.5730285644531,285.06589718604346,279.8957018065329,281.6931740868517,24516800
2020-11-25,286.3221740722656,286.9599953366419,284.6889717798242,285.63604508000066,23326800
2020-11-27,288.9604797363281,290.0814964372799,287.8877707714569,288.28399447978575,17163100
2020-11-30,289.5499267578125,289.88816934271773,284.87260011745866,289.279338588268,27836200
2020-12-01,293.2607727050781,294.88433071509655,290.71916166616165,291.8208606911067,27521300
2020-12-02,293.6377868652344,293.9760294703395,290.25541979798413,292.0915560218256,23620000
2020-12-03,294.0532531738281,295.59948362513694,293.3284604146421,293.94696439192273,22828700
2020-12-04,295.25152587890625,295.39650800368975,293.4250637206539,294.10151917145936,19332100
2020-12-07,296.9234313964844,297.2906644436841,295.2515654944041,295.43518201800396,20851000
2020-12-08,297.92852783203125,298.2281065199663,294.7007871841629,296.44995158477576,18341500
2020-12-09,291.1831359863281,297.9961776074339,290.1201004766501,297.7159455804409,48839300
2020-12-10,292.3524169921875,293.4734334097907,288.0713145425778,289.1536670859478,27519500
2020-12-11,291.7049255371094,291.8305609980783,288.4385215194869,290.6998713412504,26760400
2020-12-14,293.82135009765625,295.7637747777363,292.8259691496675,292.8935940648919,28804800
2020-12-15,296.9621887207031,296.9621887207031,293.8890440644409,296.07309635337845,25709000
2020-12-16,298.5953369140625,299.37811083246515,296.3146400776585,297.35835829679314,25461900
2020-12-17,300.54742431640625,300.77934858265223,298.9915498771804,300.18986457531184,23730500
2020-12-18,299.6390686035156,301.49455154140685,297.2713998246905,301.18529946977486,41173400
2020-12-21,299.0784912109375,299.6109575846126,293.9279677919338,296.69684020761105,37095500
2020-12-22,299.8917236328125,300.8114409536031,297.0744264140137,299.9788528813914,26176300
2020-12-23,298.3814697265625,300.2983725782686,298.2265634125752,299.9401646532673,21201300
2020-12-24,299.6980895996094,300.1434267278117,298.5653797992365,298.64281817335035,16785000
2020-12-28,302.71868896484375,303.19309872265205,300.47259202219556,302.3023949194107,22497700
2020-12-29,302.98968505859375,304.6645812057286,302.08932016967725,304.04495619915394,25871900
2020-12-30,302.99951171875,304.4710774508141,302.3798864344958,304.15160347605536,18138100
2020-12-31,303.7450256347656,304.22909689614335,301.82812234874353,302.9027463672268,21611400
2021-01-04,299.4560241699219,305.2455244401776,295.4575926553533,305.071236411445,45305900
2021-01-05,301.9247131347656,302.1958212252537,298.4684690705339,298.4684690705339,29323400
2021-01-06,297.74237060546875,301.9441029399915,296.2320715928881,297.2195657025458,52809600
2021-01-07,304.94537353515625,305.77796146175444,300.36605130282,300.39509438060014,30394800
2021-01-08,308.8664245605469,309.2149711383358,305.04225080878547,307.23026177468654,33955800
2021-01-11,304.4031982421875,307.08494074854116,303.7545301499624,305.91349728743285,32746400
2021-01-12,303.9191589355469,305.52624870479366,301.28581143319,304.44193435888496,29266800
2021-01-13,305.9715881347656,306.7654420740711,303.5802763522072,304.1805196299968,22898400
2021-01-14,304.3355407714844,307.4142262235042,303.86113094918653,306.417040826956,23500100
2021-01-15,301.9247131347656,305.0808651245545,300.68549270763583,304.1224141158977,35118700
2021-01-19,306.3298645019531,306.83328778900795,303.14466852170074,304.2386738901535,24537000
2021-01-20,313.455322265625,314.39442118013466,306.42663149113145,309.9409916510527,30728100
2021-01-21,315.96282958984375,316.70831788759295,313.41664078151587,314.7913859659749,25130600
2021-01-22,315.05279541015625,316.0596418583159,314.36539328964204,314.9269322177987,21609400
2021-01-25,317.6570739746094,319.79668917864336,311.1705399641472,318.4316053421389,39080600
2021-01-26,318.12188720703125,319.2546267421256,316.79553693160796,318.3736136693543,25498100
2021-01-27,309.253662109375,315.87575134585563,307.24960062396013,315.8660900145018,55264000
2021-01-28,311.0834655761719,316.0209968128758,309.8345538382475,310.45417904152515,42836300
2021-01-29,304.5387268066406,310.5024847127412,302.79608312978183,309.3987887174759,55259000
2021-02-01,312.1484069824219,313.2327214700414,305.9522735468466,307.9756871077355,35646000
2021-02-02,317.2408447265625,318.3929363652849,314.9463523261116,315.1109495082248,33930800
2021-02-03,315.98223876953125,319.6805488631782,315.92415260432034,319.3126501199401,24824500
2021-02-04,319.7191467285156,319.8062759472958,316.05957181303097,317.3762600581774,22350900
2021-02-05,320.8034973144531,321.81037319928237,319.0318105738274,320.66797280716975,22732000
2021-02-08,322.9527893066406,323.107695569179,320.85193775141437,322.4881000643742,20462800
2021-02-09,322.88507080078125,324.14364367200585,322.0137193026321,322.0234101778319,17597500
2021-02-10,322.1492919921875,324.7729488774115,319.00283008692946,324.31792089699087,28068700
2021-02-11,323.9208984375,324.3275310285924,321.53927767637487,323.67886296658315,22046100
2021-02-12,325.7314147949219,325.89598240320623,322.033104956612,323.07868540357345,20346800
2021-02-16,324.85040283203125,327.415973443144,323.68862051418506,326.5252697267484,27080800
2021-02-17,323.29168701171875,324.9665834947725,319.6514927767243,321.8782078068329,31360300
2021-02-18,321.8782043457031,323.2335973731667,317.89912496129534,319.7095755017615,32236200
2021-02-19,320.4743957519531,323.34977904654954,319.4578583383026,323.223915842976,39157700
2021-02-22,312.1677551269531,317.35698283456264,311.96445354950856,316.0984098661009,47256900
2021-02-23,311.2383117675781,312.90351724809113,301.0921726135977,306.90102481836163,97241900
2021-02-24,313.8039245605469,314.1137371441251,305.8941900752673,308.5856241112255,58206300
2021-02-25,302.8638916015625,313.70709534994387,301.32454914976546,311.15121547282814,110182600
2021-02-26,304.13214111328125,308.9437784747402,300.9759887486125,305.7876556554205,104739800
2021-03-01,313.2810974121094,313.61995305490194,307.8111004768083,309.0987164649975,49164500
2021-03-02,308.2564392089844,313.9975147800033,308.0047423534335,313.9200764118382,48370000
2021-03-03,299.31072998046875,308.10144474617294,299.25264383463156,307.16234599468015,86301100
2021-03-04,294.4119567871094,302.09900581292595,290.5490505272397,298.9428537741916,139131600
2021-03-05,298.84613037109375,299.746495535747,287.9739122589407,297.0260182885546,121523700
2021-03-08,290.3845520019531,300.18214560216165,289.9682579781333,298.30394751172685,88409800
2021-03-09,301.8376159667969,303.73519552966866,297.14215097676424,297.6746172502684,80391100
2021-03-10,300.97601318359375,306.38792384064425,300.2886405826303,306.08780216084256,76798100
2021-03-11,307.90789794921875,309.66989398051334,304.8195225253842,305.7101966431199,53484800
2021-03-12,305.41009521484375,308.0918677112033,301.46977936589934,303.86106196290876,69315600
2021-03-15,308.6727294921875,308.837326647409,304.0934363164408,305.7295988118373,42955700
2021-03-16,310.3669128417969,313.87161128752194,308.9340817594094,310.86067465821185,54925900
2021-03-17,311.6448974609375,313.53278614012544,305.62305316336887,307.3366833770359,78258700
2021-03-18,302.0991516113281,307.7530994730686,301.64412351831913,306.77526623066706,82718100
2021-03-19,303.16400146484375,304.7033437065261,299.7948566529253,301.93444221012976,78446200
2021-03-22,308.8493347167969,310.91408667450554,305.553499993313,305.553499993313,56194800
2021-03-23,307.5019226074219,311.25335988892084,306.68765967352556,309.9350378767081,53455400
2021-03-24,302.3157958984375,308.9074942979724,302.17039709475154,308.8687114227675,64803700
2021-03-25,301.7923583984375,303.3045948439506,297.97308794522104,300.4740363467963,78729000
2021-03-26,306.3192443847656,306.63912171854264,300.1831788664678,301.57903681470293,63519600
2021-03-29,306.2320861816406,307.2789873156319,302.8974683731191,305.78618658592865,54608000
2021-03-30,304.6907958984375,305.2627176647272,301.9959625409575,304.27397607290493,44635700
2021-03-31,309.3533935546875,310.914056684004,306.1350953167934,306.47437891354315,55032500
2021-04-01,314.62677001953125,314.76246572139036,312.9206783435734,313.17272268188594,55685600
2021-04-05,320.9082336425781,321.6740401855826,316.86599863468905,317.1083398561629,42172500
2021-04-06,320.6852722167969,322.6336753606198,319.90976262240673,320.5980329341779,33537200
2021-04-07,321.46075439453125,322.29442351628467,319.2796835663621,320.2102655032343,32046400
2021-04-08,324.8147277832031,324.9989094525258,323.51578256664493,324.3106687623888,29940800
2021-04-09,326.7825012207031,326.9860890956346,322.72089057489217,323.45758758875724,36664900
2021-04-12,326.3560791015625,326.7728988898223,324.4755089142188,325.74537450902636,25833000
2021-04-13,330.16571044921875,330.63098669592097,327.66473229251113,327.87799376647325,30374000
2021-04-14,326.20098876953125,330.53405101338524,325.3867258114292,330.40802884439285,42564300
2021-04-15,331.1446838378906,331.53245341080236,325.91982312701936,329.0702586196048,36342800
2021-04-16,331.5323791503906,331.74564053465735,329.66148308641766,331.6680748043831,40860100
2021-04-19,328.49835205078125,331.115619292203,326.5789990742722,329.9621023825836,34533100
2021-04-20,326.1040954589844,329.11880652263227,324.1362856183164,327.839267157362,38081800
2021-04-21,328.895751953125,329.07993360971795,323.7387247338475,324.82440844681906,36598100
2021-04-22,324.9310607910156,329.48705715270165,323.7775144260137,328.5080189173388,45936100
2021-04-23,329.0218811035156,330.3305001865313,325.5612409559132,325.5612409559132,36381900
2021-04-26,331.16412353515625,331.4452476291295,328.5177468041697,329.264176683064,30812000
2021-04-27,329.7294006347656,331.66813005738095,328.77944215058864,331.4548686375867,33187200
2021-04-28,328.61468505859375,330.4080159525857,327.9651975909243,329.3998682226513,33615700
2021-04-29,329.79730224609375,332.29825048050515,326.57900392431367,331.88143070521437,37708900
2021-04-30,327.6355895996094,329.8360665634626,326.7243843479342,327.35449511543897,38263400
2021-05-03,325.89080810546875,329.58408623460167,325.44490850724037,328.83768586553776,29729700
2021-05-04,320.02606201171875,323.66117947490153,316.2164364274804,323.34127257185094,65147000
2021-05-05,318.9501037597656,322.93420853069864,318.17462374116377,322.0714596460376,46219300
2021-05-06,321.3541259765625,321.50922789045813,316.449142582441,318.6883728457284,46814300
2021-05-07,323.9617614746094,326.33668773045906,321.52864610869307,324.126536941346,53324500
2021-05-10,315.7802429199219,322.75965076237094,315.57665504063726,322.5851722224087,60700500
2021-05-11,315.34405517578125,316.1389413976423,309.2467424078614,309.90593294309514,71963600
2021-05-12,307.18206787109375,312.73651000523404,306.31931888089315,310.4197431979524,91164900
2021-05-13,309.5569763183594,312.52323047581723,307.19172365150604,310.1192245133992,69877800
2021-05-14,316.39105224609375,317.3022281176415,312.2130619368649,312.7171506629184,44370000
2021-05-17,314.4717102050781,316.37165736425305,311.60239802430965,314.6849716931356,39395000
2021-05-18,312.3487854003906,316.64306516691926,312.07736438898337,315.4216854069224,36528500
2021-05-19,312.70745849609375,313.0079592859146,306.61014423238356,306.95913102284595,66319100
2021-05-20,318.7562561035156,319.6093019729697,313.9676205775707,314.190555577994,46466100
2021-05-21,316.9920654296875,320.7240970996504,316.6334051046405,320.3072772398754,50330400
2021-05-24,322.3235168457031,323.4479836254808,316.8853646355601,319.2796970065807,32475800
2021-05-25,322.7694396972656,324.5530676062325,321.5965164232101,323.83574702943866,31280300
2021-05-26,323.8939208984375,324.3591971493166,322.75007733813146,323.43831818100426,25444900
2021-05-27,322.68218994140625,324.29133921184314,322.47863159725927,323.44799648913676,27931700
2021-05-28,323.6999816894531,325.2897541666594,323.38010432071417,323.8841633687067,29927400
2021-06-01,322.62396240234375,325.50297670760335,321.27653128700416,325.0279678945049,31145400
2021-06-02,323.25408935546875,324.09743201993837,321.5383242650881,323.04082791067566,22047900
2021-06-03,319.890380859375,321.69338516999375,318.2230722364377,320.42351966107435,37057800
2021-06-04,325.31884765625,325.76474720147104,321.61586685126764,321.68372949020727,38736500
2021-06-07,326.2881774902344,326.3463370080372,324.0974037107796,324.7856443932228,32611900
2021-06-08,326.4433288574219,328.8958208385621,324.76631695292076,328.0330718893326,27282800
2021-06-09,326.5208740234375,328.5856260231153,326.33669232319687,327.8101459251218,21485300
2021-06-10,329.9233093261719,330.0299252524659,326.4142135500906,326.8601130664696,33702100
2021-06-11,330.7861328125,330.79583592982567,329.28362876076045,329.9330868027351,21222800
2021-06-14,333.9559020996094,333.9655756321318,330.0299566115849,331.2125829407871,27827700
2021-06-15,331.7747497558594,333.9170373180938,331.0573998090703,333.6068335347613,35963800
2021-06-16,330.5630798339844,333.3063690349668,327.11214372222906,332.24006190320773,55399500
2021-06-17,334.76043701171875,335.76858468846024,329.5064963536992,329.5549527607095,59722700
2021-06-18,332.13348388671875,334.2466921636833,331.3870540179676,333.10284873846405,55414900
2021-06-21,334.1976013183594,334.51787929638067,330.1118506338787,332.3245645247563,32992600
2021-06-22,337.3130187988281,337.75943564454093,333.6930825573863,333.9939319117783,28941600
2021-06-23,337.4779968261719,338.6231969029158,336.643390103058,337.2548032042632,27188500
2021-06-24,339.5644836425781,341.08812919220435,338.8657302272349,339.4092018150596,32581600
2021-06-25,339.1471862792969,340.37001228841126,338.54548764528295,340.12738996069703,28682800
2021-06-28,343.2716979980469,343.4075806908598,340.369945009591,340.42817198737436,39130300
2021-06-29,344.51397705078125,344.5430905442502,342.26246444955655,343.09707100698824,29426000
2021-06-30,343.9704284667969,344.7468374805561,343.38812911072137,344.3586181651887,32724000
2021-07-01,344.1064453125,344.6110891554649,342.27220606826614,343.62120059607673,29290000
2021-07-02,348.0563659667969,348.3766144679944,345.7659953626069,345.9989033634778,32727200
2021-07-06,349.5605163574219,349.8419665254549,345.9696943777668,348.65796848615605,38842400
2021-07-07,350.2981262207031,352.05470949206136,348.34743324169887,351.7538601770984,35265200
2021-07-08,348.1824645996094,349.03649999370606,343.96085948535847,345.24188295951797,50890000
2021-07-09,350.3563537597656,350.83188404216685,347.01786817849813,347.60016768536724,35184500
2021-07-12,351.7247619628906,352.1808931403898,350.18165783912826,351.753875458604,25717700
2021-07-13,351.7247619628906,354.68474262269365,350.8707265993189,351.3462569016323,39723000
2021-07-14,352.35552978515625,354.7040971225229,351.5306080210806,354.06357068042814,35336400
2021-07-15,349.8808288574219,352.47204859453535,347.8816230568866,352.2682541126906,53391600
2021-07-16,347.0469970703125,351.7150484688974,346.6976055038964,350.7348447491291,47262000
2021-07-19,344.2034606933594,344.6983901077833,341.6510690390563,343.6017324357535,64404600
2021-07-20,348.2018737792969,349.6478933984783,343.3591119000733,345.13512395324045,42183700
2021-07-21,350.8901062011719,350.8901062011719,347.5516206658584,347.7748438652309,30259900
2021-07-22,353.2096252441406,353.21930999848774,351.0939358655894,351.0939358655894,30252200
2021-07-23,357.33416748046875,357.6155880495975,353.180474514925,354.5294392236291,31960800
2021-07-26,357.6155700683594,358.0037894573996,355.78136080816336,356.64508082972117,28438100
2021-07-27,353.6754150390625,357.35357784691723,349.5314363134525,357.35357784691723,57933100
2021-07-28,355.0340881347656,356.6063056814547,352.52052439792925,354.81089455029075,42066200
2021-07-29,355.66497802734375,356.8295475766185,354.4712653627747,354.4712653627747,25672500
2021-07-30,353.81134033203125,354.39363991627397,351.71507959894967,351.74419309731246,36484600
2021-08-02,353.84039306640625,356.0531074129559,353.13192523859226,355.47080792870975,27334100
2021-08-03,355.9851989746094,356.10165295883087,351.31714753282756,354.5003514418158,35558500
2021-08-04,356.4995422363281,357.4506324293252,354.8400137966244,355.94635621743237,29602200
2021-08-05,358.7607727050781,358.9936806467521,356.6062853936496,357.3147235885684,21443900
2021-08-06,357.1885986328125,358.46965170158194,356.0822561585007,357.49916233742056,33332100
2021-08-09,357.8486022949219,358.37264529819697,356.5481499251465,357.6447781766592,25960200
2021-08-10,356.0143127441406,358.6540449841331,354.83031454200466,358.3629100233557,35130800
2021-08-11,355.4029235839844,357.77092014732835,354.0733578121451,357.27599068075955,34249800
2021-08-12,356.68389892578125,357.04297519552864,353.5492081086965,354.89820232961824,25969200
2021-08-13,357.9358825683594,358.26584538723085,356.53837556079554,357.0333345975948,19336200
2021-08-16,358.0912170410156,358.1300152957724,352.9670337992206,356.81987819850315,34856900
2021-08-17,354.9370422363281,356.31512037872,352.5108191238256,355.34463113371896,44793900
2021-08-18,351.52093505859375,355.80079659606537,351.19097223749185,354.4032895790549,38541900
2021-08-19,353.2192687988281,354.8885115391661,349.3373116926452,349.5896483819814,48499400
2021-08-20,356.8780822753906,357.27598648850346,353.9762987928336,354.28686251287087,39486000
2021-08-23,362.21575927734375,362.90479843928557,357.9067840926924,357.9164688468706,34034700
2021-08-24,363.32208251953125,363.9237811600913,362.341878827467,362.8077243638605,21732900
2021-08-25,363.73931884765625,364.3119335048066,362.8270566841337,363.5743522789003,20441900
2021-08-26,361.4295959472656,363.5646543878473,360.9928639664528,362.8853297273357,29133300
2021-08-27,364.94281005859375,365.4474538399385,361.5752109531415,362.0604556103134,27104700
2021-08-30,369.0382385253906,369.52348313309056,365.7094380076639,365.7288667468394,27295700
2021-08-31,368.7374572753906,369.34884071563806,367.1943530752369,369.28092896693454,29628200
2021-09-01,369.3487548828125,371.4159015513663,369.14496045008974,369.7952012247487,28138300
2021-09-02,369.17413330078125,371.02777146554007,367.9610216445504,370.69780864908336,25453400
2021-09-03,370.3096618652344,370.70756608874484,368.0096066365166,368.0290057631559,24605400
2021-09-07,370.8336486816406,371.4838895379319,369.26146076930337,370.4163453946835,23970200
2021-09-08,369.54290771484375,370.65896446604796,367.28168071864684,370.65896446604796,32949200
2021-09-09,368.2715759277344,370.87248014416735,368.0289536026869,369.76613774278206,29399000
2021-09-10,365.4765625,370.69779968081804,365.14659969152603,369.9796470751384,40249400
2021-09-13,365.22430419921875,368.2328276030597,363.1765855496527,367.8058098493796,48741800
2021-09-14,364.1857604980469,367.43687539082885,363.234670488282,366.7090085431354,41826600
2021-09-15,366.89349365234375,367.24288522558624,362.3516105190871,364.64198082794206,34097900
2021-09-16,367.1457824707031,367.718367568976,363.642330526106,365.56388026882286,35193100
2021-09-17,362.7979736328125,366.71875839113625,361.7595726718765,366.67024577672095,60912300
2021-09-20,355.3013916015625,358.7504360667191,350.66700680296344,357.0113261247993,76203200
2021-09-21,355.7386169433594,358.3229841141822,354.61159767451653,357.12794816062376,41927500
2021-09-22,359.0613708496094,360.51871870143844,355.55400493496865,356.65187839398413,46972900
2021-09-23,362.37445068359375,363.404307570577,359.5763377643105,360.217574445798,44652000
2021-09-24,362.7144470214844,363.13224261893384,359.74145968515217,360.1106592295025,36056800
2021-09-27,359.8192443847656,360.69364729673265,357.2737478333367,359.6735155077415,43338100
2021-09-28,349.63720703125,359.77062620482974,349.13200373868887,355.2723036782193,97701600
2021-09-29,349.0639343261719,353.03763232754807,348.44214803307705,350.90020673587804,58076600
2021-09-30,347.78155517578125,352.3673452197888,346.9460231327196,350.7059766261453,61384600
2021-10-01,349.9383239746094,350.9779057872913,344.3032580391962,348.4032641038666,56375500
2021-10-04,342.5934143066406,348.6559734049248,340.3588255658776,348.3256447001927,76766000
2021-10-05,347.218017578125,349.4623310874055,343.42891877348393,343.6523598204089,47232900
2021-10-06,349.4428405761719,349.71487762441757,343.1082170030285,344.01176545079295,56806500
2021-10-07,352.6490783691406,355.29173732282277,351.9495501269947,352.48389921273855,39411200
2021-10-08,350.8905029296875,353.96065262238324,350.3561242619187,353.7274568047057,41822300
2021-10-11,348.19921875,352.8724443523781,348.1117518020955,349.35535390242,34847200
2021-10-12,346.9848327636719,350.0840986793097,346.3435961311823,349.64691210021607,43905100
2021-10-13,349.7635192871094,350.4339017377287,347.266589269575,349.2874617626891,40120800
2021-10-14,356.2050476074219,356.4187931935729,352.687985403338,353.34864279695967,43433900
2021-10-15,358.44927978515625,358.56586286925926,356.3895662331551,357.4194230091557,40419900
2021-10-18,362.0538024902344,362.2675480418583,356.5547393437458,357.15710508473506,34513500
2021-10-19,364.7936096191406,364.8421760222479,362.10238452095024,363.1225161847525,29091000
2021-10-20,364.3175964355469,365.8623818299415,362.84079808380676,365.2502908972937,31390300
2021-10-21,366.5423889160156,366.73671381413243,363.2196525668617,363.52083540407114,25469300
2021-10-22,363.4625549316406,366.2509423706017,361.8011867064768,365.2891022902149,36275800
2021-10-25,367.1836853027344,368.096959102957,362.93794947075344,364.8810801691298,32597800
2021-10-26,368.3398132324219,371.8277289256972,367.16422758060594,369.41826607898804,47191300
2021-10-27,369.19476318359375,372.2551875273893,368.5243808468804,368.7866927678403,45760500
2021-10-28,373.29486083984375,373.5474773329144,370.32187307456246,371.0894180459381,38007000
2021-10-29,375.1310729980469,375.29625214903933,369.8749306873248,370.22467997203256,37310100
2021-11-01,376.4134521484375,376.539760352915,373.48906141702446,375.56819527208904,30765300
2021-11-02,377.9874267578125,378.46351386461185,375.7528386721774,375.80140507193687,25135300
2021-11-03,382.0,382.41776592199056,377.43366132861297,378.47321356359595,33748900
2021-11-04,386.89678955078125,387.8489343530829,382.7190700311504,383.26314430394444,40265300
2021-11-05,387.2658996582031,389.58792509832745,385.86684338012475,388.6649559362815,43383800
2021-11-08,386.7412414550781,388.2568807963275,386.1000048645777,387.2367491954232,29256300
2021-11-09,384.07916259765625,388.20831470429704,382.7189772454321,387.80996941367835,50490700
2021-11-10,378.4344787597656,384.1181130852448,376.5107684397136,381.3103042722085,54937400
2021-11-11,379.4836730957031,381.5822576249606,379.143619323171,381.40738299331053,32243000
2021-11-12,383.476806640625,384.0111556551073,379.03674644093985,380.63009799400083,34730600
2021-11-15,383.389404296875,384.9730606264677,380.95079532997596,384.65245709370566,33716900
2021-11-16,386.1195068359375,386.6149849927974,382.46641170396464,382.66070698024396,27872900
2021-11-17,386.3235778808594,388.3541461304807,385.36173756520316,386.4401609918692,28703300
2021-11-18,390.32635498046875,390.83155825697514,386.1486360963617,388.36380376999676,45721500
2021-11-19,392.50262451171875,393.7753725804362,391.1327139908467,391.95855035943424,45191700
2021-11-22,387.9460144042969,397.08844748180036,387.83915645266666,394.03774784218194,61715400
2021-11-23,386.1778564453125,388.8496615068786,381.7475202424835,386.7899177899271,70098700
2021-11-24,387.42138671875,387.7031193065727,381.37824939479043,383.7002750331125,46954400
2021-11-26,380.0763244628906,386.23604437603416,378.6869636697701,384.84668358291367,51533300
2021-11-29,388.32489013671875,389.33532622839266,383.9042804165969,384.63295430341805,54447100
2021-11-30,382.6218566894531,389.78228826501027,380.6107093860575,387.440812314893,81332700
2021-12-01,376.1123352050781,389.09246237572006,375.6460028605043,386.9550069636954,77766500
2021-12-02,378.8229675292969,380.6009186906761,373.41134258019963,374.8298193835273,84416600
2021-12-03,372.2358093261719,381.1839172255173,368.1260775304697,380.1832061761861,105349100
2021-12-06,375.2184753417969,376.57866063108446,368.5146520413517,372.7215457733595,67588800
2021-12-07,386.51776123046875,387.1298520358076,381.81538933285583,381.85426024187535,56005300
2021-12-08,388.2471923828125,388.4512424421491,384.9536014584753,386.8481656391627,39204000
2021-12-09,382.5343322753906,388.8203595725798,382.3400073981176,387.02295823215127,49973700
2021-12-10,386.6927185058594,386.9550304656138,382.17491609468055,385.3422284930987,52545800
2021-12-13,381.1062316894531,387.0036107993027,380.73703211440903,386.6830072813978,50166400
2021-12-14,377.1616516113281,378.99789456315466,372.7215911886639,376.28721914398113,75199200
2021-12-15,385.7600402832031,386.11954439644194,372.9645402349824,376.90909348999844,73858000
2021-12-16,375.8403015136719,387.14933536877277,374.2566453963507,386.72184428250864,82591400
2021-12-17,373.96514892578125,378.1234466204989,370.91442009447013,372.4300593705942,80492500
2021-12-20,370.3375549316406,371.1255254941099,367.2051181161095,369.24801685453167,65336800
2021-12-21,378.6259460449219,378.93725119775377,369.86098113771806,373.60626178435757,48899500
2021-12-22,383.2369689941406,383.4412499594031,377.67251700140145,378.33401801404176,37042200
2021-12-23,386.1261901855469,387.59510713249676,383.42179055575644,383.587150959049,29595500
2021-12-27,392.50787353515625,392.50787353515625,387.3909031979328,387.4200861977094,32820700
2021-12-28,390.688720703125,393.5779565780435,389.8132009778117,393.40285857051924,33113700
2021-12-29,390.6302795410156,392.0894886983413,388.2566302700842,390.8248526370669,32248500
2021-12-30,389.4629211425781,392.5953579163481,388.8792315554268,390.41625210349576,23850100
2021-12-31,387.0309753417969,390.1536751146718,386.534834650593,388.79175229221005,34752900
2022-01-03,390.7568054199219,391.00974454371743,386.0873473183604,388.19832024519195,40575900
2022-01-04,385.6885070800781,391.34050919275626,382.59499023423507,391.30158862899646,58027200
2022-01-05,373.83966064453125,385.1242172262459,373.5867215610678,384.00546647257966,75739800
2022-01-06,373.57708740234375,376.81654920384796,369.7928861023535,372.02062097765435,70814300
2022-01-07,369.5301208496094,375.26970074436014,367.7596362625609,373.5867354584606,72652300
2022-01-10,369.7733154296875,370.28893116706166,359.2670213392742,364.6271924939485,91770500
2022-01-11,375.32806396484375,375.49342437997234,366.9619254037455,369.0437150608484,68295700
2022-01-12,376.8164367675781,379.58894000178645,374.5400741286229,377.8962372540875,54576400
2022-01-13,367.3900146484375,378.8788541706966,366.4561289540999,378.1978779155955,77994000
2022-01-14,369.6760559082031,370.0068064199914,364.6660807383496,364.8703913946755,80121200
2022-01-18,360.4732971191406,365.9891209009165,359.71450953046275,363.86841067713556,75450900
2022-01-19,356.5140380859375,364.5007689267913,356.25136140354783,362.029832788458,81791500
2022-01-20,351.8834228515625,363.70301100121503,351.34839137289583,359.73397518513565,88610700
2022-01-21,342.126220703125,352.3309484155579,341.84409858774796,349.6946518810321,143388900
2022-01-24,343.69244384765625,344.35397467492515,325.0632096858729,336.5034209388335,198685800
2022-01-25,335.7251892089844,341.484215932367,332.38847051367037,337.24279444579196,124398400
2022-01-26,335.1997985839844,347.17503907067993,331.51285522302607,343.3129977401189,146559500
2022-01-27,331.82421875,341.71764171534386,330.80275437199975,339.89849877273497,95255700
2022-01-28,342.2332458496094,342.447264423983,328.7599022902496,333.7017452516599,108167900
2022-01-31,353.17730712890625,353.76099683287447,341.9608519381852,343.59518904683466,94326400
2022-02-01,355.5801696777344,356.2319630008931,349.373690044565,354.5198143088772,74433000
2022-02-02,358.4693908691406,360.0356244798105,354.3836221433139,359.7048738939835,78777100
2022-02-03,343.9356994628906,352.08782204918896,342.87534402284484,348.78028614385136,95384800
2022-02-04,348.27435302734375,351.5721505685939,342.3985953365478,344.4512021440884,86318300
2022-02-07,345.4726257324219,351.2316210641107,344.2176975846905,348.8677094298636,58198100
2022-02-08,349.3541259765625,350.44366407130263,343.20598422745877,344.33444287920713,64720900
2022-02-09,356.7572326660156,356.8350441003599,352.27258059296145,353.86799703006915,55766400
2022-02-10,348.68292236328125,356.52373803272644,346.84433406588846,349.74327756855774,112468500
2022-02-11,337.6220703125,350.27828670953545,336.39632517138085,348.68287051394003,101569100
2022-02-14,338.04034423828125,341.43545733374987,334.53826642159675,337.06753824749495,80254400
2022-02-15,346.4454650878906,346.6789290679671,342.2526728821173,343.3130280418822,55128800
2022-02-16,346.3578796386719,347.37931413168127,341.17280668796377,344.19824898721663,58947100
2022-02-17,336.0558776855469,343.84803432565775,335.63754850169113,343.14761274914025,61801400
2022-02-18,332.2229919433594,337.37885195183105,329.91744643602993,336.9897354830625,80001500
2022-02-22,328.8863830566406,334.6843307239925,325.25783409201006,329.28523725335987,85967100
2022-02-23,320.4617919921875,332.8747773875307,320.15048692148855,332.03817840867356,86215400
2022-02-24,331.2307434082031,331.7658045821459,309.60528254944063,310.1694970315348,130614100
2022-02-25,336.3671569824219,336.571467640058,328.2150667421436,332.0284500570756,78842100
2022-02-28,337.3691711425781,339.06187408237105,332.0382122795594,333.1958540080665,77515500
2022-03-01,332.2035217285156,338.6143099045402,329.68395767300495,336.3476849169218,67407000
2022-03-02,337.77777099609375,339.11051074418504,330.98757301152676,333.750339065548,70609000
2022-03-03,332.9526672363281,340.5210984604028,331.09460378869966,340.41407433832154,71089400
2022-03-04,328.12750244140625,332.02846460203284,325.81224874261795,330.5984383743675,76936300
2022-03-07,316.02581787109375,329.2754636715576,315.8215368751897,328.1178218819508,89933800
2022-03-08,314.5569152832031,324.14877091450364,311.2396423195089,315.2378618637905,116153900
2022-03-09,325.8803405761719,327.2325554489857,320.1407899136627,322.7284579772235,64723400
2022-03-10,322.2615051269531,323.4678050248186,317.8255111481958,321.82376014149736,69362700
2022-03-11,315.5783386230469,325.5398947178909,315.0919355025774,325.2285895957447,66228400
2022-03-14,309.51776123046875,317.70877279649835,308.81733958006123,314.3428716623377,79802600
2022-03-15,319.22637939453125,320.00464224223913,310.54896387835566,312.15408832569585,76471000
2022-03-16,331.0653381347656,331.1820701022998,319.46947779422374,323.1369753377898,105243000
2022-03-17,335.0734558105469,335.13182182249585,327.8746940224361,329.1685135375677,67810000
2022-03-18,341.9316711425781,342.2235308402903,332.2619743080111,333.41961616057836,85446300
2022-03-21,340.98101806640625,343.31866317461163,336.5979780751096,341.09792410133036,73799100
2022-03-22,347.68218994140625,348.5490720835401,341.0979103437439,341.4777583376518,63345900
2022-03-23,342.68548583984375,348.36397350473,342.62704769272557,344.8088475078949,70615500
2022-03-24,350.30230712890625,350.351025410237,342.4517974996988,344.604348920767,53555300
2022-03-25,350.0101318359375,351.29583081945475,345.7147486803651,350.24388447861514,57584200
2022-03-28,355.42559814453125,355.5230049812949,348.7633807065235,350.00036133268156,56833900
2022-03-29,361.54241943359375,362.16576976509015,356.54574828178664,359.31193039992064,68073000
2022-03-30,357.5489196777344,361.33782852557766,356.06843686648347,359.68200152367945,68757700
2022-03-31,353.11712646484375,358.0456081653354,352.27946351656954,357.69494957263856,67011400
2022-04-01,352.44512939453125,354.1593648604611,349.269850841836,353.3801696236196,54527800
2022-04-04,359.70147705078125,359.71122665164575,353.0197902241706,353.2827619279761,45950200
2022-04-05,351.7145690917969,358.9611966423126,350.5749657641546,358.2501595469128,62738700
2022-04-06,344.0783386230469,347.5068387031979,341.44850312291874,346.4062040659175,90077100
2022-04-07,344.896484375,347.0880039357675,339.6270937752949,343.08481274808463,63777400
2022-04-08,340.0751953125,343.9127926867397,339.4420954838791,343.16281654814475,61956100
2022-04-11,332.0299072265625,336.76357619913693,331.68899816767185,335.8480054578386,66107400
2022-04-12,330.6273193359375,338.65314282857037,329.2539632767462,336.77331286308385,72790200
2022-04-13,337.34796142578125,338.39987787475087,330.2474287909676,330.9681858074025,61367800
2022-04-14,329.6339416503906,337.9519889254957,329.41965842751523,337.4357652146236,73519400
2022-04-18,329.88702392578125,332.1759504193535,327.0624045126952,328.58185577557975,58560600
2022-04-19,337.2603454589844,337.8350071673093,328.2215436745014,329.2442411729046,56515700
2022-04-20,332.34149169921875,338.5264527308167,331.1239808553761,338.0686674645564,65500000
2022-04-21,325.465087890625,338.8284920047036,324.5397972136839,336.2181551269493,75801000
2022-04-22,316.9425354003906,326.8384708052652,316.51396904520493,325.6209595063052,82562100
2022-04-25,321.01385498046875,321.3255449766904,314.04969696933296,315.3159264323357,101755900
2022-04-26,308.8971252441406,319.14368579729404,308.62437427991836,318.95862177122086,105819600
2022-04-27,308.52703857421875,314.48796770473507,306.8127735656662,308.99454377699504,111204200
2022-04-28,319.484619140625,321.31576034389815,309.26724715521,313.4847216823124,99450000
2022-04-29,305.1082763671875,318.7249309741561,304.4751765510485,315.28668087637624,91977900
2022-05-02,310.202392578125,310.4361452229706,301.60187658563825,304.69921802742374,115511800
2022-05-03,310.5334777832031,312.8224042977626,307.76729649145034,310.221787848372,78185500
2022-05-04,321.0333557128906,321.705424266024,305.7316834384654,311.0107952993053,116083400
2022-05-05,304.8647766113281,316.79638528062134,301.57262187157147,316.71847764967674,154607400
2022-05-06,301.2122497558594,306.9004581164156,297.1798386765447,302.86807676149334,139572800
2022-05-09,289.4267272949219,301.3096472968291,288.03390175661394,295.5922200348363,113387300
2022-05-10,292.94287109375,297.8129146763731,288.86177219356085,296.59540378071733,124124600
2022-05-11,284.2547912597656,296.18640185676054,283.3879386812416,290.6832567915973,140326100
2022-05-12,283.582763671875,288.06321179514117,277.5341750538862,279.97894758042247,120910900
2022-05-13,294.0923156738281,295.12476296168273,286.43658854427304,288.0339777666288,83684900
2022-05-16,290.6831970214844,294.40391787849285,289.40724783468886,292.34874379462224,59190400
2022-05-17,298.2123718261719,298.5922199090593,292.7384158515025,296.53707502676514,62715300
2022-05-18,283.57293701171875,294.3941605391823,282.3164573337348,293.70262261227504,79477100
2022-05-19,282.0534973144531,286.73850768800816,280.1054794237619,281.77105612186665,79920700
2022-05-20,281.1768493652344,286.1637695964297,272.9269937542438,285.51120035510417,91764200
2022-05-23,285.85205078125,286.23189867345786,279.82293525045037,282.21898805137243,63648400
2022-05-24,279.7742614746094,281.35215088037694,274.91396736497427,280.6411435224921,73491100
2022-05-25,283.68988037109375,285.7645243666123,278.079578831032,278.2841124050644,67144500
2022-05-26,291.550048828125,293.0987490190363,282.60865493867686,282.8911258210658,59462200
2022-05-27,301.0661315917969,301.21222696962036,294.5597598213431,294.6766361236019,66985600
2022-05-31,300.2674865722656,303.23820206563914,296.42013921910774,301.03696198777624,60968300
2022-06-01,298.0466613769531,304.52381326918936,295.8356723348379,302.4004814429057,65341700
2022-06-02,306.20892333984375,306.38423780833415,295.514294896039,296.92661969357243,59291300
2022-06-03,298.241455078125,302.4004612369623,296.9947252178479,300.9978864286025,60914700
2022-06-06,299.23492431640625,304.2315932075974,297.67650460613703,302.67317349732815,51785000
2022-06-07,301.8161315917969,302.59535654257195,294.8227548582987,295.9136400649913,44900300
2022-06-08,299.64410400390625,303.61804712763023,298.7966913157756,301.01743035758443,38342100
2022-06-09,291.6183166503906,301.0174984578301,291.4527517501581,297.959125360913,55900500
2022-06-10,281.33270263671875,287.20597460384334,280.8846669045221,286.01768266023385,85963500
2022-06-13,268.2518005371094,275.00167522673036,267.3946679306064,272.4789956879142,94442000
2022-06-14,268.73876953125,271.41729371088064,266.2355598004326,270.44328491828765,64697500
2022-06-15,275.44970703125,279.37496173778936,269.4205895185,272.1575818938242,86051400
2022-06-16,264.3363037109375,268.8849088704275,262.28112936584387,268.4271234740811,81910300
2022-06-17,267.5505065917969,269.98552883699915,263.4791565316729,265.10573474580815,82703400
2022-06-21,274.30072021484375,276.6135840600137,271.9195970898148,272.02692974453197,51633700
2022-06-22,273.9006042480469,278.30180844546015,271.2071624610074,271.8024357299077,67472900
2022-06-23,277.9798278808594,278.82883994949555,273.5493179041933,276.37936806015966,57457800
2022-06-24,287.5043640136719,287.92401558987484,280.56586254296246,280.80006451551657,58422300
2022-06-27,285.3964538574219,289.42681798517424,284.26442815111665,288.8608200227862,54151500
2022-06-28,276.70135498046875,288.5192616412146,276.5159351758475,285.9331824998259,61609800
2022-06-29,276.955078125,278.45794354155225,274.06647805469794,276.56473159358586,57302700
2022-06-30,273.5199279785156,277.09165604481103,269.12846343854136,273.9785932439517,79313600
2022-07-01,275.32525634765625,275.71560271344885,270.34825828462397,272.2219625345547,56675100
2022-07-05,280.0388488769531,280.15594985091695,270.0751105884705,271.5974828130593,61829300
2022-07-06,281.83447265625,283.9326410168725,278.7019024096697,280.4194628152482,63194700
2022-07-07,287.865478515625,288.5681142475734,282.64450756949054,282.64450756949054,56620100
2022-07-08,288.22650146484375,289.5927291083753,284.0985135096991,285.0353510679023,59895500
2022-07-11,282.0686950683594,286.0405087026964,281.1904079923632,285.8160750990645,55273900
2022-07-12,279.336181640625,285.2305115091865,277.74549076739095,283.3177929939941,55797100
2022-07-13,278.7604064941406,281.1025149781684,273.2661916044825,273.83221927188373,73939400
2022-07-14,279.7558898925781,280.62440871511484,273.0515607161218,276.16462427336086,63741800
2022-07-15,284.8304443359375,284.93780675556116,281.1318462068161,282.74207403045335,63818100
2022-07-18,282.41998291015625,289.0169486418252,281.24894346518283,287.611677482635,59519600
2022-07-19,291.1053161621094,291.3980983569474,284.4400614458328,286.04049094114333,55172600
2022-07-20,295.7212219238281,296.90202960971567,290.744222805503,291.52494548414666,67769400
2022-07-21,299.96636962890625,300.0249201186976,293.5255477180764,296.17994578756554,55049400
2022-07-22,294.70635986328125,301.10813827886636,292.88146674837793,299.0392748591571,57127700
2022-07-25,293.02783203125,295.2040577901947,291.0272875191682,294.73562410111066,40582400
2022-07-26,287.27008056640625,291.58348762062855,286.46011245335563,291.32974903463776,50074100
2022-07-27,299.4100341796875,301.09831895746373,291.2614222284855,291.82744986147276,69304400
2022-07-28,302.3376770019531,302.9134431929837,295.4479598258604,299.19533912815126,55139900
2022-07-29,307.8514404296875,308.7590324776936,302.45481919119555,303.87962702583735,57501000
2022-08-01,307.666015625,311.120642967431,304.9921110110565,306.0850930494122,46358800
2022-08-02,306.7486572265625,310.8668761787576,304.3187231015019,305.3726912440391,48676500
2022-08-03,315.1023254394531,315.9220621529534,308.36872068296236,308.42727117810284,53735700
2022-08-04,316.5758056640625,316.8880947466427,313.0333526987041,315.1803029145353,38973700
2022-08-05,313.98980712890625,316.01962712162236,310.71086026801095,311.4915533925478,53894000
2022-08-08,312.9748229980469,318.5959077315919,311.51100133048016,314.907078320585,43878500
2022-08-09,309.43243408203125,311.33541455782307,307.8124973077939,311.081675885975,39764200
2022-08-10,318.0689697265625,318.3617519714591,314.29231404150215,316.7612924209817,51459600
2022-08-11,316.2635803222656,322.3921133408172,315.56094463561175,320.39156870404844,45897700
2022-08-12,322.4213562011719,322.61651454334356,317.25893707907943,318.31287551508046,40928400
2022-08-15,325.02691650390625,325.5246253333156,321.455188546756,321.47472522651265,38266600
2022-08-16,324.2657470703125,326.35414676715345,321.22100302538877,324.0510520527076,41186900
2022-08-17,320.5671691894531,323.436261971791,318.48853770617495,321.1331968983646,47842200
2022-08-18,321.338134765625,322.5189425848019,318.90820030114213,320.5183981966612,41937200
2022-08-19,315.0729675292969,318.9569851504218,314.31178143869266,318.3031614705781,51770600
2022-08-22,306.77801513671875,311.05237977233116,305.96804680393296,310.81817780266437,51098900
2022-08-23,306.5242614746094,309.35431072684594,305.7728139625083,306.54376837538723,39497100
2022-08-24,307.4123229980469,309.2274475970766,305.4410240635622,306.0460655965721,38057100
2022-08-25,312.8480224609375,312.8675591476444,308.14429710244514,309.1884674875516,38098300
2022-08-26,300.0249328613281,313.75558914966086,299.93710712291096,312.55524449489485,69047700
2022-08-29,297.0679626464844,299.81018609423813,295.9652122628593,297.2728893341187,48321900
2022-08-30,293.7597351074219,299.33203795561866,291.24197482667506,298.7172280617715,51184500
2022-08-31,292.05194091796875,297.555924896819,291.9446082866473,296.6581011353187,50044000
2022-09-01,292.1788330078125,292.5496726386103,285.8844169711918,289.5634784705977,57990700
2022-09-02,288.0508117675781,296.42385775688933,286.44058427059224,295.04786195450646,64666800
2022-09-06,285.9820251464844,289.4464218980534,283.854610895695,288.5290910226605,57005400
2022-09-07,291.7591552734375,292.7545432113645,286.19662144134224,286.46012838191547,49260400
2022-09-08,293.2717590332031,294.5892043917732,288.32406480087906,289.6902922987745,55649800
2022-09-09,299.6833190917969,300.1810279756889,293.27177320994116,295.52605613582205,56125200
2022-09-12,303.2452697753906,303.5770657606081,300.747016654849,301.05930574029827,45905700
2022-09-13,286.6163330078125,295.71152355943633,285.7282775028178,294.52094725160663,79562200
2022-09-14,288.8901062011719,289.7683933119644,285.9917378884854,287.75808045201677,54907200
2022-09-15,284.0789489746094,289.37797535706585,282.47848993007943,286.97731657179395,65299400
2022-09-16,282.3419494628906,282.73229597764134,278.731177193004,280.7805336223577,79920400
2022-09-19,284.5405578613281,284.69698298823397,279.64262846808947,279.7012841612989,52613800
2022-09-20,282.27252197265625,284.5601839494864,279.9750741000764,282.0378693199994,51271100
2022-09-21,277.2181091308594,287.3757485704161,277.0812557791903,283.1132455183981,82931000
2022-09-22,273.80621337890625,276.70000432671964,272.58416975490826,275.6930415739473,62757100
2022-09-23,269.34814453125,271.6358061387427,265.93617915578574,271.34249782903754,74815200
2022-09-26,268.233642578125,273.2391277430711,267.4417608144934,268.878885095722,71176700
2022-09-27,268.34124755859375,273.94307663877163,266.0242277024173,271.59675876301304,69780100
2022-09-28,273.6791076660156,274.9598069578421,266.8454494776389,268.32165784227294,79652100
2022-09-29,265.78955078125,270.0715956965803,262.8273187259255,269.6903038288932,81216000
2022-09-30,261.2826843261719,269.0353210743035,261.12625917908525,264.9683567551903,78482400
2022-10-03,267.41241455078125,269.00596386306034,261.5466064329693,263.0521722036864,61267400
2022-10-04,275.820068359375,276.5239665002185,272.75028123998936,272.75028123998936,66696900
2022-10-05,275.67352294921875,277.46258183875364,269.26023985446955,272.05626158200477,55766300
2022-10-06,273.5030822753906,277.82421076886277,273.18044612967617,274.67622596742297,53489400
2022-10-07,263.08154296875,268.9962218517526,261.75194406425254,268.86912454819236,71354700
2022-10-10,260.45172119140625,263.66814841441,257.74368321845105,263.2770705805112,60393000
2022-10-11,256.8735656738281,261.6444286795512,255.19203248058224,258.77996563092654,66522500
2022-10-12,256.7855224609375,259.425118132508,256.0914102086223,257.5089625595466,50580200
2022-10-13,262.8077697753906,264.1275826002605,248.57339587396288,249.45327606305003,112894100
2022-10-14,254.90847778320312,265.73090173715434,254.32192079522082,265.1345588543573,77244300
2022-10-17,263.3258972167969,264.1959765353664,260.77425528281674,260.8720247141836,64576500
2022-10-18,265.4083557128906,271.01018506656084,262.72961557378073,270.3454004390657,69781000
2022-10-19,264.4404602050781,267.55911798953014,262.0746004041456,263.89298703618215,53115400
2022-10-20,263.09130859375,268.6931672043855,261.9279505332129,263.5507981813768,60605500
2022-10-21,269.2602233886719,269.7979106618397,260.85255709108765,261.986617180999,77897700
2022-10-24,272.22247314453125,273.1512084780125,265.8873877095541,269.52419104231006,63963600
2022-10-25,277.8536071777344,278.23489911038496,271.68473333216065,273.16097158157777,59014500
2022-10-26,271.7140197753906,277.62872793281883,271.2252023988285,272.2321650011446,63492400
2022-10-27,266.7672424316406,272.05625105959984,266.2490971046528,270.59958454005965,57760300
2022-10-28,274.9305114746094,275.39978700768586,265.97537143833364,266.1415825130853,62651300
2022-10-31,271.7336120605469,273.5031287103649,269.8174263186617,272.68191903600575,47742000
2022-11-01,268.9571228027344,275.7614831825195,268.59540266363206,275.204224129554,45895900
2022-11-02,259.738037109375,271.9878014034031,259.6695955048992,268.9277993452256,79803100
2022-11-03,254.66412353515625,258.58444930817916,254.28286141146174,257.1277827515424,70038900
2022-11-04,258.76043701171875,260.64726549152124,253.28567478294306,259.59143276846174,78313200
2022-11-07,261.6053161621094,262.1430332516671,257.6752346520297,259.8064715479662,47333800
2022-11-08,263.5117492675781,266.74771876778345,259.58163742819613,263.12070123011625,63213800
2022-11-09,257.43084716796875,262.55364485772475,257.1473246731768,261.77154881663506,64862100
2022-11-10,276.4263000488281,276.71957861883755,267.7253543962646,269.8370496054912,99256700
2022-11-11,281.51971435546875,282.18452870756767,274.90113736604735,276.24049229556425,66961800
2022-11-14,279.05609130859375,282.741763917315,278.07845646792043,279.4666812340499,55290700
2022-11-15,282.91778564453125,286.70122803572764,279.57426106914244,285.6746934620761,73985400
2022-11-16,279.05609130859375,283.00574441872726,278.2348816226339,280.96249118192577,48859800
2022-11-17,278.440185546875,279.9164237510192,274.4416625000356,274.5980876597836,55462100
2022-11-18,278.4499206542969,281.54900592608294,276.00583391974624,281.45126632473546,53588600
2022-11-21,275.5855407714844,278.21535143793466,274.7545450656288,277.0617493138327,40083500
2022-11-22,279.5547180175781,279.71111335033106,274.18748200532116,276.3187488109687,41873400
2022-11-23,282.3605651855469,282.98623610970964,279.3983321471917,279.57429929757615,46390000
2022-11-25,280.5029296875,281.47077838437787,280.0141123925047,280.76688028618304,15498800
2022-11-28,276.3871765136719,280.54212517373634,275.45844118480625,278.5281995041328,38714200
2022-11-29,274.2950134277344,277.0128370816902,272.92633062269323,276.6120032182411,35618900
2022-11-30,286.79901123046875,286.90656660292825,273.7084930927616,274.55903083425244,74718100
2022-12-01,287.1509704589844,289.1355684335283,284.3744904741825,287.1216426006435,51547300
2022-12-02,286.0071105957031,286.88700597383513,281.9108175119256,282.0868144885837,53583200
2022-12-05,281.2069396972656,285.1565635314254,279.7502432906329,283.8856499926698,41482100
2022-12-06,275.3802185058594,281.1873727687558,273.991993519204,281.0505193835465,53937600
2022-12-07,274.25592041015625,276.2503039825609,272.54505931577694,274.1972647022958,45614300
2022-12-08,277.5016784667969,278.4695274919775,273.532483071853,275.60506433206405,42594900
2022-12-09,275.73211669921875,279.2516078103331,275.2921691221875,276.4848847255361,47860500
2022-12-12,279.19287109375,279.2515566169683,274.871742944388,275.9080332155946,35732500
2022-12-13,282.1942443847656,290.2401885409192,279.5155349090662,290.0153218239279,80667700
2022-12-14,280.1021728515625,284.8925776911261,276.856417960983,281.6077090523937,64984400
2022-12-15,270.69732666015625,276.68044714031987,269.5046109553816,276.01563277082005,60554100
2022-12-16,268.1163330078125,271.55759662339494,266.51299768012547,270.02273272438384,68300400
2022-12-19,264.3483581542969,268.47404612090867,263.11357960823074,268.3858519256861,44167900
2022-12-20,264.142578125,265.8869331436149,261.6044454235954,263.1821914650864,51064200
2022-12-21,267.9743347167969,269.27768908130616,264.3386037768599,265.18139832829826,46394700
2022-12-22,261.4183044433594,265.09321299702117,257.20439135793777,264.9658113821237,60278400
2022-12-23,262.0061950683594,262.6726010348919,258.25290263889315,260.15405720930426,39373600
2022-12-27,258.3018798828125,261.5064182969755,257.76290542316593,261.3986054611623,38009000
2022-12-28,254.89163208007812,260.15409570007984,254.52904593217914,257.90016402550407,47139000
2022-12-29,261.1046447753906,262.0454127740725,256.9985455070873,257.6943196587652,45893600
2022-12-30,260.9478454589844,261.07524704462577,257.03775322586284,258.34110733474483,37858300
2023-01-03,259.18389892578125,264.7403425754029,256.8809508045334,263.2703795073479,42335300
2023-01-04,260.4186706542969,262.09445023311,257.27295778358507,261.300672498505,47754900
2023-01-05,256.34197998046875,258.919320349099,256.02841054713053,258.7527412605254,45396700
2023-01-06,263.4173889160156,264.5345752837796,255.126804985391,258.07654065905234,54659700
2023-01-09,265.1225891113281,269.77747289377504,264.51500906581396,265.40676048327515,45568700
2023-01-10,267.36669921875,267.4745120737934,263.58400819036984,264.09358467777196,35247800
2023-01-11,271.9921875,272.1000003561461,267.65090322153156,268.4349015637978,44077000
2023-01-12,273.462158203125,274.4911504479409,268.25849055952096,272.55078814271513,60600000
2023-01-13,275.34368896484375,275.58868281451504,270.63000968968595,270.96319773646184,44802900
2023-01-17,275.9023132324219,277.1860787569483,273.98153970173576,275.14771295019546,36269700
2023-01-18,272.3155822753906,278.9892126837552,272.1097958051242,277.4408347282873,47754500
2023-01-19,269.6402282714844,271.82558420366604,268.40547959041226,270.6888091384825,44150400
2023-01-20,277.01947021484375,277.3526582997376,270.189039708322,271.2474300076123,60613600
2023-01-23,283.1737060546875,284.39867540350957,277.06847796030434,277.8622557058228,52799900
2023-01-24,282.5955505371094,283.7519145329774,281.0373929684775,281.55677882468814,44875100
2023-01-25,281.96832275390625,282.58568211289065,275.54946616435143,278.08759877286985,50872000
2023-01-26,287.4660339355469,287.6424223629357,282.7425444478146,285.38849048457257,51596300
2023-01-27,290.3275146484375,292.28746540168373,286.0352177137922,286.152809973951,56441900
2023-01-30,284.45745849609375,288.48517308170074,284.0850929525682,287.0641967396339,49405800
2023-01-31,288.7203369140625,288.81834043174297,284.38886255344715,284.4966454883634,46705100
2023-02-01,294.8942565917969,297.35397489362185,286.44684220280044,288.5146061711699,67562200
2023-02-02,305.4779052734375,307.39864851001664,300.5878380395017,301.41101371232133,83070600
2023-02-03,300.04888916015625,306.13455850213956,298.44174490358915,298.83372911935095,76170800
2023-02-06,297.5107727050781,299.7843231515215,296.16821099081466,297.4323878201747,40802300
2023-02-07,303.67474365234375,304.8017092397127,296.26613294999623,297.38328921452313,67584000
2023-02-08,298.2751159667969,303.30239469294725,297.58915111170046,302.36162665672765,56720900
2023-02-09,295.6390075683594,302.8026262239471,294.18866293953266,302.65563587730645,49137800
2023-02-10,293.6985778808594,295.5311267103293,291.2976266907114,293.4829821417176,50050100
2023-02-13,298.4025573730469,298.9905486890682,293.92406189600115,295.10004452804384,39636700
2023-02-14,300.607421875,301.55799910783185,294.88436973843034,296.8247315897238,64079100
2023-02-15,302.9103698730469,303.07694892568617,298.10849690555597,298.7944616686417,43100600
2023-02-16,297.2265319824219,302.25381065614226,297.0795416511825,298.28492218029794,59498600
2023-02-17,295.12933349609375,295.88390363037774,292.13061179007104,295.04113931726596,58230700
2023-02-21,288.1422119140625,292.74810899592325,288.00503088741164,291.30754373044596,46526700
2023-02-22,288.3577575683594,290.4254912794168,286.70159677213525,288.72034367644244,51389200
2023-02-23,290.8763122558594,292.16007766757474,286.6917980591671,292.0032780111049,69294400
2023-02-24,286.0058288574219,287.1033965295427,284.24185517881966,285.9176346594632,74332000
2023-02-27,288.05401611328125,290.5529418079931,287.4660248008548,289.16139327194696,48995000
2023-02-28,287.6815490722656,290.19028346864906,287.0935579060723,287.42674592207146,48243100
2023-03-01,285.368896484375,288.04421063661897,284.38892091939636,287.38764375571253,58287000
2023-03-02,287.7305908203125,288.5341779040145,282.59552879500677,282.8797300624582,53565900
2023-03-03,293.67901611328125,293.9142305420157,288.9653369053291,289.4749432455241,60511500
2023-03-06,294.0121765136719,297.9124889444724,293.8161993990393,294.9137669416939,56736300
2023-03-07,290.4058837890625,294.9823817088426,289.79830387350347,294.0612025121971,65955800
2023-03-08,291.8562316894531,292.45400222774674,288.97510210579657,290.82723974873534,50876300
2023-03-09,286.7996520996094,294.95305596824016,285.98625563400026,292.35609679890285,71456700
2023-03-10,282.77191162109375,288.4557873254567,281.62535706186685,286.9662054618756,98593600
2023-03-13,284.8689880371094,288.5732930286677,279.4791245363173,280.9882946903504,97123600
2023-03-14,291.41522216796875,291.9640058907072,287.5737361087998,288.4165004306945,73602500
2023-03-15,292.944091796875,293.2772799039836,287.36802837614084,288.8085936693205,83631500
2023-03-16,300.6661682128906,301.0287542271257,291.23881221690783,292.03258968225157,98198100
2023-03-17,299.245361328125,302.9594775544409,297.2952192817158,300.57814381337573,89923700
2023-03-20,300.3072204589844,300.6310997605843,296.42051907593594,298.6288768996996,56359500
2023-03-21,304.596435546875,305.047913794127,300.72935198091506,302.2408590990121,49757000
2023-03-22,300.45452880859375,309.4155616024022,300.2876918296602,304.5277173641124,75791900
2023-03-23,304.017333984375,308.33589544993333,301.3280538352292,304.18420090621953,74576000
2023-03-24,305.1362609863281,305.23438628802813,301.26917759155515,303.5953103540764,57195200
2023-03-27,303.0456237792969,306.9127064965641,302.1917301252153,305.8330587920121,50287400
2023-03-28,301.43597412109375,302.49600280278304,299.1294607378363,302.466559225668,48585900
2023-03-29,306.9323425292969,307.55068761030134,304.3117443176052,305.1263998840245,53274300
2023-03-30,309.8375549316406,310.4657245286793,307.02067616071264,309.4056958218703,58354800
2023-03-31,314.9903869628906,315.22596553535897,309.7590450153617,310.0633053000576,62138100
2023-04-03,314.2248840332031,314.4899062337694,311.54542811391536,312.8704193056254,47126800
2023-04-04,313.1648254394531,315.6774438935838,311.94775434717684,314.6665077964357,45875400
2023-04-05,310.07318115234375,313.15505259714274,308.25741370081585,312.2128280095788,62795700
2023-04-06,312.1637268066406,312.6544731339284,307.03053939298894,308.4242421889301,46916500
2023-04-10,311.987060546875,312.03615315052036,307.4525693445177,309.23889313719735,45134700
2023-04-11,309.9847412109375,312.0066431747439,309.47437592996783,311.9477260723513,40113600
2023-04-12,307.2463684082031,312.52680195388945,306.78506581343356,311.9379005633457,62813300
2023-04-13,313.2630615234375,313.7341588846754,307.82558317448485,309.00335653036205,54613800
2023-04-14,312.67413330078125,314.4309836490865,309.7688933736916,311.71225968201486,56278300
2023-04-17,312.9390869140625,313.2924398141298,310.19091970365525,312.261854645645,43007000
2023-04-18,312.9587097167969,315.4713582784349,311.76131752372714,315.04929370487713,46746900
2023-04-19,312.81146240234375,313.8714910627291,310.42644284563727,310.55404166149606,38960100
2023-04-20,310.42645263671875,313.3611056829367,309.14069983335924,309.8473756449807,62462100
2023-04-21,310.7503967285156,311.52578436665596,308.2868703610676,310.0633697939143,59002300
2023-04-24,310.1025695800781,311.85941960168043,307.9334495735245,310.52460416943904,44043100
2023-04-25,304.25286865234375,309.14071237711994,304.15474335870545,308.4733046259451,57121600
2023-04-26,306.0980529785156,309.1112420614219,305.5778631655687,307.63900335088084,55400500
2023-04-27,314.4211730957031,314.92171397402467,309.21924413400245,309.85723831198396,65430400
2023-04-28,316.5902099609375,316.678540689249,313.056831064611,314.18554141895567,59712600
2023-05-01,316.22705078125,317.64040228723445,315.14740310962685,316.12889554696204,41013400
2023-05-02,313.4691162109375,316.48230572803664,311.7318551123893,316.1583963914901,56519400
2023-05-03,311.4178161621094,316.50194097973383,311.30983639348045,313.832279731987,59882100
2023-05-04,310.3184814453125,312.3403534983685,309.28789639998797,311.1919941513549,50224500
2023-05-05,316.9141845703125,317.76807840609376,310.35779072970627,312.57597376263107,51806100
2023-05-08,317.69927978515625,318.0428081183412,315.37314757178615,316.45279521060826,36465800
2023-05-09,315.6872863769531,316.9043275857456,315.37320156411107,316.0406093268182,31768800
2023-05-10,319.1225280761719,319.9764218717756,315.64803577940484,318.1213864238547,60446600
2023-05-11,320.1628723144531,320.7026812198648,318.1213510973268,319.67212605397896,44278500
2023-05-12,319.0145263671875,321.1149348281114,316.9632105060504,320.6928702621586,48432800
2023-05-15,320.7419738769531,320.97752251513634,317.96433305634275,319.4856645520145,33375600
2023-05-16,321.1050720214844,322.81285929154046,319.98615625643214,320.0254243410232,40019200
2023-05-17,324.9918212890625,325.5708983222604,320.9873447050186,322.16511784019536,47486100
2023-05-18,331.0279235839844,331.24385310528055,325.3647233452558,325.3843424098208,64213500
2023-05-19,330.28204345703125,331.95056269847424,329.22201480691604,331.2438869159886,61554900
2023-05-22,331.3911437988281,332.40207988096876,330.0170303294707,330.02685483940945,43015900
2023-05-23,327.19036865234375,330.82190336326596,326.8370456829929,329.6735737600976,48216700
2023-05-24,325.5119934082031,326.74868358782186,323.46067760334,325.237176696374,62891200
2023-05-25,333.43267822265625,334.6988121050236,330.43913767543575,332.8634256751795,66862800
2023-05-26,341.95196533203125,342.7862399093372,334.3552233152055,334.4533785512602,63007000
2023-05-30,343.5027770996094,347.37965474183784,342.0796009058038,346.18223261994183,72652200
2023-05-31,341.5495910644531,344.11130225670985,340.0970012254624,341.9225630348241,65105400
2023-06-01,345.4952087402344,346.8201997459397,340.2442175064159,341.2944217437348,50488600
2023-06-02,348.0863342285156,349.24448827334294,345.49520941716,347.25205955281666,53372100
2023-06-05,348.3316650390625,350.8835514034604,347.3011099461194,347.87036238875686,47266200
2023-06-06,348.2727966308594,349.2346700680704,346.3981423533168,347.7231632246743,41390400
2023-06-07,342.3642578125,350.5106344564043,341.73608816769587,348.55747375650026,69225900
2023-06-08,346.61407470703125,347.0753773858951,342.4329369727751,342.6586610808147,47153900
2023-06-09,347.9390563964844,351.04057598013395,346.4962613679001,348.0666552011465,53196900
2023-06-12,353.8182067871094,353.91636202351594,348.6261332475332,349.59780119658103,44606500
2023-06-13,356.5369873046875,357.3712319959438,353.3667556384782,356.5664308825815,57097800
2023-06-14,359.1281433105469,359.41278455684176,353.7495829280698,356.54681293006774,69525600
2023-06-15,363.4075012207031,364.8895348483022,357.2437281859161,357.8620434342948,71138800
2023-06-16,361.1205749511719,365.9495318537329,360.67892124082596,365.82193301981806,80932000
2023-06-20,360.6035461425781,361.999190422026,357.6452217797614,359.66986728815994,49204700
2023-06-21,355.68939208984375,359.89594138420165,354.76552112387077,359.46348986847545,53378300
2023-06-22,359.8861083984375,360.0433362169983,354.0382053490681,354.44117286954963,47603000
2023-06-23,356.31842041015625,358.6182598188581,354.6279363156579,355.99406677913646,48922900
2023-06-26,351.5417785644531,358.57890804736354,351.4533266707655,355.78764942462146,52685500
2023-06-27,357.5862731933594,358.31359439431293,352.35759290319345,353.0848841102833,49428100
2023-06-28,358.28411865234375,360.23012057412603,355.6894094314815,355.76805334391855,46498000
2023-06-29,357.5665588378906,358.62804147138905,355.9252349421489,357.9891722966641,46151000
2023-06-30,363.080322265625,364.1319369850528,360.9279028966516,361.24238851694764,58712500
2023-07-03,363.9353942871094,364.5643955337729,362.63803984892405,363.7191685474118,19432900
2023-07-05,363.9255676269531,365.6258896326675,362.3333734913829,362.3726954436045,34460900
2023-07-06,361.15399169921875,361.5962812236896,358.264442790466,360.2203126942512,49374700
2023-07-07,359.9549255371094,364.1221830587918,359.7288917758838,360.9279564882664,47133700
2023-07-10,360.07281494140625,360.75097612528987,357.1734584248159,359.67968541300456,48498800
2023-07-11,361.8517761230469,362.30387357517714,358.3626803681237,360.49545377279605,38214100
2023-07-12,366.4219665527344,367.7684509021404,363.9451935946004,365.9501931335994,61975400
2023-07-13,372.64337158203125,373.46895267792223,369.01669355737863,369.59656492256886,46960000
2023-07-14,372.5647277832031,376.289665406279,371.6899868150142,373.07579318427884,55148500
2023-07-17,376.0439758300781,376.918716845104,372.80061946885183,373.28220093014846,40868900
2023-07-18,379.1202697753906,380.48643025096686,373.4787840563649,375.4051399126897,55262000
2023-07-19,379.03179931640625,381.32183065046223,377.70496086028794,380.1817339767386,54093000
2023-07-20,370.2944030761719,377.50843718826167,369.2722421956274,376.04398679380813,71941700
2023-07-21,369.18377685546875,373.4001640896318,368.7513253445873,372.6728429155879,60499600
2023-07-24,369.7735290527344,371.1003377122522,367.9159489392237,370.156820667256,40380100
2023-07-25,372.2796936035156,373.9406936381096,370.46143575568584,370.48111172850344,38894400
2023-07-26,371.0413513183594,372.73183551991457,368.7415117640106,371.23793110681225,47075700
2023-07-27,370.1567687988281,378.10793162303287,368.8692522842773,376.4960914801021,63940200
2023-07-28,376.8990173339844,377.92114804569115,373.694953388114,374.20601874396743,56902900
2023-07-31,377.0956115722656,378.27503021734213,375.77861108178536,377.20373944509765,44019900
2023-08-01,376.22088623046875,376.977661335996,374.15691867719516,375.7491127916499,41060600
2023-08-02,367.965087890625,372.7515087651388,366.72670121894356,372.7515087651388,72687100
2023-08-03,367.3753662109375,369.4983018652998,365.39001240778197,365.5571082205294,47666400
2023-08-04,365.6553649902344,371.6113658724889,365.1541075912585,369.30168863408903,61702800
2023-08-07,368.7513122558594,368.8496021400914,365.13447246946816,367.46379575584587,37230400
2023-08-08,365.6160583496094,366.2647356007834,362.490637952567,366.24508962124304,44726500
2023-08-09,361.5963134765625,366.0584111000442,360.83953821633634,365.90115325495816,51150900
2023-08-10,362.2646484375,367.9356190614827,360.7412598798043,364.6038102181177,72035300
2023-08-11,359.9549255371094,361.68473167795355,358.4315371702507,359.7092158009151,48707200
2023-08-14,363.9943542480469,364.1122901045981,358.44132104712014,359.1587741724269,42130800
2023-08-15,360.13177490234375,363.8174200810838,359.46342178126736,363.0212931281273,45539900
2023-08-16,356.31842041015625,361.12448699666004,356.2201305221544,359.59126072419207,53190500
2023-08-17,352.4263610839844,358.0580388030528,352.0135855407682,357.71403918779725,62604300
2023-08-18,351.98406982421875,353.2421023084122,348.6227478776219,349.1633272225095,61191400
2023-08-21,357.6550598144531,358.33322103619656,352.9865751686361,353.44851063860824,50696500
2023-08-22,357.1440734863281,360.26949459542703,356.45607412546644,360.25965660648455,44530200
2023-08-23,362.775634765625,363.86660148965944,358.1071502121783,358.3233759596713,51770600
2023-08-24,355.0210266113281,366.3433186005974,354.814638865053,366.24505871732504,66842500
2023-08-25,357.7730712890625,359.4635557072925,352.4264242915845,355.85655307839113,69960500
2023-08-28,360.46600341796875,361.39968237368765,357.9990681887623,360.69203716817907,40910000
2023-08-29,368.3385314941406,368.6923691023836,359.945108707373,360.26943235388745,58492400
2023-08-30,370.39263916015625,370.97254048337203,367.44412257396607,368.44663740934226,41731500
2023-08-31,371.5032653808594,373.2035874718416,370.402490614343,370.471296535716,35730700
2023-09-01,371.110107421875,374.2944956090259,369.6260112017312,373.87188211383943,39801200
2023-09-05,371.5819091796875,372.80061981456237,369.38032965344104,370.30420061660834,32344200
2023-09-06,368.3089904785156,371.14940891629277,366.30402098652354,370.80540934857504,42998700
2023-09-07,365.6750183105469,366.45146939646156,362.8149536720257,363.85676044832894,52060700
2023-09-08,366.1861572265625,368.41722104892494,365.2229941610685,365.6259617677237,35800100
2023-09-11,370.5007629394531,371.0118283442909,367.24756874146516,369.21324644388017,39936600
2023-09-12,366.3924865722656,370.48109960097645,366.10745492048966,368.8299076129813,41391000
2023-09-13,367.7880859375,369.3901179238382,365.4980848118178,366.62834339305766,46300700
2023-09-14,370.795654296875,371.7784932851186,367.4736837114587,369.5376215916778,48039400
2023-09-15,364.4465026855469,369.8619548094555,363.5127937007819,369.45898724728664,69811200
2023-09-18,364.826416015625,365.93863645323245,363.22206476755633,363.5075090480625,36903500
2023-09-19,364.04876708984375,364.84601643811385,361.0270773175103,363.5074353230393,37621700
2023-09-20,358.8027038574219,365.46614355197374,358.7239461147386,365.11182382173274,45514200
2023-09-21,352.22784423828125,355.9090030735523,352.0605365859801,355.1215757656396,69734800
2023-09-22,352.277099609375,356.10586190471264,351.9621286645115,353.9700308914129,51589700
2023-09-25,353.9503479003906,354.0389578892996,350.32827192663734,351.3125336610671,39168000
2023-09-26,348.6352844238281,351.91289229277817,347.6510228478301,351.37153040361153,53657700
2023-09-27,349.4522399902344,351.36170985960024,345.8301345452568,349.78688532316824,56066000
2023-09-28,352.3755187988281,354.50152754238655,347.68057155948935,348.536874378989,56453300
2023-09-29,352.63140869140625,357.23777601769604,351.40108163532835,355.84996349396636,64829600
2023-10-02,355.5743408203125,356.9719754148044,352.2869108139904,352.8971481752992,51625100
2023-10-03,349.3341369628906,355.3282864453552,347.7199335363626,353.13337228482897,60478500
2023-10-04,354.0881042480469,354.9345547909679,349.70812819170675,350.17073233689933,54786700
2023-10-05,353.0447692871094,354.48178270513296,349.5506528835014,354.0782318748588,45897400
2023-10-06,358.9602355957031,360.15118378118626,349.2652523404519,350.05264964515703,75049100
2023-10-09,360.7909240722656,361.3322559289201,355.1018933143861,356.597960109658,45304800
2023-10-10,362.7889709472656,365.436636991541,360.62361350091794,361.12556647967915,46968800
2023-10-11,365.3775634765625,365.5645755687648,362.39525226575506,364.11770992962386,38215100
2023-10-12,364.1078796386719,367.8579138612387,361.71613120455214,365.87956850775583,49587900
2023-10-13,359.5310974121094,365.31856077000174,358.13343264064804,364.73784999596586,52469900
2023-10-16,363.5960693359375,364.649236422345,360.7023379238582,360.84997115156034,44201100
2023-10-17,362.4051208496094,364.0980519457113,357.93656492665207,360.0527212874597,50999100
2023-10-18,357.651123046875,362.1196789996307,356.32236391560224,359.9149426875973,54280500
2023-10-19,354.30462646484375,360.2593967452439,353.50737702332975,359.06844869661955,72274200
2023-10-20,349.0191345214844,354.37351949388653,348.7927435626663,353.80263100200693,72559700
2023-10-23,350.0723876953125,353.6058837517017,345.5939787378642,347.7003132878632,60665200
2023-10-24,353.4779052734375,354.2456281895767,350.19047483575025,351.88340614278565,47082100
2023-10-25,344.82623291015625,351.2633126992723,344.24552212419906,351.08615280605477,71190500
2023-10-26,338.2513427734375,344.56046319125295,336.9619624891379,343.62540266266313,78621400
2023-10-27,339.8753662109375,343.34980841162735,338.664713645482,340.9777343824353,63476700
2023-10-30,343.70416259765625,345.02306953665595,340.9974431987372,342.3556989748793,55298500
2023-10-31,345.3478698730469,345.72189409468723,341.1647579872037,343.7336964353076,47671900
2023-11-01,351.34197998046875,351.90301624976615,346.0860271248136,346.18445928320784,58992700
2023-11-02,357.72003173828125,357.95624490601404,354.62943595313834,355.8499407400772,58162400
2023-11-03,361.92279052734375,363.21217069923983,358.7829939153068,359.009384875461,53280500
2023-11-06,363.399169921875,363.9602061702553,361.1353805495958,362.6905004600463,38848700
2023-11-07,366.83428955078125,367.7004144783928,363.24171088450566,364.44251116996185,50777400
2023-11-08,367.0704650878906,367.9070933221977,364.7869713303603,367.2082460705771,35663400
2023-11-09,364.2456970214844,368.9012351592412,363.7535662221592,367.7595181376134,53859400
2023-11-10,372.4347839355469,372.5824171770866,365.43666791374335,365.96817762056844,58309800
2023-11-13,371.2732849121094,372.3264519626699,369.33428848820785,370.85991188861345,40733500
2023-11-14,379.2655029296875,380.1808890311,377.14934653163624,377.6710039696422,67792600
2023-11-15,379.55096435546875,381.64744643002416,378.19267850224793,381.15531561580104,54141400
2023-11-16,379.8758239746094,380.1120371761785,377.52342403894215,378.7832778427842,45343500
2023-11-17,379.9643859863281,380.978174311578,378.2419280525446,379.14743197399827,46571900
2023-11-20,384.5903625488281,385.2498310279321,379.9741733069402,379.9741733069402,44429600
2023-11-21,382.3560485839844,383.10409690163175,380.61391662224213,382.88755818006416,43337000
2023-11-22,383.92108154296875,386.8837186036944,382.9171455132762,384.4230645764553,44121000
2023-11-24,383.3797912597656,384.10813531890716,382.38567731299275,383.5175722808512,15718800
2023-11-27,383.0450744628906,384.9938930766563,382.1690672796005,382.8875890129527,34139700
2023-11-28,384.0490417480469,384.629752496103,381.9427074752137,382.29705727580426,35491100
2023-11-29,383.6750183105469,387.9368879307099,383.3305207373286,386.5096965719259,38811700
2023-11-30,382.7104187011719,384.40334982807576,379.7478117570499,383.9407456818497,52834400
2023-12-01,383.8030090332031,384.3935720596323,379.9939210667959,381.6474735109709,40490100
2023-12-04,380.2398986816406,380.5154906920267,376.6374980933456,380.01350772989355,51186900
2023-12-05,381.1947021484375,382.3856503323413,378.16315945105106,378.3403493760643,42933000
2023-12-06,378.98992919921875,384.2262082878161,378.64546165801414,384.12777611720855,41994100
2023-12-07,384.28521728515625,385.1119933558489,380.8698286160153,381.96237452044045,49593500
2023-12-08,385.99786376953125,386.440763442931,382.36593626126034,382.5529483580109,46687500
2023-12-11,389.2951354980469,389.56090535273165,385.36794134333326,385.5746278679813,41198000
2023-12-12,392.39556884765625,392.51367542874294,388.20260499540507,389.3344997805244,39221200
2023-12-13,397.3857727050781,397.9960100971529,392.56289682480116,393.33061967890825,55408100
2023-12-14,397.0412902832031,399.9054650273427,394.03927446369323,398.60626257953487,55447800
2023-12-15,398.9606018066406,400.1417277666197,397.2184695510884,397.8188547219358,62896600
2023-12-18,401.4734802246094,402.3709508674687,399.0276552700058,399.35309710444824,46610000
2023-12-19,403.52484130859375,403.6431837912106,401.7397719688163,401.9271575987177,35711900
2023-12-20,397.5285949707031,404.8168311468239,397.3510812317631,402.7260335176809,54042400
2023-12-21,402.1540222167969,402.5189517146843,398.89948313848276,401.45380904002565,45568900
2023-12-22,402.7556457519531,404.3237440774188,400.8818192679094,403.3671020691094,34314000
2023-12-26,405.22119140625,405.8918189348546,403.5150068640605,403.61363564115584,22722500
2023-12-27,406.0460510253906,406.33221584781865,404.6448582070806,405.50335267436475,31980500
2023-12-28,405.8487243652344,407.4472786001535,405.493510166212,407.20059203535254,27029200
2023-12-29,404.09228515625,406.1842123547382,402.17799515628036,405.8289680708048,42662100
2024-01-02,397.2541809082031,400.7077928852175,394.93532112958644,400.46110631543075,58026900
2024-01-03,393.0506591796875,395.68528517613936,392.61651849103555,394.62945935762554,47002800
2024-01-04,391.02783203125,394.29395995431605,390.8107466354673,391.1857150566472,39432800
2024-01-05,391.4915771484375,394.2643317193187,390.10026131361894,391.19556531681906,44922800
2024-01-08,399.5829772949219,399.8691120770512,392.5671945465246,392.7152004878176,42473800
2024-01-09,400.372314453125,401.2998583916522,396.38585093731285,396.5832122441471,39132900
2024-01-10,403.08587646484375,404.09234688237234,399.8000244303325,400.68809010616457,33962800
2024-01-11,403.92462158203125,405.75010833943963,398.88233210983117,404.3587923820562,54536200
2024-01-12,404.1318054199219,405.79940904791505,402.7404895467562,404.96066868440437,39595000
2024-01-16,404.09228515625,405.67108506829044,401.4379355206149,402.8983307090454,43903000
2024-01-17,401.8128967285156,402.18786508866873,397.57977736936346,400.78670240011076,54386000
2024-01-18,407.516357421875,408.0985341433326,403.73713222559695,405.0790927808669,59562500
2024-01-19,415.5977783203125,415.75566133387474,409.1346024284831,409.71677910237185,70325100
2024-01-22,416.1405334472656,419.10077238644385,415.53860253748337,417.79826002605955,44880600
2024-01-23,417.8673400878906,418.08442548159593,414.99590469924146,416.8312383898438,33003800
2024-01-24,420.1861267089844,424.1528657583579,419.692753602394,421.7748037710198,46948000
2024-01-25,420.6993713378906,423.3537218006469,418.36078697855896,422.68271130259143,44367200
2024-01-26,418.1929016113281,420.5610864517094,417.54164551043004,418.8145565309628,37137000
2024-01-29,422.4754638671875,422.6728251918383,417.99562679298543,418.64688302860066,38694700
2024-01-30,419.6631774902344,422.0116384359929,418.75538778321743,421.43933884792625,36739000
2024-01-31,411.44366455078125,417.26546252783015,411.266057418616,415.2722455584934,64010600
2024-02-01,416.2884826660156,416.7818557553395,412.2724184917744,413.2394405875665,51008600
2024-02-02,423.3240661621094,424.53774491430374,417.18650258936236,418.18309593751326,59602400
2024-02-05,422.77142333984375,423.9160224374684,419.36713688926557,423.38320116850315,39889200
2024-02-06,421.9228210449219,424.5179684735846,419.5842372747902,423.9160376085168,35846100
2024-02-07,426.2645263671875,427.09338964924376,423.4029681072797,424.7054804561285,37712700
2024-02-08,427.0539245605469,427.8137083440557,425.7020869952788,426.38291421422974,29889900
2024-02-09,431.2574768066406,432.04689194825363,427.3993251082334,428.1887101367379,36943900
2024-02-12,429.5701904296875,433.3198449595482,428.8893329788555,431.14899075209667,33203300
2024-02-13,422.8701171875,425.55406834305234,419.69279287918516,421.6169602202019,64491700
2024-02-14,427.4782409667969,427.90253465627023,423.1957655614689,425.5442266157376,45092700
2024-02-15,428.7510986328125,429.2148705487781,425.61322284816464,428.16892199159685,38796100
2024-02-16,424.8634033203125,429.2248055310627,424.15294471005365,429.1261549818656,53716500
2024-02-20,421.65643310546875,424.37983239693597,417.8870550394781,422.87011177333653,53999500
2024-02-21,419.9690856933594,420.05791936146005,416.04185462250535,418.9231370059664,49779000
2024-02-22,432.26397705078125,433.30004866411934,427.9617473429976,428.73140828484816,53887800
2024-02-23,430.99102783203125,434.7505286525933,430.0141586762791,433.82298476432334,39853900
2024-02-26,430.76409912109375,432.7869471692382,430.5766149089948,431.8002008373945,33043200
2024-02-27,431.8001708984375,432.184986282359,429.26422577428366,431.8692503640229,33713200
2024-02-28,429.5010681152344,430.88253708025496,428.5439229619259,429.6589511430398,32938800
2024-02-29,433.181640625,434.25719051548447,429.25437937497003,432.4218567885407,42495200
2024-03-01,439.7039489746094,440.66109396972627,434.01043438056365,434.0696367420675,43853000
2024-03-04,438.13507080078125,440.12831755147187,437.8883842316844,439.7039937666643,34325700
2024-03-05,430.2706604003906,435.1057407802523,427.9024755873973,435.0958636822441,57917100
2024-03-06,432.9744873046875,436.13205790655667,431.0996750546539,434.48420818288076,46234500
2024-03-07,439.546142578125,440.7992995133113,435.0169506522898,436.55630255352224,44526700
2024-03-08,433.2013244628906,442.69384860902386,432.5303442452579,439.9013398799173,72096000
2024-03-11,431.5929870605469,432.8461440453612,429.6688196926347,431.71139180076773,45860000
2024-03-12,437.77984619140625,438.1350603881726,430.67526112502065,433.901940644511,55300900
2024-03-13,434.4150390625,436.8029782510088,433.30001097548626,436.78322405350747,37928700
2024-03-14,433.3197937011719,436.17147490901215,430.60624131940546,435.64850056359603,52195200
2024-03-15,428.16900634765625,433.0533829051464,427.00462272271886,430.29050506130005,73069800
2024-03-18,432.25262451171875,435.77008416544805,432.01547173361786,433.4876884393745,47323800
2024-03-19,433.3295593261719,433.7346638779125,428.15215128325195,430.24684485265067,43004100
2024-03-20,438.4674377441406,438.80337150894667,432.82567425217115,434.52512339661354,43653500
2024-03-21,440.5423278808594,443.97086631640985,440.34473575766197,443.51637126483735,39345700
2024-03-22,441.0462646484375,442.1429869204166,439.1788335545133,440.0285731989278,28253900
2024-03-25,439.4455871582031,440.9276637079466,437.2521126584658,438.2500236979711,27789200
2024-03-26,438.0228271484375,441.88611062299844,437.79556453713616,440.9672001706422,34142000
2024-03-27,439.51470947265625,441.2042983789603,436.64936762664576,441.10548724918266,41359200
2024-03-28,438.70452880859375,440.31505674341986,438.3488147734117,439.4653172142628,36839600
2024-04-01,439.63330078125,442.18245907233614,437.726339451207,439.6530509460299,38729000
2024-04-02,435.8392028808594,436.15538646711934,432.79601878365486,434.8215114618378,44259700
2024-04-03,436.8173828125,438.694673809478,433.70502798159896,433.71488798828096,39949800
2024-04-04,430.1381530761719,441.60944178188765,429.9108904729682,440.996824784503,57267700
2024-04-05,435.2068176269531,437.8745673418474,430.75069804531415,431.56090708796177,54744600
2024-04-08,435.3352966308594,437.2125875865216,433.9520311978938,436.13561556539395,28144900
2024-04-09,436.9458312988281,437.94374236584986,432.21305827665964,437.66708927505294,39443600
2024-04-10,433.1319274902344,433.99152706641837,431.0669044449502,431.7783023964343,61502200
2024-04-11,440.0483093261719,440.99682993017785,432.7268471276374,434.9993827274123,45474600
2024-04-12,433.0331115722656,436.9556753449203,431.65973632798597,435.82931285671975,53665000
2024-04-15,425.90924072265625,436.8667221559595,425.0693913833337,436.77780118867906,63453600
2024-04-16,425.9488525390625,428.57707219015,424.56558697347117,425.7512302498661,47619000
2024-04-17,420.7516784667969,427.9446892970782,419.82290801689595,427.9249391300538,56880500
2024-04-18,418.3507385253906,423.1230122839189,417.77765197619533,421.39392278181145,46549400
2024-04-19,409.69537353515625,417.69859329896826,408.13426609892537,417.17492743365193,75231000
2024-04-22,413.81561279296875,416.1473991626759,408.9939180895196,412.32364582492045,47807700
2024-04-23,419.99090576171875,421.1864391995663,413.86497662605376,415.7422677634582,44384700
2024-04-24,421.4136657714844,424.59519137964264,419.1312702431236,423.0834744692618,48440300
2024-04-25,419.3782958984375,420.23789551957753,413.1436959522945,414.23052802555014,57392200
2024-04-26,425.8499755859375,427.38144255529767,421.8187408244751,422.5103584239281,41874900
2024-04-29,427.5791015625,428.57704279451684,424.84221094712433,427.9545657944638,30022200
2024-04-30,419.5166320800781,427.39140091265017,419.43760125575835,425.9982451797064,43665900
2024-05-01,416.4832763671875,425.00030192305,415.6335669199923,418.0938044365129,52251700
2024-05-02,421.7989807128906,422.6981107728826,415.6039115799332,420.2180930266731,36559000
2024-05-03,430.2764892578125,431.26454032422834,427.45064752834196,429.2489077059209,48515300
2024-05-06,434.9894714355469,435.0783924110158,431.3040301921814,432.07470879916997,30227200
2024-05-07,435.05865478515625,436.6889330215927,434.32747648868434,435.4341190165748,30996100
2024-05-08,434.8017272949219,436.20477300365775,432.32170959807235,432.44030104834115,24896700
2024-05-09,435.7502746582031,436.3233611678897,433.22086631601803,435.068517003567,24580100
2024-05-10,436.77783203125,439.0009468290101,435.23647485037026,437.25210737649155,27116600
2024-05-13,437.78564453125,438.78358573741383,436.3727387710848,438.6847746021528,22994200
2024-05-14,440.6015930175781,441.1351490219814,437.1730547027617,437.36078681259016,34478300
2024-05-15,447.48834228515625,447.73535506298566,441.56003561725066,443.0717526114495,41464700
2024-05-16,446.579345703125,449.25695573333155,446.41136374933757,447.300603706104,34780400
2024-05-17,446.3619689941406,447.31048959544074,444.1684943734974,446.70776275246817,35803700
2024-05-20,449.47430419921875,450.1362815132888,446.39158976534486,446.5793218760035,24474200
2024-05-21,450.3536376953125,450.54136979919565,447.42901515243744,447.62663741534305,23167700
2024-05-22,450.2647399902344,451.3614923460644,447.6661608786562,450.6105638917276,25120000
2024-05-23,448.2392578125,455.0765544193966,446.4508877649814,455.04691409303155,40899200
2024-05-24,452.47796630859375,453.7426703791155,448.15029811562783,449.84974703722804,29669500
2024-05-28,454.18731689453125,454.24659754757704,451.23305379035156,453.6932913505319,26216800
2024-05-29,450.98602294921875,452.7645027751896,449.899160765381,450.0375023855627,29739200
2024-05-30,446.1544494628906,450.19560488160533,444.83046464487313,450.0572632581326,30536800
2024-05-31,445.324462890625,447.0733324786168,437.76587868424843,446.38168470948995,55941300
2024-06-03,447.715576171875,450.13628314754243,442.5480583361609,449.13837209312464,32997500
2024-06-04,448.9407653808594,450.1362987474651,445.73948952356676,447.4586887576052,23767400
2024-06-05,457.9913024902344,458.07033330703183,448.98028172906453,452.50763121803925,33817400
2024-06-06,457.83319091796875,458.98922386503307,456.6672979648091,458.6730403056571,21966800
2024-06-07,457.4281311035156,460.17491196915165,456.3215186904431,457.467661590533,25829700
2024-06-10,459.2757873535156,459.6315014350847,456.015230729256,456.3017739959468,20660800
2024-06-11,462.42767333984375,462.5462648024494,456.5092567926191,458.0012236295698,22053300
2024-06-12,468.484375,470.80630087751473,465.6585636171395,466.35018122447093,34532600
2024-06-13,471.0237121582031,472.6737707294216,468.7512067349177,472.01176323840133,25859000
2024-06-14,473.4642333984375,473.5334042157013,470.36173831129486,470.8261235583217,23372600
2024-06-17,479.2640380859375,481.0425179080329,472.42674173146634,473.7309461963046,37054500
2024-06-18,479.41229248046875,480.0940501896612,477.6535626306648,479.21470034122336,24438600
2024-06-20,475.7168884277344,481.02271716377965,473.88898815377036,480.60775265362156,33918700
2024-06-21,474.44232177734375,476.7741378160484,472.9503852718537,475.44026293593026,37456800
2024-06-24,469.0409851074219,474.9490265120443,468.90245380557906,473.2171889334799,37751000
2024-06-25,474.40478515625,474.70165954196335,470.1889876740023,471.129140230183,29014700
2024-06-26,475.38446044921875,475.92877037792846,473.16771802191516,473.58334212660935,22737100
2024-06-27,476.6116027832031,478.0861593754013,474.32557950230506,475.1370763918568,26222100
2024-06-28,474.1375732421875,482.14363827525386,473.4943252654725,477.40334252534984,34881600
2024-07-01,476.9184265136719,477.4824878396145,471.3171649653183,475.05793318372764,24898300
2024-07-02,481.9258728027344,481.98524767467785,475.2953968944467,475.42405251727433,26723600
2024-07-03,485.9437255859375,486.0723812066587,481.1737429455758,481.1737429455758,18064900
2024-07-05,491.0106201171875,491.4460560048313,486.4880424937544,486.7849470721582,28495900
2024-07-08,492.1783142089844,492.7324997890288,490.35741441728845,491.3767232735326,22109400
2024-07-09,492.6038818359375,494.8107486472105,491.08976215311105,493.69247152313164,25614500
2024-07-10,497.74005126953125,498.2942369269607,493.2175036938141,494.52378120012463,28046900
2024-07-11,486.82452392578125,498.05673460649984,485.6369961812132,497.8489225363497,49966600
2024-07-12,489.68450927734375,494.43468031357077,486.9333627636992,487.3984860685638,37109400
2024-07-15,491.00067138671875,495.8102472892754,488.9620536365076,491.4558887928539,31151400
2024-07-16,491.1887512207031,493.2669624935249,488.0318560940838,492.45546558304693,25950600
2024-07-17,476.7698974609375,483.7269347890986,476.70064691464466,483.2123425264367,56268800
2024-07-18,474.51361083984375,480.6690578747681,471.32702835165105,480.49093325016867,49347400
2024-07-19,470.3077087402344,476.690779451391,469.0212128794801,474.1771324025522,42042900
2024-07-22,477.314208984375,478.3335178356134,472.75203854862707,476.1662445168207,40300000
2024-07-23,475.6319274902344,479.40238336168676,475.1569284518494,476.41373700871543,23282500
2024-07-24,458.5708312988281,469.2686376662744,457.7098653963061,468.90248253079744,58818600
2024-07-25,453.5138854980469,463.0835397795086,450.9013001454339,458.9073353666325,59256800
2024-07-26,458.1650390625,461.0943100672406,454.9982383756969,457.8483529536498,39992100
2024-07-29,459.0854187011719,463.05381067459047,456.8290828356766,460.8766312425985,28218500
2024-07-30,452.7815246582031,461.7178056143378,449.4365991488919,461.01518280406907,41317200
2024-07-31,466.1809997558594,467.8831499165186,461.5693600159238,463.0141989264488,44552100
2024-08-01,454.8894348144531,470.61450517713496,451.2476348425809,466.86386133368035,56653900
2024-08-02,444.0926818847656,448.8626651255824,439.8571027508125,446.2104865521691,66323200
2024-08-05,430.8515319824219,437.69972643798087,419.05525994795903,420.3021625718776,87483500
2024-08-06,434.9683532714844,442.4301081222253,430.04993302092026,432.6922358150409,63164400
2024-08-07,430.2577209472656,444.3400455113918,429.8618783945526,441.85608592677744,54929200
2024-08-08,443.4197082519531,444.33014311023425,432.61302829327946,436.48245194310226,47890100
2024-08-09,445.73541259765625,447.36828199277033,440.98521139268263,442.1034884926195,33574000
2024-08-12,446.69537353515625,449.65433226208825,443.8947276771572,446.7052794147843,27795000
2024-08-13,457.77911376953125,458.0463309110078,450.9507312570199,451.08929276754145,40084500
2024-08-14,457.9275817871094,460.2828556615313,453.6425036465701,458.69948537304487,34733700
2024-08-15,469.4963073730469,469.8921499851962,463.51898426676854,463.89504531860985,38280600
2024-08-16,470.0999450683594,471.46562770160637,466.75501924509746,467.7149534002889,38383600
2024-08-19,476.27508544921875,476.3146787618839,468.45708234495805,470.2384190047046,23737700
2024-08-20,475.2756652832031,477.9278438448903,473.5833906524261,475.36472760047764,29209300
2024-08-21,477.49237060546875,479.34295796614543,474.3453815043976,476.0574073595781,25658800
2024-08-22,469.92181396484375,480.50087108600786,468.89259906395546,479.8081238986909,37739600
2024-08-23,475.0182800292969,477.72983304685914,470.34726573430817,474.2661580883122,36061500
2024-08-26,470.40667724609375,475.3943780311616,468.32846606891127,474.47403729011756,27452600
2024-08-27,471.81195068359375,472.8807286031664,466.8143440444415,468.77380546465093,27510000
2024-08-28,466.4580993652344,472.06923634933787,463.0340174366107,471.3468319839668,37372400
2024-08-29,465.7752685546875,472.9698061378377,464.4986483367516,468.36807210677364,41081500
2024-08-30,471.3270263671875,471.9504927515124,465.626826998042,470.1098112366977,33466500
2024-09-03,457.01708984375,468.41751833575614,454.64200434968836,468.2888929130331,44985200
2024-09-04,455.8295593261719,459.6297325855357,452.9794746829276,453.9097213390106,32505100
2024-09-05,456.255126953125,460.53026908790207,453.18729411410754,454.20660310052904,34452400
2024-09-06,444.0333251953125,456.43328283285973,443.53851438742817,455.5525050984152,50624400
2024-09-09,449.743408203125,450.73302976862993,445.151579843626,448.3579440515888,32981200
2024-09-10,453.8998107910156,454.404527431382,447.5365516543528,451.50491342000015,29680300
2024-09-11,463.7564697265625,464.4986859271494,446.59643479309636,455.13687403998614,57843000
2024-09-12,468.3087158203125,469.12021274769836,462.004831315396,463.7861380430132,40067800
2024-09-13,470.40667724609375,471.5843292398022,467.34875045430647,467.57637427019046,29111800
2024-09-16,468.3284912109375,468.94205173790556,465.0132831893614,468.2790222139315,22585600
2024-09-17,468.5758972167969,472.64325748454945,466.082061787513,471.3468556724097,30084400
2024-09-18,466.54718017578125,473.8604676353551,465.9434953333067,469.7733560531388,39909200
2024-09-19,478.34344482421875,481.18368396372693,475.50323588556273,477.60122868202563,52782500
2024-09-20,477.4330139160156,478.6700408299841,473.335966280543,477.4824829122334,34577700
2024-09-23,478.6985168457031,479.78863625808964,477.2714569319046,478.60932938150205,24843000
2024-09-24,481.0075378417969,481.9589009890899,475.85429307094455,480.10571320215763,25952600
2024-09-25,481.4535217285156,483.40581684032236,480.2048367630411,480.3832116885974,26549900
2024-09-26,485.0707092285156,489.26270143246154,481.4336813987619,488.935650492815,32020200
2024-09-27,482.37518310546875,486.2302350383357,481.19587618082716,486.091478815064,22851100
2024-09-30,483.6833190917969,484.0202596018101,478.5796124436247,481.41389274489046,30281100
2024-10-01,476.94439697265625,483.6139194959118,473.1091848680393,483.31662795419345,42735400
2024-10-02,477.6183166503906,479.530962836938,473.42632437830656,476.0425807215539,23744000
2024-10-03,477.2615661621094,480.1949538329901,474.6849283697324,475.4281875265743,25337200
2024-10-04,482.9400329589844,483.49499732601123,478.054350472024,483.06886937334593,30686600
2024-10-07,477.76702880859375,482.19685493377233,476.5480728100457,481.027467695468,24975100
2024-10-08,484.9022521972656,485.5860530274448,479.50125391077506,480.30397136476074,28272000
2024-10-09,488.7176513671875,489.29245536882917,483.5644061682119,484.6049568617026,24995000
2024-10-10,488.1626281738281,490.0257356900105,485.1301336824378,486.43827686315586,25750400
2024-10-11,488.9257507324219,489.9465223032904,485.7644497271091,486.32930368033,20644500
2024-10-14,493.0285339355469,494.34656675942244,490.8086764455291,491.3140720656338,26060100
2024-10-15,486.4383544921875,494.019591930527,484.28784466660454,493.355600435728,34784500
2024-10-16,486.497802734375,487.27079104064836,483.18782561554843,486.7653651407915,22996800
2024-10-17,486.834716796875,492.02761076485535,486.7752584875692,491.97807225486406,27210700
2024-10-18,490.0257873535156,491.1159067857121,488.8662898112495,489.61946873591097,25335000
2024-10-21,490.9672546386719,491.7699720639436,486.894178959246,488.81674495745733,30336500
2024-10-22,491.50238037109375,492.9790090488197,487.54825154691343,488.30143046324906,26685800
2024-10-23,483.9706726074219,489.80774860991164,480.69042485410046,489.1536769704334,39346600
2024-10-24,487.8951110839844,488.56899209054706,485.0409912405532,487.68697675640317,22024900
2024-10-25,490.8681335449219,495.7835452221233,489.9861182359376,490.6897586206183,38762100
2024-10-28,490.9474182128906,494.0393713144082,490.65012666208736,493.9799130042475,20477800
2024-10-29,495.6646423339844,496.84394921613693,489.4113580647336,491.2645459528903,28014100
2024-10-30,491.9186706542969,495.8529905378008,491.43308432455694,494.90162723594295,29756000
2024-10-31,479.5012512207031,488.00412245137545,479.40214395365643,487.954583939498,41245200
2024-11-01,483.0490417480469,486.33920932217706,480.83910402420423,481.13639556987664,33655800
2024-11-04,481.641845703125,484.9815519553387,479.8976545652101,482.4445631601672,23291600
2024-11-05,487.78607177734375,488.450063211135,483.13822247067543,483.2274099331328,24353600
2024-11-06,501.03594970703125,501.85850679379894,495.10971593005127,496.06107920229374,43082200
2024-11-07,508.92431640625,509.70725465257993,503.77107179071777,503.83053009542596,32853100
2024-11-08,509.5190124511719,510.2919704920393,507.80452026333353,508.4288627704024,22924500
2024-11-11,509.22174072265625,510.94609229061626,506.3279717617133,510.7379579512957,24167500
2024-11-12,508.29998779296875,510.0342589618139,505.2476838428485,509.1523041657435,25835300
2024-11-13,507.64599609375,510.3514400261562,505.36668014613633,507.7946721174008,24567400
2024-11-14,504.11798095703125,508.1811066415075,503.2062364575977,507.30904134011206,28679500
2024-11-15,492.10693359375,498.8061554755535,490.0456112891242,498.4196764454938,51461100
2024-11-18,495.5259094238281,497.6268806924794,492.265501060555,493.6529120920853,27080800
2024-11-19,498.93499755859375,499.42061410574536,492.6123348353257,492.94930559999926,24523000
2024-11-20,498.6476135253906,498.9548248827178,492.0970072679585,498.63769372570533,29565500
2024-11-21,500.44134521484375,502.4035299899302,493.088021478257,501.6900000053646,34526700
2024-11-22,501.2440490722656,501.9773883931018,498.2610927916357,499.8863672514566,23826600
2024-11-25,502.0368347167969,506.85316942781503,499.727789745264,505.31708246990956,26375200
2024-11-26,504.732421875,505.5549789384047,502.6711298031389,503.51346597969416,26557100
2024-11-27,500.7584228515625,503.67200096615676,497.4187167746415,503.6026531011734,24957400
2024-11-29,505.1585388183594,505.75315217485644,500.7683621205399,501.3827848330466,15334000
2024-12-02,510.65863037109375,511.6199436122003,506.03062055439545,506.417129810714,25147200
2024-12-03,512.2244873046875,512.5019997630951,508.755944494111,509.33074852467934,18597900
2024-12-04,518.5569458007812,518.8146185971435,514.9298080292643,515.6433681181578,26086200
2024-12-05,517.1200561523438,519.3299939278061,516.733546890651,518.6065744020088,18169600
2024-12-06,521.748046875,521.9858801083601,517.6551619389516,517.7839983547849,23762600
2024-12-09,517.6849365234375,521.6192257616104,516.5353285463648,520.8264281316256,20674400
2024-12-10,515.9208984375,520.6579655236552,514.4938385293885,518.9137744707876,24350000
2024-12-11,525.1572265625,525.8410274761027,519.8751744986995,520.2814629318415,32168600
2024-12-12,521.7678833007812,524.2057949010591,521.2922168369533,522.9372703487448,23577500
2024-12-13,525.7617797851562,528.3780062636245,522.5607689543002,525.6924016663945,28780400
2024-12-16,533.3330078125,534.3042408794819,528.2094917796982,528.2887896903175,31979900
2024-12-17,530.9843139648438,532.6492071689107,529.3293405604305,531.5392783661994,28579100
2024-12-18,511.82806396484375,532.0546577112797,510.381224801886,530.3402258870792,54703200
2024-12-19,509.5487060546875,517.0705149732767,509.21179579232137,516.5056307829288,46441800
2024-12-20,513.998291015625,520.1029592084699,504.71254304884667,505.852200874932,60530000
2024-12-23,519.006103515625,519.3833002478667,512.3159202923702,515.7106302984251,29672800
2024-12-24,526.0438232421875,526.1331242500298,520.3164419142475,520.9517271030093,17558200
2024-12-26,525.6863403320312,527.3142356084127,522.4206745678785,524.4158307733787,19090500
2024-12-27,518.6983032226562,522.559570841844,514.0330238895601,522.1228199982326,33839600
2024-12-30,511.7996826171875,515.5219705176164,508.0476176252374,511.7004458401546,34584000
2024-12-31,507.4521179199219,513.8345638741997,506.48928482473434,513.0802310210817,29117000
2025-01-02,506.45947265625,512.8221071633047,501.97285552495356,510.4993728244697,36389800
2025-01-03,514.747802734375,515.8099028942349,508.74252327822325,509.5564103096281,29059500
2025-01-06,520.6637573242188,524.018784806924,518.1723564940825,520.1476411928097,36109700
2025-01-07,511.3728942871094,522.1030076792526,509.4869713360559,521.7059999662438,36690300
2025-01-08,511.4622802734375,513.1000507629971,506.7970001880406,511.2736819109176,30777800
2025-01-10,503.44195556640625,507.7994984696709,500.19613120906627,507.7002616861164,40532500
2025-01-13,501.82403564453125,502.2806278778251,496.00735411881755,497.4962694940487,31694200
2025-01-14,501.3475646972656,506.39004165996994,497.8833646668992,504.98052179626774,33737200
2025-01-15,512.8816528320312,514.0231181011155,507.6803552886918,509.23879071405617,34957600
2025-01-16,509.2884521484375,515.2242416848954,509.15940797728683,515.144815906314,28229000
2025-01-17,517.8843994140625,520.1971979799845,509.3181691473964,518.9861821179226,51837900
2025-01-21,520.9218139648438,522.0831509199561,516.2168513724278,520.6041714349437,23628000
2025-01-22,527.582275390625,529.875202608773,525.3489023631776,525.6566091124832,33593000
2025-01-23,528.703857421875,528.8229657869698,524.5448186856646,525.1304247166951,23096600
2025-01-24,525.716064453125,529.8452955948869,524.2470209693237,529.0810270552897,19878300
2025-01-27,510.4101257324219,514.1621608800974,506.3801003492405,507.223825099109,60771700
2025-01-28,517.9539184570312,519.135127001106,507.9980395084438,511.4125906777684,33194200
2025-01-29,516.9812622070312,518.7282661051813,513.0803108268819,518.5992219137866,26649000
2025-01-30,519.184814453125,522.2122638046841,514.3806144435209,519.8399711897874,27431300
2025-01-31,518.4303588867188,527.5921922182381,517.3385119017584,523.0261489535886,38755200
2025-02-03,514.2813110351562,517.0010535797855,507.27348469906485,509.6755846757201,40580800
2025-02-04,520.59423828125,521.2295233442737,514.4003603770645,514.7974286874838,26046800
2025-02-05,522.9566040039062,523.1154555461139,516.7726625026758,517.9638067327847,21134100
2025-02-06,525.6863403320312,525.8948102853632,521.8548794809367,523.4629031663001,19434500
2025-02-07,519.0557250976562,528.1678797493125,518.3311390158517,526.2224024701397,29605500
2025-02-10,525.3388671875,526.440649799091,522.8573420708846,523.3238397124358,20852800
2025-02-11,524.0881958007812,526.0039260192839,521.9441846467193,522.0732288061517,19325500
2025-02-12,524.3959350585938,525.2793726405877,518.0928847804781,518.4402741025981,25009400
2025-02-13,531.9398803710938,532.2574623508953,525.2794434932922,526.0635838146525,28714800
2025-02-14,534.1731567382812,534.8580601398642,531.7114424599516,532.0489565555039,17862600
2025-02-18,535.3841552734375,536.0095045421328,532.078746365208,535.7414804029439,20565000
2025-02-19,535.5330200195312,536.8134652370089,532.4956355398415,534.5900283086233,19666900
2025-02-20,533.2599487304688,535.1161249242239,528.52523935916,534.7488640035847,26550800
2025-02-21,522.1923217773438,534.4212850908257,521.8250608987436,534.4014135025412,47093800
2025-02-24,516.0282592773438,525.1602852244356,515.6908057368098,523.9790766643296,39268400
2025-02-25,509.526611328125,515.4822717823216,505.67527938768234,515.4028460127145,48940000
2025-02-26,510.7574768066406,515.8197643424149,507.591048002011,511.72034015672153,34457600
2025-02-27,496.5731201171875,515.2342110395801,496.3547446499532,514.3011549788575,52448000
2025-02-28,504.4147644042969,505.02024211700774,493.2578045883236,496.4341695072467,47654000
2025-03-03,493.3768615722656,509.2486881332856,489.93250314963643,507.73993161461107,44587200
2025-03-04,491.887939453125,500.01741886843365,484.13565673520964,490.5280684171969,67875400
2025-03-05,498.30023193359375,499.9082555325708,487.6296728031353,492.5331693757525,46323700
2025-03-06,484.5923156738281,494.89558418778057,482.6070952577814,490.0417360224173,57574300
2025-03-07,488.1557922363281,489.63477178176004,476.9789913818525,483.56000203653406,54714700
2025-03-10,469.23663330078125,480.39356231594445,465.1967024947357,479.8774159142813,76668000
2025-03-11,468.114990234375,475.2717015064333,463.55891291656457,468.85944790641054,68760800
2025-03-12,473.3956604003906,477.50505079394827,468.3035653299785,475.6190975102553,46971100
2025-03-13,464.8790283203125,472.76035523811606,462.98313932199375,472.73057814566323,46563300
2025-03-14,476.1153869628906,477.0087300371878,469.6237081167645,470.2292160585815,43563000
2025-03-17,479.2024230957031,482.2497437290607,474.26914911026887,476.06577117794853,41744400
2025-03-18,471.03326416015625,476.0657749736721,468.91899953639006,475.86727110411596,39072300
2025-03-19,477.3363037109375,481.74346485411456,471.3607712944133,473.2864373851265,40430300
2025-03-20,475.7183532714844,480.9692391887988,472.66109702608003,473.355936252415,36780500
2025-03-21,477.28668212890625,478.0509810732746,469.4152905592447,470.57662752286865,42234900
2025-03-24,487.7604064941406,488.60538941404207,481.5373907904982,484.8576491349716,34567200
2025-03-25,490.5438537597656,490.70291186860106,487.5218407035887,488.4861096315565,26035200
2025-03-26,481.5175476074219,490.2456607367531,479.96676889831855,489.3907271556028,34627100
2025-03-27,478.7738342285156,483.70451433059617,477.41193517577676,479.5591741727875,33469800
2025-03-28,466.16876220703125,477.6803158784236,465.2840071747282,476.9745201773356,46363800
2025-03-31,466.14892578125,467.08334293131804,454.62739030879317,459.1902923533091,53000300
2025-04-01,469.90655517578125,470.83105198841025,461.6754876852753,464.53844262078127,41156200
2025-04-02,473.3361511230469,476.7260031222664,463.1069521266998,463.3654253458386,49894500
2025-04-03,447.99676513671875,457.35115906183495,447.47984907108474,453.7426062022167,70456300
2025-04-04,420.1722106933594,437.7675929050692,420.1722106933594,435.55079068681124,117088400
2025-04-07,421.1861877441406,440.52125924890055,400.01207316550386,406.24500940343484,161557000
2025-04-08,413.60125732421875,440.52124286102435,407.3683213181599,435.5706616527368,101248100
2025-04-09,463.24615478515625,465.0653269802432,412.97499289588256,413.1141801222823,142876900
2025-04-10,443.54327392578125,452.89766878987024,430.07336033484415,450.8796663706337,108384100
2025-04-11,451.7146911621094,453.09649143953806,438.7219217931667,442.0223093443537,52483800
2025-04-14,454.7765197753906,462.30176158755654,449.955174921676,461.7152518499013,43941200
2025-04-15,455.2834777832031,459.64754944257936,453.4543549864483,455.83024573579985,35404200
2025-04-16,441.5550842285156,449.94520996662885,435.17304059444126,446.37642892854547,48980600
2025-04-17,441.4755554199219,445.103979334769,438.75172707786896,444.5274202476084,44837000
2025-04-21,430.55047607421875,436.4851969411389,425.40109511314887,435.6402443758458,44149300
2025-04-22,441.85333251953125,444.9349886334612,435.03385628214005,436.22677695266526,52304400
2025-04-23,451.8737487792969,460.641633756553,450.20368411807647,455.46243104941027,55801100
2025-04-24,464.5881652832031,464.89633088737224,453.1362241937562,453.78240723852906,45956100
2025-04-25,469.767333984375,470.2942006570759,462.6397231543872,464.2103725610634,38697100
2025-04-28,469.6182556152344,472.0040665388327,463.27595392675005,470.23458681729716,33550800
2025-04-29,472.7198181152344,473.6045731544733,466.8149185696458,467.3915080044207,30613100
2025-04-30,472.6601867675781,474.37997416490805,459.697238824554,464.36947606745446,46810600
2025-05-01,478.8334655761719,484.30096287876717,477.89901815565884,480.5532529218463,43316500
2025-05-02,485.9411926269531,488.00891762969025,481.9648310617846,483.66474747370063,39218100
2025-05-05,483.058349609375,486.14003597307794,481.2391774925475,481.73622270162116,28309500
2025-05-06,478.5650939941406,482.1835675083398,475.36412148604,476.7260205679887,32786300
2025-05-07,480.4438781738281,482.9291041737698,473.9624196873836,479.2310866723673,38006300
2025-05-08,485.4044189453125,489.78836133137906,481.30877127503675,485.642990937839,39577600
2025-05-09,485.0863342285156,488.6352445339485,483.3268049949173,487.31308720263786,27767400
2025-05-12,504.84881591796875,504.88858802841014,498.51646492128515,503.99388239825186,45090600
2025-05-13,512.5430908203125,514.3324413872226,505.4154493764172,506.1510665570221,53269600
2025-05-14,515.6148071289062,516.1615447200978,512.7021295054291,513.7161211405411,47014500
2025-05-15,516.1814575195312,518.8456125999866,512.125551562593,513.4676100523011,50153300
2025-05-16,518.4281005859375,518.6169801912382,514.0441278903378,517.5830873308704,48394600
2025-05-19,518.9251708984375,519.442117353632,511.2010686059385,511.2010686059385,52536200
2025-05-20,517.1954345703125,517.8515075410328,513.6067220946634,516.4001137065187,42517600
2025-05-21,510.0081481933594,519.909311026266,508.2187974987168,513.2191016405527,71292800
2025-05-22,510.96246337890625,514.6505605896812,509.2724975713598,510.62444594761195,55607200
2025-05-23,506.2306213378906,508.8152626278632,502.59224657648224,503.1887069260503,58368100
2025-05-27,518.1398315429688,518.626986864166,511.54906721801433,513.0998460017336,47226300
2025-05-28,515.8433837890625,520.5852140545883,515.3264980787542,519.0940785672615,46637200
2025-05-29,516.8574829101562,523.3687637584553,514.2629211840699,523.21968658337,58513300
2025-05-30,516.0422973632812,517.6030267064441,508.9047349583655,516.3703642123456,67662800
2025-06-02,520.1181030273438,520.3566750351536,512.9208369697641,514.18335129797,44762800
2025-06-03,524.1838989257812,525.6153916465726,519.6011563664897,520.4660102317107,44070300
2025-06-04,525.645263671875,526.7089478092026,522.8617616763219,524.889745168766,41359300
2025-06-05,521.688720703125,529.8999177687056,519.5713031286073,527.0468829475419,61031200
2025-06-06,526.7883911132812,528.6572860020211,525.0885352856423,526.8679353376542,42467000
2025-06-09,527.5637817382812,529.2039944759547,525.8837665533798,527.0070935472497,33688700
2025-06-10,531.0530395507812,531.7389643345455,525.7644714899908,528.0309659877803,40664800
2025-06-11,529.263671875,533.607902979141,526.9772759658763,532.4547240748923,53701000
2025-06-12,530.5062866210938,531.4805365276557,527.703004925698,527.9515275399644,34104900
2025-06-13,523.845947265625,528.7269048823287,522.6231747023902,524.5616632957901,55814400
2025-06-16,531.132568359375,532.2062030416474,527.3152949826874,527.3649873706377,37622100
2025-06-17,525.9533081054688,530.178191841852,524.7901787794913,528.5677704245282,42180900
2025-06-18,525.8638916015625,529.4028511373086,524.2833217813045,526.9673174269449,43983500
2025-06-20,523.7166748046875,530.4068839390565,521.7781863439574,529.1145785233912,61643500
2025-06-23,529.1017456054688,529.6192118620138,521.1400908129034,524.2849177292203,50666100
2025-06-24,537.1927490234375,538.1083222601969,533.6995634797794,534.3165868287479,45442000
2025-06-25,538.5661010742188,540.7058200544818,536.7946645040316,539.4618115177252,44804200
2025-06-26,543.6018676757812,544.0497229160504,538.9244439782782,540.7456288167091,43811400
2025-06-27,545.4629516601562,547.3538082383178,541.9299187322695,544.6369129629151,57577100
2025-06-30,548.9959106445312,550.150323841353,546.3785118204822,548.6177271894713,45548700
2025-07-01,544.3682250976562,548.0704264374054,542.0493759591154,547.0950823478822,56166700
2025-07-02,548.159912109375,548.3589656247289,543.5023514145969,543.5421378206258,36538300
2025-07-03,553.553955078125,554.5292991491806,550.528547956803,550.528547956803,26443500
2025-07-07,549.384033203125,551.682958457329,546.9457644201566,550.8668816007689,45349300
2025-07-08,549.6925659179688,551.3545443122363,548.4584584278795,550.7275591514004,36153300
2025-07-09,553.5838623046875,554.9572527460838,550.4489361357153,551.8223265771115,43045500
2025-07-10,552.7876586914062,554.6287670725607,550.1005880395711,554.2207589895446,34710900
2025-07-11,551.543701171875,553.126046198862,549.4039819426756,550.647990624161,39618600
2025-07-14,553.5440063476562,554.2804496744797,548.9859421113066,551.3346156245823,36453300
2025-07-15,554.0515747070312,558.112036002509,553.9918647207423,557.5646843377589,43277700
2025-07-16,554.6188354492188,557.5248833529374,548.9163193085661,554.6089344039383,52314700
2025-07-17,559.1072387695312,559.6148040205102,554.5392729959415,555.3453881761403,40423800
2025-07-18,558.56982421875,562.0231629422733,557.2959302535468,560.4208944407413,50484700
2025-07-21,561.4658813476562,563.3468370391857,559.3660092861638,559.3958946507648,39595200
2025-07-22,558.559814453125,561.6449312247784,555.9324539325285,561.5951830334812,43270600
2025-07-23,561.1076049804688,561.1473913894928,556.897899192682,559.644679980569,40215300
2025-07-24,562.3018798828125,563.5259649748344,560.590092369004,562.4212998555654,42275500
2025-07-25,563.6553344726562,564.9789766749151,561.5654242523398,562.2222340881906,30630800
2025-07-28,565.4168090820312,566.3124587614624,564.1528770013529,565.0187020627711,31498700
2025-07-29,564.541015625,569.3677442783611,563.8145341030877,568.0242394036405,45463300
2025-07-30,565.2974853515625,567.8849991894002,562.3416890497874,565.4566917408055,43433800
2025-07-31,562.3018798828125,571.8757657350329,561.1673293990499,571.7861703841629,64613600
2025-08-01,551.2251586914062,556.3405363278684,549.0356915374143,556.1514446022372,69400800
2025-08-04,561.3961181640625,561.6150952409816,556.2708397121321,556.3703360927129,47669800
2025-08-05,557.5845947265625,563.8444243211386,557.047144120063,562.6800492447384,48666600
2025-08-06,564.6007690429688,565.0386624956789,557.9428326498341,558.4205125100245,41823700
2025-08-07,566.5115966796875,570.5720580592475,562.4013871009583,568.9299422883823,44463000
2025-08-08,571.7960815429688,572.0150586353669,567.4172078636645,567.7157577691117,35255500
2025-08-11,570.1041870117188,574.0352659921666,568.8303539029688,571.9353942373868,33112900
2025-08-12,577.2697143554688,577.568264258411,569.7459530883017,572.4031383383943,42143300
2025-08-13,577.558349609375,580.5240464797514,576.165035771658,579.9667330931853,41209300
2025-08-14,577.110595703125,579.091047893356,575.1400445589929,575.5083270283026,45425000
2025-08-15,574.57275390625,577.060771050305,572.811218330625,577.0209239007323,49480200
2025-08-18,574.3438110351562,575.0006815724842,572.4827790837365,573.67703945311,29831000
2025-08-19,566.5513916015625,573.7964659713523,565.5262993771687,573.6272978127284,53752600
2025-08-20,563.1876220703125,565.7253875756548,556.1614636230435,565.6059676042936,76781100
2025-08-21,560.5802001953125,563.774775630925,558.2911756152315,561.6450181787756,46436900
2025-08-22,569.2284545898438,571.238791941298,560.5702032580724,561.9634564557491,51502100
2025-08-25,567.5863647460938,570.5420998652211,566.4318908111547,567.6659983001664,34044700
2025-08-26,569.8653564453125,570.1738681264644,566.0736209319145,567.0987131018536,34103000
2025-08-27,570.7412109375,571.6567843025553,567.6361701841732,568.8503542214644,36927100
2025-08-28,574.31396484375,575.2295381040836,569.716114225579,571.3581690220095,46787900
2025-08-29,567.6660766601562,572.2738897636767,565.8149455424127,571.90560730373,56030400
2025-09-02,562.9088745117188,563.2571726003424,556.8580000613789,558.6195355636612,65876800
2025-09-03,567.3375854492188,568.9597775003773,564.0135677896833,566.5015849549442,54230200
2025-09-04,572.4727783203125,572.840999970597,566.3025448600863,568.0043095836706,47526300
2025-09-05,573.298828125,578.3345721151251,568.7905728965633,577.707586970244,68342500
2025-09-08,576.095458984375,578.0560483188578,575.0007556046913,575.5978554949527,46371400
2025-09-09,577.7275390625,578.1554707195171,574.274139701763,576.8915385805233,44007600
2025-09-10,577.9166259765625,580.971918274203,575.7769069667078,580.9420329124574,49308000
2025-09-11,581.2803955078125,582.0765487866307,578.8321649514098,580.4443950823623,44745800
2025-09-12,583.8480224609375,585.0422828265267,581.3002953608963,582.2357922273038,50745900
2025-09-15,588.843994140625,588.9534523182087,585.4702282697297,585.6195335974215,44360300
2025-09-16,588.3463745117188,590.018314719858,587.6596793599289,589.7695130089575,36942100
2025-09-17,587.172119140625,588.913731358415,581.5690989748401,588.2668225233333,69384800
2025-09-18,592.466552734375,595.2730433570825,590.1178791327126,592.058483907603,61069300
2025-09-19,596.4771728515625,597.173829761915,592.9939490424024,594.4668964152456,58196100
2025-09-22,600.0083618164062,600.6759063866804,595.5446250028239,595.56457167487,57154800
2025-09-23,596.02294921875,600.3770403666388,594.8073576106723,600.1777560752951,64635500
2025-09-24,593.9305419921875,597.7167610032964,591.2005236200914,597.3979183069385,49850300
2025-09-25,591.3699340820312,592.9541133753095,586.358211090951,590.0447574609248,70920200
2025-09-26,593.801025390625,594.1298414316656,588.9089213733314,592.1869260081028,54337400
2025-09-29,596.5509643554688,599.858888854889,595.2357610619866,596.929586249639,48332900
2025-09-30,598.1849975585938,598.5237869140956,593.9305184146496,596.2520555976123,46533800
2025-10-01,601.0545043945312,601.592517201177,594.1696797218984,594.9966151966095,46899600
2025-10-02,603.5255126953125,604.950301116935,600.7357150581139,604.8506893778672,43765400
2025-10-03,600.9848022460938,605.1197232184186,599.2013385970163,604.3027001978111,46482100
2025-10-06,605.498291015625,607.1422494333636,603.7645725777412,606.2355880916678,41962100
2025-10-07,602.3099975585938,607.4910851983766,600.835403229105,606.8035939044607,58209500
2025-10-08,609.2147216796875,609.523591030116,603.0572205300643,603.2066381307736,50629800
2025-10-09,608.4774169921875,609.3840783602061,605.2691043090726,609.2545466200572,45551000
2025-10-10,587.3546142578125,610.9484275974415,586.9062397942465,609.174937229752,97614800
2025-10-13,599.8190307617188,600.7556121211176,595.056398092238,597.497493628088,65872600
2025-10-14,595.8236694335938,600.4966033203683,587.9823159734815,593.1434568492728,69203200
2025-10-15,600.0282592773438,604.4919961772353,593.7611729131481,601.8117836952674,62805500
2025-10-16,597.806396484375,606.0961241101174,593.3327470469682,602.9077579751356,70982000
2025-10-17,601.7320556640625,603.306322454893,594.1995718879336,595.7738386787643,72024900
2025-10-20,609.3143310546875,610.5697551235123,604.8606284241672,604.9303809627713,45761700
2025-10-21,609.1549682617188,610.4900574537519,607.1024677916307,609.41403175621,44538200
2025-10-22,603.286376953125,609.1848147458128,597.5573034367524,608.5969960402966,61478800
2025-10-23,608.35791015625,609.1450131867009,602.319966975814,602.7085014161719,42844300
2025-10-24,614.8541259765625,616.1693293175521,612.8913247080658,613.7481802624443,47632500
2025-10-27,625.80419921875,626.2624862060553,621.7589773359792,622.2471843336021,54098600
2025-10-28,630.6165161132812,632.3701204498367,626.9598898422056,628.0658354818435,61195700
2025-10-29,633.4561767578125,634.69165413006,627.9562469711387,633.276839153424,67422800
2025-10-30,623.7715454101562,631.1944440896802,623.6619603385896,629.869267455657,61628600
2025-10-31,626.780517578125,631.8918518941646,624.4091746831857,631.8619318884121,66305100
2025-11-03,629.7796020507812,633.5059808284601,627.5576766411583,632.7985429356352,37154300
2025-11-04,616.996337890625,624.6683271251044,616.2092348629542,621.0117005353788,63830800
2025-11-05,621.0116577148438,624.3195213581258,614.9637416360841,616.2390515684897,48688500
2025-11-06,609.4439086914062,619.7761638844125,608.078899450419,619.5270737190788,72115100
2025-11-07,607.5209350585938,607.7301926884926,596.4912153281726,606.0961466218313,81835400
2025-11-10,620.9617919921875,622.0378784586748,614.644899897251,616.6674802752618,55919900
2025-11-11,619.307861328125,620.4536395227035,615.2726130875191,618.3115007347396,44868800
2025-11-12,618.8197021484375,622.5859138594624,615.5615832963299,622.566027998916,47444400
2025-11-13,606.1858520507812,615.8704485105809,603.8742880136988,615.2925422980531,71333600
2025-11-14,606.64404296875,611.1176919097272,594.9965862233795,597.3679290922347,80087300
2025-11-17,601.4630126953125,610.2509204798646,597.6868279161546,604.0934192729386,63850400
2025-11-18,594.1397705078125,600.1179339423381,589.1878876531316,597.4377215700049,83327300
2025-11-19,597.686767578125,603.953853223184,592.4260157669842,594.8969703439581,73111500
2025-11-20,583.5385131835938,611.7953468701894,582.6218784315797,609.3940836964333,117743200
2025-11-21,587.9224853515625,594.807310091711,578.6264242609341,585.3319113971087,103344200
2025-11-24,602.9575805664062,604.4720682054578,592.9939741263881,593.1135933516537,60168100
2025-11-25,606.6740112304688,608.0390203669549,595.1461119637967,601.3135864178203,57560900
2025-11-26,612.034423828125,613.9474190856081,608.1685399702174,610.2808195033393,42393600
2025-11-28,616.996337890625,617.0660904342964,613.1802595402138,613.8677508272276,23034400
2025-12-01,614.923828125,617.1855860502521,610.2907880213397,611.3967336448243,40957600
2025-12-02,619.7362670898438,621.4798980663827,615.3423437866954,617.2055331651553,54541800
2025-12-03,621.2507934570312,621.9481972408511,615.7807833814271,617.3649627124794,47841600
2025-12-04,620.6729125976562,622.665633919662,617.285262025035,622.6556605829674,47067800
2025-12-05,623.20361328125,626.6310962033638,621.440096358939,622.1076409382764,53614200
2025-12-08,622.0079956054688,626.5513972974647,619.4273950138578,624.9273247300189,43462400
2025-12-09,622.775146484375,623.5921694288306,618.7398984397635,620.7425928652799,37156000
2025-12-10,625.3258666992188,626.920080160108,618.7299643381673,621.5795410824109,55031400
2025-12-11,623.3032836914062,623.5025679748155,615.4718431258982,621.5496792982444,58272800
2025-12-12,611.3867797851562,621.2706598008424,609.1349951238292,619.8160122611713,75158700
2025-12-15,608.3179931640625,616.1693197420918,607.102462393675,616.1195138735233,49538200
2025-12-16,609.5235595703125,611.2771638485672,604.7011478051123,606.0462710202155,55152800
2025-12-17,598.2247924804688,611.4166568355257,598.0953215609716,610.8287773715621,70654300
2025-12-18,606.8931884765625,610.6992932536183,604.7111563372118,607.5806797208244,78875800
2025-12-19,614.8043212890625,615.3722541519244,609.6431804668954,609.722906345813,60369800
2025-12-22,617.7513427734375,620.1855972768566,616.3147325600856,619.8862552767364,43703100
2025-12-23,620.6444702148438,620.9437513214359,616.3247143117193,616.7437078609482,41120400
2025-12-24,622.460205078125,622.809417120355,620.255389239048,620.5247726871431,18468700
2025-12-26,622.4203491210938,624.0465142854792,621.6721158574088,623.1884938656726,28959800
2025-12-29,619.4074096679688,621.312944373981,617.2724362589381,618.6392040742111,32458300
2025-12-30,617.9707641601562,620.7142858196408,617.7612369489017,618.3798323976478,31226800
2025-12-31,612.8628540039062,618.4995685313527,612.6034567489972,618.1903012408169,40746500
2026-01-02,611.6756591796875,621.3827185880021,608.7126848809434,618.5993129536024,61859200
2026-01-05,616.5341796875,619.3475438678657,615.2671519649484,617.8610636312775,46828400
2026-01-06,621.951416015625,622.550039153126,617.0829067758982,617.7712838046286,43137500
2026-01-07,622.550048828125,626.4607976434537,621.0934661514185,621.5723159557587,44880300
2026-01-08,619.0083618164062,621.9514248328863,616.3446684463296,621.5623898130801,50435900
2026-01-09,625.173828125,626.4108973206594,617.6016810573577,619.946120817708,49688700
2026-01-12,625.6925659179688,627.368601054656,620.7941591397378,620.8440291770474,37388700
2026-01-13,624.7647705078125,627.9871421828441,622.2307758506613,625.7923733874012,44481400
2026-01-14,618.0905151367188,621.9813522711377,613.1122798122711,620.7741807448011,72598700
2026-01-15,620.3153076171875,628.5159146085045,619.2877047511574,625.1238996016858,53934900
2026-01-16,619.7965087890625,624.6051616315584,617.4221104790464,624.0265108868263,61058100
2026-01-20,606.6276245117188,613.611135001854,605.6199939698072,609.0918377338978,81988900
2026-01-21,614.8282470703125,618.958448118544,606.4280383777512,608.0342310571399,79837900
2026-01-22,619.2976684570312,620.9936758988773,616.3247080096578,620.8838887514372,42254800
2026-01-23,621.2530517578125,623.9267921630139,617.1926928942361,618.2701049354484,43645800
2026-01-26,623.9866333007812,626.1315320367429,620.654474506515,621.7419335987944,35983000
2026-01-27,629.6432495117188,630.5510790290263,625.8621995501378,627.428447510711,38997200
2026-01-28,631.728271484375,635.1003139672691,630.3216198646463,633.9630457840011,50691700
2026-01-29,627.9472045898438,632.1772064107698,616.8135217006399,631.1596506954837,79944000
2026-01-30,620.405029296875,626.7799907137291,617.8410762491409,624.2360100363766,65650700
2026-02-02,624.6650390625,627.0094788951942,617.2026180242116,617.2425627681274,49020300
2026-02-03,615.0676879882812,628.4959413976924,609.5207880738473,626.8199062679399,81234000
2026-02-04,604.322998046875,613.6509473291842,599.0554072347201,613.5711796318161,81850700
2026-02-05,595.6235961914062,603.3852370585454,593.3589241811554,598.7960977080248,89354500
2026-02-06,608.2138671875,609.9696699932801,597.3594924154261,598.7761302609774,78019300
2026-02-09,612.8728637695312,615.0078372205985,603.6446538426547,606.1088060763491,56797600
2026-02-10,610.029541015625,615.566515685603,609.5706636004911,613.8605219833995,53938900
2026-02-11,611.6657104492188,616.0653561148772,606.2584951427149,614.9280269463444,58575100
2026-02-12,599.22509765625,614.3593449076634,598.1576109292407,613.2619605146361,81378900
2026-02-13,600.5020141601562,605.0512695366964,595.0149707463246,599.0155339597561,69237500
2026-02-17,599.8834838867188,602.527265543405,591.9422745141455,596.9703796848319,69013800
2026-02-18,604.3629760742188,608.333642172117,599.3049116850376,600.6916520079001,64250700
2026-02-19,602.04833984375,604.3928403408552,599.3347767407971,601.3899214380363,60960800
2026-02-20,607.3757934570312,608.9121436812641,597.8183444916572,598.70626248816,74127300
2026-02-23,599.9932250976562,606.5777139403463,597.6387991893799,605.1809875790976,63859100
2026-02-24,606.4380493164062,607.5554060860559,598.3172099190714,600.9809641013653,55023700
2026-02-25,615.227294921875,615.3769659271486,609.5606824638733,609.6305248735758,55710700
2026-02-26,607.8048095703125,614.1398874724765,602.5571907580546,614.1398874724765,96178900
2026-02-27,605.8594360351562,606.8870389785335,600.7714740333364,601.5595911757949,68125200
2026-03-02,606.6575317382812,608.4831769130049,596.5812880631398,597.449233707877,75264600
2026-03-03,600.162841796875,602.5372399706525,590.4756942596103,594.9252095120197,97015500
2026-03-04,609.3112182617188,611.436205359631,602.0084551337541,602.7367159421393,70943900
2026-03-05,607.4755859375,611.3165531665334,600.8412876368789,605.9691941386595,89602400
2026-03-06,598.337158203125,604.5724349663923,596.9205203720956,598.8958365654587,86302300
2026-03-09,606.3283081054688,607.8347607375977,589.9370196014203,592.83015152989,93068200
2026-03-10,606.3383178710938,611.8452732023572,603.9938171455258,606.3483040570791,64078900
2026-03-11,606.2584228515625,610.9872467457833,603.6047159994632,607.5154643204306,60114800
2026-03-12,595.85302734375,602.716824803038,595.6435001258386,601.3400708370464,71836600
2026-03-13,592.3213500976562,602.1780807449821,591.1740956767717,598.3172021392496,63145500
2026-03-16,598.9656982421875,602.4374809704295,597.6986704778886,598.6264723831473,49077200
2026-03-17,601.8887939453125,604.4727195335382,600.4521836848432,601.7192114600242,47106600
2026-03-18,593.4986572265625,601.7391485345295,593.1594313501803,600.0730994941966,56128000
2026-03-19,591.623046875,594.3964663870662,585.6970372512312,588.1213056121308,75597600
2026-03-20,580.6888427734375,589.777367794347,577.177115328303,589.6676415345306,91964700
2026-03-23,587.3545532226562,594.426798587646,585.316814476339,589.8718065319924,89936100
2026-03-24,583.3389282226562,587.2846043834495,581.291190762444,584.168034177979,57750900
2026-03-25,587.1747436523438,590.7208345412774,585.0470769253521,588.4933019738706,60475500
2026-03-26,573.1600952148438,583.9882223389391,572.8005050402526,581.9604215239336,81492100
2026-03-27,561.9624633789062,570.3932010852176,560.953562318283,570.1834096572744,82702200
2026-03-30,557.6671752929688,567.4264087803426,554.990063621082,566.7571613464482,70602600
2026-03-31,576.54638671875,578.0048059355398,563.5906539497258,563.6705222317372,95878000
2026-04-01,583.6685791015625,587.0948065489223,579.7828346644924,580.8416686249938,79435100
2026-04-02,584.3378295898438,585.4066623334502,571.2921684003409,573.3399058573888,50941700
2026-04-06,587.85400390625,589.9616731281693,584.04818857967,585.5864761740653,35108500
2026-04-07,587.9439086914062,588.33343423744,577.7650922119919,584.9971348275072,49948200
2026-04-08,605.4246826171875,609.2304976949432,601.4590090396181,608.0418015962135,63086000
2026-04-09,609.5202026367188,609.8298599139192,602.3680889271087,605.2648690435934,37837500
2026-04-10,610.3992309570312,612.9963525292593,608.9108762966896,611.1684052317679,34038500
2026-04-13,616.7122802734375,626.0519920071752,607.4424380458482,608.8109292631304,32972100
2026-04-14,627.909912109375,627.909912109375,619.4192432257902,619.5391066149297,49921100
2026-04-15,636.7003173828125,637.1298380333551,627.5104045058445,628.389443361703,50102400
2026-04-16,639.7669067382812,641.4750515662109,634.5626649382287,638.508341093032,42320600
2026-04-17,648.1376953125,649.2864572780229,643.3629742993419,644.8813252169399,53488900
2026-04-20,646.0799560546875,648.0478251654257,641.8146849601577,647.3285838511964,37138500
2026-04-21,643.6226806640625,649.4862317832127,641.5050128476822,647.6981578004061,39580500
2026-04-22,654.390869140625,654.6106593494021,647.8081371457112,649.4363527672372,37368400
2026-04-23,650.7048950195312,656.1988574654163,644.8114082493845,652.8325617169355,40099800
2026-04-24,663.1512451171875,663.7805584259092,655.8093378063087,657.7871447947734,45563100
2026-04-27,663.5008544921875,663.7006471456002,659.9647623025988,662.6718094811696,32717000
2026-04-28,656.8281860351562,658.9159186391063,653.0923012400261,656.6883250827437,34147900
2026-04-29,660.84375,660.9935487523345,655.8692364466933,657.906975030037,31724900
2026-04-30,667.0069580078125,668.165718724101,656.8381407338443,664.6195670718752,40622200
2026-05-01,673.4099731445312,675.2279215792395,668.0658095505829,668.425399726581,39172600
2026-05-04,672.141357421875,675.9871067346722,668.165745937857,673.9193717407993,34542000
2026-05-05,680.8617553710938,682.0205161358222,676.7662804889583,677.2157986999623,37101100
2026-05-06,695.0062255859375,695.1660231170968,685.7263848294704,687.0250065058129,38778500
2026-05-07,694.1771240234375,700.4701959320079,691.0106209986512,695.8153383268437,43779100
2026-05-08,710.44921875,710.44921875,698.7321150158692,699.1516368844667,44320400
2026-05-11,712.5069580078125,713.805579696499,708.1317613118729,709.5801817559162,36019100
2026-05-12,706.463623046875,709.4003981235137,695.8752835015275,707.4425277497028,45873000
2026-05-13,713.9254760742188,715.8633489513101,704.0563165931343,709.1806902070881,40012500
2026-05-14,718.9998168945312,721.2374091114184,713.4359241362712,713.8355094170396,33327500
2026-05-15,708.1517944335938,714.3450008365951,704.7754998097428,709.3604881552494,51792700
2026-05-18,705.1051025390625,711.2883097073819,698.0827906816122,710.7588622671137,49834500
2026-05-19,700.7599487304688,705.714465040699,694.4868131207006,699.0418050981273,46827500
2026-05-20,712.3671875,712.3671875,703.0174157954351,704.5157692199168,36779200
2026-05-21,713.7256469726562,716.3327671783537,705.9941534147096,708.2116871156971,36415400
2026-05-22,716.7523193359375,721.3273088449104,715.1640988544713,717.2817668085307,33118600
2026-05-26,729.4783935546875,730.3673702569255,723.3650554496121,725.1631283460116,34254700
2026-05-27,728.6492919921875,732.515039000156,724.6436840304248,732.155448805963,35148700
2026-05-28,734.79248046875,735.7913827320126,725.6125662306399,728.9289290608506,32840000
2026-05-29,737.49951171875,740.815874477768,734.4428732975097,737.0300569298091,37541700
2026-06-01,741.9246826171875,744.8315224447946,735.1820921097265,736.2309273283665,33890600
2026-06-02,745.3408813476562,745.6206032443648,738.4184960219842,741.5850600741305,30085200
2026-06-03,743.39306640625,747.828194840854,740.1965670083828,746.4896389980919,40270200
2026-06-04,739.7969970703125,742.6838392688934,731.815777671541,734.6726235372454,40782600
2026-06-05,704.2860107421875,730.8867822650427,703.5468328396532,729.2585667367451,99606600
2026-06-08,715.283935546875,722.2363170978037,712.2872288217055,717.0220156925686,47401500
2026-06-09,707.052978515625,724.863361278284,685.6165148330579,722.1863106332692,91932200
2026-06-10,692.9285278320312,710.4992458337158,692.1693523412803,700.8897497708573,65334300
2026-06-11,716.332763671875,717.5813914617661,694.2370511794155,698.5223198057862,71798900
2026-06-12,720.5481567382812,723.2152086039907,710.4992028084189,716.8222099862159,51168400
2026-06-15,743.1832885742188,743.9424640540115,736.5705604269921,737.2897407963812,46710200
2026-06-16,729.0587768554688,743.4029984406948,728.8390476265988,741.4351902855873,45348700
2026-06-17,721.7168579101562,734.8723831709506,720.058646070882,734.38293083454,51669300
2026-06-18,739.8070068359375,741.005701773832,731.7059239216511,736.390778085872,50154600
2026-06-22,737.9500122070312,745.4500122070312,734.3900146484375,742.02001953125,43518600
2026-06-23,713.6500244140625,723.6099853515625,712.1099853515625,715.739990234375,53354200
2026-06-24,710.6199951171875,719.9299926757812,704.4500122070312,715.3699951171875,52480400
2026-06-25,716.3800048828125,726.8300170898438,705.2999877929688,725.9000244140625,49668000
2026-06-26,706.52001953125,715.5599975585938,702.8099975585938,707.1300048828125,47081800
2026-06-29,724.0800170898438,724.5800170898438,705.1699829101562,713.989990234375,44939100
2026-06-30,736.4000244140625,737.6199951171875,723.9099731445312,724.1799926757812,42121800
2026-07-01,725.1699829101562,731.9199829101562,724.5999755859375,729.1900024414062,40803800
2026-07-02,712.5999755859375,730.8300170898438,707.5599975585938,725.5800170898438,50959800
2026-07-06,722.8200073242188,726.0800170898438,718.4500122070312,719.9299926757812,30220400
2026-07-07,709.4299926757812,716.3499755859375,704.9000244140625,714.1699829101562,42483100
2026-07-08,711.4400024414062,712.260009765625,700.9099731445312,704.9500122070312,35603200
2026-07-09,723.280029296875,724.22998046875,715.1300048828125,718.3300170898438,33654700
2026-07-10,725.510009765625,726.3900146484375,717.0,720.7000122070312,26415900
2026-07-13,711.739990234375,718.739990234375,710.0800170898438,717.719970703125,36552400
2026-07-14,719.6900024414062,722.2899780273438,714.3400268554688,720.219970703125,29448100
2026-07-15,717.739990234375,724.3599853515625,710.22998046875,723.8499755859375,32627600
2026-07-16,705.9400024414062,713.5999755859375,702.6099853515625,712.010009765625,39402000
2026-07-17,695.3300170898438,702.2999877929688,686.760009765625,691.6500244140625,54109300
2026-07-20,696.0599975585938,705.7999877929688,695.510009765625,702.1599731445312,29687600
2026-07-21,708.969970703125,710.0499877929688,702.7999877929688,706.5700073242188,33728300
2026-07-22,705.3499755859375,709.6500244140625,703.6199951171875,703.6199951171875,23692200
2026-07-23,691.9600219726562,698.6599731445312,687.7899780273438,694.6699829101562,44028600
2026-07-24,684.22998046875,692.6300048828125,682.47998046875,690.4099731445312,42876700
2026-07-27,682.1199951171875,692.2999877929688,675.9500122070312,691.6799926757812,42681500
2026-07-28,675.489990234375,679.4000244140625,667.8800048828125,676.22998046875,51398700
2026-07-29,661.72998046875,680.0499877929688,661.1400146484375,675.510009765625,57233300
2026-07-30,683.5499877929688,685.1199951171875,673.2999877929688,674.760009765625,66753700
2026-07-31,687.989990234375,695.77001953125,680.0499877929688,692.1099853515625,50540500
2026-08-03,700.0700073242188,701.5900268554688,685.8200073242188,688.2999877929688,44965100
2026-08-04,723.8499755859375,725.6599731445312,707.530029296875,708.1599731445312,59778600
2026-08-05,717.2999877929688,728.5399780273438,716.9199829101562,726.25,33239300
