Date,Close,High,Low,Open,Volume
2010-01-04,84.57845306396484,84.62322938631097,83.22018291238932,83.8620034372494,118944600
2010-01-05,84.80235290527344,84.83967030863525,84.22023785338185,84.5262246182069,111579900
2010-01-06,84.86205291748047,85.07101669741921,84.65308913754174,84.72025362659234,116074400
2010-01-07,85.22029113769531,85.32477304057522,84.46652395791597,84.70534054933243,131091100
2010-01-08,85.5038833618164,85.54120076704136,84.82475099864786,84.99639739747477,126402800
2010-01-11,85.62332916259766,85.92184574988617,85.25763666364304,85.88453402339456,106375700
2010-01-12,84.82476806640625,85.23523113728774,84.49639305463084,85.05612008260923,163333500
2010-01-13,85.54118347167969,85.78000001285845,84.60830546803831,85.04115653441295,161822000
2010-01-14,85.7725601196289,85.92928298615783,85.39194419015172,85.44418514566136,115718800
2010-01-15,84.80984497070312,85.70540600284272,84.48146993512745,85.62331793778698,212283100
2010-01-19,85.86957550048828,85.9218164548361,84.77250976534697,84.79490362621345,139172700
2010-01-20,84.99642944335938,85.41435720903283,84.31729682414,85.28748709357322,216490200
2010-01-21,83.36199951171875,85.27999699746914,83.25751760150956,85.01879222194614,344859600
2010-01-22,81.50373077392578,83.39187600874696,81.41417238521095,82.98887180028827,345942400
2010-01-25,81.92163848876953,82.39927741787325,81.6529747760398,82.25001347320418,186937500
2010-01-26,81.57831573486328,82.44402927538762,81.37681658668502,81.6007038964569,211168800
2010-01-27,81.96642303466797,82.1529987008524,80.84696903756134,81.47386054289906,271863600
2010-01-28,81.02606964111328,82.2798581840523,80.53351290665691,82.2350818519663,316104000
2010-01-29,80.14542388916016,81.94401562183506,80.01855383247016,81.37682413556031,310677600
2010-02-01,81.39176177978516,81.39922640024713,80.22753151654962,80.71262935751012,187865000
2010-02-02,82.37687683105469,82.53359968978535,81.25742295968982,81.54102158449116,216327900
2010-02-03,81.96642303466797,82.451520905515,81.72760640970539,82.00373475160237,172730700
2010-02-04,79.43647003173828,81.36939150635416,79.4215407875312,81.33207978351321,356715700
2010-02-05,79.60065460205078,79.76483642536944,78.04834350472578,79.52601977146084,493585800
2010-02-08,79.02595520019531,80.10063240369585,78.96624964581527,79.66031105743686,224166900
2010-02-09,80.0185546875,80.71261623788105,79.30956389862169,79.95138450193477,337820500
2010-02-10,79.86184692382812,80.30216274741119,79.19017341054803,79.8916997126225,240511500
2010-02-11,80.69766235351562,80.78722067563854,79.29461613659672,79.75732559348009,223591600
2010-02-12,80.63055419921875,80.67533054463729,79.48871184033827,79.84693399136353,304622100
2010-02-16,81.89924621582031,81.98133995781451,80.46634658183653,81.24250197370367,159317500
2010-02-17,82.28736114501953,82.39930772123174,81.8992804399958,82.29482007461813,168845100
2010-02-18,82.77244567871094,82.9440921329123,82.12316019765389,82.15301299269727,193708600
2010-02-19,82.9440689086914,83.26497924825526,82.36195380293299,82.55599406946475,222684900
2010-02-22,82.9590072631836,83.27245301705356,82.71272601635542,83.25006484803964,132346900
2010-02-23,81.95147705078125,82.98883708733521,81.73504863896143,82.73509696620349,207497000
2010-02-24,82.70528411865234,82.83961886348183,81.98883404417481,82.19779793750088,176350700
2010-02-25,82.59332275390625,82.65302833954398,81.30222220405906,81.5261096094435,259634700
2010-02-26,82.64553833007812,82.92913692781995,82.1753697987472,82.66792649435537,173589300
2010-03-01,83.50381469726562,83.58590845572026,82.96647580332188,82.98886397492986,147709700
2010-03-02,83.73516845703125,84.1381726358058,83.5859101806725,83.86204425515828,160992400
2010-03-03,83.8097915649414,84.30981298401758,83.60082203589822,83.9515851994953,150785000
2010-03-04,84.06352996826172,84.18294112520104,83.6082848966459,83.9217306428556,135770400
2010-03-05,85.26509857177734,85.33226309362718,84.40684917605078,84.60835412927777,176118800
2010-03-08,85.27999114990234,85.4665667901736,85.13073291522,85.2725322238539,114631200
2010-03-09,85.42183685302734,85.81737651421491,84.98152083588339,85.02629719183979,154556700
2010-03-10,85.80239868164062,86.03375063284864,85.38447110685554,85.45910021751915,186088800
2010-03-11,86.16065979003906,86.18305365785302,85.3397278125285,85.60093266530384,160791100
2010-03-12,86.1681137084961,86.54872970030925,85.92929705936271,86.53380045695451,162074800
2010-03-15,86.19048309326172,86.2501886659909,85.52627425470072,86.01883668896131,146816800
2010-03-16,86.87709045410156,86.95917850371332,86.190487718544,86.42930432843968,168673000
2010-03-17,87.39204406738281,87.67564273431114,86.88455800922638,87.13830388522342,177468100
2010-03-18,87.34727478027344,87.51892122468983,86.99651157580756,87.39951574516166,196509100
2010-03-19,86.9051284790039,87.89430448886382,86.56790587639969,86.9051284790039,226641100
2010-03-22,87.3697280883789,87.52710204895554,86.35807182876417,86.4105279098617,184477800
2010-03-23,87.98426055908203,88.05919703406845,87.21239828659088,87.49716489574047,182941600
2010-03-24,87.55708312988281,87.99921791274565,86.61287355066312,87.6545056623073,196072600
2010-03-25,87.41471099853516,88.55375999582914,87.30979881657197,88.14909627227749,223396300
2010-03-26,87.36223602294922,87.99170897865872,87.01752382568678,87.57955570069194,205808500
2010-03-29,87.91677856445312,88.07414681416626,87.4446738153137,87.8043710382911,134513500
2010-03-30,87.97673797607422,88.298969864374,87.6095453601509,88.02169870369774,145772500
2010-03-31,87.67699432373047,88.06666733845262,87.38473813336752,87.63952323582329,161078700
2010-04-01,88.27647399902344,88.61369083155347,87.75190749396322,88.27647399902344,161215200
2010-04-05,88.99589538574219,89.05584112062225,88.36641657257778,88.6137120247954,105847600
2010-04-06,89.20570373535156,89.36307198106803,88.64367183609956,88.74108864041429,110384200
2010-04-07,88.69612121582031,89.44549702486422,88.28396223393268,89.02584840133042,184576300
2010-04-08,89.00337982177734,89.15325844342108,88.12661132497952,88.38889176625004,158704000
2010-04-09,89.5879135131836,89.62537888717273,89.02588144777413,89.1907393844408,133006500
2010-04-12,89.73027801513672,89.96258845609707,89.5953901103899,89.7003022899391,110279000
2010-04-13,89.79772186279297,89.95509012692354,89.17573844935917,89.64035359866239,125043600
2010-04-14,90.81688690185547,90.81688690185547,89.98507901456685,90.12745657877848,161609000
2010-04-15,90.89183044433594,91.10165484354752,90.63703959008896,90.6670153210172,144615300
2010-04-16,89.44548034667969,90.89177561714665,88.98836073101565,90.5695438506504,366786700
2010-04-19,89.7827377319336,89.87266491115933,88.77857662502974,89.18324035561771,217947800
2010-04-20,90.58455657958984,90.6594987432898,89.8276910383229,90.3447565206894,157708000
2010-04-21,90.41969299316406,90.84683699986019,89.91760682748502,90.63700695890566,192910100
2010-04-22,90.6894760131836,90.80188355045414,89.2656662653729,89.78273178916164,115360300
2010-04-23,91.28146362304688,91.31893469965433,90.3971999575766,90.62951034143238,177335500
2010-04-26,90.93675231933594,91.51377488785738,90.84683088226615,91.31144021988308,143457300
2010-04-27,88.78606414794922,90.92927408275106,88.613705165637,90.41220857038383,355853300
2010-04-28,89.46048736572266,89.68530240876949,88.62867971064703,89.21319767911199,300674100
2010-04-29,90.56957244873047,90.75691642521431,89.9775647969674,90.00004515937995,193775000
2010-04-30,89.03335571289062,90.68198625035123,89.01087534892315,90.58456371677909,270000900
2010-05-03,90.18741607666016,90.43471157163924,89.32563238394548,89.46052031599896,182747900
2010-05-04,88.0666275024414,89.19818638142257,87.6170032373647,89.1832013834092,360353400
2010-05-05,87.54215240478516,88.27654380569253,86.90518359670665,87.34731293641572,328973200
2010-05-06,84.63452911376953,87.67699391053546,78.6844817145831,87.12245725929161,647356600
2010-05-07,83.37557983398438,85.25650957845195,81.98923530306328,84.40971671124372,637558800
2010-05-10,87.04751586914062,87.41470849549758,86.11079590180199,86.78522970445783,396159600
2010-05-11,86.8001937866211,87.94673776000344,86.11076947439268,86.2306666204274,317849800
2010-05-12,88.01419830322266,88.14159655300188,86.9950466086957,87.14492522099935,235607100
2010-05-13,86.92010498046875,88.18655202184905,86.84516853742561,87.7743930091856,234452500
2010-05-14,85.34642028808594,86.4255234072251,84.58205939021859,86.26815515523137,345601400
2010-05-17,85.39140319824219,85.8185473409991,83.75776309278339,85.57874722080724,325739800
2010-05-18,84.22985076904297,86.34309053985473,83.95257963287163,86.08829976550837,360556800
2010-05-19,83.7502670288086,84.50713270551135,82.70113943940345,83.7577566726913,394742700
2010-05-20,80.58789825439453,82.34893076618717,80.53544216144022,81.96674739335691,530418300
2010-05-21,81.76441955566406,81.9667485693091,78.95425942718313,79.36641853294117,500909400
2010-05-24,80.71527099609375,81.97422263529519,80.6403345555916,81.32226359663025,269823000
2010-05-25,80.79771423339844,80.83518531759582,78.21985915076411,78.76690610670815,396505200
2010-05-26,80.31062316894531,82.03419022626632,80.070823081754,81.29230959984399,349719300
2010-05-27,83.00088500976562,83.03086073499075,81.51711805618918,81.82436495178301,300870500
2010-05-28,81.95925903320312,82.97091553732969,81.56958029319478,82.91096408236142,297933500
2010-06-01,80.58040618896484,82.39389486788139,80.46050899328787,81.1948943246839,277909400
2010-06-02,82.67865753173828,82.68614717548135,80.56541738727603,80.99256148932845,240243700
2010-06-03,82.96340942382812,83.2256898587152,82.1166166719685,82.91844869707168,226618300
2010-06-04,80.0483627319336,81.92929853078138,79.77858685172887,81.38974677037194,398475600
2010-06-07,79.05167388916016,80.64035309250372,78.99172815334899,80.33310618334852,264609100
2010-06-08,79.8984603881836,80.05582864085729,78.42218895278384,79.11161340753078,357774300
2010-06-09,79.47132110595703,81.14242625851112,79.13409850096508,80.36307459109037,268023300
2010-06-10,81.79437255859375,81.89178935776019,79.46381328214484,80.82767705689416,317890600
2010-06-11,82.19156646728516,82.24402256277956,81.02254164353239,81.0749977390268,214128200
2010-06-14,82.06415557861328,83.27065122277546,81.98172377306548,82.82102111350224,207196100
2010-06-15,83.93012237548828,84.00505884129494,82.49881129425194,82.64119458138468,238268700
2010-06-16,83.90013122558594,84.24484347877011,83.33060389901502,83.49546752386067,216374000
2010-06-17,84.0350341796875,84.17741746615711,83.21821698681325,84.13994637478537,263185800
2010-06-18,84.12612915039062,84.42730105752388,83.85506983838197,84.20142212717393,174006600
2010-06-21,83.88519287109375,85.23295274102975,83.41836719774238,85.17272180292493,213140700
2010-06-22,82.49979400634766,84.25414895416012,82.37932636212413,83.88520925408594,239355400
2010-06-23,82.2437744140625,82.84612396113822,81.67906848240575,82.55247733623557,254639900
2010-06-24,80.88094329833984,81.94259316046475,80.67012067892126,81.83718185075547,268523600
2010-06-25,81.21978759765625,81.63390190419774,80.39154749559975,81.1219015431477,238726500
2010-06-28,80.96376037597656,81.5585845696682,80.67011378908241,81.34023094835216,169218600
2010-06-29,78.46400451660156,80.94871286160436,77.96706629429241,79.82682629819871,373649500
2010-06-30,77.7186050415039,78.96848466281078,77.46260200203989,78.24566167497913,284101700
2010-07-01,77.37224578857422,77.92188969361115,76.1449478535046,77.66589242156347,382924800
2010-07-02,76.95060729980469,77.86919670922661,76.51390566202755,77.63578671795894,233385200
2010-07-06,77.45506286621094,78.58447465971044,76.70964694647175,78.03482505930042,256935300
2010-07-07,79.89460754394531,79.99248785196414,77.56801577261892,77.65083978112972,253769400
2010-07-08,80.68521118164062,80.77556048212747,79.74403433831888,80.5647377883414,210842100
2010-07-09,81.28755950927734,81.29509053235023,80.5120307229065,80.66261671743945,144999900
2010-07-12,81.34027862548828,81.49839566922722,80.6776920977506,81.01651351369281,131283600
2010-07-13,82.56754302978516,82.89130226354787,82.01789337108896,82.18354137081893,213025900
2010-07-14,82.56001281738281,82.88377779880337,81.96518851456428,82.30400979406868,184426800
2010-07-15,82.58259582519531,82.86871142973929,81.44565293893952,82.52989016792442,232337900
2010-07-16,80.30870819091797,82.2287047334973,80.15058548959571,82.13834972481105,282693400
2010-07-19,80.7830810546875,81.03907836559944,79.97743401080751,80.60237673260336,186709000
2010-07-20,81.6790771484375,81.73930808839543,79.67625047431137,79.71389983821068,258162400
2010-07-21,80.6174087524414,82.12329105340751,80.28611280799363,82.10070373801064,264527000
2010-07-22,82.41696166992188,82.77837605509194,81.56613998984682,81.57366526751626,274781300
2010-07-23,83.13227844238281,83.25274610201656,82.01792243220827,82.2513324720842,222020800
2010-07-26,83.99810791015625,84.08093189133858,83.0418752335304,83.27528513805255,184445700
2010-07-27,83.99059295654297,84.54776783475198,83.65929699110144,84.45741282295371,204855600
2010-07-28,83.4485092163086,84.07345205041503,83.16991878864374,83.81744894900908,163056200
2010-07-29,83.04187774658203,84.19387675399979,82.37929162155667,83.96799211766948,220149100
2010-07-30,83.0268325805664,83.47107092376885,82.05554338261268,82.1985983198422,220070600
2010-08-02,84.90165710449219,85.03718675950473,83.98306785879441,84.32188912408287,188263200
2010-08-03,84.49506378173828,84.90917800190171,84.21647346511209,84.69083010543467,146657300
2010-08-04,85.05976104736328,85.16517234683745,84.44988056547916,84.72846510931019,158171700
2010-08-05,84.96943664550781,85.01461703618669,84.38967428959349,84.51767295012836,140473800
2010-08-06,84.6230697631836,84.75859942298433,83.51624516555856,84.13365678365392,239728300
2010-08-09,85.07484436035156,85.21790505985005,84.57037501773358,85.02213869387636,120800400
2010-08-10,84.61553192138672,85.06730124729769,83.85506542804018,84.3520036442624,242916300
2010-08-11,82.2964859008789,83.34307384212775,82.16095623790133,83.3129555009676,273406900
2010-08-12,81.7920150756836,82.08566173649697,81.01648642048487,81.05413578499386,239542600
2010-08-13,81.55105590820312,82.04046881534211,81.45317562456941,81.53599961244609,158698500
2010-08-16,81.5134048461914,81.77693308149183,80.70022708199176,80.99387365053862,147895300
2010-08-17,82.51483154296875,83.11718686056659,81.98024392723154,82.21365962865588,172270300
2010-08-18,82.66539764404297,83.10963010122077,82.00281159546982,82.4771623836488,182922100
2010-08-19,81.22727966308594,82.43951523190565,80.88845848313596,82.23622367283255,265847600
2010-08-20,80.96376037597656,81.27246900267737,80.37646720218825,80.98634769120149,209714200
2010-08-23,80.65510559082031,81.74686860396653,80.61745621333728,81.34781047839569,163490300
2010-08-24,79.45790100097656,80.10543103175962,79.03625567655475,79.77413499429294,280677800
2010-08-25,79.7666015625,80.0677734808785,78.52424729348728,79.02118555440069,272234800
2010-08-26,79.23200225830078,80.2484716941845,78.96846825184346,80.14306038939569,224439500
2010-08-27,80.45928192138672,80.54210589732953,78.53927992559875,79.72892817597338,272649000
2010-08-30,79.29222869873047,80.49693910439483,79.28470342344666,80.24846715239018,167238600
2010-08-31,79.29222869873047,79.79670362250852,78.67481720084571,78.99858211708315,273933100
2010-09-01,81.66400909423828,81.77695143313673,80.30871826091477,80.36142391980259,256828100
2010-09-02,82.42445373535156,82.43951002806106,81.68656901393634,81.85974797475801,156112200
2010-09-03,83.49366760253906,83.56896059022942,82.78590088037895,83.23013927337948,212197300
2010-09-07,82.55247497558594,83.2075359055907,82.48471302307802,83.10212459425462,141973700
2010-09-08,83.13227844238281,83.46356881474166,82.68050892141406,82.71815829632415,149924400
2010-09-09,83.51620483398438,84.08844153729746,83.2903260063884,84.06585422898618,147017900
2010-09-10,83.93792724609375,84.03580758042288,83.47863243707025,83.66686782619503,127819000
2010-09-13,84.87152862548828,85.04470187568505,84.42729035316474,84.76611732245934,178503500
2010-09-14,84.81880950927734,85.30069131647976,84.38963334522256,84.70586720410834,209823600
2010-09-15,85.1426010131836,85.24048131121465,84.31436675707587,84.57036403399681,168608400
2010-09-16,85.12002563476562,85.17273130178923,84.59296322004272,84.87908462201675,199962900
2010-09-17,85.15180969238281,85.6514141665537,84.91715013494868,85.56814675419189,195836900
2010-09-20,86.45377349853516,86.6430165030697,85.17448893980539,85.4469993283542,214555200
2010-09-21,86.27970123291016,86.93069206703929,85.92392334462232,86.5219321264959,268389100
2010-09-22,85.85578155517578,86.62789639749228,85.61355069342221,86.14343467398515,191322400
2010-09-23,85.15940856933594,86.04506503239895,84.9171775937484,85.15183722706202,202354300
2010-09-24,86.91555786132812,86.97611703041476,86.02990167058701,86.10559774432518,209671800
2010-09-27,86.49921417236328,87.04423510194727,86.4159525402922,86.94583079114341,128761800
2010-09-28,86.802001953125,87.0820837499709,85.67411497705194,86.6127589005847,209207500
2010-09-29,86.6506118774414,86.98368150589289,86.30997090964155,86.58248137378553,179665800
2010-09-30,86.39322662353516,87.64980312426069,85.98446098264513,87.08964536833243,287106700
2010-10-01,86.75659942626953,87.142656932629,86.24185800953711,87.04424683332213,174638700
2010-10-04,86.10559844970703,86.93826681812867,85.67412447310053,86.57492335111282,166153200
2010-10-05,87.83902740478516,88.0509786306893,86.80197373491099,86.90038378639346,229634100
2010-10-06,87.83146667480469,88.05856060154794,87.47568888468486,87.82389533718299,148626600
2010-10-07,87.72549438476562,88.20995605668338,87.19561623586766,88.18724781819328,164860000
2010-10-08,88.21752166748047,88.45975248771364,87.51353744379684,87.84660698733181,177760100
2010-10-11,88.30081939697266,88.54305030044583,87.99802932382113,88.35380722663115,103098300
2010-10-12,88.57332611083984,88.83069390814504,87.54384337113899,88.01316247804611,182210000
2010-10-13,89.26214599609375,89.73904210108938,88.85338038119977,89.06533741410817,194347200
2010-10-14,88.9139404296875,89.33027738662015,88.35378270373705,89.17887950444523,217764300
2010-10-15,89.09562683105469,89.58765992273598,88.38407688062476,89.5346720990312,243705000
2010-10-18,89.5346450805664,89.82986369144048,88.80038133420449,89.1258795173782,141204800
2010-10-19,88.36138916015625,89.20919453633421,87.82393368387646,88.70959576469234,280604700
2010-10-20,89.22430419921875,89.65577806856108,88.46733209333827,88.52031990974035,200051800
2010-10-21,89.4211196899414,90.14781227464287,88.72470668484074,89.62550540843702,221585500
2010-10-22,89.5876693725586,89.72392461577749,89.32273022608858,89.5573897879277,108212400
2010-10-25,89.85260009765625,90.65499457707044,89.78447537005187,90.18566972213911,151145700
2010-10-26,89.86775970458984,89.95859269183924,89.22433435219638,89.39843476125162,158982900
2010-10-27,89.61036682128906,89.70877690329344,88.76256165472553,89.23945206091753,190024000
2010-10-28,89.62549591064453,90.16294539731584,89.19402205372594,90.12509448301614,168576000
2010-10-29,89.69365692138672,89.86776311228468,89.37572990347671,89.53469341243172,144305500
2010-11-01,89.72391510009766,90.6474221200564,89.20917376644391,90.13268078640266,174074800
2010-11-02,90.43547821044922,90.64742952245496,90.15539639087586,90.39762728677387,158345900
2010-11-03,90.79881286621094,90.85180068907665,89.66335456888322,90.59443291379735,226702800
2010-11-04,92.54740142822266,92.59281790166342,90.81393479729495,91.80556630234004,215039400
2010-11-05,92.89564514160156,93.04703729730971,92.4868793909009,92.60799196041931,180654100
2010-11-08,92.72152709960938,92.87292501118428,92.30519583706797,92.60798010973815,156107100
2010-11-09,92.0553970336914,93.06973709034061,91.68448224322535,92.97133277559166,186621600
2010-11-10,92.42631530761719,92.47173757210865,91.33627913890638,92.0326922585461,221387400
2010-11-11,92.0781021118164,92.2143573449905,91.35140945996783,91.63149126572564,158017600
2010-11-12,90.98808288574219,91.85860232677392,90.57175151846006,91.45740786683753,239068800
2010-11-15,90.85938262939453,91.63149759580017,90.82153748021166,91.2757196970878,163940800
2010-11-16,89.44383239746094,90.45060097207154,89.0123527258917,90.29920885152175,299566200
2010-11-17,89.48924255371094,89.86015726551008,89.21673213579027,89.48167121564681,172308900
2010-11-18,90.80638122558594,91.13187949114872,90.34462773780524,90.35219907660606,197723700
2010-11-19,91.05619049072266,91.09403563718311,90.26893867632386,90.76097178222808,156852900
2010-11-22,90.98049926757812,91.01834441605395,89.90559425159066,90.6020131313792,181361000
2010-11-23,89.6633529663086,90.09482688057172,89.31514645438043,89.90558383439948,222309000
2010-11-24,90.98808288574219,91.01079690962267,90.21597355580212,90.23111046314786,140046100
2010-11-26,89.92831420898438,90.69285209641625,89.92831420898438,90.20082470706085,76007800
2010-11-29,90.20084381103516,90.44307477449053,89.12593849641283,89.70123920033498,223642300
2010-11-30,89.69365692138672,90.20839837786812,89.17891546490532,89.30760516045643,233930700
2010-12-01,91.60121154785156,91.77531192733665,90.98049454769644,90.98806011185505,221037200
2010-12-02,92.7745132446289,92.84264374741366,91.69204274124196,91.74503056552358,191213600
2010-12-03,93.0243148803711,93.13029052827082,92.43387747771837,92.45658572009123,151288900
2010-12-06,92.9259262084961,93.13787753996102,92.72911178274697,92.82751610800122,103050500
2010-12-07,92.97889709472656,93.87212452541236,92.92590927151807,93.81913670220386,206581000
2010-12-08,93.31952667236328,93.3952227330815,92.66096459135166,93.09243849020864,138019200
2010-12-09,93.68289184570312,93.87970048212813,93.22113828866559,93.8418553329265,123705100
2010-12-10,94.22789764404297,94.31873060769341,93.66016852027045,93.97052410480832,117571700
2010-12-13,94.2884750366211,94.77293688357909,94.25819544928113,94.65939565010515,133812700
2010-12-14,94.3717269897461,94.79563536778308,94.08407962002514,94.43228615449992,147249600
2010-12-15,93.94026947021484,94.56855792008382,93.78130596637584,94.19764307779285,160823100
2010-12-16,94.48527526855469,94.55340577364194,93.67531519845441,94.00081349439601,185035200
2010-12-17,94.58646392822266,94.70821339407537,94.22120391944277,94.41905333276567,141075300
2010-12-20,94.81478118896484,95.04306950402729,94.34299385273492,94.84522001801405,119085500
2010-12-21,95.41593933105469,95.47681699191635,95.02024614668042,95.11155683235964,94965500
2010-12-22,95.71269226074219,95.74313108531821,95.43114329323517,95.48440978484018,78878100
2010-12-23,95.57569122314453,95.71266298904067,95.33979766183856,95.6061300384115,70053700
2010-12-27,95.61378479003906,95.70509547186391,95.14960280538597,95.21808581675461,58126000
2010-12-28,95.75074768066406,95.84205835396564,95.49963171785974,95.80401417529414,55309100
2010-12-29,95.81922149658203,96.03228745466934,95.8040049876952,95.86488263446641,58033100
2010-12-30,95.6670150756836,95.9790027965065,95.52243214337422,95.72789271093079,76616900
2010-12-31,95.68987274169922,95.78118922320292,95.3702737648553,95.52246209508212,91218900
2011-01-03,96.6790771484375,97.09759779851797,95.65178599457992,96.42035011975301,138725200
2011-01-04,96.62583923339844,96.92261051493138,96.02468551281292,96.8921716904649,137409700
2011-01-05,97.1280517578125,97.18892939824306,96.23012688110146,96.3214433417473,133975300
2011-01-06,96.93782043457031,97.27264167532837,96.648660330214,97.16610869974384,122519000
2011-01-07,96.74757385253906,97.22697220156024,95.99423193104542,97.06717275188652,156034600
2011-01-10,96.62583923339844,96.7628110406915,96.03229086472042,96.32145679434585,122401700
2011-01-11,96.96825408935547,97.20414769334832,96.60299404566551,96.97586524595211,110287000
2011-01-12,97.84337615966797,97.94990915662261,96.9911063784179,97.56182715583623,107929200
2011-01-13,97.68353271484375,97.92704324778235,97.44003379312645,97.88138792566168,129048400
2011-01-14,98.3912582397461,98.41408590850875,97.47811665556422,97.54659966185218,117677900
2011-01-18,98.5586929321289,98.6500036294584,98.18582156598673,98.2999599376486,114401300
2011-01-19,97.59223175048828,98.57385610711088,97.3335104919952,98.47494010311202,151958400
2011-01-20,97.46292114257812,97.7064202134195,96.74001186781541,97.37160463680196,175745700
2011-01-21,97.68353271484375,98.29229743596896,97.57699975948843,98.07162617531199,151462900
2011-01-24,98.23908233642578,98.35322069467554,97.59987269654707,97.62270036819702,113715500
2011-01-25,98.29232788085938,98.3760332010811,97.48571931030003,97.98033426810343,167552200
2011-01-26,98.6728286743164,98.96199468979138,98.33800731139331,98.53586263197208,141281500
2011-01-27,98.91629028320312,99.08370088163466,98.52059144952658,98.69560739835156,123302700
2011-01-28,97.18897247314453,99.19028369861347,97.02917295039845,99.03047837025348,295637300
2011-01-31,97.91948699951172,97.99558699104453,97.21180584541617,97.45531652933839,149249200
2011-02-01,99.48700714111328,99.66202309358928,98.45211051613923,98.51298815422267,167194300
2011-02-02,99.29679870605469,99.56312539005192,99.1750433933113,99.22830408562047,118323600
2011-02-03,99.51744842529297,99.66963672753862,98.59670164941178,99.12174955047577,145886700
2011-02-04,99.79901123046875,99.83706121412239,99.09893565389608,99.55551223529012,134634800
2011-02-07,100.42298889160156,100.7501931751814,100.01206768521793,100.01968464795847,112439100
2011-02-08,100.87958526611328,100.93284595965159,100.24037566507187,100.51431931945362,99072800
2011-02-09,100.65129852294922,100.92524218160595,100.1490665468742,100.60564318171079,146436700
2011-02-10,100.6893310546875,100.80346938799558,99.91315555452022,100.1414438323605,162708500
2011-02-11,101.29046630859375,101.41982694059075,100.27079195434246,100.29361961815236,137710300
2011-02-14,101.53398895263672,101.6176942765466,101.11547394431274,101.22961228999648,101690700
2011-02-15,101.21438598632812,101.37419127521551,100.68933800564089,101.2220029498906,119575400
2011-02-16,101.85358428955078,101.97532796963948,101.35135242130507,101.55681302399171,130183500
2011-02-17,102.15795135498047,102.29491733648298,101.46548126301306,101.55680352857065,109810500
2011-02-18,102.37104034423828,102.49279565158722,102.01339138591655,102.24928503688936,130002400
2011-02-22,100.31647491455078,102.39387417203899,100.04253126215035,101.29809956243724,233116400
2011-02-23,99.70010375976562,100.49910704013972,99.0837334498623,100.25559641284538,227584000
2011-02-24,99.631591796875,100.0196853401703,98.69562265998266,99.59355342780381,260431400
2011-02-25,100.69694519042969,100.75782284391248,99.98925262851427,100.05013028199706,141686900
2011-02-28,101.3209228515625,101.45029512482446,100.73499719608368,101.06981849134323,141585500
2011-03-01,99.631591796875,101.73182995242944,99.6011587793733,101.64051928870056,258565500
2011-03-02,99.8447036743164,100.30888572648657,99.19028326652285,99.49465999102917,200277400
2011-03-03,101.56440734863281,101.67854566483136,100.74257663833615,100.75018198900858,176480100
2011-03-04,100.80345153808594,101.68615986344201,100.14142609967992,101.48830463911133,277202300
2011-03-07,100.01211547851562,101.32857342712533,99.48706730357708,101.10028504906597,216790400
2011-03-08,100.88720703125,101.20680607814946,99.73817153326192,100.17190895004407,174615000
2011-03-09,100.74259185791016,101.0545854509501,100.14144394974278,100.689331172712,153806000
2011-03-10,98.87826538085938,99.82183996267064,98.77933774455016,99.68487395352703,301291800
2011-03-11,99.5631332397461,99.92078224211126,98.53585318694908,98.55868085848502,225621800
2011-03-14,98.96199798583984,99.28920239426769,98.20864989417174,98.91634263687114,234974100
2011-03-15,97.82813262939453,98.41406979120241,96.2605710378778,96.32905403295028,359585400
2011-03-16,96.01708984375,97.83577361391661,95.33223069681051,97.51616300265638,468670300
2011-03-17,97.2878646850586,97.69878010646367,96.71714978959801,97.40200882527314,254303700
2011-03-18,97.64169311523438,98.49766495807587,97.45062844029191,98.4670880795542,230435400
2011-03-21,99.15496063232422,99.36130215296802,98.74225426770434,98.85690010750592,153992600
2011-03-22,98.81104278564453,99.26960285869613,98.71933543570104,99.1396802257205,129538600
2011-03-23,99.09378051757812,99.35362566282055,98.06967671339092,98.53586330015203,148603100
2011-03-24,100.04147338867188,100.18668442818314,99.10143831928839,99.65934398434285,159129800
2011-03-25,100.3471908569336,100.7828123439648,100.0338419248889,100.30133719110553,155642800
2011-03-28,100.10262298583984,100.8210281856201,100.07205776233774,100.56118297002527,109762400
2011-03-29,100.7751693725586,100.80573459449963,99.68992323785659,100.01854893579561,129798800
2011-03-30,101.47067260742188,101.76873315657198,101.15732361271695,101.30253469132008,135835000
2011-03-31,101.33311462402344,101.61589843031724,101.22611881294893,101.3407646787444,132537100
2011-04-01,101.76107788085938,102.23492637540562,101.5165210728676,101.95979267787332,153850100
2011-04-04,101.84514617919922,102.15849515580744,101.554735700432,101.97506880474414,100768900
2011-04-05,101.82984924316406,102.2807591475809,101.60056926512807,101.64642292840244,120791500
2011-04-06,102.15083312988281,102.41067832085284,101.73812685089396,102.31897099737253,120411600
2011-04-07,101.89102935791016,102.39543150375653,101.38661555039532,101.96744827132035,170731500
2011-04-08,101.53942108154297,102.40303722705696,101.1190764239183,102.3418951257967,147945400
2011-04-11,101.23371124267578,101.9903198825672,100.98914286419547,101.64640580428363,121385400
2011-04-12,100.47711944580078,100.86688729020838,100.11027843567214,100.668184172569,161187400
2011-04-13,100.469482421875,101.01973811372179,100.08735296313948,100.94331921897405,162059000
2011-04-14,100.5459213256836,100.69877080726238,99.56003225708277,99.88865805939373,161220400
2011-04-15,100.91272735595703,101.16493416069402,100.43125223933541,100.72931270644932,170006700
2011-04-18,99.78163146972656,100.90509288828565,98.9791573619466,99.8045583018062,210759300
2011-04-19,100.35479736328125,100.38537423856177,99.68989609669309,99.934452790632,124258800
2011-04-20,101.72282409667969,101.94445395905223,101.48589413541565,101.55468627212366,156133800
2011-04-21,102.24258422851562,102.28843790988803,101.72289362407007,102.25022262152146,135935400
2011-04-25,102.13555908203125,102.30369697321552,101.7992832996627,102.16612430694413,65757100
2011-04-26,103.01445007324219,103.22080323764916,102.34191018375279,102.44890596128508,146600000
2011-04-27,103.68700408935547,103.83985353779744,102.79282257122127,103.21316730068574,143031000
2011-04-28,104.02328491210938,104.16084592387136,103.48830598581388,103.50358276823235,124791100
2011-04-29,104.26785278320312,104.37486024149324,103.92393855560574,104.06151124364503,115094100
2011-05-02,104.10734558105469,104.8410275754246,103.90099241815969,104.7569702938113,126278700
2011-05-03,103.73287200927734,104.08443628449312,103.20553142728717,103.90865997771874,138375000
2011-05-04,103.04505157470703,103.73288007148597,102.58649146907581,103.68702639325642,182678500
2011-05-05,102.11263275146484,103.13673688524428,101.66172279636777,102.47183536970569,226900000
2011-05-06,102.5635757446289,103.65647239476287,102.16615772079207,103.12913171464018,222787200
2011-05-09,102.96094512939453,103.25900559105017,102.39538942655354,102.55588890359749,114104500
2011-05-10,103.83985137939453,104.02327771071145,103.17494987857656,103.30487249013494,114806900
2011-05-11,102.7469711303711,103.70229478092621,102.27313433142876,103.68700633725095,193564200
2011-05-12,103.23611450195312,103.4501061043226,101.9445148337224,102.47185544729993,171550700
2011-05-13,102.44125366210938,103.43479252406944,102.07441267028247,103.28958147310372,157444900
2011-05-16,101.79164123535156,102.87688743640727,101.62350335023513,102.07441328683606,141675400
2011-05-17,101.77635192871094,101.9139245888498,100.97387778595133,101.40951093778206,192686200
2011-05-18,102.68582916259766,102.79282494514456,101.6082212844473,101.8298629022224,135217900
2011-05-19,102.93038940429688,103.19788470046511,102.36484524687361,103.02210840788757,119489500
2011-05-20,102.11263275146484,102.93038371565231,101.92156802523739,102.66290009593313,182594900
2011-05-23,100.92804718017578,101.43246094649369,100.56884449764644,100.8669050574402,168700000
2011-05-24,100.84394836425781,101.44006930736366,100.65288366039918,101.21843938201981,147199600
2011-05-25,101.18022918701172,101.60057388893006,100.4083319428814,100.43889716590063,151050100
2011-05-26,101.64643096923828,101.82985729851,100.71403420335417,100.90509892322116,164850000
2011-05-27,102.03622436523438,102.31135809724552,101.61589120554252,101.92922856176715,120921900
2011-05-31,103.09854888916016,103.11383733657023,102.28843610145367,102.99920313516591,164731200
2011-06-01,100.78282928466797,103.1138215366193,100.69876032929704,102.80047255190343,233094300
2011-06-02,100.67583465576172,101.06561420865175,100.08736362303264,100.85162262190175,200466800
2011-06-03,99.67464447021484,100.438903371224,99.4147992426714,99.46829130167606,234690200
2011-06-06,98.6199951171875,99.62882278800461,98.49007246170392,99.42246955321582,179951200
2011-06-07,98.55882263183594,99.40715038913517,98.47475369510667,99.12436669559267,161660500
2011-06-08,98.14611053466797,98.73459305697494,97.96268423037837,98.40595571949733,198696400
2011-06-09,98.89512634277344,99.30018274704197,98.17673255938672,98.41365102282657,160964400
2011-06-10,97.5194320678711,98.53589194836054,97.25958684708158,98.47476150013424,238629400
2011-06-13,97.59585571289062,98.00856203468705,97.0990921102943,97.74106676457214,207599800
2011-06-14,98.83396911621094,99.17788329782287,98.45183965627199,98.49004327293336,160570400
2011-06-15,97.0761489868164,98.8186639267513,96.816303796891,98.00855147482875,300958000
2011-06-16,97.29017639160156,97.80222853988185,96.54119998017394,97.10675002706809,308032800
2011-06-17,97.58047485351562,98.26403692337134,97.25021406675188,98.25635480468203,233284900
2011-06-20,98.07971954345703,98.28709576860477,97.2195096013353,97.25023222208834,159479000
2011-06-21,99.42378234863281,99.61579429280533,98.11810347215551,98.58661308471561,193157300
2011-06-22,98.82470703125,99.70028103685375,98.76326180214879,99.11656893961097,176703000
2011-06-23,98.54053497314453,98.80166841217599,96.91995364818676,97.66496095090778,334286500
2011-06-24,97.3961181640625,98.59427059271657,97.25019309886643,98.51747286134044,226129300
2011-06-27,98.2640609741211,98.64039698591225,97.26559625076003,97.45760824681092,168904700
2011-06-28,99.54667663574219,99.56204087332127,98.51749538805363,98.65573836782696,165556300
2011-06-29,100.39920806884766,100.56049154187542,99.56203879023515,99.99981993650401,244295500
2011-06-30,101.35926055908203,101.52054402057756,100.3915246316737,100.72177953248347,223322700
2011-07-01,102.85698699951172,102.99524173397303,101.21336474436241,101.45145774981432,202385700
2011-07-05,102.77245330810547,102.97982945331711,102.44987470415234,102.74941281635716,165936000
2011-07-06,102.8953628540039,103.02592957131942,102.23484128909767,102.52670319808482,143331600
2011-07-07,103.96292877197266,104.22406215627727,103.59426918710281,103.8093215882333,170464200
2011-07-08,103.22563171386719,103.96296284473628,102.44990756408802,102.78785051075799,194100500
2011-07-11,101.35926055908203,102.28859175583197,101.1211676362697,101.9583368550222,195918600
2011-07-12,100.92147827148438,101.9813880071349,100.89076151543462,101.14421870089363,214675700
2011-07-13,101.25944519042969,102.31935517734705,101.0136759253297,101.45145718982879,204062600
2011-07-14,100.56049346923828,101.98138659608138,100.36848151801513,101.5128769663177,226111800
2011-07-15,101.14420318603516,101.28244614627292,100.43760071048287,101.1211626926622,220012800
2011-07-18,100.31471252441406,100.82930308712405,99.56202904517178,100.67569588802046,196872100
2011-07-19,101.94297790527344,102.06586836196163,100.85235147099348,100.87539196668764,166554900
2011-07-20,101.88153076171875,102.26555464204107,101.70488305822454,102.2041211343308,137145400
2011-07-21,103.29479217529297,103.54824945214611,101.8969390216455,102.45761084769306,245246300
2011-07-22,103.36387634277344,103.47140256808773,102.7340715091614,103.31779534899296,126019400
2011-07-25,102.7878189086914,103.29473317284581,102.2732283870112,102.38075458975815,136653800
2011-07-26,102.40382385253906,102.88769776058504,102.17340714778,102.7187262917271,131278200
2011-07-27,100.30702209472656,101.86615779833292,100.17644368848488,101.83542933116674,249020100
2011-07-28,100.01519012451172,101.20566661400575,99.85389492240792,100.30705205237578,207939900
2011-07-29,99.33163452148438,100.26865388013985,98.2870889275478,99.0090558156411,307038400
2011-08-01,98.9091796875,100.58352973070916,97.94912008366926,100.49135603949665,325790900
2011-08-02,96.3823471069336,98.69417335305177,96.3823471069336,98.16421832919048,346653800
2011-08-03,96.90458679199219,97.01211301218636,94.87694112584552,96.51288664403033,370830800
2011-08-04,92.36542510986328,95.71411380685991,92.21181204226656,95.56050073926319,520721800
2011-08-05,92.2271957397461,93.75560946147277,89.75408049711119,93.5175164811321,655619200
2011-08-08,86.22105407714844,92.25791070261988,86.03671837243502,89.79247778454416,702263900
2011-08-09,90.23027038574219,90.35315500337916,84.6926398385359,87.61122421910501,717828700
2011-08-10,86.24408721923828,89.30859626689944,85.98294792303784,88.52519009777735,662607400
2011-08-11,90.11506652832031,91.33625994460539,86.26714469445275,86.98911163574779,487979700
2011-08-12,90.7218017578125,91.55897098726983,90.07663860488475,90.93685418887533,313731600
2011-08-15,92.64189910888672,92.73406106616505,91.3976599479883,91.54359085999617,258810600
2011-08-16,91.85087585449219,92.69573351104506,90.86777515567688,91.75871382631723,294095200
2011-08-17,91.91227722167969,93.08738939769088,91.1826341682611,92.3577463442723,238201100
2011-08-18,87.94915771484375,91.94300404429866,87.08894204492337,89.47757123949509,512956300
2011-08-19,86.512939453125,89.0014137121395,86.40541318549575,86.75871461624072,428281300
2011-08-22,86.5820083618164,88.50212735816902,86.33623336467281,88.4560405176346,275090600
2011-08-23,89.43146514892578,89.53130922823482,86.46680091995344,86.9045878211365,331136600
2011-08-24,90.69108581542969,90.81397041661586,89.0320997513688,89.23947593924626,246869700
2011-08-25,89.30860137939453,91.70491273579543,88.99370481388664,91.19032209231914,312365400
2011-08-26,90.60662841796875,91.02137506366059,87.44226837662073,88.85547982043089,314495900
2011-08-29,93.21028900146484,93.26405211741545,90.67572871295884,91.82780050596335,190977200
2011-08-30,93.45608520507812,94.03212123177123,91.59741036528635,92.80324554677425,241315700
2011-08-31,93.8708267211914,94.861609336166,93.16422397337332,94.05515659893935,301828400
2011-09-01,92.88772583007812,94.77712318321151,92.76483533894368,93.92458944512508,254585900
2011-09-02,90.51443481445312,92.83394252254242,90.19185613496728,90.95222183939529,255517200
2011-09-06,89.85392761230469,89.98450021660106,87.84932200333895,87.8570041235307,285130500
2011-09-07,92.38847351074219,92.42687238612262,90.90614097509217,91.21336127683506,209803200
2011-09-08,91.42841339111328,92.88770542417596,91.22103719781636,91.83547779902375,250568200
2011-09-09,89.0320816040039,91.44375074057741,88.54053157997227,90.38384709996016,380195100
2011-09-12,89.60814666748047,89.67727402522213,87.5958649291277,87.91844363928098,305793500
2011-09-13,90.4299545288086,90.76789746656006,89.26252434526573,89.90000548339135,272514700
2011-09-14,91.6818618774414,92.78017039253926,89.64653417131386,90.89076777405094,319389500
2011-09-15,93.26403045654297,93.29475306705649,91.70489459634962,92.66495420087644,326777200
2011-09-16,93.8160400390625,94.16345321088254,92.88961669432102,93.6384784115141,284528300
2011-09-19,92.88188934326172,93.36054471412984,91.65437818950059,92.27971361575207,241517000
2011-09-20,92.7738265991211,94.17890555951763,92.65030621614859,93.27564177570348,218932200
2011-09-21,90.04082489013672,93.1057498077825,89.89414487640741,92.82010575100954,316251300
2011-09-22,87.13035583496094,88.1725837880949,85.92600405712231,87.43144377942059,513911300
2011-09-23,87.65530395507812,88.13395930796177,86.48182821576836,86.55131319943867,307242500
2011-09-26,89.7397689819336,89.86329523742086,87.22298337196918,88.48137617695139,260673700
2011-09-27,90.74339294433594,92.30287352711854,90.20297444887434,91.50769245485452,311753900
2011-09-28,88.89054107666016,91.47681151742049,88.7592988558881,90.92867704532337,286696800
2011-09-29,89.59312438964844,90.81291425024092,87.95643619674757,90.36514612195025,298108900
2011-09-30,87.35424041748047,89.12988646586585,87.29247727926088,88.3578649082921,288392300
2011-10-03,84.86832427978516,87.97184813824315,84.77567957876528,86.84469744775615,365136800
2011-10-04,86.72887420654297,86.91416356833801,82.93825250316374,83.64851071987863,459177500
2011-10-05,88.33470153808594,88.56631035176912,86.14216323279419,86.94506632615726,284108000
2011-10-06,89.93277740478516,90.0640255282292,87.63215677342936,88.28837383042456,257800800
2011-10-07,89.33056640625,90.51947968201428,88.82875148160119,90.45771657650742,312657900
2011-10-10,92.3183364868164,92.35693402949796,90.84377252905041,90.85149439360947,230666300
2011-10-11,92.41095733642578,92.67344766989329,91.67753937742863,91.77018406395642,209088000
2011-10-12,93.22158813476562,94.29469745658245,92.89734054617121,93.10578374168016,281544900
2011-10-13,93.03632354736328,93.3142517912285,91.96321400746153,92.67347245731384,212538800
2011-10-14,94.62666320800781,94.64982290770794,93.592157354363,94.1171321444374,211397600
2011-10-17,92.82013702392578,94.61122646546684,92.58852824413488,94.17889046919422,202311600
2011-10-18,94.63440704345703,95.34466548609599,92.02497032367461,92.75067249640328,318857900
2011-10-19,93.51497650146484,95.02042219113937,93.19072883540233,94.48000352431102,226601300
2011-10-20,93.92411804199219,94.26380342270309,92.50359572883325,93.74655054407657,262075600
2011-10-21,95.7074966430664,95.82330103439614,94.74246986541195,95.02811402196183,278999400
2011-10-24,96.88097381591797,97.12030447980797,95.77698286460019,95.86190569855205,203215600
2011-10-25,94.99725341796875,96.46408964064645,94.78880430249724,96.41777023278921,268596800
2011-10-26,95.9622573852539,96.32510247673629,94.3487296803406,96.00085491921304,289053800
2011-10-27,99.30513000488281,99.91502181087222,97.74564326561149,98.53310260946003,393220200
2011-10-28,99.2819595336914,99.47496488909896,98.66434004036482,98.81874196866846,225906500
2011-10-31,96.88867950439453,99.29738234873282,96.74971542567845,98.17023777367132,228146700
2011-11-01,94.18660736083984,95.35236128148877,93.81603451074648,94.20976705958525,416565800
2011-11-02,95.72293853759766,96.03947016131303,94.79651514780052,95.59941816765095,244717600
2011-11-03,97.46769714355469,97.660702484433,95.4218393522333,96.7111136156872,291174800
2011-11-04,96.87326049804688,97.04310028055085,95.73838794962538,96.6802551228747,249401600
2011-11-07,97.47541809082031,97.57577874671435,95.88505009168341,96.80375739045263,196617200
2011-11-08,98.72608947753906,98.83417788687902,97.05080453857519,97.98494967813646,224426300
2011-11-09,95.0821533203125,97.12028923512419,94.85054455678846,96.41774697180864,337982000
2011-11-10,95.97770690917969,96.45636233099766,94.97407666312971,96.34055793490631,231866500
2011-11-11,97.78424072265625,98.039003327419,97.11257993360324,97.14346149873795,189924400
2011-11-14,96.8577880859375,98.39410876812308,96.44089589221811,97.42136620616601,159258300
2011-11-15,97.33650207519531,97.85375522569343,96.28655204101672,96.63395946685972,184709400
2011-11-16,95.79243469238281,97.53719914278953,95.65347057871655,96.35600712165483,235782500
2011-11-17,94.27153015136719,95.85417631907016,93.59215346482182,95.61484568865134,331219600
2011-11-18,94.17117309570312,94.7656269829123,93.77744053193527,94.5726216326416,215580400
2011-11-21,92.38009643554688,92.91278727060369,91.60035306357986,92.79698286644118,229611600
2011-11-22,92.0172348022461,92.71977123060634,91.49997597514765,92.17935859340615,216494900
2011-11-23,89.98684692382812,92.01726775220537,89.98684692382812,91.1526013330054,224329100
2011-11-25,89.81697082519531,90.86692044688368,89.7088882956147,89.84785238936922,99557000
2011-11-28,92.41870880126953,92.78155991048851,91.73161002043014,92.28746653752664,210686000
2011-11-29,92.68116760253906,93.41458554626018,92.34147631573487,92.68116760253906,199241500
2011-11-30,96.49492645263672,96.67249391715781,92.64254238116831,95.3368946728721,324439500
2011-12-01,96.47955322265625,96.99680635035433,96.06266079598583,96.38690849782122,176954800
2011-12-02,96.39459228515625,97.66070690745555,96.33282915966461,97.36734089645405,221109700
2011-12-05,97.44454956054688,98.18568945486048,96.84237376454558,97.92319909580108,225263900
2011-12-06,97.47541809082031,98.13163506563167,97.08940741268945,97.43681466698501,178842100
2011-12-07,97.8382568359375,98.24742716118033,96.479497769615,97.15115249593632,237802500
2011-12-08,95.69206237792969,97.41367291111742,95.46045946242604,97.19750783395806,240862800
2011-12-09,97.3133316040039,97.56037829707557,96.0394947000172,96.1244175529535,209111400
2011-12-12,95.8927993774414,96.4795374252085,95.0821802555828,96.46409369523565,215826100
2011-12-13,94.99725341796875,96.94274511871349,94.53403577916848,96.39461052886058,245159800
2011-12-14,93.98587036132812,94.98177853399312,93.7774272042843,94.61892758464366,238618800
2011-12-15,94.3255844116211,95.113043727506,94.1788984459924,94.98180148986792,199109200
2011-12-16,94.46543884277344,95.52204759639393,94.24013788166586,94.96267172160616,220481400
2011-12-19,93.45541381835938,95.03255551364607,93.25341359348499,94.83055528877169,183903000
2011-12-20,96.28340148925781,96.44655347919462,93.51757664143408,94.92379564570676,225418100
2011-12-21,96.46987915039062,96.61749542510299,95.36665732730945,96.28342054319393,194230900
2011-12-22,97.32447052001953,97.42547360714178,96.51648138750882,96.82724370274623,119465400
2011-12-23,98.19461822509766,98.2256956414109,97.43324227136215,97.63523658628155,92187200
2011-12-27,98.27230834960938,98.52869258745456,97.93823353504442,98.02369494765948,86075700
2011-12-28,96.98262786865234,98.30338545089089,96.90493729218143,98.28784970656112,119107100
2011-12-29,97.98487091064453,98.08586808648897,97.00595286452179,97.30117948212165,123507200
2011-12-30,97.50315856933594,98.14800159838903,97.50315856933594,97.9071531123194,95599000
2012-01-03,99.05699920654297,99.74069052402149,99.00261520878092,99.25899945283537,193697900
2012-01-04,99.21240997314453,99.29787141333485,98.44326293884468,98.82395103679328,127186500
2012-01-05,99.47651672363281,99.62413295317948,98.22568493596472,98.67629853227845,173895000
2012-01-06,99.22018432617188,99.61641411496122,98.89388023065743,99.60087243760537,148050000
2012-01-09,99.46099090576172,99.5852887076412,98.98707071255846,99.44544923496878,99530200
2012-01-10,100.32339477539062,100.72738347766638,100.18354341319956,100.5253891265285,115282000
2012-01-11,100.37776947021484,100.50984406321648,99.84947109820831,100.01261718463579,111540700
2012-01-12,100.61861419677734,100.76623046702043,99.86500302593309,100.66523922013633,118983700
2012-01-13,100.09806060791016,100.26121851981833,99.22791669059131,99.94267945907777,179836200
2012-01-17,100.48653411865234,101.24792201259545,100.14468842828173,101.06145749380507,132209200
2012-01-18,101.59751892089844,101.65189698895286,100.28452626656313,100.46321399705897,163395200
2012-01-19,102.13360595703125,102.2190673781396,101.6208374303812,101.94714144147943,126328900
2012-01-20,102.51428985595703,102.51428985595703,101.71406555997967,101.96268491844664,138230200
2012-01-23,102.2501220703125,102.74734884193316,101.760660206672,102.1724255712256,129295800
2012-01-24,102.13360595703125,102.16467744887825,101.46545626149965,101.6208374303812,103083300
2012-01-25,102.98818969726562,103.2290322437211,101.58197081261571,101.9781944998662,198613200
2012-01-26,102.45992279052734,103.64082930567083,102.05592221701784,103.44659985655615,184880500
2012-01-27,102.41326141357422,102.59194910330046,101.8927163027217,101.962647881153,135259100
2012-01-30,102.06365966796875,102.11804958940365,101.0458995251986,101.39551006858065,147311800
2012-01-31,102.02483367919922,102.69297149191719,101.52759499189186,102.56867367491316,157212000
2012-02-01,102.91828918457031,103.43882262360731,102.65414001040051,102.77843783335942,166234500
2012-02-02,103.08145141601562,103.34561248640146,102.71631094440255,103.12029967826282,113090400
2012-02-03,104.5264892578125,104.58864408873002,103.92827123802238,104.10695896764658,160598500
2012-02-06,104.4565658569336,104.50317901478228,103.9748807527353,104.091413647357,107694500
2012-02-07,104.72074127197266,104.89944089500659,103.82729057610058,104.23905604687548,135528100
2012-02-08,105.03150939941406,105.05481598283585,104.34781800617876,104.77512512695083,139361400
2012-02-09,105.16356658935547,105.34225431763014,104.54203013969631,105.20241484023825,148602900
2012-02-10,104.38667297363281,104.47213440328082,103.9826724103127,104.23129178922491,167907500
2012-02-13,105.16356658935547,105.28787625025166,104.68188147190995,105.1324951015423,115841900
2012-02-14,105.03150939941406,105.09366424014671,104.3012048393352,104.88389313452701,165329500
2012-02-15,104.54205322265625,105.52874210979596,104.33228210542904,105.37336092677833,195195100
2012-02-16,105.69963073730469,105.79285704595955,104.36333165742249,104.54979612955276,186567800
2012-02-17,105.97936248779297,106.15028535628292,105.62975184036355,106.06482392203795,129869400
2012-02-21,106.02595520019531,106.47656887063842,105.69965120190676,106.22794952632933,134042300
2012-02-22,105.68415069580078,106.08815136026,105.49768611493636,105.86283850986204,124455300
2012-02-23,106.1502914428711,106.22797611629585,105.27237046390827,105.62975789710467,137704300
2012-02-24,106.38335418701172,106.5931253232538,106.15028831877102,106.38335418701172,105539100
2012-02-27,106.56207275390625,106.84952861234625,105.50546382917439,105.6763867327948,145728900
2012-02-28,106.87279510498047,106.99710478003246,106.38333316872769,106.59310426352503,129355900
2012-02-29,106.4532699584961,107.36226227382268,106.08034091516441,107.028181487691,185934700
2012-03-01,107.00489044189453,107.20689666673726,106.38335380091567,106.67858637271634,145023500
2012-03-02,106.67853546142578,107.07477095654829,106.43769294350726,106.93491964802865,120638300
2012-03-05,106.2435073852539,106.59311801848176,105.87835507693323,106.51543335266703,140765000
2012-03-06,104.68965911865234,105.21795745951111,104.38666169261317,105.1558144763233,202129900
2012-03-07,105.41996002197266,105.59088285692009,104.82949500858234,104.93049809873023,143692200
2012-03-08,106.46878814697266,106.68633599256326,105.84726351896194,106.06479950973016,116968900
2012-03-09,106.88056945800781,107.16024843833135,106.53872378673746,106.67079836794231,122836800
2012-03-12,106.88833618164062,107.0281756741765,106.50764224947679,106.8650295995513,104003500
2012-03-13,108.8150863647461,108.86947629166181,107.28455761488097,107.46325721347024,184090500
2012-03-14,108.69857025146484,109.11810063965483,108.36448943907732,108.84618652753203,145163600
2012-03-15,109.3278579711914,109.37447113568582,108.58201177481132,108.86170261660097,165118500
2012-03-16,109.47926330566406,109.61971565859578,109.24516414399989,109.52608075664129,152893500
2012-03-19,109.9084701538086,110.24400323953473,109.33102700056298,109.40906404257325,125291100
2012-03-20,109.58850860595703,109.72116202005984,108.96424814028998,109.28418326612632,121729700
2012-03-21,109.4090347290039,109.75236666423103,109.1827345118745,109.65093282493157,122388400
2012-03-22,108.62086486816406,108.89398244364173,108.26192326774773,108.60525508782352,135216700
2012-03-23,108.97203826904297,109.09689273343696,108.11369061658269,108.71454230804883,120521000
2012-03-26,110.50147247314453,110.50147247314453,109.71335101481442,109.75235761537174,120164000
2012-03-27,110.1581039428711,110.67311954786041,110.08787778949275,110.60289339448207,119868500
2012-03-28,109.61190032958984,110.27517920400025,108.96423123876382,110.10350730490053,148562100
2012-03-29,109.42466735839844,109.62755891498617,108.53509980650726,108.96427974531035,164963700
2012-03-30,109.8772201538086,110.06450185871408,109.28417928177427,109.96305611354308,135486800
2012-04-02,110.6809310913086,110.96965848826208,109.52605722382089,109.74454655262193,151741100
2012-04-03,110.22840118408203,110.71220944628702,109.58073179165125,110.52492767639008,155806700
2012-04-04,109.13590240478516,109.51045386086129,108.73013138174994,109.41681897353628,146896000
2012-04-05,109.08128356933594,109.40121867112448,108.66771357210767,108.76136037432452,137439400
2012-04-09,107.85614776611328,109.12026606445393,107.5596214860489,107.7078846260811,127555900
2012-04-10,106.04586029052734,107.94984976536873,105.93661557836992,107.6455243595887,235360300
2012-04-11,106.90415954589844,107.3255283664419,106.70907896278548,107.13044778332896,154133000
2012-04-12,108.30097198486328,108.38680794996375,106.92760845003417,107.00564547531762,154321500
2012-04-13,107.01342010498047,108.32436800990983,106.91197437651299,108.05125039023999,169246700
2012-04-16,106.9432144165039,107.71572616803613,106.57646184297283,107.559664029822,147825300
2012-04-17,108.52726745605469,108.74575682913532,107.45041846960169,107.559663156142,147877600
2012-04-18,108.1604995727539,108.52725209138319,107.9810287360128,108.04345596330887,123884200
2012-04-19,107.46598815917969,108.58184333345424,106.95878342665004,108.17608431013988,198666700
2012-04-20,107.64549255371094,108.33218020253751,107.58306532138333,107.9420189305728,143199600
2012-04-23,106.74031066894531,106.83395746654723,106.07704368097134,106.54523004187475,171844900
2012-04-24,107.14604187011719,107.41915940918115,106.74808182529486,106.83391774556306,137484200
2012-04-25,108.61305236816406,108.65986979656556,108.09803684220311,108.19167169900611,150252200
2012-04-26,109.37001037597656,109.49486484035917,108.31657018126107,108.37899741345238,136291600
2012-04-27,109.54949951171875,109.86162381799492,109.08911199258874,109.6977627245726,130725000
2012-04-30,109.14369201660156,109.40901068597728,108.84717759648471,109.33097368202411,115092200
2012-05-01,109.82262420654297,110.5405196821382,108.95646550864812,109.08130809504482,138832200
2012-05-02,109.494873046875,109.60411773470328,108.82379513399331,109.18273686252424,121081000
2012-05-03,108.65991973876953,109.59630445749674,108.4570401535249,109.51046849705138,143759700
2012-05-04,106.90415954589844,108.69890329189238,106.84173233048942,108.09025282512187,193927300
2012-05-07,106.98218536376953,107.34112693139983,106.48277959945197,106.52178618657985,127765900
2012-05-08,106.55303955078125,106.72471145299215,105.28111006806674,106.34234914229035,213377700
2012-05-09,105.92101287841797,106.5998898511791,104.9456094546669,105.42160680172863,220752500
2012-05-10,106.13947296142578,106.78714208462841,105.89757488426824,106.65447677769352,150600000
2012-05-11,105.81954956054688,106.80275176216949,105.42938825576007,105.47620570724999,153032400
2012-05-14,104.6490707397461,105.81955471107717,104.493008591591,104.80513288790117,163910000
2012-05-15,104.0482177734375,105.19529300472333,103.88435668712727,104.57884335921105,207629300
2012-05-16,103.65026092529297,104.99241686039905,103.62685219790684,104.51641955891633,207265500
2012-05-17,102.11298370361328,103.79848284559687,102.05835542359081,103.67362841135197,247992900
2012-05-18,101.23902893066406,102.69042902030223,101.09076577475231,102.51094630168565,319615900
2012-05-21,102.97911834716797,103.01813683725706,101.4028642203861,101.56673711605171,177861100
2012-05-22,103.15861511230469,103.9623462022625,102.48753739666496,103.24445104942515,197531200
2012-05-23,103.21327209472656,103.36153529159718,101.43413754583467,102.41733972071351,204958400
2012-05-24,103.41612243652344,103.65802046542136,102.54996413212402,103.49415943600154,167357600
2012-05-25,103.08061218261719,103.66585408696942,102.83090325484059,103.37712665088061,135465600
2012-05-29,104.32909393310547,104.50856473647373,102.35487937573276,103.90772511068128,152883500
2012-05-30,102.81529235839844,104.32132103417058,102.6046138479892,103.43955276431264,162370400
2012-05-31,102.58897399902344,103.35368652110583,101.70720598757411,102.7762556379465,196186000
2012-06-01,100.00611877441406,102.61239265806526,100.00611877441406,100.9815217464489,253240900
2012-06-04,99.95930480957031,100.45871067233125,99.21019006204143,100.18559306796317,202545800
2012-06-05,100.71621704101562,100.86446829408496,99.70959448563953,99.76421681504726,164149400
2012-06-06,102.97911834716797,103.02593577256629,101.38725444299618,101.41847399777605,184202800
2012-06-07,103.04156494140625,104.1964386433966,102.8308745806924,104.14962120918769,184772700
2012-06-08,103.86089324951172,103.8843019637964,102.4485000159589,102.77624582948917,143915400
2012-06-11,102.54218292236328,104.75829597207924,102.44073718685873,104.69586874305924,169756100
2012-06-12,103.7204818725586,103.79070805117257,102.34711833917925,102.8387134962554,181931800
2012-06-13,103.05717468261719,104.06378523804807,102.70602011263614,103.4161162825985,172223900
2012-06-14,104.14962768554688,104.56319758914107,102.98694306770642,103.26785959720196,230615500
2012-06-15,105.21480560302734,105.30892564914066,104.39907061028242,104.61869203019336,169444500
2012-06-18,105.41873168945312,105.67757377326882,104.54024604872293,104.77555812205259,131360900
2012-06-19,106.43844604492188,106.86984966662862,105.39523800278496,105.95214303598337,137382600
2012-06-20,106.26583099365234,106.75214572575743,105.31675547310331,106.4462436698454,206451800
2012-06-21,103.88137817382812,106.50115630943425,103.79509748224979,106.39134560819534,205272200
2012-06-22,104.68143463134766,104.87752602458387,104.02255845403766,104.42259255605958,130029200
2012-06-25,103.00292205810547,103.61472642140386,102.63426917657026,103.57550573791607,146375700
2012-06-26,103.52056884765625,103.83432226967986,102.69698257148953,103.30094743647436,141634000
2012-06-27,104.4540023803711,104.65793319969475,103.51276572187756,103.86572797275345,108088000
2012-06-28,104.15592193603516,104.31280465969726,102.9715339706035,103.76373906382278,169242100
2012-06-29,106.75218200683594,106.88552274642618,105.7717248317859,106.04624565971709,212250900
2012-07-02,107.07376861572266,107.18357934648793,106.29725415119394,107.05023859973524,129524500
2012-07-03,107.77971649169922,107.85814589719502,106.94043927042847,107.05025001290122,80450000
2012-07-05,107.29334259033203,108.08555933952147,106.90115987282176,107.37962326692296,126177500
2012-07-06,106.27376556396484,106.49338711111058,105.77177174642078,106.25807489103252,151192100
2012-07-09,106.14037322998047,106.33646465675609,105.6540583530167,106.18743325745127,103780500
2012-07-10,105.21480560302734,106.85412690467311,104.85399214547667,106.68156550781885,167884800
2012-07-11,105.23051452636719,105.57563737996111,104.61871018353136,105.2697352085432,141733400
2012-07-12,104.72064971923828,105.28539392366423,104.00688610038205,104.61869032709856,143583200
2012-07-13,106.47762298583984,106.58743368366109,104.97948191891052,104.99517258101882,129642600
2012-07-16,106.22663879394531,106.5403922484938,105.81092593908026,106.23449011060309,97525200
2012-07-17,106.95608520507812,107.17570659816809,105.53638549672215,106.65018312409794,138860300
2012-07-18,107.7483139038086,107.96009599697727,106.6423673471964,106.70510607182993,113349700
2012-07-19,108.03068542480469,108.38364759909999,107.62282387464921,107.96793473205673,129847300
2012-07-20,107.04240417480469,107.5836185043566,106.92475408945539,107.41889641639501,142904500
2012-07-23,105.95993041992188,106.97176859718509,104.97947356437784,105.47362764948163,145210900
2012-07-24,105.05006408691406,106.08543227617442,104.34413993494022,106.03837226183849,173301200
2012-07-25,105.07366180419922,105.54427416568612,104.51675674602808,105.26975328027056,129122300
2012-07-26,106.80707550048828,107.03454825491123,106.09329984394427,106.58745406285486,156526500
2012-07-27,108.77578735351562,109.08170134762996,106.7835045141469,107.37177856104468,236768900
2012-07-30,108.77578735351562,109.29347138721755,108.45420663724576,108.65029798621168,106782000
2012-07-31,108.0150146484375,108.9248698388232,108.0150146484375,108.62681898700363,120575900
2012-08-01,107.92085266113281,108.81502890532644,107.77182129235581,108.79149889641096,138293800
2012-08-02,107.17572021484375,107.90518648122493,106.34429455416077,107.105130179911,199556600
2012-08-03,109.30136108398438,109.52882186253639,107.20709420934145,108.68170550130866,157825000
2012-08-06,109.51309967041016,109.944503059127,109.46603965863503,109.59154100234663,86326200
2012-08-07,110.06220245361328,110.5328146997346,109.83472969478768,109.95237976420027,109545100
2012-08-08,110.195556640625,110.32104607382732,109.66218166774365,109.69356300239853,89754700
2012-08-09,110.28966522216797,110.50928666799132,109.92885172204608,110.03866244495775,90291700
2012-08-10,110.47010803222656,110.50932872715171,109.66221198436665,109.84261281885144,99792700
2012-08-13,110.41511535644531,110.47001470818148,109.84252002490804,110.28177468112537,79426900
2012-08-14,110.43083190917969,110.89361672745143,110.10139978041539,110.82301472463287,102379400
2012-08-15,110.55638122558594,110.74463336728853,110.24263962455652,110.3132296895169,71085900
2012-08-16,111.37213134765625,111.5054721298816,110.43873390360369,110.71325481931167,112014200
2012-08-17,111.52110290527344,111.61523492228305,111.27011211967796,111.56032358165494,90813700
2012-08-20,111.5289306640625,111.5524606712273,111.05830658383167,111.36420864544145,78255700
2012-08-21,111.19166564941406,112.2348733571049,110.94851422289769,111.8034698737035,105581100
2012-08-22,111.23875427246094,111.4191550403226,110.65047997126439,110.90931013153613,133243500
2012-08-23,110.32888793945312,110.97206162310633,110.15632651905244,110.96422227435043,111466400
2012-08-24,110.99559783935547,111.24660063522454,109.9837712436294,110.05436129179056,99481200
2012-08-27,111.01911926269531,111.44268345582311,110.86224851165473,111.29365205336967,68785900
2012-08-28,110.90930938720703,111.2544322232149,110.57203786831737,110.73674796920308,75689600
2012-08-29,110.99559783935547,111.29366066733198,110.68969566218507,111.00344915702142,65421300
2012-08-30,110.195556640625,110.5485188604218,109.96024450460301,110.51713752576691,96589900
2012-08-31,110.72102355957031,111.23870759985084,110.09352884121206,110.8229829237713,151970400
2012-09-04,110.61906433105469,110.95634771607078,109.91314017594948,110.62690367732293,120226200
2012-09-05,110.52497100830078,110.96421387480947,110.30534957504645,110.66615108604837,100660300
2012-09-06,112.76825714111328,112.77609648926227,111.18383511667396,111.19167446482294,158272500
2012-09-07,113.20747375488281,113.2545337698048,112.85451167450027,112.95647105067533,107272100
2012-09-10,112.5643310546875,113.29379746843941,112.52512233967246,113.09770601947534,86458500
2012-09-11,112.8780746459961,113.2388761780754,112.60354185415521,112.63492318557934,88760000
2012-09-12,113.25459289550781,113.38009431313084,112.87024929221505,113.25459289550781,87640900
2012-09-13,114.98015594482422,115.33311808805479,112.94081246811999,113.23886327185234,225470200
2012-09-14,115.4900131225586,116.17240747023614,115.1135089590038,115.20764098412805,169777000
2012-09-17,115.0978012084961,115.45076330032062,114.80757782628956,115.2546719194772,119427800
2012-09-18,115.00369262695312,115.15272402169838,114.71348115411482,114.90173322670942,98326600
2012-09-19,115.06642150878906,115.43507426745376,114.83896076992723,115.13701153445636,128318300
2012-09-20,115.07427978515625,115.13701849945473,114.22716352049915,114.54090496586743,154009800
2012-09-21,115.02617645263672,115.65702100788755,114.97886521665575,115.63336538989707,108737500
2012-09-24,114.85269927978516,115.11292312223064,114.37168163751195,114.45842291832712,95682000
2012-09-25,113.63043975830078,115.31794191949822,113.59889091471297,115.09714814381694,133165200
2012-09-26,112.99170684814453,113.63832581340917,112.72360182797284,113.60678900083086,146502200
2012-09-27,114.05632781982422,114.31655180477128,113.16525890461452,113.46491295377167,111830300
2012-09-28,113.52793884277344,113.99318207120703,113.1257812773688,113.6225613211369,150696100
2012-10-01,113.8276596069336,114.88431801063723,113.55954237345381,113.96171220749,135911200
2012-10-02,113.9459228515625,114.45847755317354,113.41759371890276,114.27711370939254,113422200
2012-10-03,114.4111328125,114.67923790004565,113.65412879679911,114.25342464525913,121283100
2012-10-04,115.23123168945312,115.39682104964179,114.68712829839572,114.84483646174357,124311600
2012-10-05,115.23912048339844,116.04344781156752,114.89215528174266,115.84630958629604,124842100
2012-10-08,114.8448257446289,115.2233277078149,114.58460188482589,114.81328892784693,78415400
2012-10-09,113.70929718017578,114.85269619118407,113.66986713861839,114.7580737173338,148872900
2012-10-10,112.98381805419922,113.80391951438463,112.8339911317216,113.69351059688908,124247500
2012-10-11,113.04691314697266,113.93798152936031,113.02325752906494,113.77238017164721,123601500
2012-10-12,112.67631530761719,113.51217939640986,112.43186585135082,113.1257962038707,124181900
2012-10-15,113.61470794677734,113.73298607369502,112.58170553048684,112.94443314127626,107689100
2012-10-16,114.76592254638672,114.84478260726137,114.07200454658481,114.1508525751035,108815500
2012-10-17,115.28640747070312,115.38104198092438,114.67133729988427,114.84481986420342,128834100
2012-10-18,114.98673248291016,115.5387168319948,114.6003374223727,114.98673248291016,148108500
2012-10-19,113.07061767578125,114.78177629466938,112.80251253528027,114.77389509607733,185645200
2012-10-22,113.08635711669922,113.2913765079385,112.1952886245567,112.88132569309938,125578600
2012-10-23,111.51712036132812,112.02179360337794,111.05187716038641,111.86408547130472,192056300
2012-10-24,111.20173645019531,112.05337504999733,111.02825384473401,111.9193104647532,120179400
2012-10-25,111.52499389648438,112.19526845220659,110.84685017838393,111.99024909782912,134457400
2012-10-26,111.46194458007812,111.84832775652235,110.7049285877392,111.42251453307989,146023500
2012-10-31,111.46194458007812,111.99815471569909,110.93360360855142,111.8562209853386,103438500
2012-11-01,112.62897491455078,112.77090861409206,111.59597288225018,111.69847654335499,100995600
2012-11-02,111.6275863647461,113.33086412328434,111.50930820055592,113.29931525792253,137702200
2012-11-05,111.85623931884766,112.10857000274424,111.1307600257829,111.46196284896432,98378500
2012-11-06,112.73155212402344,113.17313991782012,112.07705163237299,112.19532977986677,107068100
2012-11-07,110.17659759521484,111.7221543369092,109.65614986220396,111.70639194429246,264304500
2012-11-08,108.85179901123047,110.72067691363361,108.76505774122562,110.16079925590078,181517300
2012-11-09,108.94645690917969,109.95580352293281,108.46543922353477,108.5206316622884,201055300
2012-11-12,109.033203125,109.45901635877296,108.78875367298579,109.28553377366067,97677500
2012-11-13,108.65465545654297,109.80594752555452,108.31558362032604,108.45751731017752,123018300
2012-11-14,107.18794250488281,109.15932388280552,106.94349313919751,108.98585339131681,191505000
2012-11-15,107.00662231445312,107.62958582140065,106.59657145198808,107.22741615600462,178128400
2012-11-16,107.53494262695312,107.74785525427387,106.21806088085987,107.16432184443072,239483900
2012-11-19,109.71134185791016,109.7271042487345,107.5664775345757,108.74141336603887,151495800
2012-11-20,109.75868225097656,109.9400460525087,108.88338803333866,109.53788839719066,119807400
2012-11-21,109.96366882324219,110.05830332684951,109.63247814151408,109.85327192933282,81710800
2012-11-23,111.46194458007812,111.50136259471537,110.42893029111247,110.49990918865372,65409200
2012-11-26,111.22539520263672,111.46984469019745,110.54723918922804,110.90996680549138,100124400
2012-11-27,110.65760040283203,111.49346432883739,110.58663354851667,111.1149624067963,128646200
2012-11-28,111.54866790771484,111.61174153392201,109.60882301197005,110.20811871981068,177086500
2012-11-29,112.06912994384766,112.37666508160567,111.47771529182364,111.96662625283625,151085900
2012-11-30,112.09275817871094,112.30567077047807,111.70637506784198,112.08487698359325,136568300
2012-12-03,111.540771484375,112.69994485855469,111.45403021037657,112.60532238959593,124656300
2012-12-04,111.38309478759766,111.87199372498203,111.08344084153,111.53292176063148,127512200
2012-12-05,111.5802001953125,112.10064783310617,110.68913184869838,111.47768450025535,147300500
2012-12-06,111.95870971679688,112.00602095393204,111.31210275535074,111.4776920853238,103220600
2012-12-07,112.29782104492188,112.51861489368044,111.71428756899579,112.3924435422863,108726400
2012-12-10,112.34513854980469,112.6132436621755,112.09279583296414,112.14011911664399,98840700
2012-12-11,113.11003112792969,113.63836013277627,112.75518472555362,112.81037717232378,152570400
2012-12-12,113.16522216796875,113.98532392079171,113.00751399469121,113.55161742000672,145880100
2012-12-13,112.47128295898438,113.41754385567685,112.1874034867406,113.09423433932922,135715000
2012-12-14,112.05333709716797,112.43183900253703,111.87985455046578,112.22681964387017,137701700
2012-12-17,113.37022399902344,113.4333096583228,112.31355424620793,112.34510309203722,143238200
2012-12-18,114.63190460205078,114.73442030559985,113.38598986550201,113.55159123028439,177762800
2012-12-19,113.7802734375,114.79751324488468,113.74085542504476,114.7580832000691,150895400
2012-12-20,114.4347915649414,114.45056599180538,113.5358417514906,113.85127012695891,168487000
2012-12-21,113.39601135253906,114.42840275072383,112.72099506281194,112.90364510383262,245883800
2012-12-24,113.04662322998047,113.21338700859576,112.91955703447401,113.14985391084252,53874600
2012-12-26,112.57012176513672,113.33250675755562,112.25246842028623,113.27691075747268,106947700
2012-12-27,112.41922760009766,112.83218662571937,111.11682955101182,112.60187766005235,167920600
2012-12-28,111.20418548583984,112.3080471676163,111.07711930663014,111.68861469109125,148806700
2012-12-31,113.09423828125,113.21335523254217,110.81503296572683,110.91033864445653,243935200
2013-01-02,115.99291229248047,116.0643824930972,114.93669711846283,115.23847634466816,192059000
2013-01-03,115.7308120727539,116.23906467181772,115.42109583453842,115.93729764336277,144761800
2013-01-04,116.23909759521484,116.42969691798552,115.68319805092688,115.92144417496492,116817700
2013-01-07,115.92143249511719,116.03261239277268,115.49258709151744,115.82613890218391,110002500
2013-01-08,115.58789825439453,115.87379116437984,115.13522943120923,115.7149644627659,121265100
2013-01-09,115.88172149658203,116.19938699897473,115.65936170375709,115.84201179407047,90745600
2013-01-10,116.8028793334961,116.81081642325285,115.9213776627256,116.52492366198419,130735400
2013-01-11,116.79499816894531,116.85851915280377,116.42968586440874,116.77116265287329,113917300
2013-01-14,116.71560668945312,116.79502611482924,116.28676118074692,116.65207357269284,89567200
2013-01-15,116.79499816894531,116.90617806724774,116.10408326305877,116.17555345817459,93172600
2013-01-16,116.77909851074219,116.96174858327485,116.42967255097622,116.55673873956361,104849500
2013-01-17,117.53353881835938,117.8670784879092,116.8585102686067,117.2952927350526,133833500
2013-01-18,117.79558563232422,117.92265180133133,117.08084751993182,117.50969281090663,169906000
2013-01-22,118.43094635009766,118.43094635009766,117.51767156896067,117.7956273975026,111797300
2013-01-23,118.62147521972656,118.72471798259127,118.21646549399568,118.4308881100627,104596100
2013-01-24,118.65330505371094,119.23302798808339,118.33563952154033,118.44681942837478,146426400
2013-01-25,119.32034301757812,119.32034301757812,118.62149120743283,119.0265131054474,147211600
2013-01-28,119.17748260498047,119.38395617933627,118.73275071622928,119.35218355700157,113357700
2013-01-29,119.64599609375,119.79688571813418,118.8597874750807,118.93920689350456,105694400
2013-01-30,119.17748260498047,119.86838566944843,119.06629054451398,119.63013947275795,137447700
2013-01-31,118.88362121582031,119.42364664912182,118.8042139081927,119.03451085332667,108975800
2013-02-01,120.1065444946289,120.24948483803827,119.43151611467279,119.63798953882947,131173000
2013-02-04,118.75650787353516,120.13038825699931,118.66915138740563,119.37595248644334,159073600
2013-02-05,119.95569610595703,120.29717289974516,119.35213769059153,119.39979660577849,113912400
2013-02-06,120.04307556152344,120.12248286661853,119.44746624364863,119.53482276164505,138762800
2013-02-07,119.88422393798828,120.19394023425815,119.01065893943223,120.08276033605102,162490000
2013-02-08,120.5513687133789,120.62283894719839,120.09076256592009,120.09076256592009,103133700
2013-02-11,120.5274429321289,120.63067358739809,120.22566382204275,120.50361954109013,73775000
2013-02-12,120.72603607177734,120.94839590455871,120.40043341745388,120.53543673609242,65392700
2013-02-13,120.82919311523438,121.19450525650188,120.48771647938608,120.97214555927633,82322600
2013-02-14,120.94043731689453,121.08338983700229,120.32895388299802,120.46395719117132,80834300
2013-02-15,120.79749298095703,121.17867949266324,120.35277336434966,121.05161328286093,215226500
2013-02-19,121.70279693603516,121.72662033143547,120.83718125596127,121.0039450237634,95105400
2013-02-20,120.18600463867188,121.65517899785634,120.12247152997023,121.61546929020514,160574800
2013-02-21,119.45533752441406,120.24948284404269,119.07415116394718,119.88418278292323,183257000
2013-02-22,120.62279510498047,120.62279510498047,119.51099592397813,120.03512289919223,106356600
2013-02-25,118.32769012451172,121.39309251445874,118.32769012451173,121.21044242601442,245824800
2013-02-26,119.13772583007812,119.28066622101228,118.11327122424946,118.89947972748773,186596200
2013-02-27,120.63863372802734,120.9721733504905,118.9312138034524,119.03445658577341,150781900
2013-02-28,120.4004135131836,121.40103259528014,120.241586818554,120.63071040274151,126866000
2013-03-01,120.79749298095703,120.9801430839849,119.44744782548446,119.9874610405932,170634800
2013-03-04,121.44075012207031,121.44075012207031,120.32895107033642,120.51953826909032,99010200
2013-03-05,122.52873229980469,122.85433493861856,122.0125424520863,122.02842875872884,121431900
2013-03-06,122.69547271728516,123.02901235404335,122.42546617100919,122.96547926356112,94469900
2013-03-07,122.91786193847656,123.07668864390382,122.71138843319122,122.85432883276549,86101400
2013-03-08,123.4419937133789,123.60875750307575,122.82256111624739,123.4578800182977,123477800
2013-03-11,123.91055297851562,123.91849007316715,123.19582669342213,123.34671631571341,83746800
2013-03-12,123.63257598876953,123.9661277903091,123.25933872076037,123.82317528712076,105755800
2013-03-13,123.80736541748047,123.98207851940637,123.27528901350875,123.69618545422827,92550900
2013-03-14,124.4664077758789,124.52200377154688,123.81521483533815,124.13286815496329,126329900
2013-03-15,124.30209350585938,124.46959897449726,123.88729777371941,124.31805046483223,138601100
2013-03-18,123.61610412597656,124.15054668107858,123.00188893870029,123.11356332078735,126704300
2013-03-19,123.32894897460938,124.04685403184246,122.5153143172417,123.8793485318994,167567300
2013-03-20,124.19044494628906,124.39783676966384,123.84743720085069,124.05484119582141,113759300
2013-03-21,123.1295166015625,124.15054297058445,122.9221248043405,123.44858277753396,128605000
2013-03-22,124.11869812011719,124.11869812011719,123.4247100032699,123.52043963722124,111163600
2013-03-25,123.60020446777344,124.65314527697457,123.1216049676278,124.44574120580442,151322300
2013-03-26,124.58928680419922,124.62118855795015,123.97507154302664,124.11067529676153,86856600
2013-03-27,124.58928680419922,124.62917312508506,123.64004835645875,123.84744018483042,99950600
2013-03-28,124.97211456298828,125.11570282164844,124.2382528287002,124.5094602186693,102932800
2013-04-01,124.47758483886719,125.16358802273773,124.1744634731868,124.90832536288193,99194100
2013-04-02,125.091796875,125.4028906267712,124.73283224699281,124.9242792371571,101504300
2013-04-03,123.82347869873047,125.25930067690142,123.49644016415262,125.1635832688877,154167400
2013-04-04,124.32601165771484,124.5732897273457,123.71179659432731,123.98300401446485,131885000
2013-04-05,123.76763916015625,123.9191998269034,122.65886796377572,122.80244406600421,159666000
2013-04-08,124.60521697998047,124.61318937380527,123.44060238709535,123.8553981262646,86571200
2013-04-09,125.03592681884766,125.49060875873424,124.42171184046407,124.83650747782876,101922200
2013-04-10,126.5675048828125,126.72703797044913,125.3390867192566,125.37098846814617,135711100
2013-04-11,126.98226928710938,127.39706494979797,126.46377166585079,126.59140297307671,110142500
2013-04-12,126.67119598388672,126.86263080396556,125.969235852682,126.57546640225395,116359900
2013-04-15,123.73578643798828,126.13680459979435,123.71984164425012,126.03310258250488,217259000
2013-04-16,125.56244659423828,125.6262622692624,124.36593007362598,124.66903931549618,147507800
2013-04-17,123.72777557373047,124.69297084513114,123.06570169148935,124.66902931877085,226834800
2013-04-18,122.95399475097656,123.9670484636287,122.48336800308928,123.93513455132951,167583200
2013-04-19,124.0229263305664,124.0787696123568,122.93808416345743,123.2412055866719,149687600
2013-04-22,124.57329559326172,124.8684323778034,123.44059498676911,124.26220185043343,106553500
2013-04-23,125.85758209228516,125.97722887442598,124.57332055372734,125.19550816405022,166141300
2013-04-24,125.93731689453125,126.27233995547458,125.66609731716521,125.89743058860168,96781200
2013-04-25,126.44788360595703,127.04614193391838,126.1128604028903,126.30429527801596,131060600
2013-04-26,126.22447204589844,126.51163638740745,125.81764879533272,126.29626008837799,95918800
2013-04-29,127.06999206542969,127.34917180811888,126.36803217004794,126.56745148836418,88572800
2013-04-30,127.37315368652344,127.40506760670664,126.51964498133418,127.04611512000845,116010700
2013-05-01,126.25638580322266,127.15776521656748,126.1128097045971,127.09394955998101,138874200
2013-05-02,127.42898559570312,127.54065996319557,126.45581803401475,126.5754647950448,96407600
2013-05-03,128.72120666503906,129.12802995579105,127.45290243625325,128.53774425893852,144202300
2013-05-06,129.04827880859375,129.23174124521262,128.7611143909497,128.81695766429988,66882100
2013-05-07,129.70236206054688,129.74223619694828,128.96051568095925,129.32745267427217,90359200
2013-05-08,130.29263305664062,130.3325193638554,129.48698320590734,129.5587712559387,97419200
2013-05-09,129.92568969726562,130.57977879017724,129.59863906501465,130.2367833745899,106738600
2013-05-10,130.34844970703125,130.46012404147615,129.63053283852298,130.01342670369655,103203000
2013-05-13,130.45216369628906,130.6675400139837,129.8778471350898,130.18095628680211,81843200
2013-05-14,131.80029296875,131.89602257670256,130.5559176097369,130.5559176097369,119000900
2013-05-15,132.5101776123047,132.77341263837482,131.54499468830647,131.58488099618236,120718500
2013-05-16,131.88803100585938,132.70166568646937,131.6886115763096,132.23901114932235,109913600
2013-05-17,133.164306640625,133.2440671013516,132.19911134455342,132.3746013983846,129801000
2013-05-20,133.15631103515625,133.67480875906975,132.90106054175993,133.03666426818828,85071200
2013-05-21,133.34776306152344,133.85030384492396,132.81332052959326,133.275974998636,95804200
2013-05-22,132.35865783691406,134.86337755487074,131.7524271533222,133.48338633989536,244031800
2013-05-23,131.97576904296875,132.3427061293837,130.77128013413744,130.9467701965626,211064400
2013-05-24,131.86404418945312,131.91988744775995,130.80313182593991,131.19399811931555,151573900
2013-05-28,132.65374755859375,133.83430664473917,132.26288126996067,133.24402101587117,143679800
2013-05-29,131.79226684570312,132.25492121880924,131.0903068076674,131.95179989845894,160363400
2013-05-30,132.2788848876953,132.88511551408973,131.792301039012,131.89600302742485,107793800
2013-05-31,130.3804168701172,132.6617755656729,130.12516633683597,131.9119565845916,176850100
2013-06-03,131.0983123779297,131.18605739674368,129.75023534869374,130.68351663702776,168390700
2013-06-04,130.46823120117188,131.69666232057605,129.8061569017843,131.1701918408314,157631500
2013-06-05,128.64146423339844,130.35646612841512,128.52978986123355,130.09323107154208,211737800
2013-06-06,129.8060760498047,129.81406061584704,127.82783895483715,128.58563026159214,200225500
2013-06-07,131.45730590820312,131.57695271141537,130.1331578185328,130.69951442079818,188337800
2013-06-10,131.45730590820312,131.93590529264955,131.1142981196656,131.8641172107222,105667100
2013-06-11,130.10121154785156,131.24985698047632,129.81404714679704,130.26074462141668,159505400
2013-06-12,129.02435302734375,131.13022142451206,128.90470625484332,130.99461769181343,177361500
2013-06-13,130.9866180419922,131.2179391445582,128.66537376573012,128.95253813157277,163587800
2013-06-14,130.16500854492188,131.3535524011226,129.9496443835724,130.8430392882323,141197500
2013-06-17,131.1700897216797,131.792277196407,130.19692220036924,131.05043079402125,136295600
2013-06-18,132.20712280273438,132.40654225250657,131.2339549141184,131.24192731033426,114695600
2013-06-19,130.3804168701172,132.32675239421872,130.32458576067268,132.09543121807025,206149500
2013-06-20,127.14982604980469,130.39638027258536,126.8148028618031,129.11211863278115,321255900
2013-06-21,127.55797576904297,128.11127534953422,126.27493352106859,128.01505146353534,271956800
2013-06-24,125.94621276855469,127.0448101148128,124.87968598770401,126.22688221888512,222329000
2013-06-25,127.15702056884766,128.3839240011694,126.23483017307832,127.0848404217721,162262200
2013-06-26,128.416015625,128.704699552689,127.70232650321323,128.1994996202335,134848000
2013-06-27,129.1697998046875,129.76320904431878,129.06554909388768,129.18584119927183,129483700
2013-06-28,128.64051818847656,129.42637506200893,128.1914571178866,128.808922207946,160402900
2013-07-01,129.39437866210938,130.29250131794046,129.1698479981516,129.3141838952658,131954800
2013-07-02,129.27406311035156,130.1481295423729,128.7047097891266,129.20188294568916,154863700
2013-07-03,129.3302459716797,129.72318081442546,128.48023514566333,128.68872444238258,75216400
2013-07-05,130.72544860839844,130.77356054286673,129.34618271899498,130.28440214911322,122416900
2013-07-08,131.47128295898438,131.82412032741095,130.77363503977887,131.39911501617053,108092500
2013-07-09,132.41751098632812,132.57788824853367,131.72787774644362,132.2972188626734,119298000
2013-07-10,132.465576171875,132.91463724190118,132.01651510184882,132.28915757493667,121410100
2013-07-11,134.2698516845703,134.40617292560066,132.4575537174681,134.0052237804537,135592200
2013-07-12,134.3260498046875,134.66284579782047,134.0213366124263,134.22982587407907,104212700
2013-07-15,134.83920288085938,135.03166289013652,134.46230967685693,134.69486705089986,69450600
2013-07-16,134.33404541015625,135.00763723991193,133.97319351821577,134.92744249236935,88702100
2013-07-17,134.6787872314453,135.10379225750583,134.50236866560954,134.8471912210138,92873900
2013-07-18,135.41661071777344,135.73737749475842,134.8793401318252,134.9675494659959,103620100
2013-07-19,135.65713500976562,135.70524695038455,134.96750197690105,135.1359060050644,103831700
2013-07-22,135.92176818847656,136.11422819441052,135.5288335981938,135.8496002747504,79428600
2013-07-23,135.63311767578125,136.18642962250908,135.5609497442952,136.16237364534706,80829700
2013-07-24,135.13592529296875,136.2104662401507,134.86327053055038,136.1543274774179,112914000
2013-07-25,135.4646759033203,135.58496799165687,134.67080440588617,134.8953349542511,111088600
2013-07-26,135.6090545654297,135.64915193725741,134.3340388989071,134.89536539649566,107814600
2013-07-29,135.1920623779297,135.56895564400256,134.80715453198286,135.26423030479475,79695000
2013-07-30,135.1920623779297,135.74537428922812,134.87130787897397,135.601038435498,85209600
2013-07-31,135.2882843017578,136.20244798733077,135.11186567506843,135.47271750747908,142388700
2013-08-01,136.85195922851562,136.97223907244936,136.24250872326127,136.31468886561782,110438400
2013-08-02,137.08456420898438,137.10060560718023,136.36286035819307,136.54729361143944,91116700
2013-08-05,136.884033203125,137.09253458582708,136.6033761482519,136.7797947477706,54072700
2013-08-06,136.10623168945312,136.9161570216227,135.80151857386485,136.61944625023372,87495000
2013-08-07,135.6651611328125,135.8656357264496,135.1599734773258,135.6731879475968,84854700
2013-08-08,136.16233825683594,136.46705130036042,135.46467839245673,136.3066740822953,102181300
2013-08-09,135.76937866210938,136.40288507536582,135.29626167337037,135.98589459641178,91757700
2013-08-12,135.6090545654297,135.7694318167407,135.02367209194446,135.08782543966885,68593300
2013-08-13,136.00997924804688,136.2425243850498,135.04770367796957,135.84960202570028,80806000
2013-08-14,135.31231689453125,136.16232709298225,135.28023411195022,135.94581113654777,79829200
2013-08-15,133.4198760986328,134.26185973327472,133.1873186819031,134.24583057322442,152931800
2013-08-16,132.9788055419922,133.62032667253578,132.71417761679305,133.1632387373742,130868200
2013-08-19,132.12879943847656,133.28353506291015,132.12077262364136,132.82644711323925,96437600
2013-08-20,132.77833557128906,133.27550865265232,132.20096775731957,132.34530359281283,89294400
2013-08-21,131.9604034423828,133.13919511121296,131.66370493934357,132.409464604604,159530500
2013-08-22,133.1632843017578,133.35574437757415,132.2250643746569,132.23307895598182,101471400
2013-08-23,133.61228942871094,133.78069345378285,132.9306832224601,133.55616291101822,90888900
2013-08-26,133.11512756347656,134.1575978771371,133.02691825456688,133.74862188310223,89702100
2013-08-27,130.9740447998047,133.11511169427862,130.87782092373732,131.79999903204006,158619400
2013-08-28,131.43917846679688,131.90428103820685,130.74954530725785,130.91793713035497,108113000
2013-08-29,131.64761352539062,132.3452609776286,131.03014854394183,131.15044060411708,119200500
2013-08-30,131.23068237304688,131.93635695642723,130.84577452574845,131.92031556062318,134928900
2013-09-03,131.8240966796875,132.77835787238436,131.27078474536745,132.49768849712046,142375100
2013-09-04,132.91461181640625,133.13914230846845,131.61554079290428,131.85610043726086,97389400
2013-09-05,133.08311462402344,133.43593977640066,132.89866911173164,132.99490527692834,63090500
2013-09-06,133.14723205566406,133.90101866286494,131.89627225477795,133.5241253592645,159756500
2013-09-09,134.42227172851562,134.50245425019241,133.47602497911356,133.47602497911356,87559300
2013-09-10,135.41661071777344,135.44066669654714,134.9274520893726,135.23217746850796,105847200
2013-09-11,135.84161376953125,135.84161376953125,134.99963005421694,135.23217525722728,94545900
2013-09-12,135.48072814941406,135.9698866481108,135.29629494905248,135.79346802654817,83209000
2013-09-13,135.78550720214844,135.88975794779634,135.31238990975143,135.62512991069218,72727800
2013-09-16,136.57127380371094,137.31704545594837,136.3547578742233,137.25289213476705,106299200
2013-09-17,137.18075561523438,137.2128261651633,136.69159713583366,136.69159713583366,82523300
2013-09-18,138.76852416992188,139.1454174065867,136.78783409161912,137.13264453929182,203460600
2013-09-19,138.53598022460938,139.209584262849,138.39965894815614,139.1454309146357,146616900
2013-09-20,137.56741333007812,138.86476348145015,137.45460080803025,138.86476348145015,132867100
2013-09-23,136.9307861328125,137.51096819258325,136.49565573580432,137.3820484092429,104616500
2013-09-24,136.60845947265625,137.4142664711598,136.3506076268674,136.90660412749807,106333100
2013-09-25,136.21363830566406,136.9710990110926,136.09277214868786,136.69712752485214,117306500
2013-09-26,136.73739624023438,137.124180170023,136.22168023530307,136.43925157515142,77146900
2013-09-27,136.1088409423828,136.29417307913218,135.75428395337568,136.0524285597512,99141800
2013-09-30,135.3837127685547,135.81078975712688,134.69071783123337,134.95663577998246,143937000
2013-10-01,136.45541381835938,136.5843459454277,135.35146168249221,135.48844745663567,127160000
2013-10-02,136.3264617919922,136.45539390024055,135.23862940470838,135.65765260869426,113350000
2013-10-03,135.0694122314453,136.13308374210717,134.44088353719724,136.01220527281743,176698000
2013-10-04,136.09275817871094,136.22974390776955,134.99686005060178,135.1741385930636,96878000
2013-10-07,134.9163055419922,135.73823240156005,134.771266135056,134.90825189571012,96295000
2013-10-08,133.3449249267578,135.06935123400655,133.24823203150726,134.89207272895538,178015000
2013-10-09,133.441650390625,133.9251272359672,132.57943095819,133.6028093390724,168973000
2013-10-10,136.3184051513672,136.39092484979776,134.75513718621562,134.80348365183602,195955000
2013-10-11,137.19668579101562,137.24504453596774,135.9960413142591,136.10885379453765,105040000
2013-10-14,137.74468994140625,137.85750246184435,136.24588800093287,136.35064687549774,112106000
2013-10-15,136.7454376220703,137.91385524613497,136.56010546544613,137.39813928744803,155485000
2013-10-16,138.65528869628906,138.72780841315245,137.50297769166272,137.56744376075645,161676000
2013-10-17,139.5819091796875,139.66249480929125,138.06698787175057,138.09116110150356,129389000
2013-10-18,140.5247039794922,140.62139689984755,139.8155897751769,140.097627187068,138316000
2013-10-21,140.53274536132812,140.81478274860845,140.2184811019551,140.57303817317387,104104000
2013-10-22,141.34661865234375,141.76562946862802,140.55691888455593,140.9437151243197,126663000
2013-10-23,140.66978454589844,140.92763648501642,140.17824160707247,140.86317042632606,105484000
2013-10-24,141.1371307373047,141.3144093107033,140.62141460441123,140.95179851807615,70350000
2013-10-25,141.78172302246094,141.82201582699386,141.15319461778776,141.42716601559144,93625000
2013-10-28,142.00738525390625,142.200783389054,141.58030846414073,141.73341378417757,84979000
2013-10-29,142.76487731933594,142.82128973202904,142.12829496485455,142.32974678908383,87401000
2013-10-30,142.0557098388672,143.03879535711312,141.5480597926929,142.9340488087236,140002000
2013-10-31,141.65284729003906,142.53924015965924,141.44334183705726,141.9429383841291,133795000
2013-11-01,141.9912567138672,142.31357459523426,141.19350335837098,141.83815141674415,142805000
2013-11-04,142.49090576171875,142.54730587875736,141.8059646412145,142.37809323199795,85677000
2013-11-05,142.0396270751953,142.42641105706866,141.4755645400381,141.93486821308,85825000
2013-11-06,142.76487731933594,143.03079520279582,142.25721478767218,142.65206478959328,87348000
2013-11-07,140.95980834960938,143.14355066371832,140.82282263922448,143.03073817895202,157000000
2013-11-08,142.86155700683594,142.87767659405904,140.8953977131028,140.91150500468348,136713000
2013-11-11,142.88568115234375,143.05489371074472,142.55529738223518,142.72450994063615,62614000
2013-11-12,142.59567260742188,142.91799062586702,142.12023693109555,142.57955301780635,83990000
2013-11-13,143.73988342285156,143.78016394385847,141.89457816287776,141.89457816287776,103844000
2013-11-14,144.45700073242188,144.57786684442002,143.63507428392344,143.8687528656655,103435000
2013-11-15,145.08558654785156,145.14198665723475,144.5054043892828,144.69073659960168,102818000
2013-11-18,144.577880859375,145.4481538370344,144.25556299904406,145.32728771331983,104796000
2013-11-19,144.26361083984375,144.94048569669795,144.01381266378834,144.50535537318817,93891000
2013-11-20,143.81239318847656,144.9888646612921,143.41754328560532,144.55373424019442,124909000
2013-11-21,144.97279357910156,145.08560610871956,144.12669345914492,144.2153327535336,92841000
2013-11-22,145.69801330566406,145.7141328941522,144.85997913893235,145.0291917833058,81296000
2013-11-25,145.5529327392578,145.98806314025146,145.34341503508614,145.95583626803113,79486000
2013-11-26,145.59320068359375,146.02834334265256,145.3756416497032,145.6254398486701,86994000
2013-11-27,145.94776916503906,146.04447437220907,145.56903886735944,145.74631740225797,58800000
2013-11-29,145.85108947753906,146.45544482067803,145.68993051183017,146.108953659186,55870900
2013-12-02,145.47235107421875,146.1975725274914,145.24672607561658,145.9236010714231,99726000
2013-12-03,144.8438262939453,145.35954234636517,144.376456700246,144.9969316103207,116563000
2013-12-04,144.82774353027344,145.4320990092129,143.71573781006254,144.320093289002,123033000
2013-12-05,144.19110107421875,144.83574910887756,144.05411536489504,144.56983133349436,106934000
2013-12-06,145.80276489257812,145.93975064876506,145.16617028340278,145.5851934936258,127728000
2013-12-09,146.17343139648438,146.39100279849802,145.98004552415486,146.22984380634244,70124000
2013-12-10,145.64959716796875,146.14113986877052,145.56095791714753,145.8349293121813,80976000
2013-12-11,144.01388549804688,145.7302590276376,143.83660690364576,145.70608579164144,130591000
2013-12-12,143.5384521484375,144.1266880095147,143.24029509914376,143.94940942744051,115565000
2013-12-13,143.52230834960938,143.96550473003217,143.24833687649019,143.83657263833808,107808000
2013-12-16,144.4167938232422,144.8922172073805,144.15892957009603,144.19922239660568,96195000
2013-12-17,143.95745849609375,144.56987986765552,143.63514051837691,144.54570663410888,89886000
2013-12-18,146.4151153564453,146.43928858046885,142.8856893969936,144.17497309558732,234906000
2013-12-19,146.2459716796875,146.41518432756243,145.61744296772193,145.99616108770417,136531200
2013-12-20,147.09658813476562,147.4449726957742,146.29451616009342,146.3917340085648,197087000
2013-12-23,147.88247680664062,147.97159729542506,147.50980011710044,147.81766078185262,85598000
2013-12-24,148.20654296875,148.27135899283851,147.88247521069997,147.89057257781383,45368800
2013-12-26,148.9600067138672,149.04102982820234,148.5225140386754,148.5387087716292,63365000
2013-12-27,148.9519500732422,149.21929922638432,148.79801353135161,149.15449555206771,61814000
2013-12-30,148.9276123046875,149.08964617903828,148.73316423803126,148.96811150148108,56857000
2013-12-31,149.6325225830078,149.6325225830078,149.01677632216584,149.13021367539196,86119900
2014-01-02,148.19845581054688,149.1301723133106,147.84197383469942,149.05724655469206,119636900
2014-01-03,148.17417907714844,148.74941371172457,147.96353621672114,148.44963797826006,81390600
2014-01-06,147.74478149414062,148.71699736559427,147.51793153621463,148.66029105731053,108028200
2014-01-07,148.65219116210938,148.90334560626084,148.2227956874511,148.3362206739194,86144200
2014-01-08,148.68458557128906,148.93573998200495,148.17416701893444,148.62786690440757,96582300
2014-01-09,148.78179931640625,149.17879288638107,148.10124950707313,149.16258578737953,90683400
2014-01-10,149.1869354248047,149.25175147804126,148.2714256711355,149.0329988436676,102026400
2014-01-13,147.20196533203125,149.21931054218263,146.9183966952136,148.8061221845073,149892000
2014-01-14,148.80612182617188,148.8871449686092,147.4126078405416,147.68806674499515,105016100
2014-01-15,149.60818481445312,149.83503474562457,148.83851452209328,149.15448495211024,98525800
2014-01-16,149.41378784179688,149.6082360046454,148.93578334915898,149.30036283740148,72290600
2014-01-17,148.78179931640625,149.4380446584342,148.5225475443531,149.15448841907593,107848700
2014-01-21,149.2193145751953,149.69733134981286,148.3038173231638,149.640612675958,88621200
2014-01-22,149.3165283203125,149.53528089724108,149.0005578702578,149.4704648610254,61270900
2014-01-23,148.09310913085938,148.58732046778564,147.3072442466243,148.56301600550992,132496900
2014-01-24,144.93341064453125,147.17761752069785,144.88480171822454,147.12900859439114,208677100
2014-01-27,144.22048950195312,145.44387220107907,143.4994280357858,145.0711830516192,180843100
2014-01-28,145.07928466796875,145.26562305107743,144.30960194174656,144.32580904187628,110463200
2014-01-29,143.6857452392578,144.65796091368173,143.30495880939623,143.87208358927742,216597300
2014-01-30,145.20889282226562,145.6787997894586,144.42301542086977,144.8848250198401,118938100
2014-01-31,144.3582000732422,145.25750244599578,143.33737536460063,143.4102887661334,194677900
2014-02-03,141.109375,144.51213638599648,140.83391613081236,144.18806858252796,254837100
2014-02-04,142.0977783203125,142.4623576396503,141.06074665702639,141.7412963681093,165012400
2014-02-05,141.9195556640625,142.235526096595,140.7366970653076,141.60358523152996,164230500
2014-02-06,143.7911376953125,143.7911376953125,141.96013031901091,142.25179641423063,132877600
2014-02-07,145.57350158691406,145.7274381509893,143.9936490968729,144.46355615895635,170787200
2014-02-10,145.84088134765625,145.88950266006307,145.19274553101138,145.58972686434663,92218800
2014-02-11,147.43687438964844,147.80956344164937,145.86511978483205,145.96235000322815,117814100
2014-02-12,147.5098419189453,148.12557578533114,147.2181759059423,147.65566874424871,94717700
2014-02-13,148.27134704589844,148.4252835454062,146.50515689076894,146.51325425723036,100542200
2014-02-14,149.08969116210938,149.3651500678559,147.9959405460508,148.13366999892406,96498400
2014-02-18,149.26795959472656,149.47050512656583,148.78994274416328,149.21933828267066,80460900
2014-02-19,148.2794952392578,149.84314037694602,148.15796053646054,148.87902193510337,126524300
2014-02-20,149.15444946289062,149.49472427868415,147.9391769654604,148.48199719749232,104998100
2014-02-21,148.98434448242188,149.79452635733034,148.91143108065475,149.43804435438753,118116400
2014-02-24,149.81069946289062,150.81531684788794,149.23546502277804,149.3002810415507,114063900
2014-02-25,149.7539825439453,150.36161881928177,149.259771212176,149.93222350703533,117085000
2014-02-26,149.76211547851562,150.3697518480053,149.34081746753256,149.97275830281035,98677200
2014-02-27,150.54803466796875,150.58853388060575,149.37326080396693,149.54340447415106,93880800
2014-02-28,150.9287872314453,151.62554419003996,149.92416954397996,150.523696263946,150842000
2014-03-03,149.867431640625,150.24821809019593,148.8709114499405,149.60007015290114,167748500
2014-03-04,151.9739227294922,152.2979905454811,151.3014702670402,151.3338721036812,167545900
2014-03-05,152.11160278320312,152.37086684173457,151.86854581892757,152.10350541727055,88376900
2014-03-06,152.46005249023438,152.80843720076393,152.13598461465077,152.48436932518032,82516500
2014-03-07,152.5248565673828,153.09199384873963,151.852404034045,153.09199384873963,114513500
2014-03-10,152.44386291503906,152.5005692321088,151.5688647864413,152.28992634208242,74939200
2014-03-11,151.6903839111328,152.88946226306265,151.34201155864315,152.6707096449894,99009100
2014-03-12,151.73086547851562,151.78758414555313,150.61281049881393,150.95309777624945,104824400
2014-03-13,150.0294647216797,152.30608603892492,149.60817907275467,152.18455134749405,155014300
2014-03-14,149.60818481445312,150.53179163776375,149.42994381676212,149.7621213454039,153919600
2014-03-17,150.9612274169922,151.31770950773668,150.296872181987,150.36168823143123,98359500
2014-03-18,152.0387420654297,152.24128754541803,151.10702544004627,151.26907171395297,101804600
2014-03-19,151.22857666015625,152.26560864195244,150.26445809214343,152.05495340782747,176267300
2014-03-20,152.11160278320312,152.22502771821294,150.62896889975212,150.89633032421617,117241000
2014-03-21,151.52169799804688,153.8165009257361,151.383360663797,152.750480207666,163128000
2014-03-24,150.89508056640625,152.22965508121388,150.23593883265067,152.04248187469906,121411000
2014-03-25,151.61119079589844,152.12386210576946,150.7648882753869,151.66001426979915,103852000
2014-03-26,150.520751953125,152.44935359020155,150.48006158765565,152.20522381434162,119843000
2014-03-27,150.203369140625,150.8218204046986,149.65000755322882,150.34170643323534,142383000
2014-03-28,150.9438934326172,151.70068199905785,150.54514776033741,150.63466158811633,101642000
2014-03-31,152.18080139160156,152.4167980445773,150.96831053767258,151.90412679296927,99745000
2014-04-01,153.1898651123047,153.27937894317867,152.1726681328073,152.67719386121232,89193000
2014-04-02,153.7025146484375,153.90595401559526,153.10032965154733,153.3851497323496,78774000
2014-04-03,153.4990997314453,153.97921373434386,153.02711883442527,153.93852337104022,77435000
2014-04-04,151.68443298339844,154.36983592406241,151.4403156026668,154.33729107895064,169381000
2014-04-07,150.00807189941406,151.57048498987527,149.69885245722065,151.3182221224456,140803000
2014-04-08,150.62657165527344,150.87068905831688,149.39778944748207,149.94300567587646,112660000
2014-04-09,152.24591064453125,152.29473411517827,150.59398366387555,151.03341973361054,100254000
2014-04-10,149.04783630371094,152.31099961930167,148.86066312641873,152.23776441964205,172959000
2014-04-11,147.7051544189453,149.25943459298824,147.54240536370077,148.21782573907478,167251000
2014-04-14,148.86888122558594,149.21879118362943,147.6482443016857,148.8607356992383,132382000
2014-04-15,149.89410400390625,149.99989643467805,147.70509470747174,149.17800596692967,157093000
2014-04-16,151.46470642089844,151.47283952681371,150.26033622983206,150.92762342355442,105197000
2014-04-17,151.67630004882812,152.09945753750634,151.0008796551355,151.2612880841551,105255000
2014-04-21,152.20526123046875,152.25409713121087,151.52985314886016,151.71701397568089,68329000
2014-04-22,152.89691162109375,153.311923517907,152.27846032873288,152.35982863677876,85790000
2014-04-23,152.53884887695312,152.92131591533143,152.41679021234503,152.83994761124427,73869000
2014-04-24,152.84805297851562,153.3037551329604,152.11566387291302,153.28747650831525,88170000
2014-04-25,151.59494018554688,152.44125527944314,151.25316338811305,152.351741421761,100380000
2014-04-28,152.07510375976562,152.7342457736239,150.51268984103731,152.2134411340478,135121000
2014-04-29,152.78298950195312,153.01897374265013,152.23777339962396,152.56327147305893,84098000
2014-04-30,153.23867797851562,153.3932938954147,152.31912799924498,152.53071290319298,101508000
2014-05-01,153.25498962402344,153.6700015822539,152.76673003566995,153.1654757800572,93019000
2014-05-02,153.03526306152344,153.91412282153638,152.80741191081154,153.23870247587024,98122000
2014-05-05,153.32823181152344,153.43402429110213,151.86346539679337,152.28662289815043,75883000
2014-05-06,151.99368286132812,153.09226087235527,151.96113801236797,152.98646838355685,85454000
2014-05-07,152.8888397216797,152.96207495332598,151.36710399025426,152.50637251157985,106500000
2014-05-08,152.72605895996094,153.84091559691004,152.23781172688774,152.75048311772537,93618000
2014-05-09,152.95388793945312,153.01897762222592,152.03433785409985,152.75044853415946,83679000
2014-05-12,154.44308471679688,154.51633235441358,152.98646374355135,153.637472455639,86940000
2014-05-13,154.5813751220703,154.95569660636824,154.42675921540018,154.64646479302797,66454000
2014-05-14,153.84898376464844,154.51627084356383,153.62926577318197,154.44302323510604,72367000
2014-05-15,152.49818420410156,153.57235030141035,151.74952862883643,153.5397930407276,154956000
2014-05-16,153.0271759033203,153.09227802549375,151.944876403987,152.58773968288955,97458000
2014-05-19,153.588623046875,153.7106817273666,152.59583772235572,152.73417503256496,63839000
2014-05-20,152.6202392578125,153.5316437897845,152.22963908938956,153.51536516115488,111644000
2014-05-21,153.90597534179688,153.97921054405273,153.0352487695706,153.05966050365586,89093000
2014-05-22,154.28024291992188,154.59760776899518,153.68620357000538,153.94659944816635,61549000
2014-05-23,154.89874267578125,155.00452270560262,154.28027903857702,154.41861632138486,61092800
2014-05-27,155.850830078125,155.89965353834273,155.38698237215002,155.4764961882003,72010000
2014-05-28,155.73695373535156,156.0950091126763,155.47654530931277,155.85087931750422,66723000
2014-05-29,156.54251098632812,156.5669227155835,155.6962087325854,156.0949543386778,64377000
2014-05-30,156.7948760986328,156.8925354963237,156.26593839706447,156.396142649345,76316000
2014-06-02,156.9738006591797,157.04704826354092,156.21701222205346,157.01449101339085,64656000
2014-06-03,156.89248657226562,156.97385489184703,156.4449173552182,156.59138778063894,65047000
2014-06-04,157.2098388671875,157.29935270335977,156.4611833359994,156.623932378961,55529000
2014-06-05,158.2352294921875,158.39797859735341,156.81115309230444,157.3889266951483,92103000
2014-06-06,158.99192810058594,159.0326060378721,158.50366868362417,158.5769038710826,78696000
2014-06-09,159.15467834472656,159.53714532704743,158.82103482109295,158.9675176141077,65119000
2014-06-10,159.1709747314453,159.2035195685508,158.6176131650178,158.95938983091966,57129000
2014-06-11,158.61767578125,158.78042486493314,158.25962034697156,158.60139714779393,68772000
2014-06-12,157.4945831298828,158.51992527962292,157.14467344935,158.43041147951786,106350000
2014-06-13,157.9747772216797,158.12939316253255,157.2993568793498,157.8038826510117,82017000
2014-06-16,158.10496520996094,158.4386088198935,157.5923063441892,157.77946712321838,87424000
2014-06-17,158.54441833496094,158.65834391926754,157.71438198246568,157.8852765674043,84834000
2014-06-18,159.7080841064453,159.7975979514545,158.19449426526288,158.54441653828323,105267000
2014-06-19,159.88714599609375,159.98480538596579,159.33379659364527,159.84645561839375,85929000
2014-06-20,160.21170043945312,160.34252854225846,160.0154582852451,160.28528656861064,100587000
2014-06-23,160.16261291503906,160.3016130694721,159.86825597728316,160.25255565925482,70611000
2014-06-24,159.1978302001953,160.66961543227083,159.0179446453607,159.87648707044283,96237000
2014-06-25,159.91734313964844,160.08087202961417,158.8298579305172,158.86255871792852,82782000
2014-06-26,159.80282592773438,159.95818269549224,158.73169765713135,159.94182606824114,84312000
2014-06-27,160.11358642578125,160.16264384547245,159.35315899120386,159.42674512074063,71445100
2014-06-30,160.03179931640625,160.39974240277934,159.8764425190268,160.0154426860365,70201200
2014-07-01,161.10299682617188,161.59359613586705,160.36711033808785,160.42433985422568,90470000
2014-07-02,161.2664794921875,161.47089373315694,161.04572109498824,161.119307227388,52475000
2014-07-03,162.0595703125,162.13315642790272,161.60168451472447,161.72432804039568,52938800
2014-07-07,161.4954071044922,161.87970683912883,161.25829209713004,161.74889121943968,61696000
2014-07-08,160.45701599121094,161.2583163668906,160.0645316437118,161.20107438754272,108143000
2014-07-09,161.17648315429688,161.3236678466294,160.514183229928,160.8575975434359,72992000
2014-07-10,160.53878784179688,160.9639730161399,159.49218777915013,159.6230159060952,99040000
2014-07-11,160.75953674316406,160.87400821945897,160.08087996353885,160.44065102516717,64243000
2014-07-14,161.56906127929688,161.7816476513097,161.43823313815443,161.57723335944644,58658000
2014-07-15,161.2664794921875,161.9778495347506,160.55512192607958,161.66713589601142,111307000
2014-07-16,161.8634033203125,162.1086904665928,161.4218615040938,161.98604689345265,79986400
2014-07-17,160.02365112304688,161.9778507827125,159.7946956930584,161.3646080550795,145398000
2014-07-18,161.65895080566406,161.82247968998584,160.4569941673952,160.54693692524032,124330000
2014-07-21,161.35646057128906,161.4872887109238,160.6123895631318,161.15204628178157,67592000
2014-07-22,162.0595703125,162.35392725056315,161.78974207957108,161.90421352901495,67678000
2014-07-23,162.41940307617188,162.59111655388585,161.97787373933983,162.30493158318157,65612000
2014-07-24,162.42755126953125,162.76279361986664,162.2640223716583,162.5747360111355,56888000
2014-07-25,161.66717529296875,162.1087046714195,161.34828949840482,161.9697044508617,76837000
2014-07-28,161.73260498046875,161.96972009103237,160.76776294704501,161.69989170396792,69259000
2014-07-29,161.0375213623047,162.26400669252246,161.01299265381664,162.03506376233148,80466000
2014-07-30,161.06204223632812,161.8224695918301,160.39157010951192,161.60987082666983,104222000
2014-07-31,157.88140869140625,160.08090831793973,157.7832938304763,159.94190810613654,183479000
2014-08-01,157.39903259277344,158.42927631458218,156.63861728115612,157.44809003526998,189261000
2014-08-04,158.5355224609375,158.87076484057556,157.03103650667495,157.70150878949482,91340000
2014-08-05,156.99832153320312,158.2984056904794,156.42596410860835,157.8895771762751,152690000
2014-08-06,157.0474395751953,157.71791205625442,156.23795437741353,156.26248309766814,94818000
2014-08-07,156.1970672607422,157.91415251800467,155.8045952646244,157.75879564050018,135733000
2014-08-08,158.0040740966797,158.1103610434927,156.13163221338309,156.5486453499341,117014000
2014-08-11,158.46194458007812,159.16513016785112,158.3883584372367,158.60094478648642,74544000
2014-08-12,158.2411651611328,158.7481085309297,157.75875050429667,158.3065792211802,73632000
2014-08-13,159.31228637695312,159.4921719144952,158.59275670324052,158.86257253309796,69047000
2014-08-14,160.0645294189453,160.0645294189453,159.42675795869354,159.57394270607392,57371000
2014-08-15,160.03179931640625,160.79221419648042,158.8789001661777,160.6450419525125,139951000
2014-08-18,161.372802734375,161.44638887764782,160.82497398480447,160.91491676317918,75424000
2014-08-19,162.2149658203125,162.33760937526148,161.4381941939069,161.7652519914076,59135000
2014-08-20,162.64830017089844,162.84454230770794,161.96147140674546,161.9941721913203,72763000
2014-08-21,163.1226043701172,163.3351907414305,162.65653379750262,162.7873619382146,67791000
2014-08-22,162.86911010742188,163.27793863322938,162.50116692948643,162.99175367458153,76107000
2014-08-25,163.6949005126953,164.01378618832806,162.83635831631378,163.64584309743697,63855000
2014-08-26,163.80120849609375,164.20186486916006,163.76032315574753,163.80120849609375,47298000
2014-08-27,163.7357940673828,163.99745026382894,163.4823224248595,163.88296632054315,47874000
2014-08-28,163.6458740234375,163.75217342755485,163.03263126390982,163.19616017115933,58330000
2014-08-29,164.11195373535156,164.12829789347623,163.38423945219327,163.89935491516508,65907000
2014-09-02,164.03018188476562,164.34906763634504,163.41693909507777,164.32453892287404,72426000
2014-09-03,163.94021606445312,164.6842868723616,163.71127311993584,164.65975816233868,57462000
2014-09-04,163.703125,164.82331117650244,163.25341112300598,164.21824046232354,85236000
2014-09-05,164.43896484375,164.50437888703135,163.0489507342672,163.67036543076046,102177000
2014-09-08,164.0138397216797,164.5207956232088,163.5314250122434,164.2836680701248,64146000
2014-09-09,162.9753875732422,163.98110211790924,162.64014523286824,163.8666306451541,88591000
2014-09-10,163.588623046875,163.69490996058474,162.52566657459795,163.06531065003958,67251000
2014-09-11,163.77667236328125,163.80120107108627,162.81183077595358,162.93448679143233,66774400
2014-09-12,162.82003784179688,163.6295102641915,162.353967376153,163.61316610769742,117409300
2014-09-15,162.69741821289062,162.97543112941503,162.20683140273684,162.84460298945743,76401000
2014-09-16,163.9238739013672,164.21823092407925,162.30491651467878,162.39485928485348,116201000
2014-09-17,164.14454650878906,164.90496108424415,163.32688998819734,164.16090313260645,151266000
2014-09-18,165.01956176757812,165.04409048244028,164.43084765797215,164.64343401226316,94990000
2014-09-19,164.870849609375,165.85662200296588,164.53404017667552,165.544468474774,121649000
2014-09-22,163.59754943847656,164.60797770517428,163.25252973818064,164.58333433620854,125553000
2014-09-23,162.66104125976562,163.68788994021284,162.611754528668,163.00606091222303,111393000
2014-09-24,163.934326171875,164.04112243928157,162.25851474248702,162.68567474256693,107276000
2014-09-25,161.28921508789062,163.51542912433348,161.23171806483828,163.50720631048515,150300000
2014-09-26,162.57069396972656,162.9732232043375,161.3549085229412,161.58492164706885,103547000
2014-09-29,162.2749481201172,162.56247076980895,161.05095249290028,161.17416932289723,95112000
2014-09-30,161.84780883789062,162.8993010379308,161.51099941301544,162.3981983070698,131302000
2014-10-01,159.65443420410156,161.64241169987864,159.29298147127417,161.58490215839535,177798000
2014-10-02,159.6791229248047,160.23772273618704,158.01152123494995,159.51481706519604,157285000
2014-10-03,161.43707275390625,161.78209246427897,160.25414086989917,160.74702079838477,121569000
2014-10-06,161.24815368652344,162.32430201467963,160.6649104485573,162.11070939110465,104778000
2014-10-07,158.75900268554688,160.77984623099928,158.7261490458851,160.41839352085552,147913000
2014-10-08,161.53558349609375,161.76559654701066,158.01965539233947,158.84934443066328,186461000
2014-10-09,158.33187866210938,161.50278833760757,158.2004390040593,161.280985481495,210705000
2014-10-10,156.5245819091797,159.07938175396376,156.4835179925706,158.29076904042788,221909000
2014-10-13,153.95338439941406,157.02570787709192,153.86302120684854,156.45889788893538,230939000
2014-10-14,154.19168090820312,155.93322576025125,153.64950149573207,154.78314707912045,215847000
2014-10-15,153.14837646484375,154.18344838200522,149.44350941703738,152.10510680216515,380715000
2014-10-16,153.01690673828125,154.09304229233166,150.24030352753704,150.3799534623979,270391000
2014-10-17,154.8241729736328,155.8756652595581,154.12591069768982,154.78309651008732,214625000
2014-10-20,156.3274383544922,156.45065517651102,154.49554390342996,154.54483063223748,130011000
2014-10-21,159.42440795898438,159.53119168685907,157.29676819073444,157.46106145534924,154949000
2014-10-22,158.29078674316406,160.11447108248385,158.22506692055734,159.70373159227262,151822000
2014-10-23,160.1309051513672,161.17418705428872,159.58051569220675,159.8762486515083,154944000
2014-10-24,161.36312866210938,161.41242793581398,159.76946978605272,160.39378937044268,117927000
2014-10-27,161.14132690429688,161.3795503038094,160.2130516044126,160.78808440907653,82954000
2014-10-28,162.98965454101562,162.99786481865502,161.60956327632263,161.6835059141772,106736000
2014-10-29,162.74322509765625,163.57291447662246,161.66708948159052,163.10467790743206,142557000
2014-10-30,163.78648376464844,164.25472026722727,162.15994635204947,162.30781908718325,113330000
2014-10-31,165.6595001220703,165.7909398037196,164.9283841282159,165.7580736159183,146903000
2014-11-03,165.7498016357422,166.3084012726451,165.37191582536357,165.87301845718451,93600000
2014-11-04,165.17481994628906,165.61020289627302,164.34511797630753,165.30624708484441,93343000
2014-11-05,166.21812438964844,166.42349422185907,165.4870082883698,166.382417748461,91709000
2014-11-06,166.8834686279297,166.9738318273301,165.64303974050227,166.25914904511157,107089000
2014-11-07,167.03953552246094,167.25312808301717,166.4398593669697,166.89988559774514,89540000
2014-11-10,167.56527709960938,167.6145638323363,166.86702749468742,167.07239723756584,66319000
2014-11-11,167.7296142578125,167.83641056317038,167.29423129181475,167.63104076657606,54499400
2014-11-12,167.5489044189453,167.77891759390883,167.01493541402596,167.047801601751,90120300
2014-11-13,167.7378692626953,168.2636155414822,166.93282301528603,167.71322588515687,85357900
2014-11-14,167.77886962890625,167.98423937175338,167.3516970540474,167.66386307430284,80417500
2014-11-17,167.88571166992188,168.05822782912045,167.29424560235336,167.45855148150582,80441000
2014-11-18,168.85499572753906,169.1589389189978,167.94315361838918,167.94315361838918,76068100
2014-11-19,168.58399963378906,168.85508933379273,167.82824010716394,168.657929769759,82373000
2014-11-20,168.87966918945312,168.98646547998158,167.72959096735502,167.79531079731285,72840300
2014-11-21,169.78321838378906,170.73613672165095,169.20818577810368,170.57184348213664,142327300
2014-11-24,170.25975036621094,170.36654665821467,169.97224020779666,170.18582025702807,65880800
2014-11-25,170.13653564453125,170.69513541170875,169.8818791309782,170.4897656382271,79108300
2014-11-26,170.5718994140625,170.67047288313998,170.07079672162726,170.28437674955342,62167800
2014-11-28,170.2105255126953,170.7609151946856,169.97230200712187,170.4487615530494,57890100
2014-12-01,169.0275115966797,169.66826420278758,168.71535810573903,169.55325764617268,103968400
2014-12-02,170.12008666992188,170.3254564242295,169.04395116291388,169.0685945306488,74507200
2014-12-03,170.77731323242188,170.99089331546094,170.1283501689099,170.29264350469208,68952000
2014-12-04,170.5883331298828,171.08943582415705,169.79970777004428,170.4897471256687,91316600
2014-12-05,170.86764526367188,171.25374142642474,170.49798219193158,170.76084897425383,91025500
2014-12-08,169.725830078125,170.96625924577924,169.16721766433233,170.47337921161022,108588200
2014-12-09,169.61077880859375,169.71757509518446,167.50779446658734,167.88566780644217,125180100
2014-12-10,166.89170837402344,169.20827307631345,166.70275914306686,169.1507760534663,159856400
2014-12-11,167.7378692626953,169.38082795075184,167.34356268730016,167.48321267161137,159012800
2014-12-12,165.0269012451172,167.43384102078957,164.9940476033174,166.4644893682512,202330200
2014-12-15,163.89332580566406,166.37419672836853,163.293649444056,165.92238061971358,189965800
2014-12-16,162.57891845703125,166.2673512935725,162.5378419984192,163.12930790506184,259543800
2014-12-17,165.7662811279297,166.21809719181957,162.89110394743852,163.01433334746906,253910100
2014-12-18,169.8654327392578,174.95038993808632,167.5160022131921,168.18962103416158,257633900
2014-12-19,170.58822631835938,171.25729490243907,169.83655138396585,170.51387556149317,245084600
2014-12-22,171.37290954589844,171.37290954589844,170.53864099505515,170.7781792073314,148318900
2014-12-23,171.60423278808594,172.000715573,171.31512314252663,171.95115680038083,122167900
2014-12-24,171.62074279785156,172.091563703884,171.5794396226657,171.82724606982146,42963400
2014-12-26,172.17408752441406,172.51275575305792,172.01714309631308,172.06670184119687,57326700
2014-12-29,172.40541076660156,172.61191398833196,171.92632177971223,171.99240432314073,79643900
2014-12-30,171.4802703857422,172.11629119680453,171.40591965123986,171.98413872159568,73540800
2014-12-31,169.77871704101562,171.96765918962677,169.65482012488775,171.80245910013662,130333800
2015-01-02,169.68783569335938,170.88556456408185,168.65531949719002,170.47255808561408,121465900
2015-01-05,166.6233367919922,168.8122661140158,166.3177160273211,168.6470660413276,169632600
2015-01-06,165.05386352539062,167.44929531034774,164.26088578879694,166.92890327683457,209151400
2015-01-07,167.11068725585938,167.44935560927416,165.9294947211136,166.37553619335011,125346700
2015-01-08,170.07608032226562,170.2908517797395,168.4984049909054,168.51491617689666,147217800
2015-01-09,168.71319580078125,170.50564292912694,168.1019414964393,170.48911913604712,158567300
2015-01-12,167.39154052734375,169.0022760675028,166.78855452639888,168.84533157044453,144396100
2015-01-13,166.92071533203125,169.72915460451395,165.62386881945937,168.60577637472915,214553300
2015-01-14,165.9129180908203,166.11116568420712,164.02135447757647,164.91343713793196,192991100
2015-01-15,164.3931121826172,166.86288300701946,164.27747086579527,166.54900663505038,176613900
2015-01-16,166.54901123046875,166.70595572276284,164.0048895862307,164.18661346110187,211879600
2015-01-20,166.90419006347656,167.44936168573867,165.3430259480595,167.18503146744484,130991100
2015-01-21,167.74673461914062,168.22582370893434,165.97906716560615,166.44163246500446,122942700
2015-01-22,170.24122619628906,170.37337865214468,167.127154720781,168.49833885740782,174356000
2015-01-23,169.307861328125,170.24125991747914,169.17569624213647,169.98518533689273,117516800
2015-01-26,169.70433044433594,169.79519235821022,168.38271750174832,169.09308902732297,92009700
2015-01-27,167.4658966064453,168.60578608771726,166.63988352531175,167.6558760859974,134044600
2015-01-28,165.31822204589844,168.74617055474414,165.12824260715124,168.64705303956416,168514300
2015-01-29,166.84640502929688,167.10246709579837,164.112290844623,165.5165233191782,173585400
2015-01-30,164.74826049804688,166.99501645954078,164.4839429399654,165.67340346122168,197729700
2015-02-02,166.78860473632812,166.87946670387495,163.43499274062984,165.24396389199487,163107000
2015-02-03,169.20046997070312,169.20873816577404,167.3089060809817,167.6806093444516,124212900
2015-02-04,168.55618286132812,169.6465258907375,168.1018732657409,168.4405415646292,134306700
2015-02-05,170.25784301757812,170.40653195311086,169.14273271890988,169.21707088469543,97953200
2015-02-06,169.78692626953125,171.18288985821638,169.26653419461314,170.62119462428095,125672000
2015-02-09,169.0270233154297,169.86129180480972,168.6222724580705,169.1426646169671,87219000
2015-02-10,170.82769775390625,171.08375969418503,169.06828653282952,170.05951193306993,96164200
2015-02-11,170.92686462402344,171.3563949145991,170.01825788329432,170.6625470171787,91087800
2015-02-12,172.5706024169922,172.62842936615894,170.95987988674725,171.7198101932229,97545900
2015-02-13,173.281005859375,173.33056462266381,172.43846907159076,172.69454368851316,93670400
2015-02-17,173.55355834960938,173.7270265917829,172.71928991847454,172.9670836873572,76968200
2015-02-18,173.57008361816406,173.64442174946387,172.91752641065045,173.18185657165742,80652900
2015-02-19,173.44622802734375,173.80967580969232,172.83498639699363,172.97540711218107,91462500
2015-02-20,174.48703002929688,174.56136819112083,172.41372886493664,173.03323875472503,140896400
2015-02-23,174.46226501464844,174.46226501464844,173.8592662640593,174.23923790684202,74411100
2015-02-24,174.95779418945312,175.15604182724803,174.09047810454112,174.38784325925505,72472300
2015-02-25,174.80909729003906,175.31296561485897,174.47042900857946,174.83387666634533,73061700
2015-02-26,174.6026153564453,174.87520113297848,173.99961684898244,174.7182566612815,72697900
2015-02-27,174.0079345703125,174.76786516180445,173.958375797557,174.50353490182786,108076000
2015-03-02,175.10647583007812,175.16429017790526,174.0574359382095,174.1069946946203,87491400
2015-03-03,174.3878631591797,175.15606181483415,173.52881517195365,174.67697275512717,110325800
2015-03-04,173.6527099609375,173.86748140808916,172.68627626062957,173.7931306588669,114497200
2015-03-05,173.8427276611328,174.12356909840437,173.33885915122326,173.97488018199235,76873000
2015-03-06,171.39768981933594,173.41316346565193,171.06728967572505,172.98363319579175,188128000
2015-03-09,172.10806274414062,172.46324227095045,171.43899425580943,171.5959387365701,89818900
2015-03-10,169.31619262695312,170.82779838845576,169.274889443619,170.74520462574947,157121300
2015-03-11,168.9196014404297,169.74561416140978,168.83699512675014,169.57214594426426,110145700
2015-03-12,171.06729125976562,171.13336120593354,169.4978590531875,169.54741781479228,93993500
2015-03-13,170.0182342529297,171.75285375539067,168.98571814290895,170.79468838429833,162410900
2015-03-16,172.28982543945312,172.38068739069163,170.04306864879194,170.74518487235875,136099200
2015-03-17,171.7776641845703,172.15762309564545,170.96816239253445,171.55463715174756,94510400
2015-03-18,173.8427276611328,174.51179627508682,170.67082768526348,171.30686131999258,228808500
2015-03-19,173.04966735839844,173.85090071677513,172.66144036603225,173.42963876086787,117917300
2015-03-20,174.5772247314453,175.08334236742368,173.81390205525543,173.9964371148031,177715100
2015-03-23,174.23699951171875,175.15796701554652,174.23699951171875,174.5854719915161,71784500
2015-03-24,173.25796508789062,174.56887998481383,173.19158756674477,174.1125550997898,77805300
2015-03-25,170.71908569335938,173.69771863356073,170.67761081709924,173.46540362154204,159521700
2015-03-26,170.31251525878906,171.22517762361446,169.35835270347835,170.0553102954272,153067200
2015-03-27,170.70249938964844,170.87672931710654,170.0055416991604,170.19638183333447,118939000
2015-03-30,172.78504943847656,173.08374198713193,171.71474185758936,171.73132674457867,96180400
2015-03-31,171.27503967285156,172.6606504185664,171.21696723081993,171.96369249262716,126768700
2015-04-01,170.6693115234375,171.26669662045506,169.6819663586385,171.24180662976426,137303600
2015-04-02,171.2832794189453,171.73131187302016,170.4203842819018,170.6029193047295,86900900
2015-04-06,172.4365692138672,172.95097921240085,170.26275905467685,170.3955014457633,114368200
2015-04-07,171.98023986816406,173.20819250095542,171.94705743385904,172.461467457011,81236300
2015-04-08,172.56105041503906,173.00079052443866,171.81432527158861,172.20428539278765,89351900
2015-04-09,173.3243408203125,173.55665582878575,171.90556078000932,172.3950807864195,85548900
2015-04-10,174.2701873779297,174.3116749111512,173.37412249347702,173.57324239659198,72722900
2015-04-13,173.48204040527344,174.7597860138336,173.43226041069465,174.12920565524252,74436600
2015-04-14,173.8138885498047,173.99642359516923,172.6606058505757,173.28288096153133,75099900
2015-04-15,174.5937957763672,175.09991337221425,174.195543250851,174.27851832960081,99529300
2015-04-16,174.54400634765625,175.05012391611444,174.06277876943213,174.26191135152382,68934900
2015-04-17,172.53614807128906,173.59816327762158,171.7562278847155,173.35755579846713,191113200
2015-04-20,174.11257934570312,174.44445433742973,173.3741467279249,173.45710914574687,92189500
2015-04-21,173.90513610839844,174.95055361711223,173.60644358302048,174.7929085814658,72559800
2015-04-22,174.75970458984375,174.94223959173425,173.3243145604123,174.24528201169025,78264600
2015-04-23,175.19952392578125,175.8466891674251,174.24536095448013,174.36151849374383,102585900
2015-04-24,175.60595703125,175.87146704328396,175.15792471121043,175.61426213175994,61327400
2015-04-27,174.87588500976562,176.29466502117256,174.68504488080637,176.17021507638887,79358100
2015-04-28,175.43179321289062,175.4815731938354,173.68112547509182,174.85100566816996,86863500
2015-04-29,174.70997619628906,175.30734868948554,173.9051659940532,174.54402602905753,125684900
2015-04-30,172.9593048095703,174.52743764078912,172.2623470377464,174.1374775440112,161304900
2015-05-01,174.83445739746094,174.875944946681,173.63968687716945,173.73924686711956,103399700
2015-05-04,175.33224487304688,175.91303245626554,175.14970982400388,175.25756223646033,70927200
2015-05-05,173.3243408203125,175.44838364955402,173.1832933266122,175.09160603354397,113326200
2015-05-06,172.61082458496094,174.17895746152567,171.54880933841025,173.87197243782254,135060200
2015-05-07,173.29946899414062,173.7226241798103,172.17938137022506,172.5112563713364,88244900
2015-05-08,175.58119201660156,175.78032466735576,174.88424672929662,174.96722183216667,155877300
2015-05-11,174.7431640625,175.80517933263093,174.66849408105816,175.53968184520852,75708100
2015-05-12,174.2204132080078,174.75972583742453,173.09202063195485,173.91342824033026,119727600
2015-05-13,174.2536163330078,175.2492539083147,174.02130132077684,174.62697884122056,94667900
2015-05-14,176.07066345214844,176.1619309693813,174.99205079218353,175.26585334388207,95934000
2015-05-15,176.26153564453125,176.40258317781456,175.78030794615304,176.26153564453125,76510100
2015-05-18,176.80909729003906,177.05799719315343,176.02917716636372,176.09555469393385,74549700
2015-05-19,176.75103759765625,177.19908280806544,176.46894256012197,176.92528021508664,72114600
2015-05-20,176.6265411376953,177.3732660782015,176.31125108448646,176.85055102371675,76857500
2015-05-21,177.14097595214844,177.34840098253736,176.31956827412938,176.48551842661584,64764600
2015-05-22,176.71788024902344,177.17420530855492,176.65150270249356,176.75935513790995,57433500
2015-05-26,174.81781005859375,176.65145286603982,174.4029600049852,176.22829770881899,124308600
2015-05-27,176.47718811035156,176.70950309837983,174.8675680788576,175.27412563801573,93214000
2015-05-28,176.27810668945312,176.38595910443956,175.5894540174039,176.1702416142466,74974600
2015-05-29,175.1829071044922,176.25321483710226,174.91740961261766,176.2117399535306,124919600
2015-06-01,175.53965759277344,176.17851755936138,174.75143236349666,175.84664258087983,93338800
2015-06-02,175.36538696289062,176.05403946034752,174.46101702993104,175.08329201026015,91531000
2015-06-03,175.83006286621094,176.45233800913786,175.34054279222792,175.89644040068288,87820900
2015-06-04,174.34487915039062,175.78025672160754,174.02958907362384,175.12479923909686,151882800
2015-06-05,174.0461883544922,174.7182433899041,173.3907182052303,174.1955282911533,121704700
2015-06-08,172.97584533691406,174.0876529129266,172.901175378439,173.9383003357597,89063300
2015-06-09,172.9510040283203,173.49031675404825,172.32043643447227,172.9510040283203,105034700
2015-06-10,175.0252227783203,175.40689037129914,173.65622276176234,173.71429518187028,134551300
2015-06-11,175.58944702148438,175.971102001252,175.23266937321156,175.46498440269264,73876400
2015-06-12,174.24533081054688,175.46499109192928,173.97152823103042,174.7680459769165,135382400
2015-06-15,173.49862670898438,173.78072176679095,172.4034162583637,173.1086665631017,124384200
2015-06-16,174.44444274902344,174.52741782155275,173.17500263268036,173.3492325606859,85308200
2015-06-17,174.72653198242188,175.33222213944873,173.70600445707223,174.72653198242188,126708600
2015-06-18,176.54364013671875,177.00827030886364,174.75978944147187,175.32397960472704,165867900
2015-06-19,175.75985717773438,176.37682630299184,175.38467857961558,176.30179312772805,130478700
2015-06-22,176.6603240966797,177.24393676409846,176.45189009247287,176.6770023791208,70696000
2015-06-23,176.78538513183594,177.1188871824413,176.39354089530357,176.8687638249379,68476800
2015-06-24,175.5013885498047,176.89372583021103,175.47637749317096,176.51854725890612,92307300
2015-06-25,174.96780395507812,176.12669626422877,174.8927707826826,176.00164097690288,97107400
2015-06-26,174.93450927734375,175.56814411418458,174.38424041488037,175.32635352834328,104174800
2015-06-29,171.26600646972656,174.9427844001069,171.19097330097563,173.45873569419442,202621300
2015-06-30,171.6245880126953,172.85018114556345,171.1493523105692,172.80014629128402,182925100
2015-07-01,173.00021362304688,173.44209266901464,172.21649977644702,173.19196933387408,135979900
2015-07-02,172.84181213378906,173.6422043099479,172.4249441241193,173.47545965044043,104373700
2015-07-06,172.34996032714844,173.12532894087204,171.3578121443192,171.55791342615387,117975400
2015-07-07,173.4337921142578,173.55884744416352,170.17388081547682,172.55003385811443,173820200
2015-07-08,170.5240020751953,172.3832295642684,170.29055704167047,172.09976241238823,164020100
2015-07-09,170.83248901367188,172.87515224406943,170.72411199229873,172.61668341636218,144113100
2015-07-10,172.98353576660156,173.4004037522597,170.87418477691543,172.82512389656327,129456900
2015-07-13,174.89279174804688,175.0011687694546,174.20078939102447,174.24247873239707,106069400
2015-07-14,175.65145874023438,175.959949648478,174.79271185218707,174.85107946681126,81709600
2015-07-15,175.59315490722656,176.15175654972325,175.11791923897846,175.693199165046,97914100
2015-07-16,177.00213623046875,177.00213623046875,176.4018453575481,176.6436231738465,106683300
2015-07-17,177.15225219726562,177.2106198337727,176.58531772618835,176.99384029452227,89030000
2015-07-20,177.2439422607422,177.73584347269255,176.92713121534828,177.37734308080402,70446800
2015-07-21,176.54360961914062,177.36901289331283,176.2434641305146,177.11054402998832,77965000
2015-07-22,176.2267608642578,176.56026287200874,175.82657117675748,175.8599150166322,88667900
2015-07-23,175.23463439941406,176.4602273932913,174.87613400945932,176.36018313968574,90509100
2015-07-24,173.4171142578125,175.3930648060229,173.08362489603817,175.33470989252405,117755000
2015-07-27,172.4082794189453,173.041926985497,171.96640031164114,172.5333474647767,132361100
2015-07-28,174.52601623535156,174.66774987569843,172.41666447416756,173.2420552457055,123544800
2015-07-29,175.7265167236328,175.95161625375798,174.5092567292299,174.65099030361242,105791300
2015-07-30,175.76817321777344,175.9349178199003,174.60093555929006,175.21790458113688,91304400
2015-07-31,175.5013885498047,176.29343502740363,175.21792142675645,176.2684239707699,103266900
2015-08-03,174.909423828125,175.52639288566456,173.95896554703882,175.4680379963532,113965700
2015-08-04,174.5676727294922,175.29301908230389,174.0841042536832,174.83446167232952,81820800
2015-08-05,175.1429443359375,176.17676893261617,174.85946440032282,175.4597553953376,85786800
2015-08-06,173.70887756347656,175.4347042383865,173.1252522637311,175.32631450183948,116030800
2015-08-07,173.37539672851562,173.70055325602934,172.47496033190805,173.5504868841622,117858000
2015-08-10,175.55979919433594,175.64316516294912,174.4842726082692,174.4842726082692,80270700
2015-08-11,173.97569274902344,174.64268410548195,173.21698992202937,174.22581609792064,126081400
2015-08-12,174.18409729003906,174.36752020008473,171.21599961373644,172.6750373934088,172123700
2015-08-13,173.96734619140625,174.7093706772288,173.42541019141387,174.02570109250638,89383300
2015-08-14,174.60096740722656,174.67600058360037,173.6338307279643,173.7755643017148,72786500
2015-08-17,175.57644653320312,175.57644653320312,173.5504743287551,174.00903163484438,79072600
2015-08-18,175.06785583496094,175.6514684043163,174.83441080721877,175.30130086270307,71692700
2015-08-19,173.68386840820312,175.09287138975742,172.87514356925766,174.32583589007928,172946000
2015-08-20,170.05711364746094,173.65884614356457,169.998746027617,172.17479724965054,194327900
2015-08-21,164.93800354003906,170.03213129099785,164.67954740121536,168.18956903137342,346588500
2015-08-24,157.9929962158203,164.6462069534633,152.07346461980424,156.31719117881585,507244300
2015-08-25,156.13375854492188,162.95371354145988,155.8419458295441,162.9370352578318,369833100
2015-08-26,162.1283416748047,162.40346341649578,157.0508787165583,160.14404551360946,339257000
2015-08-27,166.1385498046875,166.2636050960368,162.75358421963602,164.26264410364965,274143900
2015-08-28,166.14688110351562,166.61377114946035,165.01299982544998,165.49656815069264,160414400
2015-08-31,164.80462646484375,166.0218868652278,164.25435754185625,165.17147241350207,163298800
2015-09-01,159.88555908203125,162.3867671258326,159.0184665026377,161.01109506866067,256000400
2015-09-02,162.92039489746094,162.96208425207837,160.42751906427594,162.2617361711984,160269300
2015-09-03,163.0370635986328,165.1214034229012,162.54516245333764,163.62900898451664,152087800
2015-09-04,160.5692596435547,161.6281082320111,159.75220168926344,160.78603920822766,207081000
2015-09-08,164.60450744628906,164.75458655536866,162.72026849359887,163.36224883448918,116025700
2015-09-09,162.40341186523438,166.30530252865324,162.03657875215427,166.1802472312169,149347700
2015-09-10,163.2871856689453,164.42939981290357,161.9532031029294,162.21165920366735,158611100
2015-09-11,164.0291748046875,164.09587519080304,162.18661321341497,162.89529368431928,119691200
2015-09-14,163.42063903808594,164.2543752944909,162.9370704827544,164.2043531545955,79452000
2015-09-15,165.46327209472656,165.90515121022568,163.37893184357856,163.92085522015572,113806200
2015-09-16,166.89727783203125,167.08904628489455,165.42157417041264,165.76340900711406,99581600
2015-09-17,166.52207946777344,169.15668815047755,166.14690083072153,166.76387002000322,276046600
2015-09-18,163.80084228515625,166.50780585133356,163.39019601063427,164.0187487536993,223657500
2015-09-21,164.6472930908203,165.66972706910326,163.59970523919577,164.6305281045718,105726200
2015-09-22,162.51022338867188,162.97116463521715,161.3788233096915,162.48508230140018,153890900
2015-09-23,162.25047302246094,163.14720191333413,161.67220226329084,162.67788442413593,92790600
2015-09-24,161.66378784179688,162.12472915587193,159.70270601966715,161.03523499204192,159378800
2015-09-25,161.62188720703125,163.42373351263564,160.7502868003842,163.12202764694086,155054800
2015-09-28,157.5656280517578,160.8341106320066,157.2555460629324,160.72515737628274,178515900
2015-09-29,157.6577911376953,159.01547380900044,156.6604853688763,157.78350936374622,159045600
2015-09-30,160.5994873046875,160.76709888185067,158.76411048308307,159.5435100714665,163452000
2015-10-01,161.0184326171875,161.3201384025769,159.08249248924568,160.9765265493402,131079000
2015-10-02,163.42372131347656,163.44886240141275,158.4958634709605,159.04061688143545,211003300
2015-10-05,166.33181762695312,166.5581001942391,164.53834765158405,164.64730088545105,126320800
2015-10-06,165.76194763183594,166.7592535071073,165.09987760721134,166.19774784370665,110274500
2015-10-07,167.11968994140625,167.47167811893536,165.50220675758175,166.69226567816438,124307300
2015-10-08,168.6281280517578,168.91306888019523,166.4323752043093,166.73408101910707,153055200
2015-10-09,168.72869873046875,169.2063921622075,168.1001459916969,168.77060480397452,107069200
2015-10-12,168.887939453125,169.0890681515825,168.37671603131454,168.80412730347533,56395600
2015-10-13,167.82359313964844,169.42431063021064,167.65598162169104,168.15881617556323,88038700
2015-10-14,167.01902770996094,168.34318034427724,166.72571077201667,167.76490977995587,99106200
2015-10-15,169.5835418701172,169.59191797003,167.31236557573996,167.68111857892492,134142200
2015-10-16,170.3546142578125,170.37136646247572,169.2232138338629,169.98586114814174,114580100
2015-10-19,170.4384002685547,170.4384002685547,169.39920099152405,169.7092829967101,76523900
2015-10-20,170.22052001953125,170.83230797669893,169.7512025297619,170.0026262672648,78448500
2015-10-21,169.16448974609375,170.79033533409486,168.99686546111812,170.63948882314182,102038000
2015-10-22,172.02235412597656,172.23187176059804,169.1645433085749,170.1115543212638,174911700
2015-10-23,173.90802001953125,174.2767731177643,172.89396178733242,173.6901262741854,144442300
2015-10-26,173.48052978515625,173.7906116641302,173.11177685451898,173.73195340040317,69033000
2015-10-27,173.14535522460938,173.48057828002285,172.46650743729634,172.81011938125604,77905800
2015-10-28,175.1147918701172,175.13993295683485,172.81848736364915,173.48055729377796,135906700
2015-10-29,175.01422119140625,175.38297416717518,174.49462170078885,174.61195103053916,90525500
2015-10-30,174.260009765625,175.52550452719265,174.10078709710965,175.20703361427752,131076900
2015-11-02,176.3216552734375,176.51440791141056,174.46113770568715,174.5868559557975,86270800
2015-11-03,176.8328857421875,177.3860153733307,175.74339147149564,175.96967410022543,95246100
2015-11-04,176.2964630126953,177.25186261170902,175.7600985498795,177.12615718602464,96224500
2015-11-05,176.12045288085938,176.81605270300022,175.2321004873585,176.3551115211073,78408700
2015-11-06,176.02825927734375,176.26293069837328,174.70411961400538,175.77684844755572,110471500
2015-11-09,174.3857421875,175.56742487175757,173.43871826193913,175.41656550519926,131008700
2015-11-10,174.78794860839844,174.82147858334838,173.6397963311649,173.9079721910716,75874600
2015-11-11,174.1007537841797,175.10643573134107,174.03370661597697,175.05615355217398,67846000
2015-11-12,171.6703643798828,173.53088198042622,171.65361217659247,173.06156452946777,121315200
2015-11-13,169.74281311035156,171.5279075743205,169.65901372340684,171.25973163297792,153577100
2015-11-16,172.3240966796875,172.38276776807112,169.4411313681019,169.55847354486914,117645200
2015-11-17,172.1982879638672,173.51405155065694,171.70382960651025,172.63408805594725,121123700
2015-11-18,174.93045043945312,175.07292088872342,172.6341454727028,172.67603876700397,121342500
2015-11-19,174.7795867919922,175.19862199754098,174.48625703293217,174.81310398174264,88220500
2015-11-20,175.41648864746094,176.0953235296875,175.03935957821705,175.53381797540212,94011500
2015-11-23,175.21536254882812,175.97799679772703,174.7544213294247,175.47516229396336,64931200
2015-11-24,175.45004272460938,175.85231293454058,173.82418410838238,174.2096893297508,98874400
2015-11-25,175.42491149902344,175.77689955099623,175.16509891948007,175.5757580407517,51980100
2015-11-27,175.62603759765625,175.82717910489592,175.03939085313215,175.51708434940895,37317800
2015-11-30,174.8968963623047,175.90257818432067,174.78794312904074,175.7852488515511,112822700
2015-12-01,176.5646209716797,176.68196307435335,175.24885742697646,175.52542212341538,97858400
2015-12-02,174.76284790039062,176.83288314795413,174.51142418192845,176.51441225203928,108441300
2015-12-03,172.31565856933594,175.28242221225327,171.59491750079425,175.01424632913574,166224200
2015-12-04,175.6763153076172,175.9696450663858,172.31565756611263,172.31565756611263,192913900
2015-12-07,174.61196899414062,175.7684974241062,173.6481803832403,175.34946223361192,102027100
2015-12-08,173.43862915039062,174.5616401740072,172.45808852935795,173.05312401114873,103372400
2015-12-09,172.08937072753906,174.88852275963552,171.1172060065192,172.80173567385899,162401500
2015-12-10,172.5335693359375,173.84095726678345,171.9217814530039,172.15644016941516,116128900
2015-12-11,169.189697265625,171.08373222295276,168.8796024470076,170.4216620739042,211173300
2015-12-14,170.0445556640625,170.17027395347273,167.57224942767047,169.3489681720291,182385200
2015-12-15,171.8296356201172,172.7347535160547,170.01939982824217,171.55307075291873,154069600
2015-12-16,174.34378051757812,174.64548636656923,171.63681676475792,172.95258061456695,197017000
2015-12-17,171.68711853027344,174.72092956664895,171.67035354010022,174.65388239389682,173092500
2015-12-18,168.6284637451172,171.0817527336505,168.468280667836,170.94687323113737,251393500
2015-12-21,170.0194854736328,170.19653329314932,168.6874524454068,169.80029505027005,99094300
2015-12-22,171.5623321533203,171.8574076490797,169.91837134677345,170.90474783070158,111026200
2015-12-23,173.68687438964844,173.72902987741492,172.4728683806468,172.56560530811353,110987200
2015-12-24,173.4001922607422,173.94818777080295,173.1810017751457,173.4339217902471,48539600
2015-12-28,173.00396728515625,173.0461099010935,171.93327984099471,172.70889178931722,65899900
2015-12-29,174.8502197265625,175.1790118238626,174.06618198070987,174.0998986396959,92640700
2015-12-30,173.6109619140625,174.69008820124438,173.46764356955748,174.60577723904296,63317700
2015-12-31,171.874267578125,173.577248708989,171.874267578125,172.93652912124026,114877900
2016-01-04,169.47154235839844,169.47996830831684,167.42290449220576,169.02472259585497,222353500
2016-01-05,169.75820922851562,170.2134550219774,168.6538049825555,169.79192589823398,110845800
2016-01-06,167.6168670654297,168.66225118483942,166.58833485087854,167.21218979593286,152112600
2016-01-07,163.5954132080078,166.45337941363837,163.20760085423277,164.67452645671497,213436100
2016-01-08,161.79971313476562,165.11293824156806,161.51307646082637,164.55651679400643,209817200
2016-01-11,161.9599151611328,163.05589341995838,160.02931749748547,162.7186624135249,187941300
2016-01-12,163.26666259765625,164.01698392014976,161.14215222113893,163.40155500404893,172330500
2016-01-13,159.1946563720703,164.27829548813105,158.8152828146417,163.93263859321036,221168900
2016-01-14,161.80819702148438,162.9294662682444,158.2083468158371,159.8017267214328,240795600
2016-01-15,158.33474731445312,159.13564997514615,156.40414983282272,157.45797250848364,324846400
2016-01-19,158.54556274414062,160.2738350598248,156.97747358482457,160.14738144377125,195244400
2016-01-20,156.51380920410156,158.07347261283573,152.61045700127073,155.99111703782512,286547800
2016-01-21,157.39047241210938,159.2283323543087,155.6622012430965,156.98580824517373,195772900
2016-01-22,160.61947631835938,160.82180208417086,159.23686117443438,159.99560852432583,168319600
2016-01-25,158.19140625,160.3074772476961,157.99750650746512,160.11357750516123,130371700
2016-01-26,160.34962463378906,160.6278353098517,158.5117644188856,158.84898246402852,141036800
2016-01-27,158.6045379638672,161.4962213181551,157.70245954537472,159.82696974006484,185681700
2016-01-28,159.4307403564453,160.3496707280536,157.7867794017223,160.14734498842466,143798800
2016-01-29,163.31724548339844,163.45213789098824,160.07990488553142,160.19793252616049,210529300
2016-02-01,163.2581787109375,164.04222935059738,161.7322457690278,162.31395785495897,136061600
2016-02-02,160.31593322753906,161.84186634784507,159.79322845197512,161.8334403978046,182564900
2016-02-03,161.27699279785156,161.6816570229346,157.73615188427675,161.36972968943766,205054900
2016-02-04,161.52996826171875,162.4994801181011,160.14735322560009,160.77964692255767,139531800
2016-02-05,158.45278930664062,161.5889669028916,157.82049564391338,161.01569349009503,180788300
2016-02-08,156.3198699951172,156.91000823816955,154.1110613436716,156.6149455486678,191526700
2016-02-09,156.32826232910156,157.60128833397698,154.4482463076533,154.58313869535667,184513100
2016-02-10,156.19337463378906,158.7815562592034,156.0669082029163,157.15446033381306,148214100
2016-02-11,154.16162109375,155.20701788010714,152.66940449594475,153.72322723314252,219058900
2016-02-12,157.33993530273438,157.35678720240546,155.0889717482724,155.9320298374662,127632400
2016-02-16,159.99559020996094,160.02088092779238,158.18302015711848,159.14410602685712,120250700
2016-02-17,162.6090545654297,162.98000219707777,161.0325271309253,161.15899356755773,136009500
2016-02-18,161.9430389404297,162.93785425898483,161.63111153758322,162.8788340130157,102343000
2016-02-19,161.86720275878906,162.01894708663167,160.56045974704102,161.16746278651044,114793000
2016-02-22,164.21087646484375,164.3541948162909,163.37624420918957,163.44369040940836,103640300
2016-02-23,162.13697814941406,163.8230947464884,162.01893763813206,163.55330991621312,111455300
2016-02-24,162.87884521484375,163.1570559705891,159.60778807514922,160.7121922829566,150812200
2016-02-25,164.8515625,164.86000131333842,162.5668824290666,163.3256295149316,110728300
2016-02-26,164.47218322753906,165.81264236909203,164.31200014822562,165.71991833795718,129833700
2016-02-29,163.18235778808594,165.43332184054452,162.9884579866063,164.48910068824537,125918100
2016-03-01,167.0182342529297,167.10254520529068,163.93263863876854,164.40474909828157,141799700
2016-03-02,167.7685546875,167.81913611307817,166.29320307592653,166.70630615822336,102415000
2016-03-03,168.42616271972656,168.44302748531464,167.0182570982276,167.59153048775184,95172200
2016-03-04,168.97412109375,169.7497458306991,167.79384495325377,168.62003825160113,129293600
2016-03-07,169.10903930664062,169.5137165001027,167.97934441899835,168.05521656875482,100219000
2016-03-08,167.26272583007812,168.54417777416353,167.10255559310772,168.03835062068885,123974900
2016-03-09,168.0889129638672,168.4345569770791,167.28799754972553,168.07204820145247,94801200
2016-03-10,168.2238006591797,169.5136913337756,166.4028050151373,168.57789636690103,156838700
2016-03-11,170.93849182128906,170.980647308,168.2069912334791,169.67390440425157,137964500
2016-03-14,170.7193145751953,171.17456042054744,170.10388558631487,170.43267782574958,73612000
2016-03-15,170.44107055664062,170.74457201573492,169.49684951236813,169.75819548969022,93169100
2016-03-16,171.42745971679688,171.83213693477836,169.9183911248905,169.96054660976955,129303200
2016-03-17,172.51495361328125,173.02078066833934,170.9468653009185,171.34310356927125,134278500
2016-03-18,173.1929168701172,173.53187424367286,172.701419627185,173.01495584424373,138372400
2016-03-21,173.43861389160156,173.66741717092629,172.70137468425617,172.93017796358086,72926700
2016-03-22,173.34544372558594,173.91320443773537,172.5065197008016,172.66751604840624,97471900
2016-03-23,172.201416015625,173.15050680219161,172.0319244348305,172.96407640763144,81052500
2016-03-24,172.12521362304688,172.15911712593663,170.95580138130484,171.17612242849734,84360900
2016-03-28,172.2268829345703,172.7522707695527,171.77775857297658,172.5404191676539,62408200
2016-03-29,173.81997680664062,173.930143763803,171.515030627081,171.82009741350487,92922900
2016-03-30,174.5826873779297,175.30297513077699,174.21829586616255,174.8199601589143,86365300
2016-03-31,174.15896606445312,174.91315723940892,173.99795678040715,174.4894540415597,94584100
2016-04-01,175.3453826904297,175.53181318809987,172.85400506738202,173.16755432095422,114423500
2016-04-04,174.77760314941406,175.4724827357991,174.47253627033734,175.26910050628197,63497000
2016-04-05,173.03192138671875,174.78604597682616,172.7776968710869,173.43867285349214,99662200
2016-04-06,174.92166137695312,174.98098604302,172.85398729207458,173.03194835987722,91839800
2016-04-07,172.8284912109375,174.19281570468272,172.09972136464393,173.8369066537569,113859000
2016-04-08,173.2946014404297,174.4386052040037,172.7607312933758,174.00641968290486,95040600
2016-04-11,172.8878631591797,174.62504892364467,172.79464793483095,173.9301694457003,83757500
2016-04-12,174.49789428710938,174.77753990260072,172.6166513686354,173.05730624126357,115350600
2016-04-13,176.2605438232422,176.3452896414696,175.27754922554817,175.41313736255353,96336400
2016-04-14,176.26901245117188,176.76899208786213,175.92158563093162,176.31986770012065,65212900
2016-04-15,176.07411193847656,176.40459993824712,175.75209334830146,176.2690118023422,75761600
2016-04-18,177.31126403808594,177.34515459405554,175.4130696440022,176.0740453937367,82531000
2016-04-19,177.8705596923828,178.12478414344164,177.05705696546582,177.73498452482514,88316100
2016-04-20,178.0401153564453,178.73498198033556,177.43845103674758,177.91299661996968,81100300
2016-04-21,177.08248901367188,178.16716800323152,176.8113128010852,178.057001050569,85695000
2016-04-22,177.08248901367188,177.35365229586503,176.18424043766717,176.72657993244698,99251700
2016-04-25,176.77745056152344,176.81982346782792,175.87071950211055,176.4808531477876,66166500
2016-04-26,177.0401611328125,177.5486101955067,176.56561557050952,177.14184577319264,75864200
2016-04-27,177.40451049804688,177.7943101471621,176.30287974419332,176.65878883136563,77329400
2016-04-28,175.79444885253906,177.75195549817673,175.37922800673414,176.65033756160483,97216200
2016-04-29,174.84530639648438,175.52323387897067,173.74367585374307,175.17579426626764,142424100
2016-05-02,176.23509216308594,176.41304024801133,174.91314038206343,175.34531294727643,62188000
2016-05-03,174.70130920410156,175.24364879119557,173.9555874229489,175.00637602999169,106422100
2016-05-04,173.7267303466797,174.4385613405564,173.22676382092655,173.70979153354315,92243800
2016-05-05,173.69285583496094,174.54873147151844,173.2691527203575,174.1928224068987,67619200
2016-05-06,174.3284454345703,174.37081834059887,172.76922076372438,172.92174770895267,89315000
2016-05-09,174.47251892089844,174.90469156894966,174.02339452280697,174.20135557223787,74374900
2016-05-10,176.64183044433594,176.65878218986694,175.10802719880667,175.1758212505375,77472200
2016-05-11,174.98936462402344,176.71806742778932,174.98936462402344,176.18421036228042,81727000
2016-05-12,175.04031372070312,175.82840862075147,174.03189774890748,175.65891694820832,89586300
2016-05-13,173.5149383544922,175.29449705429184,173.19293269930267,174.74368803932327,96474600
2016-05-16,175.22666931152344,175.70121475883096,173.62507196166376,173.68439660777403,77486800
2016-05-17,173.59117126464844,175.2436108258989,173.06577060975354,174.95549581119738,114924900
2016-05-18,173.64208984375,174.8199845028028,172.55741042809268,173.24380770655097,120062100
2016-05-19,173.04043579101562,173.32855094946422,171.83711989655447,172.92179937692507,115430500
2016-05-20,174.13352966308594,174.65044803642593,173.59965954280523,173.65050185323304,104990400
2016-05-23,173.89625549316406,174.4301126786471,173.7098250695369,174.15046704320636,58682600
2016-05-24,176.15040588378906,176.46395511860163,174.6843960856389,174.70981724921847,93537800
2016-05-25,177.34518432617188,177.7604180561647,176.15033837426097,176.8282659808313,76621400
2016-05-26,177.39605712890625,177.7096062974516,177.08252089075677,177.48080294319328,55280700
2016-05-27,178.15870666503906,178.16717607316846,177.50620018804196,177.55704249760646,64211200
2016-05-31,177.81979370117188,178.54009446656318,177.26050225489618,178.42992747340026,109879400
2016-06-01,178.1841583251953,178.36210643913597,177.0147332834286,177.2096331469243,69936200
2016-06-02,178.72647094726562,178.74340976386634,177.3113039374439,177.7858494101513,63044700
2016-06-03,178.19259643554688,178.54003612321796,176.98928103642675,178.16717528087767,101757100
2016-06-06,179.099365234375,179.45527440534923,178.38753396202972,178.54854326255548,64887000
2016-06-07,179.3789520263672,179.9382432647417,179.22642510520694,179.25184625873365,60974800
2016-06-08,179.96365356445312,180.09077225481346,179.38742354540955,179.5145293053772,66170900
2016-06-09,179.71798706054688,179.83662346322555,178.96379572986143,179.23495910867064,73786900
2016-06-10,178.0146942138672,178.68413967661186,177.47234162681673,178.3451822401027,113829200
2016-06-13,176.64183044433594,178.26884889469594,176.55709757746735,177.41297323608163,117751200
2016-06-14,176.29443359375,176.88762845786226,175.34534249980456,176.2605430248504,125059300
2016-06-15,176.04869079589844,177.41301570387913,175.86226034161066,176.29443297815249,109124500
2016-06-16,176.5740203857422,176.74351196490105,174.21823225582534,176.04863269544754,149533100
2016-06-17,175.91648864746094,176.49571546014107,175.26058875857578,176.4701621006193,117055700
2016-06-20,177.0493927001953,178.54857937058586,176.96420617446128,177.8756526087873,82789600
2016-06-21,177.5519561767578,177.96082289803414,176.98975631147866,177.43270284148394,72461700
2016-06-22,177.26235961914062,178.4548930850924,177.11753991475223,177.73084655371028,95560500
2016-06-23,179.5707550048828,179.62186172192614,178.2589682760942,178.7189417271232,102731400
2016-06-24,173.12252807617188,179.6048273711775,172.67958155075527,173.4547347208247,333444400
2016-06-27,170.02191162109375,171.72553793794785,169.2126787224782,171.71701148787568,230775800
2016-06-28,173.0884246826172,173.1139780365979,171.31665182001268,171.623305065418,159382400
2016-06-29,176.0357208251953,176.26570103323945,174.38320112073447,174.48541454653184,137328600
2016-06-30,178.43783569335938,178.48894240865778,175.9505425669414,176.5042289771642,165021900
2016-07-01,178.81265258789062,179.2981924246243,178.27600603100393,178.4378526432485,106055300
2016-07-05,177.5264129638672,178.09712631512292,176.93014625342386,177.98638642688363,109803700
2016-07-06,178.5911865234375,178.71043987015673,176.37646665849195,177.03236656426765,96021500
2016-07-07,178.4804229736328,179.43444962093204,177.71379627457281,178.77003634904318,85593800
2016-07-08,181.1381072998047,181.38514045492198,179.54522046270415,179.7752137111415,133971000
2016-07-11,181.77696228027344,182.34768865826774,181.39364887527617,181.5980887568401,73633900
2016-07-12,183.09719848632812,183.395338230067,181.80243911007253,182.73943859242223,101275600
2016-07-13,183.0717010498047,183.52316102982908,182.58617425894235,183.51464757652928,87324100
2016-07-14,184.09385681152344,184.56235665116716,183.70203003483041,184.3323634575898,91230900
2016-07-15,183.8468780517578,184.85201157224094,183.40393146762003,184.6560981398424,107155400
2016-07-18,184.34088134765625,184.5027279208938,183.71053495653027,183.96608149334548,58725900
2016-07-19,184.15350341796875,184.18757022804962,183.6764900910065,183.92351020759827,54345700
2016-07-20,184.92013549804688,185.15864216846145,184.15350877137692,184.15350877137692,58159500
2016-07-21,184.22166442871094,185.03088445714766,183.77871787722287,184.8094176802233,67777300
2016-07-22,185.0479278564453,185.0990345753437,184.07686120445751,184.3409212505255,62787500
2016-07-25,184.5453338623047,184.89458041130248,183.96610709603976,184.84347369635424,55873100
2016-07-26,184.63052368164062,184.9882836903036,183.78722387702433,184.44312372505922,70080500
2016-07-27,184.43455505371094,185.07341480597762,183.66791555240997,185.00526820601965,84083900
2016-07-28,184.6475830078125,184.93719642657732,183.77872975387785,184.23870324264314,65035700
2016-07-29,184.94569396972656,185.30345398524094,184.10240714659952,184.38350708685488,79519400
2016-08-01,184.7924041748047,185.39718442026862,184.34094410504446,185.00535752837618,73311400
2016-08-02,183.60833740234375,184.69865725581784,182.77356410776096,184.5453241214279,92295500
2016-08-03,184.1449737548828,184.204606918532,183.25058028125014,183.54870710658165,53993600
2016-08-04,184.34088134765625,184.65604804440085,182.50096187975078,184.25569483617224,46585500
2016-08-05,185.8485565185547,185.8911497686357,184.34085684724045,184.34085684724045,71892200
2016-08-08,185.73789978027344,186.1382530864224,185.47383972677943,186.0360266481112,39906500
2016-08-09,185.8485565185547,186.34260962469725,185.52487641273615,185.80597626610873,51251700
2016-08-10,185.3885955810547,186.03596883352094,185.03934910377703,185.95930877684123,57941100
2016-08-11,186.24899291992188,186.49602608222528,185.65272614518395,185.9167862170221,72504300
2016-08-12,186.087158203125,186.30011154982938,185.68680487150948,185.9423384894421,61313500
2016-08-15,186.6237335205078,186.97298001947587,186.44486004381267,186.45337349587163,49813500
2016-08-16,185.66122436523438,186.2745179562473,185.66122436523438,186.20638433318723,53213600
2016-08-17,186.0104522705078,186.14674550776292,184.86051219996892,185.69528553228906,75134300
2016-08-18,186.42782592773438,186.46189273466416,185.87415258107467,185.98487945182433,52989300
2016-08-19,186.1552276611328,186.33411412965725,185.47378758471052,185.95931428904322,75443000
2016-08-22,186.14674377441406,186.3767369854356,185.55047711402338,185.91675056339253,61368800
2016-08-23,186.5215301513672,187.05817660563002,186.46189699083246,186.76003679823123,53399200
2016-08-24,185.56748962402344,186.47040943327224,185.15009652454734,186.37670947206888,71728900
2016-08-25,185.4397430419922,185.85713621615523,185.03087631886928,185.18419646592582,69224800
2016-08-26,185.0904998779297,186.64931972308202,184.2046197953318,185.62714639773398,122506300
2016-08-29,186.00193786621094,186.26599788851843,185.18419144450021,185.21827125245898,70502200
2016-08-30,185.69528198242188,186.1978486628494,185.14160858841032,185.91674874049886,58114500
2016-08-31,185.16714477539062,185.4823114783603,184.3919916975407,185.36305815850932,85269500
2016-09-01,185.17567443847656,185.46528781237726,184.01720794523555,185.1586345348241,97844200
2016-09-02,186.0104522705078,186.43635888870114,185.43973896184536,186.02749217457432,79293900
2016-09-06,186.57269287109375,186.6493529596769,185.57607272658865,186.29159288198082,56702100
2016-09-07,186.5556182861328,186.7345047905499,185.95083814731663,186.41081159095657,76554900
2016-09-08,186.12965393066406,186.4959402793945,185.82300073079193,186.2233538805593,74102900
2016-09-09,181.67474365234375,184.86904359887217,181.64919029258272,184.81793687935007,221589100
2016-09-12,184.2812957763672,184.68164908797755,180.84848903883682,180.9166356660939,168110900
2016-09-13,181.63214111328125,183.26762104268442,181.01032106144442,183.00356100687588,182828800
2016-09-14,181.56394958496094,182.88426243508735,181.01027629182852,181.68320289414189,134185500
2016-09-15,183.3783416748047,183.76165500904514,181.22325535365334,181.40214184170566,134427900
2016-09-16,182.66943359375,182.94339693441927,181.984551368659,182.7636068591937,155236400
2016-09-19,182.70372009277344,183.9622116674637,182.37839183003095,183.32012466255208,80250500
2016-09-20,182.71226501464844,183.71391911147663,182.6780261243973,183.5598245104074,69665300
2016-09-21,184.76698303222656,184.94676009783961,182.7294225333122,183.41431802619306,110284400
2016-09-22,185.93125915527344,186.23090496857742,185.52889666963492,185.77716455183224,76678700
2016-09-23,184.9125213623047,185.67446416968156,184.81834806866058,185.53748245832742,73630900
2016-09-26,183.41432189941406,184.2618684960777,183.21740578661957,184.08209142666828,89827300
2016-09-27,184.552978515625,184.64713875839672,182.88354144774857,183.25167821266945,78494800
2016-09-28,185.46900939941406,185.62311710529872,183.8167114362782,184.7755573811738,87411000
2016-09-29,183.7909698486328,185.66586590978932,183.24305615132027,185.26349035952774,128070600
2016-09-30,185.1779327392578,185.87994121543213,184.37318143822424,184.62144938310027,117202900
2016-10-03,184.73272705078125,184.95531252922103,184.09919644758304,184.7669790094918,83512100
2016-10-04,183.7909698486328,185.06658734449323,183.20026080352932,184.844001895467,119948100
2016-10-05,184.60430908203125,185.0323671094434,184.34747165292507,184.41596250490633,72816000
2016-10-06,184.73272705078125,184.95531252922103,183.8423720737274,184.38171632211893,62927400
2016-10-07,184.0991973876953,185.1779120165763,183.37150655256386,185.0066914120333,89788300
2016-10-10,185.05804443359375,185.52034134257795,184.91250627588957,185.05804443359375,51855000
2016-10-11,182.72088623046875,184.69852575481207,181.99319525091576,184.63003488674283,130367400
2016-10-12,182.96054077148438,183.48277201024095,182.36124917108424,182.85779797705706,73866100
2016-10-13,182.36126708984375,182.8578159446073,180.82026871823211,181.63357631731463,101357000
2016-10-14,182.4554443359375,183.79955277491104,182.37839702834248,183.3372428027531,93346200
2016-10-17,181.8219451904297,182.686617766202,181.642155057929,182.42978031832754,58275700
2016-10-18,182.96054077148438,183.47420249045146,182.5838476729331,183.41428116838685,76869700
2016-10-19,183.4485321044922,183.75673438142863,182.86637950544184,183.2259466513188,66519200
2016-10-20,183.10606384277344,183.66253392501554,182.44685097455934,183.09749432368918,73639800
2016-10-21,183.19174194335938,183.27735878920382,182.14727912788103,183.10613816081155,89089100
2016-10-24,183.9707794189453,184.33891611727435,183.61976869952085,184.06495270797885,60146600
2016-10-25,183.3543701171875,184.0478220171836,183.1917059799945,183.79098459336805,66542300
2016-10-26,182.98623657226562,183.56838917561575,182.29277164656682,182.53249614221528,75705500
2016-10-27,182.49830627441406,183.7396722707094,182.42125894422213,183.7054333672789,77220200
2016-10-28,181.95892333984375,183.14892428259796,181.24835842102084,182.4725982624079,140623200
2016-10-31,181.96749877929688,182.51541261831122,181.8048346130854,182.2928140484234,61272500
2016-11-01,180.64903259277344,182.34415167961674,179.44191895997065,182.29277374641168,122781800
2016-11-02,179.561767578125,180.72608581549633,179.12514007455266,180.34082317980477,103330800
2016-11-03,178.73995971679688,179.98989526018548,178.46600929425156,179.77586618560713,88939300
2016-11-04,178.54296875,179.6901608899193,178.39743061851397,178.85117098823267,109122100
2016-11-07,182.48109436035156,182.51534631095052,178.54296915542682,178.54296915542682,109794900
2016-11-08,183.30299377441406,183.86803345879056,181.82191678048162,182.08731064527544,106772100
2016-11-09,185.2464141845703,185.8628188492065,181.78769767041217,181.8133801094974,258429000
2016-11-10,185.7086639404297,186.8986645476055,184.25326948797823,186.0339921705313,172113300
2016-11-11,185.28065490722656,185.52036638324668,184.33893498380345,184.98957855253008,100552700
2016-11-14,185.42616271972656,186.00832839708144,184.68134597429705,185.80285585272793,94580000
2016-11-15,186.87301635742188,186.87301635742188,185.60596822040515,185.81142771850293,91652600
2016-11-16,186.52203369140625,186.7531887248366,186.13678401122007,186.25663975757348,65617700
2016-11-17,187.48086547851562,187.54078681133552,186.56481500049895,186.67611427140054,69797200
2016-11-18,187.0613555908203,187.720568602341,186.88156547375317,187.54934800622104,86265800
2016-11-21,188.47393798828125,188.49962042400998,187.48940978323023,187.63494794012425,72402600
2016-11-22,188.8420867919922,189.02186385363086,188.11438289752599,188.78215239591617,67429000
2016-11-23,188.9447479248047,188.99611278090507,188.13144055553883,188.32834352502027,56620200
2016-11-25,189.64678955078125,189.68102843743884,189.21016210032596,189.28722245606542,37872300
2016-11-28,188.7565155029297,189.61263179084992,188.65378572863457,189.33868137163034,76572500
2016-11-29,189.1245880126953,189.5783284459944,188.49105747219588,188.79070329643193,69886700
2016-11-30,188.6708984375,189.90370789549405,188.61096403117952,189.74104372210638,113291800
2016-12-01,187.97740173339844,188.97048639352258,187.6178215074796,188.97048639352258,79040500
2016-12-02,188.07159423828125,188.55958672629782,187.7120270139356,188.06303777935497,74840300
2016-12-05,189.20164489746094,189.5440860882473,188.70509602651484,188.9019990580523,67837800
2016-12-06,189.80091857910156,189.8351705352663,188.91056366822536,189.3899865481813,59877400
2016-12-07,192.28366088867188,192.34358221640227,189.5269662940269,189.6468220127813,110738100
2016-12-08,192.7545166015625,193.2253830250353,191.99257386659514,192.2579808058571,99714400
2016-12-09,193.9188690185547,193.9359949996824,192.9428971070115,192.97714906926694,88005800
2016-12-12,193.69630432128906,194.30415261529737,193.27680265002715,193.82471653529913,102016100
2016-12-13,194.9889373779297,195.4854861285542,194.33829404777913,194.35542002215678,110477500
2016-12-14,193.37948608398438,195.39135084417444,192.94285856387455,194.68934251772694,142501800
2016-12-15,194.17568969726562,195.0318057935021,193.38806445632346,193.61921946002988,124972600
2016-12-16,193.79591369628906,194.691529641135,193.4772879233699,194.63124198664173,156420200
2016-12-19,194.21786499023438,194.63983910113276,193.83034471793016,193.97674068123223,90341100
2016-12-20,194.96710205078125,195.11351117714477,194.5193072017222,194.7518115170943,89838800
2016-12-21,194.42459106445312,195.0101750455565,194.42459106445312,194.8379452358374,67909000
2016-12-22,194.08872985839844,194.39874875846775,193.69258948708537,194.27818658290144,56219100
2016-12-23,194.37289428710938,194.38150117720235,193.94231325723612,194.13175682131336,36697800
2016-12-27,194.85516357421875,195.2512908050914,194.62264611418124,194.63987303648184,42672500
2016-12-28,193.24472045898438,195.1306670770991,193.13277835007074,195.11345330052006,64095000
2016-12-29,193.20175170898438,193.6667735318223,192.7625505615506,193.31369386357355,48696100
2016-12-30,192.4955596923828,193.61507303026372,191.80662739674145,193.52895156569957,108998300
2017-01-03,193.96812438964844,194.47620679182577,192.79694359971245,193.79588148560507,91366500
2017-01-04,195.12208557128906,195.26848153297962,194.2867573884805,194.29536427788966,78744400
2017-01-05,194.96710205078125,195.12211806798737,194.17483446364827,194.85515990866216,78379000
2017-01-06,195.66465759277344,196.12967937135483,194.53652414010315,195.0790604986911,71559900
2017-01-09,195.01876831054688,195.54407769928036,194.9843144691566,195.40628861430002,46939700
2017-01-10,195.01876831054688,195.87131035074572,194.63123486650335,195.03598209095162,63771900
2017-01-11,195.5699005126953,195.5699005126953,194.2695374492885,194.9326358857143,74650000
2017-01-12,195.07908630371094,195.2685430527143,193.72706838432492,195.05325248705532,72113200
2017-01-13,195.52687072753906,195.82826959885762,195.21685182484828,195.25129252946203,62717900
2017-01-17,194.83795166015625,195.29436658409256,194.45043129043768,194.88961929074637,61240800
2017-01-18,195.26849365234375,195.31155438264042,194.53650065817047,195.08764384121375,54793300
2017-01-19,194.54510498046875,195.4837683798126,194.114523992848,195.3459793101046,66608800
2017-01-20,195.2599334716797,195.75078912167015,194.59683485929935,195.22547962308445,129168600
2017-01-23,194.75181579589844,195.32018597098931,193.99400203606893,195.2599114531842,75061600
2017-01-24,196.0005340576172,196.41388825981454,194.85518668418274,194.96712884168406,95555300
2017-01-25,197.69699096679688,197.69699096679688,196.7841480966616,196.94777099923576,84437700
2017-01-26,197.4903106689453,197.8175564796249,197.21473248304858,197.55058518442826,59970700
2017-01-27,197.18026733398438,197.71418357760163,196.99941752937463,197.56778761210302,59711100
2017-01-30,195.95742797851562,196.5171780573932,194.97570376275382,196.4913442470013,79737300
2017-01-31,195.94021606445312,196.00050372017813,194.898217258071,195.46657427051073,75880800
2017-02-01,196.01771545410156,196.8530437527953,195.43213152610113,195.94021401779992,79117700
2017-02-02,196.1468963623047,196.43108143382898,195.32879499049955,196.01771416236227,69657600
2017-02-03,197.49891662597656,197.67976645215273,196.74110289892536,197.05112178644802,80563200
2017-02-06,197.14584350585938,197.49031624796152,196.809990794992,197.09417587961693,57790100
2017-02-07,197.15443420410156,197.77447190734355,196.96497750920597,197.53334759389273,57931200
2017-02-08,197.4127960205078,197.54196507382068,196.61190846909716,197.1544447735918,51566200
2017-02-09,198.583984375,198.8853832240936,197.4128034001183,197.4128034001183,65955200
2017-02-10,199.36764526367188,199.5915558331859,198.60121147329366,198.9284572962501,66015900
2017-02-13,200.45269775390625,200.71104900172796,199.83266001525024,199.85849382600338,55182100
2017-02-14,201.2535400390625,201.26216006813095,199.92735645105307,200.27181596629785,71109000
2017-02-15,202.30421447753906,202.49367120529897,200.98663741466746,201.03830504218527,86785800
2017-02-16,202.13194274902344,202.51085612595435,201.38273602482136,202.33000632685946,84722400
2017-02-17,202.4505615234375,202.4505615234375,201.45161049863185,201.4688374170702,77204100
2017-02-21,203.65621948242188,203.8284492656725,202.81227120600053,202.82089123635168,88946100
2017-02-22,203.47537231445312,203.69926972156108,203.08785201202807,203.25147490734517,62115200
2017-02-23,203.61318969726562,204.00931694491763,202.85536276743795,203.99210316217946,74615900
2017-02-24,203.87149047851562,203.91453806498942,202.72614347613032,202.769204202893,82381600
2017-02-27,204.19015502929688,204.36238482880697,203.53567653504197,203.7854077732879,56515400
2017-02-28,203.6389617919922,204.05231583739356,203.2514415531604,203.81119154921876,96961900
2017-03-01,206.48947143554688,206.9545063824952,205.2752295788725,205.29245650216862,149158200
2017-03-02,205.18911743164062,206.3086308998303,205.1374498030044,206.30001086819615,70246000
2017-03-03,205.31825256347656,205.48187545397204,204.72404865179934,205.1029620528857,81974300
2017-03-06,204.7068328857422,205.05989933306515,204.10400894970482,204.52598307687302,55391500
2017-03-07,204.09539794921875,204.75849638133062,203.8887143347153,204.40541680082913,65103700
2017-03-08,203.7164764404297,204.64653295819397,203.57868736958557,204.38818173543348,78168800
2017-03-09,203.97488403320312,204.30212988182257,203.01038655132612,203.83709492427994,90683900
2017-03-10,204.68959045410156,204.97377548062298,203.7423070323635,204.93071475412785,81991700
2017-03-13,204.79299926757812,204.836060009545,204.30214360197766,204.62937633228012,57256800
2017-03-14,204.00930786132812,204.3021129786375,203.39789009404342,204.25043221184765,59880800
2017-03-15,205.77467346191406,206.19664760561835,204.34514127577168,204.57765871334672,96081800
2017-03-16,205.3699493408203,205.98998715057468,205.04271665366073,205.91248570942832,78344000
2017-03-17,205.00924682617188,205.82226287274787,205.00924682617188,205.63198195982773,89002100
2017-03-20,204.78439331054688,205.29468616829985,204.39518711730236,205.0092647739321,52537000
2017-03-21,202.15505981445312,205.51090901439778,202.02532881856098,205.38982235241298,131809300
2017-03-22,202.6307830810547,202.91620449898713,201.56694921236672,202.18968445195426,97569200
2017-03-23,202.4145050048828,203.54753285927518,202.04260074013908,202.63073209762806,100410300
2017-03-24,202.2675018310547,203.28808752371825,201.4890894619878,202.71725794521547,112504900
2017-03-27,202.05995178222656,202.31942701311294,200.3214901709673,200.5982540724432,87454500
2017-03-28,203.53028869628906,203.95408544436285,201.6447811726046,201.75722350860326,93483900
2017-03-29,203.72052001953125,203.95404898429783,203.01994632268642,203.24483095448198,61950400
2017-03-30,204.36923217773438,204.56817064319617,203.48703497312647,203.66001404084622,56737900
2017-03-31,203.89349365234375,204.55946356162175,203.84158806688953,204.03186895452717,73733100
2017-04-03,203.5388946533203,204.14432789174012,202.31072631325307,203.94540265571393,85546500
2017-04-04,203.66868591308594,203.75518205736938,202.87297153602123,203.2535334549345,56466200
2017-04-05,203.06321716308594,205.32062888253068,202.85563437139967,204.34327805151034,108800600
2017-04-06,203.6340789794922,204.15301621103774,202.76051286391876,203.20162468780876,69135800
2017-04-07,203.42645263671875,204.11838199483628,202.9421060452729,203.38320457731362,74412300
2017-04-10,203.5475616455078,204.3432758756478,203.01996693669741,203.56486351066155,67615300
2017-04-11,203.30535888671875,203.40914366770164,201.81771543784365,203.16697038043867,88045300
2017-04-12,202.4145050048828,203.2188766525714,202.18963357951134,203.02859575515922,81864400
2017-04-13,201.0998992919922,202.81242786863328,201.0998992919922,202.07725025970024,92880400
2017-04-17,202.88157653808594,202.88157653808594,201.41987918139105,201.6188044247861,68405400
2017-04-18,202.2761688232422,202.81242112623795,201.59289684029733,202.1464378130178,83225800
2017-04-19,201.90428161621094,203.2102889541078,201.67939691610522,202.83838456156207,68699900
2017-04-20,203.5475616455078,203.98867342346213,202.19830650755497,202.51831842688946,92572200
2017-04-21,202.89886474609375,203.52159986940245,202.5010142602025,203.46970747536926,110389800
2017-04-24,205.1303253173828,205.33790808615962,202.8729138470728,205.13896965036957,119209900
2017-04-25,206.3239288330078,206.669886959925,205.68389178100873,205.77038791146632,76698300
2017-04-26,206.19418334960938,207.17153418835883,206.15094848210717,206.28932381353593,84702500
2017-04-27,206.36715698242188,206.66986701489674,205.83090478075857,206.51418983204485,57410300
2017-04-28,205.91746520996094,206.65262968766442,205.7877209862772,206.62668348241957,63532800
2017-05-01,206.43637084960938,206.86018079937156,206.02121843190722,206.43637084960938,66882500
2017-05-02,206.51422119140625,206.69584459897976,206.10771311117955,206.57475792811164,57375700
2017-05-03,206.26341247558594,206.6093838562733,205.58878478006898,206.51424337626662,73137700
2017-05-04,206.50552368164062,206.64391219225826,205.6579171496534,206.56607360408137,61462700
2017-05-05,207.31857299804688,207.33587486401794,206.43636259791836,206.87747439671105,62001300
2017-05-08,207.28399658203125,207.50886806514407,206.8601866203432,207.36183518801747,48385700
2017-05-09,207.09365844726562,207.7423397129345,206.74768718710308,207.54341448674987,51363200
2017-05-10,207.46560668945312,207.46560668945312,206.842871486589,207.05045428669604,54293800
2017-05-11,207.0418243408203,207.20615908597674,205.96068859369421,207.0158781386859,62358300
2017-05-12,206.69581604003906,207.08502219994918,206.4276965342667,206.7909564966798,53912700
2017-05-15,207.83749389648438,207.95858054618077,207.10231646782097,207.11961833133617,61918900
2017-05-16,207.64723205566406,208.1575248978483,207.258025874294,208.13157869892072,51241800
2017-05-17,203.96273803710938,207.64724366280345,203.90218810458956,207.64724366280345,172174100
2017-05-18,204.78439331054688,205.631999962106,203.62540586744421,203.88488106209277,107047700
2017-05-19,206.1163330078125,206.7823162173544,205.21683401621968,205.268726412231,115011400
2017-05-22,207.1629180908203,207.32725284158846,206.55748469124688,206.62666576766244,61010600
2017-05-23,207.6212921142578,207.78562684405628,207.15423412457204,207.53479598358814,48341700
2017-05-24,208.1056671142578,208.20945192723073,207.51752238000833,207.85484941708714,46927700
2017-05-25,209.10031127929688,209.3770883831444,208.40839491459548,208.61596454502242,64071700
2017-05-26,209.0570526123047,209.22137415187208,208.8321679416575,208.91000654420898,46629900
2017-05-30,208.8754119873047,209.12622965651605,208.58134625168944,208.73702345379505,35201900
2017-05-31,208.82350158691406,209.20406342253426,208.13157217646426,209.16945969341108,91796000
2017-06-01,210.4840850830078,210.50138694434958,208.9964417464966,209.2818630700956,68962000
2017-06-02,211.1847381591797,211.34042857493054,210.24199092185276,210.5360566880442,88666100
2017-06-05,211.02902221679688,211.2971417307393,210.8300837666508,211.01172035211985,44698800
2017-06-06,210.35440063476562,211.0203706729839,210.27654884023806,210.4668297647165,50375400
2017-06-07,210.7436065673828,210.96847802447388,210.025730934513,210.6917141693969,54144300
2017-06-08,210.84739685058594,211.32309917359729,210.3198021282382,210.83875251651543,65950700
2017-06-09,210.52743530273438,211.91128134020343,209.26466276105234,211.11556689923026,132256400
2017-06-12,210.4840850830078,210.53597746957973,209.63647864160833,210.28515986866427,86108100
2017-06-13,211.5133514404297,211.56524383273413,210.6743892382955,211.02034731862815,60067000
2017-06-14,211.24525451660156,211.79013789146447,210.42358089248344,211.78149355764182,78602300
2017-06-15,210.8387451171875,210.95983177720848,209.61922098575457,209.89598483832128,66464900
2017-06-16,210.88478088378906,211.04991698387204,210.00696819501678,210.99777153370127,84553100
2017-06-19,212.64044189453125,212.70127383885932,211.61486597329232,211.7104703959348,65123800
2017-06-20,211.2063751220703,212.29278298541092,211.18900214476346,212.2840964967575,56906400
2017-06-21,211.15426635742188,211.71050674963394,210.6849439141061,211.5975293302492,55977600
2017-06-22,211.0586700439453,211.65836943369348,210.8848474012777,211.1629742389999,44148100
2017-06-23,211.31069946289062,211.64095846683273,210.7370728734632,211.11949059974816,66986800
2017-06-26,211.44969177246094,212.39704933958973,211.2411099874004,211.97985924584384,56700500
2017-06-27,209.74624633789062,211.52795786080534,209.7288600990162,211.2324448471982,82247700
2017-06-28,211.62359619140625,211.82349155414153,210.5284884176897,210.7631562637456,70042600
2017-06-29,209.76365661621094,211.82348188810502,208.55557148137194,211.77133642732028,106949700
2017-06-30,210.15476989746094,210.94567811831612,209.96356102512635,210.57194686354703,86820700
2017-07-03,210.51107788085938,211.5279540165934,210.51107788085938,211.09339088533196,39153800
2017-07-05,210.99783325195312,211.2064151136477,210.0678615791739,210.8761560786922,54427600
2017-07-06,209.06829833984375,210.35460133041263,208.88577601287994,210.23292419970764,65400800
2017-07-07,210.42420959472656,210.571959502796,209.07706091762392,209.64200107863726,57972300
2017-07-10,210.65017700195312,211.02390827791277,210.1200093280225,210.42420889538926,36663300
2017-07-11,210.49375915527344,210.80664524060813,209.32913277279036,210.6501955670315,50354600
2017-07-12,212.0754852294922,212.24062133400898,211.45841303681908,211.45841303681908,59610400
2017-07-13,212.43190002441406,212.544890714518,211.8582733448653,212.08425472507315,39471600
2017-07-14,213.42263793945312,213.77898288163507,212.33623013656714,212.43183455369368,60262700
2017-07-17,213.39659118652344,213.72686344258008,213.2227685692678,213.3444457275283,33531900
2017-07-18,213.5095672607422,213.56171271617282,212.64912746069257,212.98808618280643,42742500
2017-07-19,214.66552734375,214.6742138332142,213.81377395088398,213.82247370216416,51034300
2017-07-20,214.76112365722656,215.03923718954388,214.21356981991232,214.91756003256464,47135200
2017-07-21,214.5699005126953,214.59597324018205,213.9615015064993,214.1874828271371,82340800
2017-07-24,214.517822265625,214.65687243518013,214.0484865001929,214.49173626815102,46622300
2017-07-25,215.0392303466797,215.36950258874876,214.81326227999904,215.26519841336034,54915600
2017-07-26,215.0479736328125,215.3608597179854,214.78724628001723,215.3261004915522,47575400
2017-07-27,214.8480224609375,215.54332616544713,213.52694674855073,215.50856694803846,70766600
2017-07-28,214.5959930419922,214.72635669145512,213.91807554115323,214.37001170050198,50088400
2017-07-31,214.4743194580078,215.09139175817583,214.26572435357318,214.9957873263703,65838700
2017-08-01,214.95233154296875,215.10876791760106,214.43085043723022,215.074008699399,55050400
2017-08-02,215.05662536621094,215.1956887645296,214.1266538094975,215.08269809566875,47211200
2017-08-03,214.6394500732422,214.96970906950318,214.36132327447956,214.94363633984614,40856000
2017-08-04,215.0305938720703,215.36085292913972,214.64817608426753,215.12619831902103,60191800
2017-08-07,215.430419921875,215.430419921875,214.9958565939901,215.1001608107203,31995000
2017-08-08,214.90017700195312,216.33424343971365,214.52645903629823,215.11745858993362,61719400
2017-08-09,214.89149475097656,214.94364021122985,213.85723224990033,214.21357724405223,62632600
2017-08-10,211.8582305908203,214.18749606416483,211.8060851326242,214.05711915685916,120479500
2017-08-11,212.17111206054688,212.76212485168887,211.84953956734344,212.0842073860186,74869900
2017-08-14,214.27435302734375,214.491634562655,213.41392663507116,213.4486858455235,73291900
2017-08-15,214.24830627441406,214.67418290949976,213.9441200451935,214.65679667125985,55242700
2017-08-16,214.62203979492188,215.16959358002424,214.19616315519622,214.76978966703544,56715500
2017-08-17,211.27590942382812,214.3265512292941,211.27590942382812,214.01366523031848,128490400
2017-08-18,210.9456329345703,212.2319360405409,210.50237007009596,211.11075577820276,136748000
2017-08-21,211.1107635498047,211.37150408053873,210.18080534642425,210.88479549613615,65469700
2017-08-22,213.31832885742188,213.47476520203688,211.67568092989995,211.69306716657258,63140100
2017-08-23,212.55348205566406,212.97935862925812,212.20583691194673,212.3535867611172,50203800
2017-08-24,212.05810546875,213.09235450271285,211.84951040732693,212.93591815300553,50741700
2017-08-25,212.55348205566406,213.46606713518722,212.40573220649358,212.848981754005,64445900
2017-08-28,212.5622100830078,213.10975059411498,212.14501994087084,213.08367786795816,40565600
2017-08-29,212.80557250976562,213.06629978130863,211.13683840100393,211.24982905988216,51135700
2017-08-30,213.8137664794922,214.0832067852587,212.6056813953853,212.7882037622832,62030800
2017-08-31,215.10009765625,215.34345198746985,213.84855351750988,214.43086661448717,103803900
2017-09-01,215.4042510986328,215.83012774424623,215.25650122447658,215.47378279149711,62007000
2017-09-05,213.85720825195312,215.12613844359225,212.89247756007697,214.90015712543195,91398800
2017-09-06,214.5873260498047,214.91759836128475,214.00501289028102,214.53518058205896,57916900
2017-09-07,214.5612335205078,214.90889204310074,214.1527430450965,214.89150580151696,58034700
2017-09-08,214.3091278076172,214.76976360649286,214.06577354639276,214.27435533497794,63832800
2017-09-11,216.59500122070312,216.67321941576003,215.56073865778382,215.57811163769642,71364800
2017-09-12,217.3250274658203,217.3597866815819,216.7774736694203,216.95999602215846,56896000
2017-09-13,217.42935180664062,217.46412428956327,216.92525689879432,217.03824757556816,59228000
2017-09-14,217.3598175048828,217.55972612475762,216.93395405779384,217.10777668488015,95446300
2017-09-15,217.6524200439453,217.739756008967,217.11089174686597,217.21570023594433,95432400
2017-09-18,218.11534118652344,218.46471170061017,217.73102562444956,218.01926229600497,46235200
2017-09-19,218.333740234375,218.42108954237278,218.010571784523,218.3599423612477,47108100
2017-09-20,218.41226196289062,218.52581335375092,217.41654154474944,218.42100488688175,59574100
2017-09-21,217.8271484375,218.3424747143588,217.6524631452332,218.25513873204213,48211400
2017-09-22,217.87075805664062,218.03671369942697,217.5039150540953,217.53011717373215,51214000
2017-09-25,217.42535400390625,217.96689572024886,216.68293820126146,217.6175118181515,57064400
2017-09-26,217.55633544921875,218.09786373210036,217.32050302734459,217.85330171224217,54082000
2017-09-27,218.40357971191406,218.78789527725007,217.37291402963743,218.25509657578533,81001400
2017-09-28,218.66558837890625,218.7441947367933,218.03671086055107,218.12404681566025,44778800
2017-09-29,219.43418884277344,219.5128085221101,218.47341344631633,218.65682826696917,85578000
2017-10-02,220.38629150390625,220.38629150390625,219.48663643311738,219.66133501937134,59023000
2017-10-03,220.85797119140625,220.88417331715857,220.30769989534207,220.38631960023167,66810200
2017-10-04,221.11996459960938,221.36452661284386,220.59589552688965,220.70944693575927,55953600
2017-10-05,222.43011474609375,222.44757394086622,221.15488716333428,221.45185340602157,63522800
2017-10-06,222.17681884765625,222.46505550467177,221.7226398677804,221.98466107631256,80646000
2017-10-09,221.80996704101562,222.46504669165515,221.5479325152339,222.4039128546295,35803100
2017-10-10,222.39515686035156,222.7707427683473,221.83615612442787,222.37769766658715,43057400
2017-10-11,222.74452209472656,222.74452209472656,222.13311717318405,222.29905946589523,47674300
2017-10-12,222.41268920898438,222.77953229114695,222.1768567534397,222.43016173507755,47065100
2017-10-13,222.68338012695312,222.96288714195765,222.41261603593503,222.84933575115855,54800400
2017-10-16,222.98037719726562,223.17253496477068,222.56987286955564,222.91051376147277,38221700
2017-10-17,223.1376190185547,223.1812936647346,222.70962881020068,222.92798871346952,31561000
2017-10-18,223.35601806640625,223.55690548088376,223.16386025164232,223.51323082704957,40888300
2017-10-19,223.41714477539062,223.45208982839378,222.15940274756386,222.57865009017277,61903800
2017-10-20,224.570068359375,224.5962971394155,223.39967568822829,224.21198153918792,89176400
2017-10-23,223.6966094970703,224.9194462959128,223.61800312947534,224.89324417338113,63915300
2017-10-24,224.0896759033203,224.32549501443242,223.73156244590075,224.12462095301717,66935900
2017-10-25,222.98037719726562,223.87128927136814,221.85364604019503,223.75773786485246,103715300
2017-10-26,223.2686309814453,223.86256352467024,223.14634996797955,223.59181270302912,69798000
2017-10-27,225.09413146972656,225.25137086942868,223.27738867171036,224.01107480102058,85562500
2017-10-30,224.255615234375,224.99804421858872,223.95864897174172,224.01105321483814,54285700
2017-10-31,224.60496520996094,224.85827013194742,224.307998974472,224.63116732911413,60304800
2017-11-01,224.90199279785156,225.72302829563802,224.53516302963726,225.38240065372474,54202700
2017-11-02,224.9893341064453,225.12908766017168,223.76652383042074,224.83212135422747,56449500
2017-11-03,225.740478515625,225.7841398341459,224.7360016370278,225.14651932111855,59589700
2017-11-06,226.08985900878906,226.220869625396,225.53958776377712,225.60945120754656,49652600
2017-11-07,225.9326629638672,226.52659557321505,225.426053001868,226.1946842164428,57502200
2017-11-08,226.31689453125,226.4129867363392,225.47840008035098,225.75790711573666,50469600
2017-11-09,225.49591064453125,225.68806842051265,223.91496046403017,225.11159509256848,95085500
2017-11-10,225.42599487304688,225.60069343322567,224.79711737376437,225.11156945103457,59984700
2017-11-13,225.63568115234375,225.86278401930667,224.70983714047864,224.74478219430358,50228600
2017-11-14,225.11160278320312,225.2164112727262,224.0547216515681,224.83209570763378,61315200
2017-11-15,223.9849090576172,224.66619104943817,223.2774249374672,224.14212182759098,80811500
2017-11-16,225.8889617919922,226.25581817943672,224.8845115087638,224.92817282988813,67777000
2017-11-17,225.22512817382812,225.86274869389405,225.1465218064658,225.5395802985394,75756800
2017-11-20,225.6094207763672,225.80157853989257,225.22510524931647,225.4696939076753,48075500
2017-11-21,227.0855255126953,227.2689669982189,225.57449224745827,226.3780416549843,69176800
2017-11-22,226.88467407226562,227.22530164809308,226.7187184194679,227.0942910420056,45033400
2017-11-24,227.40870666503906,227.51354180063734,227.2340347495609,227.37378827509912,27856500
2017-11-27,227.29518127441406,227.749360239689,227.09428058415776,227.4523939944793,52274900
2017-11-28,229.60107421875,229.62727634177566,227.6620371490641,227.75812937033317,98971700
2017-11-29,229.4613037109375,230.26487984974452,229.01586765243735,229.73206784726955,77512100
2017-11-30,231.47021484375,232.37857274930585,230.2998090900364,230.37841544790612,127894400
2017-12-01,230.9898223876953,231.7322513570046,227.75811195549682,231.25187025317766,164390900
2017-12-04,230.7103729248047,233.03369904773825,230.65794202046783,232.60572212855533,94040600
2017-12-05,229.8805389404297,231.5924728582551,229.74952834944312,229.8805389404297,77994500
2017-12-06,229.92417907714844,230.3521825086304,229.46125726145766,229.97658330871684,75898600
2017-12-07,230.64926147460938,230.9636870177481,229.6622702054214,230.64926147460938,77218600
2017-12-08,231.90701293945312,231.9157292119883,230.6143124222112,231.6013036742976,76563900
2017-12-11,232.60568237304688,232.66682953826898,231.8807392812659,232.60568237304688,83077500
2017-12-12,233.01620483398438,233.48786966002598,232.64063222031234,233.39177744765638,85195800
2017-12-13,232.99005126953125,233.69753532840642,232.90270196424402,233.2608154572358,102905400
2017-12-14,232.03797912597656,233.4005428387963,231.98557487973446,233.28699142018422,100666700
2017-12-15,233.97021484375,234.43550291442347,232.98696660319516,233.03963870240307,144610300
2017-12-18,235.45388793945312,235.80504421757664,235.26074796775922,235.36609217204557,83653600
2017-12-19,234.54969787597656,235.74363483481503,234.47945053044936,235.69975033749483,82382900
2017-12-20,234.4267578125,235.56802255763964,234.12827359902516,235.51535044887996,76751500
2017-12-21,234.90956115722656,235.6206881078484,234.66374908730396,235.05002902454035,67032300
2017-12-22,234.84817504882812,234.9623068882412,234.31263952346958,234.92718321653447,78720900
2017-12-26,234.5672149658203,234.78669100611233,234.3038544340734,234.44429552333253,45244400
2017-12-27,234.6812744140625,235.0412182241102,234.40912635135578,234.73394650416697,57751000
2017-12-28,235.16416931152344,235.20808059186288,234.79546458911238,235.18174454026212,45116100
2017-12-29,234.2775115966797,235.761171899079,234.08439838457934,235.74362345930018,96007400
2018-01-02,235.95428466796875,235.9894083349834,234.7515602899202,235.13784025255728,86655700
2018-01-03,237.44677734375,237.59603286317358,236.12113327606403,236.12113327606403,90070400
2018-01-04,238.44749450683594,238.93035778564,237.50815758078866,238.08757744045107,80636400
2018-01-05,240.0366668701172,240.15955957195328,238.74614614747873,239.2377705378629,83524000
2018-01-08,240.47547912597656,240.6334954184191,239.65024721010417,239.93994374624884,57319200
2018-01-09,241.01983642578125,241.6431409316476,240.61598118737896,240.89691697282984,57254000
2018-01-10,240.6510772705078,240.9144645859903,239.59760838310203,240.2647973076733,69574300
2018-01-11,242.4068603515625,242.4068603515625,241.03733218619251,241.2041360978791,62361500
2018-01-12,243.98709106445312,244.1538681759935,242.37172413060318,242.67023506663259,90816100
2018-01-16,243.153076171875,245.892132412774,242.4595244982165,245.24249201477997,106555100
2018-01-17,245.47084045410156,245.85712053976462,243.15318673163975,244.08376326759623,113258800
2018-01-18,245.05821228027344,245.7780734245086,244.56656123788784,245.35669651890993,100728000
2018-01-19,246.17315673828125,246.17315673828125,245.05822788255017,245.63762116463693,140920100
2018-01-22,248.1746826171875,248.1746826171875,245.9096753056834,245.96237419359392,91322400
2018-01-23,248.70144653320312,248.9911430822644,247.8937630166444,248.21858322942705,97084700
2018-01-24,248.6049346923828,249.93936638272544,247.42854613851088,249.3423710936975,134816100
2018-01-25,248.7102508544922,249.56181900601126,247.92014242735834,249.46526240327177,84587300
2018-01-26,251.58973693847656,251.6336482169406,249.28963255855305,249.544232240825,107743100
2018-01-29,249.92181396484375,251.45814663904255,249.76379760546135,251.0191944464143,90118300
2018-01-30,247.3582763671875,249.97441352934558,246.88420063512552,248.0957126217795,131796400
2018-01-31,247.48109436035156,248.71015441392146,246.41005057263357,248.20976957205716,108364800
2018-02-01,247.2002410888672,248.49954888800508,246.41013270475324,246.7525281863909,90102500
2018-02-02,241.8186798095703,246.01506007123515,241.78355614616368,245.88335303133664,173174800
2018-02-05,231.70521545410156,242.16984378788024,231.16091921572408,240.0628793719165,294681800
2018-02-06,236.27037048339844,236.77078232610643,227.11383576435438,228.2024284398502,355026800
2018-02-07,234.98863220214844,239.1059783080259,234.90959724654337,235.71728090980616,167376100
2018-02-08,226.17445373535156,235.42757111233564,226.13933006721916,235.28710323131492,246449500
2018-02-09,229.57196044921875,231.4243255493233,222.0395404071036,228.95741676009237,283565300
2018-02-12,232.94305419921875,234.4091657307602,229.7123737697383,231.61741052872057,143736000
2018-02-13,233.52249145507812,234.06678771243006,231.16092727411035,231.74034719721283,81223600
2018-02-14,236.6742401123047,237.03418412540293,232.0301184105937,232.0389060277352,120735700
2018-02-15,239.69412231445312,239.70290992752416,235.9542427906361,238.41239000673542,111200300
2018-02-16,239.764404296875,241.70459187762137,239.02696798048893,239.07087926559547,160420100
2018-02-20,238.26316833496094,240.25602779649859,237.47306000010119,238.81625220681488,86369700
2018-02-21,237.07803344726562,241.17785810812944,236.98147683910005,238.7021616780107,98883700
2018-02-22,237.38526916503906,239.711709729396,236.7180802507282,237.99981276687265,110511300
2018-02-23,241.1690216064453,241.1690216064453,238.13148100019365,238.60555670362223,92766400
2018-02-26,243.96951293945312,244.06609630972784,241.6518603424057,242.2400410112022,86491400
2018-02-27,240.9232177734375,244.86502543404572,240.8617580559553,244.15389845883672,99099200
2018-02-28,238.48269653320312,242.46838953671312,238.16666384672425,242.02064977268844,121907800
2018-03-01,235.0149383544922,239.81707485453967,233.52249066745827,238.2719550648111,176855100
2018-03-02,236.22640991210938,236.78828136385687,232.48655687849873,233.34688570066712,139083200
2018-03-05,238.95675659179688,239.57130027476285,234.93594018007119,235.04131119345968,97307400
2018-03-06,239.56248474121094,240.01022442352252,238.0700369945111,239.93118947481386,79213200
2018-03-07,239.4747314453125,239.8258878034363,237.20975016262793,237.40289017832296,87063500
2018-03-08,240.63356018066406,240.75645284402566,239.15868747125592,240.15069676846312,66901200
2018-03-09,244.82110595703125,244.82110595703125,241.72210563320198,242.0381650328805,113625300
2018-03-12,244.5137939453125,245.7340932729573,244.12751407120209,245.11078898171166,71924800
2018-03-13,242.93370056152344,246.17316985979406,242.327944397358,245.6727579343504,91968900
2018-03-14,241.68704223632812,244.0749429957183,241.13398503411454,243.89059059498044,105895100
2018-03-15,241.423583984375,242.83699647068977,240.9231723076105,242.19614373976535,83433000
2018-03-16,241.6854248046875,242.73431697378314,241.63254174564145,241.9498400999178,100343700
2018-03-19,238.41539001464844,241.86174692882767,236.76713820760952,240.93626628921376,109208400
2018-03-20,238.82086181640625,239.45548556355632,238.14215091113388,238.81203900501873,59757300
2018-03-21,238.3624725341797,240.86570282453886,238.150940281105,238.77674112899192,78709600
2018-03-22,232.40408325195312,236.98745229628895,232.13081823448522,236.14129640944108,148785900
2018-03-23,227.45050048828125,233.17093659771976,227.25658694391362,232.84481538646813,183534800
2018-03-26,233.6732940673828,233.95535498438946,228.64921511489823,231.04667911183574,141956100
2018-03-27,229.69810485839844,235.13645231917573,228.1467967301256,234.60762172890932,129941400
2018-03-28,229.0194854736328,231.49630192065348,227.91770980632577,229.83040420025162,146452300
2018-03-29,231.94573974609375,233.80555051179851,229.0282407907725,230.1564576656507,111601600
2018-04-02,226.93927001953125,231.9281118003099,224.47129066036044,231.41687299833714,186286300
2018-04-03,229.8479766845703,230.32395120875591,226.38400113918595,228.1732833869567,119956900
2018-04-04,232.30715942382812,233.01228498719055,226.17248094636358,226.304688627142,123715300
2018-04-05,234.14048767089844,235.02190791920242,232.97700648742247,234.06113617759715,82652600
2018-04-06,228.92250061035156,233.6733424388094,227.4064564911248,232.18376675366508,179521200
2018-04-09,230.05068969726562,233.43534029483922,229.11638636610888,230.37681089226027,105442900
2018-04-10,233.7085723876953,234.49304931652253,231.79590552096968,232.93291826893037,103529000
2018-04-11,232.48345947265625,234.14053417238085,232.15733821982425,232.2278400182136,91140200
2018-04-12,234.39610290527344,235.33922911812886,233.62927151869874,233.80556634497947,68890500
2018-04-13,233.7085723876953,235.81517968292337,232.70376729661248,235.70059074735886,85079200
2018-04-16,235.63009643554688,236.39695475492138,234.51952505696408,235.33923954798865,63405300
2018-04-17,238.1509552001953,238.75031455399508,236.8817078046116,237.39291974783774,64682000
2018-04-18,238.3272705078125,239.12933938618258,237.86891469295483,238.5916858634493,57303900
2018-04-19,237.00514221191406,237.87773979272504,235.97386851737917,237.67500341890963,77655900
2018-04-20,234.99542236328125,237.1549125737747,234.11400217921198,236.9345575277574,99953100
2018-04-23,234.9601287841797,236.1236096048756,233.88479534059155,235.5683107177797,65558000
2018-04-24,231.7958984375,236.2029995241592,230.2974733085117,235.98264446982625,112885500
2018-04-25,232.36878967285156,232.80949973120806,229.91844282434178,231.73416611286592,103840900
2018-04-26,234.73098754882812,235.55952460486205,232.95052860863134,233.3912386640193,67731900
2018-04-27,234.951416015625,235.63892284097292,234.01711255807052,235.33924313749466,57053600
2018-04-30,233.14447021484375,236.12367485222273,233.0739415341474,235.5683758116827,82182300
2018-05-01,233.55873107910156,233.66449719784265,231.02903254476593,232.5803406831274,74203400
2018-05-02,231.98985290527344,234.17575821480935,231.6020257892948,233.36486653508314,86368900
2018-05-03,231.47857666015625,232.1308190231915,228.3318999811481,231.1612782885642,136311500
2018-05-04,234.47544860839844,235.1541595417253,230.18293550042833,230.50905674946347,91222100
2018-05-07,235.26866149902344,236.23820207584941,234.55468648152564,235.24221997236103,55304900
2018-05-08,235.26866149902344,235.6300200638076,233.70853072952212,234.89845322694333,67499200
2018-05-09,237.54273986816406,237.86886103281918,235.41851399436158,235.9385486756778,59666100
2018-05-10,239.76394653320312,240.09009464765438,238.17740071163087,238.28316684656053,72063900
2018-05-11,240.4954833984375,240.75989867301982,239.37606263882225,239.88730136809096,59871500
2018-05-14,240.61009216308594,241.57963284906248,240.06358905252702,240.9273905187562,54790600
2018-05-15,238.95301818847656,239.40252419286875,238.00989213222624,239.3849054726918,87036100
2018-05-16,239.9578094482422,240.4161651346409,238.96180038979318,238.98826881675424,53942600
2018-05-17,239.7550048828125,240.83033809896415,238.9793511664018,239.69329904200774,56536400
2018-05-18,239.15573120117188,239.77273610113608,238.8031685006823,239.41135059102103,64368000
2018-05-21,240.9538116455078,241.49149190105553,240.24868631563004,240.63651331670496,58025900
2018-05-22,240.28390502929688,241.72944681135456,239.9577839171706,241.47382746719947,52966400
2018-05-23,240.9449920654297,240.97146049199173,238.8560306763974,239.0147067417322,64694200
2018-05-24,240.451416015625,240.82162432927402,238.67095692322204,240.54838622347975,76043800
2018-05-25,239.87850952148438,240.5043103513088,239.3760935361218,239.87850952148438,56374800
2018-05-29,237.11964416503906,239.0147190473101,236.00907304336295,238.25668371463993,115908600
2018-05-30,240.28390502929688,240.7246150508308,238.35361988187896,238.42412164985015,69678400
2018-05-31,238.8119659423828,240.17815634870945,238.21260672533674,239.87847674018641,93519900
2018-06-01,241.15655517578125,241.45623479489305,240.03713438510212,240.10766305948604,71258400
2018-06-04,242.30245971679688,242.5580791614445,241.73836465484743,241.9763384764614,45385200
2018-06-05,242.478759765625,242.85776408557587,241.6678411543008,242.43467260590893,51135000
2018-06-06,244.50596618652344,244.61173231021175,242.46988760909116,243.08689252902062,62732200
2018-06-07,244.4794921875,245.28158771736173,243.57163054799622,244.99073091584611,72969400
2018-06-08,245.20223999023438,245.25512304006372,243.85366842197706,244.0211403793715,72139700
2018-06-11,245.5284423828125,246.24239069067596,245.30808730263703,245.42267624813843,58892500
2018-06-12,245.84571838378906,246.20707697185418,245.20227199514045,245.9426616881948,72329000
2018-06-13,245.0612030029297,246.339272770164,244.8584667181369,246.08365343695638,79070600
2018-06-14,245.67822265625,246.20705317244978,245.0876593814196,245.92501919674507,77097600
2018-06-15,245.36489868164062,245.70134676711317,243.7889263493762,244.89564925179792,120041600
2018-06-18,244.86013793945312,244.98410382907056,243.43469232640646,243.91277699312204,52917600
2018-06-19,243.92169189453125,244.14303644252993,242.17749577551783,242.59362460653927,97531500
2018-06-20,244.3378143310547,245.00184795767245,244.0013663037661,244.60341697386283,53785500
2018-06-21,242.80612182617188,244.34669834937597,242.3103121693889,244.328973491891,71061400
2018-06-22,243.24876403808594,244.17842722996417,243.02741951900938,244.06332375690923,54898500
2018-06-25,239.93743896484375,242.25712501103698,238.25522616199765,242.0977634550983,137854200
2018-06-26,240.46864318847656,241.31859840750252,239.75148925061256,240.50406586998284,68547400
2018-06-27,238.4766387939453,242.47853878629863,238.32611260171515,241.0530927627312,105110700
2018-06-28,239.84010314941406,240.60151539893317,237.7151739460364,238.42349268702802,76650500
2018-06-29,240.1854248046875,242.29262948762698,240.07032130223428,240.9291393363835,97592500
2018-07-02,240.6988983154297,240.85828692224064,238.3792118140002,238.61828121441778,63554800
2018-07-03,239.84896850585938,241.6905704427875,239.42400422779951,241.59316478266507,42187100
2018-07-05,241.8055877685547,241.86757071714234,239.9020303531457,240.97335725440993,56925900
2018-07-06,243.8509063720703,244.22275013181675,241.45151169447968,241.8322449032129,66493700
2018-07-09,246.04652404785156,246.0996445626683,244.8070003361436,244.85125842529408,50550400
2018-07-10,246.9319610595703,247.0293667064297,246.20594449060724,246.4981344115885,51966800
2018-07-11,245.12576293945312,246.17052961164364,244.82473763376936,245.382530148852,77054700
2018-07-12,247.34812927246094,247.40124980844712,245.78101942166649,246.38307017591055,60124700
2018-07-13,247.54281616210938,247.84384142076897,246.71942115875308,247.17097255653775,48216000
2018-07-16,247.32150268554688,247.72876902543337,246.87881365796778,247.58713231385073,48201000
2018-07-17,248.32205200195312,248.71162061414097,246.49817487198345,246.5512954082271,52315500
2018-07-18,248.8443603515625,248.95060139774912,247.9589822738811,248.4016713127218,44593500
2018-07-19,247.90585327148438,248.561024380289,247.42774156040312,248.18031830461032,61412100
2018-07-20,247.6225128173828,248.3308314298879,247.4631512619163,247.70219359511609,82337700
2018-07-23,248.08294677734375,248.28656644152343,247.0736028050646,247.41891322282152,47047600
2018-07-24,249.331298828125,250.1724187805513,248.46364563466813,249.49068741146465,68026900
2018-07-25,251.45626831054688,251.77499148944142,249.03917612553772,249.08343422718482,78882900
2018-07-26,250.86300659179688,251.54473794462018,250.64166208534337,250.73906771837133,57919500
2018-07-27,249.16314697265625,251.28804926613427,248.24234607162958,251.1906436131456,76768700
2018-07-30,247.8616485595703,249.40219804756535,247.33925162185292,249.24283644941406,63742500
2018-07-31,249.0833740234375,249.69428698825837,248.24228115824914,248.62298720311097,68570500
2018-08-01,248.6672821044922,249.79172959266052,248.0209733790744,249.28705758708554,53853300
2018-08-02,250.0218963623047,250.19009331753426,247.16211580994263,247.36576246882862,63426400
2018-08-03,251.09326171875,251.14638224892715,249.96881411760404,250.14590056459343,53935400
2018-08-06,252.01406860351562,252.3239293637216,250.73912180973468,251.128690386701,39400900
2018-08-07,252.84629821777344,253.22703138431552,252.54527286766023,252.67810121530914,43196600
2018-08-08,252.74005126953125,253.13848226400177,252.27966433647936,252.67809533094987,42114600
2018-08-09,252.3947296142578,253.19156446296677,252.26192830940533,252.80199595567012,35717000
2018-08-10,250.70361328125,251.50044799964812,249.99529473854864,250.96038044170362,77076000
2018-08-13,249.7652130126953,251.58909007010664,249.4730230553778,250.9781769080067,65732900
2018-08-14,251.35887145996094,251.5979408721001,250.10164951750664,250.49121809619365,43842000
2018-08-15,249.4818115234375,250.15470744907108,248.04750348792777,250.01304372685388,102925400
2018-08-16,251.50048828125,252.36816850268517,250.8807128345686,250.91613552227457,69967900
2018-08-17,252.38587951660156,252.82856856746483,250.88958836311608,251.29685472442358,65618500
2018-08-20,252.92604064941406,253.19164334186442,252.38594581529497,252.8374974120631,39807500
2018-08-21,253.51910400390625,254.37792164552263,252.96131160517953,253.43942323545804,67272000
2018-08-22,253.3685760498047,253.89094570767136,252.8461793723519,253.11180892319695,44993300
2018-08-23,253.03213500976562,254.05031409992057,252.7133849440448,253.19149653283264,49204900
2018-08-24,254.55511474609375,254.69677851147446,253.55463297906772,253.60775351363543,57487400
2018-08-27,256.56488037109375,256.6711214264323,255.5909589978284,255.75032058083627,57072400
2018-08-28,256.68890380859375,257.13159298478024,256.2284897728139,257.0253248860289,46943500
2018-08-29,258.07000732421875,258.3001872470909,256.66225944752415,256.90130179728936,61485500
2018-08-30,257.0252380371094,257.96373661193746,256.4320498724357,257.5918929605646,61229500
2018-08-31,257.03411865234375,257.4768077102713,256.13104270122597,256.617989857108,66140800
2018-09-04,256.5915222167969,256.9456681870566,255.59104026159915,256.61808248907624,57594400
2018-09-05,255.9008331298828,256.4409278252253,254.89151613831157,256.23728113360505,72452400
2018-09-06,255.13058471679688,256.308125831231,254.10354276501158,256.00710048633505,65909900
2018-09-07,254.63479614257812,255.6087176445946,253.84679651198275,254.08586593769624,73524800
2018-09-10,255.07742309570312,255.90968062912165,254.88263884278402,255.6440510008171,50210900
2018-09-11,255.91854858398438,256.36123766786574,254.0858363116095,254.43111974684635,50530500
2018-09-12,255.98060607910156,256.5826569237873,255.1926333305346,255.9274855351355,59810800
2018-09-13,257.4945373535156,257.6804862349242,256.75968531520266,257.0430128319784,51034200
2018-09-14,257.5387878417969,257.8840712530081,256.75965078524433,257.69814941620206,55079900
2018-09-17,256.1753234863281,257.5210886145558,255.90085840767378,257.4856929408959,68244000
2018-09-18,257.5653991699219,258.1585874876803,256.3612706566257,256.3878309242925,61930400
2018-09-19,257.8398132324219,258.2559420232231,257.4945028015122,257.6184687058169,49080600
2018-09-20,259.92938232421875,260.2481326027552,257.85760008234877,259.09715147491795,100360600
2018-09-21,259.6917419433594,260.785696210054,259.53165901903327,260.6700717174075,105479700
2018-09-24,258.8291015625,259.25601660965026,258.2510060962114,259.1137115939335,53409600
2018-09-25,258.589111328125,259.3895537078073,258.3489867567965,259.28283167610573,44370000
2018-09-26,257.81524658203125,259.9141847464246,257.3972340300499,258.7313131778317,79739700
2018-09-27,258.5356140136719,259.6206660004718,258.0108795398294,258.2865870236804,59249500
2018-09-28,258.5622863769531,259.0603403412746,257.87746896148747,257.913024857578,70091400
2018-10-01,259.4605712890625,260.5278181370274,258.79353183087005,259.79851514867977,62078900
2018-10-02,259.3094787597656,260.02097697401297,258.93595169695675,259.3094787597656,47258200
2018-10-03,259.45172119140625,260.7768978308185,259.0959721701713,260.358885266842,64694600
2018-10-04,257.4239501953125,259.02483453770105,255.8408438062701,258.971473535749,111545900
2018-10-05,255.9830780029297,258.1620573579353,254.56005501363472,257.64622543454266,105951700
2018-10-08,255.9830780029297,256.3388269647769,253.9196960255473,255.2982334309201,87742200
2018-10-09,255.6095428466797,256.9080388672711,255.04922529794348,255.60066744276395,74339000
2018-10-10,247.51611328125,255.1737408654989,247.14258636020767,255.10257478593394,214731000
2018-10-11,242.064208984375,248.04975962653202,240.45439529116155,246.43107052946968,274840500
2018-10-12,245.4261016845703,246.4399877104538,242.2420842920822,246.15537764841622,183186500
2018-10-15,244.04747009277344,246.3954617483494,243.95852608001945,245.07025838468942,102263700
2018-10-16,249.3838348388672,249.75738891009476,245.53280531070305,246.0041788161168,118255800
2018-10-17,249.4282989501953,250.0508528260985,246.8579605429045,249.41939640534218,110626000
2018-10-18,245.82627868652344,249.09033716550948,244.55446325309785,248.49443661830605,134557500
2018-10-19,245.69287109375,248.40548741105457,244.99915113163212,246.47553508012004,139901600
2018-10-22,244.59007263183594,246.68010818995015,244.0564355596308,246.35994223177246,82415800
2018-10-23,243.3448944091797,244.4655294729058,238.89796433649786,240.97915149539128,146352700
2018-10-24,235.97193908691406,243.47836034056346,235.42052401836114,243.09590366941856,177806700
2018-10-25,240.2053680419922,241.74401565139752,236.78125352573443,237.8040420361195,138061500
2018-10-26,235.98081970214844,241.0236512105069,233.27710529716651,236.50558142545964,201574600
2018-10-29,234.67333984375,240.35652851368536,231.10692100388889,239.06690816073626,160749100
2018-10-30,238.15090942382812,238.46219999139012,234.01526943167627,234.50444807839088,157116000
2018-10-31,240.69456481933594,243.0069741099624,240.24096922248452,240.71234277026565,128296300
2018-11-01,243.25592041015625,243.4515863730925,240.47213849552253,241.55719026418708,99495000
2018-11-02,241.8152313232422,244.78577802798284,239.7696267410668,244.35886287316657,122634100
2018-11-05,243.14927673339844,243.7006917677633,241.33492150588376,242.30434908918804,65622500
2018-11-06,244.6879119873047,244.84799497942296,243.0247642380611,243.08702778229969,60085900
2018-11-07,249.92640686035156,250.0064483555935,246.43109871665462,246.8580138331892,102752100
2018-11-08,249.47279357910156,250.1131526376013,248.33438049086973,249.1259199823726,65584900
2018-11-09,247.03594970703125,248.35222407263922,245.6307041402837,248.16546054761142,98812600
2018-11-12,242.41995239257812,246.76903588800957,241.9040933048996,246.528911435274,99673600
2018-11-13,241.9663543701172,244.87463683563516,241.2459538773567,242.88242086967105,98176600
2018-11-14,240.31211853027344,244.23428707633516,238.7556929624398,243.834079644037,125335900
2018-11-15,242.82017517089844,243.28267329833074,237.47498334426214,239.04918691779187,135101400
2018-11-16,243.45172119140625,244.35888544453283,241.21045034898697,241.72630960144556,126668000
2018-11-19,239.3338165283203,243.14038813498033,238.41774988663542,242.84687550829725,103061700
2018-11-20,234.90460205078125,237.46603781258796,234.04189663297697,236.00743189304094,136021300
2018-11-21,235.70509338378906,237.599490110918,235.69621797932788,236.45217444737756,75563700
2018-11-23,234.13082885742188,235.5271711789093,233.9707459158495,234.06856533284287,42807900
2018-11-26,237.9107666015625,238.13311311240508,235.98968949085364,236.38102152128923,79981400
2018-11-27,238.71112060546875,238.71112060546875,236.27421243047095,236.87898820293933,75502400
2018-11-28,244.20765686035156,244.20765686035156,238.6489929736247,239.77853084623226,127629600
2018-11-29,243.67401123046875,245.07032676690406,242.29544650287454,243.43385961483304,82346400
2018-11-30,245.15924072265625,245.71955823450747,243.2026078457021,243.52277377138495,98204200
2018-12-03,248.40550231933594,249.38383236101384,246.81352089987206,249.27711038226846,103176300
2018-12-04,240.35659790039062,248.00532392800807,240.04530733134203,247.57840882114908,177986000
2018-12-06,239.99188232421875,240.10750683118934,233.41043224822184,236.5055048781223,204185400
2018-12-07,234.4154815673828,241.2192792431404,233.57945653094646,239.65395115076464,161018900
2018-12-10,234.8601837158203,235.82961126558462,230.01301882509009,234.23760261616204,151445900
2018-12-11,234.91354370117188,238.2398388706836,233.44606213473483,238.05307539835013,121504400
2018-12-12,236.096435546875,239.24487006116965,236.01639405183923,237.8841103617398,97976700
2018-12-13,236.016357421875,237.90185139073836,234.90462492684645,237.03914588891996,96662700
2018-12-14,231.65841674804688,234.82462934138096,231.1070016654421,233.87297962557628,116961100
2018-12-17,227.11363220214844,231.8184786411639,225.48605403096258,230.70674603004963,165492300
2018-12-18,226.86456298828125,229.41710981689934,225.26366561183747,228.75007037429378,134515100
2018-12-19,223.46714782714844,230.70675017805107,221.7684306807493,226.9446507542669,214992800
2018-12-20,219.82957458496094,223.78734026559914,217.58831767161695,222.2220255163343,252053400
2018-12-21,215.32533264160156,223.3855045339363,214.6812341608542,220.72860171340417,255345600
2018-12-24,209.6358184814453,215.45058694361018,209.57320499611265,213.84034063943142,147311600
2018-12-26,220.22763061523438,220.22763061523438,209.1169520452067,211.093979247737,218485400
2018-12-27,221.9184112548828,222.1152062471228,213.76878896161634,216.99822249418898,186267300
2018-12-28,221.6321258544922,224.89733637571823,220.46916948727355,223.26920838177477,153100200
2018-12-31,223.57334899902344,223.81488933145144,221.3816315423611,223.2512997725202,144299400
2019-01-02,223.8059539794922,224.72738367473102,220.02188548142522,220.0487217817502,126925200
2019-01-03,218.4652862548828,222.36565378784775,217.98220563532138,222.06148635507896,144140700
2019-01-04,225.78302001953125,226.42711863841959,221.1133118576938,221.48903377701097,142628800
2019-01-07,227.56324768066406,228.96773107709546,225.1568254773257,226.05140541015294,103139100
2019-01-08,229.70123291015625,230.18431361996602,227.22325682723428,229.74597827796512,102512600
2019-01-09,230.77474975585938,231.61565694335764,229.18239882003667,230.40796876553281,95006600
2019-01-10,231.58880615234375,231.83928738611394,228.56512228014213,229.2450116148356,96823900
2019-01-11,231.67828369140625,231.7051199930724,229.9338421818793,230.51531358491874,73858100
2019-01-14,230.26483154296875,231.06994789059002,229.3792062906262,229.7817508142326,70908200
2019-01-15,232.90383911132812,233.2169474781809,230.6315989437874,230.64055347725395,85208300
2019-01-16,233.46742248535156,234.35304766189932,233.12747782757188,233.3332136885603,77636700
2019-01-17,235.23866271972656,236.09747886046176,232.55492370584037,232.59966906964814,96118400
2019-01-18,238.36965942382812,238.8348582624264,235.2744218226689,237.0456991611133,127900300
2019-01-22,235.149169921875,237.1172558730687,233.53893763482677,236.90256551490268,115531200
2019-01-23,235.64126586914062,236.87579034797807,233.18117144550067,236.17801920347108,86030300
2019-01-24,235.76644897460938,236.3479475705065,234.4514158353714,235.46229517851125,59204100
2019-01-25,237.761474609375,238.58450023298556,235.86496935110785,237.60938399508055,96883400
2019-01-28,235.9544219970703,236.01702184675474,234.19209836136233,235.6234317757123,85613700
2019-01-29,235.64126586914062,236.6610726340007,234.80931321615319,236.09751029838282,66136300
2019-01-30,239.3716278076172,240.21253492262588,236.3926893728271,237.15308758964215,92473700
2019-01-31,241.47389221191406,241.9569728947139,239.09430693048517,239.3090246230662,104012100
2019-02-01,241.59017944335938,242.61001335424547,240.80294497890085,241.67068833626018,85782500
2019-02-04,243.2899169921875,243.35254413085923,240.96400403080258,241.63493888694768,60744800
2019-02-05,244.3097381591797,244.61389200183342,243.21834975887742,243.71931224094328,79552800
2019-02-06,243.9876708984375,244.52442420548215,243.25413625589732,244.0324162659288,58347800
2019-02-07,241.66177368164062,242.9231070364727,240.00679577368695,242.37742652272038,95482000
2019-02-08,241.95704650878906,242.0554372016688,239.5953422747042,240.4183678624528,75788900
2019-02-11,242.09107971191406,242.86935944387847,241.5632811270232,242.609951066822,68021400
2019-02-12,245.2042694091797,245.5799775461956,243.6298006053734,243.70138226031133,72270200
2019-02-13,246.00047302246094,246.84138015886657,245.61581028783473,246.03626385603758,65277200
2019-02-14,245.45477294921875,246.5819520637004,244.1039489183974,244.91801968992252,83234400
2019-02-15,248.1295928955078,248.16538373135367,247.0203226879647,247.22605856815875,97088700
2019-02-19,248.55902099609375,249.212046825401,247.3244964141007,247.33345094888386,59120800
2019-02-20,249.0600128173828,249.51625733838685,248.022296775743,248.5232593750982,76610800
2019-02-21,248.17422485351562,248.78253228286422,247.21701836003115,248.42470598915307,64214700
2019-02-22,249.7130126953125,249.90979403836442,248.1564253150696,248.79156931425143,78114600
2019-02-25,250.05288696289062,251.6541921358243,249.9723780726855,251.13534796547899,69030700
2019-02-26,249.87396240234375,250.75063287485753,249.49822698526583,249.7039901065705,56844100
2019-02-27,249.76661682128906,250.11548864335228,248.22793893074171,249.15828198984414,56921600
2019-02-28,249.3014373779297,249.9902811449562,248.9794018248287,249.55191857492036,69268300
2019-03-01,250.8579864501953,251.26948536139884,249.4266538411931,250.87586821141326,78880500
2019-03-04,249.94558715820312,252.155200325263,247.65546508632025,251.913673610794,106494600
2019-03-05,249.60560607910156,250.26761358958612,249.05992559250146,250.07080497302118,59114600
2019-03-06,248.09376525878906,249.73086132589236,247.7717296851715,249.721906793157,75039800
2019-03-07,246.01840209960938,247.78965264981824,245.17749489480767,247.64651660427654,94885100
2019-03-08,245.52633666992188,245.6963089968519,243.70141373931386,244.16658535488742,85795800
2019-03-11,249.08677673339844,249.24779452916363,246.21518350729428,246.2420198065885,65098900
2019-03-12,250.02606201171875,250.54493350601277,249.45354522192397,249.6413993075936,79667500
2019-03-13,251.68101501464844,252.6113854192015,250.75064461009535,250.91168968232336,80639200
2019-03-14,251.52003479003906,252.12834244134714,251.08169946783266,251.70788888521233,67518400
2019-03-15,252.76268005371094,253.57134263691682,251.88212050895183,252.07082946753658,81309000
2019-03-18,253.6791534423828,253.97568041420575,252.75367888847163,252.97830890078654,62199800
2019-03-19,253.7420654296875,255.5031571109372,252.85253932396947,254.73943697849396,90268100
2019-03-20,252.97837829589844,254.73050384084684,251.87321588136902,253.52648993504164,84609200
2019-03-21,255.83560180664062,256.2399193421347,252.11571595617374,252.16065840721987,79550400
2019-03-22,250.91177368164062,255.0000297509821,250.84887068471875,254.4789000838068,122659300
2019-03-25,250.72303771972656,251.75633027368409,249.46511515748892,250.57027724900775,85575200
2019-03-26,252.59193420410156,253.54436319608845,251.19024521888866,252.47512221855817,68125900
2019-03-27,251.27117919921875,253.16707116109836,249.7257232922533,252.58301106957472,72224700
2019-03-28,252.22357177734375,252.6728318312341,250.7500130593253,251.90011770045834,56238500
2019-03-29,253.8138885498047,254.1373425229974,252.6098752818394,253.7330250565065,82186800
2019-04-01,256.82403564453125,257.12056268797323,255.5391582447158,255.808730776996,77617900
2019-04-02,256.9497375488281,257.1833614980266,256.15903564752676,257.0126405229433,40070400
2019-04-03,257.3541259765625,258.55813955865335,256.75210547518907,258.16278854117206,68243200
2019-04-04,258.0370178222656,258.2886023749723,256.98576457085767,257.67761523563604,48997500
2019-04-05,259.2859802246094,259.33988924285876,258.41441453536396,258.7019475798009,58621700
2019-04-08,259.483642578125,259.59146060914446,258.2077318961907,258.8636614791043,53566300
2019-04-09,258.15374755859375,258.84559800287843,257.6056635872743,258.522144004195,66142300
2019-04-10,259.0344543457031,259.1243118700279,258.153894480387,258.567206187481,52601500
2019-04-11,258.9624328613281,259.52850482970075,258.39636089295544,259.5195108553922,55093100
2019-04-12,260.7145690917969,260.99310810092373,259.0073865588941,260.5708025998839,69727800
2019-04-15,260.5438232421875,260.8852652003275,259.7441273485804,260.7864137500308,49596700
2019-04-16,260.7145690917969,261.4783165835482,260.12154259540137,261.4244075766626,52153200
2019-04-17,260.07672119140625,261.8557739004012,259.66338209560803,261.8288193872547,58268300
2019-04-18,260.5888671875,260.85843975022857,259.3668926492603,260.6607641724938,68708500
2019-04-22,260.8134460449219,260.96620654252615,259.73523826780877,259.8250957710666,40160100
2019-04-23,263.1585693359375,263.3921933348262,260.94821758401093,261.1818141622424,52246600
2019-04-24,262.57452392578125,263.4101409908237,262.4307574273886,263.07769295982763,50392900
2019-04-25,262.41278076171875,263.06871029746924,261.22675508512435,262.47568374884355,57770900
2019-04-26,263.6347961425781,263.7066656882998,261.68499538422964,262.4577369591944,50916400
2019-04-29,264.0480651855469,264.56922213553327,263.6347536677554,263.72461115092415,57197700
2019-04-30,264.182861328125,264.47039433172,262.29599111609195,263.706646787458,81111700
2019-05-01,262.1971435546875,265.0185097807534,262.1881495792361,264.8118402899683,71671900
2019-05-02,261.6311340332031,262.9969024366537,260.13958704666095,262.08039418261956,65030200
2019-05-03,264.1918640136719,264.4704030511326,261.7388942682371,263.10466237001356,56543700
2019-05-06,263.1047058105469,263.54497195780687,259.5824943704813,259.896981941665,107198100
2019-05-07,258.7109375,261.2986802923113,256.80607889473276,260.7056536173514,144729900
2019-05-08,258.3515319824219,260.0587150102727,257.7585053140955,258.3515319824219,91568300
2019-05-09,257.56982421875,258.17181744485043,254.55078184893665,256.28494681196247,103471100
2019-05-10,258.8636169433594,259.61837045130414,253.65218450185358,256.6352774765789,112429300
2019-05-13,252.35833740234375,254.721449608434,251.52272030593628,253.76005395912173,127290500
2019-05-14,254.64059448242188,256.16808964243916,253.24789927585027,253.37367783289977,77003200
2019-05-15,256.13214111328125,256.77008271546595,252.80760572827901,253.01427522562122,73956400
2019-05-16,258.50421142578125,259.8609579611438,256.7610804560164,256.8329499899436,76749600
2019-05-17,256.8330383300781,259.3129631236966,256.18610261959776,256.2040905747572,100353000
2019-05-20,255.1347198486328,256.9407260832024,254.38893302495606,255.23354386924208,62877600
2019-05-21,257.4349670410156,257.81233007528556,256.5723681213772,256.82395261777503,46847100
2019-05-22,256.64422607421875,257.596654910179,256.1680116562386,256.4824990841084,49482500
2019-05-23,253.5084991455078,254.46989490750192,252.09781586860328,254.42497986634092,98733800
2019-05-24,254.08355712890625,255.3594679586929,253.46357595804218,254.94612889767544,55268100
2019-05-28,251.72042846679688,255.3145092656679,251.70246793424027,254.3620800476199,70029400
2019-05-29,250.03121948242188,251.01060326203879,248.62953008951493,250.60628560292824,104972900
2019-05-30,250.71401977539062,251.6215336966896,249.61782434295864,250.78588930608086,62523800
2019-05-31,247.33560180664062,248.997869366568,247.30864730223772,248.17124628444185,86862800
2019-06-03,246.70669555664062,248.48574798655588,245.37687580180707,247.37159172372733,96428000
2019-06-04,252.0618438720703,252.19661640364242,248.54862697225056,248.99788702459594,77231900
2019-06-05,254.24522399902344,254.27217850352002,251.8731453413565,253.6791519839394,71169700
2019-06-06,255.8985137939453,256.5724038696885,253.89483151795633,254.54176708749608,69430400
2019-06-07,258.4593505859375,259.5375858798903,256.7431735770717,256.9138946222919,74272200
2019-06-10,259.6453552246094,261.3076228990596,259.5554977301904,260.0047577816279,60799100
2019-06-11,259.58251953125,261.82882037077394,258.93558379264056,261.46042374261225,58641300
2019-06-12,259.12420654296875,259.9059145875843,258.6120435410981,259.3488365521413,47096300
2019-06-13,260.1934509277344,260.55288092143763,259.3308792682955,260.0317238829631,48945200
2019-06-14,259.90594482421875,260.50793796326803,259.1421972200491,259.90594482421875,52324700
2019-06-17,260.0046691894531,260.76841650079444,259.83394823442455,260.13944167483146,39205700
2019-06-18,262.7272644042969,263.7785449569694,261.4603478082686,261.81977777473696,85434800
2019-06-19,263.3203430175781,263.85046667610106,261.8916991065089,262.86208891416766,78674400
2019-06-20,265.8361511230469,266.240496147716,263.3832087300726,265.9979055853094,116570000
2019-06-21,265.4496765136719,266.8220594796023,265.23299171747703,265.5670566296167,83309500
2019-06-24,265.1247253417969,265.97341688825486,264.9712218644644,265.6574273212025,47582700
2019-06-25,262.5244140625,265.2059995764725,262.41607162622273,265.17891396740316,82028700
2019-06-26,262.262451171875,263.9237654132579,262.15410878391754,263.4181492334464,51584900
2019-06-27,263.1925048828125,263.69812121274236,262.6417550625053,263.02095353294095,40355200
2019-06-28,264.5467834472656,265.04336195090093,263.65293111911507,264.167557504222,59350900
2019-07-01,266.9486083984375,268.0862592451392,265.7477486038009,267.86954678851,78705600
2019-07-02,267.6437683105469,267.69793952489164,266.0637102660974,266.9033916424673,61504500
2019-07-03,269.7836608886719,269.80173633261614,268.17651695736487,268.320982738767,40898900
2019-07-05,269.4766540527344,269.63919526156394,267.26458916274504,268.5557157881623,51677300
2019-07-08,267.9958801269531,269.2960442403786,267.4541404873554,268.16743147205943,45841800
2019-07-09,268.3299560546875,268.6278977139199,266.7860214397084,266.84019265047795,41101300
2019-07-10,269.6120300292969,270.5600812739369,268.8626432853066,269.39534519807506,58448500
2019-07-11,270.2441711425781,270.48794167417583,269.2419758475323,270.2532088654632,50826100
2019-07-12,271.45391845703125,271.52616509938144,270.4246380127178,270.73161735765416,40326000
2019-07-15,271.54425048828125,271.88735320178154,271.03863413807807,271.88735320178154,33900000
2019-07-16,270.6685485839844,271.6617337754064,270.3615690800967,271.45405901364336,36650100
2019-07-17,268.8265075683594,270.8038392241641,268.8265075683594,270.64132560824015,36036300
2019-07-18,269.8106689453125,270.18989495674094,267.8875359461371,268.3299433311183,51392600
2019-07-19,268.31195068359375,270.93032731709434,268.1403993042997,270.90324170741786,58678600
2019-07-22,268.970947265625,269.51268682028854,268.194475028688,268.7091014293009,43638100
2019-07-23,270.8941955566406,270.8941955566406,269.25996619761105,270.09063745855633,44564500
2019-07-24,272.167236328125,272.167236328125,270.04543875193104,270.13573328679485,47213200
2019-07-25,270.8670349121094,271.76992502848304,270.0634494826073,271.7157538258222,55394100
2019-07-26,272.6818542480469,272.88049117681857,271.42682375398465,271.5532415968484,45084100
2019-07-29,272.18524169921875,272.68184778639005,271.63449196441434,272.5644676648038,38126500
2019-07-30,271.51715087890625,271.9234625037329,270.4065859773304,270.7858119974368,45849000
2019-07-31,268.546630859375,271.9505446149553,266.5332033083149,271.7609178303265,104245200
2019-08-01,266.2080993652344,271.65252527131696,265.41355171160745,268.7000847236065,142646600
2019-08-02,264.2037658691406,265.5581013739478,262.650793388134,265.314330902532,116749700
2019-08-05,256.2584228515625,260.22209835253705,254.3623470352765,260.1137558865838,178745400
2019-08-06,259.851806640625,260.0685190404571,256.6736428346704,258.14535837183905,120711700
2019-08-07,260.00531005859375,260.7727722927134,254.6511774136103,256.7819852077057,140572300
2019-08-08,265.1065979003906,265.1065979003906,260.94428759030563,261.495037348534,87713900
2019-08-09,263.3008117675781,264.76348934990085,261.5221171331934,264.1675785656176,93730000
2019-08-12,260.09564208984375,263.29185424173795,259.1475906449031,261.80209060429195,65527600
2019-08-13,264.1404724121094,265.5851019991185,259.4544708605961,259.79757348733773,94299800
2019-08-14,256.3305358886719,260.70052138237736,256.204145582048,260.0956003464888,135622100
2019-08-15,257.0077209472656,257.9016010899172,254.9672075856533,257.21539563778583,99556600
2019-08-16,260.79986572265625,261.23323542718947,257.06188669690755,258.6600201444486,83018300
2019-08-19,263.9419250488281,264.6190928142968,263.13836696189935,263.815534727368,53571800
2019-08-20,261.9194030761719,263.9689538188934,261.79301278192634,263.4362519312439,51596400
2019-08-21,264.0502014160156,264.420362082352,263.3910817718715,264.07728701486997,49524700
2019-08-22,263.9689636230469,265.38650783914835,262.1993065597355,264.75450123640525,51666400
2019-08-23,257.18829345703125,264.33015864750445,255.94230050225514,262.6688438924776,149161500
2019-08-26,260.0323181152344,260.0323181152344,257.84731220730464,259.373198500566,72423800
2019-08-27,259.0121765136719,261.7930945034179,258.25375184938554,261.4229061159633,66668900
2019-08-28,260.8359069824219,260.99842057049005,257.5493741356223,258.3529594666534,59696700
2019-08-29,264.1676940917969,264.69138601944013,262.3889986795506,263.3912214767813,57899400
2019-08-30,264.0502014160156,265.66635473768406,263.1202257833285,265.6483068564536,62901200
2019-09-03,262.5063171386719,263.2647416845759,261.17906729483354,262.3528412178477,69101400
2019-09-04,265.4858703613281,265.5039182477998,263.9238602297381,264.6732746057014,46887300
2019-09-05,268.89874267578125,269.81064296202624,265.44969579769,267.96876695252837,83258100
2019-09-06,269.1064147949219,269.7474866798832,268.53761711069353,269.21478476498777,49584300
2019-09-09,269.2418212890625,270.1808070929539,268.3028079311537,270.09054013205395,51260300
2019-09-10,269.17864990234375,269.2418588270002,267.22840383509777,268.4834068391647,57947100
2019-09-11,271.0927734375,271.17403024628595,268.8355480133743,269.48563003768334,68821100
2019-09-12,272.0317687988281,273.0881347966629,271.2372210938471,271.9956454793237,72908700
2019-09-13,271.8511962890625,272.82633309685326,271.4810080151809,272.47419270681183,62104800
2019-09-16,271.0115966796875,271.89643922675583,270.37055218501104,270.7226651270901,58191200
2019-09-17,271.6977844238281,271.78805141832373,270.6413905587591,270.81294193474486,41475500
2019-09-18,271.8602600097656,271.9686024312111,269.27797956454594,271.30948262871954,73375800
2019-09-19,271.8421936035156,273.24169007108816,271.5081286082832,272.2485052514616,76560500
2019-09-20,270.5578308105469,272.7257172981861,269.7686931121249,272.44450325727587,89565000
2019-09-23,270.4942626953125,271.21084760193804,269.6416243712935,269.89559997751627,43476800
2019-09-24,268.3717956542969,271.9728243964235,267.41031441968806,271.5827953011382,94869400
2019-09-25,269.9590759277344,270.40352627736024,266.97484206860895,268.4533536576858,71854000
2019-09-26,269.396728515625,270.17678656371356,267.9907970655747,269.9681805505696,56179700
2019-09-27,267.94549560546875,270.258515016911,266.394430888546,270.1496445739282,84746600
2019-09-30,269.1881103515625,269.8956158448682,268.4171317139182,268.4624736286267,51662400
2019-10-01,265.9862365722656,270.72109036382295,265.76855105398255,270.06800612770223,88242400
2019-10-02,261.28759765625,264.41696448642426,259.99958846909385,264.4078850320209,122539500
2019-10-03,263.4281921386719,263.45540281228654,258.34865417431695,261.060752809178,85278800
2019-10-04,266.9930725097656,267.2470481606347,264.02696908285304,264.081418140647,65091200
2019-10-07,265.8410339355469,267.818445039267,265.5598476544299,266.19480049123445,59610500
2019-10-08,261.71392822265625,264.72537300214316,261.67763808472165,263.99065687623875,95708100
2019-10-09,264.1993103027344,265.13358083305707,263.1017756443016,263.72764914999317,62359400
2019-10-10,265.9862365722656,266.8660857836884,263.9544312515663,264.1176953902786,55296300
2019-10-11,268.7437438964844,270.97510381384257,268.61676988687105,268.7346644381994,98720400
2019-10-14,268.44427490234375,269.09735886128357,268.0995878571728,268.42611599601287,40394800
2019-10-15,271.10205078125,271.8458464973218,269.3695631563232,269.4874853651235,46754500
2019-10-16,270.6666564941406,271.35603084525394,270.2312854776649,270.6394458056109,48928200
2019-10-17,271.46478271484375,272.33555213753766,270.7754085945281,271.82760100086114,45736600
2019-10-18,270.2765808105469,271.57366954233504,269.42394247522446,270.92966490395844,64304000
2019-10-21,272.10882568359375,272.3083799212792,271.1564240881151,271.5918227015919,39048600
2019-10-22,271.2200012207031,272.93433011116593,271.1292896905478,272.6440642871781,48594700
2019-10-23,272.00909423828125,272.0635156111766,270.7573472991516,270.9659810160959,34352200
2019-10-24,272.4535217285156,273.0884746005034,271.62809406743776,272.94334172458434,35453100
2019-10-25,273.5692443847656,274.1134858073228,271.82767736883653,271.8820987429654,45205400
2019-10-28,275.11126708984375,275.6101666626339,274.75752810961376,274.7847388004007,42147000
2019-10-29,275.0296325683594,275.95485140942054,274.7121560578241,274.8391577345471,44284900
2019-10-30,275.87322998046875,276.24510020516715,273.92302891820503,275.22919747728037,49643900
2019-10-31,275.138427734375,275.864092158819,273.68715424802167,275.864092158819,69053800
2019-11-01,277.687255859375,277.73259776958525,276.41735019832123,276.58064197385863,71141500
2019-11-04,278.802978515625,279.374430643672,278.43108065957426,279.23837720396307,60606900
2019-11-05,278.49462890625,279.30192558808307,278.2043630646061,279.00258028848964,42933200
2019-11-06,278.5580749511719,278.8301818233875,277.6147249920431,278.4945741205653,46487100
2019-11-07,279.5376892089844,280.87106825413883,279.06602806695554,279.89145582645773,54272300
2019-11-08,280.22705078125,280.2814721535745,278.4945632788722,279.19298934454866,49032100
2019-11-11,279.69189453125,279.864238107545,278.7122544469131,278.84833556176477,35797300
2019-11-12,280.281494140625,281.17947453569053,279.5104877305214,280.05472917772806,46484600
2019-11-13,280.37213134765625,280.7712397910703,279.0659632930762,279.2927281958677,53917700
2019-11-14,280.78033447265625,280.8619942096514,279.45603498872856,280.090987886083,51219900
2019-11-15,282.8121032714844,282.85744517622777,281.4243032749575,282.11364970586425,62023600
2019-11-18,283.0207214355469,283.25656578539156,282.1227413053871,282.5762710973889,49228000
2019-11-19,282.9391174316406,283.62849164179835,282.2951128139359,283.6194121870548,67804700
2019-11-20,281.886962890625,282.86660297199927,280.3358983899287,282.34957224467774,79406200
2019-11-21,281.4334716796875,282.1047148443882,280.6352822016,281.9958720828886,54664700
2019-11-22,282.05926513671875,282.3132407351811,281.0524421975064,282.17718732194487,44850200
2019-11-25,284.2453918457031,284.2453918457031,282.9845928218921,282.9845928218921,48647200
2019-11-26,284.8892822265625,285.07070522877143,283.96409135032974,284.28156776356354,37569000
2019-11-27,286.1591491699219,286.1591491699219,285.1522987020101,285.36998413020297,44444600
2019-11-29,285.0979919433594,285.8417876970087,284.87122697075444,285.59686381058185,36592700
2019-12-02,282.6761474609375,285.41545826710006,282.24982822038623,285.3519574335292,75767800
2019-12-03,280.78033447265625,280.8619942096514,278.5852653796921,279.9639862341054,73941700
2019-12-04,282.5127868652344,283.11144954756696,281.47875327303325,281.82344036418806,49080000
2019-12-05,283.0207214355469,283.2293551051219,281.71455342008073,283.21122387869605,40709000
2019-12-06,285.60589599609375,286.00500449632267,284.9165217354681,284.9256011908763,48927000
2019-12-09,284.7079162597656,285.88708285190785,284.63533597889335,285.21586750080536,34838500
2019-12-10,284.3904113769531,285.3156022560636,283.73732732073876,284.6534664265952,52649800
2019-12-11,285.19775390625,285.4517295424743,284.30882533883084,284.84398729797243,53429100
2019-12-12,287.6558837890625,288.4359419435748,284.97099448527933,285.2068112141044,96389600
2019-12-13,287.8282165527344,289.0527527941986,286.6490222278449,287.42002857849036,81503900
2019-12-16,289.80560302734375,290.39518635483904,287.7647184989822,289.5516273932872,82749700
2019-12-17,289.8691101074219,290.4859041346796,289.78747804627915,290.1865865771561,61097700
2019-12-18,289.88720703125,290.4858697567159,289.8327856635954,290.2591048310666,48133000
2019-12-19,291.07550048828125,291.14808077783215,289.823753465592,290.07772911648044,85310500
2019-12-20,292.3515930175781,293.48186803995895,291.13016050237536,292.1054650052227,147142100
2019-12-23,292.7982482910156,293.1901949374519,292.65240185614937,293.13550600154747,52990000
2019-12-24,292.80743408203125,293.071754722142,292.50661705381003,293.02618987174196,20270000
2019-12-26,294.3661193847656,294.37524348162793,293.18115512214473,293.19025140163853,30911200
2019-12-27,294.29315185546875,295.1499823509916,293.7644828220485,295.0952934102021,42528800
2019-12-30,292.6705017089844,294.5117878507471,292.1873977625257,294.37506556728744,49729100
2019-12-31,293.3816223144531,293.62775035689424,291.82293192090606,292.16931374555315,57077300
2020-01-02,296.1252746582031,296.1435228475682,293.9923228046252,294.91296621198353,59151200
2020-01-03,293.8830261230469,295.00420520161396,292.6889377189637,292.7436266674431,77709700
2020-01-06,295.0041809082031,295.08621432416686,292.01437027823323,292.13287226263657,55653900
2020-01-07,294.1746826171875,294.91301114756425,293.7280191701127,294.4390032296372,40496400
2020-01-08,295.74249267578125,296.95480128822834,294.1199891894408,294.3660894233574,68296000
2020-01-09,297.747802734375,297.8207398631898,296.7177813744384,297.3011671355,48473300
2020-01-10,296.8909606933594,298.4861195611985,296.42610473911026,298.33117684890317,53029300
2020-01-13,298.9327392578125,298.9418355342063,297.0823563543286,297.5107715003253,47086800
2020-01-14,298.4769592285156,299.54342106499274,297.92091807745555,298.49517959741576,62832800
2020-01-15,299.15155029296875,299.90809914567166,298.30384393795646,298.38587734482564,72056600
2020-01-16,301.6400451660156,301.6400451660156,300.3001103883815,300.5279902633712,54050300
2020-01-17,302.5788269042969,302.7884585291991,301.5761501633732,302.3509470912397,95846000
2020-01-21,301.98638916015625,302.78853074420584,301.5488776178504,301.62178693577914,77742400
2020-01-22,302.0228271484375,303.49038781097767,301.8678844320141,302.84318902456715,48914900
2020-01-23,302.3692626953125,302.7794576149532,300.2636547848771,301.37570973553994,51963000
2020-01-24,299.6802673339844,303.10758968515563,298.39502145229517,303.0255562651374,87578400
2020-01-27,294.8765563964844,296.3532135264237,294.1108833593813,294.4481411214826,84062500
2020-01-28,297.9665832519531,298.84163406721996,294.9676767051918,296.298487210109,63834000
2020-01-29,297.72039794921875,299.55256045074896,297.5198626116515,299.324680649757,53888900
2020-01-30,298.6866760253906,298.89633550564963,294.9130001022843,295.66042488337473,75491800
2020-01-31,293.2630920410156,298.22175888029057,292.3515728105219,298.06678837146853,113845600
2020-02-03,295.44158935546875,297.30109625380913,294.6212276647578,294.73972960780577,69083000
2020-02-04,299.944580078125,300.8105346597248,298.7231473854342,299.0421847479902,62573200
2020-02-05,303.40838623046875,303.618045742721,301.4121839936726,302.87059303020703,65951100
2020-02-06,304.4292907714844,304.62070207645655,303.35367662683126,304.3654777307045,50359700
2020-02-07,302.8066711425781,304.4382703838826,302.25975409202255,303.3718085617881,64139400
2020-02-10,305.06732177734375,305.1311348147873,301.88612780958465,301.9225963763189,42070000
2020-02-11,305.5959777832031,307.2002328793031,305.0672809970112,306.41633961218275,54864500
2020-02-12,307.5648498535156,307.77448148627434,306.6624268441835,307.02702899526753,43992700
2020-02-13,307.2366943359375,308.20290257264736,305.8694153801374,306.1428600443528,54501900
2020-02-14,307.72894287109375,307.8474448392001,306.4528213248784,307.64690946641167,64582200
2020-02-18,306.9359436035156,307.7927740817303,305.5504162851949,306.73540821888315,57226200
2020-02-19,308.4034423828125,309.07795777585227,307.61954912250815,307.90211788539574,48814700
2020-02-20,307.136474609375,308.67694462905206,304.1557883522253,307.85655491074664,74163400
2020-02-21,303.9734802246094,306.09730805211063,303.1530905628107,305.78739481387316,113788200
2020-02-24,293.89202880859375,304.04633809698913,292.81641502565685,294.54832373659,161088400
2020-02-25,284.9865417480469,295.8883062471929,284.11149089171784,295.2776038121276,218913200
2020-02-26,283.93829345703125,289.9634233462724,283.2090890630601,286.3811587759355,194773800
2020-02-27,271.1861877441406,283.9930261776727,271.1861877441406,278.4327514100049,284353500
2020-02-28,270.0467224121094,271.5325033532073,260.27523419743306,263.155638584235,384975800
2020-03-02,281.7414855957031,281.80529862026447,268.40595433040124,271.8241515658398,238703600
2020-03-03,273.6745300292969,286.07119736155244,271.24078921564694,282.11520716459734,300139100
2020-03-04,285.1779479980469,285.3967315712866,276.49116917188974,279.0343161033958,176613400
2020-03-05,275.6980895996094,281.17632889627316,273.46488424875696,277.9951357880224,186366800
2020-03-06,271.140625,272.34383760396224,264.55035578952464,267.2119775672172,228667200
2020-03-09,249.9659881591797,259.04471406948755,249.25500410266218,250.94129282702897,309417300
2020-03-10,262.9004211425781,262.99155082298614,249.30054030564344,259.45487913879975,276444100
2020-03-11,250.08448791503906,256.99382161350735,246.91241771549264,255.8635462842316,255316300
2020-03-12,226.1570587158203,243.06574485920348,225.7650981762707,233.34894558391483,392220700
2020-03-13,245.49038696289062,247.45927200830852,226.5307825549705,239.81161165387473,329566100
2020-03-16,218.62789916992188,234.1692913616769,216.35821121478764,219.84020754106757,297240000
2020-03-17,230.43206787109375,233.50389718402428,216.09387404457632,223.35866962977036,262070500
2020-03-18,218.7646484375,226.39406110097966,207.8446502974257,215.34645080566406,327597100
2020-03-19,219.22950744628906,225.49165465544974,211.6730183757266,218.08099810602204,289322000
2020-03-20,209.78199768066406,224.14949538908877,209.50693107809147,222.37074721498362,347158800
2020-03-23,204.41822814941406,210.58882164978553,200.11806218300114,209.22268050674896,326025200
2020-03-24,222.939208984375,223.81025556170377,214.3663954320049,214.9348561536564,235494500
2020-03-25,226.27662658691406,235.04200407098807,219.82180274754663,224.5162200852684,299430300
2020-03-26,239.48883056640625,240.95581473219283,228.3487411790397,228.7796754724951,257632800
2020-03-27,232.35552978515625,239.1312666476789,230.18253051508594,232.2180034986201,224341200
2020-03-30,239.90151977539062,240.61668467866326,232.45646258210547,234.44608945305336,171369500
2020-03-31,236.3256378173828,241.44181196172076,234.92281361805342,238.90206639274638,194881100
2020-04-01,225.68983459472656,236.24312431481496,223.62685616519354,227.36772539626958,189554600
2020-04-02,230.89772033691406,231.67705936295383,224.25950903784965,224.80964222485147,177660400
2020-04-03,227.56028747558594,232.26388300481995,224.83715469449982,229.91666012342145,135561200
2020-04-06,242.8446807861328,244.80681626495058,227.5419743229143,236.40819703837275,188061200
2020-04-07,243.0922393798828,252.16933982804701,242.87219727816253,251.41749200591784,201427200
2020-04-08,251.25244140625,253.0586948036147,243.20224201687972,245.6869771638037,153774500
2020-04-09,255.0758819580078,257.8265203918572,252.5727909100661,254.50739317768844,189999200
2020-04-13,252.74691772460938,254.44314980116567,248.85018121565156,254.1039089820408,114839100
2020-04-14,260.2011413574219,261.2188637812924,252.60938312795597,257.6247131889089,134143400
2020-04-15,254.67237854003906,260.3386853472331,252.56353956668622,254.49816925151632,121775000
2020-04-16,255.90101623535156,256.75370726229335,252.83864275488824,255.94684900762073,131798300
2020-04-17,262.8143310546875,263.41944685021514,258.92674327686353,261.6590540286196,146684800
2020-04-20,258.18402099609375,262.95180422099605,257.9639789331066,259.1192277447229,100109300
2020-04-21,250.3447265625,254.92912296463592,249.40949178866583,253.72801334575112,126385700
2020-04-22,255.90101623535156,257.6430812956117,253.89304834549813,255.21335676570135,92951600
2020-04-23,255.88265991210938,260.3387078110824,255.5801020580558,257.1754630685727,104709700
2020-04-24,259.4493713378906,260.11870338954105,255.35091919954365,257.39557038512345,85063200
2020-04-27,263.1901550292969,264.30874873794517,260.96214535761493,261.4205849434391,77896600
2020-04-28,261.9799499511719,267.1786402598977,261.67736409264813,266.8302216256885,105270000
2020-04-29,268.8382263183594,270.36942737195216,266.27097494933463,267.2978754969445,118745600
2020-04-30,266.3351135253906,268.9390474225819,264.60219818898923,267.462857175173,122901700
2020-05-01,259.2843017578125,266.5001372793607,258.1198471539412,261.5948274910563,125180000
2020-05-04,259.9994812011719,260.30203907180845,255.92853469244014,257.4046969992286,80873200
2020-05-05,262.4017333984375,265.20738229155137,260.1278622774751,262.81434034545913,79569900
2020-05-06,260.6229248046875,264.48297858278846,260.19199044127004,264.09790497007816,73632600
2020-05-07,263.7679138183594,265.6933665541511,263.2636412360793,263.8321021051062,75250400
2020-05-08,268.1322326660156,268.5998501465137,265.76666797978606,266.89443979354115,76452400
2020-05-11,268.187255859375,269.5625751201923,265.7850360274315,266.206792766085,79514200
2020-05-12,262.8418273925781,269.7825831185984,262.7042730991444,269.37000418111256,95870800
2020-05-13,258.1932373046875,263.31858964743844,255.7726623265701,262.2825114779081,144721100
2020-05-14,261.28314208984375,261.4114906647709,250.29891603317049,255.76353778728304,121977900
2020-05-15,262.4842224121094,262.5300551877956,257.95483612918537,258.8992207520091,111146300
2020-05-18,270.4794006347656,272.08393945209053,268.3705893815132,268.6914747602291,119703800
2020-05-19,267.70123291015625,271.58879193513707,267.6829053984864,269.88340997902395,95189300
2020-05-20,272.2490234375,273.11089240666524,271.0020807473539,271.2313006225374,85861700
2020-05-21,270.3694152832031,272.92751677002803,269.278326504917,272.1206583812847,78293900
2020-05-22,270.8828430175781,271.0570523361643,268.8473696991475,270.08516244349306,63958200
2020-05-26,274.2201843261719,277.0716928295234,270.9010865166796,276.8332953136165,88951400
2020-05-27,278.3003845214844,278.3370675296901,272.19396476879547,277.007581296367,104817400
2020-05-28,277.78692626953125,281.3352447299404,277.1175942986496,279.3272767982314,90405200
2020-05-29,279.02471923828125,279.61150744849493,274.5778489741923,277.3193091660714,119090800
2020-06-01,280.1524658203125,280.7576095309241,277.86944526100126,278.38289544316814,55758300
2020-06-02,282.47216796875,282.51802872321025,279.739885508997,281.06934373149255,74267200
2020-06-03,286.2314147949219,287.1849772402928,284.17761381806736,284.4526664557033,92567600
2020-06-04,285.4795227050781,286.98321817364206,283.3890390401753,285.2503028822557,75794400
2020-06-05,292.79620361328125,294.56577377345707,290.7974136505666,290.8616019107014,150524700
2020-06-08,296.33551025390625,296.52804714326027,293.06224323015726,293.60319885897314,73641200
2020-06-09,294.1257019042969,296.408722278723,292.8145433136846,293.6764120455833,77479200
2020-06-10,292.4844970703125,295.59273133209695,291.76933233464445,294.7033572907335,95000800
2020-06-11,275.62298583984375,286.2037774527666,275.0728808184363,285.57112869722124,209243600
2020-06-12,278.9238586425781,283.38905659074294,273.7801789307393,282.6188812960742,194678900
2020-06-15,281.52783203125,282.65560386034076,272.07480686820895,273.24841147874247,135782700
2020-06-16,286.946533203125,289.4037909524716,282.0962619316776,289.25708690915724,137627500
2020-06-17,285.754638671875,288.25772952024136,285.02111835943526,287.9643213952654,83398900
2020-06-18,285.8646240234375,286.34139118127837,283.78331810749904,284.2417577526698,80828700
2020-06-19,284.23095703125,289.5169952642536,282.2878135586834,289.323611161699,135549600
2020-06-22,286.05438232421875,286.45036871018254,282.4904486423991,283.6323733290194,74649400
2020-06-23,287.3712158203125,289.6274664668477,286.96601139314646,288.69733429029844,68471200
2020-06-24,280.0407409667969,285.95302134093265,278.2081310603143,285.3359965817493,132813500
2020-06-25,283.04302978515625,283.3101028145631,277.45307296151356,279.46987762701843,89468000
2020-06-26,276.3203125,282.15893364058905,275.7401601235611,281.94711324330086,127961000
2020-06-29,280.38153076171875,280.5196622715444,275.28887633629,277.5727536803356,79773300
2020-06-30,283.9730529785156,285.667559621828,279.7921232790596,279.9486629348006,113394800
2020-07-01,285.9622802734375,287.22395639224413,284.62697148514405,285.08742860608777,72396500
2020-07-02,287.53704833984375,290.7326217108491,286.8739889973159,289.38806675534465,69344200
2020-07-06,291.97589111328125,292.5560716657089,290.6037376889581,291.34967608377184,61713800
2020-07-07,288.96441650390625,292.4086261412663,288.58683836174674,290.43788464051073,82910000
2020-07-08,291.17462158203125,291.2851267804882,287.9698584105039,289.728779659392,54638600
2020-07-09,289.5169982910156,292.0218859318801,286.109604655345,291.7824392568342,83354200
2020-07-10,292.47314453125,292.74021752489676,288.02514120267125,289.4525470058198,57550400
2020-07-13,289.9405822753906,297.18817150586733,289.28674115516975,294.8122255722936,102997500
2020-07-14,293.6979675292969,294.4715320808562,287.32522893206374,288.522406144319,93657000
2020-07-15,296.3962097167969,297.4920997478603,294.02023559241456,296.9119193662305,87196500
2020-07-16,295.42010498046875,295.871343992354,293.85453943512255,294.49919068416483,54622500
2020-07-17,296.2764892578125,297.0592718738817,294.4530691984586,296.42383888823116,62774900
2020-07-20,298.6708068847656,299.41674490566004,295.2634141664596,296.00935218735395,56308800
2020-07-21,299.3063049316406,301.0744442907489,298.3209200855165,300.632423503006,57292200
2020-07-22,301.010009765625,301.32314533336705,298.83666568694713,298.9471708971752,57792900
2020-07-23,297.4183654785156,301.35068608523807,296.055430800531,300.6507824803938,75738000
2020-07-24,295.5029296875,296.5251308789289,294.00183516323403,295.5674004213925,73766600
2020-07-27,297.65789794921875,297.8328739008944,295.40164684860423,296.193647698937,48293000
2020-07-28,295.7699890136719,298.0446479275418,295.4752897615271,296.9303216498821,57495000
2020-07-29,299.4076232910156,299.9693955729184,296.60803622504216,296.64488066256155,48454200
2020-07-30,298.33929443359375,298.7537169791964,294.3609672745089,296.4422138237154,61861700
2020-07-31,300.6969299316406,300.798245119707,295.9173824216007,300.12596755695097,84986800
2020-08-03,302.787353515625,303.5516998495723,301.8111868221174,302.3545227663099,53077900
2020-08-04,303.95697021484375,303.95697021484375,301.9309475225113,301.9309475225113,41917900
2020-08-05,305.8448181152344,306.10270108517585,304.98837460760626,305.2554476092795,42697700
2020-08-06,307.88922119140625,308.00894452980793,304.942312718452,305.264638297825,43679400
2020-08-07,308.1103515625,308.3958327911544,306.0198577928376,306.9223640633416,57308300
2020-08-10,309.03118896484375,309.21535494485994,306.6275882566364,308.5615137232704,44282100
2020-08-11,306.4802551269531,310.8454078392464,305.75275309496504,310.20997475019243,69601100
2020-08-12,310.7532958984375,311.52686046889016,308.88384116049235,308.91146746286313,53774400
2020-08-13,310.1914367675781,311.4991469565095,309.270522807618,309.98883457222433,41816100
2020-08-14,310.2007751464844,310.7349211885929,309.0772585556513,309.80478873517694,47260400
2020-08-17,311.1860656738281,311.5820519648369,310.2098990427494,311.2136919707807,35481000
2020-08-18,311.8583984375,312.2820111007127,309.98891563003593,311.58210731482745,38733900
2020-08-19,310.5599365234375,312.7516889289628,309.998164191715,312.23597917424223,68054200
2020-08-20,311.5267639160156,312.00562904338244,308.7087695313061,308.83768286772437,42207800
2020-08-21,312.63189697265625,312.8529073408649,310.8545115814278,311.19527337116966,55106600
2020-08-24,315.7998962402344,315.87355700727335,312.604322979584,315.0631480494956,48588700
2020-08-25,316.90496826171875,316.9878471615432,315.2012714878101,316.36163229349035,38463400
2020-08-26,320.08209228515625,320.34913711570266,316.9509902417963,317.4943261404444,50790200
2020-08-27,320.7820129394531,322.2278548973866,319.1243787139967,320.94779884525434,58034100
2020-08-28,322.85406494140625,322.983006410203,320.61625033931085,321.804237442081,48588900
2020-08-31,321.6845397949219,323.5171500758055,321.4543112428884,322.6422984405211,66099200
2020-09-01,324.7143859863281,324.8156730688066,321.62009934150035,322.51338733167165,54908700
2020-09-02,329.4110412597656,330.37798998883557,325.4787193923163,326.6206721827685,69540000
2020-09-03,318.0745544433594,328.19539204398836,315.4959779391516,327.72571683022153,148011100
2020-09-04,315.4775695800781,320.32155893623025,308.3865193279406,318.7560217314167,139156300
2020-09-08,306.8577575683594,315.5419982728342,306.5538683027617,310.0809566891278,114465300
2020-09-09,312.91748046875,315.37630593191915,309.98895161129644,310.85461330882225,91462300
2020-09-10,307.4840393066406,315.4407229555937,306.5262807206502,314.78688177765224,90569500
2020-09-11,307.640625,310.32048895230275,304.8226295252226,309.2614431412323,84680200
2020-09-14,311.6925964355469,313.46076397555305,307.78792941912315,310.79930858274395,65605700
2020-09-15,313.2674255371094,314.97109448568426,311.7018600067676,314.142277247769,52920900
2020-09-16,312.0241394042969,315.92880641145365,311.74784829653964,314.5014007189514,82096000
2020-09-17,309.2798156738281,310.9927306673699,306.65520463292705,307.1801324619214,91523300
2020-09-18,305.7191162109375,310.1941787550104,303.24119391420174,310.08323122180803,105877900
2020-09-21,302.3166198730469,302.4645593357365,297.4717223903731,301.14238742219266,99450800
2020-09-22,305.3954772949219,305.9502431354761,301.2902495780084,303.79593678480853,63612100
2020-09-23,298.3130798339844,306.22765682115056,297.8137877286705,305.95025977750316,93112200
2020-09-24,299.1083068847656,302.1594777085532,295.68727323191223,297.0002185553226,76681300
2020-09-25,303.94403076171875,304.7299188674738,297.3886144839091,298.2577132755709,71069400
2020-09-28,308.9922790527344,309.70421136202526,307.106085914168,308.0954153354496,64584600
2020-09-29,307.3095397949219,309.5285759012924,306.61608924814516,308.78890660469386,51304000
2020-09-30,309.6395568847656,312.7831937729049,307.78110035892524,307.9752586146386,104081100
2020-10-01,311.62744140625,313.19924573478903,309.75050303213476,312.2284262441201,88698700
2020-10-02,308.6686096191406,311.59960544931795,306.21842407966096,306.68997933659404,89431100
2020-10-05,314.14227294921875,314.32717611812427,310.67502109585257,310.72123983393703,45713100
2020-10-06,309.67645263671875,316.37057974539914,309.16793362544905,314.28097349200937,90128900
2020-10-07,315.0669250488281,315.87132309591203,312.5982289095894,312.6259658002967,56999600
2020-10-08,317.85919189453125,317.9239207082548,316.08394633419226,316.99932011187576,45242500
2020-10-09,320.69769287109375,321.15999312657567,318.8854837702439,319.5049503113114,59528600
2020-10-12,325.8569641113281,327.32707559553944,322.7410647815939,323.2311019429976,80388500
2020-10-13,323.7304382324219,325.89400042178966,322.7688456316229,325.7183240365502,73255500
2020-10-14,321.6962585449219,325.39466069842285,320.96584443553525,324.30363883511666,57727900
2020-10-15,321.29864501953125,321.77942707857534,317.2581457104829,317.7944015372411,60357700
2020-10-16,321.10455322265625,324.30366342738694,320.9288768497177,322.6486204375523,89501900
2020-10-19,316.2226867675781,322.99074228284945,315.325822981665,322.3620205940744,68425600
2020-10-20,317.4892883300781,320.72538971441617,316.80509306669023,317.5632439464316,60051900
2020-10-21,316.8883361816406,319.6066638803036,316.5832022185799,317.443073902537,63575000
2020-10-22,318.6265563964844,319.2090592108434,314.9651464132425,317.10097125484754,55399300
2020-10-23,319.70843505859375,319.9025933086826,317.25824879984316,319.84711952294293,49143900
2020-10-26,313.80023193359375,317.11954492115404,310.31446938243005,316.3336287158571,91473000
2020-10-27,312.7183532714844,314.47508841544396,312.5056850182194,314.1422458102279,65994100
2020-10-28,302.030029296875,312.7461466489848,301.5399921174108,307.05985871686283,127094300
2020-10-29,305.099609375,308.2617265191233,300.57830047929804,302.261079754379,90597700
2020-10-30,301.9190673828125,304.8315534323046,298.27613900813606,303.5278632885841,120287300
2020-11-02,305.3031005859375,307.30021286282704,302.56626275236454,305.3031005859375,86068300
2020-11-03,310.69354248046875,312.7461569674992,305.3863439975958,308.5299804346644,93294200
2020-11-04,317.6372985839844,321.70553558783416,313.9851149209246,315.15934752702685,126959700
2020-11-05,323.83209228515625,325.63507467035436,322.55613899305547,322.907491721787,82039700
2020-11-06,323.7581481933594,325.0063646417054,321.43739166729375,323.5454798982403,74973000
2020-11-09,327.82635498046875,336.9059387720614,327.36405472488747,336.52684917649657,172304200
2020-11-10,327.3455810546875,328.39961099114294,324.0817422973662,326.83703383089585,85552000
2020-11-11,329.7772521972656,330.60013191836515,328.2886308124271,329.5275920192219,58649000
2020-11-12,326.57818603515625,329.82354332955566,324.7752317067129,328.7694850499286,67546200
2020-11-13,331.09942626953125,331.83909534174575,327.9650172049905,328.48279119885393,62892200
2020-11-16,335.2324523925781,335.4266106214588,332.4771323966517,333.76234079790987,74541100
2020-11-17,333.429443359375,334.63144099542336,331.3213552496351,332.8284586496354,66111000
2020-11-18,329.4166564941406,334.2430721080145,329.379664574458,333.697561213107,70591300
2020-11-19,330.8035583496094,331.1733928980095,327.44725409515723,328.7879360767462,59940900
2020-11-20,328.53826904296875,330.74807768636424,328.46431342145667,330.54466445649757,70417300
2020-11-23,330.5076599121094,331.7651311623136,328.112948198128,330.3412386076394,63230600
2020-11-24,335.83343505859375,336.3789460330993,332.19976142931375,333.05037819016013,62415900
2020-11-25,335.3155822753906,335.7778824723925,334.2245605824417,335.750145589235,45330900
2020-11-27,336.24945068359375,336.720977715475,335.2416113846449,336.40661695536556,28514100
2020-11-30,334.76092529296875,335.7409997721045,332.08884395768695,335.47285766997896,83872700
2020-12-01,338.4222717285156,339.95711197569057,337.4144605490259,338.00621842500254,74231400
2020-12-02,339.1342468261719,339.2914131198718,336.73953476512753,337.3127825968703,45927000
2020-12-03,339.0417785644531,340.4286793920205,337.94150165059074,339.03252352963375,62882000
2020-12-04,341.9635314941406,341.9635314941406,339.53182744457604,339.6242931462519,50749900
2020-12-07,341.2607421875,341.7507792477723,339.99404421377153,341.19601339057107,48944300
2020-12-08,342.25946044921875,342.82345334365795,339.94795865251774,339.9941774018219,42458900
2020-12-09,339.1897277832031,343.0730332820125,338.3575929060704,342.9158669849853,74098300
2020-12-10,339.07879638671875,340.12357138803657,336.95219802540623,337.82132486772645,57735400
2020-12-11,338.6811828613281,339.08800937588853,335.8704174000004,337.38674768616795,57698600
2020-12-14,337.16485595703125,341.9172883370529,336.98917958686485,340.84477647871296,69216200
2020-12-15,341.72308349609375,341.72308349609375,338.32981558066564,339.6982062143582,63865300
2020-12-16,342.25946044921875,343.17480613140845,341.0574625849894,341.9358445543657,58420500
2020-12-17,344.17327880859375,344.3766920459077,343.0730019635639,343.8959099470601,64119500
2020-12-18,342.7990417480469,344.6282701572163,340.79338813671035,344.46113944048307,136542300
2020-12-21,341.5733642578125,351.4159127548199,336.15997816972384,338.8898932592316,96386700
2020-12-22,340.9977111816406,342.0098184311258,339.87418344037354,341.89839793934385,47949000
2020-12-23,341.3042297363281,343.20772972464715,340.97923433087317,341.9634866992638,46201400
2020-12-24,342.6319885253906,342.6598436511462,341.19275979993,341.77771744079797,26457900
2020-12-28,345.5754699707031,345.9654417210335,344.5540681584186,345.1761753962295,39000400
2020-12-29,344.9161376953125,347.27464186044676,344.3311518128284,347.09821664709926,53680500
2020-12-30,345.40826416015625,346.4389603203097,345.0182924625775,345.733259466037,49455300
2020-12-31,347.1632385253906,347.8875000497571,344.7026082398412,345.2132949330659,78520700
2021-01-04,342.4369812011719,348.62107376333165,338.75066866047587,348.49106429337866,110210800
2021-01-05,344.7954406738281,345.8818471316903,341.7498244688002,341.7962685644844,66426200
2021-01-06,346.8567199707031,350.0416393473608,342.743287286381,343.2911234562188,107997700
2021-01-07,352.0101623535156,352.75298437501374,349.0481120785787,349.2245372676321,68766800
2021-01-08,354.0158386230469,354.2293850911422,350.1531015213458,353.3937031789076,71677200
2021-01-11,351.6294860839844,353.3844152987946,350.7287994312137,350.84951439553026,51034700
2021-01-12,351.70379638671875,352.7159036317569,349.4660070637659,351.8152452148604,52547700
2021-01-13,352.6508483886719,353.6443664384586,350.84947528394184,351.6294468854472,45303600
2021-01-14,351.4159240722656,353.89514316325904,351.0816626236897,353.39372265354797,49989100
2021-01-15,348.8531188964844,350.59875344385847,346.9960355450777,349.8002212044383,107160000
2021-01-19,351.5923156738281,352.13088573862603,349.82809207789774,351.3044700083426,51233300
2021-01-20,356.45794677734375,357.2936287805517,353.4866015027723,353.87657321374,61836100
2021-01-21,356.7828674316406,357.4421524664681,355.86362018115483,357.01500286554875,47840100
2021-01-22,355.52008056640625,356.68075778914084,354.55438918277406,354.9350947122526,52860500
2021-01-25,356.9222106933594,357.27503278883,351.4159360582794,356.25365943655754,70402000
2021-01-26,356.36505126953125,358.2778450349725,356.1329158287073,357.86928439217473,42665300
2021-01-27,347.65533447265625,353.14301984374345,345.4268398473695,353.05015999751345,123351100
2021-01-28,350.6452941894531,354.6380131608825,349.0296402961442,349.4660278006509,94198100
2021-01-29,343.6255187988281,349.7539012035363,341.9541263228981,348.7882096621224,126765100
2021-02-01,349.3453063964844,350.37597423640665,343.91333096928156,347.0146573120808,75817600
2021-02-02,354.28509521484375,355.8357724135965,349.42883997274356,352.52087154806475,64450700
2021-02-03,354.5636901855469,356.2814981741382,353.2915924599428,355.11152644432576,52427100
2021-02-04,358.593505859375,358.63992160762723,354.67505892160796,355.59430609700564,47142600
2021-02-05,360.0048828125,360.71058354923707,358.54709392712255,360.4598874996903,48669800
2021-02-08,362.6048278808594,362.6512436310637,360.5991744109489,361.45341690524697,38365200
2021-02-09,362.3633728027344,362.9576530503986,361.3605603058533,361.76909255507013,35551100
2021-02-10,362.2055358886719,364.24833897480704,359.80991075751706,364.09976890155684,59154400
2021-02-11,362.7904968261719,363.7004778361302,360.36701674347415,363.2826227627068,42913300
2021-02-12,364.5826721191406,364.82407372216704,361.91773330512245,361.9920325190132,50593300
2021-02-16,364.2669982910156,366.0033955530589,363.552031185599,365.808381339612,50972400
2021-02-17,364.3504943847656,364.60119044464864,361.5091306885375,362.5212660866274,52290600
2021-02-18,362.7998962402344,363.5427184335589,360.03283114692755,361.7506393479471,59712800
2021-02-19,362.1591491699219,364.34122801938736,361.71343891444184,364.05338233465426,83241000
2021-02-22,359.3735656738281,361.77848576262124,359.1042805920692,359.401420796986,67414200
2021-02-23,359.8099670410156,361.15636405887625,353.0316228676275,357.1729115862207,107284100
2021-02-24,363.77484130859375,364.2019909749651,357.7393191021612,358.7235712258007,72433900
2021-02-25,355.00946044921875,363.8770538025499,353.57023164318656,362.51209589040644,146670500
2021-02-26,353.18017578125,358.0271655270358,351.2024053803291,356.88507715052293,152701600
2021-03-01,361.7413024902344,362.9855734404292,353.37516012939244,358.03642977075657,105348800
2021-03-02,358.91851806640625,362.19626914684636,358.41709761211445,361.9641337209318,79595300
2021-03-03,354.1644287109375,359.18781495345684,354.06227437694446,358.22215187611573,119940200
2021-03-04,349.7817077636719,356.5600515760826,345.306129482108,353.9787065028338,183433000
2021-03-05,356.2165222167969,357.265779064072,346.01185613057277,353.2730320198999,152039600
2021-03-08,354.44293212890625,359.97703262153334,354.1643809589317,357.17284694203045,123149200
2021-03-09,359.5035400390625,362.04773549523804,357.7764375613555,358.2778580660894,113633600
2021-03-10,361.7413024902344,363.431255369481,360.4320834867978,361.84345682354007,109899400
2021-03-11,365.4091491699219,367.3776537678403,363.7470509780795,364.2020558483619,86245000
2021-03-12,365.9012145996094,366.04049021562264,363.2455983981242,364.0534253078508,64653600
2021-03-15,368.0832824707031,368.34327305827475,364.01626458616573,366.15189953144346,73427200
2021-03-16,367.6190185546875,369.40180309295295,366.8483129268186,368.6961305342788,73722500
2021-03-17,368.87249755859375,369.67102984650717,365.19545189698175,366.3375684287189,97959300
2021-03-18,363.50555419921875,368.37110416522074,362.8277084837041,366.2911796002453,115349100
2021-03-19,362.8328552246094,364.7798597365109,360.6622515233072,363.2054826340785,113624500
2021-03-22,365.73016357421875,367.10891663764517,363.28942068287944,363.3453133880508,73778600
2021-03-23,362.8515319824219,366.5405922291803,362.0690057743006,365.09665013615654,90686600
2021-03-24,361.0070495605469,365.87923909623805,360.9604817803928,364.248968775631,97588600
2021-03-25,363.0379333496094,363.8297562145069,357.6347344917859,359.57244319585334,116128600
2021-03-26,368.8882751464844,369.2888490443927,363.58756519155156,364.18376357430776,114409100
2021-03-29,368.7019348144531,369.60557150137186,365.9351320456119,367.4163456691813,108107600
2021-03-30,367.7237548828125,368.39449575639236,366.1307275395253,367.4349664373488,76262200
2021-03-31,369.2143859863281,370.77014256090024,368.26418128278624,368.29212764378264,112734200
2021-04-01,373.20147705078125,373.25739818982174,370.9377370318491,371.14268644280133,99682900
2021-04-05,378.5580139160156,379.0983479190761,375.7819150666603,375.8564291896752,91684800
2021-04-06,378.33447265625,379.3778410378448,377.663731778131,377.9991164320186,62021000
2021-04-07,378.77239990234375,379.11708112852125,377.7104098657336,378.16687652422144,55836300
2021-04-08,380.5702209472656,380.6261136446718,379.08900760669604,380.02059046966957,57863100
2021-04-09,383.3371276855469,383.5048342531352,380.3281324128653,380.44924276681104,61104600
2021-04-12,383.4767761230469,383.7469146788607,382.13529455131146,382.7408177148852,56704900
2021-04-13,384.6133117675781,385.2374848347506,382.99236657978923,383.374318989603,56551000
2021-04-14,383.29986572265625,385.6381198974038,382.7595316211662,384.585426479011,61659900
2021-04-15,387.41741943359375,387.6875864651336,385.3865753074208,385.43314308577106,60229800
2021-04-16,388.7122497558594,389.31777289231314,387.2869292034339,388.7029248303344,82037300
2021-04-19,386.8025207519531,388.22784142524785,385.4796889791716,387.78069983654575,78498500
2021-04-20,383.9705810546875,386.6907875184191,382.4986639809094,385.59152639170094,81851800
2021-04-21,387.60369873046875,387.80864810285476,383.21592286206607,383.3556830388797,66793000
2021-04-22,384.063720703125,388.2651692129653,383.00173084573123,387.43607511013636,97582800
2021-04-23,388.2278137207031,389.63451287063543,384.5480786545513,384.6225927707997,73209200
2021-04-26,389.038330078125,389.60661044348035,388.29307511302295,388.87997690212677,52182400
2021-04-27,388.9545593261719,389.5321647196547,387.81802682554365,389.3365118024942,51303100
2021-04-28,388.8427734375,390.34263698563,388.3769818956655,389.2247259133634,51238900
2021-04-29,391.3207092285156,391.93555735176267,387.94838369193803,391.56292987909427,78544300
2021-04-30,388.74957275390625,389.90475500080083,387.8552610382918,389.057011063111,85527000
2021-05-03,389.5880126953125,391.1157939955126,389.0942748542552,390.7338415630485,68128300
2021-05-04,387.18450927734375,388.09747082223015,383.5047736052085,387.6037329855272,101591200
2021-05-05,387.3057556152344,389.05713676183217,386.74679995126354,388.8242409376498,60162200
2021-05-06,390.3984680175781,390.528874845266,385.3772223436678,387.3801199711882,74321400
2021-05-07,393.23980712890625,393.8919265936675,390.4823294392389,391.16239525650957,67733800
2021-05-10,389.3457336425781,393.8173198937431,389.22462332487686,393.59374911008047,81852400
2021-05-11,385.8709716796875,386.8584473474661,382.0049080638009,384.8369282355566,116888000
2021-05-12,377.6730651855469,384.3618242624742,376.3595297518344,383.09488503627756,134811000
2021-05-13,382.2098693847656,384.1382530041698,379.1728997288725,379.21949593633536,106394000
2021-05-14,388.078857421875,388.9266014154042,384.9114807136324,384.9394270681594,82201600
2021-05-17,387.0912780761719,387.9017789998937,385.07905579969406,386.97019619206054,65129200
2021-05-18,383.75628662109375,387.59440386559174,383.597905008926,387.3521831986254,59810200
2021-05-19,382.7501525878906,382.92715562063444,377.5985000735296,379.07974196431326,106467100
2021-05-20,386.86773681640625,388.1253793888649,383.50473626977606,383.62581816312553,78022200
2021-05-21,386.5511169433594,389.5880871287696,386.0946502945075,388.3490656109407,76578700
2021-05-24,390.49163818359375,391.56295289159766,388.544604797389,388.7868254622032,51376700
2021-05-25,389.6252136230469,391.9262244678643,389.0476367876896,391.572218425638,57451400
2021-05-26,390.3984680175781,390.9015023339306,389.1780966451499,390.2121400584183,43088600
2021-05-27,390.60345458984375,391.9356114927395,390.3239626244938,391.4232522007512,56707700
2021-05-28,391.3021240234375,392.42933147222897,391.0692282777566,392.1684893742527,58520200
2021-06-01,390.9574279785156,393.7987445957446,390.5195828561252,393.65901283958925,54216600
2021-06-02,391.5722351074219,392.41068247668926,390.6034093428114,391.60950638441597,49097100
2021-06-03,390.1189880371094,391.2555203916502,387.79935555163786,389.2619476298755,58138800
2021-06-04,393.68701171875,393.985125124761,390.1842502722685,391.9635773504691,55938800
2021-06-07,393.3050537109375,393.85468430384935,392.3734706525122,393.67768124837585,51555000
2021-06-08,393.38885498046875,394.25522031845156,391.56296032167944,394.1620563356279,47134300
2021-06-09,392.8019104003906,394.301773600504,392.57833960967673,394.22723105049744,48436300
2021-06-10,394.62786865234375,395.5781015257895,392.7088099094243,394.0223453765083,51020100
2021-06-11,395.27996826171875,395.3917536695252,393.89191873202867,395.1775077811149,45570800
2021-06-14,396.1650390625,396.2674995574854,394.1528161505777,395.3918091672138,42358500
2021-06-15,395.4383239746094,396.35125703166875,394.5626337646086,396.3140141846101,51508500
2021-06-16,393.23046875,395.8016468115362,391.19032822728997,395.57807599910893,80386100
2021-06-17,393.1000671386719,394.0782178856841,390.63137795315737,392.82060361942723,90949700
2021-06-18,387.7970275878906,390.5167781405025,387.5914076691271,389.8251604695109,118676300
2021-06-21,393.3486633300781,393.53560087943845,388.7409408172673,389.5540649639203,72822000
2021-06-22,395.4515686035156,396.28340358966534,392.6196388178262,393.33932268734105,57700300
2021-06-23,394.9749450683594,396.3301424887815,394.8908317268986,395.5263737663793,49445400
2021-06-24,397.3114318847656,397.73199849683715,396.8627989758966,397.1151674657989,45110300
2021-06-25,398.72283935546875,399.17147241602134,397.73213297075046,398.05925946140326,58129500
2021-06-28,399.526611328125,399.69483801915226,398.04990728021846,399.2462335097463,53159600
2021-06-29,399.7416076660156,400.5453764693619,399.2088612604478,399.9098343658785,35970500
2021-06-30,400.0779724121094,400.7509075851133,399.2554929203643,399.28353069746186,64827900
2021-07-01,402.2931213378906,402.4520211210759,400.7696685970019,400.83509959729395,53441000
2021-07-02,405.3680114746094,405.7231756894549,402.37718195001327,403.4520300284134,57697700
2021-07-06,404.6297302246094,405.6391475232365,401.90062409385945,405.42417215788606,68710400
2021-07-07,406.0596923828125,406.34009873848606,403.3025486160357,405.31199914635374,63549500
2021-07-08,402.7510681152344,403.5081166897468,399.57330096190816,400.75094475455643,97595200
2021-07-09,407.05035400390625,407.3494426746745,402.55478259875076,404.2558173257462,76238600
2021-07-12,408.5083923339844,408.76076088893643,406.5363351584208,406.9662573135737,52889600
2021-07-13,407.1158142089844,409.2187334442086,406.854118733952,407.72331850573784,52911300
2021-07-14,407.7232360839844,409.29343713942774,406.48018995953106,408.8074109821417,64130400
2021-07-15,406.3306884765625,407.0596992666777,404.43338933545084,406.38676403559714,55126400
2021-07-16,403.1436767578125,407.5551356129404,402.7511477644121,407.5084154784258,75874700
2021-07-19,397.18994140625,403.20896436083694,394.3860497884981,398.3301918050422,147987000
2021-07-20,402.8819580078125,404.1530707517098,397.0591977452092,397.8536396448114,99608200
2021-07-21,406.143798828125,406.28401626491234,402.83522636423976,404.0782727663207,64724400
2021-07-22,406.9942321777344,407.2372452604418,405.33994628759945,406.32129700633567,47878500
2021-07-23,411.1814880371094,411.51794144372303,408.23740663856285,408.9196688873081,63766600
2021-07-26,412.1908874511719,412.200242886932,410.54595654958047,410.5926766830411,43719200
2021-07-27,410.3122253417969,411.18142503169713,407.4896224241449,411.15338725210887,67397100
2021-07-28,410.1439514160156,411.51785959844165,408.72332311063053,410.93839316496434,52472400
2021-07-29,411.8450012207031,412.91982079238494,411.05991487644866,411.06927031045103,47435300
2021-07-30,409.8449401855469,411.29360644207577,409.1532940336554,409.28415602981516,68951200
2021-08-02,408.9850158691406,412.10667876520074,408.6298516644557,411.5552501136449,58783300
2021-08-03,412.3124084472656,412.4339150257173,407.5925338958521,409.77956673996874,58053900
2021-08-04,410.2842102050781,412.2843051456388,410.0505525213927,411.0319033838049,46732200
2021-08-05,412.882568359375,412.9666817202719,411.12545764906963,411.44322874223747,38969700
2021-08-06,413.5647888183594,413.9853841029397,412.91989126076,413.20029762470335,46930000
2021-08-09,413.228271484375,413.85445807390835,412.46186747322616,413.5366870620658,41222600
2021-08-10,413.7422790527344,414.45260745639985,412.99458596031207,413.6768480634151,43339300
2021-08-11,414.7703857421875,414.86385451105014,413.6862107732414,414.8077789542653,44034300
2021-08-12,416.013427734375,416.15364514758056,413.72359979508303,414.6208372172166,38909400
2021-08-13,416.77056884765625,416.7892511950456,415.9761269822574,416.46212471839107,39470300
2021-08-16,417.75189208984375,417.8827255582406,413.9199004513762,415.4713908619817,73740000
2021-08-17,415.0133972167969,415.8732414325838,412.0319231944984,415.2003062311289,92673900
2021-08-18,410.4710998535156,415.56484852636714,410.2281152693712,414.00400272308775,89351900
2021-08-19,411.106689453125,412.30304425730367,407.6111793930043,407.7513683082851,92812200
2021-08-20,414.3778381347656,414.70496457219946,410.96644191047403,411.45246811100355,72008700
2021-08-23,418.0229187011719,418.92951158354134,414.4526227295589,416.0601886079049,54973000
2021-08-24,418.6865539550781,419.2193003480419,418.17251843232447,418.6865539550781,38744700
2021-08-25,419.5650939941406,420.0791294982954,418.49960124676494,418.87347636542324,40529700
2021-08-26,417.08831787109375,419.5183349461485,416.9948490937456,419.2846772641112,57829600
2021-08-27,420.81744384765625,421.1912903975135,417.83596983708355,417.89204539342893,77235100
2021-08-30,422.6680908203125,423.4531772582027,421.24743377041483,421.4904469021432,48357400
2021-08-31,422.0418395996094,422.9110393113264,421.44369077915854,422.57458594782264,59300200
2021-09-01,422.26617431640625,423.49053835442544,422.03251662178167,422.97650283531857,48721400
2021-09-02,423.5654296875,424.3691986651853,422.3691031356528,423.68693628242335,42501000
2021-09-03,423.4624938964844,423.9765579301553,422.0325099688313,422.4344228744772,47170500
2021-09-07,421.9483642578125,423.21012139664674,421.27542901861193,423.1166526229062,51671500
2021-09-08,421.4343566894531,422.14468518971387,419.5183465302411,421.4156743425341,56181900
2021-09-09,419.63055419921875,422.98587540724486,419.3875410597101,421.2381203442714,57970400
2021-09-10,416.3219299316406,421.97643464658915,416.2004233686548,421.55586791625456,89948200
2021-09-13,417.3872985839844,419.5743591715282,415.0787599839421,419.3126637583626,83738600
2021-09-14,415.13494873046875,419.03234294728094,414.2470381175579,418.82672304337876,78197100
2021-09-15,418.6023864746094,419.09773958576324,414.4526240434599,415.55548138185304,78792200
2021-09-16,417.9388122558594,419.0509965202967,414.99470280608074,418.0790011528334,77786700
2021-09-17,413.8676452636719,417.5900174422534,413.5113432060983,417.16810338516024,118425000
2021-09-20,406.96673583984375,409.32954038102963,402.10981691745377,407.7543373535724,166445500
2021-09-21,406.58233642578125,410.59537031179264,406.05726871090457,409.30144322368784,92526100
2021-09-22,410.5484924316406,412.5831513891095,406.6948671942367,408.85139337293356,102350100
2021-09-23,415.53662109375,417.1399803704705,412.17993634176355,412.41434258074156,76396000
2021-09-24,416.2210693359375,416.9336734105124,413.68947068134617,413.9051347076099,62094800
2021-09-27,415.0303955078125,416.3524217423701,414.3365334637065,415.1897757538297,61371100
2021-09-28,406.6666564941406,412.59245249230736,405.9353102459773,412.2642780676356,130436300
2021-09-29,407.3511657714844,409.77961092728947,406.78858508585967,408.0449990691309,82329200
2021-09-30,402.3724060058594,409.5264607159928,402.03484612674845,408.82324196639286,140506000
2021-10-01,407.1542663574219,408.8326231008619,400.58153463739126,404.0976283486504,129240100
2021-10-04,401.9035949707031,406.89173823936943,399.7657824946463,405.9916262485337,128570000
2021-10-05,406.0853271484375,408.3262356545151,402.60674697637165,403.40370520546276,90682500
2021-10-06,407.7731628417969,407.97944151471984,400.8722556277345,402.4943287877646,113032200
2021-10-07,411.2986145019531,414.1302318975777,410.867314983928,411.04546603542565,72437500
2021-10-08,410.5484924316406,412.45189876084635,409.9202996692927,412.0674690550003,74557400
2021-10-11,407.576171875,412.79874945849707,407.5105312643394,409.8921065328173,65233300
2021-10-12,406.5728759765625,408.89819586614095,405.785274549618,408.4950240548549,71181200
2021-10-13,408.0356140136719,408.8513431322092,404.6226741156243,407.594929147859,72974000
2021-10-14,414.8990783691406,415.04910180856405,411.2235756383798,411.6923881563111,70236800
2021-10-15,418.0588073730469,418.42449481685196,416.3898362044381,417.00867206884914,66260200
2021-10-18,419.2965393066406,419.6340705825797,415.6210366001597,416.2773855665458,62213200
2021-10-19,422.53131103515625,422.59692303340495,420.30911592133424,420.91859501540216,46996800
2021-10-20,424.1909484863281,424.49099536699856,422.8782791509517,422.99078957769177,49571600
2021-10-21,425.29736328125,425.5223841474882,423.1595792098458,423.59087874148474,41305400
2021-10-22,424.8565979003906,426.3099336904653,422.91570745443045,424.8659833060559,58845100
2021-10-25,427.13507080078125,427.46324528395957,424.1722008875209,425.9442973142117,45214500
2021-10-26,427.5195007324219,429.89169091412384,427.1444564431734,428.68217522735085,56075100
2021-10-27,425.6255798339844,428.6447340818077,425.55055379512856,427.97902821072444,72438000
2021-10-28,429.7322692871094,429.8072666921166,427.04129028806375,427.05064707991323,51437900
2021-10-29,430.6042785644531,430.8949400235168,427.14444004690756,427.43510150597126,70162400
2021-11-01,431.34503173828125,431.9638676988326,429.6198050970678,431.5887947913139,48433600
2021-11-02,433.0889587402344,433.3983909976397,431.3824744636354,431.5137556913935,48908400
2021-11-03,435.7331237792969,436.1362956921223,432.0857485213813,432.52643344894864,52509800
2021-11-04,437.78643798828125,437.87082079414984,435.98618562096254,436.33310224976924,52847100
2021-11-05,439.3054504394531,441.2932109079652,437.7958878886841,440.0086692059953,66390600
2021-11-08,439.6805419921875,440.8994718203254,438.99609396549533,440.40253164977514,50405200
2021-11-09,438.2272033691406,440.2806045314554,436.8207657847632,440.0461982673925,51149100
2021-11-10,434.7017517089844,438.22723130169896,433.22031661586044,436.5394889244419,69429700
2021-11-11,434.8424072265625,436.26761577316523,434.82366502454624,436.1925897370025,34848500
2021-11-12,438.1240539550781,438.67724930991125,435.16115531508916,436.1081657875227,53466700
2021-11-15,438.2740478515625,439.56797493267015,437.14891501750157,439.40859470618256,46980500
2021-11-16,440.0086669921875,441.1431852512349,437.9365237158013,438.01152112700873,48857500
2021-11-17,438.9397277832031,439.9242224676994,438.32089192487604,439.74607145027005,47858300
2021-11-18,440.43060302734375,440.69313688366196,437.25204053194824,439.97114731825366,50625600
2021-11-19,439.6430358886719,441.5651558500262,439.2773483740664,440.31809847431913,57315600
2021-11-22,438.4053039550781,444.00292604113224,438.1990253218852,441.518225650883,72762000
2021-11-23,438.9866638183594,439.8399060268832,435.4799553727706,438.0771663973215,73206500
2021-11-24,440.1587219238281,440.2806177630515,436.17381531500166,436.98954456020806,61858800
2021-11-26,430.3417663574219,434.96425094373944,429.21660486222436,433.50155816840993,112669600
2021-11-29,435.6205749511719,437.4583119148909,432.92959581507233,435.1236348523177,86268800
2021-11-30,427.1445007324219,435.08618670574947,426.9007090428121,433.18280884176426,148559600
2021-12-01,422.4001159667969,435.68627648871933,422.20322270380683,432.8452735236711,131939200
2021-12-02,428.8697204589844,430.4355669860337,422.22196184931875,422.6157769864965,127637800
2021-12-03,425.137939453125,431.5887754076615,420.91862695944747,430.5292831950463,137331600
2021-12-06,430.1728515625,432.04810099492255,425.26906399566224,427.6787663836937,98977500
2021-12-07,439.071044921875,439.63362565886325,430.0417113660508,435.442440658666,95484700
2021-12-08,440.233642578125,440.68371284123066,437.71142925167635,439.46481188962696,72238800
2021-12-09,437.2614440917969,440.3368530852221,437.06455084489505,438.9491577219033,61272600
2021-12-10,441.3775329589844,441.52755637554407,437.4113979747184,439.9617388281514,77159800
2021-12-13,437.46771240234375,441.2088270752524,437.18640772794674,440.86191039613635,87724700
2021-12-14,434.4579162597656,436.6894683893485,431.5419161774256,434.20476780499797,97264100
2021-12-15,441.246337890625,441.49010093703475,432.00134036114184,434.5141971486355,116899300
2021-12-16,437.3551330566406,443.37466871193504,435.8080291263727,443.0933926959083,116568600
2021-12-17,432.7005615234375,437.282834000872,430.99749985758564,434.2812990838007,135511600
2021-12-20,428.09942626953125,428.4945962518149,424.4863000014907,427.62896667138153,107134800
2021-12-21,435.7019348144531,435.8430669166713,429.350731783521,431.5148339230484,69806300
2021-12-22,440.0584411621094,440.17134685592566,435.25032979357655,435.44794347232624,58890200
2021-12-23,442.7965393066406,444.2925972471357,440.9523458894644,441.0558332086626,56439700
2021-12-27,449.06304931640625,449.11008378457836,444.12322414632985,444.17025861450196,56808600
2021-12-28,448.696044921875,450.5214301033936,447.9339028188725,449.49583182545905,47274600
2021-12-29,449.27008056640625,450.28626060152465,447.8022490075834,448.7996209971791,54503000
2021-12-30,448.0280456542969,450.70025247373695,447.56700448030426,449.6934621372565,55329000
2021-12-31,446.8990173339844,448.6867582396512,446.6261714147494,447.53886427339836,65237400
2022-01-03,449.4864807128906,449.6182231773568,445.8545465639054,448.15978126090016,72668200
2022-01-04,449.33587646484375,451.62233155714586,447.4822648058163,450.9072238974489,71178700
2022-01-05,440.7076721191406,449.74050080120287,440.61357447061033,448.96894028365364,104538900
2022-01-06,440.29364013671875,443.0034914570786,437.93192425280233,440.2466056724417,86858900
2022-01-07,438.552978515625,441.47925183914367,437.1980527186537,440.3031029677847,85111600
2022-01-10,438.0072326660156,438.22362566846715,429.62364055153137,435.36325245373706,119362000
2022-01-11,441.99676513671875,442.0908627934465,434.751676287286,437.7438209696161,74303100
2022-01-12,443.191650390625,445.2428756029094,441.2345515344107,443.72798110407143,67605400
2022-01-13,437.08514404296875,444.9418241930247,436.05954567988096,444.29258772329274,91173100
2022-01-14,437.263916015625,437.6120514809011,432.7286791584299,433.94247281173614,95890900
2022-01-18,429.5201110839844,432.7851012078921,428.40983354006795,432.5780978764357,109709100
2022-01-19,425.06024169921875,432.45585270815616,424.78736709556773,431.06331069209193,109357600
2022-01-20,420.3554992675781,431.6371071717395,418.23843183981757,426.9419312650556,122379700
2022-01-21,412.1037902832031,421.58824292541317,412.07556385655806,419.23594498974285,202271200
2022-01-24,413.8539123535156,414.3620167798547,395.90118600682246,406.50533543462075,251783900
2022-01-25,408.8011474609375,413.7409730372485,401.9136123373261,407.4744480032651,167997300
2022-01-26,407.7755126953125,417.80571346524874,403.5225401054795,414.6818552495206,186391100
2022-01-27,405.76190185546875,415.5004192840026,404.0776775137982,412.36717163695266,149878300
2022-01-28,415.83917236328125,415.88620682845203,402.54398201671927,407.1168346707988,164457400
2022-01-31,423.3288879394531,423.67702338927,413.82559991033423,415.1711072435179,152251400
2022-02-01,426.18927001953125,426.82908804425705,420.53433767425685,424.05336552481776,123155400
2022-02-02,430.3293762207031,431.05387362428513,426.28340667304684,428.58867006151223,117361000
2022-02-03,420.2144775390625,426.20812763649417,419.37704575360794,424.3074813838875,118024400
2022-02-04,422.1904296875,426.0293671450485,417.6081293545503,419.97926396514714,118454400
2022-02-07,420.83544921875,424.3450587788941,419.5087499574974,422.95251700944823,84472900
2022-02-08,424.29803466796875,425.2201456654425,418.91597660458353,420.33677354523064,81012000
2022-02-09,430.5081481933594,430.8280572528607,428.1276239352286,428.3252089130967,92589900
2022-02-10,422.77374267578125,430.6680383540824,420.778998939607,424.67438876665915,140103700
2022-02-11,414.437255859375,424.92849902096657,413.0070690365457,422.85849404433793,153214600
2022-02-14,413.0822448730469,415.5098319487012,409.6196698794952,413.92909493615394,123006300
2022-02-15,419.7439270019531,419.91328551244476,416.9964311797467,417.51395380344815,88482700
2022-02-16,420.2144775390625,421.588211390658,415.82979106919817,417.70221089727113,84863600
2022-02-17,411.2380676269531,420.18621676202645,410.63589438127366,417.03413227878895,102259100
2022-02-18,408.5753173828125,412.74358216810356,406.3076988713617,411.49214366579196,132642900
2022-02-22,404.1906433105469,409.7702869392554,400.6998126141375,406.37358261467153,124391800
2022-02-23,397.0208435058594,407.6626367061376,396.45628627766916,407.0980794779474,132578000
2022-02-24,402.99566650390625,403.42850999389174,386.3790593344902,386.73658449661104,213942900
2022-02-25,411.8872985839844,411.97197784953823,402.5815957478885,404.22820402320997,121804500
2022-02-28,410.8335266113281,412.3107765451423,405.25388303089113,406.50529284633944,145615000
2022-03-01,404.5764465332031,411.3416578546236,401.8759843184385,409.3374953713261,137785900
2022-03-02,412.0190734863281,413.740942784039,406.0724579549326,406.8251817399771,117726500
2022-03-03,409.96783447265625,415.04879163986294,408.17067562721684,414.4466183746847,105501700
2022-03-04,406.636962890625,407.76604842308336,402.6004124792588,406.2417642897953,113978200
2022-03-07,394.6497497558594,406.7593757746247,394.58387851759204,406.053686344957,137896600
2022-03-08,391.6576232910156,401.97008984857894,390.5943799836052,394.82851645161617,164772700
2022-03-09,402.158203125,404.13413881650297,397.8393882545467,400.02232727972273,116990800
2022-03-10,400.3422546386719,401.2361105228519,395.6000145047704,397.55711352812676,93972700
2022-03-11,395.2519226074219,403.4379021571393,394.7438182155745,402.8263104395944,95636300
2022-03-14,392.36328125,399.46720926881693,391.22477713105775,396.0234704863825,95729200
2022-03-15,400.991455078125,401.6218547157255,393.6993329697204,394.96955062340055,106219100
2022-03-16,409.8831787109375,409.9396315604553,399.7024270341616,404.4917305799787,144954800
2022-03-17,415.0112609863281,415.0112609863281,407.59681269311073,407.9731746506464,102676900
2022-03-18,419.55670166015625,419.8776045343294,412.6666654946888,413.40286121868064,106345500
2022-03-21,419.4340515136719,421.3877829881189,415.9323761926658,419.3868421211315,88349800
2022-03-22,424.3419494628906,425.276343887646,420.82140820007544,420.82140820007544,74650400
2022-03-23,418.8770751953125,423.30369655482366,418.79213287032195,421.8124388431465,79426100
2022-03-24,425.1914978027344,425.2009454427064,419.78329999434203,420.897026967389,64736900
2022-03-25,427.2678527832031,427.5415750381884,423.2470765001447,425.8237756229709,77101300
2022-03-28,430.30706787109375,430.30706787109375,424.7855856636152,426.67326991890525,68529800
2022-03-29,435.6303405761719,436.12115693733773,431.5057549157547,434.18626321308204,86581500
2022-03-30,432.9404296875,435.30003519309184,430.83565120715195,434.4883159212036,79666900
2022-03-31,426.2768859863281,432.9970375414447,425.823831381212,432.17589947274035,121699900
2022-04-01,427.4850158691406,427.99466991123313,423.91729355560483,427.8530993439852,89048800
2022-04-04,431.1470642089844,431.25090181901925,426.86204176947047,427.68317979634264,59601000
2022-04-05,425.701171875,432.1192876988634,424.5591308094842,429.6558732347616,74214500
2022-04-06,421.4443664550781,423.71902938512,418.5656595556562,421.793612229182,106898000
2022-04-07,423.5679931640625,425.380182602623,418.62226996039726,420.5665823101026,78097200
2022-04-08,422.4354553222656,425.32361011547357,420.89698794603316,422.8129864370016,79272700
2022-04-11,415.21502685546875,420.0097320215141,414.7147916975716,419.16969873165914,89770500
2022-04-12,413.6766052246094,420.71765996000386,412.12869019333453,418.19758861647455,84363600
2022-04-13,418.4145812988281,419.1696433531076,413.251764572228,413.4310968507793,74070400
2022-04-14,413.2046813964844,419.7549485147844,413.1008437773758,418.64119283709516,97869500
2022-04-18,413.3746032714844,415.0546413726437,411.1471205194664,412.27974277354747,66002500
2022-04-19,420.04754638671875,420.76484688177004,413.1008527235854,413.27073740895713,77821000
2022-04-20,419.7359924316406,422.43539568830266,418.5750851378038,421.8219041129893,65224400
2022-04-21,413.4595031738281,424.73842874926703,412.55342274585064,423.3509795921558,85417300
2022-04-22,402.114501953125,413.47834025677906,401.5481909244776,412.3740611145033,132471800
2022-04-25,404.4458312988281,404.61571598232445,395.31886452951045,399.87763849644267,119647700
2022-04-26,392.7327575683594,402.11455163658286,392.70444345361744,401.9163240296101,103996300
2022-04-27,393.8370056152344,399.169736833569,391.70394193167726,393.80869150273776,122030000
2022-04-28,403.78509521484375,405.51234242525084,394.14847523083597,398.57509707971343,105449100
2022-04-29,388.8629455566406,401.95403088704296,388.11730223189977,399.80207204922027,145491100
2022-05-02,391.2037658691406,392.5629010819542,382.27499699533837,388.92910247552595,158312500
2022-05-03,392.9969787597656,395.40376459664327,390.1465571793375,391.7039196895496,100028200
2022-05-04,404.9649658203125,405.5312769483244,390.4769810805958,393.65772495141096,144247900
2022-05-05,390.5712890625,401.132884248546,386.4467037789483,400.7081437907731,172929100
2022-05-06,388.24005126953125,391.50573725161655,382.9451102963641,388.01353835630266,151770800
2022-05-09,375.8097229003906,383.5869746829245,374.2334934949819,382.3505435030445,155586100
2022-05-10,376.6779479980469,383.27539519585025,372.6477525173204,381.7746896823651,132497200
2022-05-11,370.6940002441406,381.3499860628742,369.94835688896774,375.71524733858433,142361000
2022-05-12,370.3070983886719,373.57278480387015,363.52086969331447,367.5038855005772,125090800
2022-05-13,379.1603088378906,380.53831045425517,373.3934177273955,374.43164996045624,104174400
2022-05-16,377.6217956542969,381.28390774009296,375.271637959596,377.51798684544667,78622400
2022-05-17,385.3896484375,385.62560898408395,379.9719747013643,383.70016285890136,83029700
2022-05-18,369.85394287109375,381.123419587076,368.61751205317614,380.8402784851767,117674500
2022-05-19,367.5887756347656,372.005979027499,365.3707407010665,366.79595164216687,98510700
2022-05-20,367.7491455078125,374.7335702135372,359.1696255939551,371.16584877605425,131432200
2022-05-23,374.62982177734375,375.39433157969796,368.457086332618,370.7694822124612,76414900
2022-05-24,371.77001953125,372.95924112163084,365.22917116715337,370.5146932699092,91448800
2022-05-25,375.05462646484375,377.01783466440037,369.8823888701669,370.27878652330077,91472900
2022-05-26,382.5486755371094,384.18153289436907,376.073931942696,376.2815783765453,82168300
2022-05-27,391.93994140625,392.0531978674875,384.8044963104918,385.0026951176574,84768700
2022-05-31,389.74078369140625,393.07254576990726,387.0036468547426,390.3259612932842,95937000
2022-06-01,386.58831787109375,392.8648626531449,384.07769419751776,391.8549734040455,86585800
2022-06-02,393.9502868652344,393.9974674509903,384.1815149003103,386.4278638148007,79609600
2022-06-03,387.4849548339844,390.7884022780611,386.51279859544996,389.240487364167,71874300
2022-06-06,388.66473388671875,393.21403077110097,387.49435013390536,391.48681245747764,57508900
2022-06-07,392.3929138183594,392.8459684053957,384.7194727728496,385.1819749982957,59272400
2022-06-08,388.126708984375,392.46838795175415,387.3338851596179,390.68451274322166,64350000
2022-06-09,378.89599609375,388.6175587452947,378.89599609375,386.3523433395128,86289800
2022-06-10,367.9096984863281,373.55388552538324,367.86251789521714,372.7044332589276,132893900
2022-06-13,353.94085693359375,360.3684205912054,352.33631352731584,358.5184977773577,170004900
2022-06-14,352.87420654296875,356.715650424304,349.77840591220803,355.6868660931428,104011800
2022-06-15,357.9049072265625,362.3409474596305,351.2224895627162,356.1682125540914,125666800
2022-06-16,346.0597229003906,350.10881384000515,343.63404163139757,349.702968623294,134473300
2022-06-17,346.8057556152344,350.14245020385545,343.30795986691686,346.474006989018,111113900
2022-06-21,355.5361328125,356.9200870230244,352.4459063417937,352.521756092844,76811900
2022-06-22,354.8915100097656,358.99598772773135,350.90074904768903,351.3178358414842,90059400
2022-06-23,358.3703918457031,359.1002793406204,353.46966494173824,357.0243625508475,79292100
2022-06-24,369.7643737792969,369.7738622299875,361.5080041964566,361.53644062032527,98050300
2022-06-27,368.3519592285156,370.9776852889989,367.2618578134948,370.683832618729,66009600
2022-06-28,360.82550048828125,372.68398100101825,360.71175479299797,369.90658420443964,86548900
2022-06-29,360.5316162109375,362.36109348225904,358.7116273894593,361.3752782573753,65676000
2022-06-30,357.6025085449219,360.8349164010324,353.1567653026987,356.64510092174794,112508300
2022-07-01,361.3847351074219,361.82079880218214,354.33221338787916,356.9484798436387,74839700
2022-07-05,362.0672607421875,362.08623764291843,353.4791138897527,356.3039239194396,81438000
2022-07-06,363.2900390625,365.7735827766986,359.83013971421116,362.2093972721212,70426200
2022-07-07,368.7311096191406,369.52735833895935,363.3090102076316,365.06266665246835,64525900
2022-07-08,368.42779541015625,370.29519752923926,365.5745491503481,367.10068528955685,72397800
2022-07-11,364.218994140625,366.72148571389,363.527002730403,365.7546185718872,58366900
2022-07-12,360.9960632324219,366.04848886653093,359.2518953418649,363.6692023712076,62219200
2022-07-13,359.1003112792969,362.029407826538,355.1475033861952,355.56459025701633,84224600
2022-07-14,358.2281799316406,359.3087928722651,351.715979081912,354.1521096552973,89704800
2022-07-15,365.0721130371094,365.18585870852,360.7211675364694,362.6264653889919,79060400
2022-07-18,362.05780029296875,368.82592927824663,360.83497625525047,368.1529146526756,63203600
2022-07-19,371.8403015136719,372.40905889172745,365.31864088700104,365.97267860433266,78506000
2022-07-20,374.2101135253906,375.62253303614597,370.6649043931411,372.02991057920354,71843800
2022-07-21,378.02069091796875,378.0680753048155,371.2335862430008,373.63182056702766,64903900
2022-07-22,374.5134582519531,379.3383643459128,372.29533041038957,378.1440056178114,72197300
2022-07-25,374.9684753417969,375.8215969964553,372.73137056679104,375.1390938870878,53631500
2022-07-26,370.53216552734375,373.53705331768873,369.6411191276845,373.3285099278068,52946400
2022-07-27,380.1535339355469,381.8977018374365,373.52755888438156,373.8214115297532,82342100
2022-07-28,384.92156982421875,385.61353235014826,377.4140367716771,380.95927437369363,73966600
2022-07-29,390.533203125,391.5190471453721,385.5850639824012,386.3528761831323,87003700
2022-08-01,389.3768005371094,391.8793213752261,387.1302364241008,387.8411758992656,69997500
2022-08-02,386.8079528808594,391.4906766053588,385.63254218875403,387.8127450392465,63435400
2022-08-03,392.8652038574219,394.0311261963377,388.64695098882254,388.9313152353376,67820600
2022-08-04,392.59979248046875,393.4718621327927,390.9598814965707,392.7893590044414,45656600
2022-08-05,391.9361572265625,392.5807353471059,388.26771450946586,388.3245873478551,56814900
2022-08-08,391.48114013671875,395.8700106498597,390.3815503961838,393.6234467801919,53886100
2022-08-09,389.9265441894531,391.25362520037476,388.85539093228897,390.75122921309026,44931800
2022-08-10,398.1165771484375,398.2587881715667,395.0168917661512,396.9696030117307,68665700
2022-08-11,398.1165771484375,402.818277227606,397.37720132659865,400.9603347598482,59489700
2022-08-12,404.8563232421875,404.9605804756404,399.10244636975136,400.0503656332881,61694500
2022-08-15,406.5246887207031,407.0460617331619,402.5908291054767,402.6477019536426,54048300
2022-08-16,407.3209533691406,409.24522847882577,404.64781387838514,405.45355110579476,59289000
2022-08-17,404.4298095703125,407.13138566830423,402.4297135053033,403.7283584655346,63563400
2022-08-18,405.6051940917969,406.28766820146114,403.33965312992564,404.628809463559,49023200
2022-08-19,400.15460205078125,403.11210515684974,399.28250370833194,402.84668895318197,68016900
2022-08-22,391.8224182128906,395.5003494416631,390.92188337608326,395.329701995395,77695600
2022-08-23,390.87451171875,393.7846307828097,390.3247023494631,391.39585573923233,49105200
2022-08-24,392.12579345703125,393.49077064865355,389.96453858867704,390.6470127203874,49177800
2022-08-25,397.66156005859375,397.70894444340723,392.5238256898345,393.61392689430716,50942300
2022-08-26,384.2011413574219,398.088152311537,384.14426851779484,397.5478603350803,103087000
2022-08-29,381.6607666015625,384.70357956798847,380.30524889484775,381.2531682301508,65370800
2022-08-30,377.470947265625,383.0542059895712,375.3760536519589,382.8172261577202,85652400
2022-08-31,374.59869384765625,380.34308175251573,374.4660002053889,379.1013099434974,76029700
2022-09-01,375.77423095703125,376.1154680642841,369.7265004007181,372.42807654595646,78740100
2022-09-02,371.81182861328125,380.6464427581479,370.00129941700374,379.43310730382876,99632100
2022-09-06,370.4089660644531,373.5939611226999,368.1908383071308,372.6555302445026,76637400
2022-09-07,377.06329345703125,377.83110568507885,369.8780787401788,370.0960816393788,70964200
2022-09-08,379.5279541015625,379.9829368756566,373.59396971166063,374.79784580059123,80821700
2022-09-09,385.4239807128906,386.28659071940456,381.4995810521483,381.7649972904449,76706900
2022-09-12,389.56640625,390.2868341942052,387.1871194866291,387.49046061347366,69256300
2022-09-13,372.62701416015625,382.1062054187296,371.5084765344116,380.9023296148453,122947100
2022-09-14,374.0489807128906,375.5656574561683,370.75021096587693,373.9257465690702,85023700
2022-09-15,369.80230712890625,375.3381528851013,368.53209861998994,372.4943947202488,87633800
2022-09-16,366.9810485839844,367.6378019325583,363.69728184111455,365.6294902775206,103084800
2022-09-19,369.8270263671875,369.8270263671875,363.763980617156,363.84014194343365,73278500
2022-09-20,365.58184814453125,367.5140273539414,362.8311237056201,366.5051079074727,77274900
2022-09-21,359.20477294921875,370.55036925173334,359.1952455228189,367.504555601014,106746600
2022-09-22,356.1875,360.0708846733697,355.44508694272207,358.4337649769324,89472600
2022-09-23,350.2196960449219,352.7610211494688,345.78424282582023,352.722940486398,122346900
2022-09-26,346.7550048828125,352.37069598680137,345.53668535839785,348.7538180681722,92581200
2022-09-27,345.869873046875,352.5515910179344,343.4808127042095,350.2862710344236,108294100
2022-09-28,352.6753234863281,354.3600222961964,345.1274522170946,346.821678453464,110802200
2022-09-29,345.3082580566406,349.42006827966514,342.36715927302765,349.13453598884,112952300
2022-09-30,339.9686279296875,348.2779675279083,339.8353891876637,344.36600021604005,153711200
2022-10-03,348.9442138671875,350.7907337489844,341.90080218718504,343.6806881754969,89756500
2022-10-04,359.7568664550781,359.78541969158493,348.90620087696135,354.45525951637643,103602800
2022-10-05,358.91925048828125,361.1750432151708,353.0751323104993,355.3975589353477,88065700
2022-10-06,355.2166442871094,360.4706419018,354.721682907655,357.5200156173895,82333500
2022-10-07,345.3082580566406,355.3022948939197,343.5473981378096,351.19045562386657,107789500
2022-10-10,342.6717529296875,346.659852271921,340.43501530969775,346.42189898919605,76042800
2022-10-11,340.5016784667969,345.5367789247286,338.5694986420496,340.97758511374974,92482800
2022-10-12,339.3785400390625,342.4814606200205,339.1310592917608,340.9109745209168,76991800
2022-10-13,348.33502197265625,349.80082219820514,331.3356258487721,332.3826260098785,147254500
2022-10-14,340.39697265625,352.41837848921915,339.7592450066515,350.7907569397952,123737000
2022-10-17,349.1441345214844,350.24824134925336,340.06382821256403,346.46954168027236,93168200
2022-10-18,353.2464599609375,357.3583002169347,349.8103989866183,357.05371300233446,97162900
2022-10-19,350.7431335449219,353.9317132956456,347.9352732315164,351.2095126771094,79746900
2022-10-20,347.80206298828125,354.7122360773966,347.0405950042413,350.2958089110657,88283100
2022-10-21,356.2541809082031,356.7395859020458,346.02218871676973,347.5260408349085,131038400
2022-10-24,360.6134338378906,361.7460937798273,355.1309809456278,357.77704931693273,85436900
2022-10-25,366.3719482421875,366.6860338162217,360.4231157662592,360.5373287022716,78846300
2022-10-26,363.6116943359375,368.90377378445976,362.9739957124518,363.230974837986,104087300
2022-10-27,361.66998291015625,366.44807462100994,361.05128110498777,364.6110821532887,81971800
2022-10-28,370.2742919921875,370.7501985039981,361.3843618372089,361.5652086354592,100302000
2022-10-31,367.5997619628906,369.68423516133385,366.69555686556424,367.81868945232327,96631300
2022-11-01,365.9912109375,371.57837896955164,364.8204992604764,371.3404256632253,85407600
2022-11-02,356.8062438964844,369.90320408108596,356.7015583770088,365.40111675587,126990400
2022-11-03,353.1322021484375,356.16848838692556,351.0191758170607,353.5700280593983,87100100
2022-11-04,358.21484375,360.6134021561234,352.17082513091503,358.8335164171756,103505200
2022-11-07,361.64141845703125,362.231537963315,357.4343915475703,359.50933724612685,68286900
2022-11-08,363.5926513671875,366.5623039769019,359.5188919325988,362.74552365571884,84641100
2022-11-09,356.1018371582031,362.77405623568103,355.60687575970667,361.62234147920316,78495500
2022-11-10,375.671142578125,376.00428299719744,367.0572450041489,369.35108918360226,141455800
2022-11-11,379.30706787109375,380.10658743180727,374.64316019638335,376.5277606911573,93839900
2022-11-14,376.08038330078125,380.89655521020984,375.8043493716394,377.5461835918774,71903500
2022-11-15,379.2880554199219,382.9239890323085,375.48080239259394,381.8198821687392,93194500
2022-11-16,376.39453125,378.61224316456577,375.76633106956126,377.6604299906343,68508500
2022-11-17,375.2428894042969,375.9186978031396,371.340477869537,371.64503606870596,74496300
2022-11-18,376.94659423828125,378.6408206344442,374.1006819611119,378.5741867367159,92922500
2022-11-21,375.57598876953125,376.746729530004,373.73899615884227,375.62359686049797,51243200
2022-11-22,380.63006591796875,380.79188693120494,376.1089535381112,377.5176474312929,60429000
2022-11-23,383.0286865234375,383.51409151080327,380.06853232216565,380.29695819857307,68261600
2022-11-25,382.9430236816406,383.4950916496888,382.19111210524926,382.4671170422372,30545400
2022-11-28,376.83233642578125,381.4962149118125,376.0708685003482,379.8590951809206,67881600
2022-11-29,376.1851501464844,378.15538144006086,374.34812855248094,376.96561491269216,52310000
2022-11-30,388.03521728515625,388.03521728515625,374.519486615748,376.4326114888511,144566700
2022-12-01,387.74969482421875,390.2434409456629,385.2464212750172,389.07270016589297,76398200
2022-12-02,387.3022766113281,388.20648163885994,382.7621385272809,382.8668240269508,85342700
2022-12-05,380.33502197265625,385.4177008262784,378.98346353454565,384.48494250767516,77289800
2022-12-06,374.8526306152344,380.7158042080798,372.76818614779955,380.1732926862465,77972200
2022-12-07,374.21484375,376.5753507067164,373.0821838315825,374.0054437050733,65927900
2022-12-08,377.1464538574219,378.2124799961138,374.3195674856605,376.09948257287107,60737900
2022-12-09,374.3291320800781,378.45999830118234,374.2053917040091,375.909145637889,81447700
2022-12-12,379.725830078125,379.725830078125,374.4527776179369,375.11902932851245,75405800
2022-12-13,382.6003112792969,390.70974839855415,379.84005911089247,390.45276931962,123782500
2022-12-14,380.1542053222656,385.9602719426471,377.2131058725146,382.2577044665144,108111300
2022-12-15,370.85491943359375,376.2041040710259,369.19877403899443,375.29987006418787,117705900
2022-12-16,366.47662353515625,369.641590174743,364.3443519350762,368.3029384387337,119858000
2022-12-19,363.3690490722656,367.00256593948217,361.7052981772117,366.6678956887565,79878100
2022-12-20,363.8662414550781,365.482194633709,361.2941043449694,362.61364283927566,74427200
2022-12-21,369.3069152832031,370.43520527298585,365.9220161334383,366.45747677877307,78167400
2022-12-22,364.038330078125,369.28777027212345,358.34902428686854,366.2662256920997,100120900
2022-12-23,366.1323547363281,366.27577647509355,361.466172965727,363.01518610522345,59857300
2022-12-27,364.6885681152344,366.36189009849295,363.01524613197586,366.0176778685383,51638200
2022-12-28,360.15618896484375,366.59131636080116,359.9267141935356,364.6215509122238,70911500
2022-12-29,366.63916015625,367.5092910145083,362.47018314198056,362.9961017998292,66970900
2022-12-30,365.67340087890625,365.8168226274327,361.8486652893112,363.9618527124626,84022200
2023-01-03,364.1339416503906,369.4981190554035,361.2749320892196,367.52838265402187,74850700
2023-01-04,366.9451599121094,368.9722652057651,363.34989894273167,366.3905568832152,85934100
2023-01-05,362.7571105957031,365.1093151949147,362.1642811518745,364.99457777745386,76970500
2023-01-06,371.0758361816406,372.19458418736764,362.7857380848977,365.8455090657922,104189600
2023-01-09,370.865478515625,376.44961824670435,370.6838304181261,373.26550947515705,73978100
2023-01-10,373.46630859375,373.5332484725184,369.34515816722075,370.2822289287242,65358100
2023-01-11,378.18988037109375,378.26639143115705,374.231293835196,375.04405606095594,68881100
2023-01-12,379.5667419433594,381.0297021014003,375.2256881711222,379.2894696301709,90157700
2023-01-13,381.0392761230469,381.61299228704434,376.10536380133436,376.3730941204777,63903900
2023-01-17,380.34130859375,382.6935423019026,379.6624261074559,381.0202202604648,62677300
2023-01-18,374.33642578125,382.58829750949707,374.1356353327088,381.526947386791,99632300
2023-01-19,371.6112976074219,373.9443593060729,370.2917592534764,372.2997219516563,86958900
2023-01-20,378.5340576171875,378.68705053096147,371.36267892386525,373.0073162714171,91806400
2023-01-23,383.0759582519531,385.0074392135379,378.3810918291715,379.3372757234957,84178800
2023-01-24,382.6648254394531,383.57318267652687,380.21699688122226,381.40265563212273,59524900
2023-01-25,382.8082275390625,383.1428977378186,376.31573073269413,378.6010242444025,84800300
2023-01-26,387.0154724121094,387.1780365308271,382.5022827834098,385.466459007332,72287400
2023-01-27,387.90472412109375,390.2760709827511,385.7628812656745,385.97324291614746,68346200
2023-01-30,383.0377197265625,387.37880296998725,382.7413050405992,385.1508780562935,74202000
2023-01-31,388.6696472167969,388.7174447402499,383.20981606709955,383.5540574493801,86811800
2023-02-01,392.8003234863281,395.5445957142965,384.7205872650518,387.4552591361378,101459200
2023-02-02,398.5183410644531,399.9813013244029,394.78922953717114,396.68245506156615,101654500
2023-02-03,394.2825012207031,398.70006688935706,393.0776999727351,393.5557920006054,94736800
2023-02-06,391.8727722167969,393.2688214973962,390.2185930098529,391.8345458768114,60295300
2023-02-07,396.9980163574219,398.24104381969875,389.7118993305467,390.9549267928235,90990700
2023-02-08,392.65692138671875,396.3669196696717,391.9684677962696,395.02826801613645,76227500
2023-02-09,389.2528991699219,396.40516522520073,388.028984948847,396.25217230001425,78694900
2023-02-10,390.1612548828125,390.54372257551336,387.26401906949224,388.0767519738261,70769700
2023-02-13,394.74139404296875,394.875273798094,390.3525133608386,390.81149214644563,64913500
2023-02-14,394.55975341796875,396.86413102531327,390.61070909281807,393.2210725630297,88389300
2023-02-15,395.84100341796875,395.9174852871057,391.52860488743005,392.3700513500147,61555700
2023-02-16,390.3907775878906,394.8179138959173,390.25692701019995,390.8784407346895,76431500
2023-02-17,389.41546630859375,389.6545122847336,386.34609496505783,388.26803395095567,89257800
2023-02-21,381.6034240722656,386.4512833840668,381.3452649276504,385.39947527197734,82655900
2023-02-22,381.0775146484375,383.55402728513724,379.62409654042705,382.0145561334285,83742300
2023-02-23,383.1046447753906,384.577176151522,378.88787027584414,383.965204449082,96242400
2023-02-24,379.0121765136719,379.84405183245593,376.3922419822525,378.0942481460913,108194400
2023-02-27,380.30303955078125,383.7070519585176,379.365968807818,382.3492579579314,80444700
2023-02-28,378.8974609375,381.78512595829335,378.79226552930106,379.82496053517093,96438600
2023-03-01,377.4439697265625,379.3085397388385,376.1435738139038,378.0846256879309,99706800
2023-03-02,380.3795166015625,381.2209631061389,375.13961830151106,375.4742885040699,85127800
2023-03-03,386.4800109863281,386.7286281625777,381.54609807414363,382.1962961869598,90120000
2023-03-06,386.74774169921875,389.5971805098177,386.30790523195174,387.3023155770407,72795900
2023-03-07,380.8193359375,386.9389359941927,380.2073934400801,386.69989002886615,108310600
2023-03-08,381.4409484863281,382.1963128648765,379.21302334137835,380.9341721144572,74746600
2023-03-09,374.4032897949219,383.88864500309217,373.4184217444112,382.22486551104845,111945300
2023-03-10,369.00091552734375,375.9332484862883,367.48058669730784,373.8583166785041,189253000
2023-03-13,368.4749755859375,373.28460811867615,363.9713580532645,365.0805347641921,157790000
2023-03-14,374.5659484863281,376.21058604424246,370.0909854321958,373.3898317252391,149752400
2023-03-15,372.2233581542969,372.4241486517229,366.89740552979487,368.9819091170098,172996900
2023-03-16,378.75396728515625,379.0982086417623,369.3642641428275,369.8710404113854,143254200
2023-03-17,374.32537841796875,378.5582467760813,372.943216125859,377.42565051475987,140553400
2023-03-20,377.9246826171875,378.33743311980123,374.4021114765073,375.10277090610924,93055800
2023-03-21,382.8870544433594,383.36697102971766,379.69079357481445,381.28412015653794,91524200
2023-03-22,376.3601989746094,386.3232727268631,376.3218267349629,382.71431965042825,111746600
2023-03-23,377.3776550292969,383.25182988301947,374.6709182110407,379.2205184817109,119351300
2023-03-24,379.85394287109375,379.9403243336123,373.7589969312936,376.10099199884445,107682400
2023-03-27,380.564208984375,382.8966256334002,379.67157124890343,382.1287415933862,74010400
2023-03-28,379.7099914550781,380.564227707631,377.8767066648121,379.87314668350865,62871700
2023-03-29,385.22906494140625,385.4690232440617,382.6662973806607,383.8660888939379,77497900
2023-03-30,387.48468017578125,388.10856590647154,385.62260139743574,387.8589998974814,69840000
2023-03-31,392.9461364746094,393.24368242982905,388.30051790737826,388.4061147934353,112062600
2023-04-03,394.4435119628906,394.846625551224,392.0343209722465,392.42785614585927,67391100
2023-04-04,392.25506591796875,395.37452397054454,390.88248211307797,395.08655642138893,66601500
2023-04-05,391.2279968261719,392.2838191469049,389.577082640603,391.52554275858984,65200200
2023-04-06,392.7541809082031,393.0325407601975,389.3851567329968,390.4313714897771,63743300
2023-04-10,393.1572570800781,393.23406013832266,389.66347951634174,390.27775752337686,63681000
2023-04-11,393.2628479003906,394.6641961280183,392.4949930804865,393.78116601430696,59297900
2023-04-12,391.6598815917969,395.61441853712375,391.0743974655557,395.32645103436823,86420400
2023-04-13,396.8622131347656,397.2173467130726,391.6023169352439,392.7445207254535,85814800
2023-04-14,395.8927307128906,398.4170963154106,393.58913725641605,396.22867813799274,78161500
2023-04-17,397.31341552734375,397.3326016491202,394.5778846470639,395.8064701519047,66436400
2023-04-18,397.5724792480469,399.02183667204184,396.1999248791392,398.8874459715307,63560000
2023-04-19,397.5053405761719,398.4075568472331,395.60486027089866,395.6624479202901,55227300
2023-04-20,395.3360900878906,397.0829934844094,393.7907434550367,394.6929889766768,75840400
2023-04-21,395.6432189941406,396.10392013942635,393.6947589557848,395.63361128968654,73457400
2023-04-24,396.0559997558594,396.47832873039835,394.1075394245126,395.44169241406223,64332100
2023-04-25,389.7690124511719,394.6449810037149,389.71142480850085,394.08826140218645,97766700
2023-04-26,388.11810302734375,391.4583328014488,387.56141271088387,390.3833244029181,80447000
2023-04-27,395.8448181152344,396.11357024267807,390.40255091976803,390.65211692803183,92968400
2023-04-28,399.2234191894531,399.23302689490464,394.9041697532796,394.9617574024191,89433100
2023-05-01,398.8203125,400.8455465437123,398.58993260769745,398.7819109693187,62122300
2023-05-02,394.3378601074219,398.1580067083917,391.43917444922255,398.1099974743272,103998500
2023-05-03,391.6311340332031,397.24616414474065,391.39117573178515,394.83697342513307,91531800
2023-05-04,388.8572692871094,390.91129731617235,387.5230869408355,390.58495750937874,94901900
2023-05-05,396.0559997558594,397.102214486308,392.2262744508848,392.48541888407567,87891800
2023-05-08,396.16156005859375,396.64147667611564,394.76021173712985,396.3823322476967,50046800
2023-05-09,394.4242858886719,395.53769601743005,394.19393527299343,394.61626426292884,49220100
2023-05-10,396.2671813964844,397.8893020071386,392.44703434025826,397.2558085179079,96142900
2023-05-11,395.5760498046875,395.8639880395315,393.5028066384593,395.4032868637811,70157100
2023-05-12,395.0577392578125,397.0254148728848,392.63897016343816,396.8142503993596,70481500
2023-05-15,396.4207458496094,396.82385941720236,393.75241054660967,395.66246936913564,54289400
2023-05-16,393.7715759277344,396.2383543170176,393.761968222226,395.31689334176326,57705500
2023-05-17,398.5515441894531,399.1562144912637,394.14591338269895,395.78721992832476,87287000
2023-05-18,402.3908996582031,402.8132286270494,398.0140624281471,398.23480532655367,97177200
2023-05-19,401.8053894042969,403.8210450825171,400.5864117249465,403.29314851307697,103793300
2023-05-22,401.9685363769531,403.50427528786696,400.586374286309,401.8245672616326,60745400
2023-05-23,397.45733642578125,401.9013689419868,397.0638012887145,400.32722839371974,86383500
2023-05-24,394.57781982421875,396.2383417764392,393.4164298740769,395.85441436146004,89213700
2023-05-25,397.994873046875,399.44423070710803,395.84485582251955,398.0812545290906,90961600
2023-05-26,403.1491394042969,403.86901432087706,398.5707454798897,398.6475192492727,93830000
2023-05-30,403.30267333984375,405.60626696953454,401.9205113036728,405.0783704702366,72216000
2023-05-31,401.0663146972656,402.3812815149699,399.50178187032054,401.4790359496369,110811800
2023-06-01,404.8768615722656,405.9326839874396,400.0489015795839,401.2966730663804,88865000
2023-06-02,410.7317810058594,411.5188218630449,406.92124253883765,407.4491390116575,91426200
2023-06-05,409.94482421875,412.36359368369943,409.24413533747776,411.0774205267335,65460200
2023-06-06,410.83740234375,411.3652988856477,408.8793344192004,409.53204325524,64022200
2023-06-07,409.4168395996094,412.3635345526036,408.9945106484148,411.2309384070294,85373300
2023-06-08,411.89324951171875,412.34437231335727,408.71620378018724,409.48405866767195,61952800
2023-06-09,412.6322937011719,414.63834160760314,411.64366666036057,412.6898813507892,85742800
2023-06-12,416.3756103515625,416.45241340725585,412.8914406087862,413.61131547404943,76104300
2023-06-13,419.1207275390625,419.76379931662035,417.1722675057486,417.8345546921649,95899700
2023-06-14,419.619873046875,421.4243641568749,416.1740753599218,419.45671780561304,100612100
2023-06-15,424.8221740722656,426.0699454976172,418.7080413628314,418.8040012480244,110303100
2023-06-16,423.3751525878906,427.3732510116979,422.9030966686289,426.80484934957235,114165800
2023-06-20,421.1785888671875,422.32503554227975,419.1072877770987,421.4387253030806,76160400
2023-06-21,419.0205993652344,420.99555478179644,418.4329109170005,420.1959468611093,76982300
2023-06-22,420.53314208984375,420.6391018260277,417.72964857046975,418.0668439684426,70637200
2023-06-23,417.3539123535156,419.1362056994903,416.64100677536294,417.08416191308544,92074500
2023-06-26,415.648681640625,418.70263864501453,415.4078319979814,416.7854848977608,72823600
2023-06-27,420.20562744140625,420.82218732627064,416.07263875155775,416.52543732038123,72813700
2023-06-28,420.4175720214844,421.4291288943605,418.51003201482644,419.1265918933675,75636000
2023-06-29,422.07452392578125,422.2383146152685,419.59861200085055,420.0032229268465,67882300
2023-06-30,427.05535888671875,428.0380149404403,424.9647708481831,425.2827088718478,104964000
2023-07-03,427.5467224121094,427.82608687001783,426.42917637868914,426.70857023719304,32793400
2023-07-05,426.91082763671875,427.6430199831629,425.7258367708566,425.7354801650757,58418400
2023-07-06,423.5678405761719,423.991738320798,421.06299828536083,423.3366343156822,80658300
2023-07-07,422.4984436035156,426.438769743823,422.2575939538954,422.5755319557256,86134200
2023-07-10,423.5678405761719,423.7412452715391,421.57359837767063,422.1420000351028,62443500
2023-07-11,426.265380859375,426.75672360489915,423.35592736761294,424.3289694634643,64463800
2023-07-12,429.69500732421875,431.1015903646367,428.62564905437046,430.0514894814251,91924500
2023-07-13,433.1054382324219,433.8954320784897,431.0726814584312,431.5061931540125,72425200
2023-07-14,432.83575439453125,434.83961069702235,432.07466121110787,433.9918445617416,69815800
2023-07-17,434.338623046875,435.3887239970372,432.6430320958501,432.6912196663996,52680200
2023-07-18,437.5660095214844,438.2114701147798,433.5775252322227,434.0110663595222,80668200
2023-07-19,438.5390930175781,439.72405458332963,437.48896257877516,438.35604491544507,65891700
2023-07-20,435.6294860839844,438.44262237812893,434.916580668598,437.54666891275093,70591600
2023-07-21,435.6294860839844,437.54666891275093,435.6198720922807,437.3443340781795,71275600
2023-07-24,437.5756530761719,438.38490436691495,435.74517222742827,436.7760157789645,54023400
2023-07-25,438.770263671875,440.02267010001805,437.2577208036124,437.3059083742901,55191200
2023-07-26,438.8377380371094,440.26354925381463,436.78569416377627,437.8357951870991,71052900
2023-07-27,435.92822265625,442.6238546795818,435.02262562113657,442.2192143317386,92194400
2023-07-28,440.19610595703125,441.0246146496096,435.92822776892785,439.1941631701477,80011800
2023-07-31,441.0343017578125,441.3907545748612,439.35796801732533,440.6682055455154,62040400
2023-08-01,439.7721862792969,440.51399258801536,438.8184017102693,439.5698514127993,55291500
2023-08-02,433.6545715332031,436.92047716007846,432.90312187918494,436.660370149276,93933400
2023-08-03,432.411865234375,434.29050444334024,430.9956679816183,431.64115804128886,64276100
2023-08-04,430.4561462402344,436.3232404604835,429.9359027397443,434.2230384704291,100128900
2023-08-07,434.21337890625,434.36752621178806,431.59293351328745,432.28658168791264,58357500
2023-08-08,432.3250732421875,434.20371206163696,428.97243590614755,431.6795833163524,71361300
2023-08-09,429.4349365234375,432.7586735355105,428.6738433785323,432.59488283321724,78789600
2023-08-10,429.58905029296875,435.1671361209915,428.4233462814403,431.7855978075418,93005500
2023-08-11,429.33856201171875,430.3501481391964,427.1227570858758,427.7200594884635,68690900
2023-08-14,431.7085266113281,431.7085266113281,428.1150686990038,428.4233633029166,47867400
2023-08-15,426.67962646484375,430.2923712690211,426.1111954097984,429.9358890851779,75707500
2023-08-16,423.5484924316406,427.92230005852804,423.44250331789874,426.2652536120349,80107200
2023-08-17,420.3211975097656,425.27305119137833,419.8009540161682,425.01294414487614,95711300
2023-08-18,420.5234680175781,421.5543115245304,417.1612164787308,417.5080258452247,98852000
2023-08-21,423.25958251953125,424.00138893640195,419.38673031886054,421.5350906095178,68719000
2023-08-22,422.113037109375,425.0321333206804,421.5542789285874,425.0321333206804,64994200
2023-08-23,426.814453125,427.431042301619,423.0283039267051,423.17280782729074,68441000
2023-08-24,420.8992614746094,428.9243595057039,420.87033128977225,428.4137593836846,88517300
2023-08-25,423.86651611328125,425.14782341445994,419.07842352366526,422.62372359066535,102325100
2023-08-28,426.554443359375,427.171003275981,423.86655259327574,426.0534571889985,61595400
2023-08-29,432.72015380859375,432.9995476574254,426.2653709047112,426.44841900560834,83081900
2023-08-30,434.50238037109375,435.13822692888783,432.35399106524045,433.057282576268,69053900
2023-08-31,433.8665771484375,436.2557869248091,433.6835290574293,435.11898360214246,66084600
2023-09-01,434.67578125,437.06502016743536,433.2210400744053,436.5833209067049,58944100
2023-09-05,432.79718017578125,434.55057269413254,432.72976461783867,434.23266409054196,55166200
2023-09-06,429.8876647949219,432.0938555148443,427.56587096314115,431.9878663952489,70758500
2023-09-07,428.5679016113281,429.24226303585164,426.5447585365695,426.89156794336543,70355400
2023-09-08,429.21337890625,430.7451793135571,428.25962359995947,428.61607641541775,61659700
2023-09-11,432.0360412597656,432.344306415464,430.1285017684095,431.833706419373,60180100
2023-09-12,429.66607666015625,432.1131170199776,429.0880610953536,430.59096036501694,67565400
2023-09-13,430.1670837402344,431.32314432701645,428.78940150844926,429.88768993651144,60199300
2023-09-14,433.876220703125,434.569868937207,431.3328634452209,432.633457559199,83430800
2023-09-15,428.6487121582031,432.6222625307114,428.2136712808251,432.2935551441486,111848900
2023-09-18,428.90008544921875,430.1955896700722,427.86560575276553,428.3393267614431,55752200
2023-09-19,428.0106506347656,428.57140936349316,425.33263382268484,427.9816479077142,66514600
2023-09-20,424.07574462890625,429.6831540306982,423.87269606637597,429.26743850526196,82562600
2023-09-21,417.06646728515625,421.4943834516094,416.91177626347593,421.2333589486901,104095800
2023-09-22,416.12872314453125,419.6865285568745,415.71297806578804,418.09131961695476,100829700
2023-09-25,417.87860107421875,417.9172517040119,414.485134786977,414.920205158679,70874500
2023-09-26,411.7394104003906,415.54859200929735,410.90794984146544,414.8428197503268,96168400
2023-09-27,411.9037780761719,413.4700137261174,408.2686420542666,412.90925504168933,104705800
2023-09-28,414.2918395996094,415.96440903027496,410.763036452334,411.35279796426,92258300
2023-09-29,413.2862854003906,417.5111824781116,411.7684074215334,417.3371661441051,115111300
2023-10-02,413.12200927734375,414.3691856249788,410.36663202274156,412.4549170103042,83798600
2023-10-03,407.59185791015625,413.1799422139496,406.22867088652805,410.94664397430034,103760600
2023-10-04,410.5599365234375,411.30435944495287,406.59606370497346,408.0559363281981,87453000
2023-10-05,410.4052734375,411.24638199806213,407.18585282564163,410.2699077129364,70142700
2023-10-06,415.2779235839844,416.81512702154566,406.6347574601129,407.9592644123595,113273300
2023-10-09,417.93658447265625,418.5069910271343,412.8318987010215,413.3829504373266,80374400
2023-10-10,420.1119079589844,422.70291641435927,418.16863686530417,418.56502711101643,78607300
2023-10-11,421.8327941894531,422.08414129890025,418.79703802262225,421.17537943505704,62451700
2023-10-12,419.2610778808594,422.81888280363904,416.91176888328704,422.4418474172078,81154200
2023-10-13,417.1728210449219,421.9584770278049,415.60661494268294,420.7596289275812,95143100
2023-10-16,421.56207275390625,422.6255551040407,419.1740835467255,419.4157827397426,75433200
2023-10-17,421.542724609375,423.59235858221746,418.09128250171426,418.43931518310666,75324700
2023-10-18,415.9256286621094,420.7306097718711,414.8428210042976,419.77349041439385,93559800
2023-10-19,412.27117919921875,418.4490253157197,411.59443909771255,416.64111990263626,121323000
2023-10-20,407.2051696777344,412.3775387523352,407.09880668145956,411.8361348739324,123919900
2023-10-23,406.4993896484375,410.35692908932583,403.92770652261123,405.67760643648245,92035100
2023-10-24,409.5641784667969,410.71466914656554,406.7701212432729,408.61670687631084,78564200
2023-10-25,403.68603515625,407.9109624071266,403.17363397769196,407.8819596802007,94223200
2023-10-26,398.85205078125,403.47333880031834,397.93361142540357,402.6225823087564,115156800
2023-10-27,397.0440979003906,400.83395429205797,395.6229054415524,400.43756406837696,107367700
2023-10-30,401.79107666015625,402.8448816266276,398.5329761803426,399.8284803456642,86562700
2023-10-31,404.31439208984375,404.63342201922916,400.4568531906025,402.36144387141417,79665200
2023-11-01,408.6263427734375,409.43844855236455,404.74947812853236,405.28123407598383,98068100
2023-11-02,416.4573974609375,416.612088488878,412.3968391143164,412.41616442869764,94938900
2023-11-03,420.2569274902344,421.80380835994043,418.63271585397734,418.75840416588386,100167800
2023-11-06,421.2237243652344,421.66844265759465,419.28045324415575,421.01102787683624,67831700
2023-11-07,422.4225158691406,423.0606052933152,420.0828841514639,421.22369728667144,64256100
2023-11-08,422.73193359375,423.5440394282341,420.43095231056213,423.02196085453033,61746000
2023-11-09,419.4351501464844,423.91142437106953,419.00975716373983,423.8727442351021,83174400
2023-11-10,425.98028564453125,426.2896676737884,419.42540510915256,421.5040416459852,89462200
2023-11-13,425.5743408203125,426.67647397269064,423.863120884433,424.64622403342025,52236100
2023-11-14,433.8306579589844,435.11648448182905,431.2783007198607,431.5006745640286,97176900
2023-11-15,434.74920654296875,436.3927730128096,433.8984205823122,435.16492211328534,77327600
2023-11-16,435.2809753417969,435.60000533429076,433.2410185572766,434.3045010394223,66665800
2023-11-17,435.82232666015625,436.43141334936854,434.3721314970017,435.29057073108856,83133200
2023-11-20,439.1771240234375,440.01823251915994,435.56128392675316,435.5709613361329,69936200
2023-11-21,438.2200012207031,439.0514618608499,436.9534996970191,438.13299304399567,49244600
2023-11-22,439.9118957519531,441.22675482120695,438.8194400859089,439.8732451207241,59394900
2023-11-24,440.18255615234375,440.3759273074353,439.631504418495,439.9602117787139,29737400
2023-11-27,439.3898620605469,440.3663068584605,439.0031197003399,439.55420100976517,50506000
2023-11-28,439.8248596191406,441.1203637861366,438.44234728096177,439.0030764411284,62115000
2023-11-29,439.5154724121094,443.10230972873876,439.1191116939092,441.97114450802434,63146000
2023-11-30,441.2461242675781,441.59418651354116,438.28772794624956,440.3566875915756,79752700
2023-12-01,443.8564758300781,444.38820233909854,440.0472935709732,440.6370255353667,89183400
2023-12-04,441.5264587402344,443.8757680204174,439.25448022667734,440.47265370720123,72430900
2023-12-05,441.4394226074219,442.3965419933345,439.7668535301099,440.14391844231596,69793500
2023-12-06,439.6605224609375,443.60504042530386,439.2254520989698,443.57603770145914,69124700
2023-12-07,443.01531982421875,443.66305717468333,441.13973162302386,441.7391409339485,66995400
2023-12-08,444.919921875,445.451648340426,442.02917923250493,442.27087844484373,83194400
2023-12-11,446.65045166015625,446.8244975103325,444.2141343049595,444.4268307846884,65002200
2023-12-12,448.6903991699219,448.78708475043413,445.30661038207074,446.30240990232363,68327600
2023-12-13,454.8779296875,455.12930631637573,448.70976090431213,449.06747102737427,93278000
2023-12-14,456.3377685546875,458.0006602364905,453.6693999362765,456.8114895469167,119026000
2023-12-15,455.58642578125,456.91633245678577,453.74207009746453,455.7417439978948,141553700
2023-12-18,458.1491394042969,459.12957270241793,456.13006180277284,457.1881393985243,70375300
2023-12-19,460.9350891113281,461.0127630324847,458.61509172941334,458.69273602664884,55761800
2023-12-20,454.54779052734375,461.96405036999886,454.1206728290634,460.0808576886502,102921000
2023-12-21,458.85772705078125,459.1295265010188,455.1107457468796,457.5278204873464,86667500
2023-12-22,459.7799072265625,461.45925759296136,457.8870276491879,459.98374941589714,67160400
2023-12-26,461.72137451171875,462.62413389794295,460.109981297383,460.18765521976536,55387000
2023-12-27,462.5561828613281,462.7017844285322,460.98362668768385,461.5175089754055,68000300
2023-12-28,462.73089599609375,463.5656980482324,462.31349497002446,462.9153345190397,77158100
2023-12-29,461.39129638671875,463.060930093317,459.44014657654174,462.53673484415077,122283100
2024-01-02,458.8092041015625,459.7993540123723,456.7124526493962,458.3335624378489,123623700
2024-01-03,455.062255859375,457.3919698393569,454.4604162904711,456.6542157231931,103585900
2024-01-04,453.5964660644531,457.16869615612853,453.37319057475315,454.5865863632777,84232200
2024-01-05,454.21771240234375,456.6639075045455,452.77132456262234,453.80028176128866,86118900
2024-01-08,460.7021484375,460.8477500166702,454.5866154970485,454.71281340697016,74879100
2024-01-09,460.00323486328125,461.02247554943773,457.54732279548995,458.05208481523704,65931400
2024-01-10,462.6047058105469,463.4686578138975,459.9934757568045,460.27499186871785,67310600
2024-01-11,462.4008483886719,464.1190060691037,458.43062113494074,463.6045274671268,77940700
2024-01-12,462.72119140625,464.58498035155515,461.3136700813151,463.8472262405501,58026400
2024-01-16,461.0224304199219,462.6532272077025,459.2071951071508,461.34278348918724,85014900
2024-01-17,458.4597473144531,458.9451056102245,456.11060012839494,458.0035093314712,68843900
2024-01-18,462.5367431640625,463.09005873569527,458.58594911701266,460.12938495584103,91856200
2024-01-19,468.3027648925781,468.58428097883166,462.58525997884743,463.66274109946323,110834500
2024-01-22,469.2929992675781,471.01115715758357,468.64260604571103,469.83659824827777,75844900
2024-01-23,470.6615905761719,470.90426970251536,468.7493074995451,469.8365052457373,49945300
2024-01-24,471.1761474609375,474.45714470411593,470.6810725123754,473.52526505734005,81765000
2024-01-25,473.7388000488281,474.0105994997861,471.1761237432126,473.30196574868353,72525000
2024-01-26,473.136962890625,474.7968799164263,472.2924442217773,473.3116847619897,76641600
2024-01-29,476.8839416503906,477.0295728420406,472.9040272208165,473.4476261562877,61322800
2024-01-30,476.5150451660156,477.22364926399433,475.757857843928,476.1946921260682,58618400
2024-01-31,468.7396240234375,474.7580490082776,468.7201907326481,474.31152767890586,126011100
2024-02-01,474.8746032714844,474.90372358641025,469.6327095934461,470.43842101293257,91891600
2024-02-02,479.873779296875,481.5239798187347,474.971642466127,475.31139921660196,99228200
2024-02-05,478.12652587890625,479.90295413015167,475.87448552123806,479.24287384642,75757100
2024-02-06,479.5146789550781,479.8447191007998,477.6411730816488,479.06812791328576,55918600
2024-02-07,483.51397705078125,483.93137810723994,480.854193242822,481.756982255993,70556500
2024-02-08,483.7275695800781,484.10613370157176,482.69861221283804,483.5140107138251,52343600
2024-02-09,486.5231628417969,486.95996752942966,483.89249957484776,484.2322563033971,63979400
2024-02-12,486.3096618652344,488.7558572787602,485.59131136468835,486.4941004077062,56502300
2024-02-13,479.6116638183594,482.53353038052535,476.3500701317823,480.04849815534635,113099200
2024-02-14,483.97021484375,484.4555731763151,479.92231331563113,482.2423403647749,68387800
2024-02-15,487.3094482421875,487.4938867654942,484.19342663721847,484.6690979139186,61683000
2024-02-16,484.8826904296875,488.1442842020213,484.144936285217,487.00856229426716,75532900
2024-02-20,482.2132873535156,483.8149641497464,479.9709339140074,483.1451671874075,71736700
2024-02-21,482.6500244140625,482.8053426352379,479.1069145137689,480.9124629140013,59293400
2024-02-22,492.63873291015625,493.5997329784438,488.2899113619232,489.25094105413393,76402500
2024-02-23,492.97845458984375,495.1916873577398,492.25041710535265,494.35685563775104,61321800
2024-02-26,491.1728515625,493.85203868692207,491.0466536727384,493.4152043952731,50386700
2024-02-27,492.08538818359375,492.30866367947897,489.9692329795254,491.86214231163,48854500
2024-02-28,491.4350280761719,492.01743437576624,490.17307863790023,490.5322390639573,56506600
2024-02-29,493.2016906738281,494.8130838290683,490.5516532421677,493.1920036518268,83924800
2024-03-01,497.83197021484375,498.2590878764062,493.6676174504883,494.07533144522296,76844800
2024-03-04,497.29815673828125,499.14254217920546,497.0069535759895,497.03610351614157,49799300
2024-03-05,492.3280944824219,495.7450362651965,490.1245782125844,495.2984852488147,72855600
2024-03-06,494.8228454589844,497.0749153474701,493.53180526259257,495.5994069813958,68382400
2024-03-07,499.734619140625,500.7830096761973,494.8810360564722,498.1135389799133,58652100
2024-03-08,496.735107421875,503.04473579557066,496.1623881738849,500.36560770630734,86532500
2024-03-11,496.3080139160156,496.8904498381802,493.6094227797772,495.53145243574386,62557200
2024-03-12,501.64691162109375,502.2293178339327,495.90022716452177,498.41440902025136,73114400
2024-03-13,500.8606262207031,502.14197926945354,499.4239845817287,501.9672573875113,55104100
2024-03-14,499.8705139160156,501.9866689472691,496.8321662856789,501.83132111592977,110171800
2024-03-15,496.4381103515625,498.2590153922283,494.7730358188075,496.80813351794416,107646300
2024-03-18,499.3885192871094,501.93969410963876,498.97956820958467,500.4985887866016,88893300
2024-03-19,502.16363525390625,502.4459962981956,497.69417669493055,498.6971497497458,60755300
2024-03-20,506.8084411621094,506.9447780211189,501.550319572243,502.22219759800726,69594600
2024-03-21,508.4832458496094,510.34304922248214,508.20082532016534,509.6419901809582,60256100
2024-03-22,507.519287109375,508.8824773514824,507.2855413177628,508.39561095817277,79070800
2024-03-25,506.1170654296875,507.2660628859731,505.961234915521,506.14624650613894,48512100
2024-03-26,505.1822509765625,507.87950952715136,504.78304672651166,507.53866742888704,65463700
2024-03-27,509.4276428222656,509.4666301607913,505.84431416109436,508.00603133212223,82999800
2024-03-28,509.330322265625,510.8298490860622,509.0479612048705,509.4666590943707,96294900
2024-04-01,508.4442138671875,510.60593125263364,507.2854696375655,510.07039018205234,62477500
2024-04-02,505.2115173339844,505.3477947483364,502.9134629158643,504.62724203503336,74230300
2024-04-03,505.7664489746094,507.2660352902269,504.0721636747669,504.12083842082313,59155800
2024-04-04,499.593017578125,510.1093183056524,499.2911628340767,509.76853565111946,96858100
2024-04-05,504.8122253417969,506.7694375345306,500.5083435441168,500.94653513579135,74546500
2024-04-08,505.0946044921875,506.5162756490336,504.2864491311744,505.51336185898396,48401800
2024-04-09,505.6788330078125,507.0712635271461,500.8393509659492,506.8278303713481,68049200
2024-04-10,500.6153564453125,502.60174938275605,498.63871034213696,499.9921533713205,82652800
2024-04-11,504.3935241699219,505.8346295064768,498.6290433917763,502.1344572387197,70099000
2024-04-12,497.4313659667969,502.27081877394835,495.70784003413945,500.85889444352966,92561100
2024-04-15,491.199462890625,501.7644387082916,490.3522904966187,501.5989207934361,92101400
2024-04-16,490.3035888671875,493.19557596027215,489.018254666714,491.676555438244,73484000
2024-04-17,487.4018859863281,492.9229634124424,486.00945537176443,492.7574157801548,75910300
2024-04-18,486.3989562988281,490.8878795783521,485.46418121059236,488.794360179131,74548100
2024-04-19,482.1534423828125,487.31421332567436,480.8875721611567,486.3210167619427,102212600
2024-04-22,486.5937194824219,489.18385210193054,482.41639776348796,484.7533503648902,67961000
2024-04-23,492.3679504394531,492.79639521919916,486.4087108687592,488.5996095177476,64633600
2024-04-24,492.13427734375,494.0427852311199,489.9141678416356,493.2540640735244,55928100
2024-04-25,490.2646789550781,491.0241892900092,484.4222826199273,486.0678932982719,69122400
2024-04-26,494.909423828125,496.48686615025724,492.41667033113185,493.0495906841402,64306100
2024-04-29,496.6620788574219,497.33395677101214,493.9258924563797,496.69128964862307,46415400
2024-04-30,488.7943420410156,496.1752226900087,488.7943420410156,495.20149000874,77483600
2024-05-01,487.2071228027344,494.84118298455326,486.73972044696376,488.2100662136069,80242800
2024-05-02,491.7641906738281,492.60161619088024,486.4281251448712,490.90730120185356,62550200
2024-05-03,497.85980224609375,499.08668524553275,495.20150126804214,497.73321224009646,72756700
2024-05-06,503.0010681152344,503.039996024656,499.81694342031363,500.25513498697876,47264700
2024-05-07,503.55621337890625,504.9486442034007,502.8843353443803,503.9651645293329,52561300
2024-05-08,503.6047668457031,504.14030789046143,501.60862689782874,501.7254700555243,42047200
2024-05-09,506.5065002441406,506.54548758690595,503.13742328274043,503.78980752288453,43643700
2024-05-10,507.1590270996094,508.9117342857,505.94186107705553,508.10351940578255,52233200
2024-05-13,507.2270812988281,508.9408603825465,506.0878306657376,508.83376404779614,36716400
2024-05-14,509.5543212890625,510.070428158798,506.8863031411852,507.42184425163964,57535900
2024-05-15,515.8640747070312,516.1561825946173,511.3848691803367,512.01781913004,59504900
2024-05-16,514.8026733398438,517.5583531460086,514.6565896819933,515.9614174721102,50244800
2024-05-17,515.542724609375,515.6108930215729,513.4686694664939,514.9195214966393,59187600
2024-05-20,516.1367797851562,517.5973789121299,515.2701433728218,515.6596602461204,37764200
2024-05-21,517.4026489257812,517.5584794564415,515.1728221981522,515.3773274826686,33437000
2024-05-22,515.912841796875,517.4221156794935,513.7413773413039,516.7113097871478,48390000
2024-05-23,512.1444702148438,519.0676954201629,510.93699174891134,518.9605990872589,57211200
2024-05-24,515.5330200195312,516.3412347653415,513.0402667962413,513.9847589456947,41291100
2024-05-28,515.8933715820312,516.5749964273494,513.2642811397658,516.3413100648252,36269600
2024-05-29,512.2808227539062,513.4590608844294,511.57001679975457,511.8718716025252,45190300
2024-05-30,508.88250732421875,511.40450154015656,507.63616018854225,510.7423703380884,46377600
2024-05-31,513.5173950195312,513.6439850215788,504.7440541264526,509.8367164200918,90785800
2024-06-03,513.9360961914062,515.4064420460951,508.87267437322015,515.1240809646227,46835700
2024-06-04,514.5106201171875,515.2506664560023,511.17072418863216,512.631323194632,34632700
2024-06-05,520.6256713867188,520.6451650598835,514.84169649016,516.8281493311971,47610400
2024-06-06,520.6159057617188,521.3559521321091,518.6879340097541,520.9275073614583,30808500
2024-06-07,519.9830322265625,522.7873872843439,518.55161418802,519.6421901069427,43224500
2024-06-10,521.5896606445312,521.9110090941606,518.5808597177815,519.1748224338155,35686100
2024-06-11,522.845703125,522.9041247005574,518.0743898707741,520.0413486344055,36383400
2024-06-12,527.139892578125,529.8274041983666,526.1077383475028,527.4028194115604,63251300
2024-06-13,528.2012939453125,529.0581834417079,525.4164327979901,528.8829186945259,44760900
2024-06-14,528.5225830078125,528.5517640797698,525.6694943308721,526.6724673865745,40089900
2024-06-17,532.7291259765625,534.1216160104203,527.3833430672393,527.8410283318889,55839500
2024-06-18,534.0825805664062,534.2091705580833,532.3688016931667,532.7874995764366,41376400
2024-06-20,532.6317749023438,535.669816103357,530.8595742964317,535.0076850141029,70328200
2024-06-21,531.917724609375,533.0313753907063,530.4621917432297,531.8102827682807,64338600
2024-06-24,530.1886596679688,534.3013212499749,530.0714395414016,531.7419157804823,45528700
2024-06-25,532.2302856445312,532.5917242597523,529.8955424418219,531.4096852385123,37936200
2024-06-26,532.8945922851562,533.6076912884868,530.4719636310322,531.1166742934914,38550600
2024-06-27,533.7346801757812,534.3110621107577,532.0153722749866,532.7578061070262,35041500
2024-06-28,531.6343383789062,537.5542520433446,530.3937489459842,534.5063503169283,76144500
2024-07-01,532.7284545898438,533.2559450469041,529.9736629556671,533.0117265646933,40297800
2024-07-02,536.3135986328125,536.3135986328125,531.0775683576217,531.126400132376,40434800
2024-07-03,538.70703125,539.068469909586,535.9620173191718,536.0010708200014,32789900
2024-07-05,541.8134155273438,542.2139076372644,538.3747999305978,539.0097918869257,41488400
2024-07-08,542.4386596679688,543.3861988920726,541.3738407022457,542.5949332840256,36110500
2024-07-09,542.9661254882812,544.2946598471173,542.6730752067231,543.3959524424528,27289700
2024-07-10,548.3388671875,548.6807492045888,543.8941028470899,544.1871530936876,38701200
2024-07-11,543.61083984375,549.3255886798729,542.9759074999535,548.4561564855596,53054200
2024-07-12,547.0396728515625,550.6345620898736,544.2653840243584,544.7342644743289,53084400
2024-07-15,548.5441284179688,551.7775792240066,546.6880438244344,549.0325654558818,40584300
2024-07-16,551.7969970703125,552.090047326324,549.1008154677004,549.8530274778409,36475300
2024-07-17,544.0602416992188,547.5476892504238,543.7378565645935,545.8772131422685,57119000
2024-07-18,539.879150390625,546.580551242634,537.7007404833427,545.593898977862,56270400
2024-07-19,536.2940673828125,541.2663824595259,535.2390267295067,539.644738170822,65509100
2024-07-22,541.8232421875,542.4288993582354,538.277184442637,540.2113760766848,43346700
2024-07-23,540.9733276367188,543.8648365993427,540.484890622907,541.7157018138391,34439600
2024-07-24,528.7134399414062,536.4698210648305,527.7951760937185,536.1669925418511,74515300
2024-07-25,525.958740234375,534.7994982405838,525.0209792890996,528.8307523766035,61158300
2024-07-26,531.8491821289062,534.5355851196782,528.9673924504399,529.7391609232859,53763800
2024-07-29,532.1619262695312,534.3989464184045,530.1690650137424,533.3927971337158,39515800
2024-07-30,529.4656982421875,534.6822315404584,526.0661958644091,533.6271909452782,46853600
2024-07-31,538.0718994140625,540.6996925359946,534.9166158614872,536.284203519186,65663400
2024-08-01,530.452392578125,542.0381046138815,526.9551667505608,539.7913062018092,76428700
2024-08-02,520.5762329101562,524.5716145988897,516.3756265717791,523.3603002519518,82789100
2024-08-05,505.4150695800781,511.4717002411795,498.4694800108966,499.80782241877216,146267400
2024-08-06,510.0748291015625,517.4990483238507,505.89377938390135,507.21253555376086,84826300
2024-08-07,506.66546630859375,519.2965001883216,506.06958745039486,516.248598311969,70698300
2024-08-08,518.3782348632812,519.0033889369354,509.77197692780607,511.79405372836936,63276600
2024-08-09,520.6641235351562,522.1489912653111,516.3365783728381,517.5576710131196,45619600
2024-08-12,520.9376831054688,523.3407552909962,518.6713279832952,521.8559471668351,42542100
2024-08-13,529.5048217773438,529.7393216479126,523.878076980635,524.1222955084382,52333100
2024-08-14,531.1752319335938,532.3572709257232,527.6291745808618,530.2960214933445,42446900
2024-08-15,540.2797241210938,540.5629961238054,536.1866195717042,536.7922766972661,60846800
2024-08-16,541.490966796875,542.1845687274085,538.51151333941,538.667786928332,44430700
2024-08-19,546.66845703125,546.66845703125,541.0514314058853,541.9013070349608,39121800
2024-08-20,545.779541015625,547.8700657821756,544.4412283435015,546.2191462607274,33732300
2024-08-21,547.6550903320312,549.1106230342316,541.9012882335657,546.8247712917706,41514600
2024-08-22,543.3568115234375,550.155875826028,542.1454973391976,549.5502187339081,56121500
2024-08-23,549.1302490234375,550.0680696349215,544.4021520897437,546.5904001832064,50639400
2024-08-26,547.8211059570312,550.8689478276912,546.1213548703539,550.1558489432847,35788600
2024-08-27,548.5733642578125,549.0618012606642,545.4083020191189,546.5512279111676,32693900
2024-08-28,545.3887939453125,548.661357929549,542.204174863817,548.2315309438809,41066000
2024-08-29,545.4375610351562,550.6443160255352,544.294635177053,547.3522554939839,38715200
2024-08-30,550.6443481445312,551.1523417216108,544.2556134288437,547.8016709409602,62700100
2024-09-03,539.3126831054688,547.8407751289367,536.8021094517958,547.5086116923438,60600100
2024-09-04,538.208740234375,541.608242662233,536.7532075195429,537.4760847370844,47224900
2024-09-05,536.8997802734375,540.9928852935313,534.4478166491117,538.1502077884983,44264300
2024-09-06,527.8637084960938,538.8437645502386,526.9650009606123,537.2221796738046,68493800
2024-09-09,533.773681640625,535.043665505135,530.1299607989381,532.0544335310877,40445800
2024-09-10,536.0986938476562,536.4504138231891,530.8138314182086,535.6786451567546,36394600
2024-09-11,541.5984497070312,542.5167136236998,527.4728902611638,536.0107592184578,75248600
2024-09-12,546.1605224609375,546.4633510224045,539.9573366553728,542.1748597619055,51819600
2024-09-13,549.012939453125,550.0093699640063,546.5121445202687,546.7661412876428,39310500
2024-09-16,549.8238525390625,550.0875680057417,546.9518402590558,548.7492552395013,36656100
2024-09-17,550.0484619140625,553.477299266029,547.8211605278194,552.0314851715059,49321000
2024-09-18,548.4170532226562,555.5384427736924,547.8602279225689,550.7029048507478,59044900
2024-09-19,557.7755737304688,559.6316584337985,554.9426745171918,557.8049085738365,75315500
2024-09-20,556.8114013671875,557.8500616857909,553.793383536953,556.4096807844697,77503100
2024-09-23,558.2027587890625,558.8495067502496,556.6643550711399,557.8794446150124,44116900
2024-09-24,559.7999877929688,559.8587776289324,556.1744550910837,558.9964868304339,46805700
2024-09-25,558.5652465820312,560.3780425284191,557.4579883539482,559.6431398003925,38428600
2024-09-26,560.77978515625,563.1413061737785,558.4281322177342,562.817932214862,48336000
2024-09-27,559.966552734375,562.6611965458859,558.9377006949258,561.8479471107624,42100900
2024-09-30,562.2103881835938,562.8179029799776,556.6447321030395,558.937595094156,63557400
2024-10-01,557.173828125,562.5043247858904,554.6065728022052,561.8576367225866,72668800
2024-10-02,557.4090576171875,558.4281611024765,553.8913563966638,556.282242548741,38097800
2024-10-03,556.3900146484375,558.3301388916863,554.106899883147,555.9392527365582,40846500
2024-10-04,561.4461059570312,561.8184614824812,556.6643337627131,560.8287828388663,42939100
2024-10-07,556.370361328125,560.446655391967,555.2239297880301,559.7999074826037,49964700
2024-10-08,561.63232421875,562.2300906410503,558.0656412646009,558.9376805045769,37398700
2024-10-09,565.5223999023438,566.0809331902332,561.0247685875196,561.6224751598685,37912200
2024-10-10,564.5328369140625,565.9536612034724,562.9258348238808,564.1800978620382,44138100
2024-10-11,567.913330078125,568.6482329129351,564.3171624790748,564.4543586951436,42268000
2024-10-14,572.5579223632812,573.4888112745962,569.0401610478535,569.520288010914,36217200
2024-10-15,568.1092529296875,573.1261842726946,566.8941634738084,572.8224268603595,54203600
2024-10-16,570.5784912109375,571.0978512020905,567.305757742965,568.1092586044506,30725400
2024-10-17,570.6275024414062,574.3216329805343,570.4413246734956,574.1158386665669,34393700
2024-10-18,572.8224487304688,573.6063330690159,570.8528997080355,572.3128969974695,37416800
2024-10-21,571.8817749023438,573.0771881011084,568.912738838732,572.0973176864316,36439000
2024-10-22,571.578125,572.7343651300628,568.6973030466045,569.3537996021158,34183800
2024-10-23,566.3552856445312,570.0004346494243,562.8571411229607,569.5594810059998,49314600
2024-10-24,567.5802001953125,568.3837012123148,564.9639626077603,568.3052948235324,34979900
2024-10-25,567.3841552734375,572.6950960929863,566.4435179318251,569.8044663478088,47268200
2024-10-28,569.1381225585938,570.9802836348513,568.8343651367928,570.8528957024953,30174700
2024-10-29,570.0591430664062,571.176149715264,566.7863500672389,568.1777490973657,42899700
2024-10-30,568.3346557617188,571.5780244818477,567.6291179550885,569.5888588084969,41435800
2024-10-31,557.1934814453125,564.0427655154251,556.9974954170759,563.9741674152153,60182500
2024-11-01,559.545166015625,563.9643910438907,559.1336371976272,559.8195584319851,45667500
2024-11-04,558.3399658203125,560.9758196621659,556.4586313456186,559.6823835212687,38217000
2024-11-05,565.0912475585938,565.1304208425688,559.0356559214524,559.251198693126,39478300
2024-11-06,579.142578125,580.0146771322202,573.6063462638446,577.3396500855225,68182000
2024-11-07,583.62060546875,584.639708979933,581.063158030651,581.1415644099445,47233200
2024-11-08,586.148681640625,587.5695056932594,584.1693242787533,584.1693242787533,46444900
2024-11-11,586.7071533203125,588.0887441353201,584.9825720146739,587.7360051791314,37586800
2024-11-12,584.8845825195312,587.2264269895784,582.4054820528869,586.6287204841349,43006100
2024-11-13,585.1688232421875,587.1677373847895,582.9837313260188,585.3451927424278,47388600
2024-11-14,581.4061279296875,585.7763718199695,580.7202664359244,585.2962448517161,38904100
2024-11-15,573.9591064453125,578.3195418358689,572.1071369723535,577.8491633593196,75988800
2024-11-18,576.3108520507812,577.6238450144261,573.5574183688442,574.4196493771738,37001700
2024-11-19,578.41748046875,579.142574989824,572.2737337790142,572.9400384688264,49412000
2024-11-20,578.6134643554688,578.8976052377521,572.8616299600318,578.495884693383,50032600
2024-11-21,581.7196044921875,583.1404284379229,575.6248397212988,581.4550801704302,46750300
2024-11-22,583.5225830078125,584.1497143652956,581.2101034094488,581.7097870344509,38226400
2024-11-25,585.5020141601562,588.7649396726674,583.2188992835091,587.451946771504,42441400
2024-11-26,588.5592041015625,589.2255088244219,586.0311216188419,586.746407902425,45621300
2024-11-27,586.7757568359375,588.7550542016285,585.256969810655,588.3729502321648,34000200
2024-11-29,590.4208984375,591.2047827973582,587.3147260107087,587.5890586237147,30177400
2024-12-02,591.4791259765625,592.1552388895445,590.3424429138348,590.8323780737772,31746000
2024-12-03,591.7534790039062,591.9984465923378,590.2151351783115,591.2439870884159,26906600
2024-12-04,595.4280395507812,595.6730071584342,592.7726289600115,593.4389336760423,42787600
2024-12-05,594.4481201171875,596.2314913306755,594.0953811448159,595.4279904670244,28762200
2024-12-06,595.5750122070312,596.8096584526629,594.800936138575,595.212464951605,31241500
2024-12-09,592.5079345703125,595.6239147831491,591.920036343941,595.4573535867661,34742700
2024-12-10,590.6658935546875,593.605504896008,590.0093971009587,593.1841677805376,37234500
2024-12-11,595.2321166992188,596.1825623151827,593.3115491139272,593.5859415432025,28677700
2024-12-12,592.1651000976562,594.9380902901107,592.1651000976562,594.3698085144841,31543800
2024-12-13,592.0475463867188,594.9087513561514,590.6757038334936,594.1934650654297,35904700
2024-12-16,594.5755615234375,595.5456834945226,593.0274092921627,593.8014854078001,43695200
2024-12-17,592.1258544921875,592.9881452170704,590.7540718346318,592.0278913761272,55773500
2024-12-18,574.4784545898438,594.2031909866316,574.0962907751041,591.822113059209,108248700
2024-12-19,574.302001953125,581.0631314525076,574.057034359764,579.456129686489,85919500
2024-12-20,581.1998901367188,585.7224397345614,571.1321976271144,571.9777678628068,125716700
2024-12-23,584.680419921875,585.2801382457641,577.7687172457148,580.9443919924163,57635800
2024-12-24,591.1791381835938,591.2185033240278,585.4472496940897,586.0273454449668,33160100
2024-12-26,591.218505859375,592.3392722176656,588.0133673077331,589.4094496188982,41219100
2024-12-27,584.9949340820312,587.7183292627742,580.8164691334702,587.4823184826345,64969300
2024-12-30,578.3192749023438,581.7800467977985,574.5734057798932,577.9948725430215,56578800
2024-12-31,576.2152099609375,580.698454354243,574.583117216775,579.9807007946825,57052700
2025-01-02,574.799560546875,581.1803135593343,570.7292291618253,579.4696102256324,50204000
2025-01-03,581.9865112304688,582.6255346471705,576.5594027877501,577.64092396713,37888500
2025-01-06,585.3390502929688,589.6060270134918,583.608664526265,586.2337670283534,47679400
2025-01-07,578.7223510742188,587.6888410122485,576.903513754268,587.3643786767495,60393100
2025-01-08,579.56787109375,580.6395509433228,575.350100693004,578.7911897402016,47304700
2025-01-10,570.7192993164062,576.0874192959229,568.8119506064235,576.0185903209236,73105000
2025-01-13,571.604248046875,571.9581742427216,565.6658729466735,566.0788468496604,47910100
2025-01-14,572.3906860351562,575.1533862250869,568.6152938144415,574.5241441869972,48420600
2025-01-15,582.802490234375,583.9429389739179,579.2827311805529,580.3937160773642,56900200
2025-01-16,581.6817626953125,584.346110636513,580.9836915331506,584.1691475266347,43319700
2025-01-17,587.521728515625,589.2717368825727,585.5848557638515,586.9121689712896,58070600
2025-01-21,592.899658203125,592.9094994878243,588.5933760531964,590.5597127423754,42532900
2025-01-22,596.2326049804688,597.5893820777127,595.1707663809229,595.7213382459036,48196000
2025-01-23,599.4868774414062,599.4868774414062,595.3280946897063,595.6033506126263,41152100
2025-01-24,597.7367553710938,600.4995156835615,596.5864653530726,599.5458113037603,34604700
2025-01-27,589.2816162109375,589.5962372876534,584.6312490621345,584.7983708814467,70361100
2025-01-28,594.3449096679688,595.1805787054238,587.1972570477369,590.5105293609671,44433300
2025-01-29,591.6804809570312,593.9614384934404,589.1340487911447,593.5583059073574,37177400
2025-01-30,594.8561401367188,596.3898803192325,590.6088457833347,593.7943615542468,39281300
2025-01-31,591.6903686523438,599.6933732210748,590.9333098394596,597.2747575383468,66566900
2025-02-03,587.70849609375,590.1860392450765,580.5510025263411,582.6943020815504,65857200
2025-02-04,591.651123046875,592.1623298220667,587.2268651385132,587.7675957701897,33457800
2025-02-05,594.0499267578125,594.1974260072697,588.5049031019603,590.5302274178379,30653100
2025-02-06,596.1146240234375,596.242440705887,592.4867305159943,595.7901616750784,35771500
2025-02-07,590.6580200195312,597.8941240756534,589.9501076619601,596.6750050236558,50788500
2025-02-10,594.66943359375,595.30851711154,592.5949624942194,593.8632882437039,26048700
2025-02-11,595.12158203125,595.662312577201,592.2900526181724,592.4080280097315,30056700
2025-02-12,593.2044067382812,594.3743794070193,588.4360645213627,589.1144530437037,45076100
2025-02-13,599.4672241210938,599.6737110792319,593.047165943141,594.3055902381474,40921300
2025-02-14,599.4376831054688,600.7059485220444,598.8182823186273,599.6736338799176,26910400
2025-02-18,601.197509765625,601.197509765625,598.1398710820379,600.5977915687461,26749000
2025-02-19,602.6133422851562,602.908280775238,599.3000698962699,599.8113366176324,31011100
2025-02-20,600.1062622070312,601.3843689751305,596.8028311734677,601.2467110134413,36554000
2025-02-21,589.842041015625,600.0276510429451,589.3799206723878,599.8899930676969,76519800
2025-02-24,587.157958984375,592.8800056614799,586.4500466079941,591.8869960824046,50737200
2025-02-25,584.2379150390625,587.8265033006376,579.6366946428752,587.098968367302,58266500
2025-02-26,584.5328369140625,589.488043359785,581.8979531727184,585.8994552001853,43321600
2025-02-27,575.20263671875,587.9543615454245,574.8094053796542,586.8040113591791,74196700
2025-02-28,584.1790161132812,584.7099054677275,572.636628236147,575.7041089664033,88744100
2025-03-03,573.9441528320312,587.2857532860544,570.1392964764723,586.1452445030724,74249200
2025-03-04,567.1504516601562,575.5369060706639,562.6180601948478,569.9525173224438,109648200
2025-03-05,573.24609375,575.035467216836,563.434093538414,566.9833166199888,71230500
2025-03-06,563.0703125,570.4047092717689,560.5238803180225,565.7936477589768,80094900
2025-03-07,566.2262573242188,567.6715458955733,556.1094773560538,561.2907933786839,81158800
2025-03-10,551.1444702148438,559.9536192631458,546.2384702857362,558.0364891964213,99326600
2025-03-11,546.5629272460938,554.5266268117218,542.728606721458,549.9843938775969,88102100
2025-03-12,549.4632568359375,553.631880779765,544.3704523001988,552.7077001878538,69588200
2025-03-13,542.138671875,549.6992388466521,540.4279685563406,549.0896792735167,74079400
2025-03-14,553.3369750976562,554.3398260143258,542.2075022062043,546.7497351697265,62660300
2025-03-17,557.6038818359375,560.1207900872192,552.8846263579363,553.3172227764923,49008700
2025-03-18,551.5770874023438,555.5097605205915,549.6500559715837,555.2934322950165,66041400
2025-03-19,557.584228515625,561.3399385264869,552.1768030039566,553.3566169353411,66556000
2025-03-20,555.9718627929688,560.966374832501,553.1304918485869,553.848245552193,62958200
2025-03-21,556.1553344726562,557.052742857906,550.2879327940723,551.5205903212295,83763000
2025-03-24,566.1151123046875,567.1702741261835,562.2889394113844,562.8805908120635,58766800
2025-03-25,567.4760131835938,568.4127846067184,565.73055113845,567.3181993393742,38355700
2025-03-26,560.7013549804688,568.3339598573967,559.3207546377017,567.2097618801449,51848300
2025-03-27,559.2122192382812,562.9792269072261,557.1018956425098,559.3108077400744,42164200
2025-03-28,547.95068359375,558.4135249923543,547.3689030262066,557.6838014665011,71662700
2025-03-31,551.6289672851562,552.93066066187,539.2826520783074,542.201606334121,95328200
2025-04-01,553.1870727539062,555.1297722698289,545.998235889195,549.7159501655996,54609600
2025-04-02,556.6878051757812,559.5475341360295,547.1125011420022,547.3491617248258,76014500
2025-04-03,529.2537841796875,540.3673821784607,529.2537841796875,537.5470765410741,125986000
2025-04-04,498.2696838378906,518.5740121118964,498.05273494035157,516.404523136506,217965100
2025-04-07,497.38214111328125,515.9114234247066,475.1154034595348,482.402887644306,256611400
2025-04-08,489.591796875,517.6963548854247,482.3733480760591,514.6196468974629,165816600
2025-04-09,541.0083618164062,541.0083618164062,486.20934082523814,486.5939443539347,241867300
2025-04-10,517.3019409179688,526.0981670837639,502.25365007002944,524.7866027854379,162331200
2025-04-11,526.5320434570312,528.9874872153164,512.8544826104954,515.7536950429114,97866300
2025-04-14,531.64013671875,536.7285795544979,526.4531053782949,536.5017296923237,68034000
2025-04-15,530.1510620117188,535.6930840370895,529.3621734315309,532.1824786951643,56892900
2025-04-16,518.366943359375,530.4273047249436,513.0714517926509,524.3034408726064,83484800
2025-04-17,519.1065063476562,523.800475242003,516.6411916080497,520.3194821276195,79868100
2025-04-21,506.7503356933594,514.4618467446136,501.40552056556845,513.9293002870572,69368100
2025-04-22,519.9349365234375,521.956482797522,511.9867633247528,512.9235950678715,75948100
2025-04-23,527.9915161132812,537.8626460694973,526.4729038847668,532.9320165359907,90590700
2025-04-24,539.1051635742188,539.8348871004667,528.0211182344198,529.2734571828396,64150400
2025-04-25,543.0003662109375,543.4046513367819,536.1467793425768,539.0657336001437,61119600
2025-04-28,543.2073974609375,545.8699492792146,537.4583271221219,543.7399439376,47613800
2025-04-29,546.6292724609375,547.7435994540236,540.9393072120234,541.294298062473,47775100
2025-04-30,546.8462524414062,548.7988227140515,534.0069337400583,539.9729835885655,93101500
2025-05-01,550.7217407226562,556.2440822591161,550.1202183270924,552.5954041380958,63186100
2025-05-02,558.8966674804688,560.4941864598073,554.5774316657111,556.894803218062,60717300
2025-05-05,555.6917724609375,558.7882219920989,553.9068871278389,554.7648117792631,38659200
2025-05-06,551.047119140625,555.533979770925,549.2326812616892,550.1891944565425,48264700
2025-05-07,553.3645629882812,555.9975022415719,548.3254139860352,552.3784371058738,55588000
2025-05-08,557.2202758789062,562.3974366423718,553.9069074354913,557.3977713110521,65130800
2025-05-09,556.51025390625,559.6263849147109,554.9521583078488,558.6205173502777,37603400
2025-05-12,574.9015502929688,574.9114211824733,569.0340889310521,573.4026196086874,78993600
2025-05-13,578.6981201171875,580.9070323903663,574.7536167184122,575.3156554869938,67947200
2025-05-14,579.4376831054688,580.8083522191259,577.4160770724685,579.6546018902411,66283500
2025-05-15,582.267822265625,582.7706958315019,576.9821425909696,577.4357820961777,71268100
2025-05-16,585.9559326171875,586.251758304484,581.104210780506,583.0468496173695,76052100
2025-05-19,586.5969848632812,587.27741416191,579.9406348417033,579.9406348417033,68168500
2025-05-20,584.6246948242188,585.8080578995526,581.419785763877,584.8614155899625,60614500
2025-05-21,574.7733154296875,584.3584902721909,573.7477661832594,580.2759146876367,95197700
2025-05-22,575.0001831054688,578.4811762683786,573.3434386116112,574.5760959985981,70860400
2025-05-23,571.0753173828125,573.7378691727489,567.6140060747297,567.988738706783,76029000
2025-05-27,582.9483032226562,583.1060568711622,570.4047514802384,577.9387671986972,72588500
2025-05-28,579.57568359375,584.5457960298348,578.8459601489828,583.3525621719901,68445500
2025-05-29,581.8635864257812,584.9699071457442,577.9388245287198,584.8318350718904,69973300
2025-05-30,581.2128295898438,582.928679235147,575.1481304892388,580.7591899526665,90601200
2025-06-02,584.4867553710938,584.5656021144322,576.9428674958667,579.605419698203,61630500
2025-06-03,587.8197631835938,588.7960181097066,583.6385391723649,584.121791379625,63606200
2025-06-04,587.6619873046875,589.6539808386906,587.2280895107962,588.6777258495218,57314200
2025-06-05,584.8218994140625,590.6893600195378,582.8496477946317,589.3383724752952,92278700
2025-06-06,590.8274536132812,592.4940086999786,588.5790577947733,590.3540722792903,66588700
2025-06-09,591.3599853515625,592.9082102708385,590.1864930975049,591.3994087206146,53016400
2025-06-10,594.712890625,595.0974340255312,590.7782574774766,591.8925244948556,66247000
2025-06-11,593.0166625976562,596.6653405011278,590.9556931519085,595.8074157747775,73658200
2025-06-12,595.3734741210938,595.3734741210938,591.2021810906274,591.6853731206485,64129000
2025-06-13,588.7171020507812,593.4997881009825,587.2181715759101,590.1962907494013,89506000
2025-06-16,594.318359375,596.0638215052488,591.8924679557008,592.0700235861916,79984100
2025-06-17,589.2398681640625,593.401290785268,588.480531921813,591.8826784891205,82209400
2025-06-18,589.1510009765625,592.8785252065284,588.1944276516227,590.1371267775953,76605000
2025-06-20,587.767333984375,592.8905592906415,586.3628522539952,591.822378072595,94051400
2025-06-23,593.5730590820312,593.9587392448562,585.4035696790836,588.5190130228361,87426000
2025-06-24,600.13037109375,601.1885919192599,596.7972471416377,597.7072083922786,67735300
2025-06-25,600.4666748046875,601.940336500435,598.903972841808,601.247995602986,62114800
2025-06-26,605.1646118164062,605.5997923429508,601.7029677445283,602.3161684365299,78548400
2025-06-27,608.1712646484375,609.6350865938839,604.1360202356653,606.1635425121184,86258400
2025-06-30,611.0790405273438,612.4340220516922,608.2998373553096,610.6142201701539,92502500
2025-07-01,610.8812866210938,612.0483479268365,608.7746241554748,609.6053849111585,70030100
2025-07-02,613.6505737304688,613.6901136433279,609.8526292762224,610.4757300098587,66510400
2025-07-03,618.4869995117188,619.4167005776212,615.6088560521965,615.628656191773,51065800
2025-07-07,613.8780517578125,617.1913758193931,611.0988485499288,616.5286747873084,74814500
2025-07-08,613.5418090820312,615.2923708557059,612.7307881009865,614.5406899285775,59024600
2025-07-09,617.2210083007812,617.8737488887257,614.1055045789822,615.945166968477,66113300
2025-07-10,618.9617919921875,620.000273214104,616.1825885407072,617.3595500232223,57529000
2025-07-11,616.7858276367188,618.0122289852302,614.7187654701638,615.9154666088177,63670200
2025-07-14,617.9627075195312,618.3088477245484,614.985684437804,616.3307657158283,51898500
2025-07-15,615.322021484375,620.9793073894895,615.2428812967698,620.6430672331502,74317300
2025-07-16,617.3792114257812,617.8836320494379,611.276844692317,616.9044910111767,88987500
2025-07-17,621.1573486328125,621.5134493059918,617.3396644874989,617.557284919235,68885700
2025-07-18,620.7024536132812,622.5716954836944,619.5947323692288,622.4035753929759,65621600
2025-07-21,621.87939453125,624.6189973413707,621.4541141003111,621.87939453125,63375000
2025-07-22,621.9684448242188,622.828905853138,619.3277216791315,622.2058050575365,60046300
2025-07-23,627.2598266601562,627.2598266601562,622.8288811376781,624.6289433239532,70511000
2025-07-24,627.4674682617188,629.1785504969665,627.0421878119985,627.6454884244192,71307100
2025-07-25,630.1181030273438,630.5928838363332,627.8829206987424,628.1301809903662,56865400
2025-07-28,629.9598999023438,631.0478210681617,628.5752180855901,630.4939604147171,54917100
2025-07-29,628.2982788085938,631.6708825055948,627.3883778702398,631.3543820995848,60556300
2025-07-30,627.5070190429688,630.6917023127537,624.6189756546709,628.9509803708415,80418900
2025-07-31,625.1531982421875,632.8380075585872,623.857556644127,632.4523273568442,103385200
2025-08-01,614.9065551757812,619.475980234049,612.5031927364548,619.436379958757,140103600
2025-08-04,624.2530517578125,624.3024917393647,618.7243458354196,618.813325728958,73218000
2025-08-05,621.0880737304688,625.6772386500149,620.168272806011,624.8662177521945,68051400
2025-08-06,625.8455200195312,626.4982606508958,621.2464542892866,622.1563552914652,64357500
2025-08-07,625.3212280273438,629.9993730574174,622.2156245224251,629.2674923107387,74205800
2025-08-08,630.1972045898438,630.6620853000642,626.7949007710238,627.1114011688534,64051600
2025-08-11,628.9510498046875,631.947873553624,627.70484826023,630.4742118551501,58742300
2025-08-12,635.6469116210938,635.8051316570012,629.8115442075018,631.2951060550639,64730800
2025-08-13,637.8228149414062,639.1085564704525,635.6370120856271,637.8425547169825,60092800
2025-08-14,637.882080078125,638.5447207235369,635.300697252298,635.7457174616427,59327500
2025-08-15,636.388671875,639.0096552004113,635.4787708739423,638.9107148606824,68592500
2025-08-18,636.2501220703125,636.942462907598,635.1424008771667,635.814941575414,43804900
2025-08-19,632.79833984375,637.0512042052354,631.4828983695179,636.0720632428176,69750700
2025-08-20,631.1170043945312,632.6500060324975,626.013578858981,632.3929060531275,88890300
2025-08-21,628.5850830078125,630.9785456585483,626.864161086776,629.3071240874224,54805800
2025-08-22,638.2381591796875,639.4151205943501,630.2664897119097,630.7709103705197,84083200
2025-08-25,635.42919921875,638.2183023325629,635.3105191174199,636.9820009718095,51274300
2025-08-26,638.0897827148438,638.4359833484747,634.5391586749303,635.1622594491828,51581600
2025-08-27,639.543701171875,640.2755819843173,637.3578984386413,637.5062787617181,48341100
2025-08-28,641.8085327148438,642.3623933153343,638.267809046051,640.146950913372,61519500
2025-08-29,637.9810180664062,640.7404816664739,636.0919759234915,640.374480883152,74522200
2025-09-02,633.2533569335938,633.4709169972102,627.9619508913343,630.5136938017484,81983500
2025-09-03,636.6853637695312,637.1502445176759,633.4413400681225,635.6270824559713,70820900
2025-09-04,642.00634765625,642.0360478647699,636.4578416280056,637.3578424589464,65219200
2025-09-05,640.14697265625,645.0625384730564,636.2798483910566,644.3404973975818,85178900
2025-09-08,641.7195434570312,642.718484610511,640.1370415028089,641.5118230975241,63133100
2025-09-09,643.203125,643.7272854003053,640.1271612550325,641.8579832056892,66133900
2025-09-10,645.0625610351562,647.3768835600082,643.4998590892842,646.4570825189741,78034500
2025-09-11,650.4231567382812,651.1154976382888,646.4274520986086,647.0109525903231,69934400
2025-09-12,650.2055053710938,651.8868873722256,649.7011451004063,650.3934256012134,72780100
2025-09-15,653.6671752929688,653.795755474802,652.1144337731963,652.4111340519337,63772400
2025-09-16,652.7671508789062,654.5276730798186,651.9858301119879,654.2210123755038,61169000
2025-09-17,651.9561157226562,654.4682584259048,647.1295902463727,652.7770367516476,101952200
2025-09-18,655.0023803710938,657.603563340362,653.0341982051615,654.6364399867887,90459200
2025-09-19,658.2465209960938,659.0895125014193,654.9438659954435,656.8877828567474,97945600
2025-09-22,661.3606567382812,661.8069106980723,656.7289861632065,656.7587687117981,69452200
2025-09-23,657.7606201171875,661.8566899635472,656.540685502851,661.2417286303936,81708900
2025-09-24,655.6677856445312,659.1489540239103,654.2495430702726,659.0497999269948,68082200
2025-09-25,652.6429443359375,653.9917550046746,649.0328388399253,652.5338627083877,89622100
2025-09-26,656.3819580078125,656.9274266555326,652.4743298182361,654.0909412604747,69179200
2025-09-29,658.2266845703125,659.8135740530697,656.4216318338509,658.9010899003678,73499000
2025-09-30,660.7061157226562,661.1722852976668,656.173659297658,657.4828203674869,86288000
2025-10-01,662.95751953125,663.8699431635192,657.611793334362,657.7208749627936,72545400
2025-10-02,663.7210693359375,665.0600128657511,661.3011766397112,664.9410037342527,56896000
2025-10-03,663.7112426757812,667.1527012490268,662.6698219114437,664.4848020775174,70494400
2025-10-06,666.0914916992188,666.9841207809839,663.9591941673339,666.1014192164715,54623300
2025-10-07,663.6219482421875,667.4601442579947,662.1838505424819,667.0138297258598,72020100
2025-10-08,667.5791625976562,667.6783772359653,663.919480237528,664.7426772273783,60702200
2025-10-09,665.6452026367188,668.4023890582872,663.7112737749407,667.9957845708525,66501900
2025-10-10,647.6542358398438,668.4122493878771,647.4757221413303,666.6071968358344,159422600
2025-10-13,657.5919189453125,659.664772492732,654.3488290056752,655.2216030747315,79560500
2025-10-14,656.78857421875,660.3590300864076,647.8030207789583,651.7701536094826,88779600
2025-10-15,659.7044067382812,664.7228272522149,653.5156893256119,661.3408732132422,81702600
2025-10-16,655.2117309570312,663.2154294168515,651.710706867285,661.3409444600238,110563300
2025-10-17,658.9308471679688,660.2895852935891,652.7322022395391,654.0810128478913,96500900
2025-10-20,665.7840576171875,666.6866142382812,661.7872027532737,661.8367798071084,60493400
2025-10-21,665.7741088867188,667.4601523988813,664.4748753427003,665.9229005771253,56249000
2025-10-22,662.3128051757812,666.4783066993808,657.8497808005621,666.4783066993808,80564000
2025-10-23,666.2402954101562,667.1825015615415,662.3128121266341,662.6301900162397,65604500
2025-10-24,671.6851806640625,672.8951271271609,670.0983517375236,670.9016937183009,74356500
2025-10-27,679.6094970703125,679.9070199177999,676.5151383891614,677.1201116013259,63339800
2025-10-28,681.41455078125,683.2493254549719,679.2028936555786,681.4046232640447,61738100
2025-10-29,681.7418823242188,684.0328991417463,677.2590027977353,683.0609104229828,85657100
2025-10-30,674.2439575195312,680.303738053287,674.2439575195312,678.2805222142791,76335800
2025-10-31,676.4556274414062,679.4508319897004,673.6587916341136,679.4111219213156,87164100
2025-11-03,677.7251586914062,680.1649066224819,674.3530715971103,680.0359699637585,57315000
2025-11-04,669.6917114257812,674.3729598389511,669.0371611161902,670.5545580097922,78427000
2025-11-05,672.0125122070312,675.2655297930335,668.630497422053,669.433839434071,74402400
2025-11-06,664.8021850585938,671.8140994484131,663.2252231578799,670.9115428502156,85035300
2025-11-07,665.4567260742188,665.5658682287408,655.7769731606511,662.4218719882706,100592400
2025-11-10,675.8407592773438,676.57466917413,669.4834554774103,671.6752576501947,75842900
2025-11-11,677.3878784179688,677.9532020666294,673.1529450781785,674.3629519753922,58953400
2025-11-12,677.7647705078125,679.3318048264125,675.3547447293747,679.1631581075335,62312500
2025-11-13,666.5179443359375,675.2654792192372,665.010475070097,674.9084518036677,103457800
2025-11-14,666.408935546875,670.1082678298286,657.8201189320223,659.9127671356764,96846700
2025-11-17,660.2002563476562,668.1742314199619,656.7290154076413,664.1971714004484,90456100
2025-11-18,654.65625,659.6548153709225,650.4708935566339,656.6596108350068,114467500
2025-11-19,657.185302734375,661.856623370592,653.3371790986623,655.3505280387882,94703000
2025-11-20,647.1683349609375,670.0090710879778,646.5335791707308,667.3808213360044,165293500
2025-11-21,653.6148681640625,659.0894699034471,645.5020288545189,649.6675301260088,123956200
2025-11-24,663.2351684570312,664.5542570793402,656.1538823239337,657.2448196444445,80437900
2025-11-25,669.4734497070312,670.6536740212097,659.020017057554,663.135941149376,81077100
2025-11-26,674.09521484375,676.0986363282427,671.1595147067713,672.0620713400136,71879600
2025-11-28,677.7747192382812,678.0523870500939,674.9084513312986,675.2654787466182,49212000
2025-12-01,674.6803588867188,677.3779800628074,673.1629015749381,673.2323336611282,61201200
2025-12-02,675.9300537109375,678.2012155152329,673.7481184984898,676.316803165018,62953800
2025-12-03,678.2706298828125,679.2822075879724,674.105128319461,674.9779023816353,57238500
2025-12-04,678.7665405273438,679.7384687237238,675.7416137771377,679.6690366334618,61970300
2025-12-05,680.0557861328125,682.7336127271673,678.9549213715281,679.8375623637357,79241000
2025-12-08,678.0127563476562,680.9980334759979,675.9696853695019,680.9484564225444,55231500
2025-12-09,677.4275512695312,679.7582780276033,676.9812972721672,677.5366934232544,58310100
2025-12-10,681.92041015625,683.3088703732143,675.711837383319,676.9515664343469,85671300
2025-12-11,683.5072021484375,683.5865617528303,676.5647198382891,679.51034738166,86173700
2025-12-12,676.1580810546875,683.2195721462687,673.5893360954813,682.5153843270051,113160300
2025-12-15,675.1365356445312,680.1252340287925,673.6687159286942,680.1053789946951,90811000
2025-12-16,673.2918701171875,675.4837328267965,669.4338188610296,673.6488975485244,122030600
2025-12-17,665.8832397460938,674.8489377460819,665.6848710067972,674.3034691132465,110625200
2025-12-18,670.9114990234375,675.1464323222394,669.3544527925658,672.0322187932205,108650100
2025-12-19,676.9923095703125,677.4896664833268,672.8940327515619,673.0134542661981,103599500
2025-12-22,681.2098388671875,681.7370055876305,676.9922622536055,680.3245290528953,69556700
2025-12-23,684.3233032226562,684.562024812114,680.2548972126992,680.3046207584179,64840000
2025-12-24,686.7305297851562,687.1781631452748,684.164151137988,684.313382495532,39445600
2025-12-26,686.660888671875,688.0037280321676,685.6264081645946,686.989161229118,41613300
2025-12-29,684.2138671875,685.5567672531378,682.4433081832867,683.9055083361335,62559500
2025-12-30,683.3782958984375,684.9200900521846,682.9505762759469,683.8159723723246,47160700
2025-12-31,678.3152465820312,683.726492314561,678.1063955310838,683.5076844111845,74144800
2026-01-02,679.55859375,683.2390468658663,676.2263268834449,682.0852055985325,89377200
2026-01-05,684.0845947265625,685.7855773037328,682.7517121374489,682.910839643419,71927200
2026-01-06,688.1529541015625,688.6602678554459,684.1442890432024,684.2934596862484,69273800
2026-01-07,685.9347534179688,690.2916046822218,685.6761181181482,688.5309418430683,75588300
2026-01-08,685.8651123046875,686.9692300361542,683.8557710289468,685.1787573638412,64019200
2026-01-09,690.4010009765625,691.6344363504869,685.5368360184962,686.9791831428475,80125500
2026-01-12,691.4852294921875,692.410366767912,686.979207477028,687.0289310253164,63976000
2026-01-13,690.1026000976562,692.4103433578374,687.6953490317495,691.813478661017,78309700
2026-01-14,686.7105712890625,688.0633674208381,682.4134005947378,687.347202661372,94676700
2026-01-15,688.5806884765625,691.7737417111902,687.5959315038539,690.8983886882239,77862000
2026-01-16,688.0037231445312,690.5800586110835,686.4519720383781,689.9931507530615,79289200
2026-01-20,673.9981689453125,681.1501633341576,672.9934983300664,677.8874730475171,111623300
2026-01-21,681.77685546875,685.0991655259935,674.5452667925615,676.0572511802958,127844500
2026-01-22,685.3379516601562,687.476610793547,683.2888434897402,686.2033478813381,77112200
2026-01-23,685.5865478515625,687.3074439470811,683.5274830754288,684.5123006998919,63059600
2026-01-26,689.068115234375,690.4607389282814,686.2729717064406,686.8399658941375,60473800
2026-01-27,691.8134765625,692.8480177488461,689.9036431059924,690.5104039402848,55506100
2026-01-28,691.7438354492188,694.1510864943795,690.271678492269,693.3652237572153,61172200
2026-01-29,690.3711547851562,693.375209936545,681.2098793986574,692.7087686795362,97486200
2026-01-30,688.3121337890625,690.540343876794,683.4877957603626,688.1330925763239,101835100
2026-02-02,691.73388671875,693.2458711004026,685.7755608588325,685.9347490634862,79286500
2026-02-03,685.885009765625,693.2757257351432,680.4140840721383,692.529690413304,107904600
2026-02-04,682.5626831054688,687.7948875474046,678.1561081391175,686.7006659106327,105204600
2026-02-05,674.0379638671875,680.0758839506523,672.2176206040476,677.3404209861714,113610800
2026-02-06,686.96923828125,688.6503070282812,677.2508650473027,677.8576866055596,89127600
2026-02-09,690.2816162109375,692.1914496038428,684.7012866666231,685.7755337993461,73885200
2026-02-10,688.4613037109375,692.8579216647231,688.0037135108784,691.276360737094,65185700
2026-02-11,688.3021850585938,693.4547952732178,685.5368515439336,692.7087599208829,76353900
2026-02-12,677.668701171875,691.6742279947084,676.7734344520502,690.5701102294341,118829000
2026-02-13,678.1461181640625,682.6522007204912,673.9384983110481,678.0864377658819,96267500
2026-02-17,679.2402954101562,681.31927396984,672.2077222570326,676.5446598627462,81354700
2026-02-18,682.662109375,685.507036973797,679.2204384959671,680.4041503420104,73570300
2026-02-19,680.8616943359375,682.5527199680946,677.9471901363287,680.2251236342836,58649400
2026-02-20,685.7855834960938,686.4122580979458,678.126274472082,678.7131823752115,100034000
2026-02-23,678.7827758789062,686.3525334522094,676.7734345413753,684.1940214696967,90558100
2026-02-24,683.7164916992188,684.7112054782021,676.4053697086953,678.295350173768,73798700
2026-02-25,689.4859008789062,690.0130676270821,686.4519751919497,686.53156929616,56369500
2026-02-26,685.6561889648438,689.6350440416309,680.7323436648176,689.615191050754,71671000
2026-02-27,682.3637084960938,683.2291046432514,678.0367277603054,679.4790749097389,83308900
2026-03-02,682.7516479492188,684.9797970984218,674.4358553343317,675.1122534180175,87477200
2026-03-03,676.7337036132812,679.0016196644848,666.1200629162043,671.4915420947397,105003100
2026-03-04,681.50830078125,683.4579617719511,676.027417786932,678.026802327329,79182200
2026-03-05,677.7084350585938,681.9061587313661,672.0385544367263,678.4743840881955,106606500
2026-03-06,668.8256225585938,672.5358853430707,666.2194774432897,669.8501461298736,100687000
2026-03-09,674.6845092773438,676.3257505242918,658.888450195908,662.8673051642795,102667700
2026-03-10,673.6002807617188,679.7476047325034,671.1930903760745,674.1374043547928,81505300
2026-03-11,672.7548217773438,676.4849986405864,669.7806371390539,673.9982140650914,68441700
2026-03-12,662.5390625,668.0995392824933,662.3500644519811,667.6120785283837,108882200
2026-03-13,658.7890014648438,668.7859240392634,657.863924887251,665.7321452917186,97200200
2026-03-16,665.493408203125,668.5173163233716,663.5934708305671,664.8468199428278,82023100
2026-03-17,667.2440185546875,670.8747480492216,666.1598145596139,668.8355969918504,87128000
2026-03-18,657.9335327148438,666.1796881508768,657.6948111200146,664.8268919718373,82062600
2026-03-19,656.3121337890625,659.4753162945015,651.7066041735543,653.497076818377,111272500
2026-03-20,646.9034423828125,655.0025723674255,643.063298812559,654.8230422006715,163617500
2026-03-23,653.6959228515625,660.9173090129275,652.2596206790361,656.3790129905765,134802700
2026-03-24,651.5015869140625,655.3417305137531,648.2100787416998,649.6463809650626,96457500
2026-03-25,655.1322021484375,659.1917509309695,652.5588148295345,656.9774239230809,90653800
2026-03-26,643.432373046875,653.1672421520028,643.1630473705688,650.3844333840033,96494400
2026-03-27,632.4606323242188,641.0085567819559,631.4831091918358,640.8489947137006,103649400
2026-03-30,630.3460693359375,638.7245091624994,627.6630399662237,638.4651675144013,99275900
2026-03-31,648.6688842773438,649.865752001465,636.3405988140365,637.2981538716512,152534100
2026-04-01,653.5562744140625,656.8278752918841,651.3220400966815,652.219751792706,97841500
2026-04-02,654.144775390625,656.5086804928782,643.4522901873171,644.7589215344626,68358700
2026-04-06,657.23681640625,658.0247645183308,653.8356054757206,654.1746977251443,39105800
2026-04-07,657.5260009765625,657.9150134208243,649.386996170508,654.9626585699763,69980400
2026-04-08,674.27294921875,675.3402070755335,669.734652974974,674.6519776493207,93606100
2026-04-09,678.162841796875,679.4096297331154,672.0386657215836,673.1059235004034,57134400
2026-04-10,677.7140502929688,680.2774536083281,676.7066358948267,679.5692561407437,42253500
2026-04-13,684.3369750976562,684.536473353906,674.8414790590384,675.669302461078,54185800
2026-04-14,692.675537109375,692.7952238870419,685.8929616905456,685.9229138241225,63480500
2026-04-15,698.1414184570312,698.480571570673,692.4161778504387,693.4734516118131,58240400
2026-04-16,699.8569946289062,700.9741726960574,696.7350934539525,699.2585607342904,49972400
2026-04-17,708.3152465820312,710.5594650064761,703.9464965121796,704.3255249385737,70661900
2026-04-20,706.8988037109375,708.0857482546458,704.3254772575062,706.9587079747221,43546800
2026-04-21,702.2708129882812,709.4523240430285,700.8345107773317,708.4548936431559,58941400
2026-04-22,709.3825073242188,709.6218808832724,706.4001392457644,707.3278031045794,42518500
2026-04-23,706.6295776367188,710.5295037064266,700.4754491270062,707.6768673789517,56174000
2026-04-24,712.10546875,712.6340752101273,707.1881441382454,708.9236633096505,45182000
2026-04-27,713.332275390625,713.7911152864904,710.4696550399041,711.3374146094498,33135900
2026-04-28,709.8612060546875,711.0481506026886,707.4274735730012,709.9908768700561,43117400
2026-04-29,709.7515258789062,710.3699278433978,706.5497524472755,709.1729992133655,41859200
2026-04-30,716.8132934570312,717.9403946619685,708.6244289610544,712.7936806635566,67240900
2026-05-01,718.7982177734375,723.0073446973263,718.6186267345964,719.3966516418469,43049800
2026-05-04,716.1649780273438,720.2644021704073,713.152718877996,718.2196821209096,51950600
2026-05-05,721.9102172851562,723.1769124909786,719.6360467603954,719.9153564929043,36933200
2026-05-06,731.9443359375,732.7023927493656,725.9497697512824,726.288861980811,53288900
2026-05-07,729.7001342773438,734.238430329629,727.8748196364371,733.161188473549,51724600
2026-05-08,735.724609375,736.1834492768152,732.6824588199246,733.0415191543954,47227100
2026-05-11,737.4002685546875,738.8864300819614,734.5576163199453,734.5576163199453,44024000
2026-05-12,736.2831420898438,736.9414802248905,729.9494836014034,734.9964788307154,54185300
2026-05-13,740.4025268554688,741.9983910774667,733.5800764180441,736.5723674930287,44200200
2026-05-14,746.2474975585938,747.6040491923611,741.649357949993,741.7391534739264,45307600
2026-05-15,737.2706298828125,741.5496453663399,736.0637780312098,739.8838927249178,60410800
2026-05-18,736.751953125,739.5147938000424,731.5054597381557,737.9289136337939,47843900
2026-05-19,731.8446044921875,735.7545755811656,729.650306265128,732.8919551385734,54255900
2026-05-20,739.3452758789062,739.9636778498481,732.0042028263388,733.8195334397973,45768000
2026-05-21,740.8114624023438,742.9559620700644,735.1361419849363,736.7419902854853,43332200
2026-05-22,743.7239990234375,747.015507083493,742.566945697205,744.3224328967863,41762000
2026-05-26,748.6613159179688,750.1973368284331,746.4469887578754,748.0827892360243,41123600
2026-05-27,748.5316162109375,749.4492351039673,746.2973210478585,748.9505199197505,42106300
2026-05-28,752.6609497070312,753.2095851254732,747.3047533704411,748.3221518516883,41562600
2026-05-29,754.5361328125,756.1320579864754,752.7507543048832,753.9576670103595,55075700
2026-06-01,756.5908203125,758.3264003155792,752.7507376917755,753.4189990020213,43634900
2026-06-02,757.6182250976562,758.4461093852723,754.805464031348,755.0847737682097,31581900
2026-06-03,752.3018798828125,756.8501599793441,751.6336185743088,756.2018667594974,51402500
2026-06-04,755.1445922851562,756.3614281257201,749.5389775481502,750.1673635570705,49923000
2026-06-05,735.65478515625,750.8855669656407,733.6400171295905,750.3768677170906,93989400
2026-06-08,737.3204345703125,743.4247643242134,736.2931129658897,741.4498108327123,49319100
2026-06-09,735.1560668945312,744.9807928982774,720.7332622187009,741.7191759970133,87683500
2026-06-10,723.56591796875,736.4826536495077,723.4661992814284,731.5054857614351,60341300
2026-06-11,735.8642578125,738.0984921563339,722.5485255148498,726.8873842592473,86330500
2026-06-12,739.843994140625,742.5270843334097,733.1412911200548,738.8066884479139,57079500
2026-06-15,752.890380859375,754.7356026867302,749.8282623277308,749.9179969688896,60176400
2026-06-16,748.4019775390625,753.4988323298886,747.9531216783239,752.6111046530555,67093100
2026-06-17,739.0560302734375,750.217278570044,737.3204502885575,749.3594421826946,85945200
2026-06-18,746.739990234375,748.22998046875,743.8599853515625,747.760009765625,80875700
2026-06-22,744.3900146484375,750.1799926757812,743.1300048828125,747.7000122070312,46628100
2026-06-23,733.5800170898438,739.6300048828125,732.2999877929688,733.8099975585938,66846800
2026-06-24,733.239990234375,739.9500122070312,730.8400268554688,735.1699829101562,57439500
2026-06-25,734.2999877929688,739.3699951171875,729.5999755859375,738.9099731445312,53934400
2026-06-26,728.989990234375,736.530029296875,716.5800170898438,728.9500122070312,71034000
2026-06-29,741.0,741.5599975585938,732.0900268554688,736.530029296875,58035200
2026-06-30,746.77001953125,748.02001953125,740.8900146484375,741.2899780273438,55626000
2026-07-01,745.760009765625,749.4400024414062,742.3800048828125,745.0,47100900
2026-07-02,744.780029296875,751.3099975585938,740.030029296875,747.4000244140625,57447800
2026-07-06,751.280029296875,752.4099731445312,747.4099731445312,748.739990234375,50673300
2026-07-07,747.7100219726562,750.9600219726562,745.2100219726562,750.219970703125,43721500
2026-07-08,745.4000244140625,746.1500244140625,739.510009765625,743.1599731445312,43767400
2026-07-09,751.7100219726562,751.969970703125,745.5900268554688,747.3499755859375,41441700
2026-07-10,754.9500122070312,755.4199829101562,748.0999755859375,752.0499877929688,42191300
2026-07-13,749.1699829101562,753.9099731445312,748.0,752.469970703125,44013600
2026-07-14,751.8300170898438,753.3400268554688,748.6599731445312,750.9099731445312,35143100
2026-07-15,754.8099975585938,755.5800170898438,750.2000122070312,754.239990234375,43844800
2026-07-16,750.719970703125,754.5700073242188,747.8800048828125,752.760009765625,46409800
2026-07-17,743.2899780273438,747.2899780273438,740.7999877929688,742.0800170898438,62651000
2026-07-20,742.0900268554688,748.72998046875,741.510009765625,747.0599975585938,50422300
2026-07-21,748.280029296875,749.0399780273438,744.1799926757812,746.2899780273438,34324300
2026-07-22,747.4099731445312,750.02001953125,746.3699951171875,746.6199951171875,32836200
2026-07-23,738.1799926757812,742.5599975585938,735.2100219726562,739.3699951171875,55437300
2026-07-24,738.9299926757812,743.719970703125,737.2899780273438,738.510009765625,44782000
2026-07-27,739.0900268554688,745.530029296875,735.8699951171875,744.9099731445312,41461200
2026-07-28,740.8599853515625,742.7899780273438,735.97998046875,739.1900024414062,47322200
2026-07-29,729.4600219726562,742.6799926757812,729.0999755859375,739.969970703125,70697200
2026-07-30,741.6900024414062,742.4500122070312,734.5900268554688,736.0499877929688,66811300
2026-07-31,747.030029296875,748.9000244140625,737.6799926757812,744.6799926757812,62445900
2026-08-03,757.6699829101562,758.5800170898438,748.7999877929688,749.4400024414062,59927500
2026-08-04,771.3300170898438,773.4099731445312,760.52001953125,760.6300048828125,69154800
2026-08-05,769.7899780273438,776.8499755859375,769.510009765625,775.8499755859375,44619800
