Date,Close,High,Low,Open,Volume
2010-01-04,84.5785140991211,84.62329045377957,83.22024296736411,83.86206395538726,118944600
2010-01-05,84.80238342285156,84.83970083964267,84.2202681614759,84.52625503641553,111579900
2010-01-06,84.86206817626953,85.07103199378142,84.65310435875766,84.72026885988491,116074400
2010-01-07,85.22030639648438,85.32478831807188,84.46653908174217,84.705355715919,131091100
2010-01-08,85.50391387939453,85.54123129793861,84.82478127383378,84.99642773392378,126402800
2010-01-11,85.62332916259766,85.92184574988617,85.25763666364304,85.88453402339456,106375700
2010-01-12,84.82475280761719,85.2352158046621,84.49637785491186,85.05610478220318,163333500
2010-01-13,85.54118347167969,85.78000001285845,84.60830546803831,85.04115653441295,161822000
2010-01-14,85.7725830078125,85.92930591616252,85.39196697676896,85.44420794621897,115718800
2010-01-15,84.80984497070312,85.70540600284272,84.48146993512745,85.62331793778698,212283100
2010-01-19,85.86955261230469,85.9217935527279,84.77248716958175,84.79488102447924,139172700
2010-01-20,84.99640655517578,85.41433420830795,84.317274118836,85.28746412701243,216490200
2010-01-21,83.36204528808594,85.2800438270615,83.25756332050284,85.01883890810377,344859600
2010-01-22,81.50370788574219,83.39185259032735,81.41414952217748,82.9888484950418,345942400
2010-01-25,81.921630859375,82.39926974399602,81.65296717166602,82.25000581322796,186937500
2010-01-26,81.57833862304688,82.44405240646186,81.3768394183346,81.60072679092188,211168800
2010-01-27,81.96642303466797,82.1529987008524,80.84696903756134,81.47386054289906,271863600
2010-01-28,81.0261001586914,82.2798891738561,80.53354323871896,82.23511282490557,316104000
2010-01-29,80.14543151855469,81.94402342244543,80.01856144978737,81.37683188217724,310677600
2010-02-01,81.39176177978516,81.39922640024713,80.22753151654962,80.71262935751012,187865000
2010-02-02,82.37689971923828,82.53362262151396,81.25744553683631,81.54104424043473,216327900
2010-02-03,81.96642303466797,82.451520905515,81.72760640970539,82.00373475160237,172730700
2010-02-04,79.43643188476562,81.36935243115417,79.42150264772786,81.33204072623104,356715700
2010-02-05,79.60065460205078,79.76483642536944,78.04834350472578,79.52601977146084,493585800
2010-02-08,79.02599334716797,80.10067106943076,78.96628776396719,79.66034951062228,224166900
2010-02-09,80.0185775756836,80.71263932459121,79.30958658400843,79.95140737090527,337820500
2010-02-10,79.86185455322266,80.30217041887016,79.19018097577597,79.89170734486893,240511500
2010-02-11,80.69770812988281,80.78726650280836,79.2946611170752,79.75737083643403,223591600
2010-02-12,80.63053131103516,80.67530764374328,79.48868927628364,79.84691132562222,304622100
2010-02-16,81.89925384521484,81.98134759485656,80.46635407774806,81.24250954191862,159317500
2010-02-17,82.28736114501953,82.39930772123174,81.8992804399958,82.29482007461813,168845100
2010-02-18,82.77239990234375,82.944046261618,82.12311478036672,82.15296755890036,193708600
2010-02-19,82.94405364990234,83.26496393043,82.36193865123262,82.5559788820678,222684900
2010-02-22,82.95899963378906,83.27244535883273,82.71271840961035,83.25005719187774,132346900
2010-02-23,81.9515151977539,82.98887571718075,81.73508668519047,82.73513547793745,207497000
2010-02-24,82.70524597167969,82.83958065454864,81.98879622765749,82.19776002460107,176350700
2010-02-25,82.59334564208984,82.65305124427313,81.30224473445409,81.52613220188199,259634700
2010-02-26,82.64552307128906,82.92912161667026,82.17535462676503,82.66791123143278,173589300
2010-03-01,83.50379943847656,83.58589318193008,82.96646064272164,82.98884881023858,147709700
2010-03-02,83.73516845703125,84.1381726358058,83.5859101806725,83.86204425515828,160992400
2010-03-03,83.80980682373047,84.3098283338428,83.60083725664134,83.95160048409996,150785000
2010-03-04,84.06352233886719,84.18293348496906,83.60827730856826,83.92172302633043,135770400
2010-03-05,85.26512145996094,85.33228599984011,84.40687183384973,84.60837684116781,176118800
2010-03-08,85.27999114990234,85.4665667901736,85.13073291522,85.2725322238539,114631200
2010-03-09,85.42181396484375,85.81735352004924,84.98149806567939,85.02627440963828,154556700
2010-03-10,85.80243682861328,86.03378888267827,85.38450906802136,85.45913821186438,186088800
2010-03-11,86.16065216064453,86.18304602647555,85.33972025582622,85.60092508547228,160791100
2010-03-12,86.16812896728516,86.54874502649841,85.92931227586173,86.53381578049998,162074800
2010-03-15,86.19049835205078,86.25020393534999,85.52628939590113,86.01885191736284,146816800
2010-03-16,86.87708282470703,86.95917086710996,86.19048014944573,86.42929673836895,168673000
2010-03-17,87.39205932617188,87.67565804261699,86.88457317940758,87.13831909970907,177468100
2010-03-18,87.3472671508789,87.51891358030277,86.99650397705062,87.39950811120411,196509100
2010-03-19,86.90515899658203,87.89433535380068,86.56793627555884,86.90515899658203,226641100
2010-03-22,87.3697509765625,87.52712497836629,86.35809445192491,86.41055054676433,184477800
2010-03-23,87.98424530029297,88.05918176228343,87.21238316166308,87.49714972142664,182941600
2010-03-24,87.55707550048828,87.99921024482515,86.61286600354346,87.65449802442373,196072600
2010-03-25,87.41471099853516,88.55375999582914,87.30979881657197,88.14909627227749,223396300
2010-03-26,87.36223602294922,87.99170897865872,87.01752382568678,87.57955570069194,205808500
2010-03-29,87.91677856445312,88.07414681416626,87.4446738153137,87.8043710382911,134513500
2010-03-30,87.97676849365234,88.29900049372868,87.6095757503564,88.02172923687195,145772500
2010-03-31,87.67701721191406,88.06669032836082,87.38476094525728,87.63954611422501,161078700
2010-04-01,88.2764892578125,88.61370614863122,87.75192266207975,88.2764892578125,161215200
2010-04-05,88.99588775634766,89.0558334860887,88.36640899714686,88.61370442816448,105847600
2010-04-06,89.20572662353516,89.36309490962878,88.64369458007837,88.74111140938807,110384200
2010-04-07,88.69615173339844,89.44552780027927,88.28399260969971,89.02587903235741,184576300
2010-04-08,89.00338745117188,89.15326608566326,88.12661887921722,88.38889934297049,158704000
2010-04-09,89.58788299560547,89.62534835683226,89.02585112164881,89.19070900215765,133006500
2010-04-12,89.73028564453125,89.962596105244,89.59539772831548,89.70030991678492,110279000
2010-04-13,89.79772186279297,89.95509012692354,89.17573844935917,89.64035359866239,125043600
2010-04-14,90.8168716430664,90.8168716430664,89.98506389553573,90.12744143582547,161609000
2010-04-15,90.89183044433594,91.10165484354752,90.63703959008896,90.6670153210172,144615300
2010-04-16,89.44551849365234,90.89181438093959,88.98839868303457,90.569582477017,366786700
2010-04-19,89.78270721435547,89.87263436301453,88.77854644877074,89.18321004181158,217947800
2010-04-20,90.58456420898438,90.65950637899627,89.82769860397119,90.34476412988701,157708000
2010-04-21,90.41972351074219,90.84686766160382,89.91763717560389,90.63703754982949,192910100
2010-04-22,90.68944549560547,90.80185299505017,89.26563622691569,89.78270157670863,115360300
2010-04-23,91.28147888183594,91.31894996470713,90.39721506855041,90.62952549123965,177335500
2010-04-26,90.93678283691406,91.51380559907923,90.84686136966744,91.3114708632032,143457300
2010-04-27,88.78604888916016,90.92925845562955,88.61368993646958,90.41219303212529,355853300
2010-04-28,89.46051025390625,89.6853253544713,88.62870238601526,89.2132205040273,300674100
2010-04-29,90.56957244873047,90.75691642521431,89.9775647969674,90.00004515937995,193775000
2010-04-30,89.03337097167969,90.68200179168727,89.01089060385947,90.58457924141858,270000900
2010-05-03,90.1874008178711,90.4346962710103,89.3256172709614,89.46050518019322,182747900
2010-05-04,88.0666732788086,89.19823274596551,87.6170487800206,89.18324774016305,360353400
2010-05-05,87.5421142578125,88.2765053387048,86.90514572729664,87.34727487434543,328973200
2010-05-06,84.63453674316406,87.67700181419352,78.68448880760957,87.12246511296085,647356600
2010-05-07,83.37557220458984,85.25650177694041,81.98922780052807,84.40970898721909,637558800
2010-05-10,87.04753112792969,87.4147238186528,86.11081099639094,86.78524491727008,396159600
2010-05-11,86.80022430419922,87.94676868068834,86.11079974958011,86.23069693776877,317849800
2010-05-12,88.01419830322266,88.14159655300188,86.9950466086957,87.14492522099935,235607100
2010-05-13,86.92011260986328,88.18655976240574,86.84517616024262,87.7744007135651,234452500
2010-05-14,85.346435546875,86.42553885894326,84.58207451235023,86.26817057881419,345601400
2010-05-17,85.3913803100586,85.81852433832444,83.75774064247824,85.57872428240825,325739800
2010-05-18,84.22985076904297,86.34309053985473,83.95257963287163,86.08829976550837,360556800
2010-05-19,83.75027465820312,84.50714040385404,82.70114697322565,83.75776430276812,394742700
2010-05-20,80.58788299560547,82.34891517395816,80.53542691258336,81.96673187349181,530418300
2010-05-21,81.764404296875,81.96673327276162,78.95424469282317,79.36640372166451,500909400
2010-05-24,80.71527862548828,81.97423038368876,80.64034217790298,81.32227128339915,269823000
2010-05-25,80.79771423339844,80.83518531759582,78.21985915076411,78.76690610670815,396505200
2010-05-26,80.31061553955078,82.03418243313537,80.07081547514014,81.29230187719065,349719300
2010-05-27,83.00088500976562,83.03086073499075,81.51711805618918,81.82436495178301,300870500
2010-05-28,81.95924377441406,82.97090009019519,81.56956510695427,82.91094864638839,297933500
2010-06-01,80.58039855957031,82.3938870667848,80.46050137524527,81.1948866371093,277909400
2010-06-02,82.67865753173828,82.68614717548135,80.56541738727603,80.99256148932845,240243700
2010-06-03,82.96341705322266,83.22569751222929,82.11662422349117,82.91845632233158,226618300
2010-06-04,80.04834747314453,81.92928291344903,79.77857164436438,81.38973125588875,398475600
2010-06-07,79.05167388916016,80.64035309250372,78.99172815334899,80.33310618334852,264609100
2010-06-08,79.89847564697266,80.05584392970009,78.42220392963863,79.11162851604995,357774300
2010-06-09,79.4713134765625,81.1424184686874,79.13409090394455,80.36306687608585,268023300
2010-06-10,81.79437255859375,81.89178935776019,79.46381328214484,80.82767705689416,317890600
2010-06-11,82.1915512084961,82.24400729425207,81.02252660177172,81.0749826875277,214128200
2010-06-14,82.06417083740234,83.27066670589709,81.98173901652738,82.82103651302084,207196100
2010-06-15,83.93011474609375,84.00505120508855,82.49880379496608,82.64118706915595,238268700
2010-06-16,83.90015411376953,84.24486646099213,83.33062663183001,83.4954903016509,216374000
2010-06-17,84.0350341796875,84.17741746615711,83.21821698681325,84.13994637478537,263185800
2010-06-18,84.12613677978516,84.42730871423167,83.85507744319415,84.20142976339679,174006600
2010-06-21,83.88520812988281,85.23296824497749,83.41838237161545,85.1727372959166,213140700
2010-06-22,82.4997787475586,84.25413337089348,82.37931112561623,83.88519373905673,239355400
2010-06-23,82.24378204345703,82.84613164641007,81.67907605941498,82.55248499426712,254639900
2010-06-24,80.88098907470703,81.94263953769628,80.67016633596872,81.83722816832713,268523600
2010-06-25,81.21977996826172,81.6338942359033,80.39153994400608,81.1218939229481,238726500
2010-06-28,80.96378326416016,81.55860762600659,80.6701365942531,81.3402539429627,169218600
2010-06-29,78.46400451660156,80.94871286160436,77.96706629429241,79.82682629819871,373649500
2010-06-30,77.71858978271484,78.96846915862811,77.46258679351288,78.24564631271105,284101700
2010-07-01,77.37224578857422,77.92188969361115,76.1449478535046,77.66589242156347,382924800
2010-07-02,76.95059204101562,77.86918126828743,76.5138904898335,77.63577132330339,233385200
2010-07-06,77.4551010131836,78.58451336292357,76.70968472632366,78.03486349180861,256935300
2010-07-07,79.89459228515625,79.99247257448127,77.56800095817742,77.65082495086995,253769400
2010-07-08,80.68518829345703,80.77553756831425,79.74401171712137,80.56471493433281,210842100
2010-07-09,81.28753662109375,81.29506764204612,80.51200805308899,80.66259400522135,144999900
2010-07-12,81.34022521972656,81.49834215965025,80.67763912702472,81.01646032050625,131283600
2010-07-13,82.5675277709961,82.8912869449269,82.0178782138772,82.18352618299481,213025900
2010-07-14,82.56002807617188,82.88379311743087,81.96520366341757,82.30402500554312,184426800
2010-07-15,82.5826187133789,82.86873439722127,81.44567551201365,82.52991304150038,232337900
2010-07-16,80.30870056152344,82.22869692170148,80.15057787522298,82.13834192159905,282693400
2010-07-19,80.7830581665039,81.03905540488441,79.97741135088702,80.60235389561853,186709000
2010-07-20,81.6790771484375,81.73930808839543,79.67625047431137,79.71389983821068,258162400
2010-07-21,80.617431640625,82.12331436912794,80.2861356021186,82.10072704731827,264527000
2010-07-22,82.41697692871094,82.77839138079375,81.56615509111359,81.57368037017626,274781300
2010-07-23,83.13224792480469,83.25271554021515,82.01789232370646,82.25130227789836,222020800
2010-07-26,83.99813842773438,84.0809624390077,83.04190540369706,83.27531539302,184445700
2010-07-27,83.99057006835938,84.54774479473328,83.65927419319894,84.45738980755755,204855600
2010-07-28,83.44847106933594,84.07341361776108,83.16988076902365,83.81741063338231,163056200
2010-07-29,83.04188537597656,84.19388448923314,82.37929919007672,83.96799983214989,220149100
2010-07-30,83.02680969238281,83.47104791312113,82.05552076218645,82.19857565997971,220070600
2010-08-02,84.90167999267578,85.03720968422506,83.98309049934046,84.32191185596992,188263200
2010-08-03,84.4950942993164,84.90920866904789,84.21650388207011,84.69086069371888,146657300
2010-08-04,85.05980682373047,85.16521817993353,84.44992601362873,84.7285107073848,158171700
2010-08-05,84.96942901611328,85.01460940273542,84.38966671225573,84.51766536129763,140473800
2010-08-06,84.62307739257812,84.75860706459787,83.51625269516468,84.13366436892426,239728300
2010-08-09,85.0748291015625,85.21788977540201,84.57035984942475,85.02212344454044,120800400
2010-08-10,84.61553955078125,85.06730891742619,83.85507298886692,84.35201124989578,242916300
2010-08-11,82.29647064208984,83.34305838928832,82.16094100424115,83.31294005371248,273406900
2010-08-12,81.79202270507812,82.08566939328227,81.01649397753964,81.05414334556049,239542600
2010-08-13,81.55105590820312,82.04046881534211,81.45317562456941,81.53599961244609,158698500
2010-08-16,81.51338958740234,81.77691777337198,80.70021197542438,80.99385848900249,147895300
2010-08-17,82.51482391357422,83.11717917547774,81.98023634726545,82.21365202710795,172270300
2010-08-18,82.66542053222656,83.10965311240231,82.00283430019827,82.47718521971429,182922100
2010-08-19,81.22733306884766,82.43956943469472,80.88851166612766,82.23627774196035,265847600
2010-08-20,80.96378326416016,81.27249197813185,80.37648992434603,80.98637058577044,209714200
2010-08-23,80.65507507324219,81.74683767329661,80.6174257100046,81.3477796987179,163490300
2010-08-24,79.45789337158203,80.1054233401905,79.03624808764577,79.77412733453421,280677800
2010-08-25,79.76661682128906,80.06778879727962,78.5242623146227,79.02120067059691,272234800
2010-08-26,79.23201751708984,80.24848714872897,78.96848345988019,80.14307582363966,224439500
2010-08-27,80.45932006835938,80.5421440835703,78.53931716226919,79.72896597667419,272649000
2010-08-30,79.29224395751953,80.49695459501521,79.28471868078758,80.24848259519527,167238600
2010-08-31,79.29224395751953,79.79671897837743,78.67483234082172,78.99859731936363,273933100
2010-09-01,81.66401672363281,81.77695907308282,80.30872576369235,80.36143142750414,256828100
2010-09-02,82.42448425292969,82.43954055121377,81.68659925831332,81.85977828325434,156112200
2010-09-03,83.49365234375,83.56894531768027,82.78588575093698,83.23012406275123,212197300
2010-09-07,82.55247497558594,83.2075359055907,82.48471302307802,83.10212459425462,141973700
2010-09-08,83.13224792480469,83.46353817554797,82.680478569679,82.71812793076812,149924400
2010-09-09,83.51624298095703,84.0884799456457,83.29036405018834,84.06589262701742,147017900
2010-09-10,83.93788146972656,84.0357617506757,83.47858691118397,83.66682219765273,127819000
2010-09-13,84.87153625488281,85.0447095206467,84.42729794262515,84.76612494237808,178503500
2010-09-14,84.8188247680664,85.3007066619587,84.38964852680341,84.70588244257924,209823600
2010-09-15,85.14261627197266,85.24049658754528,84.31438186743334,84.57037919023271,168608400
2010-09-16,85.12002563476562,85.17273130178923,84.59296322004272,84.87908462201675,199962900
2010-09-17,85.15180969238281,85.6514141665537,84.91715013494868,85.56814675419189,195836900
2010-09-20,86.45378875732422,86.64303179525949,85.17450397280518,85.44701440945113,214555200
2010-09-21,86.27973175048828,86.93072281487626,85.92395373635998,86.52196272975235,268389100
2010-09-22,85.85578155517578,86.62789639749228,85.61355069342221,86.14343467398515,191322400
2010-09-23,85.15938568115234,86.04504190617861,84.9171547706689,85.15181434091336,202354300
2010-09-24,86.91554260253906,86.976101760994,86.02988656728266,86.10558262773172,209671800
2010-09-27,86.49919128417969,87.04421206954804,86.4159296741401,86.94580778478252,128761800
2010-09-28,86.8019790649414,87.0820607879346,85.6740923862726,86.61273606230122,209207500
2010-09-29,86.65060424804688,86.98367384717231,86.30996331023971,86.58247375038974,179665800
2010-09-30,86.39322662353516,87.64980312426069,85.98446098264513,87.08964536833243,287106700
2010-10-01,86.756591796875,87.14264926928448,86.24185042540905,87.04423917863183,174638700
2010-10-04,86.10559844970703,86.93826681812867,85.67412447310053,86.57492335111282,166153200
2010-10-05,87.83905792236328,88.05100922190483,86.8020038921895,86.9004139778622,229634100
2010-10-06,87.83148956298828,88.0585835489104,87.47571168015558,87.82391822339355,148626600
2010-10-07,87.72552490234375,88.20998674279402,87.19564656911399,88.18727849640426,164860000
2010-10-08,88.21751403808594,88.45974483737004,87.5135298752856,87.84659939001541,177760100
2010-10-11,88.30081176757812,88.54304265012198,87.99802172058835,88.35379959265835,103098300
2010-10-12,88.57331085205078,88.83067860501846,87.54382828970196,88.0131473157581,182210000
2010-10-13,89.26214599609375,89.73904210108938,88.85338038119977,89.06533741410817,194347200
2010-10-14,88.91398620605469,89.33032337733384,88.35382819171318,89.17892541721339,217764300
2010-10-15,89.09559631347656,89.58762923662368,88.38404660677108,89.53464143106862,243705000
2010-10-18,89.5346908569336,89.82990961874404,88.80042673516472,89.12592508475585,141204800
2010-10-19,88.36137390136719,89.20917913114089,87.82391851789852,88.70958044577281,280604700
2010-10-20,89.22431182861328,89.65578573485008,88.4673396580056,88.52032747893857,200051800
2010-10-21,89.42109680175781,90.14778920045542,88.72468397491066,89.62548246793897,221585500
2010-10-22,89.58767700195312,89.72393225677568,89.32273783292058,89.55739741474359,108212400
2010-10-25,89.85259246826172,90.65498687954451,89.7844677464418,90.1856620644636,151145700
2010-10-26,89.86772155761719,89.95855450630991,89.22429647834424,89.39839681349753,158982900
2010-10-27,89.61038970947266,89.70879981661284,88.76258432636364,89.23947485436247,190024000
2010-10-28,89.62549591064453,90.16294539731584,89.19402205372594,90.12509448301614,168576000
2010-10-29,89.69364166259766,89.86774782387647,89.37571469877376,89.5346781806857,144305500
2010-11-01,89.72391510009766,90.6474221200564,89.20917376644391,90.13268078640266,174074800
2010-11-02,90.43547058105469,90.64742187517962,90.15538878510984,90.39761966057254,158345900
2010-11-03,90.798828125,90.85181595677035,89.66336963685791,90.59444813824025,226702800
2010-11-04,92.54740142822266,92.59281790166342,90.81393479729495,91.80556630234004,215039400
2010-11-05,92.89559936523438,93.04699144634071,92.48683381596199,92.60794632579953,180654100
2010-11-08,92.7215347290039,92.87293265303626,92.30520343220556,92.6079877297897,156107100
2010-11-09,92.05537414550781,93.0697139499567,91.68445944726412,92.97130965967449,186621600
2010-11-10,92.42626953125,92.47169177324498,91.33623390240595,92.03264667713024,221387400
2010-11-11,92.07810974121094,92.21436498567485,91.35141702915016,91.63149885811495,158017600
2010-11-12,90.9880599975586,91.85857921960991,90.57172873500522,91.45738486059456,239068800
2010-11-15,90.8593978881836,91.63151298425707,90.82155273264506,91.27573502579588,163940800
2010-11-16,89.44381713867188,90.45058554153147,89.01233754071148,90.29919344680862,299566200
2010-11-17,89.4892349243164,89.86014960449326,89.21672452962858,89.48166358689777,172308900
2010-11-18,90.80638885498047,91.13188714789106,90.34463532840405,90.352206667841,197723700
2010-11-19,91.05619049072266,91.09403563718311,90.26893867632386,90.76097178222808,156852900
2010-11-22,90.98049926757812,91.01834441605395,89.90559425159066,90.6020131313792,181361000
2010-11-23,89.66338348388672,90.09485754500514,89.31517685344392,89.90561443442265,222309000
2010-11-24,90.9880599975586,91.01077401572535,90.21595086184375,90.23108776538177,140046100
2010-11-26,89.92832946777344,90.69286748492999,89.92832946777344,90.20084001208875,76007800
2010-11-29,90.20079803466797,90.44302887519262,89.1258932655534,89.70119367751403,223642300
2010-11-30,89.69364166259766,90.20838303151064,89.17890029368466,89.30758996734293,233930700
2010-12-01,91.60124969482422,91.77535014681274,90.98053243617389,90.98809800348315,221037200
2010-12-02,92.7745361328125,92.84266665240558,91.69206536237179,91.7450531997259,191213600
2010-12-03,93.02430725097656,93.1302828901847,92.4338698967486,92.45657813725904,151288900
2010-12-06,92.92591857910156,93.13786989316488,92.72910416951127,92.82750848668634,103050500
2010-12-07,92.97889709472656,93.87212452541236,92.92590927151807,93.81913670220386,206581000
2010-12-08,93.31954956054688,93.39524563983082,92.66098731801182,93.09246132269503,138019200
2010-12-09,93.68289184570312,93.87970048212813,93.22113828866559,93.8418553329265,123705100
2010-12-10,94.22791290283203,94.31874588119152,93.66018368712433,93.97053932191962,117571700
2010-12-13,94.28846740722656,94.7729292149841,94.25818782233668,94.65938799069741,133812700
2010-12-14,94.3717269897461,94.79563536778308,94.08407962002514,94.43228615449992,147249600
2010-12-15,93.94027709960938,94.56856560050504,93.78131358286011,94.19765072809008,160823100
2010-12-16,94.48527526855469,94.55340577364194,93.67531519845441,94.00081349439601,185035200
2010-12-17,94.58648681640625,94.70823631172009,94.22122671924015,94.41907618043896,141075300
2010-12-20,94.81478118896484,95.04306950402729,94.34299385273492,94.84522001801405,119085500
2010-12-21,95.4158935546875,95.47677118634275,95.0202005601494,95.11151120202177,94965500
2010-12-22,95.71267700195312,95.74311582167651,95.43112807933146,95.48439456244458,78878100
2010-12-23,95.57572174072266,95.71269355035425,95.33982810409523,95.60616056570882,70053700
2010-12-27,95.61373901367188,95.70504965178053,95.14955725125206,95.21804022983355,58126000
2010-12-28,95.75074005126953,95.84205071729549,95.49962410847407,95.80400654165535,55309100
2010-12-29,95.81924438476562,96.03231039374766,95.80402787224405,95.864905533557,58033100
2010-12-30,95.66703796386719,95.97902575933269,95.52245499696657,95.72791561367927,76616900
2010-12-31,95.68986511230469,95.78118158652767,95.37026616094252,95.5224544790353,91218900
2011-01-03,96.67909240722656,97.09761312336184,95.65180109123236,96.42036533770737,138725200
2011-01-04,96.62583923339844,96.92261051493138,96.02468551281292,96.8921716904649,137409700
2011-01-05,97.1280746459961,97.18895230077244,96.23014955768944,96.32146603985396,133975300
2011-01-06,96.93782806396484,97.27264933107469,96.64866793685047,97.16611634710559,122519000
2011-01-07,96.74756622314453,97.22696453436095,95.9942243610585,97.06716509728881,156034600
2011-01-10,96.62583923339844,96.7628110406915,96.03229086472042,96.32145679434585,122401700
2011-01-11,96.96824645996094,97.20414004539384,96.60298644500938,96.97585761595873,110287000
2011-01-12,97.84332275390625,97.94985569271209,96.99105343784983,97.56177390375215,107929200
2011-01-13,97.68354797363281,97.92705854460931,97.44004901387943,97.881403215357,129048400
2011-01-14,98.3912353515625,98.41406301501488,97.4780939797994,97.54657697015656,117677900
2011-01-18,98.55865478515625,98.6499654471441,98.18578356333329,98.2999218908181,114401300
2011-01-19,97.59224700927734,98.57387151937935,97.33352571033254,98.47495549991473,151958400
2011-01-20,97.46289825439453,97.70639726805261,96.73998914939976,97.37158177006312,175745700
2011-01-21,97.68354797363281,98.29231278985095,97.57701500163638,98.07164149472372,151462900
2011-01-24,98.23902893066406,98.35316722686474,97.5998196382792,97.62264729751934,113715500
2011-01-25,98.29232025146484,98.3760255651894,97.48571174351399,97.98032666292566,167552200
2011-01-26,98.67278289794922,98.9619487792741,98.33796169035669,98.53581691914628,141281500
2011-01-27,98.9162826538086,99.08369323932779,98.52058385065223,98.69559978597827,123302700
2011-01-28,97.18896484375,99.19027591211476,97.02916533354826,99.03047059629958,295637300
2011-01-31,97.91944885253906,97.99554881442523,97.21176797413833,97.4552785631949,149249200
2011-02-01,99.48704528808594,99.66206130766948,98.4521482662945,98.51302592772066,167194300
2011-02-02,99.29678344726562,99.56311009033683,99.17502815323219,99.22828883735687,118323600
2011-02-03,99.51747131347656,99.66965965072424,98.59672432583129,99.12177234765191,145886700
2011-02-04,99.79900360107422,99.83705358181902,99.09892807802065,99.55550462451049,134634800
2011-02-07,100.42298889160156,100.7501931751814,100.01206768521793,100.01968464795847,112439100
2011-02-08,100.87957763671875,100.93283832622902,100.24036808401993,100.5143117176837,99072800
2011-02-09,100.65125274658203,100.92519628064876,100.1490209989229,100.60559742610772,146436700
2011-02-10,100.68929290771484,100.80343119778067,99.91311770160796,100.14140589295936,162708500
2011-02-11,101.29048156738281,101.4198422188672,100.27080705952382,100.29363472677257,137710300
2011-02-14,101.53396606445312,101.61767136949382,101.1154511504724,101.22958947042663,101690700
2011-02-15,101.2143783569336,101.37418363377508,100.68933041582372,101.2219953199219,119575400
2011-02-16,101.85359191894531,101.97533560815327,101.35136001307966,101.55682063115643,130183500
2011-02-17,102.15795135498047,102.29491733648298,101.46548126301306,101.55680352857065,109810500
2011-02-18,102.37100982666016,102.4927650977129,102.01336097495626,102.2492545556074,130002400
2011-02-22,100.31645202636719,102.39385080987647,100.04250843646966,101.2980764502864,233116400
2011-02-23,99.7000732421875,100.49907627799169,99.08370312095126,100.25556572523443,227584000
2011-02-24,99.6315689086914,100.01966236283067,98.69559998681754,99.59353054835871,260431400
2011-02-25,100.69694519042969,100.75782284391248,99.98925262851427,100.05013028199706,141686900
2011-02-28,101.32091522216797,101.45028748568829,100.73498961080894,101.06981088085668,141585500
2011-03-01,99.6315689086914,101.73180658176197,99.60113589818103,101.64049593900972,258565500
2011-03-02,99.84466552734375,100.3088474021671,99.19024536958007,99.49462197779528,200277400
2011-03-03,101.56439971923828,101.6785380268629,100.74256907067654,100.75017442077767,176480100
2011-03-04,100.80349731445312,101.68620604066037,100.14147157541139,101.48835072648065,277202300
2011-03-07,100.01205444335938,101.32851158856425,99.48700658884597,101.10022334982418,216790400
2011-03-08,100.88716888427734,101.20676781033158,99.73813382075689,100.1718710735364,174615000
2011-03-09,100.74259185791016,101.0545854509501,100.14144394974278,100.689331172712,153806000
2011-03-10,98.87825775146484,99.8218322604704,98.77933012278883,99.68486626189502,301291800
2011-03-11,99.5631103515625,99.92075927170912,98.53583053492294,98.5586582012111,225621800
2011-03-14,98.96195983886719,99.28916412116725,98.20861203759287,98.91630450749729,234974100
2011-03-15,97.828125,98.41406211611195,96.26056353073383,96.32904652046548,359585400
2011-03-16,96.01704406738281,97.83572697048777,95.33218524695148,97.51611651160263,468670300
2011-03-17,97.287841796875,97.6987571216071,96.71712703568221,97.40198591023571,254303700
2011-03-18,97.64173889160156,98.49771113573968,97.45067412708417,98.46713424288295,230435400
2011-03-21,99.15495300292969,99.36129450769671,98.74224667006514,98.85689250104541,153992600
2011-03-22,98.81104278564453,99.26960285869613,98.71933543570104,99.1396802257205,129538600
2011-03-23,99.09381103515625,99.35365626042231,98.06970691557926,98.53589364591028,148603100
2011-03-24,100.0414810180664,100.1866920686518,99.10144587699367,99.65935158459531,159129800
2011-03-25,100.34718322753906,100.78280468144999,100.0338343193183,100.30132956519726,155642800
2011-03-28,100.10263061523438,100.82103586976841,100.07206538940272,100.5611906343693,109762400
2011-03-29,100.7751693725586,100.80573459449963,99.68992323785659,100.01854893579561,129798800
2011-03-30,101.47061920166016,101.76867959393586,101.1572703718762,101.30248137405222,135835000
2011-03-31,101.33307647705078,101.6158601768903,101.22608070625498,101.34072652889188,132537100
2011-04-01,101.76107025146484,102.23491871048498,101.51651346180839,101.95978503358045,153850100
2011-04-04,101.84510803222656,102.15845689146725,101.55469766223509,101.97503060910786,100768900
2011-04-05,101.8298568725586,102.28076681075895,101.60057687734428,101.64643054405414,120791500
2011-04-06,102.15084075927734,102.41068596965457,101.73813444946447,102.31897863932487,120411600
2011-04-07,101.8909912109375,102.39539316794081,101.3865775922701,101.96741009573722,170731500
2011-04-08,101.53944396972656,102.40306030990982,101.11909921735126,102.3419181948674,147945400
2011-04-11,101.23373413085938,101.99034294181435,100.98916569708398,101.64642878577438,121385400
2011-04-12,100.47711181640625,100.86687963121813,100.11027083413245,100.6681765286666,161187400
2011-04-13,100.46952819824219,101.019784140799,100.0873985653991,100.94336521123293,162059000
2011-04-14,100.5458755493164,100.69872496130614,99.55998692956939,99.88861258226419,161220400
2011-04-15,100.91275024414062,101.16495710608105,100.43127501831482,100.72933555303233,170006700
2011-04-18,99.78166198730469,100.9051237494673,98.97918763409311,99.80458882639634,210759300
2011-04-19,100.35484313964844,100.38542002887645,99.68994156976872,99.934498375261,124258800
2011-04-20,101.72286224365234,101.94449218913807,101.48593219353745,101.55472435604312,156133800
2011-04-21,102.24254608154297,102.28839974580725,101.72285567099533,102.2501844716989,135935400
2011-04-25,102.13557434082031,102.30371225712396,101.79929850821304,102.16613957029958,65757100
2011-04-26,103.01446533203125,103.22081852700384,102.34192534292335,102.44892113630416,146600000
2011-04-27,103.68696594238281,103.8398153345907,102.7927847532225,103.21312932804003,143031000
2011-04-28,104.02332305908203,104.16088412128981,103.48834393660137,103.50362072462207,124791100
2011-04-29,104.26780700683594,104.37481441814691,103.92389293022607,104.06146555786727,115094100
2011-05-02,104.10734558105469,104.8410275754246,103.90099241815969,104.7569702938113,126278700
2011-05-03,103.7328109741211,104.08437504248074,103.20547070241169,103.90859883913099,138375000
2011-05-04,103.04500579833984,103.73283398956029,102.58644589641774,103.68698033170062,182678500
2011-05-05,102.1126480102539,103.13675229706621,101.66173798777692,102.47185068217074,226900000
2011-05-06,102.56354522705078,103.65644155199563,102.16612732146486,103.12910102878206,222787200
2011-05-09,102.96098327636719,103.25904384845406,102.39542736398812,102.55592690049704,114104500
2011-05-10,103.83985137939453,104.02327771071145,103.17494987857656,103.30487249013494,114806900
2011-05-11,102.7469482421875,103.70227167993224,102.2731115487983,103.68698323966267,193564200
2011-05-12,103.2361068725586,103.45009845911359,101.94450729978016,102.47184787438597,171550700
2011-05-13,102.44127655029297,103.43481563423684,102.07443547650372,103.289604550827,157444900
2011-05-16,101.79163360595703,102.87687972567237,101.62349573344271,102.07440563624746,141675400
2011-05-17,101.7763442993164,101.9139169491425,100.97387021671214,101.4095033358868,192686200
2011-05-18,102.68584442138672,102.79284021983285,101.60823638310725,101.8298780338176,135217900
2011-05-19,102.93034362792969,103.19783880513438,102.36479972202162,103.02206259073006,119489500
2011-05-20,102.1126480102539,102.9303990966387,101.92158325547547,102.66291543694918,182594900
2011-05-23,100.92803192138672,101.43244561144492,100.56882929316336,100.86688980789489,168700000
2011-05-24,100.84394073486328,101.44006163286932,100.65287604545973,101.218431724293,147199600
2011-05-25,101.18022918701172,101.60057388893006,100.4083319428814,100.43889716590063,151050100
2011-05-26,101.64647674560547,101.82990315748305,100.71407955981742,100.90514436573021,164850000
2011-05-27,102.03622436523438,102.31135809724552,101.61589120554252,101.92922856176715,120921900
2011-05-31,103.0985336303711,103.11382207551844,102.28842096256291,102.99918789108023,164731200
2011-06-01,100.78279876708984,103.11379031320429,100.69872983717545,102.80044142337216,233094300
2011-06-02,100.67582702636719,101.06560654971904,100.0873560382335,100.8516149791857,200466800
2011-06-03,99.67465209960938,100.43891105911719,99.41480685217662,99.46829891527572,234690200
2011-06-06,98.61996459960938,99.62879195824864,98.49004198432986,99.42243878731507,179951200
2011-06-07,98.55885314941406,99.407181169388,98.47478418665385,99.12439738828486,161660500
2011-06-08,98.14612579345703,98.73460840725545,97.96269946065011,98.40597101868455,198696400
2011-06-09,98.8951187133789,99.30017508639884,98.17672498541361,98.41364343057607,160964400
2011-06-10,97.51945495605469,98.53591507511116,97.2596096742785,98.4747846125373,238629400
2011-06-13,97.59589385986328,98.00860034297288,97.0991300630986,97.74110496830298,207599800
2011-06-14,98.83395385742188,99.17786798593754,98.45182445647916,98.49002806724235,160570400
2011-06-15,97.07618713378906,98.81870275846136,96.81634184175508,98.00858998819761,300958000
2011-06-16,97.29016876220703,97.80222087033272,96.54119240951336,97.10674241205766,308032800
2011-06-17,97.58049011230469,98.2640522890499,97.25022927389762,98.25637016915935,233284900
2011-06-20,98.0797348022461,98.28711105965645,97.21952472629688,97.2502473518296,159479000
2011-06-21,99.42381286621094,99.61582486932045,98.11813358896275,98.58664334532926,193157300
2011-06-22,98.82469177246094,99.70026564287382,98.76324655284704,99.11655363575767,176703000
2011-06-23,98.54054260253906,98.8016760617885,96.91996115210952,97.66496851251193,334286500
2011-06-24,97.39616394042969,98.59431693221775,97.25023880664854,98.51751916474655,226129300
2011-06-27,98.2640151977539,98.64035103422871,97.26555093952817,97.45756284613017,168904700
2011-06-28,99.54668426513672,99.56204850389334,98.51750293857029,98.65574592893876,165556300
2011-06-29,100.39922332763672,100.56050682517653,99.56205392179024,99.99983513459361,244295500
2011-06-30,101.35926818847656,101.52055166211203,100.39153218822595,100.72178711389428,223322700
2011-07-01,102.85696411132812,102.9952188150244,101.21334222192479,101.4514351743952,202385700
2011-07-05,102.77252197265625,102.97989825642048,102.44994315318122,102.7494814655141,165936000
2011-07-06,102.89540100097656,103.02596776669782,102.23487919119148,102.52674120838223,143331600
2011-07-07,103.96297454833984,104.22410804762521,103.5943148011439,103.80936729696504,170464200
2011-07-08,103.22562408447266,103.9629551608457,102.44989999202717,102.78784291371981,194100500
2011-07-11,101.35926818847656,102.28859945517802,101.12117524774278,101.95834452950969,195918600
2011-07-12,100.92149353027344,101.98140342617667,100.89077676957947,101.14423399335986,214675700
2011-07-13,101.2594223022461,102.31933204958665,101.01365309269856,101.45143425824375,204062600
2011-07-14,100.56050109863281,101.98139433327722,100.36848913284196,101.51288466796834,226111800
2011-07-15,101.14424896240234,101.28249198520682,100.43764616705225,101.1212084586016,220012800
2011-07-18,100.31473541259766,100.82932609271857,99.56205176162028,100.67571885856738,196872100
2011-07-19,101.94300842285156,102.06589891632815,100.85238166208244,100.87542216467398,166554900
2011-07-20,101.88156127929688,102.26558527464965,101.70491352288964,102.20415174853761,137145400
2011-07-21,103.29476928710938,103.54822650780115,101.89691644319987,102.45758814501309,245246300
2011-07-22,103.36388397216797,103.47141020541888,102.73407909206938,103.31780297498621,126019400
2011-07-25,102.78785705566406,103.29477150794625,102.27326634300724,102.38079258565969,136653800
2011-07-26,102.40382385253906,102.88769776058504,102.17340714778,102.7187262917271,131278200
2011-07-27,100.30704498291016,101.86618104228208,100.17646654687292,101.83545256810423,249020100
2011-07-28,100.01518249511719,101.20565889379886,99.85388730531736,100.30704440071733,207939900
2011-07-29,99.33161926269531,100.26863847741095,98.2870738292162,99.00904060640485,307038400
2011-08-01,98.9092025756836,100.5835530063475,97.94914274968924,100.49137929380544,325790900
2011-08-02,96.38232421875,98.69414991587237,96.38232421875,98.16419501786096,346653800
2011-08-03,96.90460968017578,97.0121359257669,94.87696353511343,96.5129094396971,370830800
2011-08-04,92.36542510986328,95.71411380685991,92.21181204226656,95.56050073926319,520721800
2011-08-05,92.2271957397461,93.75560946147277,89.75408049711119,93.5175164811321,655619200
2011-08-08,86.22105407714844,92.25791070261988,86.03671837243502,89.79247778454416,702263900
2011-08-09,90.23026275634766,90.35314736359415,84.69263267737412,87.61121681116317,717828700
2011-08-10,86.24407958984375,89.30858836640982,85.98294031674442,88.52518226659005,662607400
2011-08-11,90.11502838134766,91.33622128068441,86.26710817635943,86.98907481203572,487979700
2011-08-12,90.72180938720703,91.55897868706745,90.07664618002325,90.93686183635504,313731600
2011-08-15,92.64193725585938,92.73409925108706,91.39769758262304,91.5436285547206,258810600
2011-08-16,91.8508529663086,92.69571041233264,90.8677525124707,91.75869096109938,294095200
2011-08-17,91.91229248046875,93.08740485156585,91.18264930591869,92.35776167701579,238201100
2011-08-18,87.94914245605469,91.94298809259496,87.08892693537791,89.47755571553306,512956300
2011-08-19,86.51292419433594,89.0013980144438,86.40539794567172,86.75869931410287,428281300
2011-08-22,86.58206939697266,88.50218974689473,86.33629422657233,88.45610287387186,275090600
2011-08-23,89.4314956665039,89.53133977988374,86.46683042587006,86.90461747644343,331136600
2011-08-24,90.69108581542969,90.81397041661586,89.0320997513688,89.23947593924626,246869700
2011-08-25,89.30860900878906,91.70492056990041,88.99371241638039,91.19032988246401,312365400
2011-08-26,90.6065902709961,91.02133674207235,87.44223156189892,88.85544241072238,314495900
2011-08-29,93.2103042602539,93.26406738500569,90.67574355683318,91.82781553843513,190977200
2011-08-30,93.45603942871094,94.03207517325188,91.59736549932946,92.80320009017893,241315700
2011-08-31,93.87080383300781,94.86158620640346,93.16420125747811,94.05513366581127,301828400
2011-09-01,92.88771057128906,94.77710761404866,92.764820100342,93.92457401600906,254585900
2011-09-02,90.51443481445312,92.83394252254242,90.19185613496728,90.95222183939529,255517200
2011-09-06,89.85392761230469,89.98450021660106,87.84932200333895,87.8570041235307,285130500
2011-09-07,92.38846588134766,92.42686475355713,90.90613346810792,91.2133537444807,209803200
2011-09-08,91.42842864990234,92.88772092651108,91.22105242199572,91.83549312574912,250568200
2011-09-09,89.03211212158203,91.44378208480475,88.54056192906151,90.38387808088372,380195100
2011-09-12,89.60813903808594,89.67726638994198,87.59585747106236,87.91843615375073,305793500
2011-09-13,90.42996978759766,90.76791278237225,89.2625394070673,89.90002065275893,272514700
2011-09-14,91.68189239501953,92.78020127570458,89.64656401140496,90.89079802830243,319389500
2011-09-15,93.26403045654297,93.29475306705649,91.70489459634962,92.66495420087644,326777200
2011-09-16,93.81605529785156,94.1634685261769,92.88963180243118,93.63849364142351,284528300
2011-09-19,92.88188171386719,93.36053704541817,91.65437066093483,92.27970603582074,241517000
2011-09-20,92.77381134033203,94.17889006963102,92.65029097767528,93.27562643437938,218932200
2011-09-21,90.0408706665039,93.10579714234429,89.8941905782031,92.82015294035112,316251300
2011-09-22,87.13035583496094,88.1725837880949,85.92600405712231,87.43144377942059,513911300
2011-09-23,87.65532684326172,88.13398232112984,86.4818507975389,86.55133579935284,307242500
2011-09-26,89.73975372314453,89.86327995762815,87.22296854111859,88.48136113213155,260673700
2011-09-27,90.743408203125,92.3028890481392,90.20298961679033,91.50770784216297,311753900
2011-09-28,88.89051055908203,91.47678011193338,88.75926838336758,90.9286458280198,286696800
2011-09-29,89.59307861328125,90.81286785063898,87.95639125662358,90.36509995112924,298108900
2011-09-30,87.3542251586914,89.12987089691201,87.29246203126041,88.35784947419278,288392300
2011-10-03,84.8682861328125,87.9718085962855,84.77564147343496,86.84465841243494,365136800
2011-10-04,86.72888946533203,86.91417885972626,82.93826709504346,83.64852543671881,459177500
2011-10-05,88.33468627929688,88.56629505297234,86.14214835274052,86.94505130741146,284108000
2011-10-06,89.93277740478516,90.0640255282292,87.63215677342936,88.28837383042456,257800800
2011-10-07,89.33056640625,90.51947968201428,88.82875148160119,90.45771657650742,312657900
2011-10-10,92.31831359863281,92.356911131745,90.84375000645065,90.85147186909525,230666300
2011-10-11,92.41095733642578,92.67344766989329,91.67753937742863,91.77018406395642,209088000
2011-10-12,93.22159576416016,94.29470517380186,92.89734814902883,93.10579136159708,281544900
2011-10-13,93.03630828857422,93.31423648685671,91.96319892467203,92.6734572580356,212538800
2011-10-14,94.62665557861328,94.64981527644612,93.5921498083768,94.11712455612445,211397600
2011-10-17,92.82015991210938,94.61124979530874,92.5885510752069,94.17891369242793,202311600
2011-10-18,94.63439178466797,95.34465011278533,92.02495548562939,92.75065754134634,318857900
2011-10-19,93.51498413085938,95.0204299433553,93.1907364383432,94.48001123243702,226601300
2011-10-20,93.92412567138672,94.26381107969004,92.50360324283969,93.74655815904741,262075600
2011-10-21,95.7074966430664,95.82330103439614,94.74246986541195,95.02811402196183,278999400
2011-10-24,96.88097381591797,97.12030447980797,95.77698286460019,95.86190569855205,203215600
2011-10-25,94.99723815917969,96.46407414624906,94.78878907718999,96.41775474583179,268596800
2011-10-26,95.9622573852539,96.32510247673629,94.3487296803406,96.00085491921304,289053800
2011-10-27,99.30509185791016,99.91498342961633,97.7456057176985,98.53306475905319,393220200
2011-10-28,99.28194427490234,99.47494960064662,98.66432487649861,98.81872678107199,225906500
2011-10-31,96.88866424560547,99.29736671060235,96.74970018877453,98.1702223130524,228146700
2011-11-01,94.1866226196289,95.35237672913688,93.81604970950055,94.20978232212632,416565800
2011-11-02,95.72293853759766,96.03947016131303,94.79651514780052,95.59941816765095,244717600
2011-11-03,97.46769714355469,97.660702484433,95.4218393522333,96.7111136156872,291174800
2011-11-04,96.87326049804688,97.04310028055085,95.73838794962538,96.6802551228747,249401600
2011-11-07,97.47545623779297,97.57581693296312,95.88508761626609,96.80379527457109,196617200
2011-11-08,98.72608184814453,98.83417024913159,97.05079703864402,97.98494210601604,224426300
2011-11-09,95.08213806152344,97.12027364925495,94.85052933516798,96.41773149868344,337982000
2011-11-10,95.97772216796875,96.45637766588463,94.97409176235898,96.3405732513824,231866500
2011-11-11,97.78425598144531,98.0390186259626,97.11259508758266,97.1434766575363,189924400
2011-11-14,96.85783386230469,98.39415527057724,96.44094147155612,97.42141224888822,159258300
2011-11-15,97.33647155761719,97.85372454594271,96.28652185262581,96.63392916954736,184709400
2011-11-16,95.79241943359375,97.53718360607672,95.6534553420631,96.35599177309425,235782500
2011-11-17,94.27156066894531,95.85420734898248,93.59218376247215,95.61487664108756,331219600
2011-11-18,94.17118835449219,94.7656423380222,93.77745572692686,94.57263695647836,215580400
2011-11-21,92.38008117675781,92.91277192382795,91.60033793358411,92.79696753879334,229611600
2011-11-22,92.0172348022461,92.71977123060634,91.49997597514765,92.17935859340615,216494900
2011-11-23,89.98680877685547,92.01722874450239,89.98680877685547,91.15256269184941,224329100
2011-11-25,89.81695556640625,90.8669050097212,89.70887305518751,89.84783712533375,99557000
2011-11-28,92.41868591308594,92.78153693244212,91.73158730241168,92.28744368184617,210686000
2011-11-29,92.68116760253906,93.41458554626018,92.34147631573487,92.68116760253906,199241500
2011-11-30,96.49496459960938,96.67253213432754,92.64257900519262,95.33693236204448,324439500
2011-12-01,96.47950744628906,96.99676032856759,96.06261521742036,96.3868627654109,176954800
2011-12-02,96.39461517333984,97.66073009626871,96.332852033183,97.36736401560961,221109700
2011-12-05,97.44454193115234,98.18568176743861,96.84236618229825,97.92319142893082,225263900
2011-12-06,97.47545623779297,98.13167346941462,97.08944540859696,97.43685279885024,178842100
2011-12-07,97.83828735351562,98.24745780638631,96.4795278633708,97.15118279919378,237802500
2011-12-08,95.69204711914062,97.41365737780515,95.46044424056774,97.19749233511486,240862800
2011-12-09,97.31330871582031,97.56035535078637,96.03947211144119,96.12439494440356,209111400
2011-12-12,95.89280700683594,96.47954510128491,95.0821878204831,96.46410137008333,215826100
2011-12-13,94.99723815917969,96.94272954743279,94.53402059478304,96.39459504562316,245159800
2011-12-14,93.98589324951172,94.98180166470816,93.77745004170616,94.61895062699436,238618800
2011-12-15,94.3255844116211,95.113043727506,94.1788984459924,94.98180148986792,199109200
2011-12-16,94.46542358398438,95.52203216693324,94.24012265926915,94.96265638250019,220481400
2011-12-19,93.4554214477539,95.0325632717933,93.25342120638888,94.83056303042828,183903000
2011-12-20,96.2834243774414,96.44657640616218,93.51759887213458,94.92381821068918,225418100
2011-12-21,96.46987915039062,96.61749542510299,95.36665732730945,96.28342054319393,194230900
2011-12-22,97.3244857788086,97.42548888176637,96.5164965196192,96.82725888357874,119465400
2011-12-23,98.19464111328125,98.22571853683833,97.43326498207662,97.63525934407889,92187200
2011-12-27,98.2723159790039,98.52870023675355,97.93824113850297,98.02370255775286,86075700
2011-12-28,96.9826431274414,98.30340091748171,96.90495253874703,98.28786517070763,119107100
2011-12-29,97.98485565185547,98.08585281197203,97.00593775817569,97.30116432980111,123507200
2011-12-30,97.503173828125,98.14801695809304,97.503173828125,97.90716843433174,95599000
2012-01-03,99.05702209472656,99.74071357017931,99.00263808439851,99.25902238769329,193697900
2012-01-04,99.21241760253906,99.29787904930133,98.44327050909212,98.82395863631547,127186500
2012-01-05,99.47650909423828,99.62412531246345,98.22567740250327,98.67629096425699,173895000
2012-01-06,99.22016906738281,99.6163987952371,98.89386502204975,99.60085712027139,148050000
2012-01-09,99.4610366821289,99.58533454121577,98.98711627080652,99.445495004183,99530200
2012-01-10,100.32337951660156,100.72736815743225,100.18352817568133,100.5253738370169,115282000
2012-01-11,100.3777847290039,100.50985934208268,99.84948627668884,100.01263238791672,111540700
2012-01-12,100.61863708496094,100.76625338878299,99.86502574268924,100.66526211892594,118983700
2012-01-13,100.09808349609375,100.26124144530921,99.22793937980987,99.94270231173226,179836200
2012-01-17,100.48654174804688,101.24792969979801,100.14469603172178,101.0614651668504,132209200
2012-01-18,101.59751892089844,101.65189698895286,100.28452626656313,100.46321399705897,163395200
2012-01-19,102.13363647460938,102.21909792125365,101.6208677947438,101.94717190334185,126328900
2012-01-20,102.51428985595703,102.51428985595703,101.71406555997967,101.96268491844664,138230200
2012-01-23,102.25017547607422,102.74740250739897,101.76071335678527,102.17247893640605,129295800
2012-01-24,102.13363647460938,102.16470797574055,101.46548657943428,101.6208677947438,103083300
2012-01-25,102.98819732666016,103.22903989095731,101.58197833783714,101.97820205444,198613200
2012-01-26,102.45992279052734,103.64082930567083,102.05592221701784,103.44659985655615,184880500
2012-01-27,102.41328430175781,102.5919720314187,101.89273907456946,101.96267066862967,135259100
2012-01-30,102.06369018554688,102.11808012324465,101.04592973846101,101.39554038637847,147311800
2012-01-31,102.02484130859375,102.69297917127493,101.527602584103,102.56868134497591,157212000
2012-02-01,102.91828918457031,103.43882262360731,102.65414001040051,102.77843783335942,166234500
2012-02-02,103.0814437866211,103.3456048374555,102.71630334203326,103.120292045993,113090400
2012-02-03,104.52651977539062,104.58867462445488,103.92830158094463,104.10698936273855,160598500
2012-02-06,104.45661926269531,104.50323244437601,103.97493391222471,104.09146686642647,107694500
2012-02-07,104.72071838378906,104.8994179677657,103.82726788319314,104.23903326397092,135528100
2012-02-08,105.03150177001953,105.05480835174833,104.34781042644694,104.77511751617982,139361400
2012-02-09,105.16360473632812,105.34229252941988,104.54206806121317,105.20245300130269,148602900
2012-02-10,104.38667297363281,104.47213440328082,103.9826724103127,104.23129178922491,167907500
2012-02-13,105.16360473632812,105.28791444231632,104.6819194441564,105.13253323724409,115841900
2012-02-14,105.03150177001953,105.0936566062373,104.30119726298933,104.8838855158552,165329500
2012-02-15,104.54206848144531,105.52875751260055,104.33229733360025,105.37337630690374,195195100
2012-02-16,105.69966125488281,105.79288759045396,104.3633617891846,104.54982631515084,186567800
2012-02-17,105.97931671142578,106.1502395060879,105.62970621500601,106.06477810875684,129869400
2012-02-21,106.02595520019531,106.47656887063842,105.69965120190676,106.22794952632933,134042300
2012-02-22,105.68409729003906,106.08809775034314,105.49763280340147,105.86278501380336,124455300
2012-02-23,106.1502914428711,106.22797611629585,105.27237046390827,105.62975789710467,137704300
2012-02-24,106.38333129882812,106.59310238993832,106.15026548073111,106.38333129882812,105539100
2012-02-27,106.5620346069336,106.84949036247045,105.50542606044542,105.67634890287904,145728900
2012-02-28,106.87277221679688,106.99708186522635,106.38331038536866,106.59308143524083,129355900
2012-02-29,106.45327758789062,107.36226996836373,106.08034851783151,107.02818915828884,185934700
2012-03-01,107.0048599243164,107.20686609154737,106.38332346059855,106.67855594819949,145023500
2012-03-02,106.67859649658203,107.0748322184071,106.43775384086764,106.9349808298728,120638300
2012-03-05,106.24347686767578,106.59308740048085,105.87832466424213,106.51540275698041,140765000
2012-03-06,104.68966674804688,105.21796512740607,104.38666929992638,105.1558221396895,202129900
2012-03-07,105.41999053955078,105.59091342397794,104.82952535522925,104.93052847461608,143692200
2012-03-08,106.46878814697266,106.68633599256326,105.84726351896194,106.06479950973016,116968900
2012-03-09,106.88056945800781,107.16024843833135,106.53872378673746,106.67079836794231,122836800
2012-03-12,106.88835144042969,107.02819095292828,106.5076574539201,106.86504485501327,104003500
2012-03-13,108.81509399414062,108.86948392486981,107.28456513696496,107.46326474808346,184090500
2012-03-14,108.69855499267578,109.11808532197331,108.36447422718555,108.84617124802102,145163600
2012-03-15,109.32783508300781,109.37444823774361,108.58198904277334,108.8616798260087,165118500
2012-03-16,109.479248046875,109.61970038023101,109.24514891783865,109.526065491327,152893500
2012-03-19,109.90839385986328,110.24392671267614,109.330951107455,109.40898809529514,125291100
2012-03-20,109.58845520019531,109.72110854965214,108.96419503874908,109.28413000867145,121729700
2012-03-21,109.40904235839844,109.75237431756705,109.18274212548847,109.65094047119433,122388400
2012-03-22,108.62089538574219,108.89401303795363,108.26195368447941,108.605285601016,135216700
2012-03-23,108.97200775146484,109.09686218089338,108.1136603393845,108.71451186258236,120521000
2012-03-26,110.50147247314453,110.50147247314453,109.71335101481442,109.75235761537174,120164000
2012-03-27,110.15817260742188,110.67318853343447,110.08794641026965,110.60296233628225,119868500
2012-03-28,109.61192321777344,110.27520223068386,108.9642539917069,110.10353029573713,148562100
2012-03-29,109.42465209960938,109.62754362790477,108.5350846717645,108.96426455072032,164963700
2012-03-30,109.8772201538086,110.06450185871408,109.28417928177427,109.96305611354308,135486800
2012-04-02,110.68094635009766,110.96967378685592,109.52607232339574,109.74456168231835,151741100
2012-04-03,110.22835540771484,110.71216346900079,109.58068628425241,110.52488177687944,155806700
2012-04-04,109.13590240478516,109.51045386086129,108.73013138174994,109.41681897353628,146896000
2012-04-05,109.08126068115234,109.4011957158099,108.66769077070218,108.76133755326941,137439400
2012-04-09,107.8561782836914,109.12029693971058,107.55965191972578,107.7079151017086,127555900
2012-04-10,106.04581451416016,107.94980316711447,105.93656984915994,107.64547789270131,235360300
2012-04-11,106.90416717529297,107.32553602590814,106.70908657825775,107.13045542887292,154133000
2012-04-12,108.30094909667969,108.38678504363969,106.9275858520954,107.00562286088662,154321500
2012-04-13,107.01343536376953,108.32438345562383,106.91198962083715,108.0512657970108,169246700
2012-04-16,106.94319152832031,107.71570311451816,106.57643903328231,107.55964100970473,147825300
2012-04-17,108.52725982666016,108.74574918438114,107.45041091590892,107.55965559476941,147877600
2012-04-18,108.16051483154297,108.52726740191203,107.98104396948294,108.04347120558596,123884200
2012-04-19,107.46602630615234,108.58188187651965,106.95882139358132,108.17612270917387,198666700
2012-04-20,107.64546966552734,108.33215716834657,107.58304244647336,107.94199597934012,143199600
2012-04-23,106.74030303955078,106.83394983045918,106.07703609898464,106.54522242642385,171844900
2012-04-24,107.14610290527344,107.41922059991731,106.74814263375534,106.8339786029195,137484200
2012-04-25,108.61306762695312,108.65988506193189,108.09805202863888,108.19168689859642,150252200
2012-04-26,109.37002563476562,109.49488011656733,108.31658529307911,108.37901253397997,136291600
2012-04-27,109.54944610595703,109.86157026007152,109.08905881126753,109.69770924653206,130725000
2012-04-30,109.14372253417969,109.40904127774094,108.8472080311547,109.33100425196791,115092200
2012-05-01,109.82260131835938,110.54049664433768,108.95644280098107,109.08128536135926,138832200
2012-05-02,109.4948959350586,109.60414064572277,108.82381788189862,109.18275968546067,121081000
2012-05-03,108.65989685058594,109.59628137207257,108.45701730807598,109.51044542970774,143759700
2012-05-04,106.90416717529297,108.6989110493718,106.84173995542874,108.09026053916394,193927300
2012-05-07,106.9822006225586,107.34114224138445,106.48279478701116,106.52180137970251,127765900
2012-05-08,106.55305480957031,106.72472673636527,105.2811251447108,106.34236437090775,213377700
2012-05-09,105.92096710205078,106.59984378141856,104.94556409984426,105.42156124119204,220752500
2012-05-10,106.13946533203125,106.78713440867888,105.89756727226154,106.65446911128008,150600000
2012-05-11,105.81951904296875,106.80272096104311,105.42935785070159,105.47617528868972,153032400
2012-05-14,104.64901733398438,105.81950070798013,104.4929552654728,104.80507940249595,163910000
2012-05-15,104.04820251464844,105.19527757771439,103.88434145236862,104.57882802260515,207629300
2012-05-16,103.65023803710938,104.99239367583885,103.6268293148924,104.51639647946647,207265500
2012-05-17,102.11299133300781,103.79849060092384,102.05836304890377,103.67363615735042,247992900
2012-05-18,101.23902893066406,102.69042902030223,101.09076577475231,102.51094630168565,319615900
2012-05-21,102.97917938232422,103.01819789553936,101.40292432130522,101.56679731409739,177861100
2012-05-22,103.15863037109375,103.96236157993609,102.48755255619103,103.2444663209107,197531200
2012-05-23,103.2132797241211,103.36154293195115,101.43414504371783,102.41734729127374,204958400
2012-05-24,103.41609954833984,103.65799752370059,102.54994143563965,103.4941365305467,167357600
2012-05-25,103.08058166503906,103.66582339612722,102.83087281119016,103.37709604551775,135465600
2012-05-29,104.32913970947266,104.50861059158714,102.35492428587591,103.90777070216494,152883500
2012-05-30,102.81529235839844,104.32132103417058,102.6046138479892,103.43955276431264,162370400
2012-05-31,102.5889892578125,103.35370189363604,101.70722111521152,102.7762709245913,196186000
2012-06-01,100.0061264038086,102.61240048629054,100.0061264038086,100.98152945025622,253240900
2012-06-04,99.95930480957031,100.45871067233125,99.21019006204143,100.18559306796317,202545800
2012-06-05,100.71623992919922,100.86449121595926,99.70961714506392,99.76423948688479,164149400
2012-06-06,102.97917938232422,103.02599683547098,101.38731453466347,101.41853410794698,184202800
2012-06-07,103.04159545898438,104.19646950301095,102.83090503587084,104.14965205493623,184772700
2012-06-08,103.86091613769531,103.88432485713867,102.44852259288852,102.77626847864528,143915400
2012-06-11,102.54216766357422,104.75828038352148,102.44072194316529,104.69585316379096,169756100
2012-06-12,103.72046661376953,103.79069278205222,102.3471032824319,102.83869836718726,181931800
2012-06-13,103.05718994140625,104.0638006458773,102.70603531943277,103.41613159453294,172223900
2012-06-14,104.14965057373047,104.56322056821183,102.98696570037553,103.267882291606,230615500
2012-06-15,105.21483612060547,105.30895619401834,104.39910089125644,104.61872237486861,169444500
2012-06-18,105.41870880126953,105.67755082888625,104.54022335127338,104.77553537351282,131360900
2012-06-19,106.43843078613281,106.86983434599446,105.39522289354798,105.95212784690968,137382600
2012-06-20,106.26585388183594,106.75216871868646,105.31677815686922,106.44626659688737,206451800
2012-06-21,103.88139343261719,106.50117195303378,103.79511272836535,106.39136123566513,205272200
2012-06-22,104.68145751953125,104.87754895564207,104.02258119816057,104.42261538764838,130029200
2012-06-25,103.00289154052734,103.6146957225611,102.63423876821615,103.57547505069357,146375700
2012-06-26,103.52057647705078,103.8343299221978,102.69699014018632,103.30095504968294,141634000
2012-06-27,104.45399475097656,104.65792555540497,103.51275816123163,103.8657203863269,108088000
2012-06-28,104.15592193603516,104.31280465969726,102.9715339706035,103.76373906382278,169242100
2012-06-29,106.7521743774414,106.885515107502,105.77171727246295,106.04623808077461,212250900
2012-07-02,107.0737533569336,107.18356407205003,106.29723900306382,107.05022334429937,129524500
2012-07-03,107.77970886230469,107.8581382622487,106.9404317004438,107.05024243514337,80450000
2012-07-05,107.29338836669922,108.08560545388544,106.90120548186543,107.37966908010152,126177500
2012-07-06,106.2737045288086,106.49332594982125,105.77171099956966,106.25801386488774,151192100
2012-07-09,106.14036560058594,106.33645701326648,105.6540507585786,106.18742562467406,103780500
2012-07-10,105.21483612060547,106.85415789773675,104.85402255840077,106.68159645083101,167884800
2012-07-11,105.23050689697266,105.57562972554456,104.6187025984937,105.26972757630509,141733400
2012-07-12,104.72065734863281,105.28540159420305,104.00689367777552,104.61869794906488,143583200
2012-07-13,106.47765350341797,106.58746423271208,104.97951200710605,104.99520267371146,129642600
2012-07-16,106.22660064697266,106.54035398884938,105.81088794139397,106.23445196081097,97525200
2012-07-17,106.95608520507812,107.17570659816809,105.53638549672215,106.65018312409794,138860300
2012-07-18,107.74832153320312,107.96010364136758,106.64237489828156,106.70511362735746,113349700
2012-07-19,108.0306396484375,108.38360167317043,107.6227782711072,107.96788898227919,129847300
2012-07-20,107.04234313964844,107.58355716060207,106.92469312138276,107.41883516656436,142904500
2012-07-23,105.95993041992188,106.97176859718509,104.97947356437784,105.47362764948163,145210900
2012-07-24,105.05010223388672,106.08547079912172,104.34417782556966,106.03841076769683,173301200
2012-07-25,105.07365417480469,105.54426650212045,104.51674915707041,105.26974563663784,129122300
2012-07-26,106.8071060180664,107.03457883748428,106.093330157578,106.58748451768137,156526500
2012-07-27,108.77584075927734,109.08175490358659,106.78355694175544,107.37183127747873,236768900
2012-07-30,108.77584075927734,109.29352504714713,108.45425988512065,108.65035133036176,106782000
2012-07-31,108.01500701904297,108.92486214516312,108.01500701904297,108.6268113143957,120575900
2012-08-01,107.92086791992188,108.81504429054192,107.77183653007351,108.79151427829956,138293800
2012-08-02,107.17574310302734,107.90520952519154,106.34431726478712,107.10515305301955,199556600
2012-08-03,109.30136108398438,109.52882186253639,107.20709420934145,108.68170550130866,157825000
2012-08-06,109.51311492919922,109.94451837802478,109.46605491086707,109.59155627206516,86326200
2012-08-07,110.0622329711914,110.53284534780207,109.83476014929312,109.95241025132722,109545100
2012-08-08,110.19551086425781,110.32100024533051,109.6621361129459,109.69351743456465,89754700
2012-08-09,110.28968048095703,110.50930195716543,109.92886693091589,110.03867766902009,90291700
2012-08-10,110.4700698852539,110.50929056663557,109.66217411637253,109.84257488856223,99792700
2012-08-13,110.41515350341797,110.47005287412114,109.84255797405653,110.28181278203057,79426900
2012-08-14,110.43083190917969,110.89361672745143,110.10139978041539,110.82301472463287,102379400
2012-08-15,110.55635833740234,110.74461044013161,110.24261680132598,110.31320685167229,71085900
2012-08-16,111.37208557128906,111.50542629870844,110.43868851088315,110.71320931375706,112014200
2012-08-17,111.52110290527344,111.61523492228305,111.27011211967796,111.56032358165494,90813700
2012-08-20,111.52896118164062,111.5524911952439,111.05833697263326,111.3642391179468,78255700
2012-08-21,111.19166564941406,112.2348733571049,110.94851422289769,111.8034698737035,105581100
2012-08-22,111.23877716064453,111.41917796562495,110.65050273840626,110.90933295193419,133243500
2012-08-23,110.32887268066406,110.97204627536458,110.1563112841291,110.9642069276929,111466400
2012-08-24,110.99562072753906,111.24662357516694,109.98379392316623,110.05438398588362,99481200
2012-08-27,111.01911163330078,111.44267579732065,110.86224089304059,111.29364440510886,68785900
2012-08-28,110.9092788696289,111.2544016106735,110.57200744354219,110.7367174991066,75689600
2012-08-29,110.99562072753906,111.29368361697853,110.68971848728918,111.00347204682402,65421300
2012-08-30,110.19551086425781,110.54847293743046,109.9601988259869,110.51709161581171,96589900
2012-08-31,110.72103118896484,111.23871526491715,110.09353642736815,110.8229905601915,151970400
2012-09-04,110.61908721923828,110.95637067404166,109.91316291807037,110.62692656712856,120226200
2012-09-05,110.52494049072266,110.96418323594989,110.30531911810904,110.66612052948832,100660300
2012-09-06,112.76828002929688,112.776119379037,111.18385768327289,111.19169703301301,158272500
2012-09-07,113.20747375488281,113.2545337698048,112.85451167450027,112.95647105067533,107272100
2012-09-10,112.56427001953125,113.29373603774849,112.52506132577615,113.09764469511003,86458500
2012-09-11,112.87805938720703,113.2388608705134,112.60352663247731,112.63490795965934,88760000
2012-09-12,113.25457000732422,113.38007139958403,112.87022648170534,113.2545700073242,87640900
2012-09-13,114.98019409179688,115.3331563521297,112.94084993849954,113.23890084111622,225470200
2012-09-14,115.49003601074219,116.17243049365887,115.11353177257058,115.20766381635022,169777000
2012-09-17,115.0978012084961,115.45076330032062,114.80757782628956,115.2546719194772,119427800
2012-09-18,115.00371551513672,115.15274693954238,114.71350398454015,114.90175609460091,98326600
2012-09-19,115.06642150878906,115.43507426745376,114.83896076992723,115.13701153445636,128318300
2012-09-20,115.07427215576172,115.13701086590065,114.22715594726822,114.54089737183551,154009800
2012-09-21,115.0262222290039,115.65706703530866,114.97891097419473,115.63341140790406,108737500
2012-09-24,114.85270690917969,115.11293076891121,114.37168923495362,114.45843052153079,95682000
2012-09-25,113.63043212890625,115.31793417680113,113.59888328743669,115.09714041594441,133165200
2012-09-26,112.99171447753906,113.63833348646452,112.72360943926445,113.60679667175678,146502200
2012-09-27,114.05624389648438,114.31646768995705,113.16517563692862,113.4648294655985,111830300
2012-09-28,113.52796173095703,113.99320505318755,113.12580408447405,113.62258422839719,150696100
2012-10-01,113.8276138305664,114.88427180932955,113.55949670491133,113.9616663772129,135911200
2012-10-02,113.94587707519531,114.45843157089384,113.4175481547853,114.27706779997351,113422200
2012-10-03,114.41114807128906,114.67925319459137,113.65414395462804,114.25343988301498,121283100
2012-10-04,115.2312240600586,115.3968134092837,114.68712070502599,114.84482885793206,124311600
2012-10-05,115.23909759521484,116.0434247636327,114.89213246247147,115.84628657751577,124842100
2012-10-08,114.84477996826172,115.22328178057941,114.58455621218216,114.8132431640501,78415400
2012-10-09,113.70929718017578,114.85269619118407,113.66986713861839,114.7580737173338,148872900
2012-10-10,112.98384857177734,113.80395025347687,112.83402160883062,113.69354130615925,124247500
2012-10-11,113.04694366455078,113.9380122874868,113.02328804025711,113.77241088506878,123601500
2012-10-12,112.67628479003906,113.5121486524439,112.4318353999801,113.12576556455387,124181900
2012-10-15,113.61465454101562,113.73293261233545,112.58165261029853,112.94438005058412,107689100
2012-10-16,114.76593780517578,114.84479787653532,114.07201971311348,114.15086775211547,108815500
2012-10-17,115.28641510009766,115.38104961658162,114.67134488857485,114.84482746437469,128834100
2012-10-18,114.98673248291016,115.5387168319948,114.6003374223727,114.98673248291016,148108500
2012-10-19,113.0705795288086,114.78173757039802,112.80247447875905,114.77385637446487,185645200
2012-10-22,113.08634185791016,113.2913612214861,112.19527348599989,112.88131046197532,125578600
2012-10-23,111.51716613769531,112.0218395869071,111.05192274577715,111.8641313900967,192056300
2012-10-24,111.20170593261719,112.0533442987003,111.02822337476547,111.9192797502481,120179400
2012-10-25,111.52499389648438,112.19526845220659,110.84685017838393,111.99024909782912,134457400
2012-10-26,111.4619140625,111.84829713315494,110.70489827742728,111.42248402629745,146023500
2012-10-31,111.4619140625,111.99812405131,110.93357323562972,111.85619035981007,103438500
2012-11-01,112.6290054321289,112.77093917012807,111.59600311992946,111.69850680880832,100995600
2012-11-02,111.62757110595703,113.33084863166792,111.50929295793475,113.29929977061865,137702200
2012-11-05,111.8562240600586,112.10855470953366,111.13074486595957,111.4619476439602,98378500
2012-11-06,112.73152160644531,113.17310928069969,112.07702129197482,112.19529940744948,107068100
2012-11-07,110.17659759521484,111.7221543369092,109.65614986220396,111.70639194429246,264304500
2012-11-08,108.85186004638672,110.72073899670322,108.76511872774446,110.16086102503694,181517300
2012-11-09,108.9464340209961,109.95578042269909,108.46541643640653,108.52060886356496,201055300
2012-11-12,109.03319549560547,109.45900869958292,108.78874606069614,109.28552612660977,97677500
2012-11-13,108.65465545654297,109.80594752555452,108.31558362032604,108.45751731017752,123018300
2012-11-14,107.18799591064453,109.15937827079644,106.9435464231638,108.98590769287706,191505000
2012-11-15,107.00660705566406,107.62957047377907,106.59655625167092,107.22740086573108,178128400
2012-11-16,107.53491973876953,107.74783232077309,106.21803827296685,107.16429903513159,239483900
2012-11-19,109.71134185791016,109.7271042487345,107.5664775345757,108.74141336603887,151495800
2012-11-20,109.75865936279297,109.94002312650498,108.88336532768183,109.53786555504963,119807400
2012-11-21,109.96366882324219,110.05830332684951,109.63247814151408,109.85327192933282,81710800
2012-11-23,111.4619140625,111.50133206634484,110.42890005636714,110.49987893447482,65409200
2012-11-26,111.22537994384766,111.46982939787286,110.54722402347385,110.90995158997531,100124400
2012-11-27,110.65760040283203,111.49346432883739,110.58663354851667,111.1149624067963,128646200
2012-11-28,111.5486831665039,111.61175680133894,109.60883800540691,110.20813379522548,177086500
2012-11-29,112.0690689086914,112.37660387895946,111.477654578764,111.96656527350562,151085900
2012-11-30,112.09276580810547,112.30567841436412,111.70638267093803,112.08488461245136,136568300
2012-12-03,111.54078674316406,112.69996027591878,111.4540454572994,112.60533779401565,124656300
2012-12-04,111.38307189941406,111.87197073633429,111.0834180149225,111.53289884165984,127512200
2012-12-05,111.58026123046875,112.10070915295094,110.68919239643395,111.4777454793348,147300500
2012-12-06,111.95870208740234,112.00601332131349,111.31209517001905,111.47768448870806,103220600
2012-12-07,112.29782104492188,112.51861489368044,111.71428756899579,112.3924435422863,108726400
2012-12-10,112.34512329101562,112.61322836697225,112.09278060844844,112.14010388570081,98840700
2012-12-11,113.11003112792969,113.63836013277627,112.75518472555362,112.81037717232378,152570400
2012-12-12,113.16516876220703,113.98527012800156,113.00746066335628,113.55156383189451,145880100
2012-12-13,112.47126770019531,113.41752846851018,112.18738826646499,113.0942189960254,135715000
2012-12-14,112.05333709716797,112.43183900253703,111.87985455046578,112.22681964387017,137701700
2012-12-17,113.37025451660156,113.43334019288265,112.31358447934628,112.34513333366804,143238200
2012-12-18,114.63190460205078,114.73442030559985,113.38598986550201,113.55159123028439,177762800
2012-12-19,113.7802734375,114.79751324488468,113.74085542504476,114.7580832000691,150895400
2012-12-20,114.43478393554688,114.45055836135917,113.53583418202926,113.85126253646789,168487000
2012-12-21,113.39602661132812,114.4284181484335,112.72101023076948,112.9036602963679,245883800
2012-12-24,113.04664611816406,113.21340993054348,112.91957989693091,113.1498768199269,53874600
2012-12-26,112.57011413574219,113.33249907649075,112.25246081242052,113.27690308017581,106947700
2012-12-27,112.41925048828125,112.83220959798007,111.11685217403146,112.6019005854229,167920600
2012-12-28,111.2042236328125,112.3080856932526,111.07715741001459,111.68865300424028,148806700
2012-12-31,113.09428405761719,113.21340105712349,110.81507781955597,110.91038353686187,243935200
2013-01-02,115.99286651611328,116.06433668852443,114.93665175892882,115.23843086603759,192059000
2013-01-03,115.73078918457031,116.23904168311657,115.42107300760769,115.93727471434235,144761800
2013-01-04,116.23906707763672,116.42966635036719,115.68316767929541,115.92141374078399,116817700
2013-01-07,115.92142486572266,116.0326047560608,115.49257949034747,115.82613127906114,110002500
2013-01-08,115.58785247802734,115.87374527479025,115.13518383411284,115.71491863607659,121265100
2013-01-09,115.88174438476562,116.1994099499015,115.65938454802166,115.84203467441085,90745600
2013-01-10,116.80294799804688,116.81088509246958,115.9214458090707,116.52499216313402,130735400
2013-01-11,116.79498291015625,116.85850388571595,116.42967065334624,116.77114739719823,113917300
2013-01-14,116.71560668945312,116.79502611482924,116.28676118074692,116.65207357269284,89567200
2013-01-15,116.79498291015625,116.90616279393348,116.10406809453491,116.17553828031345,93172600
2013-01-16,116.77912139892578,116.96177150725705,116.42969537067388,116.55676158416567,104849500
2013-01-17,117.53353118896484,117.86707083686377,116.85850268302994,117.2952851211232,133833500
2013-01-18,117.79562377929688,117.92268998945316,117.08088543544339,117.50973086529564,169906000
2013-01-22,118.430908203125,118.430908203125,117.51763371615662,117.79558945516813,111797300
2013-01-23,118.62153625488281,118.72477907086976,118.21652632075937,118.4309490471548,104596100
2013-01-24,118.65327453613281,119.23299732140079,118.33560908566564,118.44678896390468,146426400
2013-01-25,119.32038116455078,119.32038116455078,118.62152913098105,119.026551158482,147211600
2013-01-28,119.17742156982422,119.38389503843733,118.73268990883652,119.35212243237456,113357700
2013-01-29,119.64595031738281,119.79683988403687,118.85974199951568,118.9391613875538,105694400
2013-01-30,119.17742156982422,119.8683242804554,119.06622956630325,119.63007820577953,137447700
2013-01-31,118.88358306884766,119.42360832886764,118.80417578669999,119.03447265793704,108975800
2013-02-01,120.1065673828125,120.2495077534614,119.43153887421914,119.63801233772259,131173000
2013-02-04,118.75648498535156,120.13036510402495,118.66912851605844,119.37592947887293,159073600
2013-02-05,119.9556884765625,120.29716524863211,119.35213009958439,119.39978901174015,113912400
2013-02-06,120.04302215576172,120.12242942552942,119.44741310286653,119.53476958199904,138762800
2013-02-07,119.88420104980469,120.1939172869438,119.01063621802885,120.08273740996304,162490000
2013-02-08,120.55134582519531,120.62281604544526,120.0907397651883,120.0907397651883,103133700
2013-02-11,120.52743530273438,120.63066595146906,120.22565621175086,120.50361191320363,73775000
2013-02-12,120.72603607177734,120.94839590455871,120.40043341745388,120.53543673609242,65392700
2013-02-13,120.82921600341797,121.19452821388508,120.48773930288516,120.97216847453883,82322600
2013-02-14,120.94042205810547,121.0833745601772,120.32893870135848,120.4639419924987,80834300
2013-02-15,120.79743957519531,121.17862591837522,120.35272015520287,121.05155976475012,215226500
2013-02-19,121.7027816772461,121.72660506965948,120.8371661057009,121.00392985259461,95105400
2013-02-20,120.18599700927734,121.65517127519878,120.12246390460878,121.61546157006835,160574800
2013-02-21,119.45537567138672,120.2495212446184,119.07418918919144,119.88422106684371,183257000
2013-02-22,120.62273406982422,120.62273406982422,119.51093545139246,120.03506216139823,106356600
2013-02-25,118.32766723632812,121.39306903333285,118.32766723632812,121.21041898021862,245824800
2013-02-26,119.1376724243164,119.2806127511748,118.11321827771908,118.89942642852438,186596200
2013-02-27,120.63866424560547,120.9722039524431,118.93124388910985,119.03448669754788,150781900
2013-02-28,120.40037536621094,121.40099413127712,120.24154872190307,120.63067218280293,126866000
2013-03-01,120.79743957519531,120.98008959747177,119.44739501659102,119.98740799295459,170634800
2013-03-04,121.44074249267578,121.44074249267578,120.32894351078956,120.51953069757002,99010200
2013-03-05,122.52867889404297,122.85428139093864,122.01248927131272,122.028375571031,121431900
2013-03-06,122.69548797607422,123.02902765431242,122.4254813962194,122.96549455592903,94469900
2013-03-07,122.9178237915039,123.07665044764005,122.71135035029664,122.85429070551002,86101400
2013-03-08,123.44197845458984,123.60874222367286,122.82254593402703,123.45786475754493,123477800
2013-03-11,123.91051483154297,123.91845192375098,123.19578876648437,123.34667834232292,83746800
2013-03-12,123.63256072998047,123.96611249035293,123.25932350803643,123.82316000480785,105755800
2013-03-13,123.80725860595703,123.98197155715384,123.27518266102012,123.6960787386224,92550900
2013-03-14,124.46643829345703,124.52203430275642,123.81524519325205,124.13289859076174,126329900
2013-03-15,124.30211639404297,124.46962189352422,123.88732058552519,124.31807335595403,138601100
2013-03-18,123.6160888671875,124.1505313563196,123.00187375572806,123.11354812403039,126704300
2013-03-19,123.3289566040039,124.04686170564814,122.51532189630305,123.87935619534284,167567300
2013-03-20,124.19046783447266,124.39785969606955,123.84746002581828,124.05486405901335,113759300
2013-03-21,123.12953186035156,124.15055835590391,122.92214003742859,123.4485980758632,128605000
2013-03-22,124.11863708496094,124.11863708496094,123.42464930938111,123.52037889625757,111163600
2013-03-25,123.60015106201172,124.6530914162532,123.12155176866162,124.44568743469918,151322300
2013-03-26,124.58921813964844,124.62111987581744,123.97500321698662,124.11060689598659,86856600
2013-03-27,124.58921813964844,124.62910443855185,123.63998021505914,123.84737192913153,99950600
2013-03-28,124.97218322753906,125.1157715650922,124.23832109003874,124.50952862901975,102932800
2013-04-01,124.47762298583984,125.16362637994057,124.17450152726593,124.90836364185785,99194100
2013-04-02,125.09182739257812,125.4029212202442,124.73286267699739,124.92430971386736,101504300
2013-04-03,123.82352447509766,125.2593469840784,123.49648581961677,125.16362954067888,154167400
2013-04-04,124.32601165771484,124.5732897273457,123.71179659432731,123.98300401446485,131885000
2013-04-05,123.76766204833984,123.91922274311489,122.65889064691574,122.80246677569556,159666000
2013-04-08,124.60518646240234,124.6131588542746,123.4405721547478,123.85536779232771,86571200
2013-04-09,125.03595733642578,125.4906393872868,124.42174220813045,124.83653794673451,101922200
2013-04-10,126.56748962402344,126.727022692427,125.3390716085638,125.37097335360734,135711100
2013-04-11,126.9822998046875,127.3970955670637,126.46380205881866,126.59143339671816,110142500
2013-04-12,126.67122650146484,126.8626613676641,125.96926620114415,126.57549689676894,116359900
2013-04-15,123.73573303222656,126.1367501577261,123.71978824537035,126.0330481851956,217259000
2013-04-16,125.56245422363281,125.62626990253447,124.36593763031807,124.66904689060571,147507800
2013-04-17,123.727783203125,124.69297853404225,123.06570928005857,124.66903700620566,226834800
2013-04-18,122.95402526855469,123.96707923265001,122.48339840385631,123.93516531242969,167583200
2013-04-19,124.02289581298828,124.07873908103764,122.93805391281991,123.2411752614471,149687600
2013-04-22,124.57334899902344,124.86848591009307,123.44064790693126,124.26225512282628,106553500
2013-04-23,125.85758209228516,125.97722887442598,124.57332055372734,125.19550816405022,166141300
2013-04-24,125.93733978271484,126.27236290454617,125.66612015605664,125.89745346953625,96781200
2013-04-25,126.4478530883789,127.04611127195354,126.11282996616839,126.30426479509217,131060600
2013-04-26,126.2245101928711,126.51167462116557,125.81768681935714,126.29629825704609,95918800
2013-04-29,127.07003784179688,127.34921768505926,126.36807769353737,126.5674970836935,88572800
2013-04-30,127.37317657470703,127.40509050062496,126.51966771614744,127.0461379494252,116010700
2013-05-01,126.25636291503906,127.15774216497877,126.11278684244145,127.09392651996103,138874200
2013-05-02,127.4289779663086,127.5406523271149,126.45581046288544,126.57545721675203,96407600
2013-05-03,128.7212371826172,129.12806056981995,127.45293265313832,128.53777473302088,144202300
2013-05-06,129.04827880859375,129.23174124521262,128.7611143909497,128.81695766429988,66882100
2013-05-07,129.70233154296875,129.74220566998818,128.96048533792964,129.3274222449062,90359200
2013-05-08,130.29258728027344,130.33247357347474,129.48693771259317,129.55872573740285,97419200
2013-05-09,129.92576599121094,130.5798554682116,129.59871516691186,130.23685985121318,106738600
2013-05-10,130.34852600097656,130.46020040078528,129.63060871226605,130.01350280155035,103203000
2013-05-13,130.45216369628906,130.6675400139837,129.8778471350898,130.18095628680211,81843200
2013-05-14,131.80027770996094,131.89600730683068,130.5559024950117,130.5559024950117,119000900
2013-05-15,132.5102081298828,132.77344321657694,131.54502498359946,131.5849113006613,120718500
2013-05-16,131.88800048828125,132.70163498062428,131.68858110487514,132.23898055053093,109913600
2013-05-17,133.16432189941406,133.2440823692801,132.19912649274443,132.37461656668438,129801000
2013-05-20,133.15634155273438,133.67483939548035,132.9010910008382,133.03669475834502,85071200
2013-05-21,133.34776306152344,133.85030384492396,132.81332052959326,133.275974998636,95804200
2013-05-22,132.35861206054688,134.86333091224387,131.75238158662046,133.48334017453976,244031800
2013-05-23,131.9757843017578,132.34272143059735,130.77129525366578,130.94678533638074,211064400
2013-05-24,131.8640899658203,131.91993324351304,130.80317723401328,131.19404366307742,151573900
2013-05-28,132.65383911132812,133.83439901225196,132.26297255293352,133.24411297599056,143679800
2013-05-29,131.7922821044922,132.25493653116402,131.09032198518418,131.95181517571862,160363400
2013-05-30,132.27886962890625,132.88510018537005,131.7922858363519,131.89598781280245,107793800
2013-05-31,130.3804168701172,132.6617755656729,130.12516633683597,131.9119565845916,176850100
2013-06-03,131.09832763671875,131.18607266574557,129.75025045057745,130.68353184753795,168390700
2013-06-04,130.46817016601562,131.69660071073977,129.80609617635716,131.17013047728656,157631500
2013-06-05,128.6414794921875,130.3564815906289,128.52980510677637,130.09324650253228,211737800
2013-06-06,129.80609130859375,129.8140758755747,127.82785398108315,128.58564537691703,200225500
2013-06-07,131.457275390625,131.57692216606145,130.13312760835328,130.69948407913998,188337800
2013-06-10,131.457275390625,131.93587466396545,131.1142676817161,131.86408659870358,105667100
2013-06-11,130.10118103027344,131.24982619346275,129.8140166965785,130.2607140664172,159505400
2013-06-12,129.02432250976562,131.13019040884188,128.90467576556472,130.99458670821704,177361500
2013-06-13,130.98666381835938,131.21798500176598,128.6654187308837,128.9525831970827,163587800
2013-06-14,130.16506958007812,131.35361399359422,129.94970531774308,130.84310064132123,141197500
2013-06-17,131.17010498046875,131.79229252757403,130.1969373459514,131.05044603889058,136295600
2013-06-18,132.2071075439453,132.40652697070135,131.23393976764828,131.241912162944,114695600
2013-06-19,130.3804168701172,132.32675239421872,130.32458576067268,132.09543121807025,206149500
2013-06-20,127.14976501464844,130.39631767900036,126.81474198746652,129.11205665567445,321255900
2013-06-21,127.5580062866211,128.1113059994864,126.27496373168557,128.01508209046645,271956800
2013-06-24,125.94610595703125,127.04470237159914,124.87958008067265,126.22677516933365,222329000
2013-06-25,127.15699768066406,128.38390089214394,126.23480745088843,127.0848175465809,162262200
2013-06-26,128.416015625,128.704699552689,127.70232650321323,128.1994996202335,134848000
2013-06-27,129.1697540283203,129.76316305765383,129.06550335446582,129.18579541721974,129483700
2013-06-28,128.64051818847656,129.42637506200893,128.1914571178866,128.808922207946,160402900
2013-07-01,129.39430236816406,130.29242449444106,129.1697718365948,129.31410764860522,131954800
2013-07-02,129.2741241455078,130.14819099020886,128.7047705554697,129.20194394676645,154863700
2013-07-03,129.3302001953125,129.72313489897923,128.480189670157,128.68867889308154,75216400
2013-07-05,130.72549438476562,130.77360633608137,129.34622801238214,130.2844477710384,122416900
2013-07-08,131.47122192382812,131.824059128451,130.7735743285036,131.39905401451804,108092500
2013-07-09,132.41744995117188,132.57782713945477,131.72781702915978,132.29715788296335,119298000
2013-07-10,132.46559143066406,132.91465255241786,132.01653030891026,132.28917281340395,121410100
2013-07-11,134.26988220214844,134.4062034741626,132.45758382313733,134.00525423788577,135592200
2013-07-12,134.3260040283203,134.6627999066781,134.02129093990092,134.22978013050357,104212700
2013-07-15,134.8391876220703,135.03164760956813,134.46229446071817,134.69485180844424,69450600
2013-07-16,134.333984375,135.0075758987068,133.97313264701384,134.927381187601,88702100
2013-07-17,134.67881774902344,135.10382287138808,134.50239914321205,134.84722177675144,92873900
2013-07-18,135.4165496826172,135.73731631502574,134.87927933882827,134.96748863324112,103620100
2013-07-19,135.6571502685547,135.70526221458528,134.96751715811982,135.13592120522534,103831700
2013-07-22,135.9217987060547,136.11425875520035,135.52886402754905,135.84963077612517,79428600
2013-07-23,135.63307189941406,136.18638365939833,135.56090399228475,136.16232769035523,80829700
2013-07-24,135.1359100341797,136.21045086003053,134.86325530254797,136.15431210363658,112914000
2013-07-25,135.4646759033203,135.58496799165687,134.67080440588617,134.8953349542511,111088600
2013-07-26,135.6090087890625,135.64910614735493,134.33399355293585,134.8953198610423,107814600
2013-07-29,135.19203186035156,135.56892504134643,134.80712410129192,135.2641997709258,79695000
2013-07-30,135.19203186035156,135.74534364674818,134.87127743380137,135.60100782559968,85209600
2013-07-31,135.2882843017578,136.20244798733077,135.11186567506843,135.47271750747908,142388700
2013-08-01,136.8519744873047,136.97225434464943,136.2425239140975,136.31470406450202,110438400
2013-08-02,137.0845489501953,137.1005903466056,136.36284517973638,136.5472784124536,91116700
2013-08-05,136.88404846191406,137.09254986785828,136.60339137575545,136.77980999493994,54072700
2013-08-06,136.10623168945312,136.9161570216227,135.80151857386485,136.61944625023372,87495000
2013-08-07,135.66517639160156,135.8656510077868,135.1599886792944,135.67320320728865,84854700
2013-08-08,136.16232299804688,136.4670360074242,135.46466321184968,136.3066588073315,102181300
2013-08-09,135.7694549560547,136.4029617253023,135.29633770145335,135.98597101202557,91757700
2013-08-12,135.6090087890625,135.7693859862364,135.02362651317975,135.08777983924847,68593300
2013-08-13,136.00999450683594,136.2425396699278,135.04771882880212,135.8496172664968,80806000
2013-08-14,135.31236267089844,136.1623731569092,135.28027987746376,135.94585712722704,79829200
2013-08-15,133.4198455810547,134.26182902310683,133.18728821751864,134.24579986672296,152931800
2013-08-16,132.97882080078125,133.62034200493682,132.7141928452171,133.16325401732624,130868200
2013-08-19,132.12881469726562,133.28355045505293,132.12078788150345,132.8264624525956,96437600
2013-08-20,132.77835083007812,133.27552396857615,132.20098294975796,132.34531880183818,89294400
2013-08-21,131.96041870117188,133.13921050630756,131.66372016382493,132.40947991531874,159530500
2013-08-22,133.16323852539062,133.35569853504668,132.2250189208133,132.23303349938314,101471400
2013-08-23,133.61228942871094,133.78069345378285,132.9306832224601,133.55616291101822,90888900
2013-08-26,133.1151580810547,134.15762863370887,133.0269487519224,133.74865254591336,89702100
2013-08-27,130.97406005859375,133.1151272025071,130.87783617131606,131.80001438705477,158619400
2013-08-28,131.43917846679688,131.90428103820685,130.74954530725785,130.91793713035497,108113000
2013-08-29,131.6476593017578,132.345306996581,131.03019410560475,131.15048620760783,119200500
2013-08-30,131.23068237304688,131.93635695642723,130.84577452574845,131.92031556062318,134928900
2013-09-03,131.82406616210938,132.7783271338926,131.2707543558823,132.4976578236043,142375100
2013-09-04,132.91461181640625,133.13914230846845,131.61554079290428,131.85610043726086,97389400
2013-09-05,133.0830841064453,133.43590917791542,132.8986386364491,132.99487477957769,63090500
2013-09-06,133.1471710205078,133.90095728217025,131.89621179306604,133.52406415133905,159756500
2013-09-09,134.42225646972656,134.50243898230153,133.4760098277366,133.4760098277366,87559300
2013-09-10,135.4165496826172,135.44060565054835,134.92739127469056,135.23211651647972,105847200
2013-09-11,135.8415985107422,135.8415985107422,134.99961489000606,135.23216006689512,94545900
2013-09-12,135.4807586669922,135.96991727587383,135.29632542508628,135.79349861457217,83209000
2013-09-13,135.78550720214844,135.88975794779634,135.31238990975143,135.62512991069218,72727800
2013-09-16,136.57130432128906,137.31707614017316,136.3547883434198,137.2529228046564,106299200
2013-09-17,137.1807861328125,137.21285668987593,136.69162754459236,136.69162754459236,82523300
2013-09-18,138.76852416992188,139.1454174065867,136.78783409161912,137.13264453929182,203460600
2013-09-19,138.53594970703125,139.20955359688514,138.39962846060772,139.14540026280395,146616900
2013-09-20,137.56736755371094,138.86471727338204,137.4545550692021,138.86471727338204,132867100
2013-09-23,136.93077087402344,137.510952869142,136.49564052550375,137.38203310016777,104616500
2013-09-24,136.6084747314453,137.41428181995528,136.35062285685513,136.90661941958908,106333100
2013-09-25,136.21363830566406,136.9710990110926,136.09277214868786,136.69712752485214,117306500
2013-09-26,136.73741149902344,137.12419547197402,136.22169543654238,136.43926680066994,77146900
2013-09-27,136.1088409423828,136.29417307913218,135.75428395337568,136.0524285597512,99141800
2013-09-30,135.38365173339844,135.81072852943117,134.69065710850063,134.95657493736573,143937000
2013-10-01,136.455322265625,136.58425430618823,135.35137087043813,135.48835655267303,127160000
2013-10-02,136.32643127441406,136.45536335380012,135.2385991306487,135.6576222408335,113350000
2013-10-03,135.06936645507812,136.1330376052511,134.44083797384468,136.0121591769283,176698000
2013-10-04,136.09278869628906,136.22977445606548,134.99689032243458,135.17416890464952,96878000
2013-10-07,134.9163055419922,135.73823240156005,134.771266135056,134.90825189571012,96295000
2013-10-08,133.34498596191406,135.0694130584739,133.24829302240485,134.89213447227812,178015000
2013-10-09,133.441650390625,133.9251272359672,132.57943095819,133.6028093390724,168973000
2013-10-10,136.318359375,136.3908790490781,134.75509193480124,134.80343838418665,195955000
2013-10-11,137.19667053222656,137.2450292718003,135.99602618900374,136.1088386567355,105040000
2013-10-14,137.7447052001953,137.85751773313032,136.24590309369086,136.35066197986046,112106000
2013-10-15,136.74549865722656,137.9139168028044,136.56016641788094,137.39820061393206,155485000
2013-10-16,138.65521240234375,138.72773207930376,137.50290203176718,137.56736806538896,161676000
2013-10-17,139.58187866210938,139.66246427409422,138.06695768538822,138.09113090985605,129389000
2013-10-18,140.52468872070312,140.62138163055917,139.81557459338657,140.09761197465284,138316000
2013-10-21,140.5327606201172,140.81479803802065,140.21849632662193,140.57305343633786,104104000
2013-10-22,141.3466339111328,141.76564477265055,140.55693405809455,140.94373033961415,126663000
2013-10-23,140.66976928710938,140.92762119825755,140.17822640160222,140.86315514655996,105484000
2013-10-24,141.13711547851562,141.31439403274808,140.62139940137791,140.95178327932393,70350000
2013-10-25,141.78179931640625,141.82209214262107,141.15327057351664,141.42724211874662,93625000
2013-10-28,142.0074005126953,142.20079866862383,141.5803236770401,141.73342901352822,84979000
2013-10-29,142.76486206054688,142.8212744672106,142.12827977410376,142.32973157680178,87401000
2013-10-30,142.05572509765625,143.03881072149943,141.54807499695318,142.93406416185863,140002000
2013-10-31,141.65283203125,142.5392248053883,141.44332660083603,141.94292309409153,133795000
2013-11-01,141.99130249023438,142.31362047551306,141.19354887755154,141.83819714375193,142805000
2013-11-04,142.49085998535156,142.54726008427116,141.80591908489023,142.3780474918727,85677000
2013-11-05,142.03964233398438,142.4264263574085,141.47557973823203,141.93488346061523,85825000
2013-11-06,142.76486206054688,143.03077991558533,142.25719958314238,142.65204954286168,87348000
2013-11-07,140.9597930908203,143.14353516854086,140.82280739526402,143.03072269598644,157000000
2013-11-08,142.861572265625,142.8776918545698,140.89541276188987,140.91152005519095,136713000
2013-11-11,142.88575744628906,143.05497009504123,142.55537349977178,142.72458614852394,62614000
2013-11-12,142.59559631347656,142.91791415946966,142.12016089152587,142.5794767324856,83990000
2013-11-13,143.73992919921875,143.78020973305365,141.89462335157668,141.89462335157668,103844000
2013-11-14,144.45706176757812,144.57792793064394,143.63513497180398,143.86881365227862,103435000
2013-11-15,145.08558654785156,145.14198665723475,144.5054043892828,144.69073659960168,102818000
2013-11-18,144.5779266357422,145.44819988894812,144.2556086733587,145.32733372696484,104796000
2013-11-19,144.26364135742188,144.94051635746246,144.01384312852406,144.50538594190505,93891000
2013-11-20,143.81240844726562,144.98888004490718,143.41755850250001,144.55374957764127,124909000
2013-11-21,144.97274780273438,145.08556029673085,144.1266479499409,144.21528721634095,92841000
2013-11-22,145.69796752929688,145.71408711272045,144.8599336258643,145.02914621707342,81296000
2013-11-25,145.55296325683594,145.98809374906185,145.3434455087354,145.95586687008463,79486000
2013-11-26,145.59326171875,146.02840456022807,145.375702593655,145.62550089734157,86994000
2013-11-27,145.94775390625,146.0444591033095,145.56902364816648,145.74630216453062,58800000
2013-11-29,145.85108947753906,146.45544482067803,145.68993051183017,146.108953659186,55870900
2013-12-02,145.47238159179688,146.1976031972084,145.2467565458625,145.92363168366563,99726000
2013-12-03,144.84385681152344,145.35957297260106,144.37648711935262,144.996962160157,116563000
2013-12-04,144.82772827148438,145.43208368675005,143.7157226684324,144.32007808369804,123033000
2013-12-05,144.19117736816406,144.835825743917,144.05419158635888,144.56990782783222,106934000
2013-12-06,145.80276489257812,145.93975064876506,145.16617028340278,145.5851934936258,127728000
2013-12-09,146.1733856201172,146.39095695399516,145.9799998083493,146.2297980123089,70124000
2013-12-10,145.649658203125,146.1412011099101,145.56101891515908,145.83499042500188,80976000
2013-12-11,144.01390075683594,145.73027446828263,143.8366221436515,145.70610122972522,130591000
2013-12-12,143.53839111328125,144.12662672422988,143.2402341907693,143.9493482175378,115565000
2013-12-13,143.5222930908203,143.96548942412403,143.2483216468288,143.83655734613754,107808000
2013-12-16,144.41673278808594,144.8921559712951,144.15886864392147,144.19916145340207,96195000
2013-12-17,143.9574432373047,144.56986454395278,143.63512529375197,144.5456913129684,89886000
2013-12-18,146.41513061523438,146.43930384177713,142.88570428796018,144.17498812091782,234906000
2013-12-19,146.24591064453125,146.41512322178596,145.61738219487955,145.99610015680534,136531200
2013-12-20,147.09658813476562,147.4449726957742,146.29451616009342,146.3917340085648,197087000
2013-12-23,147.88247680664062,147.97159729542506,147.50980011710044,147.81766078185262,85598000
2013-12-24,148.20655822753906,148.2713742583008,147.88249043612421,147.89058780407177,45368800
2013-12-26,148.96006774902344,149.04109089655717,148.52257489457256,148.538769634162,63365000
2013-12-27,148.95193481445312,149.21928394020773,148.79799828833194,149.15448027252967,61814000
2013-12-30,148.9276580810547,149.08969200521037,148.7332099546303,148.96815729029663,56857000
2013-12-31,149.6324920654297,149.6324920654297,149.01674593016926,149.1301832602598,86119900
2014-01-02,148.1984405517578,149.13015695859025,147.8419586126144,149.0572312074803,119636900
2014-01-03,148.17417907714844,148.74941371172457,147.96353621672114,148.44963797826006,81390600
2014-01-06,147.7447967529297,148.71701272479186,147.51794677157508,148.6603064106516,108028200
2014-01-07,148.6521759033203,148.90333032169139,148.22278047273844,148.33620544756394,86144200
2014-01-08,148.68460083007812,148.93575526656878,148.17418222534167,148.62788215737586,96582300
2014-01-09,148.78179931640625,149.17879288638107,148.10124950707313,149.16258578737953,90683400
2014-01-10,149.1869354248047,149.25175147804126,148.2714256711355,149.0329988436676,102026400
2014-01-13,147.2019500732422,149.21929507427785,146.91838146581892,148.80610675943316,149892000
2014-01-14,148.80612182617188,148.8871449686092,147.4126078405416,147.68806674499515,105016100
2014-01-15,149.60818481445312,149.83503474562457,148.83851452209328,149.15448495211024,98525800
2014-01-16,149.41372680664062,149.60817489005757,148.93572250926636,149.30030184857904,72290600
2014-01-17,148.78179931640625,149.4380446584342,148.5225475443531,149.15448841907593,107848700
2014-01-21,149.2193145751953,149.69733134981286,148.3038173231638,149.640612675958,88621200
2014-01-22,149.3164825439453,149.53523505381034,149.0005121907585,149.4704190374655,61270900
2014-01-23,148.09310913085938,148.58732046778564,147.3072442466243,148.56301600550992,132496900
2014-01-24,144.93341064453125,147.17761752069785,144.88480171822454,147.12900859439114,208677100
2014-01-27,144.22047424316406,145.44385681285388,143.49941285328634,145.0711677028252,180843100
2014-01-28,145.07925415039062,145.26559249430284,144.309571586072,144.32577868279253,110463200
2014-01-29,143.68577575683594,144.65799163774983,143.3049892460987,143.87211414643215,216597300
2014-01-30,145.2089385986328,145.67884571396158,144.4230609494931,144.88487069404655,118938100
2014-01-31,144.3582000732422,145.25750244599578,143.33737536460063,143.4102887661334,194677900
2014-02-03,141.10940551757812,144.51216763948628,140.83394658881727,144.18809976593195,254837100
2014-02-04,142.0978240966797,142.46240353346562,141.06079209931698,141.7413420296369,165012400
2014-02-05,141.91957092285156,142.2355413893563,140.73671219691906,141.6036004563468,164230500
2014-02-06,143.7910614013672,143.7910614013672,141.96005499657736,142.2517209370423,132877600
2014-02-07,145.57350158691406,145.7274381509893,143.9936490968729,144.46355615895635,170787200
2014-02-10,145.84080505371094,145.8894263406824,145.19266957612626,145.5896507017881,92218800
2014-02-11,147.43685913085938,147.80954814428935,145.86510468870972,145.9623348970431,117814100
2014-02-12,147.50985717773438,148.12559110781325,147.21819113456073,147.65568401812249,94717700
2014-02-13,148.27142333984375,148.4253599185605,146.50523227591012,146.51332964653807,100542200
2014-02-14,149.08969116210938,149.3651500678559,147.9959405460508,148.13366999892406,96498400
2014-02-18,149.26788330078125,149.47042872909532,148.7898666945423,149.21926201357672,80460900
2014-02-19,148.27947998046875,149.84312495724913,148.15794529017805,148.87900661461964,126524300
2014-02-20,149.1544952392578,149.49477015948366,147.93922236885342,148.48204276747998,104998100
2014-02-21,148.98434448242188,149.79452635733034,148.91143108065475,149.43804435438753,118116400
2014-02-24,149.81076049804688,150.81537829234057,149.23552582357502,149.30034186875469,114063900
2014-02-25,149.75401306152344,150.3616494606869,149.2598016290414,149.93225406093626,117085000
2014-02-26,149.7620849609375,150.36972120660687,149.34078703580388,149.97272774230876,98677200
2014-02-27,150.54798889160156,150.58848809192418,149.3732153848072,149.5433590032566,93880800
2014-02-28,150.9287109375,151.62546754388657,149.92409375786517,150.52362017477267,150842000
2014-03-03,149.8674774169922,150.24826398287271,148.8709569219249,149.60011584760392,167748500
2014-03-04,151.9739532470703,152.29802112813462,151.30150064958448,151.33390249273202,167545900
2014-03-05,152.11163330078125,152.37089741132786,151.86857628774212,152.10353593322412,88376900
2014-03-06,152.46006774902344,152.8084524944207,152.13599984100586,152.4843845864031,82516500
2014-03-07,152.52487182617188,153.09200916426587,151.85241922556102,153.09200916426587,114513500
2014-03-10,152.44383239746094,152.50053870317868,151.56883444402814,152.28989585532068,74939200
2014-03-11,151.6903076171875,152.88938536603087,151.3419354399146,152.67063285798105,99009100
2014-03-12,151.73085021972656,151.78756888106017,150.6127953524619,150.95308259567648,104824400
2014-03-13,150.02947998046875,152.30610152925843,149.60819428869675,152.18456682546682,155014300
2014-03-14,149.60818481445312,150.53179163776375,149.42994381676212,149.7621213454039,153919600
2014-03-17,150.96119689941406,151.3176789180939,150.29684179871168,150.361657835053,98359500
2014-03-18,152.0387420654297,152.24128754541803,151.10702544004627,151.26907171395297,101804600
2014-03-19,151.22854614257812,152.26557791510368,150.26442776912222,152.05492272348843,176267300
2014-03-20,152.11163330078125,152.22505825854708,150.628999119875,150.89636059797874,117241000
2014-03-21,151.5216522216797,153.8164544560838,151.38331492922305,152.7504340600702,163128000
2014-03-24,150.89508056640625,152.22965508121388,150.23593883265067,152.04248187469906,121411000
2014-03-25,151.61119079589844,152.12386210576946,150.7648882753869,151.66001426979915,103852000
2014-03-26,150.520751953125,152.44935359020155,150.48006158765565,152.20522381434162,119843000
2014-03-27,150.203369140625,150.8218204046986,149.65000755322882,150.34170643323534,142383000
2014-03-28,150.94395446777344,151.70074334022652,150.54520863425822,150.63472249823263,101642000
2014-03-31,152.18084716796875,152.41684389193287,150.9683559493195,151.90417248611206,99745000
2014-04-01,153.18988037109375,153.27939421088394,152.17268329027638,152.6772090689357,89193000
2014-04-02,153.70254516601562,153.90598457356617,153.10036004956183,153.38518018691502,78774000
2014-04-03,153.49905395507812,153.9791678147975,153.02707319881182,153.93847746362852,77435000
2014-04-04,151.6844024658203,154.36980486620476,151.44028513420295,154.33726002764072,169381000
2014-04-07,150.00804138183594,151.57045415444048,149.69882200255,151.31819133833105,140803000
2014-04-08,150.62655639648438,150.8706737747982,149.39777431317123,149.94299048633408,112660000
2014-04-09,152.24594116210938,152.29476464254302,150.59401385032615,151.0334500081458,100254000
2014-04-10,149.04783630371094,152.31099961930167,148.86066312641873,152.23776441964205,172959000
2014-04-11,147.7051239013672,149.25940375427803,147.54237487974848,148.21779511557287,167251000
2014-04-14,148.86886596679688,149.21877588897524,147.64822916800972,148.86072044128414,132382000
2014-04-15,149.8941650390625,149.99995751291175,147.70515485128857,149.17806671049902,157093000
2014-04-16,151.46473693847656,151.47287004603055,150.26036650474998,150.92765383291942,105197000
2014-04-17,151.67630004882812,152.09945753750634,151.0008796551355,151.2612880841551,105255000
2014-04-21,152.20521545410156,152.25405134015608,151.52980757562477,151.7169683461561,68329000
2014-04-22,152.89691162109375,153.311923517907,152.27846032873288,152.35982863677876,85790000
2014-04-23,152.53890991210938,152.92137710352367,152.4168511986621,152.84000876687873,73869000
2014-04-24,152.84811401367188,153.30381635008726,152.11572461561227,153.28753771894173,88170000
2014-04-25,151.5948486328125,152.4411632155937,151.25307204178793,152.35164941197166,100380000
2014-04-28,152.07505798339844,152.73419979884733,150.5126445349748,152.21339531603945,135121000
2014-04-29,152.7830047607422,153.0189890250075,152.23778860396104,152.56328670990428,84098000
2014-04-30,153.23870849609375,153.39332444378468,152.3191583336942,152.53074327977941,101508000
2014-05-01,153.25502014160156,153.6700321824731,152.76676045602125,153.1655062798105,93019000
2014-05-02,153.03529357910156,153.91415351437263,152.80744238295264,153.2387330340173,98122000
2014-05-05,153.3282012939453,153.43399375246767,151.86343517075403,152.2865925878882,75883000
2014-05-06,151.99363708496094,153.09221476512624,151.9610922458024,152.98642230818965,85454000
2014-05-07,152.88876342773438,152.96199862283513,151.3670284556791,152.5062964084917,106500000
2014-05-08,152.7260284423828,153.84088485656233,152.23778130687074,152.75045259526684,93618000
2014-05-09,152.95394897460938,153.01903868335575,152.03439852231622,152.75050948813467,83679000
2014-05-12,154.44305419921875,154.51630182236187,152.98643351379798,153.63744209724788,86940000
2014-05-13,154.58143615722656,154.95575778932218,154.42682018950765,154.64652585388436,66454000
2014-05-14,153.8489990234375,154.51628616853463,153.62928101017934,154.4430385528121,72367000
2014-05-15,152.49819946289062,153.57236566767918,151.74954381271587,153.5398084037388,154956000
2014-05-16,153.02713012695312,153.092232229652,151.9448309513776,152.5876940379748,97458000
2014-05-19,153.58863830566406,153.710696998282,152.59585288251313,152.73419020646597,63839000
2014-05-20,152.62020874023438,153.5316130899641,152.2296086499149,153.51533446458953,111644000
2014-05-21,153.90594482421875,153.97918001195302,153.03521842464636,153.0596301538911,89093000
2014-05-22,154.2803192138672,154.59768421988227,153.68627957018913,153.94667557711986,61549000
2014-05-23,154.89878845214844,155.0045685132304,154.2803246321731,154.41866195586297,61092800
2014-05-27,155.85086059570312,155.89968406548113,155.38701279890086,155.47652663247905,72010000
2014-05-28,155.7369384765625,156.0949938188057,155.476530076038,155.850864047553,66723000
2014-05-29,156.5425567626953,156.5669684990892,155.69625426147576,156.0949999841699,64377000
2014-05-30,156.79481506347656,156.89247442315178,156.26587756780648,156.39608176940274,76316000
2014-06-02,156.97381591796875,157.04706352945007,156.21702740727815,157.01450627613528,64656000
2014-06-03,156.89242553710938,156.97379382503644,156.44485649417774,156.5913268626178,65047000
2014-06-04,157.20985412597656,157.29936797083704,156.46119852212394,156.62394758088195,55529000
2014-06-05,158.23513793945312,158.39788695045462,156.81106236352113,157.38883563207312,92103000
2014-06-06,158.99197387695312,159.03265182595115,158.50371431941352,158.57694952795757,78696000
2014-06-09,159.15478515625,159.53725239525124,158.82114140870235,158.96762430002426,65119000
2014-06-10,159.1710205078125,159.20356535427766,158.6176587822424,158.95943554643665,57129000
2014-06-11,158.6175994873047,158.7803484927067,158.2595442252483,158.60132086167852,68772000
2014-06-12,157.4946746826172,158.52001742839607,157.14476479867938,158.43050357625597,106350000
2014-06-13,157.9748077392578,158.1294237099794,157.2993872664502,157.80391313557638,82017000
2014-06-16,158.10494995117188,158.43859352890433,157.59229113487714,157.77945189584332,87424000
2014-06-17,158.54441833496094,158.65834391926754,157.71438198246568,157.8852765674043,84834000
2014-06-18,159.7081298828125,159.7976437534786,158.19453960779703,158.54446198111393,105267000
2014-06-19,159.88706970214844,159.98472904541995,159.33372056374375,159.84637934386478,85929000
2014-06-20,160.21176147460938,160.34258962725573,160.01551924563984,160.2853476318007,100587000
2014-06-23,160.1627197265625,160.30171997369393,159.86836259250165,160.25266253076055,70611000
2014-06-24,159.19781494140625,160.66960003241414,159.0179294038133,159.8764717466059,96237000
2014-06-25,159.91734313964844,160.08087202961417,158.8298579305172,158.86255871792852,82782000
2014-06-26,159.8029327392578,159.9582896108555,158.73180375271724,159.9419329726717,84312000
2014-06-27,160.1136016845703,160.16265910893665,159.35317417752432,159.42676031407385,71445100
2014-06-30,160.03189086914062,160.3998341660106,159.87653398288296,160.01553422941336,70201200
2014-07-01,161.1029815673828,161.5935808306111,160.3670951489979,160.42432465971527,90470000
2014-07-02,161.2664337158203,161.47084789876564,161.0456753812845,161.11926149279643,52475000
2014-07-03,162.05960083007812,162.13318695933793,161.60171494607775,161.72435849484407,52938800
2014-07-07,161.4954071044922,161.87970683912883,161.25829209713004,161.74889121943968,61696000
2014-07-08,160.45701599121094,161.2583163668906,160.0645316437118,161.20107438754272,108143000
2014-07-09,161.1765594482422,161.32374421024554,160.5142592103693,160.8576736864346,72992000
2014-07-10,160.53871154785156,160.96389652013093,159.49211198258772,159.62294004735844,99040000
2014-07-11,160.75955200195312,160.8740234891133,160.08089515791195,160.44066625368862,64243000
2014-07-14,161.56903076171875,161.7816170935777,161.43820264528745,161.57720284032473,58658000
2014-07-15,161.2664337158203,161.97780355645713,160.55507635163508,161.66709000591572,111307000
2014-07-16,161.8634033203125,162.1086904665928,161.4218615040938,161.98604689345265,79986400
2014-07-17,160.0236358642578,161.97783533758397,159.794680456101,161.3645926684257,145398000
2014-07-18,161.6590118408203,161.82254078688322,160.45705474874663,160.54699754055008,124330000
2014-07-21,161.35641479492188,161.48724289744106,160.61234399785548,161.15200056340612,67592000
2014-07-22,162.05960083007812,162.3539578235719,161.78977254633764,161.90424401733773,67678000
2014-07-23,162.41940307617188,162.59111655388585,161.97787373933983,162.30493158318157,65612000
2014-07-24,162.4275360107422,162.76277832958417,162.2640071282315,162.5747207385196,56888000
2014-07-25,161.66717529296875,162.1087046714195,161.34828949840482,161.9697044508617,76837000
2014-07-28,161.73251342773438,161.96962840407315,160.7676719404833,161.6998001697517,69259000
2014-07-29,161.0375518798828,162.26403744252693,161.01302316674642,162.03509446894986,80466000
2014-07-30,161.0620574951172,161.82248492266098,160.39158530478142,161.60988613735938,104222000
2014-07-31,157.88137817382812,160.08087737521083,157.78326333186325,159.9418771902756,183479000
2014-08-01,157.39894104003906,158.42918416259616,156.638526170725,157.44799845400084,189261000
2014-08-04,158.53549194335938,158.87073425846435,157.03100627870552,157.70147843246164,91340000
2014-08-05,156.99832153320312,158.2984056904794,156.42596410860835,157.8895771762751,152690000
2014-08-06,157.04739379882812,157.71786608445714,156.237908836996,156.26243755010094,94818000
2014-08-07,156.19700622558594,157.9140908118847,155.8045343828295,157.75873399508706,135733000
2014-08-08,158.0040283203125,158.11031523633244,156.13158697949297,156.54859999522847,117014000
2014-08-11,158.4619140625,159.1650995148492,158.38832793383025,158.6009142421388,74544000
2014-08-12,158.24111938476562,158.74806260791277,157.7587048674835,158.30653342588988,73632000
2014-08-13,159.31228637695312,159.4921719144952,158.59275670324052,158.86257253309796,69047000
2014-08-14,160.06451416015625,160.06451416015625,159.42674276070255,159.57392749405196,57371000
2014-08-15,160.03189086914062,160.7923061842412,158.87899105934895,160.64513385607742,139951000
2014-08-18,161.37274169921875,161.4463278146595,160.82491315685053,160.91485590120664,75424000
2014-08-19,162.21498107910156,162.337624645587,161.43820937962872,161.7652672078942,59135000
2014-08-20,162.64833068847656,162.84457286210682,161.9615017954544,161.99420258616487,72763000
2014-08-21,163.12261962890625,163.33520602010526,162.6565490126946,162.78737716564447,67791000
2014-08-22,162.8690948486328,163.2779233361382,162.501151705169,162.9917384043023,76107000
2014-08-25,163.6949005126953,164.01378618832806,162.83635831631378,163.64584309743697,63855000
2014-08-26,163.80123901367188,164.20189546138394,163.76035366570835,163.80123901367188,47298000
2014-08-27,163.73577880859375,163.99743498065573,163.48230718969182,163.88295104803888,47874000
2014-08-28,163.64588928222656,163.75218869625556,163.03264646551844,163.19617538801586,58330000
2014-08-29,164.11195373535156,164.12829789347623,163.38423945219327,163.89935491516508,65907000
2014-09-02,164.03013610839844,164.3490217709855,163.41689348985,164.3244930643598,72426000
2014-09-03,163.94021606445312,164.6842868723616,163.71127311993584,164.65975816233868,57462000
2014-09-04,163.70310974121094,164.8232958133007,163.2533959061348,164.2182251555205,85236000
2014-09-05,164.4390106201172,164.50442468160844,163.04899612368357,163.67041099316566,102177000
2014-09-08,164.0138702392578,164.52082623511475,163.53145544006003,164.2836986379091,64146000
2014-09-09,162.97543334960938,163.98114817676054,162.64019091507288,163.86667667185276,88591000
2014-09-10,163.58865356445312,163.69494049799076,162.52569689388076,163.06534106999337,67251000
2014-09-11,163.77671813964844,163.80124685430937,162.8118762826429,162.93453233240461,66774400
2014-09-12,162.820068359375,163.62954093349015,162.3539978063749,163.61319677393263,117409300
2014-09-15,162.6974334716797,162.9754464142779,162.20684661551562,162.84461826205043,76401000
2014-09-16,163.92385864257812,164.21821563789007,162.30490140658972,162.39484416839213,116201000
2014-09-17,164.14463806152344,164.9050530611049,163.32698108487824,164.16099469446382,151266000
2014-09-18,165.01953125,165.044059960326,164.43081724926674,164.64340356424353,94990000
2014-09-19,164.870849609375,165.85662200296588,164.53404017667552,165.544468474774,121649000
2014-09-22,163.5975799560547,164.60800841123827,163.2525601913986,164.58336503767555,125553000
2014-09-23,162.66102600097656,163.68787458509792,162.61173927450238,163.0060456210686,111393000
2014-09-24,163.93431091308594,164.04110717055204,162.25849963968025,162.68565960000066,107276000
2014-09-25,161.2891387939453,163.51535177733172,161.23164179809055,163.50712896737298,150300000
2014-09-26,162.5706787109375,162.9732079077673,161.35489337826505,161.5849064808038,103547000
2014-09-29,162.2749481201172,162.56247076980895,161.05095249290028,161.17416932289723,95112000
2014-09-30,161.84780883789062,162.8993010379308,161.51099941301544,162.3981983070698,131302000
2014-10-01,159.65444946289062,161.64242714866637,159.2929966955178,161.58491760168667,177798000
2014-10-02,159.6791534423828,160.23775336052373,158.01155143381914,159.51484755137233,157285000
2014-10-03,161.4370574951172,161.78207717287916,160.25412572291904,160.74700560481836,121569000
2014-10-06,161.2481231689453,162.3242712934313,160.6648800413629,162.11067871028055,104778000
2014-10-07,158.75906372070312,160.7799080430721,158.72621006841072,160.41845519396728,147913000
2014-10-08,161.53565979003906,161.76567294959213,158.01973002569693,158.84941945588642,186461000
2014-10-09,158.33192443847656,161.50283503073726,158.2004847424251,161.28103211049782,210705000
2014-10-10,156.52456665039062,159.0793662461202,156.48350273778465,158.29075360946217,221909000
2014-10-13,153.95338439941406,157.02570787709192,153.86302120684854,156.45889788893538,230939000
2014-10-14,154.19161987304688,155.93316403572277,153.64944067519184,154.78308580983855,215847000
2014-10-15,153.14833068847656,154.18340229625286,149.4434647480626,152.10506133763343,380715000
2014-10-16,153.0168914794922,154.09302692623075,150.2402885456298,150.37993846656482,270391000
2014-10-17,154.82424926757812,155.87574207165565,154.12598664754685,154.78317278379106,214625000
2014-10-20,156.3274688720703,156.450685718143,154.49557406339343,154.5448608018225,130011000
2014-10-21,159.42442321777344,159.53120695586858,157.2967832458834,157.461076526223,154949000
2014-10-22,158.29083251953125,160.11451738624524,158.2251126779189,159.7037777772516,151822000
2014-10-23,160.13088989257812,161.1741716960859,159.580500485864,159.87623341698531,154944000
2014-10-24,161.36318969726562,161.41248898961754,159.76953021841192,160.393850038949,117927000
2014-10-27,161.141357421875,161.37958086650323,160.21308194619033,160.7881148597562,82954000
2014-10-28,162.98973083496094,162.99794111644349,161.60963892426003,161.68358159672644,106736000
2014-10-29,162.74317932128906,163.57286846688046,161.66704400791843,163.1046320293955,142557000
2014-10-30,163.7864990234375,164.2547355696385,162.15996145930595,162.30783420821595,113330000
2014-10-31,165.6595001220703,165.7909398037196,164.9283841282159,165.7580736159183,146903000
2014-11-03,165.74981689453125,166.3084165828584,165.37193104936478,165.87303372731682,93600000
2014-11-04,165.17478942871094,165.61017229825384,164.34508761202454,165.30621654298392,93343000
2014-11-05,166.21810913085938,166.4234789442171,165.486993096697,166.3824024745898,91709000
2014-11-06,166.88343811035156,166.97380129322747,165.6430094497584,166.2591186417013,107089000
2014-11-07,167.0395965576172,167.25318919621876,166.4399201830082,166.89994658187425,89540000
2014-11-10,167.56529235839844,167.6145790956135,166.86704268989263,167.07241245147236,66319000
2014-11-11,167.7295684814453,167.83636475765658,167.29418563427126,167.6309950171113,54499400
2014-11-12,167.5488739013672,167.7788870344358,167.01490499370564,167.04777117544438,90120300
2014-11-13,167.73777770996094,168.26352370179112,166.93273190195265,167.71313434587307,85357900
2014-11-14,167.77886962890625,167.98423937175338,167.3516970540474,167.66386307430284,80417500
2014-11-17,167.8856658935547,168.05818200571437,167.2941999872576,167.45850582160978,80441000
2014-11-18,168.85504150390625,169.1589847777636,167.94319914755718,167.94319914755718,76068100
2014-11-19,168.5839385986328,168.85502820048956,167.8281793456274,168.65786870783663,82373000
2014-11-20,168.879638671875,168.9864349431047,167.72956065760297,167.79528047568485,72840300
2014-11-21,169.7832489013672,170.73616741051077,169.20821619232294,170.57187414146568,142327300
2014-11-24,170.25978088378906,170.3665771949351,169.97227067384108,170.18585076135489,65880800
2014-11-25,170.13653564453125,170.69513541170875,169.8818791309782,170.4897656382271,79108300
2014-11-26,170.57191467285156,170.6704881507471,170.07081193558938,170.28439198262168,62167800
2014-11-28,170.2104949951172,170.76088457842636,169.97227153225558,170.44873099275716,57890100
2014-12-01,169.02757263183594,169.668325469317,168.7154190281779,169.55331887117373,103968400
2014-12-02,170.12005615234375,170.3254258698104,169.04392083838204,169.06856420169623,74507200
2014-12-03,170.77731323242188,170.99089331546094,170.1283501689099,170.29264350469208,68952000
2014-12-04,170.58839416503906,171.0894970386039,169.79976852303662,170.48980812555166,91316600
2014-12-05,170.86767578125,171.25377201296104,170.49801264348656,170.76087947275775,91025500
2014-12-08,169.72576904296875,170.96619776455188,169.16715683005884,170.4733179076276,108588200
2014-12-09,169.6107635498047,169.7175598267876,167.50777939699023,167.88565270285022,125180100
2014-12-10,166.89166259765625,169.20822666454072,166.70271341852614,169.15072965746432,159856400
2014-12-11,167.73777770996094,169.38073550127686,167.34347134978162,167.4831212578707,159012800
2014-12-12,165.02691650390625,167.43385650213014,164.99406285906872,166.46450475996315,202330200
2014-12-15,163.89332580566406,166.37419672836853,163.293649444056,165.92238061971358,189965800
2014-12-16,162.5789337158203,166.26736689853817,162.53785725335305,163.12932321550753,259543800
2014-12-17,165.7662811279297,166.21809719181957,162.89110394743852,163.01433334746906,253910100
2014-12-18,169.865478515625,174.9504370847786,167.5160473564205,168.18966635892085,257633900
2014-12-19,170.58822631835938,171.25729490243907,169.83655138396585,170.51387556149317,245084600
2014-12-22,171.37290954589844,171.37290954589844,170.53864099505515,170.7781792073314,148318900
2014-12-23,171.60421752929688,172.0007002789563,171.31510790944475,171.95114151074378,122167900
2014-12-24,171.62074279785156,172.091563703884,171.5794396226657,171.82724606982146,42963400
2014-12-26,172.1741485595703,172.51281690827093,172.01720407583304,172.06676283828526,57326700
2014-12-29,172.40548706054688,172.6119903736604,171.92639786164804,171.9924804343198,79643900
2014-12-30,171.48028564453125,172.11630651218846,171.40593490341297,171.98415402522033,73540800
2014-12-31,169.77871704101562,171.96765918962677,169.65482012488775,171.80245910013662,130333800
2015-01-02,169.6878204345703,170.88554919758974,168.6553043312476,170.47254275626065,121465900
2015-01-05,166.62335205078125,168.81228157325947,166.31773125812248,168.64708148544278,169632600
2015-01-06,165.0539093017578,167.44934175106874,164.2609313452381,166.92894957322903,209151400
2015-01-07,167.1106414794922,167.44930974013607,165.92944926830862,166.3754906183617,125346700
2015-01-08,170.0760955810547,170.29086705779733,168.4984201081495,168.5149312956221,147217800
2015-01-09,168.7131805419922,170.50562750822505,168.10192629293343,170.48910371663968,158567300
2015-01-12,167.39151000976562,169.0022452562674,166.78852411875266,168.84530078782205,144396100
2015-01-13,166.92071533203125,169.72915460451395,165.62386881945937,168.60577637472915,214553300
2015-01-14,165.9129638671875,166.111211515272,164.0213997320499,164.91348263853635,192991100
2015-01-15,164.39306640625,166.86283654292797,164.27742512162916,166.54896025835984,176613900
2015-01-16,166.54898071289062,166.70592517642703,164.00485953482422,164.18658337639727,211879600
2015-01-20,166.90420532226562,167.44937699436866,165.34304106412313,167.1850467519091,130991100
2015-01-21,167.74671936035156,168.22580840656576,165.97905206760984,166.4416173249317,122942700
2015-01-22,170.24130249023438,170.37345500531438,167.12722961914895,168.49841437027467,174356000
2015-01-23,169.30787658691406,170.24127526039032,169.17571148901422,169.98520065672528,117516800
2015-01-26,169.7044219970703,169.79528395996311,168.38280834149393,169.0931802503025,92009700
2015-01-27,167.46588134765625,168.60577072506626,166.63986834178553,167.6558608098982,134044600
2015-01-28,165.3182373046875,168.74618612993115,165.1282578484053,168.64706860560267,168514300
2015-01-29,166.84637451171875,167.10243653138437,164.1122608271368,165.51649304484636,173585400
2015-01-30,164.74830627441406,166.9950628601836,164.48398864289024,165.6734494946458,197729700
2015-02-02,166.78854370117188,166.87940563546837,163.4349329327051,165.24390342208943,163107000
2015-02-03,169.2004852294922,169.20875342530874,167.30892116918625,167.68062446617702,124212900
2015-02-04,168.55621337890625,169.64655660572535,168.10190370106497,168.44057206127013,134306700
2015-02-05,170.25778198242188,170.40647086465165,169.14267208350574,169.21701022264207,97953200
2015-02-06,169.7869873046875,171.18295139519486,169.26659504269838,170.62125595934074,125672000
2015-02-09,169.027099609375,169.8613684753199,168.62234856932292,169.14274096310956,87219000
2015-02-10,170.82774353027344,171.08380553916865,169.0683318377307,170.05955750358785,96164200
2015-02-11,170.92691040039062,171.3564408059999,170.01830341632518,170.66259272275832,91087800
2015-02-12,172.5706024169922,172.62842936615894,170.95987988674725,171.7198101932229,97545900
2015-02-13,173.28099060058594,173.3305493595107,172.43845388699384,172.69452848136683,93670400
2015-02-17,173.55360412597656,173.72707241390395,172.71933547479566,172.9671293090362,76968200
2015-02-18,173.5701141357422,173.64445228011232,172.91755681349412,173.18188702097638,80652900
2015-02-19,173.44618225097656,173.80962993740306,172.83494078194687,172.97536146007414,91462500
2015-02-20,174.48699951171875,174.56133766054108,172.4136987099765,173.03320849141335,140896400
2015-02-23,174.4622344970703,174.4622344970703,173.85923585195994,174.23920742827661,74411100
2015-02-24,174.9578094482422,175.1560571033271,174.090493287688,174.38785846833633,72472300
2015-02-25,174.80908203125,175.3129503120881,174.47041377935219,174.83386140539332,73061700
2015-02-26,174.60260009765625,174.87518585036773,173.99960164289035,174.71824139238635,72697900
2015-02-27,174.00787353515625,174.76780386009438,173.95831477978405,174.50347369283446,108076000
2015-03-02,175.10647583007812,175.16429017790526,174.0574359382095,174.1069946946203,87491400
2015-03-03,174.38783264160156,175.15603116282256,173.52878480470744,174.67694218695533,110325800
2015-03-04,173.65272521972656,173.86749668575007,172.6862914344985,173.79314592999464,114497200
2015-03-05,173.84268188476562,174.12352324808586,173.338813507535,173.9748343708267,76873000
2015-03-06,171.39767456054688,173.41314802743403,171.06727444635007,172.98361779581307,188128000
2015-03-09,172.10801696777344,172.46319640011455,171.43894865739745,171.5958930964149,89818900
2015-03-10,169.31613159179688,170.82773680839537,169.27482842335175,170.74514307546252,157121300
2015-03-11,168.91969299316406,169.7457061618348,168.8370866347127,169.57223785067123,110145700
2015-03-12,171.0673065185547,171.13337647061587,169.497874171987,169.5474329380123,93993500
2015-03-13,170.01824951171875,171.7528691698583,168.9857333090318,170.79470371277253,162410900
2015-03-16,172.2897491455078,172.38061105651056,170.04299334976287,170.74510926241626,136099200
2015-03-17,171.77767944335938,172.1576383881858,170.96817757941653,171.55465239072544,94510400
2015-03-18,173.84268188476562,174.51175032254008,170.67078274412282,171.30681621137117,228808500
2015-03-19,173.04969787597656,173.850931375652,172.66147081514595,173.42966934545456,117917300
2015-03-20,174.5771942138672,175.0833117613719,173.81387167111257,173.99640669875154,177715100
2015-03-23,174.23703002929688,175.1579976944319,174.23703002929688,174.5855025701291,71784500
2015-03-24,173.25796508789062,174.56887998481383,173.19158756674477,174.1125550997898,77805300
2015-03-25,170.71910095214844,173.69773415857858,170.6776260721813,173.46541912579568,159521700
2015-03-26,170.31259155273438,171.2252543264,169.35842856999278,170.05538647415386,153067200
2015-03-27,170.7025146484375,170.8767445914697,170.00555689564965,170.1963970468826,118939000
2015-03-30,172.7850341796875,173.08372670196508,171.71472669332005,171.73131157884472,96180400
2015-03-31,171.27496337890625,172.66057350740502,171.2168909627428,171.96361589192352,126768700
2015-04-01,170.66932678222656,171.26671193265366,169.6819815291534,171.24182193973758,137303600
2015-04-02,171.28329467773438,171.73132717172223,170.42039946381973,170.60293450290862,86900900
2015-04-06,172.4365692138672,172.95097921240085,170.26275905467685,170.3955014457633,114368200
2015-04-07,171.98020935058594,173.20816176547933,171.94702692216907,172.46143685403993,81236300
2015-04-08,172.56101989746094,173.0007599290921,171.81429488606952,172.20425493830373,89351900
2015-04-09,173.3243865966797,173.5567016665092,171.9056061816652,172.3951263173616,85548900
2015-04-10,174.2701873779297,174.3116749111512,173.37412249347702,173.57324239659198,72722900
2015-04-13,173.48204040527344,174.7597860138336,173.43226041069465,174.12920565524252,74436600
2015-04-14,173.81393432617188,173.9964694196096,172.66065132320944,173.2829265980501,75099900
2015-04-15,174.59371948242188,175.09983685710583,174.19546713093396,174.27844217342536,99529300
2015-04-16,174.5439910888672,175.05010861308017,174.0627635527124,174.26189611739576,68934900
2015-04-17,172.5361328125,173.5981479249098,171.7562126949012,173.35754046703426,191113200
2015-04-20,174.11257934570312,174.44445433742973,173.3741467279249,173.45710914574687,92189500
2015-04-21,173.90516662597656,174.95058431814448,173.60647404818283,174.79293925483387,72559800
2015-04-22,174.7597198486328,174.942254866461,173.32432969387318,174.24529722556355,78264600
2015-04-23,175.19947814941406,175.8466432219657,174.24531542741792,174.36147293633184,102585900
2015-04-24,175.6060791015625,175.87158929816246,175.1580464700788,175.6143842078456,61327400
2015-04-27,174.8759307861328,176.29471116892657,174.6850906072183,176.17026119156623,79358100
2015-04-28,175.43177795410156,175.48155793071655,173.68111036857317,174.8509904598969,86863500
2015-04-29,174.70997619628906,175.30734868948554,173.9051659940532,174.54402602905753,125684900
2015-04-30,172.95928955078125,174.52742224365647,172.26233184044423,174.13746218128156,161304900
2015-05-01,174.8343963623047,174.87588389704135,173.63962625911066,173.7391862143041,103399700
2015-05-04,175.3322296142578,175.9130171469318,175.14969458110048,175.25754698417074,70927200
2015-05-05,173.3243865966797,175.4484299868982,173.1833390657276,175.09165227666028,113326200
2015-05-06,172.61082458496094,174.17895746152567,171.54880933841025,173.87197243782254,135060200
2015-05-07,173.2994384765625,173.7225935877157,172.1793510498914,172.51122599256044,88244900
2015-05-08,175.58116149902344,175.7802941151666,174.8842163328538,174.96719142130206,155877300
2015-05-11,174.74317932128906,175.80519468415648,174.66850933332694,175.5396971735505,75708100
2015-05-12,174.22042846679688,174.7597411434483,173.0920357919156,173.91344347223256,119727600
2015-05-13,174.25364685058594,175.24928460026194,174.02133179766892,174.62700942418684,94667900
2015-05-14,176.0706787109375,176.16194623607984,174.99206595749692,175.26586853292397,95934000
2015-05-15,176.26150512695312,176.40255263581574,175.78027751189376,176.26150512695312,76510100
2015-05-18,176.80911254882812,177.0580124734228,176.02919235784495,176.0955698911435,74549700
2015-05-19,176.75103759765625,177.19908280806544,176.46894256012197,176.92528021508664,72114600
2015-05-20,176.6265869140625,177.37331204809766,176.31129677913978,176.85059685814068,76857500
2015-05-21,177.1409454345703,177.3483704292244,176.31953789806212,176.48548802195896,64764600
2015-05-22,176.7178192138672,177.17414411579225,176.6514416902629,176.75929408842902,57433500
2015-05-26,174.81784057617188,176.65148370371313,174.40299045014385,176.228328472623,124308600
2015-05-27,176.47723388671875,176.70954893500715,174.86761343770593,175.2741711023209,93214000
2015-05-28,176.2781219482422,176.38597437256442,175.5894692165826,176.17025686369877,74974600
2015-05-29,175.18287658691406,176.25318413307215,174.91737914129027,176.21170925672558,124919600
2015-06-01,175.5396728515625,176.17853287368334,174.75144755376922,175.84665786635355,93338800
2015-06-02,175.36546325683594,176.05411605389597,174.46109293042386,175.08336818147808,91531000
2015-06-03,175.8300323486328,176.45230738355588,175.34051235961232,175.8964098715841,87820900
2015-06-04,174.34486389160156,175.78024133719322,174.02957384242922,175.12478391204863,151882800
2015-06-05,174.0461883544922,174.7182433899041,173.3907182052303,174.1955282911533,121704700
2015-06-08,172.97589111328125,174.08769898352278,172.90122113504552,173.93834636683118,89063300
2015-06-09,172.95095825195312,173.49027083493675,172.32039082500262,172.95095825195312,105034700
2015-06-10,175.02525329589844,175.40692095542522,173.65625304064022,173.71432547087372,134551300
2015-06-11,175.58941650390625,175.971071417342,175.23263891764168,175.46495390674622,73876400
2015-06-12,174.24530029296875,175.4649603607381,173.97149776140645,174.76801536778927,135382400
2015-06-15,173.49855041503906,173.7806453487977,172.40334044602406,173.1085904406367,124384200
2015-06-16,174.4444122314453,174.52738728945883,173.17497233718007,173.34920223470553,85308200
2015-06-17,174.7265625,175.33225276281615,173.70603479640596,174.7265625,126708600
2015-06-18,176.54356384277344,177.0081938141268,174.7597139184238,175.32390383786228,165867900
2015-06-19,175.75987243652344,176.37684161534378,175.38469380583308,176.3018084335659,130478700
2015-06-22,176.6603240966797,177.24393676409846,176.45189009247287,176.6770023791208,70696000
2015-06-23,176.7853240966797,177.1188260321435,176.39347999543156,176.86870276099515,68476800
2015-06-24,175.5013885498047,176.89372583021103,175.47637749317096,176.51854725890612,92307300
2015-06-25,174.9678497314453,176.1267423437939,174.89281653941904,176.00168702375012,97107400
2015-06-26,174.9344940185547,175.56812880012623,174.38422520408892,175.32633823537532,104174800
2015-06-29,171.26600646972656,174.9427844001069,171.19097330097563,173.45873569419442,202621300
2015-06-30,171.62454223632812,172.8501350423014,171.14930666095873,172.80010020136746,182925100
2015-07-01,173.0001983642578,173.44207737125143,172.21648458678231,173.19195405817197,135979900
2015-07-02,172.841796875,173.6421889804988,172.4249289021321,173.4754443357118,104373700
2015-07-06,172.3499298095703,173.1252982860013,171.3577818024183,171.5578830488215,117975400
2015-07-07,173.43373107910156,173.55878636499753,170.17382092755489,172.5499731339721,173820200
2015-07-08,170.52403259277344,172.38326041458043,170.29058751747044,172.09979321197,164020100
2015-07-09,170.8324737548828,172.8751368028293,170.72409674318993,172.61666799820853,144113100
2015-07-10,172.98358154296875,173.40044963894204,170.8742299950883,172.82516963101017,129456900
2015-07-13,174.89276123046875,175.00113823296545,174.20075899419595,174.24244832829405,106069400
2015-07-14,175.65150451660156,175.9599955052407,174.79275740475703,174.85112503459231,81709600
2015-07-15,175.59317016601562,176.15177185705397,175.1179344564702,175.69321443252878,97914100
2015-07-16,177.00216674804688,177.00216674804688,176.40187577162789,176.6436536296121,106683300
2015-07-17,177.15220642089844,177.21057404232326,176.58527209631774,176.99379455908894,89030000
2015-07-20,177.24391174316406,177.73581287041966,176.92710075231818,177.37731254025718,70446800
2015-07-21,176.5435791015625,177.3689822330543,176.24343366482006,177.1105134144091,77965000
2015-07-22,176.2267608642578,176.56026287200874,175.82657117675748,175.8599150166322,88667900
2015-07-23,175.2346649169922,176.4602581243097,174.87616446460365,176.36021385328118,90509100
2015-07-24,173.4170684814453,175.3930185080703,173.08357920770112,175.3346636099752,117755000
2015-07-27,172.40829467773438,173.0419423003663,171.96641553132218,172.53336273463475,132361100
2015-07-28,174.5259246826172,174.66765824861352,172.41657402795545,173.24196436651047,123544800
2015-07-29,175.72654724121094,175.95164681042806,174.50928703541234,174.65102063440906,105791300
2015-07-30,175.7682342529297,175.9349789129583,174.6009961891253,175.21796542521344,91304400
2015-07-31,175.5013885498047,176.29343502740363,175.21792142675645,176.2684239707699,103266900
2015-08-03,174.90948486328125,175.52645413611395,173.95902625052986,175.46809922643948,113965700
2015-08-04,174.56764221191406,175.29298843792213,174.08407382064158,174.8344311081119,81820800
2015-08-05,175.1429443359375,176.17676893261617,174.85946440032282,175.4597553953376,85786800
2015-08-06,173.7089080810547,175.43473505916185,173.12528267877659,175.32634530357268,116030800
2015-08-07,173.37538146972656,173.7005379686232,172.4749451523665,173.55047160996344,117858000
2015-08-10,175.55979919433594,175.64316516294912,174.4842726082692,174.4842726082692,80270700
2015-08-11,173.97567749023438,174.64266878819345,173.21697472978343,174.22580081719414,126081400
2015-08-12,174.18409729003906,174.36752020008473,171.21599961373644,172.6750373934088,172123700
2015-08-13,173.9673614501953,174.7093860011013,173.4254254026694,174.0257163564138,89383300
2015-08-14,174.6009979248047,174.67603111429312,173.63386107650172,173.7755946750251,72786500
2015-08-17,175.57647705078125,175.57647705078125,173.55050449419164,174.00906187998444,79072600
2015-08-18,175.06787109375,175.6514837139726,174.83442604566096,175.30131614183904,71692700
2015-08-19,173.6838836669922,175.09288677233275,172.87515875699717,174.3258512052676,172946000
2015-08-20,170.05714416503906,173.65887730749114,169.99877653472075,172.1748281472573,194327900
2015-08-21,164.93795776367188,170.03208410082271,164.67950169657928,168.18952235257711,346588500
2015-08-24,157.99301147460938,164.6462228548121,152.07347930689147,156.31720627575748,507244300
2015-08-25,156.13377380371094,162.953729466756,155.8419610598146,162.937051181498,369833100
2015-08-26,162.1283721923828,162.40349398586034,157.05090827840053,160.14407565768153,339257000
2015-08-27,166.13856506347656,166.26362036631141,162.75359916753715,164.2626591901485,274143900
2015-08-28,166.1469268798828,166.6138170544639,165.01304528941307,165.49661374788724,160414400
2015-08-31,164.80458068847656,166.02184075075263,164.25431191833255,165.17142653523922,163298800
2015-09-01,159.88555908203125,162.3867671258326,159.0184665026377,161.01109506866067,256000400
2015-09-02,162.9203643798828,162.96205372669115,160.42748901365306,162.26170577699753,160269300
2015-09-03,163.03707885742188,165.12141887676555,162.54517766608922,163.62902429870644,152087800
2015-09-04,160.56918334960938,161.62803143495745,159.7521257835405,160.78596281128029,207081000
2015-09-08,164.60447692871094,164.75455600996594,162.7202383253575,163.36221854722507,116025700
2015-09-09,162.40345764160156,166.30534940483957,162.03662442512285,166.18029407215408,149347700
2015-09-10,163.2872314453125,164.4294459094821,161.95324850532432,162.21170467851854,158611100
2015-09-11,164.02923583984375,164.09593625077846,162.18667356295515,162.89535429755907,119691200
2015-09-14,163.4205780029297,164.25431394794666,162.93700962820373,164.2042918267338,79452000
2015-09-15,165.46324157714844,165.90512061114862,163.37890171043026,163.92082498705662,113806200
2015-09-16,166.89727783203125,167.08904628489455,165.42157417041264,165.76340900711406,99581600
2015-09-17,166.52206420898438,169.15667265027344,166.14688560631092,166.76385473905836,276046600
2015-09-18,163.80088806152344,166.50785238419843,163.3902416722408,164.0187945909634,223657500
2015-09-21,164.6472930908203,165.66972706910326,163.59970523919577,164.6305281045718,105726200
2015-09-22,162.51026916503906,162.97121054142366,161.37886876736252,162.48512807068556,153890900
2015-09-23,162.25047302246094,163.14720191333413,161.67220226329084,162.67788442413593,92790600
2015-09-24,161.66378784179688,162.12472915587193,159.70270601966715,161.03523499204192,159378800
2015-09-25,161.6218719482422,163.42371808373352,160.75027162388326,163.12201224652293,155054800
2015-09-28,157.56561279296875,160.83409505669493,157.25553083417196,160.72514181152218,178515900
2015-09-29,157.65782165527344,159.01550458938314,156.6605156934075,157.78353990565944,159045600
2015-09-30,160.59947204589844,160.7670836071366,158.7640953986758,159.54349491300738,163452000
2015-10-01,161.0184783935547,161.32018426471683,159.08253771523917,160.9765723137938,131079000
2015-10-02,163.4237518310547,163.44889292368572,158.49589306831552,159.04064658051715,211003300
2015-10-05,166.33184814453125,166.5581307533342,164.5383778401069,164.647331093964,126320800
2015-10-06,165.761962890625,166.75926885770076,165.09989280505525,166.19776314261216,110274500
2015-10-07,167.11962890625,167.4716169552266,165.50214631315984,166.69220479911124,124307300
2015-10-08,168.62814331054688,168.91308416476795,166.4323902644095,166.73409610650796,153055200
2015-10-09,168.7287139892578,169.20640746419622,168.10016119364352,168.7706200665533,107069200
2015-10-12,168.8879852294922,169.08911398246477,168.37676166911677,168.80417305712558,56395600
2015-10-13,167.8236083984375,169.4243260345395,167.6559968652406,168.1588314648313,88038700
2015-10-14,167.01904296875,168.34319572404036,166.72572600400844,167.76492510688843,99106200
2015-10-15,169.58355712890625,169.59193322957273,167.3123806301731,167.68113366653773,134142200
2015-10-16,170.35458374023438,170.37133594189658,169.22318351896553,169.9858306966226,114580100
2015-10-19,170.4384307861328,170.4384307861328,169.39923132303,169.70931338373728,76523900
2015-10-20,170.22044372558594,170.83223140854628,169.75112644616777,170.00255007098087,78448500
2015-10-21,169.16452026367188,170.79036614497844,168.9968959484565,170.6395196068124,102038000
2015-10-22,172.02230834960938,172.23182592847675,169.16449829269143,170.111509053374,174911700
2015-10-23,173.90797424316406,174.2767272443333,172.8939162778874,173.69008055517259,144442300
2015-10-26,173.4805450439453,173.7906269501931,173.11179208087373,173.73196868130663,69033000
2015-10-27,173.1453094482422,173.48053241502902,172.4664618404037,172.8100736935189,77905800
2015-10-28,175.1148223876953,175.13996347879436,172.81851748104603,173.480587526555,135906700
2015-10-29,175.01426696777344,175.38302003999266,174.49466734125065,174.61199670168938,90525500
2015-10-30,174.2599334716797,175.52542767919257,174.10071087287469,175.20695690570935,131076900
2015-11-02,176.32164001464844,176.51439263594077,174.46112260790636,174.5868408471371,86270800
2015-11-03,176.8328399658203,177.38596945377594,175.74334597716359,175.96962854731606,95246100
2015-11-04,176.29647827148438,177.2518779531897,175.76011376224523,177.1261725166253,96224500
2015-11-05,176.1204833984375,176.81608334110962,175.23213085100582,176.35514207934628,78408700
2015-11-06,176.02835083007812,176.26302237316085,174.70421047805144,175.7769398695307,110471500
2015-11-09,174.38568115234375,175.56736342301136,173.43865755824206,175.41650410925396,131008700
2015-11-10,174.78793334960938,174.8214633216322,173.6397811726082,173.90795700910348,75874600
2015-11-11,174.10076904296875,175.10645107827153,174.03372186888976,175.05616889469752,67846000
2015-11-12,171.67037963867188,173.53089740458597,171.65362743389252,173.06157991191262,121315200
2015-11-13,169.7427978515625,171.5278921550629,169.65899847215078,171.2597162378276,153577100
2015-11-16,172.3240203857422,172.38269144815004,169.44105635054686,169.55839847536257,117645200
2015-11-17,172.1983642578125,173.51412842756272,171.7039056813815,172.63416454297757,121123700
2015-11-18,174.93043518066406,175.07290561750696,172.63413041421526,172.67602370486216,121342500
2015-11-19,174.77960205078125,175.1986372929131,174.48627226611268,174.8131192434579,88220500
2015-11-20,175.41651916503906,176.09535416536397,175.03939003018522,175.53384851339226,94011500
2015-11-23,175.2154083251953,175.97804277333833,174.75446698536746,175.47520813820526,64931200
2015-11-24,175.45005798339844,175.85232822831483,173.82419922577145,174.20970448066703,98874400
2015-11-25,175.42489624023438,175.77688426159057,175.16508368329,175.57574276884174,51980100
2015-11-27,175.62608337402344,175.82722493369,175.03943647659173,175.51713009737782,37317800
2015-11-30,174.89695739746094,175.90263957043769,174.7880041261747,175.78531019672278,112822700
2015-12-01,176.564697265625,176.68203941900245,175.24893315237756,175.52549796832068,97858400
2015-12-02,174.76283264160156,176.8328677084274,174.51140894509155,176.51439684031868,108441300
2015-12-03,172.315673828125,175.28243773375337,171.59493269576072,175.0142618268885,166224200
2015-12-04,175.67630004882812,175.9696297821189,172.31564259922158,172.31564259922158,192913900
2015-12-07,174.61196899414062,175.7684974241062,173.6481803832403,175.34946223361192,102027100
2015-12-08,173.4386444091797,174.56165553159656,172.45810370188096,173.0531392360218,103372400
2015-12-09,172.08937072753906,174.88852275963552,171.1172060065192,172.80173567385899,162401500
2015-12-10,172.53355407714844,173.8409418923696,171.92176624832106,172.15642494397923,116128900
2015-12-11,169.18963623046875,171.08367050452372,168.87954152371802,170.42160059431686,211173300
2015-12-14,170.04452514648438,170.17024341333217,167.57221935379252,169.34893777928676,182385200
2015-12-15,171.82962036132812,172.7347381768895,170.0193847302054,171.55305551868912,154069600
2015-12-16,174.3438262939453,174.64553222215346,171.63686183037441,172.9526260256554,197017000
2015-12-17,171.68710327148438,174.72091403822824,171.6703382828012,174.65386687143496,173092500
2015-12-18,168.62847900390625,171.08176821443183,168.4682959121305,170.9468886997138,251393500
2015-12-21,170.01951599121094,170.19656384250655,168.6874827238922,169.8003255285047,99094300
2015-12-22,171.56234741210938,171.85742293411286,169.9183864593483,170.90476303100496,111026200
2015-12-23,173.68685913085938,173.7290146149224,172.47285322851093,172.56559014783053,110987200
2015-12-24,173.4002227783203,173.94821838482557,173.18103225414737,173.43395231376144,48539600
2015-12-28,173.00393676757812,173.04607937608148,171.93324951228385,172.70886132378988,65899900
2015-12-29,174.85023498535156,175.17902711134462,174.06619717107773,174.09991383300613,92640700
2015-12-30,173.61097717285156,174.6901035548786,173.46765881575018,174.60579258526704,63317700
2015-12-31,171.87428283691406,173.57726411896667,171.87428283691406,172.9365444743356,114877900
2016-01-04,169.47157287597656,169.4799988274123,167.42293464087555,169.02475303297206,222353500
2016-01-05,169.7581787109375,170.21342442255937,168.65377466351708,169.7918953745946,110845800
2016-01-06,167.61683654785156,168.66222047693086,166.58830452056264,167.2121593520333,152112600
2016-01-07,163.59544372558594,166.45341046435007,163.2076312994672,164.67455717559412,213436100
2016-01-08,161.79971313476562,165.11293824156806,161.51307646082637,164.55651679400643,209817200
2016-01-11,161.9598846435547,163.05586269586863,160.02928734368356,162.7186317529785,187941300
2016-01-12,163.2666015625,164.01692260449545,161.14209198020376,163.4014939184649,172330500
2016-01-13,159.19464111328125,164.27827974207577,158.81526759221558,163.93262288028626,221168900
2016-01-14,161.8081512451172,162.92942017466441,158.20830205788596,159.80168151270632,240795600
2016-01-15,158.3347625732422,159.13566531111854,156.40416490555924,157.4579876827775,324846400
2016-01-19,158.54551696777344,160.27378878445893,156.9774282612069,160.14733520491595,195244400
2016-01-20,156.5137939453125,158.0734572019925,152.6104421230259,155.9911018299942,286547800
2016-01-21,157.3905487060547,159.2284095391439,155.66227669927426,156.98588434296087,195772900
2016-01-22,160.61949157714844,160.8218173621808,159.23687630187553,159.9956237238477,168319600
2016-01-25,158.1914520263672,160.30752363639772,157.9975522277229,160.11362383775347,130371700
2016-01-26,160.34967041015625,160.62788116564204,158.51180967058326,158.84902781199466,141036800
2016-01-27,158.60450744628906,161.49619024417947,157.70242920136823,159.82693898727493,185681700
2016-01-28,159.43067932128906,160.3496093411016,157.78671899592658,160.14728367892937,143798800
2016-01-29,163.31724548339844,163.45213789098824,160.07990488553142,160.19793252616049,210529300
2016-02-01,163.25820922851562,164.04226001473677,161.73227600136582,162.31398819603547,136061600
2016-02-02,160.3159637451172,161.84189715589827,159.7932588700517,161.83347120425384,182564900
2016-02-03,161.2770233154297,161.68168761708515,157.7361817318406,161.3697602245639,205054900
2016-02-04,161.52992248535156,162.49943406698162,160.1473078410555,160.77960135882586,139531800
2016-02-05,158.45281982421875,161.58899802448906,157.82052603971346,161.01572450128157,180788300
2016-02-08,156.31983947753906,156.90997760538158,154.11103125730858,156.61491497348354,191526700
2016-02-09,156.32830810546875,157.60133448311433,154.4482915335103,154.58318396071311,184513100
2016-02-10,156.19337463378906,158.7815562592034,156.0669082029163,157.15446033381306,148214100
2016-02-11,154.16162109375,155.20701788010714,152.66940449594475,153.72322723314252,219058900
2016-02-12,157.33995056152344,157.3568024628288,155.08898678876355,155.9320449597169,127632400
2016-02-16,159.99560546875,160.02089618899345,158.18303524304264,159.14412120444007,120250700
2016-02-17,162.60910034179688,162.98004807787112,161.03257246348142,161.15903893571564,136009500
2016-02-18,161.9430694580078,162.93788496403232,161.63114199637977,162.87886470694102,102343000
2016-02-19,161.86717224121094,162.01891654044448,160.56042947582927,161.16743240085756,114793000
2016-02-22,164.21087646484375,164.3541948162909,163.37624420918957,163.44369040940836,103640300
2016-02-23,162.13694763183594,163.82306391154782,162.01890714277164,163.55327913205167,111455300
2016-02-24,162.87881469726562,163.1570254008844,159.60775817044836,160.71216217133053,150812200
2016-02-25,164.8515625,164.86000131333842,162.5668824290666,163.3256295149316,110728300
2016-02-26,164.47219848632812,165.81265775224122,164.31201539215382,165.71993371250397,129833700
2016-02-29,163.1823272705078,165.43329090200194,162.9884275052904,164.48906992628648,125918100
2016-03-01,167.01824951171875,167.1025604717824,163.93265361565753,164.40476411830258,141799700
2016-03-02,167.7686004638672,167.81918190324672,166.29324844973772,166.7063516447515,102415000
2016-03-03,168.42617797851562,168.44304274563157,167.0182722294656,167.5915456709263,95172200
2016-03-04,168.9741668701172,169.7497918171889,167.79389040987522,168.6200839320446,129293600
2016-03-07,169.10906982421875,169.51374709070924,167.97937473271065,168.05524689615908,100219000
2016-03-08,167.26275634765625,168.54420852554634,167.1025860814623,168.038381279782,123974900
2016-03-09,168.08897399902344,168.43461813774294,167.2880582940595,168.07210923048493,94801200
2016-03-10,168.22381591796875,169.5137067095646,166.40282010875242,168.57791165780847,156838700
2016-03-11,170.93846130371094,170.98061678289588,168.20696120355464,169.67387411243973,137964500
2016-03-14,170.71925354003906,171.17449922263276,170.1038247711853,170.43261689307099,73612000
2016-03-15,170.44107055664062,170.74457201573492,169.49684951236813,169.75819548969022,93169100
2016-03-16,171.42745971679688,171.83213693477836,169.9183911248905,169.96054660976955,129303200
2016-03-17,172.5150146484375,173.02084188245536,170.94692578129084,171.34316418983127,134278500
2016-03-18,173.1929168701172,173.53187424367286,172.701419627185,173.01495584424373,138372400
2016-03-21,173.4386749267578,173.66747828660118,172.70143545996896,172.9302388198123,72926700
2016-03-22,173.34547424316406,173.91323505526816,172.50655007068661,172.66754644663476,97471900
2016-03-23,172.20143127441406,173.15052214507975,172.0319396786009,172.96409173399994,81052500
2016-03-24,172.1251983642578,172.15910186414206,170.95578622618342,171.17610725384458,84360900
2016-03-28,172.2268524169922,172.75224015887895,171.7777281349806,172.54038859451902,62408200
2016-03-29,173.82003784179688,173.9302048376433,171.51509085287833,171.82015774642338,92922900
2016-03-30,174.5826873779297,175.30297513077699,174.21829586616255,174.8199601589143,86365300
2016-03-31,174.15896606445312,174.91315723940892,173.99795678040715,174.4894540415597,94584100
2016-04-01,175.34532165527344,175.5317520880499,172.85394489943778,173.16749404386812,114423500
2016-04-04,174.77755737304688,175.47243677743458,174.47249057387086,175.2690546011857,63497000
2016-04-05,173.0318603515625,174.78598432292125,172.77763592560564,173.43861167485866,99662200
2016-04-06,174.921630859375,174.98095551509184,172.8539571352317,173.03191817198646,91839800
2016-04-07,172.8285369873047,174.1928618424129,172.09976694798488,173.83695269721892,113859000
2016-04-08,173.29466247558594,174.43866664208335,172.76079214050054,174.0064809687668,95040600
2016-04-11,172.88784790039062,174.62503351153455,172.79463268426892,173.93015409491906,83757500
2016-04-12,174.49790954589844,174.7775551858431,172.61666646292107,173.05732137408188,115350600
2016-04-13,176.2605438232422,176.3452896414696,175.27754922554817,175.41313736255353,96336400
2016-04-14,176.2689666748047,176.76894618165218,175.9215399447898,176.31982191054655,65212900
2016-04-15,176.0740966796875,176.40458465081758,175.7520781174189,176.26899652666287,75761600
2016-04-18,177.3113250732422,177.3452156408778,175.4131300257505,176.07410600301003,82531000
2016-04-19,177.87057495117188,178.12479942403957,177.0570721544678,177.73499977198375,88316100
2016-04-20,178.04010009765625,178.7349666619935,177.43843582952366,177.9129813720752,81100300
2016-04-21,177.0824737548828,178.16715265097818,176.81129756566278,178.0569857078085,85695000
2016-04-22,177.0824737548828,177.35363701371045,176.18422525627813,176.7265647043258,99251700
2016-04-25,176.7774658203125,176.81983873027448,175.87073468263387,176.48086838097544,66166500
2016-04-26,177.0401153564453,177.54856428767246,176.56556991684315,177.14179997053336,75864200
2016-04-27,177.40455627441406,177.79435602411078,176.30292523630249,176.6588344153114,77329400
2016-04-28,175.79443359375,177.751940069478,175.37921278398585,176.65032222852545,97216200
2016-04-29,174.8453369140625,175.52326451487454,173.7437061790421,175.17582484152928,142424100
2016-05-02,176.2350616455078,176.41300969961898,174.9131100933998,175.34528258377605,62188000
2016-05-03,174.7012939453125,175.24363348503738,173.95557222929278,175.0063607445574,106422100
2016-05-04,173.72674560546875,174.43857666186707,173.22677903580248,173.70980679084445,92243800
2016-05-05,173.69287109375,174.54874680549554,173.26916794192456,174.19283770960945,67619200
2016-05-06,174.32839965820312,174.37077255310513,172.7691753967892,172.9217023019659,89315000
2016-05-09,174.4724884033203,174.90466097577874,174.0233640837867,174.20132510208984,74374900
2016-05-10,176.64186096191406,176.65881271037375,175.1080574513968,175.1758515148401,77472200
2016-05-11,174.98939514160156,176.7180982468476,174.98939514160156,176.18424108823578,81727000
2016-05-12,175.040283203125,175.82837796577218,174.03186740714267,175.65888632277918,89586300
2016-05-13,173.51495361328125,175.29451246957413,173.1929479297748,174.74370340616778,96474600
2016-05-16,175.22666931152344,175.70121475883096,173.62507196166376,173.68439660777403,77486800
2016-05-17,173.5911865234375,175.2436262299386,173.06578582235952,174.95551118991153,114924900
2016-05-18,173.64202880859375,174.81992305361686,172.557349774201,173.24374681139082,120062100
2016-05-19,173.04037475585938,173.32848981268344,171.83705928583413,172.9217383836145,115430500
2016-05-20,174.133544921875,174.65046334051098,173.59967475481287,173.65051706969587,104990400
2016-05-23,173.89622497558594,174.4300820673808,173.70979458467602,174.1504364810159,58682600
2016-05-24,176.150390625,176.4639398326518,174.68438095384093,174.70980211521845,93537800
2016-05-25,177.34519958496094,177.76043335068047,176.1503535302454,176.82828119514468,76621400
2016-05-26,177.39601135253906,177.70956044017424,177.08247519529638,177.48075714495775,55280700
2016-05-27,178.15872192382812,178.16719133268288,177.5062153909457,177.55705770486466,64211200
2016-05-31,177.81976318359375,178.54006382536642,177.2604718333041,178.42989685111044,109879400
2016-06-01,178.1841583251953,178.36210643913597,177.0147332834286,177.2096331469243,69936200
2016-06-02,178.72650146484375,178.7434402843368,177.31133421338203,177.7858797671181,63044700
2016-06-03,178.1925506591797,178.53999025759606,176.98923556918243,178.167129511041,101757100
2016-06-06,179.0993194580078,179.45522853801452,178.38748836760095,178.548497626974,64887000
2016-06-07,179.37896728515625,179.93825857110662,179.22644035102138,179.25186150671053,60974800
2016-06-08,179.96371459960938,180.09083333308234,179.38748438513582,179.51459018821174,66170900
2016-06-09,179.7179412841797,179.8365776566402,178.96375014559598,179.23491345533657,73786900
2016-06-10,178.01466369628906,178.68410904426875,177.4723112022157,178.34515166586806,113829200
2016-06-13,176.64186096191406,178.26887969336636,176.55712808040656,177.41300388688646,117751200
2016-06-14,176.29441833496094,176.8876131477305,175.34532732316208,176.26052776899468,125059300
2016-06-15,176.0487060546875,177.41303108091927,175.8622755842411,176.29444825824095,109124500
2016-06-16,176.5740509033203,176.74354251177266,174.21826236624872,176.04866312222205,149533100
2016-06-17,175.91650390625,176.49573076917162,175.26060396047285,176.47017740743334,117055700
2016-06-20,177.04940795898438,178.54859475858052,176.96422142590865,177.8756679387866,82789600
2016-06-21,177.5519561767578,177.96082289803414,176.98975631147866,177.43270284148394,72461700
2016-06-22,177.26231384277344,178.45484700076446,177.11749417578338,177.73080065636066,95560500
2016-06-23,179.57073974609375,179.62184645879435,178.2589531287725,178.71892654071584,102731400
2016-06-24,173.1225128173828,179.60481154104718,172.67956633100692,173.45471943275535,333444400
2016-06-27,170.0218963623047,171.7255225262651,169.21266353631458,171.71699607695817,230775800
2016-06-28,173.08839416503906,173.1139475145144,171.3166216148195,171.62327480615815,159382400
2016-06-29,176.0357208251953,176.26570103323945,174.38320112073447,174.48541454653184,137328600
2016-06-30,178.4378204345703,178.4889271454984,175.9505275208487,176.504213883724,165021900
2016-07-01,178.8126678466797,179.29820772484638,178.27602124399883,178.4378678700544,106055300
2016-07-05,177.5263671875,178.0970803915935,176.930100630808,177.9863405319092,109803700
2016-07-06,178.5911407470703,178.71039406322262,176.37642144980018,177.0323211874561,96021500
2016-07-07,178.4804229736328,179.43444962093204,177.71379627457281,178.77003634904318,85593800
2016-07-08,181.1380615234375,181.38509461612574,179.5451750888838,179.77516827919834,133971000
2016-07-11,181.7769775390625,182.34770396496492,181.393664101889,181.5981040006141,73633900
2016-07-12,183.09727478027344,183.39541464824282,181.80251486451039,182.73951473729417,101275600
2016-07-13,183.07168579101562,183.52314573341144,182.58615904062134,183.5146322808212,87324100
2016-07-14,184.0938720703125,184.56237194878827,183.70204526114256,184.33237873614772,91230900
2016-07-15,183.8468780517578,184.85201157224094,183.40393146762003,184.6560981398424,107155400
2016-07-18,184.3409423828125,184.50278900963733,183.7105957829792,183.96614240440573,58725900
2016-07-19,184.15350341796875,184.18757022804962,183.6764900910065,183.92351020759827,54345700
2016-07-20,184.92013549804688,185.15864216846145,184.15350877137692,184.15350877137692,58159500
2016-07-21,184.22166442871094,185.03088445714766,183.77871787722287,184.8094176802233,67777300
2016-07-22,185.04788208007812,185.09898878633393,184.07681566830865,184.3408756490546,62787500
2016-07-25,184.5453338623047,184.89458041130248,183.96610709603976,184.84347369635424,55873100
2016-07-26,184.63050842285156,184.98826840194747,183.78720868792976,184.44310848175783,70080500
2016-07-27,184.4345703125,185.07343011762134,183.6679307477728,185.00528351202541,84083900
2016-07-28,184.64755249023438,184.93716586113342,183.77869937989922,184.23867279264252,65035700
2016-07-29,184.9456329345703,185.30339283201792,184.10234638974194,184.38344623722966,79519400
2016-08-01,184.79232788085938,185.39710787663188,184.3408679974903,185.00528114651027,73311400
2016-08-02,183.6083526611328,184.698672605218,182.7735792971761,184.54533945808532,92295500
2016-08-03,184.14498901367188,184.20462218226243,183.25059546592718,183.54872231596235,53993600
2016-08-04,184.3409423828125,184.6561091839086,182.5010223057108,184.2557558431233,46585500
2016-08-05,185.84860229492188,185.89119555549402,184.34090225224605,184.34090225224605,71892200
2016-08-08,185.73788452148438,186.13823779474342,185.4738244896835,186.03601136483033,39906500
2016-08-09,185.84860229492188,186.34265552275468,185.52492210937768,185.806022031988,51251700
2016-08-10,185.38861083984375,186.0359841455934,185.03936433382066,185.95932408260404,57941100
2016-08-11,186.24893188476562,186.49596496611446,185.65266530542866,185.91672529073242,72504300
2016-08-12,186.0871124267578,186.3000657210769,185.6867591936269,185.94229274869974,61313500
2016-08-15,186.623779296875,186.97302588150868,186.44490577630455,186.45341923045174,49813500
2016-08-16,185.6611785888672,186.2744720286673,185.6611785888672,186.20633842240616,53213600
2016-08-17,186.01043701171875,186.14673023779346,184.86049703551163,185.69527029935375,75134300
2016-08-18,186.42784118652344,186.46190799624154,185.87416779454654,185.984894674359,52989300
2016-08-19,186.1552276611328,186.33411412965725,185.47378758471052,185.95931428904322,75443000
2016-08-22,186.14678955078125,186.3767828183617,185.5505227437594,185.91679628320082,61368800
2016-08-23,186.52154541015625,187.0581919083206,186.4619122447431,186.76005207653185,53399200
2016-08-24,185.56753540039062,186.47045543237448,185.15014219795066,186.37675544805694,71728900
2016-08-25,185.43972778320312,185.85712092302123,185.03086109372353,185.18418122816422,69224800
2016-08-26,185.09048461914062,186.64930433578445,184.20460460957435,185.627131094704,122506300
2016-08-29,186.0019073486328,186.26596732761564,185.1841610610908,185.21824086345805,70502200
2016-08-30,185.69528198242188,186.1978486628494,185.14160858841032,185.91674874049886,58114500
2016-08-31,185.1671905517578,185.48235733264187,184.39203728227727,185.3631039833095,85269500
2016-09-01,185.1756591796875,185.46527252972356,184.0171927819061,185.15861927743916,97844200
2016-09-02,186.01043701171875,186.43634359497415,185.43972374987302,186.02747691438745,79293900
2016-09-06,186.57266235351562,186.64932242955953,185.57604237202705,186.29156241038206,56702100
2016-09-07,186.55560302734375,186.73448951712933,185.95082293799388,186.41079634401157,76554900
2016-09-08,186.12974548339844,186.49603201229638,185.82309213269093,186.22344547938243,74102900
2016-09-09,181.67471313476562,184.8690125447181,181.649159779297,184.81790583378086,221589100
2016-09-12,184.28126525878906,184.68161850409962,180.8484590897426,180.91660570571437,168110900
2016-09-13,181.63214111328125,183.26762104268442,181.01032106144442,183.00356100687588,182828800
2016-09-14,181.56399536132812,182.88430854433517,181.01032192860217,181.68324870057552,134185500
2016-09-15,183.37832641601562,183.76163971836084,181.22324027418756,181.40212674735488,134427900
2016-09-16,182.66946411132812,182.94342749776695,181.9845817718176,182.76363739250482,155236400
2016-09-19,182.70372009277344,183.9622116674637,182.37839183003095,183.32012466255208,80250500
2016-09-20,182.71226501464844,183.71391911147663,182.6780261243973,183.5598245104074,69665300
2016-09-21,184.76699829101562,184.94677537147538,182.72943762383147,183.4143331732737,110284400
2016-09-22,185.93124389648438,186.23088968519738,185.52888144386645,185.77714930568925,76678700
2016-09-23,184.9125213623047,185.67446416968156,184.81834806866058,185.53748245832742,73630900
2016-09-26,183.414306640625,184.2618531667787,183.21739054421255,184.08207611232544,89827300
2016-09-27,184.55296325683594,184.6471234918225,182.8835263269881,183.2516630614715,78494800
2016-09-28,185.46897888183594,185.62308656236328,183.8166811905737,184.77552697769812,87411000
2016-09-29,183.7909393310547,185.665835080894,183.24302572472047,185.2634595974449,128070600
2016-09-30,185.1779022216797,185.87991058216204,184.37315105327025,184.62141895723138,117202900
2016-10-03,184.73269653320312,184.95528197487212,184.09916603466326,184.7669484862553,83512100
2016-10-04,183.7909393310547,185.06655661510516,183.20023038403548,184.8439712030381,119948100
2016-10-05,184.6043701171875,185.03242828612719,184.34753260316396,184.41602347779013,72816000
2016-10-06,184.73269653320312,184.95528197487212,183.84234170323464,184.3816858625273,62927400
2016-10-07,184.0992431640625,185.17795806116646,183.37155214799031,185.00673741404938,89788300
2016-10-10,185.05799865722656,185.520295451856,184.91246053552302,185.05799865722656,51855000
2016-10-11,182.7208709716797,184.69851033087284,181.99318005289527,184.6300194685232,130367400
2016-10-12,182.96058654785156,183.48281791726936,182.36129479750986,182.85784372771823,73866100
2016-10-13,182.3612060546875,182.85775474325933,180.82020819883826,181.63351552571186,101357000
2016-10-14,182.45542907714844,183.79953740371388,182.3783817759969,183.33722747021903,93346200
2016-10-17,181.8218994140625,182.6865717721407,181.6421093268266,182.42973438892884,58275700
2016-10-18,182.96058654785156,183.4742483953358,182.58389335505242,183.414327058279,76869700
2016-10-19,183.44854736328125,183.75674966585316,182.8663947158089,183.22596189159376,66519200
2016-10-20,183.1061248779297,183.66259514566121,182.44691178997869,183.09755535598893,73639800
2016-10-21,183.19171142578125,183.27732825736294,182.14724878429806,183.106107657494,89089100
2016-10-24,183.97076416015625,184.3389008279515,183.61975346984508,184.0649374413789,60146600
2016-10-25,183.35435485839844,184.04780670068533,183.19169073474242,183.79096929824388,66542300
2016-10-26,182.98626708984375,183.56841979028252,182.29280204849215,182.53252658412072,75705500
2016-10-27,182.49826049804688,183.73962618296824,182.42121318718085,183.70538728812593,77220200
2016-10-28,181.95889282226562,183.1488935654366,181.24832802261642,182.4725676586778,140623200
2016-10-31,181.96743774414062,182.51535139937488,181.80477363248966,182.2927529041506,61272500
2016-11-01,180.64906311035156,182.34418248355638,179.44194927362747,182.29280454167187,122781800
2016-11-02,179.56173706054688,180.7260551000355,179.12510963118194,180.34079252982156,103330800
2016-11-03,178.73992919921875,179.98986452919675,178.465978823447,179.77583549116116,88939300
2016-11-04,178.54302978515625,179.69022231724475,178.3974916039178,178.85123212874828,109122100
2016-11-07,182.48114013671875,182.51539209591,178.54301394389404,178.54301394389404,109794900
2016-11-08,183.302978515625,183.8680181529656,181.82190164498263,182.08729548768414,106772100
2016-11-09,185.24642944335938,185.86283415876895,181.78771264430597,181.81339508550664,258429000
2016-11-10,185.70867919921875,186.89867990417122,184.2532846271845,186.03400745605103,172113300
2016-11-11,185.2806396484375,185.52035110471618,184.33891980256973,184.98956331771262,100552700
2016-11-14,185.42611694335938,186.00828247699437,184.68130038180362,185.80280998336607,94580000
2016-11-15,186.87298583984375,186.87298583984375,185.60593790974423,185.81139737428916,91652600
2016-11-16,186.5220184326172,186.75317344713747,186.1367687839471,186.25662452049548,65617700
2016-11-17,187.48086547851562,187.54078681133552,186.56481500049895,186.67611427140054,69797200
2016-11-18,187.06134033203125,187.72055328977922,186.88155022962977,187.54933270762592,86265800
2016-11-21,188.4739227294922,188.49960516314167,187.48939460414826,187.63493274925955,72402600
2016-11-22,188.84205627441406,189.0218333070001,188.11435249754751,188.78212188802365,67429000
2016-11-23,188.94479370117188,188.9961585697166,188.13148613486294,188.3283891520488,56620200
2016-11-25,189.64678955078125,189.68102843743884,189.21016210032596,189.28722245606542,37872300
2016-11-28,188.75650024414062,189.61261646285374,188.65377047815005,189.33866606577988,76572500
2016-11-29,189.1245574951172,189.57829785519968,188.4910270568457,188.79067283273022,69886700
2016-11-30,188.67088317871094,189.90369253700135,188.61094877723767,189.74102837676915,113291800
2016-12-01,187.97743225097656,188.97051707232507,187.61785196668092,188.97051707232507,79040500
2016-12-02,188.07156372070312,188.55955612953525,187.71199655470292,188.06300726316525,74840300
2016-12-05,189.20162963867188,189.54407080184095,188.7050808077716,188.90198382342916,67837800
2016-12-06,189.80091857910156,189.8351705352663,188.91056366822536,189.3899865481813,59877400
2016-12-07,192.28366088867188,192.34358221640227,189.5269662940269,189.6468220127813,110738100
2016-12-08,192.75453186035156,193.22539832109896,191.99258906506745,192.2579960253395,99714400
2016-12-09,193.91888427734375,193.93601025981906,192.94291228900482,192.97716425395544,88005800
2016-12-12,193.69625854492188,194.304106695277,193.27675697280102,193.82467072858418,102016100
2016-12-13,194.98902893066406,195.485577914432,194.33838529501833,194.3555112774371,110477500
2016-12-14,193.37953186035156,195.39139709678585,192.94290423688426,194.68938860416048,142501800
2016-12-15,194.1756591796875,195.0317751413727,193.38803406253228,193.6191890299093,124972600
2016-12-16,193.79591369628906,194.691529641135,193.4772879233699,194.63124198664173,156420200
2016-12-19,194.21786499023438,194.63983910113276,193.83034471793016,193.97674068123223,90341100
2016-12-20,194.9670867919922,195.11349590689724,194.51929197797907,194.75179627515462,89838800
2016-12-21,194.424560546875,195.010144436063,194.424560546875,194.8379146533777,67909000
2016-12-22,194.08877563476562,194.39879460795373,193.69263517002176,194.2782324039525,56219100
2016-12-23,194.37289428710938,194.38150117720235,193.94231325723612,194.13175682131336,36697800
2016-12-27,194.8551483154297,195.25127551528226,194.6226308736002,194.6398577945518,42672500
2016-12-28,193.24478149414062,195.13072870792,193.13283934987078,195.1135149259041,64095000
2016-12-29,193.20169067382812,193.66671234975908,192.7624896651442,193.3136327930532,48696100
2016-12-30,192.4955596923828,193.61507303026372,191.80662739674145,193.52895156569957,108998300
2017-01-03,193.96815490722656,194.476237389342,192.79697393302524,193.79591197608372,91366500
2017-01-04,195.1221160888672,195.26851207345445,194.28678777541126,194.29539466616654,78744400
2017-01-05,194.9670867919922,195.12210279706622,194.17481926686474,194.85514465863406,78379000
2017-01-06,195.6646270751953,196.12964878124782,194.53649379847863,195.07903007244784,71559900
2017-01-09,195.018798828125,195.5441082990617,194.98434498134318,195.4063191925194,46939700
2017-01-10,195.018798828125,195.87134100173415,194.63126532343816,195.03601261122344,63771900
2017-01-11,195.56991577148438,195.56991577148438,194.26955260662038,194.93265109478259,74650000
2017-01-12,195.07901000976562,195.2684666846739,193.72699261914352,195.0531762032134,72113200
2017-01-13,195.52684020996094,195.82823903423753,195.2168213556575,195.2512620548958,62717900
2017-01-17,194.83790588378906,195.29432070049256,194.4503856051168,194.8895735022401,61240800
2017-01-18,195.2685089111328,195.31156964479436,194.53651585975967,195.08765908587074,54793300
2017-01-19,194.5451202392578,195.483783712224,194.11453921786523,195.34599463170878,66608800
2017-01-20,195.2598876953125,195.75074323022767,194.59678923838771,195.22543385479455,129168600
2017-01-23,194.75173950195312,195.3201094543852,193.99392603899685,195.25983496019262,75061600
2017-01-24,196.00045776367188,196.41381180496955,194.8551108360682,194.9670529499956,95555300
2017-01-25,197.69696044921875,197.69696044921875,196.78411771999484,196.94774059731128,84437700
2017-01-26,197.4902801513672,197.81752591147847,197.2147020080547,197.55055465753608,59970700
2017-01-27,197.1802978515625,197.71421417781394,196.99944801896262,197.56781818965763,59711100
2017-01-30,195.95741271972656,196.51716275501758,194.97568858040952,196.49132894663734,79737300
2017-01-31,195.94021606445312,196.00050372017813,194.898217258071,195.46657427051073,75880800
2017-02-01,196.01776123046875,196.8530897242382,195.43217716571584,195.94025977606805,79117700
2017-02-02,196.14688110351562,196.43106615293237,195.32877979535274,196.0176989136226,69657600
2017-02-03,197.4989013671875,197.6797511793912,196.74108769868505,197.05110656225563,80563200
2017-02-06,197.1458282470703,197.4903009625108,196.80997556219742,197.09416062482688,57790100
2017-02-07,197.15447998046875,197.77451782767443,196.9650232415841,197.53339345823807,57931200
2017-02-08,197.41278076171875,197.54194980504766,196.61189327221177,197.15442953477168,51566200
2017-02-09,198.58399963378906,198.88539850604153,197.41281856891618,197.41281856891618,65955200
2017-02-10,199.3675994873047,199.5915100054071,198.60116587290565,198.92841162072386,66015900
2017-02-13,200.4526824951172,200.7110337232728,199.8326448036595,199.8584786124461,55182100
2017-02-14,201.25355529785156,201.2621753275736,199.92737160929255,200.27183115065384,71109000
2017-02-15,202.30416870117188,202.49362538606246,200.98659193643488,201.0382595522616,86785800
2017-02-16,202.13194274902344,202.51085612595435,201.38273602482136,202.33000632685946,84722400
2017-02-17,202.4505615234375,202.4505615234375,201.45161049863185,201.4688374170702,77204100
2017-02-21,203.65621948242188,203.8284492656725,202.81227120600053,202.82089123635168,88946100
2017-02-22,203.47543334960938,203.69933082387834,203.08791293094242,203.2515358753404,62115200
2017-02-23,203.61314392089844,204.00927107949298,202.85531716144558,203.99205730062485,74615900
2017-02-24,203.87152099609375,203.91456858901134,202.72617382226116,202.76923455546964,82381600
2017-02-27,204.1901397705078,204.36236955714747,203.535661325161,203.78539254474492,56515400
2017-02-28,203.6389617919922,204.05231583739356,203.2514415531604,203.81119154921876,96961900
2017-03-01,206.4894256591797,206.95446050303505,205.27518407168895,205.29241099116604,149158200
2017-03-02,205.18911743164062,206.3086308998303,205.1374498030044,206.30001086819615,70246000
2017-03-03,205.31825256347656,205.48187545397204,204.72404865179934,205.1029620528857,81974300
2017-03-06,204.70684814453125,205.0599146181717,204.10402416355956,204.52599832218158,55391500
2017-03-07,204.0953826904297,204.7584810729663,203.88869909137853,204.40540151886213,65103700
2017-03-08,203.71653747558594,204.64659427200291,203.57874836345906,204.38824297183825,78168800
2017-03-09,203.974853515625,204.30209931528373,203.01035617805067,203.83706442731702,90683900
2017-03-10,204.6896209716797,204.97380604057082,203.74233740870923,204.93074530765566,81991700
2017-03-13,204.7928924560547,204.83595317556288,204.30203704646416,204.62926960609562,57256800
2017-03-14,204.00927734375,204.3020824172589,203.39785966792678,204.25040165819996,59880800
2017-03-15,205.774658203125,206.1966323155387,204.34512612298658,204.5776435433198,96081800
2017-03-16,205.3699493408203,205.98998715057468,205.04271665366073,205.91248570942832,78344000
2017-03-17,205.00930786132812,205.82232414995448,205.00930786132812,205.6320431803841,89002100
2017-03-20,204.78436279296875,205.29465557467637,204.3951566577249,205.00923422284296,52537000
2017-03-21,202.15509033203125,205.51094003857907,202.02535931655473,205.38985335831487,131809300
2017-03-22,202.63076782226562,202.91618921870486,201.56693403368797,202.18966922638143,97569200
2017-03-23,202.41453552246094,203.54756354767736,202.04263120164606,202.63076264780625,100410300
2017-03-24,202.26748657226562,203.2880721879376,201.4890742619211,202.71724265249742,112504900
2017-03-27,202.05987548828125,202.3193506211948,200.3214145334316,200.5981783304068,87454500
2017-03-28,203.53028869628906,203.95408544436285,201.6447811726046,201.75722350860326,93483900
2017-03-29,203.72055053710938,203.95407953685887,203.01997673531778,203.24486140080134,61950400
2017-03-30,204.36924743652344,204.56818591683856,203.4870501660482,203.66002924668305,56737900
2017-03-31,203.89349365234375,204.55946356162175,203.84158806688953,204.03186895452717,73733100
2017-04-03,203.5389862060547,204.14441971680117,202.31081731355167,203.94549439129747,85546500
2017-04-04,203.6686553955078,203.75515152683073,202.8729411376724,203.25350299956253,56466200
2017-04-05,203.063232421875,205.32064431094852,202.8556496145903,204.34329340648705,108800600
2017-04-06,203.63401794433594,204.15295502034064,202.7604520905961,203.20156378227185,69135800
2017-04-07,203.42642211914062,204.11835137345648,202.9420756003554,203.3831740662235,74412300
2017-04-10,203.5475616455078,204.3432758756478,203.01996693669741,203.56486351066155,67615300
2017-04-11,203.30538940429688,203.4091742008586,201.8177457321159,203.16700087724368,88045300
2017-04-12,202.41453552246094,203.21890729142282,202.1896640631861,203.02862636532242,81864400
2017-04-13,201.0998077392578,202.81233553625322,201.0998077392578,202.07715826201712,92880400
2017-04-17,202.88162231445312,202.88162231445312,201.41992462795403,201.61884991623276,68405400
2017-04-18,202.27613830566406,202.81239052775499,201.59286642580503,202.14640731501228,83225800
2017-04-19,201.90426635742188,203.21027359661804,201.67938167431168,202.83836923217876,68699900
2017-04-20,203.5475616455078,203.98867342346213,202.19830650755497,202.51831842688946,92572200
2017-04-21,202.89886474609375,203.52159986940245,202.5010142602025,203.46970747536926,110389800
2017-04-24,205.13034057617188,205.3379233603899,202.87292893794245,205.13898490980165,119209900
2017-04-25,206.3238983154297,206.6698563911759,205.68386135809914,205.770357475763,76698300
2017-04-26,206.1941680908203,207.17151885724383,206.15093322651757,206.28930854770627,84702500
2017-04-27,206.3671417236328,206.6698517337253,205.83088956162,206.5141745623842,57410300
2017-04-28,205.91741943359375,206.65258374786688,205.7876752387527,206.62663754838997,63532800
2017-05-01,206.43634033203125,206.86015021914145,206.02118797570128,206.43634033203125,66882500
2017-05-02,206.5142364501953,206.6958598711885,206.1077283399328,206.5747731913736,57375700
2017-05-03,206.26339721679688,206.60936857189026,205.588769571187,206.5142280989218,73137700
2017-05-04,206.50552368164062,206.64391219225826,205.6579171496534,206.56607360408137,61462700
2017-05-05,207.31857299804688,207.33587486401794,206.43636259791836,206.87747439671105,62001300
2017-05-08,207.28395080566406,207.50882223911654,206.86014093756975,207.36178939446052,48385700
2017-05-09,207.0937042236328,207.7423856326874,206.74773288699615,207.54346036253196,51363200
2017-05-10,207.4656219482422,207.4656219482422,206.8428866995768,207.05046951495123,54293800
2017-05-11,207.0417938232422,207.20612854417598,205.9606582354735,207.0158476249322,62358300
2017-05-12,206.69589233398438,207.0850986375552,206.42777272924582,206.7910328257426,53912700
2017-05-15,207.83750915527344,207.95859581385963,207.10233167263556,207.11963353742098,61918900
2017-05-16,207.647216796875,208.15750960156078,207.25801064410544,208.13156340453983,51241800
2017-05-17,203.96278381347656,207.6472902661025,203.90223386736722,207.6472902661025,172174100
2017-05-18,204.78436279296875,205.631969318215,203.62537552258183,203.88485067856263,107047700
2017-05-19,206.1162872314453,206.78227029307902,205.21678843962218,205.2686808241087,115011400
2017-05-22,207.16290283203125,207.32723757069516,206.5574694770516,206.62665054837157,61010600
2017-05-23,207.62132263183594,207.78565738578942,207.15426457349884,207.53482648845247,48341700
2017-05-24,208.10565185546875,208.20943666083193,207.5175071643434,207.85483417668863,46927700
2017-05-25,209.10031127929688,209.3770883831444,208.40839491459548,208.61596454502242,64071700
2017-05-26,209.0570831298828,209.2214046934374,208.83219842640756,208.9100370403217,46629900
2017-05-30,208.8754119873047,209.12622965651605,208.58134625168944,208.73702345379505,35201900
2017-05-31,208.8235321044922,209.2040939957279,208.13160259292346,209.1694902615477,91796000
2017-06-01,210.48410034179688,210.50140220439292,208.99645689744077,209.28187824173105,68962000
2017-06-02,211.18472290039062,211.34041330489234,210.24197573118028,210.53604147612447,88666100
2017-06-05,211.02902221679688,211.2971417307393,210.8300837666508,211.01172035211985,44698800
2017-06-06,210.35443115234375,211.02040128717894,210.2765793465217,210.4668602986055,50375400
2017-06-07,210.74359130859375,210.9684627494031,210.02571572770137,210.69169891436508,54144300
2017-06-08,210.84742736816406,211.32312976002748,210.31983256945347,210.83878303284237,65950700
2017-06-09,210.52734375,211.91118918567153,209.26457175746387,211.11547509073324,132256400
2017-06-12,210.48410034179688,210.5359927321307,209.6364938389512,210.2851751130325,86108100
2017-06-13,211.51339721679688,211.565289620332,210.6744348330919,211.02039298829786,60067000
2017-06-14,211.24525451660156,211.79013789146447,210.42358089248344,211.78149355764182,78602300
2017-06-15,210.83877563476562,210.95986231231313,209.61925132681426,209.8960152194408,66464900
2017-06-16,210.88482666015625,211.04996279608503,210.00701378083883,210.99781733459514,84553100
2017-06-19,212.6405029296875,212.70133489147645,211.61492671407285,211.71053116415712,65123800
2017-06-20,211.2063446044922,212.29275231085583,211.1889716296956,212.28406582345752,56906400
2017-06-21,211.1542205810547,211.7104608526788,210.68489823948386,211.59748345778655,55977600
2017-06-22,211.05865478515625,211.6583541315483,210.88483215505542,211.16295897267005,44148100
2017-06-23,211.3107147216797,211.64097374946985,210.73708809083058,211.11950584472999,66986800
2017-06-26,211.4497528076172,212.39711064820162,211.2411709623493,211.97992043403343,56700500
2017-06-27,209.7462615966797,211.5279732492118,209.72887535654044,211.23246021410642,82247700
2017-06-28,211.6235809326172,211.82347628093936,210.52847323786168,210.76314106699724,70042600
2017-06-29,209.7636260986328,211.82345107085214,208.55554113955273,211.77130561765378,106949700
2017-06-30,210.15475463867188,210.94566280210128,209.96354578022047,210.57193157446784,86820700
2017-07-03,210.51107788085938,211.5279540165934,210.51107788085938,211.09339088533196,39153800
2017-07-05,210.99783325195312,211.2064151136477,210.0678615791739,210.8761560786922,54427600
2017-07-06,209.06837463378906,210.3546780937602,208.88585224021858,210.23300091865235,65400800
2017-07-07,210.42420959472656,210.571959502796,209.07706091762392,209.64200107863726,57972300
2017-07-10,210.65013122558594,211.0238624203301,210.119963666866,210.42416316812717,36663300
2017-07-11,210.4936981201172,210.80658411472686,209.3290720753313,210.65013448651465,50354600
2017-07-12,212.07550048828125,212.24063660467954,211.45842825120994,211.45842825120994,59610400
2017-07-13,212.43182373046875,212.5448143799926,211.8581972569354,212.08417855598307,39471600
2017-07-14,213.42262268066406,213.7789675973689,212.3362149554515,212.43181936574274,60262700
2017-07-17,213.39659118652344,213.72686344258008,213.2227685692678,213.3444457275283,33531900
2017-07-18,213.5095672607422,213.56171271617282,212.64912746069257,212.98808618280643,42742500
2017-07-19,214.66549682617188,214.67418331440118,213.81374355439402,213.8224433044374,51034300
2017-07-20,214.76107788085938,215.03919135389674,214.21352416025633,214.91751422285301,47135200
2017-07-21,214.56991577148438,214.59598850082523,213.96151672202305,214.18749805873117,82340800
2017-07-24,214.51779174804688,214.65684189782053,214.04845604938308,214.4917057542839,46622300
2017-07-25,215.0392608642578,215.3695331531979,214.81329276550863,215.26522896300702,54915600
2017-07-26,215.04791259765625,215.36079859402545,214.7871853188609,215.32603937745765,47575400
2017-07-27,214.84805297851562,215.54335678178802,213.5269770784798,215.50859755944205,70766600
2017-07-28,214.59603881835938,214.72640249563074,213.91812117291101,214.37005742866415,50088400
2017-07-31,214.47430419921875,215.09137645548512,214.26570910962465,214.9957720304814,65838700
2017-08-01,214.9523162841797,215.10875264770706,214.43083521545947,215.0739934319725,55050400
2017-08-02,215.05661010742188,215.19567349587365,214.12663861669216,215.08268283502977,47211200
2017-08-03,214.6394500732422,214.96970906950318,214.36132327447956,214.94363633984614,40856000
2017-08-04,215.03053283691406,215.3607918002414,214.64811515765828,215.12613725672801,60191800
2017-08-07,215.43035888671875,215.43035888671875,214.99579568195313,215.10009986913212,31995000
2017-08-08,214.9001922607422,216.3342588003273,214.5264742685518,215.11747386415053,61719400
2017-08-09,214.8914794921875,214.94362494873806,213.85721706455107,214.2135620334,62632600
2017-08-10,211.85821533203125,214.18748063761373,211.80606987759083,214.05710373969825,120479500
2017-08-11,212.17108154296875,212.76209424910257,211.8495090960186,212.08417688094036,74869900
2017-08-14,214.27447509765625,214.491756756751,213.41404821520595,213.4488074454603,73291900
2017-08-15,214.2483367919922,214.67421348773985,213.94415051944327,214.65682724702344,55242700
2017-08-16,214.62203979492188,215.16959358002424,214.19616315519622,214.76978966703544,56715500
2017-08-17,211.2759246826172,214.32656670840692,211.2759246826172,214.013680686834,128490400
2017-08-18,210.94566345214844,212.23196674420893,210.5024005235471,211.11078631966924,136748000
2017-08-21,211.11083984375,211.37158046871383,210.1808813042892,210.8848717084182,65469700
2017-08-22,213.31837463378906,213.47481101197403,211.67572635376834,211.6931125941719,63140100
2017-08-23,212.5535125732422,212.9793892079819,212.20586737961136,212.35361724999515,50203800
2017-08-24,212.05813598632812,213.0923851691312,211.84954089488582,212.93594879691088,50741700
2017-08-25,212.5535125732422,213.46609778379067,212.4057627028584,212.8490123140098,64445900
2017-08-28,212.562255859375,213.10979648839782,212.14506562739396,213.0837237566261,40565600
2017-08-29,212.8055877685547,213.0663150587926,211.1368535401398,211.24984420711982,51135700
2017-08-30,213.81373596191406,214.08317622922343,212.60565105023682,212.78817339108335,62030800
2017-08-31,215.10008239746094,215.3434367114177,213.848538347503,214.43085140317208,103803900
2017-09-01,215.40431213378906,215.83018890007534,215.25656221776765,215.4738438463553,62007000
2017-09-05,213.85723876953125,215.12616914224762,212.89250793998733,214.90018779183964,91398800
2017-09-06,214.58726501464844,214.91753723218903,214.0049520207523,214.53511956173446,57916900
2017-09-07,214.56121826171875,214.9088767595875,214.15272781535776,214.89149051924016,58034700
2017-09-08,214.30914306640625,214.76977889807915,214.06578878785504,214.2743705912912,63832800
2017-09-11,216.594970703125,216.67318888716122,215.56070828593013,215.57808126339495,71364800
2017-09-12,217.3250274658203,217.3597866815819,216.7774736694203,216.95999602215846,56896000
2017-09-13,217.42933654785156,217.46410902833395,216.9252416753817,217.03823234422606,59228000
2017-09-14,217.3597869873047,217.55969557911206,216.93392360000743,217.10774620268882,95446300
2017-09-15,217.65237426757812,217.73971021423142,217.1108460843923,217.2156545514275,95432400
2017-09-18,218.11534118652344,218.46471170061017,217.73102562444956,218.01926229600497,46235200
2017-09-19,218.3336639404297,218.42101321790437,218.01049560350478,218.3598660581464,47108100
2017-09-20,218.4122772216797,218.52582862047296,217.41655673397517,218.42102014628162,59574100
2017-09-21,217.8271026611328,218.34242882969582,217.65241740557613,218.25509286573282,48211400
2017-09-22,217.87081909179688,218.03677478107468,217.50397598648274,217.53017811345995,51214000
2017-09-25,217.42529296875,217.96683453307224,216.6828773745145,217.61745072905316,57064400
2017-09-26,217.5563201904297,218.09784843533004,217.32048778509616,217.85328643262474,54082000
2017-09-27,218.40357971191406,218.78789527725007,217.37291402963743,218.25509657578533,81001400
2017-09-28,218.66563415527344,218.7442405296163,218.03675650526645,218.1240924786589,44778800
2017-09-29,219.43418884277344,219.5128085221101,218.47341344631633,218.65682826696917,85578000
2017-10-02,220.3863067626953,220.3863067626953,219.4866516296174,219.6613502279669,59023000
2017-10-03,220.85794067382812,220.8841427959599,220.30766945379898,220.38628914782512,66810200
2017-10-04,221.11996459960938,221.36452661284386,220.59589552688965,220.70944693575927,55953600
2017-10-05,222.4300994873047,222.44755868087944,221.1548719920263,221.4518382143416,63522800
2017-10-06,222.17681884765625,222.46505550467177,221.7226398677804,221.98466107631256,80646000
2017-10-09,221.8099822998047,222.46506199550856,221.54794775599703,222.4039281542774,35803100
2017-10-10,222.3951873779297,222.7707733374642,221.83618656529862,222.3777281817695,43057400
2017-10-11,222.7445526123047,222.7445526123047,222.13314760699538,222.29908992244182,47674300
2017-10-12,222.41261291503906,222.77945587136392,222.17678054039172,222.43008543513866,47065100
2017-10-13,222.68344116210938,222.9629482537238,222.4126769968777,222.8493968318015,54800400
2017-10-16,222.98037719726562,223.17253496477068,222.56987286955564,222.91051376147277,38221700
2017-10-17,223.13763427734375,223.18130892651027,222.70964403972255,222.92800395792347,31561000
2017-10-18,223.35597229003906,223.55685966334508,223.1638145146575,223.51318501846194,40888300
2017-10-19,223.41708374023438,223.45202878369093,222.1593420560092,222.57858928408425,61903800
2017-10-20,224.56997680664062,224.5962055759882,223.39958461263967,224.21189013243838,89176400
2017-10-23,223.69656372070312,224.91940026930925,223.61795736919385,224.8931981521395,63915300
2017-10-24,224.08970642089844,224.32552556412546,223.7315929147093,224.12465147535426,66935900
2017-10-25,222.98037719726562,223.87128927136814,221.85364604019503,223.75773786485246,103715300
2017-10-26,223.2686004638672,223.86253292591013,223.14631946711546,223.59178214127675,69798000
2017-10-27,225.09410095214844,225.2513403305325,223.2773584004407,224.01104443027998,85562500
2017-10-30,224.25559997558594,224.99802890928333,223.95863373315882,224.01103797268954,54285700
2017-10-31,224.60498046875,224.858285407945,224.30801421308635,224.63118258968325,60304800
2017-11-01,224.9019317626953,225.7229670376646,224.5351020940333,225.38233948819274,54202700
2017-11-02,224.98927307128906,225.12902658710306,223.76646312698873,224.83206036171993,56449500
2017-11-03,225.74050903320312,225.78417035762655,224.73603201881195,225.14654975840006,59589700
2017-11-06,226.08985900878906,226.220869625396,225.53958776377712,225.60945120754656,49652600
2017-11-07,225.93264770507812,226.52658027431363,225.4260377772938,226.1946689399576,57502200
2017-11-08,226.31690979003906,226.41300200160703,225.47841528260687,225.75792233683754,50469600
2017-11-09,225.49591064453125,225.68806842051265,223.91496046403017,225.11159509256848,95085500
2017-11-10,225.42599487304688,225.60069343322567,224.79711737376437,225.11156945103457,59984700
2017-11-13,225.6356658935547,225.8627687451596,224.7098219443005,224.74476699576226,50228600
2017-11-14,225.111572265625,225.21638074093954,224.05469127726758,224.83206522794742,61315200
2017-11-15,223.98487854003906,224.6661604390365,223.27739451628267,224.14209128859287,80811500
2017-11-16,225.8889617919922,226.25581817943672,224.8845115087638,224.92817282988813,67777000
2017-11-17,225.2251434326172,225.8627639958813,225.14653705992936,225.53959557863226,75756800
2017-11-20,225.6094512939453,225.80160908346332,225.22513571490924,225.46972440635292,48075500
2017-11-21,227.0855255126953,227.2689669982189,225.57449224745827,226.3780416549843,69176800
2017-11-22,226.88473510742188,227.22536277488294,226.7187794099798,227.09435213355175,45033400
2017-11-24,227.4087677001953,227.51360286393074,227.2340957378362,227.37384930088348,27856500
2017-11-27,227.295166015625,227.74934495040995,227.09426533885556,227.4523787251362,52274900
2017-11-28,229.60105895996094,229.62726108124528,227.66202201913927,227.75811423402223,98971700
2017-11-29,229.4613037109375,230.26487984974452,229.01586765243735,229.73206784726955,77512100
2017-11-30,231.47023010253906,232.37858806797493,230.29982427167096,230.3784306347225,127894400
2017-12-01,230.98980712890625,231.73223604917192,227.75809691018895,231.25185497707815,164390900
2017-12-04,230.7103271484375,233.03365281038865,230.6578962545037,232.6056759761227,94040600
2017-12-05,229.8805389404297,231.5924728582551,229.74952834944312,229.8805389404297,77994500
2017-12-06,229.92420959472656,230.35221308301692,229.46128771759268,229.9766138332505,75898600
2017-12-07,230.64918518066406,230.9636106197974,229.66219423795215,230.64918518066406,77218600
2017-12-08,231.9069366455078,231.91565291517546,230.61423655354508,231.60122748092607,76563900
2017-12-11,232.605712890625,232.66686006386954,231.88076970373237,232.605712890625,83077500
2017-12-12,233.0162353515625,233.48790023937693,232.64066268870263,233.39180801442237,85195800
2017-12-13,232.9900665283203,233.69755063352946,232.90271721731247,233.26083073375753,102905400
2017-12-14,232.03794860839844,233.40051214201415,231.98554436904854,233.28696073833632,100666700
2017-12-15,233.9702606201172,234.43554878182445,232.9870121871894,233.03968429670263,144610300
2017-12-18,235.45387268066406,235.80502893603057,235.26073272148673,235.3660769189462,83653600
2017-12-19,234.5496368408203,235.74357348896925,234.47938951357304,235.69968900306878,82382900
2017-12-20,234.4267120361328,235.5679765584184,234.12822788094283,235.515304459944,76751500
2017-12-21,234.90963745117188,235.6207646327536,234.66382530141442,235.05010536410686,67032300
2017-12-22,234.84815979003906,234.96229162203662,234.31262429947589,234.92716795261202,78720900
2017-12-26,234.56729125976562,234.78676737144312,234.30393064235963,234.44437177729782,45244400
2017-12-27,234.68133544921875,235.04127935287949,234.40918731573265,234.73400755302202,57751000
2017-12-28,235.16416931152344,235.20808059186288,234.79546458911238,235.18174454026212,45116100
2017-12-29,234.2774658203125,235.76112583281383,234.08435264594527,235.74357739646385,96007400
2018-01-02,235.95431518554688,235.98943885710432,234.75159065194177,235.13787066453907,86655700
2018-01-03,237.44676208496094,237.59601759479307,236.12111810246338,236.12111810246338,90070400
2018-01-04,238.44747924804688,238.93034249595146,237.5081423821099,238.08756220469394,80636400
2018-01-05,240.0365447998047,240.15943743914386,238.7460247334587,239.23764887382802,83524000
2018-01-08,240.47555541992188,240.63357176249713,239.65032324223404,239.94001987028867,57319200
2018-01-09,241.01979064941406,241.64309503689753,240.6159354877151,240.89687121980845,57254000
2018-01-10,240.65101623535156,240.9144034840324,239.59754761513196,240.26473637048736,69574300
2018-01-11,242.40687561035156,242.40687561035156,241.03734735877387,241.20415128096022,62361500
2018-01-12,243.98716735839844,244.15394452208946,242.37179991942867,242.67031094880144,90816100
2018-01-16,243.15306091308594,245.89211698209863,242.45950928295045,245.242476624872,106555100
2018-01-17,245.47068786621094,245.85696771175722,243.15303558443304,244.08361154193096,113258800
2018-01-18,245.05819702148438,245.77805812089665,244.56654600971189,245.35668124153545,100728000
2018-01-19,246.1730499267578,246.1730499267578,245.05812155478074,245.63751458547583,140920100
2018-01-22,248.1747283935547,248.1747283935547,245.90972066426502,245.96241956189593,91322400
2018-01-23,248.7014617919922,248.99115835882742,247.89377822587898,248.21859845859058,97084700
2018-01-24,248.6049346923828,249.93936638272544,247.42854613851088,249.3423710936975,134816100
2018-01-25,248.710205078125,249.5617730729087,247.92009679641455,249.46521648794092,84587300
2018-01-26,251.58981323242188,251.63372452420188,249.28970815499756,249.54430791447624,107743100
2018-01-29,249.92173767089844,251.45806987609902,249.76372135975387,251.0191178174703,90118300
2018-01-30,247.3582763671875,249.97441352934558,246.88420063512552,248.0957126217795,131796400
2018-01-31,247.48117065429688,248.71023108676374,246.41012653639544,248.20984609063984,108364800
2018-02-01,247.20021057128906,248.49951821002367,246.41010228471623,246.7524977240842,90102500
2018-02-02,241.81871032714844,246.01509111839752,241.78358665930918,245.88338406187754,173174800
2018-02-05,231.7052459716797,242.1698756837403,231.1609496616137,240.06291099027115,294681800
2018-02-06,236.27029418945312,236.77070587057335,227.11376242714104,228.20235475111994,355026800
2018-02-07,234.9885711669922,239.10591620344402,234.9095362319154,235.71721968539316,167376100
2018-02-08,226.1744384765625,235.4275552292879,226.1393148107997,235.2870873577438,246449500
2018-02-09,229.57186889648438,231.42423325787024,222.03945185827985,228.9573254524365,283565300
2018-02-12,232.94308471679688,234.4091964404118,229.71240386406902,231.61744087262778,143736000
2018-02-13,233.5225372314453,234.0668335954932,231.1609725875507,231.74039262423426,81223600
2018-02-14,236.6741180419922,237.03406186944082,232.02999873559634,232.03878634820543,120735700
2018-02-15,239.694091796875,239.70287940882722,235.9542127492151,238.41235965234597,111200300
2018-02-16,239.76437377929688,241.70456111309323,239.02693755677285,239.07084883629025,160420100
2018-02-20,238.26318359375,240.25604318291386,237.47307520829037,238.8162675010244,86369700
2018-02-21,237.0780029296875,241.17782706280644,236.98144633395106,238.70213095136867,98883700
2018-02-22,237.38525390625,239.71169432106666,236.71806503482514,237.99979746858162,110511300
2018-02-23,241.16909790039062,241.16909790039062,238.1315563332114,238.6056321866141,92766400
2018-02-26,243.96958923339844,244.06617263387662,241.6519359115766,242.24011676430848,86491400
2018-02-27,240.92324829101562,244.86505645092993,240.8617885657484,244.15392938564298,99099200
2018-02-28,238.48268127441406,242.46837402290828,238.16664860815584,242.02063428753124,121907800
2018-03-01,235.01498413085938,239.81712156627023,233.5225361531255,238.2720014755822,176855100
2018-03-02,236.22647094726562,236.788342544187,232.48661694736793,233.34694599182436,139083200
2018-03-05,238.95668029785156,239.57122378460642,234.9358651698893,235.041236149635,97307400
2018-03-06,239.56253051757812,240.01027028544524,238.0700824856966,239.93123532163432,79213200
2018-03-07,239.4746856689453,239.82584195994448,237.20970481921924,237.40284479799493,87063500
2018-03-08,240.63352966308594,240.75642231086204,239.15865714072376,240.15066631212258,66901200
2018-03-09,244.82115173339844,244.82115173339847,241.72215083012168,242.03821028889664,113625300
2018-03-12,244.5138397216797,245.7341392777814,244.12755977525234,245.11083486984458,71924800
2018-03-13,242.93359375,246.17306162396162,242.32783785216952,245.67264991853583,91968900
2018-03-14,241.68695068359375,244.0748505384305,241.1338936908821,243.8904982075266,105895100
2018-03-15,241.42355346679688,242.83696577444675,240.92314185328783,242.19611312453043,83433000
2018-03-16,241.68539428710938,242.73428632376158,241.63251123474083,241.94980954895198,100343700
2018-03-19,238.41534423828125,241.86170049075108,236.7670927477109,240.93622002883185,109208400
2018-03-20,238.82083129882812,239.4554549648832,238.14212048028443,238.81200848856804,59757300
2018-03-21,238.36244201660156,240.86567198647185,238.15090979060938,238.77671055837496,78709600
2018-03-22,232.40406799316406,236.9874367365729,232.13080299363773,236.14128090528047,148785900
2018-03-23,227.4505157470703,233.17095224027113,227.25660218969375,232.84483100714124,183534800
2018-03-26,233.6732635498047,233.95532442997438,228.64918525346152,231.04664893729182,141956100
2018-03-27,229.69810485839844,235.13645231917573,228.1467967301256,234.60762172890932,129941400
2018-03-28,229.01939392089844,231.496209377788,227.91761869403678,229.8303123233447,146452300
2018-03-29,231.9456787109375,233.80548898724396,229.0281805233389,230.15639710133348,111601600
2018-04-02,226.93927001953125,231.9281118003099,224.47129066036044,231.41687299833714,186286300
2018-04-03,229.84796142578125,230.32393591836862,226.38398611035794,228.1732682393446,119956900
2018-04-04,232.30714416503906,233.01226968208627,226.17246609052276,226.30467376261734,123715300
2018-04-05,234.14051818847656,235.02193855166377,232.97703685335392,234.0611666848327,82652600
2018-04-06,228.9224853515625,233.67332686335382,227.4064413333874,232.18375127749687,179521200
2018-04-09,230.05067443847656,233.43532481155327,229.11637116929023,230.37679561184027,105442900
2018-04-10,233.70852661132812,234.49300338650028,231.79586011923547,232.93287264449012,103529000
2018-04-11,232.4833984375,234.1404727021837,232.15727727028641,232.22777905016653,91140200
2018-04-12,234.3960723876953,235.33919847775888,233.62924110095946,233.80553590428718,68890500
2018-04-13,233.70852661132812,235.8151334939362,232.70372171705588,235.70054458081614,85079200
2018-04-16,235.63011169433594,236.3969700633702,234.51954024383548,235.3392547879426,63405300
2018-04-17,238.15098571777344,238.75034514837742,236.8817381595435,237.3929501682783,64682000
2018-04-18,238.32725524902344,239.12932407604146,237.86889946351178,238.59167058773116,57303900
2018-04-19,237.00509643554688,237.87769384781993,235.97382294019738,237.67495751316204,77655900
2018-04-20,234.9954071044922,237.154897174765,234.11398697765554,236.93454214305586,99953100
2018-04-23,234.96022033691406,236.12370161096285,233.88488647431987,235.5684025074935,65558000
2018-04-24,231.7958526611328,236.20295287745273,230.297427828062,235.98259786663672,112885500
2018-04-25,232.36880493164062,232.8095150189369,229.91845792222574,231.73418132998165,103840900
2018-04-26,234.7310333251953,235.55957054280748,232.95057403778003,233.39128417911363,67731900
2018-04-27,234.9513702392578,235.6388769306565,234.0170669637368,235.3391972855658,57053600
2018-04-30,233.1444854736328,236.12369030599413,233.07395678832052,235.568391229111,82182300
2018-05-01,233.55873107910156,233.66449719784265,231.02903254476593,232.5803406831274,74203400
2018-05-02,231.98980712890625,234.17571200711808,231.60198008945386,233.36482048739748,86368900
2018-05-03,231.4785919189453,232.13083432497558,228.33191503251203,231.16129352643733,136311500
2018-05-04,234.4753875732422,235.15409832989712,230.18287558263515,230.50899674677927,91222100
2018-05-07,235.2687225341797,236.23826336253111,234.55474733145712,235.2422810006576,55304900
2018-05-08,235.2687225341797,235.63008119271018,233.70859135993757,234.89851416605737,67499200
2018-05-09,237.54273986816406,237.86886103281918,235.41851399436158,235.9385486756778,59666100
2018-05-10,239.76388549804688,240.09003352947272,238.1773400803513,238.28310618835678,72063900
2018-05-11,240.49549865722656,240.75991394858534,239.37607782658708,239.88731658829252,59871500
2018-05-14,240.61009216308594,241.57963284906248,240.06358905252702,240.9273905187562,54790600
2018-05-15,238.95294189453125,239.40244775540324,238.00981613940627,239.38482904085168,87036100
2018-05-16,239.95785522460938,240.41621099844787,238.96184597615334,238.98831440816372,53942600
2018-05-17,239.75506591796875,240.83039940787125,238.97941200409758,239.69336006145537,56536400
2018-05-18,239.15570068359375,239.77270550482476,238.8031380280931,239.41132004082448,64368000
2018-05-21,240.9539337158203,241.49161424376376,240.2488080287169,240.63663522627,58025900
2018-05-22,240.28392028808594,241.7294621619401,239.95779915524992,241.47384280155237,52966400
2018-05-23,240.94505310058594,240.97152153385284,238.85609118238685,239.0147672879168,64694200
2018-05-24,240.451416015625,240.82162432927402,238.67095692322204,240.54838622347975,76043800
2018-05-25,239.8784637451172,240.50426445551912,239.37604785563138,239.8784637451172,56374800
2018-05-29,237.1197052001953,239.01478057026313,236.00913379265558,238.25674504247283,115908600
2018-05-30,240.28392028808594,240.72463033760636,238.3536350180888,238.4241367905371,69678400
2018-05-31,238.8119659423828,240.17815634870945,238.21260672533674,239.87847674018641,93519900
2018-06-01,241.1565704345703,241.45625007264385,240.03714957306167,240.10767825190814,71258400
2018-06-04,242.30242919921875,242.55804861167155,241.73833420831608,241.97630799995767,45385200
2018-06-05,242.4786834716797,242.85768767237997,241.66776511550432,242.4345963258353,51135000
2018-06-06,244.50601196289062,244.61177810638046,242.46993300426405,243.08693803970908,62732200
2018-06-07,244.47950744628906,245.28160302621228,243.57164575012257,244.9907462065433,72969400
2018-06-08,245.2023162841797,245.2551993504634,243.85374429631833,244.02121630582116,72139700
2018-06-11,245.52838134765625,246.2423294780415,245.30802632225817,245.42261523927425,58892500
2018-06-12,245.84573364257812,246.2070922530715,245.20228721399303,245.94267695300078,72329000
2018-06-13,245.06121826171875,246.33928810853234,244.8584819643025,246.0836687594085,79070600
2018-06-14,245.67831420898438,246.20714492225446,245.08775071407877,245.9251108414489,77097600
2018-06-15,245.36489868164062,245.70134676711317,243.7889263493762,244.89564925179792,120041600
2018-06-18,244.86012268066406,244.9840885625564,243.43467715644596,243.91276179336904,52917600
2018-06-19,243.9216766357422,244.1430211698944,242.17748062583885,242.59360943082888,97531500
2018-06-20,244.3377685546875,245.00180205689944,244.00132059043202,244.60337114773532,53785500
2018-06-21,242.80606079101562,244.34663692695875,242.31025125886632,244.32891207392933,71061400
2018-06-22,243.24879455566406,244.17845786417627,243.02745000881802,244.06335437668065,54898500
2018-06-25,239.9374542236328,242.25714041734616,238.2552413138066,242.09777885127292,137854200
2018-06-26,240.46865844726562,241.318613720225,239.7515044638951,240.50408113101963,68547400
2018-06-27,238.47659301757812,242.47849224175374,238.326066854242,241.05304649180533,105110700
2018-06-28,239.84010314941406,240.60151539893317,237.7151739460364,238.42349268702802,76650500
2018-06-29,240.18544006347656,242.29264488028508,240.0703365537109,240.92915464242017,97592500
2018-07-02,240.6988983154297,240.85828692224064,238.3792118140002,238.61828121441778,63554800
2018-07-03,239.8489532470703,241.6905550668388,239.42398899604595,241.59314941291314,42187100
2018-07-05,241.80557250976562,241.8675554544419,239.90201521447784,240.97334204813754,56925900
2018-07-06,243.8508758544922,244.22271956770294,241.4514814771822,241.83221463826726,66493700
2018-07-09,246.04652404785156,246.0996445626683,244.8070003361436,244.85125842529408,50550400
2018-07-10,246.93199157714844,247.02939723604592,246.2059749184592,246.4981648755513,51966800
2018-07-11,245.12574768066406,246.1705142878191,244.82472239371876,245.38251487407948,77054700
2018-07-12,247.34805297851562,247.4011734981169,245.78094361109248,246.38299417963543,60124700
2018-07-13,247.54286193847656,247.84388725280266,246.71946678285556,247.1710182641425,48216000
2018-07-16,247.32154846191406,247.72881487718087,246.8788593523983,247.58717813938293,48201000
2018-07-17,248.32200622558594,248.71157476595965,246.49812943183477,246.55124995828604,52315500
2018-07-18,248.84437561035156,248.95061666305273,247.95899747838,248.4016865443658,44593500
2018-07-19,247.90582275390625,248.56099378205835,247.42771110168124,248.18028775324512,61412100
2018-07-20,247.62265014648438,248.33096915181622,247.46328850263743,247.70233096840784,82337700
2018-07-23,248.0829315185547,248.28655117021037,247.07358760835706,247.41889800487505,47047600
2018-07-24,249.33123779296875,250.17235753949274,248.46358481190936,249.4906263372908,68026900
2018-07-25,251.45623779296875,251.77496093318197,249.03914590130603,249.08340399758183,78882900
2018-07-26,250.8629913330078,251.54472264436467,250.64164684001761,250.73905246712084,57919500
2018-07-27,249.16310119628906,251.28800309937907,248.24230046443236,251.19059746428582,76768700
2018-07-30,247.86158752441406,249.40213663305357,247.33919071533526,249.2427750741446,63742500
2018-07-31,249.08346557617188,249.69437876553906,248.24237240183263,248.62307858662624,68570500
2018-08-01,248.667236328125,249.79168360929737,248.0209277216841,249.28701169662585,53853300
2018-08-02,250.0219268798828,250.19012385564247,247.16214597845703,247.36579266220008,63426400
2018-08-03,251.09326171875,251.14638224892715,249.96881411760404,250.14590056459343,53935400
2018-08-06,252.0141143798828,252.32397519637254,250.73916735451783,251.12873600224623,39400900
2018-08-07,252.8462677001953,253.22700082078438,252.5452423864147,252.67807071803176,43196600
2018-08-08,252.7400360107422,253.13846698115805,252.27964910548545,252.6780800759013,42114600
2018-08-09,252.39476013183594,253.1915950768919,252.2619588109262,252.80202652249167,35717000
2018-08-10,250.7036590576172,251.5004939215106,249.99534038558284,250.96042626495432,77076000
2018-08-13,249.7651824951172,251.589059329678,249.47299257350093,250.97814624222252,65732900
2018-08-14,251.35888671875,251.59795614540195,250.1016646999758,250.49123330231163,43842000
2018-08-15,249.4817352294922,250.1546309493477,248.0474276326077,250.01296727045266,102925400
2018-08-16,251.50047302246094,252.36815319125307,250.88069761338195,250.91612029893878,69967900
2018-08-17,252.38589477539062,252.82858385301807,250.8896035314421,251.2968699173722,65618500
2018-08-20,252.926025390625,253.1916280670518,252.3859305890893,252.83748215861576,39807500
2018-08-21,253.5192108154297,254.37802881887922,252.9614181816964,253.43953001341072,67272000
2018-08-22,253.36866760253906,253.89103744915988,252.84627073632237,253.11190038315056,44993300
2018-08-23,253.0322723388672,254.0504519816224,252.71352210014993,253.19163394842508,49204900
2018-08-24,254.55508422851562,254.69674797691286,253.55460258143327,253.6077231096326,57487400
2018-08-27,256.56494140625,256.6711824868627,255.59101980129498,255.75038142221396,57072400
2018-08-28,256.6888732910156,257.1315624145711,256.2284593099741,257.0252943284539,46943500
2018-08-29,258.0699768066406,258.3001567022933,256.6622290964166,256.9012714179143,61485500
2018-08-30,257.0252380371094,257.96373661193746,256.4320498724357,257.5918929605646,61229500
2018-08-31,257.0340270996094,257.47671599985597,256.13095147015736,256.61789845259415,66140800
2018-09-04,256.5914306640625,256.94557650796173,255.59094906584016,256.61799092686505,57594400
2018-09-05,255.9008026123047,256.4408972432379,254.8914857411,256.23725057590366,72452400
2018-09-06,255.13064575195312,256.30818714809163,254.1036035544675,256.00716173118104,65909900
2018-09-07,254.6348114013672,255.60873296174518,253.84681172355158,254.0858811635911,73524800
2018-09-10,255.0773468017578,255.90960408624719,254.8825626070989,255.64397453739272,50210900
2018-09-11,255.9185028076172,256.3611918123144,254.0857908630611,254.4310742365368,50530500
2018-09-12,255.98057556152344,256.58262633443366,255.19260290689724,255.9274550238903,59810800
2018-09-13,257.4945068359375,257.68045569530796,256.75965488471724,257.0429823679138,51034200
2018-09-14,257.538818359375,257.88410181150124,256.75968121049704,257.698179952664,55079900
2018-09-17,256.1752624511719,257.52102725876375,255.9007974379103,257.48563159353705,68244000
2018-09-18,257.5653991699219,258.1585874876803,256.3612706566257,256.3878309242925,61930400
2018-09-19,257.83978271484375,258.25591145639254,257.4944723248046,257.61843821443676,49080600
2018-09-20,259.9292907714844,260.2480409377501,257.85750925934076,259.0970602153132,100360600
2018-09-21,259.6918640136719,260.78581879458903,259.5317810140974,260.6701942475922,105479700
2018-09-24,258.8290710449219,259.25598604173615,258.25097564679436,259.1136810427981,53409600
2018-09-25,258.5889892578125,259.38943125963567,258.3488647998379,259.28270927831363,44370000
2018-09-26,257.815185546875,259.91412321436593,257.3971730938539,258.7312519258059,79739700
2018-09-27,258.5356140136719,259.6206660004718,258.0108795398294,258.2865870236804,59249500
2018-09-28,258.5622863769531,259.0603403412746,257.87746896148747,257.913024857578,70091400
2018-10-01,259.4605407714844,260.5277874939204,258.7935013917487,259.7984845913529,62078900
2018-10-02,259.309326171875,260.02082396744885,258.9357993288641,259.309326171875,47258200
2018-10-03,259.4516906738281,260.77686715736866,259.09594169443756,260.35885464256023,64694600
2018-10-04,257.42388916015625,259.02477312297555,255.840783146468,258.97141213367536,111545900
2018-10-05,255.9830322265625,258.16201119191044,254.56000949174071,257.6461793607619,105951700
2018-10-08,255.9830322265625,256.33878112479266,253.91965061816597,255.2981877770208,87742200
2018-10-09,255.60958862304688,256.9080848761821,255.049270973965,255.60071321754165,74339000
2018-10-10,247.51602172851562,255.17364648031565,247.1424949456357,255.10248042707403,214731000
2018-10-11,242.064208984375,248.04975962653202,240.45439529116155,246.43107052946968,274840500
2018-10-12,245.42611694335938,246.44000303227887,242.2420993529125,246.1553929525463,183186500
2018-10-15,244.04759216308594,246.3955849931058,243.95864810584297,245.07038096659127,102263700
2018-10-16,249.3837890625,249.75734306515875,245.53276024122266,246.00413366011207,118255800
2018-10-17,249.42835998535156,250.05091401359377,246.8580209490984,249.41945743831997,110626000
2018-10-18,245.8263702392578,249.09042993387257,244.5545543321718,248.49452916473874,134557500
2018-10-19,245.69287109375,248.40548741105457,244.99915113163212,246.47553508012004,139901600
2018-10-22,244.59005737304688,246.6800928007739,244.05642033413275,246.3599268625698,82415800
2018-10-23,243.34483337402344,244.4654681566747,238.89790441670948,240.97909105360475,146352700
2018-10-24,235.97193908691406,243.47836034056346,235.42052401836114,243.09590366941856,177806700
2018-10-25,240.205322265625,241.7439695818075,236.78120840190687,237.80399671737732,138061500
2018-10-26,235.98074340820312,241.02357328618538,233.2770298773475,236.50550496185588,201574600
2018-10-29,234.6733856201172,240.35657539863922,231.10696608457545,239.06695479413133,160749100
2018-10-30,238.15090942382812,238.46219999139012,234.01526943167627,234.50444807839088,157116000
2018-10-31,240.69447326660156,243.0068816776594,240.24087784228382,240.71225121076913,128296300
2018-11-01,243.25596618652344,243.4516321862805,240.47218374803228,241.55723572088397,99495000
2018-11-02,241.81520080566406,244.78574713551563,239.76959648164814,244.35883203457692,122634100
2018-11-05,243.1492156982422,243.70063059419127,241.33486092616565,242.30428826612493,65622500
2018-11-06,244.6879119873047,244.84799497942296,243.0247642380611,243.08702778229969,60085900
2018-11-07,249.9263916015625,250.00643309191767,246.43108367126504,246.85799876173513,102752100
2018-11-08,249.4728240966797,250.11318323351344,248.33441086918774,249.12595045751826,65584900
2018-11-09,247.03587341308594,248.35214737217913,245.63062828033082,248.1653839048309,98812600
2018-11-12,242.4199676513672,246.7690514205457,241.9041085312186,246.52892695269585,99673600
2018-11-13,241.96640014648438,244.87468316220532,241.24599951743505,242.88246681934416,98176600
2018-11-14,240.31210327148438,244.23427156850525,238.75567780247712,243.83406416161853,125335900
2018-11-15,242.82020568847656,243.28270387403552,237.47501319005792,239.04921696143316,135101400
2018-11-16,243.45167541503906,244.35883949759102,241.2104049940472,241.72626414950847,126668000
2018-11-19,239.33375549316406,243.14032612906826,238.41768908509545,242.84681357723707,103061700
2018-11-20,234.9046630859375,237.4660995132809,234.04195744397686,236.00749321474495,136021300
2018-11-21,235.70504760742188,237.5994439666394,235.69617220468442,236.45212852591953,75563700
2018-11-23,234.1309051513672,235.52724792786714,233.97082215763012,234.06864160649894,42807900
2018-11-26,237.91079711914062,238.1331436585043,235.989719762009,236.38105184264202,79981400
2018-11-27,238.71115112304688,238.71115112304688,236.2742426365071,236.8790184862919,75502400
2018-11-28,244.20767211914062,244.20767211914062,238.64900788509266,239.77854582827692,127629600
2018-11-29,243.6739959716797,245.07031142067817,242.29543133041074,243.4338443710822,82346400
2018-11-30,245.1592254638672,245.71954294084406,243.20259270869448,243.5227586144501,98204200
2018-12-03,248.405517578125,249.38384767989874,246.81353606087058,249.27712569459774,103176300
2018-12-04,240.35650634765625,248.00522946184512,240.0452158971794,247.5783145175997,177986000
2018-12-06,239.99185180664062,240.1074762989083,233.4104025675467,236.50547480387502,204185400
2018-12-07,234.4154815673828,241.2192792431404,233.57945653094646,239.65395115076464,161018900
2018-12-10,234.86021423339844,235.82964190912955,230.0130487128308,234.2376330528424,151445900
2018-12-11,234.91355895996094,238.23985434553188,233.44607729820376,238.0530908610672,121504400
2018-12-12,236.0963897705078,239.24482367435746,236.01634829099115,237.88406423876316,97976700
2018-12-13,236.016357421875,237.90185139073836,234.90462492684645,237.03914588891996,96662700
2018-12-14,231.6584014892578,234.82461387404103,231.10698644297347,233.87296422091924,116961100
2018-12-17,227.1136016845703,231.81844749138895,225.48602373208445,230.7067150296598,165492300
2018-12-18,226.86459350585938,229.41714067784332,225.26369591406458,228.75010114550832,134515100
2018-12-19,223.46714782714844,230.70675017805107,221.7684306807493,226.9446507542669,214992800
2018-12-20,219.82952880859375,223.78729366508378,217.58827236195947,222.22197924177337,252053400
2018-12-21,215.3253631591797,223.38553619386457,214.68126458714568,220.72863299677553,255345600
2018-12-24,209.63583374023438,215.45060262563953,209.57322025034426,213.84035620425558,147311600
2018-12-26,220.2276153564453,220.2276153564453,209.11693755623702,211.09396462178614,218485400
2018-12-27,221.9183807373047,222.115175702482,213.7687595647507,216.998192653221,186267300
2018-12-28,221.63214111328125,224.89735185930846,220.46918466599615,223.26922375327266,153100200
2018-12-31,223.57334899902344,223.81488933145144,221.3816315423611,223.2512997725202,144299400
2019-01-02,223.8059539794922,224.72738367473102,220.02188548142522,220.0487217817502,126925200
2019-01-03,218.46534729003906,222.36571591269447,217.98226653551384,222.06154839494693,144140700
2019-01-04,225.78297424316406,226.42707273146465,221.11326702808634,221.48898887122783,142628800
2019-01-07,227.56324768066406,228.96773107709546,225.1568254773257,226.05140541015294,103139100
2019-01-08,229.7012481689453,230.18432891084558,227.2232719214142,229.74599353972656,102512600
2019-01-09,230.77474975585938,231.61565694335764,229.18239882003667,230.40796876553281,95006600
2019-01-10,231.5888214111328,231.83930266140655,228.56513733970846,229.24502671919808,96823900
2019-01-11,231.67832946777344,231.70516577474208,229.93388761356942,230.51535913149942,73858100
2019-01-14,230.26486206054688,231.06997851487222,229.37923669083017,229.78178126778678,70908200
2019-01-15,232.90382385253906,233.21693219887842,230.63158383386505,230.64053836674492,85208300
2019-01-16,233.46742248535156,234.35304766189932,233.12747782757188,233.3332136885603,77636700
2019-01-17,235.23873901367188,236.0975554329432,232.5549991293801,232.59974450769994,96118400
2019-01-18,238.36973571777344,238.83493470526588,235.2744971259349,237.0457750313044,127900300
2019-01-22,235.14923095703125,237.11731741906,233.53899825203223,236.90262700516908,115531200
2019-01-23,235.64125061035156,236.87577500924823,233.18115634601335,236.17800390992494,86030300
2019-01-24,235.7664794921875,236.34797816335373,234.4514461827318,235.46232565671974,59204100
2019-01-25,237.7613983154297,238.5844236749442,235.86489366572147,237.60930774993875,96883400
2019-01-28,235.95433044433594,236.01693026973098,234.1920074924276,235.62334035140552,85613700
2019-01-29,235.64125061035156,236.66105730917477,234.80929801123665,236.09749501004995,66136300
2019-01-30,239.37158203125,240.21248898544735,236.3926441661389,237.15304223753876,92473700
2019-01-31,241.47390747070312,241.95698818402894,239.0943220389077,239.30903974505677,104012100
2019-02-01,241.59017944335938,242.61001335424547,240.80294497890085,241.67068833626018,85782500
2019-02-04,243.28994750976562,243.35257465629314,240.96403425662496,241.6349691969302,60744800
2019-02-05,244.30972290039062,244.61387672404788,243.21833456825289,243.71929701903028,79552800
2019-02-06,243.98760986328125,244.52436303605344,243.2540754042397,244.0323552195792,58347800
2019-02-07,241.66180419921875,242.9231377133348,240.00682608227083,242.37745713067275,95482000
2019-02-08,241.9569854736328,242.0553761416929,239.5952818353024,240.41830721543772,75788900
2019-02-11,242.09120178222656,242.8694819066253,241.56340293120226,242.6100733987666,68021400
2019-02-12,245.20428466796875,245.57999282836457,243.629815766185,243.7013974255774,72270200
2019-02-13,246.00051879882812,246.84142609171184,245.61585599262298,246.03630963906483,65277200
2019-02-14,245.45480346679688,246.58198272142158,244.10397926802654,244.91805014076567,83234400
2019-02-15,248.1295166015625,248.16530742640353,247.02024673509356,247.22598255202874,97088700
2019-02-19,248.55902099609375,249.212046825401,247.3244964141007,247.33345094888386,59120800
2019-02-20,249.05990600585938,249.51615033119904,248.02219040925297,248.5231527937661,76610800
2019-02-21,248.17433166503906,248.78263935619668,247.2171247595832,248.4248129084809,64214700
2019-02-22,249.71302795410156,249.90980930917786,248.15644047874292,248.7915845167354,78114600
2019-02-25,250.05291748046875,251.65422284883292,249.97240858043799,251.13537861516554,69030700
2019-02-26,249.87400817871094,250.75067881182883,249.4982726927991,249.70403585179915,56844100
2019-02-27,249.76663208007812,250.1155039234547,248.2279540955296,249.15829721146872,56921600
2019-02-28,249.301513671875,249.99035764970898,248.97947802022117,249.55199494552065,69268300
2019-03-01,250.85813903808594,251.26963819958948,249.42680555845558,250.87602081018073,78880500
2019-03-04,249.9456024169922,252.1552157189455,247.6554802053009,251.91368898973167,106494600
2019-03-05,249.6055450439453,250.26755239255158,249.0598646907785,250.07074382411156,59114600
2019-03-06,248.09373474121094,249.73083060693793,247.7716992072064,249.721876075304,75039800
2019-03-07,246.0183563232422,247.78960654387646,245.17744927490716,247.64647052496792,94885100
2019-03-08,245.52638244628906,245.69635480490905,243.7014591754392,244.16663087774018,85795800
2019-03-11,249.08676147460938,249.2477792605108,246.21516842441596,246.2420047220662,65098900
2019-03-12,250.026123046875,250.5449946678334,249.45360611732016,249.64146024884784,79667500
2019-03-13,251.6810760498047,252.61144667998187,250.7507054196275,250.91175053091055,80639200
2019-03-14,251.5200958251953,252.1284036241185,251.0817603966202,251.70794996595424,67518400
2019-03-15,252.76271057128906,253.5713732521297,251.88215092021466,252.07085990158336,81309000
2019-03-18,253.67918395996094,253.97571096745602,252.75370929471526,252.97833933405315,62199800
2019-03-19,253.74209594726562,255.50318784032194,252.8525697345642,254.73946761602602,90268100
2019-03-20,252.97833251953125,254.73045774743304,251.87317030498068,253.52644405949383,84609200
2019-03-21,255.83560180664062,256.2399193421347,252.11571595617374,252.16065840721987,79550400
2019-03-22,250.91175842285156,255.00001424357242,250.84885542975505,254.47888460808878,122659300
2019-03-25,250.72305297851562,251.75634559535843,249.4651303397219,250.57029249849992,85575200
2019-03-26,252.59201049804688,253.54443977770947,251.19032108946183,252.47519847722108,68125900
2019-03-27,251.27113342285156,253.1670250393392,249.72567779743594,252.58296505421913,72224700
2019-03-28,252.22348022460938,252.67274011542622,250.7499220414669,251.9000262651321,56238500
2019-03-29,253.81393432617188,254.13738835770084,252.6099208410579,253.73307081828966,82186800
2019-04-01,256.823974609375,257.12050158234626,255.53909751491526,255.80866998313059,77617900
2019-04-02,256.9498291015625,257.1834531340026,256.1591269185293,257.0127320980904,40070400
2019-04-03,257.3540954589844,258.5581088983009,256.7520750289998,258.1627579277011,68243200
2019-04-04,258.0369873046875,258.2885718276397,256.9857341776094,257.67758476056383,48997500
2019-04-05,259.28594970703125,259.3398587189356,258.41438412036786,258.70191713096256,58621700
2019-04-08,259.48358154296875,259.59139954862746,258.20767116115127,258.86360058977857,53566300
2019-04-09,258.1537780761719,258.8456286022435,257.6056940400608,258.522174565323,66142300
2019-04-10,259.0343017578125,259.1241592292054,258.15374241120253,258.56705387482947,52601500
2019-04-11,258.9624938964844,259.52856599827516,258.39642179469354,259.5195720218468,55093100
2019-04-12,260.714599609375,260.9931386511058,259.0074168766403,260.57083310063365,69727800
2019-04-15,260.54388427734375,260.8853263154702,259.74418819639936,260.78647484201645,49596700
2019-04-16,260.714599609375,261.47834719052565,260.12157304356356,261.4244381773299,52153200
2019-04-17,260.07672119140625,261.8557739004012,259.66338209560803,261.8288193872547,58268300
2019-04-18,260.5888671875,260.85843975022857,259.3668926492603,260.6607641724938,68708500
2019-04-22,260.8133544921875,260.9661149361686,259.73514709355516,259.8250045652705,40160100
2019-04-23,263.1585998535156,263.39222387949684,260.9482478452623,261.1818444505832,52246600
2019-04-24,262.574462890625,263.4100797614292,262.4306964256507,263.0776318077103,50392900
2019-04-25,262.41278076171875,263.06871029746924,261.22675508512435,262.47568374884355,57770900
2019-04-26,263.63482666015625,263.70669621419734,261.68502567610466,262.45776734051964,50916400
2019-04-29,264.048095703125,264.56925271334455,263.6347841375647,263.7246416311188,57197700
2019-04-30,264.18292236328125,264.4704554333061,262.29605171531756,263.7067077125926,81111700
2019-05-01,262.1971130371094,265.0184789347916,262.18811906270474,264.8118094680611,71671900
2019-05-02,261.6311340332031,262.9969024366537,260.13958704666095,262.08039418261956,65030200
2019-05-03,264.1919250488281,264.4704641506386,261.7389547366939,263.1047231539981,56543700
2019-05-06,263.1047058105469,263.54497195780687,259.5824943704813,259.896981941665,107198100
2019-05-07,258.71087646484375,261.29861864665406,256.80601830897126,260.70559211160116,144729900
2019-05-08,258.3515625,260.0587457295105,257.75853576162285,258.3515625,91568300
2019-05-09,257.5697937011719,258.1717868559465,254.5507516890629,256.2849164466201,103471100
2019-05-10,258.86358642578125,259.6183398447477,253.65215459865416,256.6352472217009,112429300
2019-05-13,252.3583221435547,254.72143420675988,251.52270509767263,253.7600386155782,127290500
2019-05-14,254.6405487060547,256.1680435914764,253.24785374984583,253.3736322842843,77003200
2019-05-15,256.1322326660156,256.7701744962283,252.8076960926803,253.01436566389512,73956400
2019-05-16,258.50421142578125,259.8609579611438,256.7610804560164,256.8329499899436,76749600
2019-05-17,256.8330383300781,259.3129631236966,256.18610261959776,256.2040905747572,100353000
2019-05-20,255.1348114013672,256.9408182840054,254.3890243100717,255.23363545743854,62877600
2019-05-21,257.4349670410156,257.81233007528556,256.5723681213772,256.82395261777503,46847100
2019-05-22,256.6442565917969,257.59668554101046,256.16804211719005,256.4825295824555,49482500
2019-05-23,253.5084991455078,254.46989490750192,252.09781586860328,254.42497986634092,98733800
2019-05-24,254.0835418701172,255.35945262328002,253.4635607364856,254.9461135870853,55268100
2019-05-28,251.72044372558594,255.31452474232293,251.7024831919406,254.3620954665406,70029400
2019-05-29,250.0312042236328,251.01058794348035,248.6295149162675,250.6062703090443,104972900
2019-05-30,250.71401977539062,251.6215336966896,249.61782434295864,250.78588930608086,62523800
2019-05-31,247.3356475830078,248.9979154505843,247.30869307361624,248.1712922154684,86862800
2019-06-03,246.70668029785156,248.48573261773257,245.37686062526726,247.3715764238145,96428000
2019-06-04,252.06185913085938,252.19663167059005,248.5486420183639,248.99790209790564,77231900
2019-06-05,254.2452850341797,254.27223954514707,251.87320580706177,253.67921288320204,71169700
2019-06-06,255.89845275878906,256.5723426738006,253.89477096070462,254.54170637594174,69430400
2019-06-07,258.4593200683594,259.53755523499956,256.74314326213107,256.9138642871934,74272200
2019-06-10,259.64532470703125,261.3075921861058,259.5554672231737,260.0047272218072,60799100
2019-06-11,259.5825500488281,261.8288511524363,258.93561423416224,261.4604544809644,58641300
2019-06-12,259.12420654296875,259.9059145875843,258.6120435410981,259.3488365521413,47096300
2019-06-13,260.19342041015625,260.55285036170267,259.33084885188674,260.0316933843536,48945200
2019-06-14,259.90594482421875,260.50793796326803,259.1421972200491,259.90594482421875,52324700
2019-06-17,260.00482177734375,260.76856953690236,259.83410072212484,260.13959434181544,39205700
2019-06-18,262.72723388671875,263.7785143172778,261.46031743785153,261.8197473625696,85434800
2019-06-19,263.32025146484375,263.8503749390502,261.8916080504937,262.8619975207617,78674400
2019-06-20,265.836181640625,266.2405267117123,263.38323896605675,265.9979361214567,116570000
2019-06-21,265.44970703125,266.8220901549572,265.2330222101439,265.5670871606895,83309500
2019-06-24,265.1247253417969,265.97341688825486,264.9712218644644,265.6574273212025,47582700
2019-06-25,262.52435302734375,265.2059379178657,262.4160106162554,265.1788523150936,82028700
2019-06-26,262.2624816894531,263.9237961241511,262.1541392888887,263.41817988550474,51584900
2019-06-27,263.19244384765625,263.6980600603321,262.6416941550696,263.020892537568,40355200
2019-06-28,264.5468444824219,265.0434231006258,263.6529919480454,264.1676184518848,59350900
2019-07-01,266.9485778808594,268.08622859750477,265.74771822350516,267.8695161656501,78705600
2019-07-02,267.643798828125,267.6979700486466,266.06374060351243,266.9034220756254,61504500
2019-07-03,269.78363037109375,269.80170581299336,268.1764866215848,268.32095238664516,40898900
2019-07-05,269.4766845703125,269.6392257975495,267.26461942981217,268.55574620144637,51677300
2019-07-08,267.9958801269531,269.2960442403786,267.4541404873554,268.16743147205943,45841800
2019-07-09,268.32989501953125,268.6278366109929,266.7859607557403,266.8401319541879,41101300
2019-07-10,269.612060546875,270.56011189882554,268.8626737180611,269.39537569112645,58448500
2019-07-11,270.24395751953125,270.48772785843283,269.24176301670235,270.2529952352722,50826100
2019-07-12,271.4539489746094,271.5261956250817,270.42466841458145,270.73164779402924,40326000
2019-07-15,271.54425048828125,271.88735320178154,271.03863413807807,271.88735320178154,33900000
2019-07-16,270.66851806640625,271.6617031458477,270.3615385971301,271.4540284074998,36650100
2019-07-17,268.82659912109375,270.80393145030723,268.82659912109375,270.6414177790369,36036300
2019-07-18,269.8106384277344,270.18986439626957,267.88750564607955,268.32991298102115,51392600
2019-07-19,268.3118896484375,270.93026568631416,268.1403383081677,270.903180082799,58678600
2019-07-22,268.97100830078125,269.51274797837686,268.1945358876464,268.70916240503885,43638100
2019-07-23,270.89410400390625,270.89410400390625,269.2598751971888,270.0905461773964,44564500
2019-07-24,272.1672058105469,272.1672058105469,270.04540847226593,270.1357029970052,47213200
2019-07-25,270.86700439453125,271.7698944091797,270.0634190555662,271.7157232126221,55394100
2019-07-26,272.681884765625,272.88052171662747,271.4268541311043,271.55327198811625,45084100
2019-07-29,272.18524169921875,272.68184778639005,271.63449196441434,272.5644676648038,38126500
2019-07-30,271.5172119140625,271.92352363022513,270.4066467628394,270.78587286819317,45849000
2019-07-31,268.5466003417969,271.9505137105572,266.53317301954223,271.7608869474775,104245200
2019-08-01,266.2080993652344,271.65252527131696,265.41355171160745,268.7000847236065,142646600
2019-08-02,264.2037048339844,265.55804002591907,262.6507327117384,265.31426961081803,116749700
2019-08-05,256.25836181640625,260.22203637331984,254.36228645172406,260.1136939331715,178745400
2019-08-06,259.851806640625,260.0685190404571,256.6736428346704,258.14535837183905,120711700
2019-08-07,260.00531005859375,260.7727722927134,254.6511774136103,256.7819852077057,140572300
2019-08-08,265.1066589355469,265.1066589355469,260.9443476671785,261.49509755220527,87713900
2019-08-09,263.3009033203125,264.7635814112252,261.5222080674551,264.1676704197368,93730000
2019-08-12,260.0956115722656,263.2918233491414,259.1475602385619,261.80205988649254,65527600
2019-08-13,264.14056396484375,265.5851940525705,259.4545607891331,259.79766353479624,94299800
2019-08-14,256.3305969238281,260.7005834580758,256.2042065871093,260.0956622781489,135622100
2019-08-15,257.0076904296875,257.9015704661981,254.96717731036955,257.215365095548,99556600
2019-08-16,260.7998352050781,261.2332048589005,257.0618566167302,258.6599898772652,83018300
2019-08-19,263.9418640136719,264.6190316225491,263.13830611256157,263.8154737214388,53571800
2019-08-20,261.9194641113281,263.96901533165703,261.79307378762985,263.43631331987183,51596400
2019-08-21,264.05023193359375,264.42039264271136,263.3911122132719,264.07731753557846,49524700
2019-08-22,263.96893310546875,265.38647715768724,262.1992762467483,264.7544706280108,51666400
2019-08-23,257.1882629394531,264.3301272824833,255.94227013252467,262.6688127245855,149161500
2019-08-26,260.0323791503906,260.0323791503906,257.8473727295932,259.37325938101276,72423800
2019-08-27,259.0120544433594,261.79297112248156,258.2536301365124,261.4227829094938,66668900
2019-08-28,260.8359680175781,260.99848164367427,257.5494344017355,258.3530199208042,59696700
2019-08-29,264.1676330566406,264.6913248632864,262.3889380553566,263.3911606210267,57899400
2019-08-30,264.05023193359375,265.6663854420489,263.1202561934248,265.6483375587326,62901200
2019-09-03,262.5062561035156,263.2646804730789,261.1790065682752,262.35278021837604,69101400
2019-09-04,265.4859313964844,265.5039792871052,263.92392090578846,264.67333545404205,46887300
2019-09-05,268.8988342285156,269.81073482523794,265.4497861761174,267.9688581886312,83258100
2019-09-06,269.1064147949219,269.7474866798832,268.53761711069353,269.21478476498777,49584300
2019-09-09,269.2419128417969,270.1808989649801,268.3028991645869,270.0906319733859,51260300
2019-09-10,269.1787414550781,269.24195040123317,267.22849472451674,268.4834981554338,57947100
2019-09-11,271.0927734375,271.17403024628595,268.8355480133743,269.48563003768334,68821100
2019-09-12,272.03179931640625,273.08816543274827,271.23725152228974,271.9956759928493,72908700
2019-09-13,271.8512268066406,272.8263637238987,271.4810384912023,272.4742232943265,62104800
2019-09-16,271.0116271972656,271.8964698439727,270.37058263040365,270.72269561213284,58191200
2019-09-17,271.6977844238281,271.78805141832373,270.6413905587591,270.81294193474486,41475500
2019-09-18,271.8602600097656,271.9686024312111,269.27797956454594,271.30948262871954,73375800
2019-09-19,271.8421325683594,273.2416287217111,271.5080676481326,272.24844412507855,76560500
2019-09-20,270.55780029296875,272.7256865360811,269.7686626835575,272.4444725268905,89565000
2019-09-23,270.4942321777344,271.2108170035137,269.64159394991134,269.89556952748023,43476800
2019-09-24,268.37176513671875,271.97279346935863,267.4102840114436,271.5827644184251,94869400
2019-09-25,269.9591369628906,270.40358741300247,266.97490242905855,268.45341435241266,71854000
2019-09-26,269.3968200683594,270.1768783815456,267.99088814051237,269.9682722975083,56179700
2019-09-27,267.9454650878906,270.2584842358922,266.394400547626,270.1496138053091,84746600
2019-09-30,269.18817138671875,269.8956770404428,268.41719257426433,268.4625344992536,51662400
2019-10-01,265.9861145019531,270.7209661205217,265.76842908357344,270.067882184124,88242400
2019-10-02,261.28765869140625,264.4170262525811,259.99964920337914,264.4079467960568,122539500
2019-10-03,263.4283752441406,263.455585936669,258.3488337490657,261.0609342690708,85278800
2019-10-04,266.9930419921875,267.2470176140269,264.0269389043035,264.0813879558739,65091200
2019-10-07,265.84112548828125,267.818537273,265.5599391103268,266.1948921658021,59610500
2019-10-08,261.7140197753906,264.7254656083408,261.677729624761,263.9907492254181,95708100
2019-10-09,264.1993408203125,265.1336114585525,263.10180603510383,263.72767961308983,62359400
2019-10-10,265.9861145019531,266.8659633095825,263.9543101137197,264.1175741775045,55296300
2019-10-11,268.74365234375,270.9750115009524,268.61667837739276,268.7345728885581,98720400
2019-10-14,268.4443359375,269.09742004492904,268.0996488139588,268.42617702704035,40394800
2019-10-15,271.10205078125,271.8458464973218,269.3695631563232,269.4874853651235,46754500
2019-10-16,270.6666564941406,271.35603084525394,270.2312854776649,270.6394458056109,48928200
2019-10-17,271.4648742675781,272.33564398394304,270.7754999147679,271.8276926759577,45736600
2019-10-18,270.27655029296875,271.5736388782995,269.4239120539197,270.929634312639,64304000
2019-10-21,272.1088562011719,272.30841046123777,271.15645449887944,271.5918531611871,39048600
2019-10-22,271.2199401855469,272.9342686902184,271.1292286758053,272.6440029315517,48594700
2019-10-23,272.0091247558594,272.0635461348605,270.75737767629226,270.9660114166438,34352200
2019-10-24,272.4535217285156,273.0884746005034,271.62809406743776,272.94334172458434,35453100
2019-10-25,273.5693359375,274.11357754219307,271.82776833873777,271.8821897310793,45205400
2019-10-28,275.1112060546875,275.6101055167936,274.7574671529367,274.7846778376868,42147000
2019-10-29,275.0296325683594,275.95485140942054,274.7121560578241,274.8391577345471,44284900
2019-10-30,275.87310791015625,276.24497797030693,273.9229077108311,275.2290756919439,49643900
2019-10-31,275.1383972167969,275.86406156075225,273.6871238914147,275.86406156075225,69053800
2019-11-01,277.687255859375,277.73259776958525,276.41735019832123,276.58064197385863,71141500
2019-11-04,278.802978515625,279.374430643672,278.43108065957426,279.23837720396307,60606900
2019-11-05,278.4945983886719,279.30189498204095,278.2043325788355,279.0025497152499,42933200
2019-11-06,278.5580749511719,278.8301818233875,277.6147249920431,278.4945741205653,46487100
2019-11-07,279.53759765625,280.8709762647031,279.0659366686972,279.8913641578595,54272300
2019-11-08,280.22705078125,280.2814721535745,278.4945632788722,279.19298934454866,49032100
2019-11-11,279.69189453125,279.864238107545,278.7122544469131,278.84833556176477,35797300
2019-11-12,280.281494140625,281.17947453569053,279.5104877305214,280.05472917772806,46484600
2019-11-13,280.37225341796875,280.7713620351493,279.0660847947005,279.2928497962224,53917700
2019-11-14,280.7803039550781,280.8619636831978,279.4560046150865,280.09095744342886,51219900
2019-11-15,282.8121337890625,282.85747569869864,281.42433364278145,282.1136801480739,62023600
2019-11-18,283.020751953125,283.25659632840035,282.1227717261377,282.5763015670428,49228000
2019-11-19,282.9390563964844,283.6284304579314,282.29505191770323,283.61935100514654,67804700
2019-11-20,281.886962890625,282.86660297199927,280.3358983899287,282.34957224467774,79406200
2019-11-21,281.43341064453125,282.1046536636578,280.635221339549,281.99581092576324,54664700
2019-11-22,282.059326171875,282.31330182529547,281.052503014795,282.1772483826184,44850200
2019-11-25,284.245361328125,284.245361328125,282.98456243967775,282.98456243967775,48647200
2019-11-26,284.88934326171875,285.0707663027961,283.96415218727157,284.28162866852205,37569000
2019-11-27,286.1592712402344,286.1592712402344,285.15242034281846,285.37010586387197,44444600
2019-11-29,285.0979919433594,285.8417876970087,284.87122697075444,285.59686381058185,36592700
2019-12-02,282.6761474609375,285.41545826710006,282.24982822038623,285.3519574335292,75767800
2019-12-03,280.7803039550781,280.8619636831978,278.5852351006926,279.9639558052549,73941700
2019-12-04,282.5128479003906,283.11151071206064,281.4788140847929,281.82350125041523,49080000
2019-12-05,283.020751953125,283.2293856451966,281.7145837968173,283.21125441681573,40709000
2019-12-06,285.60589599609375,286.00500449632267,284.9165217354681,284.9256011908763,48927000
2019-12-09,284.7078857421875,285.887052207936,284.63530546909504,285.21583692878045,34838500
2019-12-10,284.3904113769531,285.3156022560636,283.73732732073876,284.6534664265952,52649800
2019-12-11,285.1977233886719,285.4516989977195,284.3087949163725,284.8439568182491,53429100
2019-12-12,287.6558837890625,288.4359419435748,284.97099448527933,285.2068112141044,96389600
2019-12-13,287.828125,289.05266085196234,286.64893105019,287.4199371555929,81503900
2019-12-16,289.8056335449219,290.3952169345024,287.7647488016478,289.5516578841208,82749700
2019-12-17,289.8691101074219,290.4859041346796,289.78747804627915,290.1865865771561,61097700
2019-12-18,289.8872375488281,290.4859003373177,289.8328161754444,290.25913538779594,48133000
2019-12-19,291.07550048828125,291.14808077783215,289.823753465592,290.07772911648044,85310500
2019-12-20,292.3516845703125,293.4819599466499,291.1302516726063,292.1055564808797,147142100
2019-12-23,292.79827880859375,293.1902254958816,292.6524323585263,293.13553655427705,52990000
2019-12-24,292.807373046875,293.0716936318886,292.50655608135855,293.02612879098643,20270000
2019-12-26,294.3660583496094,294.3751824445798,293.1810943326841,293.1901906102919,30911200
2019-12-27,294.2931213378906,295.149951744562,293.7644523592922,295.0952628094436,42528800
2019-12-30,292.670654296875,294.5119413986182,292.1875500985432,294.3752190438764,49729100
2019-12-31,293.3816223144531,293.62775035689424,291.82293192090606,292.16931374555315,57077300
2020-01-02,296.1253662109375,296.1436144059444,293.99241369791713,294.9130573899098,59151200
2020-01-03,293.8829650878906,295.0041439336054,292.688876931802,292.74356586892327,77709700
2020-01-06,295.004150390625,295.0861837981025,292.01434006994486,292.1328420420894,55653900
2020-01-07,294.1746826171875,294.91301114756425,293.7280191701127,294.4390032296372,40496400
2020-01-08,295.7425231933594,296.9548319309042,294.1200195395933,294.3661197989049,68296000
2020-01-09,297.7477722167969,297.820709338136,296.71775096243204,297.3011366636997,48473300
2020-01-10,296.89093017578125,298.48608887965315,296.42607426931494,298.3311461832845,53029300
2020-01-13,298.9327697753906,298.94186605271307,297.082386683004,297.510801872737,47086800
2020-01-14,298.4770812988281,299.54354357146394,297.9210399203598,298.4953016751799,62832800
2020-01-15,299.15155029296875,299.90809914567166,298.30384393795646,298.38587734482564,72056600
2020-01-16,301.6399230957031,301.6399230957031,300.29998886032536,300.5278686430947,54050300
2020-01-17,302.5788879394531,302.7885196066415,301.57621099627295,302.3510080804288,95846000
2020-01-21,301.9864196777344,302.7885613428453,301.5489080912153,301.621817416512,77742400
2020-01-22,302.02288818359375,303.4904491427102,301.8679454358583,302.84325022550865,48914900
2020-01-23,302.3692321777344,302.77942705597485,300.2636244798141,301.37567931823935,51963000
2020-01-24,299.68023681640625,303.1075588185603,298.3949910655985,303.02552540689584,87578400
2020-01-27,294.87652587890625,296.35318285602233,294.1108529210448,294.44811064824233,84062500
2020-01-28,297.9666442871094,298.8416952816207,294.9677371260553,296.2985479035743,63834000
2020-01-29,297.72052001953125,299.55268327227856,297.5199845997412,299.32480337785205,53888900
2020-01-30,298.6866760253906,298.89633550564963,294.9130001022843,295.66042488337473,75491800
2020-01-31,293.26318359375,298.221851981053,292.35166407869235,298.0668814238513,113845600
2020-02-03,295.4416809082031,297.3011883827756,294.62131896327486,294.7398209430448,69083000
2020-02-04,299.944580078125,300.8105346597248,298.7231473854342,299.0421847479902,62573200
2020-02-05,303.40826416015625,303.61792358805616,301.41206272649225,302.8704711762649,65951100
2020-02-06,304.42919921875,304.6206104661579,303.3535853975724,304.365386197161,50359700
2020-02-07,302.8066711425781,304.4382703838826,302.25975409202255,303.3718085617881,64139400
2020-02-10,305.06732177734375,305.1311348147873,301.88612780958465,301.9225963763189,42070000
2020-02-11,305.5959777832031,307.2002328793031,305.0672809970112,306.41633961218275,54864500
2020-02-12,307.56475830078125,307.774389871139,306.66233556007313,307.02693760262616,43992700
2020-02-13,307.2366943359375,308.20290257264736,305.8694153801374,306.1428600443528,54501900
2020-02-14,307.72894287109375,307.8474448392001,306.4528213248784,307.64690946641167,64582200
2020-02-18,306.9359130859375,307.79274347896046,305.550385905375,306.7353777212436,57226200
2020-02-19,308.4034729003906,309.077988360176,307.6195795625174,307.9021483533661,48814700
2020-02-20,307.1365051269531,308.6769752996938,304.1558185736376,307.8565854998732,74163400
2020-02-21,303.9735107421875,306.0973387829116,303.1531209980254,305.7874255135602,113788200
2020-02-24,293.8921813964844,304.0464959569677,292.81656705509187,294.54847666522704,161088400
2020-02-25,284.986572265625,295.8883379321786,284.1115213155918,295.2776354317167,218913200
2020-02-26,283.9383239746094,289.9634545114292,283.2091195022636,286.38118955607183,194773800
2020-02-27,271.1861572265625,283.99299421889395,271.1861572265625,278.43272007694435,284353500
2020-02-28,270.0467834472656,271.5325647241753,260.2752930240666,263.15569806188904,384975800
2020-03-02,281.7415771484375,281.80539019373504,268.40604154971504,271.82423989590694,238703600
2020-03-03,273.674560546875,286.0712292614889,271.2408194618374,282.1152386233994,300139100
2020-03-04,285.17791748046875,285.3967010302959,276.4911395839047,279.0342862432625,176613400
2020-03-05,275.6980895996094,281.17632889627316,273.46488424875696,277.9951357880224,186366800
2020-03-06,271.1404724121094,272.34368433894815,264.5502069103932,267.2118271902237,228667200
2020-03-09,249.9660186767578,259.04474569545937,249.25503453343848,250.94132346367905,309417300
2020-03-10,262.90045166015625,262.9915813511426,249.30056924454237,259.4549092564181,276444100
2020-03-11,250.08445739746094,256.99379025278967,246.91238758499932,255.86351506144038,255316300
2020-03-12,226.1570587158203,243.06574485920348,225.7650981762707,233.34894558391483,392220700
2020-03-13,245.4904022216797,247.45928738947632,226.53079663529957,239.8116265596918,329566100
2020-03-16,218.62796020507812,234.16935673558086,216.35827161630672,219.84026891466843,297240000
2020-03-17,230.43211364746094,233.5039435706242,216.0939169725968,223.35871400097514,262070500
2020-03-18,218.76466369628906,226.39407689191867,207.84466479454713,215.34646582603455,327597100
2020-03-19,219.2294921875,225.49163896080339,211.67300364288351,218.0809829271714,289322000
2020-03-20,209.78199768066406,224.14949538908877,209.50693107809147,222.37074721498362,347158800
2020-03-23,204.41824340820312,210.58883736917826,200.11807712080454,209.22269612416616,326025200
2020-03-24,222.93923950195312,223.81028619851725,214.3664247760725,214.93488557553914,235494500
2020-03-25,226.2766571044922,235.04203577073906,219.82183239457268,224.51625036542322,299430300
2020-03-26,239.4888916015625,240.95587614121874,228.34879937507776,228.77973377835932,257632800
2020-03-27,232.35552978515625,239.1312666476789,230.18253051508594,232.2180034986201,224341200
2020-03-30,239.90147399902344,240.61663876583322,232.45641822635318,234.44604471765408,171369500
2020-03-31,236.32566833496094,241.44184313996882,234.92284395447982,238.90209724302795,194881100
2020-04-01,225.68984985351562,236.24314028710725,223.62687128450554,227.36774076850008,189554600
2020-04-02,230.89772033691406,231.67705936295383,224.25950903784965,224.80964222485147,177660400
2020-04-03,227.56033325195312,232.2639297273694,224.83719992307752,229.91670637380005,135561200
2020-04-06,242.84466552734375,244.80680088287363,227.54196002564834,236.40818218401068,188061200
2020-04-07,243.0921630859375,252.16926068527442,242.87212105327694,251.41741309911097,201427200
2020-04-08,251.25247192382812,253.05872554058368,243.202271556666,245.68700700539043,153774500
2020-04-09,255.0758514404297,257.8264895451894,252.57276069196072,254.50736272812495,189999200
2020-04-13,252.74700927734375,254.44324196832764,248.8502713568677,254.10400102631928,114839100
2020-04-14,260.2012023925781,261.21892505517496,252.60944238232008,257.6247736197147,134143400
2020-04-15,254.67236328125,260.33866974894516,252.56352443424902,254.49815400316507,121775000
2020-04-16,255.90101623535156,256.75370726229335,252.83864275488824,255.94684900762073,131798300
2020-04-17,262.81427001953125,263.4193856745287,258.9266831445482,261.65899326176117,146684800
2020-04-20,258.18402099609375,262.95180422099605,257.9639789331066,259.1192277447229,100109300
2020-04-21,250.34469604492188,254.92909188820968,249.4094613850949,253.72798241574282,126385700
2020-04-22,255.90101623535156,257.6430812956117,253.89304834549813,255.21335676570135,92951600
2020-04-23,255.88275146484375,260.3388009581545,255.5801935025374,257.17555508386147,104709700
2020-04-24,259.4493408203125,260.1186727932332,255.35088916404356,257.39554010912246,85063200
2020-04-27,263.1902160644531,264.3088100325091,260.9622058760842,261.4206455682229,77896600
2020-04-28,261.9799499511719,267.1786402598977,261.67736409264813,266.8302216256885,105270000
2020-04-29,268.8381652832031,270.36936598916276,266.27091449702925,267.2978148114988,118745600
2020-04-30,266.3350830078125,268.9390166066362,264.6021678699744,267.4628265283742,122901700
2020-05-01,259.2843322753906,266.5001686462375,258.11987753446385,261.59485828058166,125180000
2020-05-04,259.99945068359375,260.30200851871746,255.92850465269154,257.40466678621465,80873200
2020-05-05,262.4017028808594,265.20735144767355,260.1278320243504,262.81430977989436,79569900
2020-05-06,260.6229553222656,264.4830095523587,260.192020908388,264.09793589455825,73632600
2020-05-07,263.7678527832031,265.6933050734505,263.2635803176103,263.8320410550969,75250400
2020-05-08,268.1321716308594,268.5997890049133,265.7666074831052,266.89437904014466,76452400
2020-05-11,268.18719482421875,269.56251377203523,265.7849755389823,266.2067321816507,79514200
2020-05-12,262.8418273925781,269.7825831185984,262.7042730991444,269.37000418111256,95870800
2020-05-13,258.1931457519531,263.3184962773055,255.77257163214736,262.28241847515807,144721100
2020-05-14,261.28314208984375,261.4114906647709,250.29891603317049,255.76353778728304,121977900
2020-05-15,262.48419189453125,262.53002466488874,257.95480613821377,258.89919065123917,111146300
2020-05-18,270.4794006347656,272.08393945209053,268.3705893815132,268.6914747602291,119703800
2020-05-19,267.701171875,271.5887300136279,267.6828443675088,269.88334844633727,95189300
2020-05-20,272.2489929199219,273.1108617924765,271.00205036955106,271.23127021904025,85861700
2020-05-21,270.3692932128906,272.92739354474674,269.2782049272251,272.1205355202955,78293900
2020-05-22,270.8827819824219,271.0569912617553,268.84730912262285,270.0851015880697,63958200
2020-05-26,274.22027587890625,277.07178533427884,270.9011769612808,276.8333877387792,88951400
2020-05-27,278.3004150390625,278.33709805129075,272.1939946167621,277.00761167218025,104817400
2020-05-28,277.7869567871094,281.3352756373356,277.1176247426951,279.32730748503195,90405200
2020-05-29,279.0246887207031,279.6114768667384,274.57781894297864,277.3192788350179,119090800
2020-06-01,280.1524963378906,280.7576401144218,277.8694755298853,278.38292576798335,55758300
2020-06-02,282.4721984863281,282.5180592457431,279.73991573138625,281.0693740975131,74267200
2020-06-03,286.2313232421875,287.1848853825561,284.1775229222528,284.45257547191164,92567600
2020-06-04,285.47955322265625,286.9832488519643,283.38906933428206,285.2503333753304,75794400
2020-06-05,292.7962951660156,294.565865879508,290.797504578311,290.86169285851645,150524700
2020-06-08,296.3354187011719,296.52795553104175,293.0621526886974,293.60310815038525,73641200
2020-06-09,294.125732421875,296.40875303318035,292.814573695221,293.67644251654445,77479200
2020-06-10,292.48455810546875,295.5927930158741,291.76939322056137,294.7034187889176,95000800
2020-06-11,275.6231384277344,286.2039358982989,275.0730331017828,285.5712867925123,209243600
2020-06-12,278.923828125,283.3890255846192,273.78014897594073,282.6188503742168,194678900
2020-06-15,281.52783203125,282.65560386034076,272.07480686820895,273.24841147874247,135782700
2020-06-16,286.9465637207031,289.4038217313861,282.0962919334156,289.25711767246935,137627500
2020-06-17,285.754638671875,288.25772952024136,285.02111835943526,287.9643213952654,83398900
2020-06-18,285.8646240234375,286.34139118127837,283.78331810749904,284.2417577526698,80828700
2020-06-19,284.2309875488281,289.5170263493881,282.2878438676283,289.32364222607004,135549600
2020-06-22,286.05438232421875,286.45036871018254,282.4904486423991,283.6323733290194,74649400
2020-06-23,287.3712463378906,289.6274972240298,286.9660418676936,288.69736494870455,68471200
2020-06-24,280.0407409667969,285.95302134093265,278.2081310603143,285.3359965817493,132813500
2020-06-25,283.0429382324219,283.3100111754416,277.45298321689944,279.4697872300513,89468000
2020-06-26,276.3201904296875,282.1588089909428,275.74003830954314,281.94698868723077,127961000
2020-06-29,280.3815002441406,280.51963173893165,275.2888463730119,277.5727234684733,79773300
2020-06-30,283.97296142578125,285.66746752278567,279.7920330742543,279.94857267952705,113394800
2020-07-01,285.96221923828125,287.2238950877985,284.62691073499315,285.08736775765794,72396500
2020-07-02,287.5370178222656,290.7325908541107,286.8739585501112,289.38803604130976,69344200
2020-07-06,291.9758605957031,292.55604108748975,290.60370731479867,291.34964563164624,61713800
2020-07-07,288.96441650390625,292.4086261412663,288.58683836174674,290.43788464051073,82910000
2020-07-08,291.1747131347656,291.28521836796824,287.9699489555789,289.7288707575168,54638600
2020-07-09,289.5169677734375,292.0218551502653,286.1095744969354,291.78240850045916,83354200
2020-07-10,292.4730529785156,292.74012588856067,288.02505104229334,289.4524563986217,57550400
2020-07-13,289.9405517578125,297.18814022544717,289.2867107064114,294.81219454195264,102997500
2020-07-14,293.6979675292969,294.4715320808562,287.32522893206374,288.522406144319,93657000
2020-07-15,296.396240234375,297.4921303782736,294.0202658653574,296.91194993690715,87196500
2020-07-16,295.4200439453125,295.87128286396967,293.85447872341933,294.49912983927373,54622500
2020-07-17,296.2764587402344,297.059241275674,294.4530388686995,296.4238083554755,62774900
2020-07-20,298.6708984375,299.4168366870497,295.26350467471246,296.0094429242622,56308800
2020-07-21,299.30633544921875,301.0744749886083,298.32095050262376,300.63245415579655,57292200
2020-07-22,301.00994873046875,301.323084234717,298.8366050924752,298.94711028029644,57792900
2020-07-23,297.41839599609375,301.35071700630476,296.05546117826077,300.65081332964456,75738000
2020-07-24,295.50286865234375,296.52506963264034,294.0017744381239,295.56733937292,73766600
2020-07-27,297.6578674316406,297.83284336537673,295.4016165623497,296.19361733148213,48293000
2020-07-28,295.77001953125,298.04467867981947,295.47532024869815,296.9303522871835,57495000
2020-07-29,299.4075927734375,299.9693649980808,296.60800599281623,296.64485042658015,48454200
2020-07-30,298.33935546875,298.7537780991364,294.36102749576685,296.44227447076116,61861700
2020-07-31,300.6968994140625,300.79821459184643,295.9173523890963,300.1259370973195,84986800
2020-08-03,302.78741455078125,303.55176103880365,301.81124766050027,302.35458371421714,53077900
2020-08-04,303.9569396972656,303.9569396972656,301.93091720834786,301.93091720834786,41917900
2020-08-05,305.84478759765625,306.10267054186585,304.98834417548517,305.2554171505095,42697700
2020-08-06,307.8891906738281,308.00891400036295,304.9422824929676,305.2646080403921,43679400
2020-08-07,308.1102600097656,308.3957411535914,306.0197668612782,306.922272863609,57308300
2020-08-10,309.03125,309.21541601638984,306.6276488170699,308.5615746656635,44282100
2020-08-11,306.480224609375,310.84537688701096,305.7527226498275,310.2099438612299,69601100
2020-08-12,310.7532958984375,311.52686046889016,308.88384116049235,308.91146746286313,53774400
2020-08-13,310.1914978027344,311.4992082489788,309.2705836615696,309.9888955675153,41816100
2020-08-14,310.2007141113281,310.734860048338,309.0771977415584,309.80472777793506,47260400
2020-08-17,311.1861572265625,311.58214363407274,310.2099903082899,311.2137835316429,35481000
2020-08-18,311.8583679199219,312.281980541681,309.98888529540005,311.58207682428633,38733900
2020-08-19,310.5600280761719,312.7517811278234,309.99825557883946,312.2360712210722,68054200
2020-08-20,311.5268859863281,312.005751301336,308.70889049740055,308.83780388433297,42207800
2020-08-21,312.6318359375,312.8528462625608,310.85445089327067,311.1952126164856,55106600
2020-08-24,315.7998352050781,315.87349595788055,312.60426256204136,315.0630871567319,48588700
2020-08-25,316.90496826171875,316.9878471615432,315.2012714878101,316.36163229349035,38463400
2020-08-26,320.0821838378906,320.3492287448196,316.95108089894495,317.49441695300277,50790200
2020-08-27,320.7819519042969,322.2277935871301,319.1243179942383,320.947737778554,58034100
2020-08-28,322.8540954589844,322.9830369399693,320.616280645361,321.80426786042483,48588900
2020-08-31,321.6845397949219,323.5171500758055,321.4543112428884,322.6422984405211,66099200
2020-09-01,324.71429443359375,324.81558148751446,321.6200086611954,322.5132963995055,54908700
2020-09-02,329.41094970703125,330.3778981673585,325.47862893248646,326.62058140555735,69540000
2020-09-03,318.0745544433594,328.19539204398836,315.4959779391516,327.72571683022153,148011100
2020-09-04,315.4775390625,320.3215279500711,308.386489496312,318.7559908966991,139156300
2020-09-08,306.8577575683594,315.5419982728342,306.5538683027617,310.0809566891278,114465300
2020-09-09,312.9174499511719,315.37627517454166,309.98892137932586,310.8545829924272,91462300
2020-09-10,307.484130859375,315.4408168774141,306.526371988214,314.7869755047928,90569500
2020-09-11,307.64056396484375,310.32042738546795,304.8225690491499,309.26138178450964,84680200
2020-09-14,311.6925964355469,313.46076397555305,307.78792941912315,310.79930858274395,65605700
2020-09-15,313.2673034667969,314.9709717515064,311.7017385465061,314.14215483655477,52920900
2020-09-16,312.0240783691406,315.92874461250403,311.7477873154288,314.5013391992171,82096000
2020-09-17,309.2797546386719,310.99266929417666,306.65514411572747,307.18007184112935,91523300
2020-09-18,305.7191467285156,310.19420971929947,303.24122418442806,310.08326217502207,105877900
2020-09-21,302.316650390625,302.4645898682485,297.4717524188794,301.142417821237,99450800
2020-09-22,305.39556884765625,305.9503348545205,301.2903399000604,303.7960278580259,63612100
2020-09-23,298.31317138671875,306.22775080288056,297.8138791281714,305.9503536740996,93112200
2020-09-24,299.1082763671875,302.1594468796686,295.6872430633771,297.0001882528296,76681300
2020-09-25,303.94390869140625,304.72979648153216,297.38849504638966,298.25759348900306,71069400
2020-09-28,308.99224853515625,309.70418077413325,307.10605558287943,308.09538490645014,64584600
2020-09-29,307.3094482421875,309.5284836874694,306.6159979020015,308.788814611231,51304000
2020-09-30,309.6394958496094,312.78313211808506,307.781039690102,307.97519790754353,104081100
2020-10-01,311.6274108886719,313.1992150632846,309.7504726983646,312.2283956676877,88698700
2020-10-02,308.6685791015625,311.5995746419569,306.2183938043288,306.68994901464,89431100
2020-10-05,314.14227294921875,314.32717611812427,310.67502109585257,310.72123983393703,45713100
2020-10-06,309.67645263671875,316.37057974539914,309.16793362544905,314.28097349200937,90128900
2020-10-07,315.0668029785156,315.87120071394156,312.5981077957547,312.62584467571554,56999600
2020-10-08,317.85919189453125,317.9239207082548,316.08394633419226,316.99932011187576,45242500
2020-10-09,320.6976623535156,321.15996256500506,318.88545342511554,319.5049199072346,59528600
2020-10-12,325.8569641113281,327.32707559553944,322.7410647815939,323.2311019429976,80388500
2020-10-13,323.7303771972656,325.8939389787219,322.7687847777624,325.718262626604,73255500
2020-10-14,321.6962585449219,325.39466069842285,320.96584443553525,324.30363883511666,57727900
2020-10-15,321.2987060546875,321.7794882050628,317.25820597808996,317.7944619067174,60357700
2020-10-16,321.10455322265625,324.30366342738694,320.9288768497177,322.6486204375523,89501900
2020-10-19,316.22265625,322.9907111121093,315.3257925506402,322.36198948401005,68425600
2020-10-20,317.4893493652344,320.7254513716909,316.8051539703146,317.5633049958053,60051900
2020-10-21,316.8883361816406,319.6066638803036,316.5832022185799,317.443073902537,63575000
2020-10-22,318.6266174316406,319.2091203575822,314.9652067470299,317.1010319977672,55399300
2020-10-23,319.7083435058594,319.9025017003484,317.25815794875194,319.8470279304944,49143900
2020-10-26,313.8001708984375,317.1194832403807,310.31440902526583,316.333567187947,91473000
2020-10-27,312.71832275390625,314.47505772642944,312.5056545213952,314.14221515369485,65994100
2020-10-28,302.0299377441406,312.74605184793154,301.5399007132188,307.05976563946336,127094300
2020-10-29,305.09954833984375,308.2616648513857,300.5782403486294,302.26101928707044,90597700
2020-10-30,301.9190979003906,304.8315842442729,298.27616915749184,303.52789396877716,120287300
2020-11-02,305.3031005859375,307.30021286282704,302.56626275236454,305.3031005859375,86068300
2020-11-03,310.6935119628906,312.746126248305,305.38631400131226,308.52995012960014,93294200
2020-11-04,317.6373596191406,321.70559740471685,313.98517525430054,315.1594080860358,126959700
2020-11-05,323.8321228027344,325.63510535784354,322.5561693903892,322.90752215223176,82039700
2020-11-06,323.7581787109375,325.0063952769409,321.4374219661164,323.54551039577217,74973000
2020-11-09,327.8264465332031,336.9060328604697,327.36414614851435,336.5269431590357,172304200
2020-11-10,327.3455505371094,328.39958037530033,324.0817120840673,326.8370033607283,85552000
2020-11-11,329.7773132324219,330.6001931058199,328.28869157206935,329.5276530081711,58649000
2020-11-12,326.5781555175781,329.8235125087104,324.7752013576145,328.76945432758134,67546200
2020-11-13,331.0995178222656,331.83918709900695,327.9651078910253,328.48288202805907,62892200
2020-11-16,335.2324523925781,335.4266106214588,332.4771323966517,333.76234079790987,74541100
2020-11-17,333.429443359375,334.63144099542336,331.3213552496351,332.8284586496354,66111000
2020-11-18,329.41668701171875,334.2431030727179,329.3796950886092,333.69759212727365,70591300
2020-11-19,330.8035888671875,331.173423449706,327.44728430310664,328.7879664083773,59940900
2020-11-20,328.538330078125,330.7481391320541,328.4643744428736,330.5447258643978,70417300
2020-11-23,330.5076904296875,331.7651617960009,328.1129784945893,330.34126910985094,63230600
2020-11-24,335.8334045410156,336.37891546594994,332.1997312419318,333.0503479254816,62415900
2020-11-25,335.31561279296875,335.77791303204526,334.22459100072433,335.75017614636334,45330900
2020-11-27,336.2495422363281,336.721069396595,335.2417026629686,336.4067085508926,28514100
2020-11-30,334.76092529296875,335.7409997721045,332.08884395768695,335.47285766997896,83872700
2020-12-01,338.4222717285156,339.95711197569057,337.4144605490259,338.00621842500254,74231400
2020-12-02,339.13433837890625,339.2915047150348,336.73962567138506,337.31287365788194,45927000
2020-12-03,339.04180908203125,340.42871003443537,337.94153206913154,339.03255404637883,62882000
2020-12-04,341.9634704589844,341.9634704589844,339.53176684344106,339.62423252861316,50749900
2020-12-07,341.2607727050781,341.75080980917244,339.9940746180739,341.19604390236077,48944300
2020-12-08,342.25946044921875,342.82345334365795,339.94795865251774,339.9941774018219,42458900
2020-12-09,339.189697265625,343.0730024150456,338.35756246336115,342.915836132159,74098300
2020-12-10,339.0787353515625,340.1235101648178,336.9521373730438,337.8212640589187,57735400
2020-12-11,338.68115234375,339.0879788216525,335.8703871356922,337.38671728522763,57698600
2020-12-14,337.16485595703125,341.9172883370529,336.98917958686485,340.84477647871296,69216200
2020-12-15,341.7231140136719,341.7231140136719,338.329845795208,339.6982365511047,63865300
2020-12-16,342.25946044921875,343.17480613140845,341.0574625849894,341.9358445543657,58420500
2020-12-17,344.1732482910156,344.37666151029305,343.07297154354643,343.895879454076,64119500
2020-12-18,342.799072265625,344.62830083764095,340.79341847573585,344.461170106029,136542300
2020-12-21,341.5733642578125,351.4159127548199,336.15997816972384,338.8898932592316,96386700
2020-12-22,340.9976501464844,342.0097572148125,339.87412260631737,341.8983367429737,47949000
2020-12-23,341.30413818359375,343.20763766131074,340.9791428653168,341.96339496968784,46201400
2020-12-24,342.6319274902344,342.659782611028,341.19269902115246,341.7776565578183,26457900
2020-12-28,345.57550048828125,345.96547227304984,344.55409858579725,345.17620587854617,39000400
2020-12-29,344.9161376953125,347.27464186044676,344.3311518128284,347.09821664709926,53680500
2020-12-30,345.4082336425781,346.4389297116673,345.0182619794542,345.7332289197448,49455300
2020-12-31,347.1632385253906,347.8875000497571,344.7026082398412,345.2132949330659,78520700
2021-01-04,342.43695068359375,348.6210426946345,338.7506384714175,348.4910332362678,110210800
2021-01-05,344.7953796386719,345.88178590422,341.74976397277425,341.79620806023695,66426200
2021-01-06,346.8567810058594,350.04170094295614,342.743347597711,343.29118386394964,107997700
2021-01-07,352.01025390625,352.7530761209453,349.0482028609267,349.2246280958658,68766800
2021-01-08,354.0158386230469,354.2293850911422,350.1531015213458,353.3937031789076,71677200
2021-01-11,351.6295166015625,353.3844459686813,350.72882987062206,350.84954484541544,51034700
2021-01-12,351.70367431640625,352.71578121015943,349.46588577015143,351.81512310586595,52547700
2021-01-13,352.65087890625,353.6443970420134,350.84950564563337,351.6294773146356,45303600
2021-01-14,351.4159240722656,353.89514316325904,351.0816626236897,353.39372265354797,49989100
2021-01-15,348.8531799316406,350.59881478443,346.9960962553196,349.800282405299,107160000
2021-01-19,351.59234619140625,352.13091630295105,349.8281224423444,351.3045005009363,51233300
2021-01-20,356.4578857421875,357.2935676023044,353.48654097639,353.87651262058415,61836100
2021-01-21,356.7829284667969,357.4422136144088,355.8636810590546,357.0150639404166,47840100
2021-01-22,355.52008056640625,356.68075778914084,354.55438918277406,354.9350947122526,52860500
2021-01-25,356.9222717285156,357.2750938843203,351.41599615184015,356.25372035738883,70402000
2021-01-26,356.3650817871094,358.2778757163541,356.1329463264064,357.869315038569,42665300
2021-01-27,347.6553649902344,353.1430508430368,345.4268701693278,353.05019098865546,123351100
2021-01-28,350.6452331542969,354.6379514307327,349.0295795422171,349.465966970764,94198100
2021-01-29,343.6255187988281,349.7539012035363,341.9541263228981,348.7882096621224,126765100
2021-02-01,349.3453369140625,350.3760048440203,343.91336101234145,347.01468762606163,75817600
2021-02-02,354.2851257324219,355.83580306474755,349.42887007201125,352.52090191367535,64450700
2021-02-03,354.56365966796875,356.281467508707,353.2915620518551,355.11149587959494,52427100
2021-02-04,358.5935974121094,358.64001317221204,354.6751494739212,355.59439688401244,47142600
2021-02-05,360.00494384765625,360.7106447040377,358.54715471512554,360.45994861198795,48669800
2021-02-08,362.6048583984375,362.6512741525483,360.59920475972706,361.4534473259199,38365200
2021-02-09,362.363525390625,362.95780588853523,361.36071247146884,361.7692448927148,35551100
2021-02-10,362.2055969238281,364.24840035419544,359.8099713889872,364.09983025590975,59154400
2021-02-11,362.7905578613281,363.7005390243798,360.3670773709089,363.2826838806573,42913300
2021-02-12,364.58270263671875,364.8241042599518,361.9177635996305,361.9920628197405,50593300
2021-02-16,364.2669372558594,366.0033342269587,363.55197027023985,365.8083200461877,50972400
2021-02-17,364.3505554199219,364.6012515218009,361.5091912477151,362.5213268153556,52290600
2021-02-18,362.79986572265625,363.5426878534969,360.03280086210617,361.7506089186291,59712800
2021-02-19,362.15924072265625,364.3413201237446,361.713530354502,364.05347436624504,83241000
2021-02-22,359.3735046386719,361.77842431901905,359.1042196026477,359.4013597570989,67414200
2021-02-23,359.8099670410156,361.15636405887625,353.0316228676275,357.1729115862207,107284100
2021-02-24,363.7748718261719,364.2020215283774,357.7393491134109,358.72360131962074,72433900
2021-02-25,355.0093688964844,363.8769599629682,353.5701404616122,362.51200240283123,146670500
2021-02-26,353.1801452636719,358.0271345906392,351.20237503364604,356.8850463128118,152701600
2021-03-01,361.7413024902344,362.9855734404292,353.37516012939244,358.03642977075657,105348800
2021-03-02,358.9185791015625,362.19633073939394,358.41715856200267,361.964195274004,79595300
2021-03-03,354.1644287109375,359.18781495345684,354.06227437694446,358.22215187611573,119940200
2021-03-04,349.78173828125,356.5600826850542,345.3061596092031,353.9787373865895,183433000
2021-03-05,356.2165222167969,357.265779064072,346.01185613057277,353.2730320198999,152039600
2021-03-08,354.4429931640625,359.977094609663,354.16444194612137,357.17290844727864,123149200
2021-03-09,359.5035705566406,362.04776622878813,357.77646793232316,358.27788847962165,113633600
2021-03-10,361.7413024902344,363.431255369481,360.4320834867978,361.84345682354007,109899400
2021-03-11,365.4090881347656,367.37759240388004,363.7469902205475,364.2019950148293,86245000
2021-03-12,365.901123046875,366.0403986280399,363.2455075098559,364.0533342174548,64653600
2021-03-15,368.0832824707031,368.34327305827475,364.01626458616573,366.15189953144346,73427200
2021-03-16,367.61895751953125,369.401741761804,366.84825201962127,368.6960693202915,73722500
2021-03-17,368.8725280761719,369.6710604301495,365.1954821103504,366.33759873657715,97959300
2021-03-18,363.50555419921875,368.37110416522074,362.8277084837041,366.2911796002453,115349100
2021-03-19,362.8328857421875,364.77989041785,360.6622818583176,363.205513182998,113624500
2021-03-22,365.73016357421875,367.10891663764517,363.28942068287944,363.3453133880508,73778600
2021-03-23,362.8515625,366.5406230570263,362.0690362260645,365.09668084256,90686600
2021-03-24,361.0069885253906,365.8791772373448,360.9604207531097,364.2489071923662,97588600
2021-03-25,363.0378112792969,363.8296338779466,357.6346142382813,359.5723222908005,116128600
2021-03-26,368.88824462890625,369.28881849367565,363.5875351124933,364.18373344592686,114409100
2021-03-29,368.70196533203125,369.60560209374427,365.9351623341809,367.4163760803508,108107600
2021-03-30,367.72381591796875,368.3945569028789,366.1307883102693,367.4350274245717,76262200
2021-03-31,369.2142333984375,370.76998933005086,368.26402908759354,368.2919754370403,112734200
2021-04-01,373.2013854980469,373.257306623369,370.9376460344491,371.1425953951237,99682900
2021-04-05,378.55810546875,379.0984396024881,375.7820059480064,375.8565200890422,91684800
2021-04-06,378.3345031738281,379.3778716395841,377.66376224160524,377.9991469225459,62021000
2021-04-07,378.7723693847656,379.11705058317233,377.7103794337197,378.16684605543014,55836300
2021-04-08,380.57025146484375,380.62614416673193,379.08903800549706,380.02062094317336,57863100
2021-04-09,383.3370361328125,383.50474266034735,380.3280415787718,380.4491519037927,61104600
2021-04-12,383.4768981933594,383.7470368351651,382.1354161945966,382.74093955092366,56704900
2021-04-13,384.6133728027344,385.2375459689583,382.992427357714,383.3743798281407,56551000
2021-04-14,383.2998352050781,385.63808919365846,382.7595011466084,384.58539585907903,61659900
2021-04-15,387.41748046875,387.687647542853,385.38663602263046,385.43320380831716,60229800
2021-04-16,388.7123107910156,389.31783402254797,387.28699001478793,388.70298586402646,82037300
2021-04-19,386.80255126953125,388.2278720552796,385.4797193923822,387.78073043129933,78498500
2021-04-20,383.9705810546875,386.6907875184191,382.4986639809094,385.59152639170094,81851800
2021-04-21,387.60369873046875,387.80864810285476,383.21592286206607,383.3556830388797,66793000
2021-04-22,384.0636901855469,388.2651383615414,383.0017004125384,387.43604432459205,97582800
2021-04-23,388.2278747558594,389.6345741269456,384.54813911119874,384.6226532391619,73209200
2021-04-26,389.0383605957031,389.60664100563645,388.2931055721406,388.8800074072831,52182400
2021-04-27,388.95452880859375,389.53213415675737,387.8179963971385,389.33648125494796,51303100
2021-04-28,388.84271240234375,390.342575715046,388.3769209336228,389.2246648182536,51238900
2021-04-29,391.3208312988281,391.9356796138736,387.94850471027235,391.56305202496617,78544300
2021-04-30,388.74957275390625,389.90475500080083,387.8552610382918,389.057011063111,85527000
2021-05-03,389.5880432128906,391.1158246327663,389.0943053331574,390.73387217038277,68128300
2021-05-04,387.1844787597656,388.0974402326931,383.5047433776642,387.6037024349062,101591200
2021-05-05,387.3056640625,389.0570447951,386.74670853065714,388.82414902597037,60162200
2021-05-06,390.39849853515625,390.52890537303807,385.3772524687335,387.38015025282107,74321400
2021-05-07,393.23980712890625,393.8919265936675,390.4823294392389,391.16239525650957,67733800
2021-05-10,389.3457946777344,393.81738162988034,389.2246843410474,393.59381081117,81852400
2021-05-11,385.8710021972656,386.8584779431412,382.0049382756216,384.8369586713548,116888000
2021-05-12,377.6731262207031,384.3618863785904,376.35959057471223,383.09494694764567,134811000
2021-05-13,382.2098388671875,384.1382223326197,379.17286945378146,379.2194656575238,106394000
2021-05-14,388.0788879394531,388.9266319996469,384.9115109821357,384.93945733886034,82201600
2021-05-17,387.0913391113281,387.9018401628468,385.07911651757036,386.97025720812496,65129200
2021-05-18,383.7563171386719,387.59443468838975,383.5979355139091,387.3522140021612,59810200
2021-05-19,382.7501220703125,382.92712508894346,377.5984699667049,379.0797117393857,106467100
2021-05-20,386.86773681640625,388.1253793888649,383.50473626977606,383.62581816312553,78022200
2021-05-21,386.5509948730469,389.5879640994018,386.09452836834424,388.34894297284785,76578700
2021-05-24,390.49169921875,391.563014094204,388.54466552821737,388.78688623089147,51376700
2021-05-25,389.625244140625,391.9262551656702,389.0476672600288,391.5722490957163,57451400
2021-05-26,390.39849853515625,390.90153289083105,389.1781270673312,390.21217056143115,43088600
2021-05-27,390.603515625,391.93567273605674,390.324023615977,391.4233133640079,56707700
2021-05-28,391.3020935058594,392.42930086674016,391.069197778342,392.1684587891069,58520200
2021-06-01,390.95745849609375,393.7987753351119,390.5196133395258,393.65904356804924,54216600
2021-06-02,391.572265625,392.4107130596126,390.6034397848831,391.60953690489885,49097100
2021-06-03,390.1189880371094,391.2555203916502,387.79935555163786,389.2619476298755,58138800
2021-06-04,393.68695068359375,393.98506404338684,390.18418978016194,391.963516582505,55938800
2021-06-07,393.30499267578125,393.85462318339853,392.37340976192394,393.6776201553933,51555000
2021-06-08,393.38885498046875,394.25522031845156,391.56296032167944,394.1620563356279,47134300
2021-06-09,392.80206298828125,394.30192677103173,392.578492110719,394.22738419206837,48436300
2021-06-10,394.62786865234375,395.5781015257895,392.7088099094243,394.0223453765083,51020100
2021-06-11,395.280029296875,395.39181472194224,393.89197955285624,395.1775688004502,45570800
2021-06-14,396.1650085449219,396.26746903201445,394.1527857880061,395.3917787091995,42358500
2021-06-15,395.43829345703125,396.3512264436359,394.5626033146111,396.31398359945143,51508500
2021-06-16,393.23046875,395.8016468115362,391.19032822728997,395.57807599910893,80386100
2021-06-17,393.1001281738281,394.07827907271417,390.63143860500963,392.8206646111922,90949700
2021-06-18,387.7969970703125,390.5167474088944,387.5913771677302,389.82512979232945,118676300
2021-06-21,393.3486633300781,393.53560087943845,388.7409408172673,389.5540649639203,72822000
2021-06-22,395.45159912109375,396.28343417143736,392.61966911686017,393.339353041914,57700300
2021-06-23,394.9749450683594,396.3301424887815,394.8908317268986,395.5263737663793,49445400
2021-06-24,397.31158447265625,397.7321512462469,396.86295139148933,397.115319978314,45110300
2021-06-25,398.7228088378906,399.1714418641056,397.73210252899935,398.05922899461444,58129500
2021-06-28,399.52667236328125,399.69489908000827,398.0499680897806,399.2462945020696,53159600
2021-06-29,399.74163818359375,400.5454070483023,399.2088917373543,399.9098648962996,35970500
2021-06-30,400.0780029296875,400.75093815402226,399.25552337520446,399.2835611544407,64827900
2021-07-01,402.29315185546875,402.452051650708,400.7696989990123,400.83513000426785,53441000
2021-07-02,405.36798095703125,405.7231451451387,402.3771516575957,403.4519996550773,57697700
2021-07-06,404.62969970703125,405.6391169295271,401.9005937821132,405.4241415803903,68710400
2021-07-07,406.0596923828125,406.34009873848606,403.3025486160357,405.31199914635374,63549500
2021-07-08,402.7510681152344,403.5081166897468,399.57330096190816,400.75094475455643,97595200
2021-07-09,407.0503234863281,407.3494121346729,402.55475241821676,404.2557870176814,76238600
2021-07-12,408.5083923339844,408.76076088893643,406.5363351584208,406.9662573135737,52889600
2021-07-13,407.1158142089844,409.2187334442086,406.854118733952,407.72331850573784,52911300
2021-07-14,407.7232971191406,409.29349840963926,406.4802508086064,408.8074721795963,64130400
2021-07-15,406.3307189941406,407.05972983900836,404.43341971053184,406.38679455738685,55126400
2021-07-16,403.1436462402344,407.55510476141916,402.75111727654803,407.50838463044124,75874700
2021-07-19,397.1900329589844,403.20905730096297,394.38614069493224,398.3302836206056,147987000
2021-07-20,402.88189697265625,404.15300952398457,397.05913759218004,397.85357937142714,99608200
2021-07-21,406.143798828125,406.28401626491234,402.83522636423976,404.0782727663207,64724400
2021-07-22,406.99432373046875,407.23733686784163,405.34003746820474,406.3213884076943,47878500
2021-07-23,411.1814880371094,411.51794144372303,408.23740663856285,408.9196688873081,63766600
2021-07-26,412.1908264160156,412.20018185039044,410.5458957579973,410.59261588453984,43719200
2021-07-27,410.3122253417969,411.18142503169713,407.4896224241449,411.15338725210887,67397100
2021-07-28,410.1440124511719,411.51792083805464,408.7233839343774,410.93845431834467,52472400
2021-07-29,411.844970703125,412.919790195163,411.0598844170451,411.0692398503543,47435300
2021-07-30,409.8449401855469,411.29360644207577,409.1532940336554,409.28415602981516,68951200
2021-08-02,408.98504638671875,412.1067095157106,408.62988215553224,411.55528082300833,58783300
2021-08-03,412.3123779296875,412.4338844991458,407.5925037276187,409.7795364098606,58053900
2021-08-04,410.28424072265625,412.28433581198715,410.050583021591,411.03193395699765,46732200
2021-08-05,412.8824768066406,412.96659014888616,411.12536648595767,411.4431375086628,38969700
2021-08-06,413.5647277832031,413.9853230057107,412.9198303207797,413.20023664333985,46930000
2021-08-09,413.2283020019531,413.8544886377314,412.4618979342041,413.53671760242094,41222600
2021-08-10,413.7424011230469,414.45272973628727,412.99470781002555,413.67697011442283,43339300
2021-08-11,414.7704162597656,414.8638850355054,413.6862412110491,414.80780947459465,44034300
2021-08-12,416.0134582519531,416.1536756754447,413.7236301446858,414.6208676326382,38909400
2021-08-13,416.7705383300781,416.7892206760995,415.9760965228515,416.4620942233985,39470300
2021-08-16,417.75189208984375,417.8827255582406,413.9199004513762,415.4713908619817,73740000
2021-08-17,415.013427734375,415.87327201338974,412.0319534928369,415.2003367624512,92673900
2021-08-18,410.4711608886719,415.5649103189403,410.22817626839674,414.00406428357036,89351900
2021-08-19,411.10662841796875,412.30298304453,407.6111188768107,407.7513077712783,92812200
2021-08-20,414.37786865234375,414.7049951138694,410.96647217681397,411.4524984131377,72008700
2021-08-23,418.02294921875,418.9295421673049,414.45265298648917,416.0602189821948,54973000
2021-08-24,418.68658447265625,419.2193309044513,418.1725489124351,418.68658447265625,38744700
2021-08-25,419.5650939941406,420.0791294982954,418.49960124676494,418.87347636542324,40529700
2021-08-26,417.0884094238281,419.51842703228243,416.9949406259632,419.28476929895623,57829600
2021-08-27,420.8175048828125,421.19135148689224,417.83603043980827,417.8921060042868,77235100
2021-08-30,422.6680603027344,423.4531466839395,421.2474033554113,421.4904164695936,48357400
2021-08-31,422.0419006347656,422.91110047218524,421.4437517278113,422.57464706002395,59300200
2021-09-01,422.2661437988281,423.4905077483613,422.03248612109024,422.9764722664043,48721400
2021-09-02,423.5653381347656,424.369106938718,422.36901184150173,423.68684470342555,42501000
2021-09-03,423.4624328613281,423.97649682090514,422.03244913978364,422.4343619875005,47170500
2021-09-07,421.9483642578125,423.21012139664674,421.27542901861193,423.1166526229062,51671500
2021-09-08,421.4343566894531,422.14468518971387,419.5183465302411,421.4156743425341,56181900
2021-09-09,419.6305847167969,422.98590616883826,419.38757155961514,421.23815097875956,57970400
2021-09-10,416.3218994140625,421.9764037145198,416.2003928599835,421.5558370150139,89948200
2021-09-13,417.3873596191406,419.57442052650157,415.07882068151736,419.3127250750678,83738600
2021-09-14,415.1349182128906,419.03231214319595,414.2470076652523,418.8266922544094,78197100
2021-09-15,418.6024169921875,419.0977701394543,414.4526542585058,415.5555116773011,78792200
2021-09-16,417.9388122558594,419.0509965202967,414.99470280608074,418.0790011528334,77786700
2021-09-17,413.86761474609375,417.5899866501967,413.51131271479295,417.16807262421446,118425000
2021-09-20,406.9667663574219,409.3295710757895,402.10984707082173,407.75436793021106,166445500
2021-09-21,406.5823669433594,410.59540113058426,406.0572991890718,409.30147394535885,92526100
2021-09-22,410.5484924316406,412.5831513891095,406.6948671942367,408.85139337293356,102350100
2021-09-23,415.5366516113281,417.14001100580157,412.17996661282217,412.4143728690153,76396000
2021-09-24,416.22113037109375,416.9337345501658,413.6895313452658,413.9051954031547,62094800
2021-09-27,415.03033447265625,416.3523605127942,414.33647253059087,415.18971469523467,61371100
2021-09-28,406.6666564941406,412.59245249230736,405.9353102459773,412.2642780676356,130436300
2021-09-29,407.3511962890625,409.77964162679973,406.7886155612909,408.045029638689,82329200
2021-09-30,402.3724060058594,409.5264607159928,402.03484612674845,408.82324196639286,140506000
2021-10-01,407.1542663574219,408.8326231008619,400.58153463739126,404.0976283486504,129240100
2021-10-04,401.903564453125,406.8917073430287,399.7657521393978,405.9915954205408,128570000
2021-10-05,406.08538818359375,408.3262970264828,402.6068074886927,403.4037658375677,90682500
2021-10-06,407.77313232421875,407.9794109817039,400.8722256266175,402.4942986652522,113032200
2021-10-07,411.2985534667969,414.1301704422201,410.86725401277494,411.0454050378357,72437500
2021-10-08,410.5484924316406,412.45189876084635,409.9202996692927,412.0674690550003,74557400
2021-10-11,407.57623291015625,412.79881127574237,407.5105922896659,409.89216791478833,65233300
2021-10-12,406.5729675292969,408.89828794249456,405.785365924999,408.49511604042164,71181200
2021-10-13,408.0356140136719,408.8513431322092,404.6226741156243,407.594929147859,72974000
2021-10-14,414.8990783691406,415.04910180856405,411.2235756383798,411.6923881563111,70236800
2021-10-15,418.058837890625,418.42452536112467,416.3898666001841,417.00870250976914,66260200
2021-10-18,419.2965087890625,419.6340400404351,415.621006350095,416.27735526871015,62213200
2021-10-19,422.53131103515625,422.59692303340495,420.30911592133424,420.91859501540216,46996800
2021-10-20,424.19091796875,424.4909648278342,422.878248727811,422.99075914645675,49571600
2021-10-21,425.29730224609375,425.5223230800388,423.15951848148666,423.59081795122904,41305400
2021-10-22,424.85662841796875,426.30996431243693,422.91573783259383,424.86601382430814,58845100
2021-10-25,427.13507080078125,427.46324528395957,424.1722008875209,425.9442973142117,45214500
2021-10-26,427.5194396972656,429.89162954029996,427.14439546156063,428.68211402620443,56075100
2021-10-27,425.6254577636719,428.6446111455954,425.5504317463337,427.97890546543795,72438000
2021-10-28,429.7322998046875,429.80729721502064,427.0413206145411,427.050677407055,51437900
2021-10-29,430.6043395996094,430.89500109987233,427.1445005916558,427.4351620919187,70162400
2021-11-01,431.3450012207031,431.96383713747196,429.61977470154915,431.5887642564896,48433600
2021-11-02,433.0889587402344,433.3983909976397,431.3824744636354,431.5137556913935,48908400
2021-11-03,435.73309326171875,436.1362651463071,432.08571825925554,432.5264031559585,52509800
2021-11-04,437.7864990234375,437.8708818410705,435.9862464051318,436.3331630823048,52847100
2021-11-05,439.305419921875,441.29318025230174,437.79585747597196,440.00863863956613,66390600
2021-11-08,439.68048095703125,440.89941061596096,438.9960330253521,440.4024705143944,50405200
2021-11-09,438.22723388671875,440.28063519202976,436.8207962043988,440.0462289116431,51149100
2021-11-10,434.7017822265625,438.22726206677805,433.2203470294367,436.5395195710356,69429700
2021-11-11,434.84234619140625,436.2675545379645,434.8236039920207,436.19252851233256,34848500
2021-11-12,438.1240539550781,438.67724930991125,435.16115531508916,436.1081657875227,53466700
2021-11-15,438.2740478515625,439.56797493267015,437.14891501750157,439.40859470618256,46980500
2021-11-16,440.00860595703125,441.1431240587056,437.93646296807935,438.0114603688836,48857500
2021-11-17,438.9397277832031,439.9242224676994,438.32089192487604,439.74607145027005,47858300
2021-11-18,440.4305725097656,440.6931063478928,437.25201023461375,439.9711168325113,50625600
2021-11-19,439.64306640625,441.56518650102726,439.2773788662605,440.3181290387564,57315600
2021-11-22,438.40533447265625,444.0029569483632,438.19905582510415,441.5182563851529,72762000
2021-11-23,438.9866027832031,439.83984487309516,435.47989482517465,438.0771054886185,73206500
2021-11-24,440.1586608886719,440.28055671099236,436.17375483241744,436.9894839645097,61858800
2021-11-26,430.3416748046875,434.96415840759806,429.2165135488616,433.501465943448,112669600
2021-11-29,435.62060546875,437.4583425612124,432.9296261441328,435.1236653350825,86268800
2021-11-30,427.1444091796875,435.0860934508205,426.9006175423312,433.18271599479897,148559600
2021-12-01,422.4000244140625,435.68618205628803,422.2031311937479,432.8451797070104,131939200
2021-12-02,428.86968994140625,430.43553635703284,422.22193180478286,422.61574691393747,127637800
2021-12-03,425.1379699707031,431.5888063882985,420.9186571741517,430.52931409962997,137331600
2021-12-06,430.1730041503906,432.0482542479885,425.2692148441158,427.6789180869,98977500
2021-12-07,439.0710754394531,439.6336562155435,430.0417412560462,435.44247092403845,95484700
2021-12-08,440.233642578125,440.68371284123066,437.71142925167635,439.46481188962696,72238800
2021-12-09,437.2614440917969,440.3368530852221,437.06455084489505,438.9491577219033,61272600
2021-12-10,441.3775634765625,441.52758690349503,437.41142821807136,439.9617692478392,77159800
2021-12-13,437.4676818847656,441.20879629669554,437.1863772299923,440.86187964178026,87724700
2021-12-14,434.45794677734375,436.6894990636773,431.54194649017546,434.2047983047942,97264100
2021-12-15,441.24627685546875,441.4900398681601,432.0012806047948,434.5141370446989,116899300
2021-12-16,437.3552551269531,443.3747924623618,435.8081507648726,443.09351636782804,116568600
2021-12-17,432.7004699707031,437.2827414785998,430.9974086651927,434.28120719660683,135511600
2021-12-20,428.099365234375,428.4945351603184,424.4862394814665,427.62890570329984,107134800
2021-12-21,435.70196533203125,435.8430974441347,429.3507618562461,431.5148641473523,69806300
2021-12-22,440.0584716796875,440.1713773813337,435.2503599777173,435.44797367017134,58890200
2021-12-23,442.7964782714844,444.2925360057626,440.95228510851217,441.05577241344565,56439700
2021-12-27,449.0630187988281,449.1100532638039,444.12319396445406,444.1702284294298,56808600
2021-12-28,448.69610595703125,450.5214913868531,447.93396375035627,449.4958929694086,47274600
2021-12-29,449.2700500488281,450.2862300149204,447.8022185897107,448.7995905115579,54503000
2021-12-30,448.02801513671875,450.7002217741406,447.56697399413,449.69343150623797,55329000
2021-12-31,446.8989562988281,448.6866969603346,446.6261104168571,447.53880315085513,65237400
2022-01-03,449.48638916015625,449.61813159778876,445.8544557509341,448.15968997839184,72668200
2022-01-04,449.33587646484375,451.62233155714586,447.4822648058163,450.9072238974489,71178700
2022-01-05,440.7076721191406,449.74050080120287,440.61357447061033,448.96894028365364,104538900
2022-01-06,440.2936706542969,443.0035221624816,437.9319546066855,440.2466361867598,86858900
2022-01-07,438.5529479980469,441.479221117935,437.1980222953608,440.3030723284207,85111600
2022-01-10,438.00726318359375,438.2236562011222,429.62367048499374,435.36328278709937,119362000
2022-01-11,441.9967346191406,442.0908322693714,434.75164626994354,437.7437907456816,74303100
2022-01-12,443.1917419433594,445.24296757937765,441.2346426828555,443.7280727675989,67605400
2022-01-13,437.08514404296875,444.9418241930247,436.05954567988096,444.29258772329274,91173100
2022-01-14,437.263916015625,437.6120514809011,432.7286791584299,433.94247281173614,95890900
2022-01-18,429.5201416015625,432.7851319574491,428.4098639787604,432.578128611285,109709100
2022-01-19,425.0601806640625,432.455790611051,424.7873060995941,431.0632487949444,109357600
2022-01-20,420.3556213378906,431.6372325182061,418.2385532953383,426.9420552480534,122379700
2022-01-21,412.1037292480469,421.58818048554997,412.0755028255823,419.2358828982697,202271200
2022-01-24,413.853759765625,414.36186400462606,395.9010400381,406.5051855561496,251783900
2022-01-25,408.8011169433594,413.7409421509055,401.9135823339121,407.47441758472695,167997300
2022-01-26,407.77557373046875,417.80577600170864,403.52260050405795,414.6819173184066,186391100
2022-01-27,405.761962890625,415.50048178403745,404.07773829561154,412.36723366568094,149878300
2022-01-28,415.8392333984375,415.88626787051186,402.54404110046244,407.1168944257264,164457400
2022-01-31,423.3288269042969,423.6769623039199,413.825540245353,415.17104738454265,152251400
2022-02-01,426.1893005371094,426.8291186076498,420.5343677869096,424.053395889453,123155400
2022-02-02,430.32928466796875,431.05378191741363,426.28331598109395,428.58857887911375,117361000
2022-02-03,420.2145080566406,426.208158589354,419.37707621036856,424.30751219871513,118024400
2022-02-04,422.1903991699219,426.0293363499769,417.6080991681987,419.97923360740066,118454400
2022-02-07,420.83544921875,424.3450587788941,419.5087499574974,422.95251700944823,84472900
2022-02-08,424.2980651855469,425.2201762493433,418.91600673505786,420.33680377789557,81012000
2022-02-09,430.50811767578125,430.82802671260504,428.1275935863995,428.32517855026134,92589900
2022-02-10,422.7738037109375,430.66810052892527,420.7790596867854,424.6744500762086,140103700
2022-02-11,414.43719482421875,424.9284364407401,413.00700821201644,422.858431768966,153214600
2022-02-14,413.0822448730469,415.5098319487012,409.6196698794952,413.92909493615394,123006300
2022-02-15,419.7440490722656,419.91340763201026,416.99655245102997,417.51407522523783,88482700
2022-02-16,420.2145080566406,421.5882420080019,415.8298212683436,417.7022412323989,84863600
2022-02-17,411.23809814453125,420.186247943638,410.63592485416507,417.0341632264874,102259100
2022-02-18,408.5753173828125,412.74358216810356,406.3076988713617,411.49214366579196,132642900
2022-02-22,404.1905822753906,409.77022506154026,400.6997521061171,406.37352124987865,124391800
2022-02-23,397.0208435058594,407.6626367061376,396.45628627766916,407.0980794779474,132578000
2022-02-24,402.99560546875,403.4284488931798,386.3790008159794,386.7365259239518,213942900
2022-02-25,411.8873291015625,411.97200837339045,402.58162557598797,404.22823397331,121804500
2022-02-28,410.83349609375,412.3107459178309,405.25385292778066,406.5052626502716,145615000
2022-03-01,404.5763854980469,411.34159579885494,401.8759236906789,409.3374336179091,137785900
2022-03-02,412.0190734863281,413.740942784039,406.0724579549326,406.8251817399771,117726500
2022-03-03,409.96783447265625,415.04879163986294,408.17067562721684,414.4466183746847,105501700
2022-03-04,406.6369934082031,407.76607902539786,402.600442693899,406.2417947777143,113978200
2022-03-07,394.649658203125,406.7592814126414,394.5837869801388,406.05359214668294,137896600
2022-03-08,391.6576232910156,401.97008984857894,390.5943799836052,394.82851645161617,164772700
2022-03-09,402.15826416015625,404.13420015154503,397.8394486342406,400.02238799071915,116990800
2022-03-10,400.34222412109375,401.2360799371363,395.5999843486872,397.55708322285636,93972700
2022-03-11,395.2519226074219,403.4379021571393,394.7438182155745,402.8263104395944,95636300
2022-03-14,392.36334228515625,399.4672714090444,391.2248379891108,396.0235320909096,95729200
2022-03-15,400.99151611328125,401.62191584683524,393.6993928949382,394.969610741959,106219100
2022-03-16,409.8831787109375,409.9396315604553,399.7024270341616,404.4917305799787,144954800
2022-03-17,415.0111389160156,415.0111389160156,407.5966928036644,407.97305465049794,102676900
2022-03-18,419.5567321777344,419.87763507524926,412.66669551110175,413.4028912886427,106345500
2022-03-21,419.43408203125,421.3878136478484,415.93240645546575,419.38687263527476,88349800
2022-03-22,424.3420104980469,425.27640505720075,420.8214687288552,420.8214687288552,74650400
2022-03-23,418.8771057128906,423.30372739490633,418.79216338171153,421.81246957458256,79426100
2022-03-24,425.19146728515625,425.2009149244502,419.78326986493045,420.89699675804104,64736900
2022-03-25,427.2679748535156,427.5416971867033,423.2471974217225,425.823897280711,77101300
2022-03-28,430.3070373535156,430.3070373535156,424.7855555376232,426.6732396590378,68529800
2022-03-29,435.6303405761719,436.12115693733773,431.5057549157547,434.18626321308204,86581500
2022-03-30,432.9403991699219,435.30000450918726,430.83562083793777,434.4882852945164,79666900
2022-03-31,426.27691650390625,432.997068540125,425.8238618663555,432.1759304126346,121699900
2022-04-01,427.4850158691406,427.99466991123313,423.91729355560483,427.8530993439852,89048800
2022-04-04,431.14715576171875,431.2509933938032,426.86213241229365,427.68327061353193,59601000
2022-04-05,425.701171875,432.1192876988634,424.5591308094842,429.6558732347616,74214500
2022-04-06,421.4444274902344,423.7190907497015,418.5657201739074,421.7936733149173,106898000
2022-04-07,423.5680236816406,425.3802132507673,418.62230012164184,420.5666126114327,78097200
2022-04-08,422.435546875,425.32370229414613,420.8970791653418,422.8130780715568,79272700
2022-04-11,415.215087890625,420.00979376147524,414.7148526591951,419.1697603481383,89770500
2022-04-12,413.67657470703125,420.71762892299597,412.12865978994853,418.1975577653763,84363600
2022-04-13,418.4146728515625,419.16973507105604,413.25185499529334,413.4311873130841,74070400
2022-04-14,413.20465087890625,419.7549175134308,413.1008132674667,418.64116191799894,97869500
2022-04-18,413.37451171875,415.0545494478205,411.14702946006696,412.2796514632989,66002500
2022-04-19,420.0474853515625,420.7647857423862,413.10079269782085,413.27067735850744,77821000
2022-04-20,419.736083984375,422.4354878298303,418.57517643732126,421.8219961207023,65224400
2022-04-21,413.45953369140625,424.73846009934624,412.55345319655066,423.3510108398269,85417300
2022-04-22,402.1145324707031,413.4783716367902,401.5482213990768,412.37409241070765,132471800
2022-04-25,404.44580078125,404.6156854519276,395.31883470061024,399.87760832355883,119647700
2022-04-26,392.7327575683594,402.11455163658286,392.70444345361744,401.9163240296101,103996300
2022-04-27,393.8370361328125,399.1697677643689,391.7039722839688,393.8087220181219,122030000
2022-04-28,403.78515625,405.5124037214935,394.1485348093446,398.57515732733924,105449100
2022-04-29,388.86297607421875,401.9540624319965,388.11733269096055,399.8021034252902,145491100
2022-05-02,391.2037048339844,392.56283983474725,382.2749373532382,388.92904179526005,158312500
2022-05-03,392.9969482421875,395.4037338921699,390.1465268831045,391.70388927238196,100028200
2022-05-04,404.9649353027344,405.53124638806986,390.4769516548114,393.65769528593023,144247900
2022-05-05,390.5713195800781,401.1329155913623,386.4467339742489,400.7081751004019,172929100
2022-05-06,388.24005126953125,391.50573725161655,382.9451102963641,388.01353835630266,151770800
2022-05-09,375.80963134765625,383.5868812355381,374.23340232623997,382.35045035687074,155586100
2022-05-10,376.6779479980469,383.27539519585025,372.6477525173204,381.7746896823651,132497200
2022-05-11,370.6939697265625,381.34995466803645,369.9483264327751,375.71521640762944,142361000
2022-05-12,370.3070983886719,373.57278480387015,363.52086969331447,367.5038855005772,125090800
2022-05-13,379.1603088378906,380.53831045425517,373.3934177273955,374.43164996045624,104174400
2022-05-16,377.6218566894531,381.2839693671578,375.27169861489534,377.51804786382434,78622400
2022-05-17,385.3896179199219,385.62557844782094,379.9719446127917,383.70013247510735,83029700
2022-05-18,369.8539733886719,381.12345103452697,368.61754246873323,380.840309909265,117674500
2022-05-19,367.5887756347656,372.005979027499,365.3707407010665,366.79595164216687,98510700
2022-05-20,367.749267578125,374.7336946022532,359.1697448163897,371.1659719805041,131432200
2022-05-23,374.6298828125,375.39439273940906,368.45714636210454,370.7695426186861,76414900
2022-05-24,371.77001953125,372.95924112163084,365.22917116715337,370.5146932699092,91448800
2022-05-25,375.0545654296875,377.01777330975807,369.8823286767236,370.278726265349,91472900
2022-05-26,382.5487060546875,384.1815635422074,376.07396194375553,376.2816083941698,82168300
2022-05-27,391.9398498535156,392.0531062882977,384.8044064245167,385.0026051853853,84768700
2022-05-31,389.74072265625,393.07248421298215,387.00358624823434,390.3259001664865,95937000
2022-06-01,386.5883483886719,392.86489366619827,384.07772451690533,391.8550043373775,86585800
2022-06-02,393.9502868652344,393.9974674509903,384.1815149003103,386.4278638148007,79609600
2022-06-03,387.48492431640625,390.78837150030967,386.512768154437,389.24045670832646,71874300
2022-06-06,388.6647644042969,393.21406164588547,387.4943805595861,391.48684319664267,57508900
2022-06-07,392.3929443359375,392.84599895820924,384.7195026936411,385.18200495505744,59272400
2022-06-08,388.12677001953125,392.4684496696644,387.333946070098,390.6845741806073,64350000
2022-06-09,378.89599609375,388.6175587452947,378.89599609375,386.3523433395128,86289800
2022-06-10,367.9096374511719,373.55382355387263,367.862456867888,372.70437142833873,132893900
2022-06-13,353.9407958984375,360.3683584476511,352.3362527688543,358.5184359528124,170004900
2022-06-14,352.87432861328125,356.71577382349307,349.7785269115855,355.68698913644283,104011800
2022-06-15,357.9049377441406,362.3409783554577,351.22251951050276,356.1682429235863,125666800
2022-06-16,346.0597229003906,350.10881384000515,343.63404163139757,349.702968623294,134473300
2022-06-17,346.80572509765625,350.142419392661,343.30792965713135,346.47397650063243,111113900
2022-06-21,355.5361022949219,356.92005638665404,352.44587608946637,352.521725834006,76811900
2022-06-22,354.8915100097656,358.99598772773135,350.90074904768903,351.3178358414842,90059400
2022-06-23,358.370361328125,359.1002487608876,353.46963484148904,357.0243321478926,79292100
2022-06-24,369.7643127441406,369.77380119326506,361.507944524138,361.5363809433128,98050300
2022-06-27,368.35198974609375,370.97771602411575,367.2618882407592,370.6838633295004,66009600
2022-06-28,360.8254699707031,372.68394948048416,360.71172428504013,369.9065529188097,86548900
2022-06-29,360.5316162109375,362.36109348225904,358.7116273894593,361.3752782573753,65676000
2022-06-30,357.6025695800781,360.834977987892,353.156825579061,356.64516179349505,112508300
2022-07-01,361.38470458984375,361.8207682477801,354.33218346585994,356.9484497006856,74839700
2022-07-05,362.06719970703125,362.08617660456315,353.47905430233544,356.3038638558327,81438000
2022-07-06,363.2900695800781,365.7736135029027,359.8301699411462,362.2094276989218,70426200
2022-07-07,368.7310791015625,369.5273277554807,363.30898013880693,365.06263643850446,64525900
2022-07-08,368.427734375,370.295136184722,365.57448858787154,367.10062447425474,72397800
2022-07-11,364.218994140625,366.72148571389,363.527002730403,365.7546185718872,58366900
2022-07-12,360.9961242675781,366.0485507559225,359.25195608212715,363.66926385832295,62219200
2022-07-13,359.1003112792969,362.029407826538,355.1475033861952,355.56459025701633,84224600
2022-07-14,358.2281799316406,359.3087928722651,351.715979081912,354.1521096552973,89704800
2022-07-15,365.07220458984375,365.1859502897795,360.72125799807424,362.6265563284071,79060400
2022-07-18,362.05780029296875,368.82592927824663,360.83497625525047,368.1529146526756,63203600
2022-07-19,371.8402099609375,372.40896719895636,365.3185509399986,365.9725884962962,78506000
2022-07-20,374.2100524902344,375.62247177061846,370.66484393622255,372.02984989964705,71843800
2022-07-21,378.020751953125,378.06813634762244,371.2336461823122,373.63188089355765,64903900
2022-07-22,374.51348876953125,379.33839525665286,372.2953607472214,378.144036431228,72197300
2022-07-25,374.96844482421875,375.8215664094441,372.73134023128426,375.13906335562353,53631500
2022-07-26,370.5322265625,373.537114847819,369.64118001606494,373.3285714235852,52946400
2022-07-27,380.153564453125,381.8977324950311,373.5275888700464,373.82144153900765,82342100
2022-07-28,384.9216003417969,385.61356292258694,377.4140666940386,380.95930457713075,73966600
2022-07-29,390.5333251953125,391.5191695238333,385.58518450605675,386.3529969467856,87003700
2022-08-01,389.37677001953125,391.8792906615118,387.13020608259814,387.8411455020427,69997500
2022-08-02,386.8079833984375,391.4907074923848,385.632572613597,387.81277563609865,63435400
2022-08-03,392.8651428222656,394.0310649800449,388.6468906090099,388.93125481134643,67820600
2022-08-04,392.59979248046875,393.4718621327927,390.9598814965707,392.7893590044414,45656600
2022-08-05,391.93621826171875,392.58079648264055,388.26777497334547,388.3246478205913,56814900
2022-08-08,391.481201171875,395.87007236927724,390.3816112599049,393.6235081493515,53886100
2022-08-09,389.9266052246094,391.25368644325886,388.8554517997777,390.7512903773344,44931800
2022-08-10,398.1166076660156,398.258818700046,395.01692204612334,396.96963344138766,68665700
2022-08-11,398.1166076660156,402.8183081055924,397.3772317875,400.96036549541424,59489700
2022-08-12,404.8563232421875,404.9605804756404,399.10244636975136,400.0503656332881,61694500
2022-08-15,406.524658203125,407.04603117644456,402.59079888321116,402.64767172710765,54048300
2022-08-16,407.3209228515625,409.2451978170758,404.64778356108576,405.4535207281274,59289000
2022-08-17,404.4297790527344,407.1313549468698,402.42968313864895,403.7283280008868,63563400
2022-08-18,405.605224609375,406.2876987703884,403.3396834770453,404.6288399076743,49023200
2022-08-19,400.1546325683594,403.1121358999802,399.2825341593999,402.8467196760706,68016900
2022-08-22,391.8224182128906,395.5003494416631,390.92188337608326,395.329701995395,77695600
2022-08-23,390.8745422363281,393.7846615275958,390.32473282411485,391.3958862975145,49105200
2022-08-24,392.1257629394531,393.49074002484474,389.9645082393007,390.64698231789686,49177800
2022-08-25,397.66168212890625,397.70906652826534,392.5239461830148,393.61404772211625,50942300
2022-08-26,384.2011413574219,398.088152311537,384.14426851779484,397.5478603350803,103087000
2022-08-29,381.6607666015625,384.70357956798847,380.30524889484775,381.2531682301508,65370800
2022-08-30,377.470947265625,383.0542059895712,375.3760536519589,382.8172261577202,85652400
2022-08-31,374.59869384765625,380.34308175251573,374.4660002053889,379.1013099434974,76029700
2022-09-01,375.774169921875,376.1154069737023,369.7264403478649,372.4280160542996,78740100
2022-09-02,371.8118896484375,380.6465052435593,370.00136015495065,379.4331695900639,99632100
2022-09-06,370.4089660644531,373.5939611226999,368.1908383071308,372.6555302445026,76637400
2022-09-07,377.0633544921875,377.83116684452074,369.87813861226584,370.0961415467539,70964200
2022-09-08,379.52789306640625,379.98287576733065,373.59390963079943,374.79778552612436,80821700
2022-09-09,385.4239501953125,386.2865601335256,381.49955084530114,381.7649670625823,76706900
2022-09-12,389.56646728515625,390.28689534223423,387.1871801490116,387.490521323382,69256300
2022-09-13,372.6271057128906,382.1062993004574,371.5085678123265,380.9024232007864,122947100
2022-09-14,374.0489501953125,375.5656268148488,370.7501807174359,373.9257160615463,85023700
2022-09-15,369.8022766113281,375.33812191068284,368.53206820723454,372.49436398050875,87633800
2022-09-16,366.9810791015625,367.63783250475103,363.6973120856197,365.6295206827052,103084800
2022-09-19,369.82696533203125,369.82696533203125,363.76392058262684,363.84008189633505,73278500
2022-09-20,365.5819396972656,367.5141193905518,362.83121456949,366.5051996914192,77274900
2022-09-21,359.2047424316406,370.55033777024784,359.1952150060502,367.50452437829694,106746600
2022-09-22,356.1875,360.0708846733697,355.44508694272207,358.4337649769324,89472600
2022-09-23,350.21966552734375,352.7609904104437,345.78421269474035,352.7229097506912,122346900
2022-09-26,346.7550048828125,352.37069598680137,345.53668535839785,348.7538180681722,92581200
2022-09-27,345.86981201171875,352.55152880366506,343.48075209064723,350.286209219912,108294100
2022-09-28,352.6753234863281,354.3600222961964,345.1274522170946,346.821678453464,110802200
2022-09-29,345.308349609375,349.42016092257757,342.36725004597866,349.1346285560483,112952300
2022-09-30,339.9685974121094,348.2779362644351,339.83535868204586,344.36596930372804,153711200
2022-10-03,348.9442138671875,350.7907337489844,341.90080218718504,343.6806881754969,89756500
2022-10-04,359.7568359375,359.78538917158465,348.9061712798272,354.45522944852485,103602800
2022-10-05,358.91925048828125,361.1750432151708,353.0751323104993,355.3975589353477,88065700
2022-10-06,355.2167053222656,360.47070383972516,354.72174385776447,357.5200770483229,82333500
2022-10-07,345.308349609375,355.3023890964065,343.5474892236813,351.19054873616767,107789500
2022-10-10,342.6717529296875,346.659852271921,340.43501530969775,346.42189898919605,76042800
2022-10-11,340.50164794921875,345.5367479558779,338.56946829764377,340.9775545535183,92482800
2022-10-12,339.3785705566406,342.4814914166193,339.13108978708493,340.9110051762944,76991800
2022-10-13,348.3350524902344,349.8008528442018,331.3356548770357,332.38265512986965,147254500
2022-10-14,340.39691162109375,352.41831529855494,339.7591840858435,350.79069404097305,123737000
2022-10-17,349.14410400390625,350.24821073516875,340.0637984886666,346.4695113964719,93168200
2022-10-18,353.2464599609375,357.3583002169347,349.8103989866183,357.05371300233446,97162900
2022-10-19,350.7431640625,353.93174409065676,347.93530350478727,351.2095432352664,79746900
2022-10-20,347.802001953125,354.71217382958656,347.04053410271376,350.2957474382865,88283100
2022-10-21,356.254150390625,356.7395553428867,346.0221590756883,347.5260110650035,131038400
2022-10-24,360.61346435546875,361.74612439325887,355.13101099924324,357.77707959447656,85436900
2022-10-25,366.3719787597656,366.6860643599622,360.4231457883191,360.53735873384517,78846300
2022-10-26,363.6116943359375,368.90377378445976,362.9739957124518,363.230974837986,104087300
2022-10-27,361.6699523925781,366.44804370025827,361.0512506396155,364.61105138754175,81971800
2022-10-28,370.2743225097656,370.7502290607999,361.3843916220893,361.5652384352448,100302000
2022-10-31,367.5997619628906,369.68423516133385,366.69555686556424,367.81868945232327,96631300
2022-11-01,365.9912109375,371.57837896955164,364.8204992604764,371.3404256632253,85407600
2022-11-02,356.8061828613281,369.9031408055681,356.70149735976,365.4010542504777,126990400
2022-11-03,353.1321716308594,356.1684576069525,351.0191454820897,353.56999750398336,87100100
2022-11-04,358.2148742675781,360.61343287804317,352.170855133582,358.8335469874606,103505200
2022-11-07,361.6413269042969,362.23144626118665,357.43430105988216,359.50924623314773,68286900
2022-11-08,363.5926513671875,366.5623039769019,359.5188919325988,362.74552365571884,84641100
2022-11-09,356.1018981933594,362.77411841444257,355.6069367100275,361.622403460563,78495500
2022-11-10,375.671142578125,376.00428299719744,367.0572450041489,369.35108918360226,141455800
2022-11-11,379.30706787109375,380.10658743180727,374.64316019638335,376.5277606911573,93839900
2022-11-14,376.0804138183594,380.89658611860307,375.8043798668183,377.5462142284,71903500
2022-11-15,379.2879943847656,382.9239274120566,375.4807419701021,381.8198207261606,93194500
2022-11-16,376.3945617675781,378.6122738619531,375.76636153620575,377.66046061084984,68508500
2022-11-17,375.2427978515625,375.91860608551974,371.34038726892305,371.6449453937852,74496300
2022-11-18,376.946533203125,378.640759324959,374.10062138676545,378.57412543802,92922500
2022-11-21,375.5759582519531,376.7466989172969,373.73896579052973,375.6235663390515,51243200
2022-11-22,380.6300354003906,380.7918564006526,376.10892338301994,377.51761716325757,60429000
2022-11-23,383.0286560058594,383.51406095455076,380.06850204043604,380.29692789864373,68261600
2022-11-25,382.9429931640625,383.49506108811516,382.1910816475926,382.46708656258517,30545400
2022-11-28,376.8323059082031,381.49618401653254,376.07083804443715,379.8590644182219,67881600
2022-11-29,376.1851501464844,378.15538144006086,374.34812855248094,376.96561491269216,52310000
2022-11-30,388.0351867675781,388.0351867675781,374.51945716113363,376.4325818837763,144566700
2022-12-01,387.7496337890625,390.2433795179694,385.24636063389784,389.07263892248426,76398200
2022-12-02,387.3023376464844,388.2065428165103,382.76219884695456,382.86688436312187,85342700
2022-12-05,380.33502197265625,385.4177008262784,378.98346353454565,384.48494250767516,77289800
2022-12-06,374.8526306152344,380.7158042080798,372.76818614779955,380.1732926862465,77972200
2022-12-07,374.21484375,376.5753507067164,373.0821838315825,374.0054437050733,65927900
2022-12-08,377.1463928222656,378.2124187884382,374.3195069079909,376.0994217071505,60737900
2022-12-09,374.3291320800781,378.45999830118234,374.2053917040091,375.909145637889,81447700
2022-12-12,379.7258605957031,379.7258605957031,374.4528077117335,375.119059475854,75405800
2022-12-13,382.6003723144531,390.7098107273862,379.8401197057134,390.45283160745686,123782500
2022-12-14,380.1541748046875,385.9602409589763,377.21307559103866,382.257673780074,108111300
2022-12-15,370.8550109863281,376.20419694431035,369.19886518287717,375.2999627142446,117705900
2022-12-16,366.47662353515625,369.641590174743,364.3443519350762,368.3029384387337,119858000
2022-12-19,363.36895751953125,367.0024734712642,361.70520704366805,366.66780330486046,79878100
2022-12-20,363.86627197265625,365.48222528681765,361.2941346468216,362.61367325179793,74427200
2022-12-21,369.30694580078125,370.4352358837999,365.92204637130624,366.4575070608886,78167400
2022-12-22,364.038330078125,369.28777027212345,358.34902428686854,366.2662256920997,100120900
2022-12-23,366.13238525390625,366.2758070046261,361.4662030943732,363.01521636298173,59857300
2022-12-27,364.6885681152344,366.36189009849295,363.01524613197586,366.0176778685383,51638200
2022-12-28,360.1562194824219,366.59134742365524,359.92674469166934,364.6215818081712,70911500
2022-12-29,366.63916015625,367.5092910145083,362.47018314198056,362.9961017998292,66970900
2022-12-30,365.67340087890625,365.8168226274327,361.8486652893112,363.9618527124626,84022200
2023-01-03,364.1339416503906,369.4981190554035,361.2749320892196,367.52838265402187,74850700
2023-01-04,366.9451599121094,368.9722652057651,363.34989894273167,366.3905568832152,85934100
2023-01-05,362.757080078125,365.10928447945327,362.1642506841692,364.9945470716449,76970500
2023-01-06,371.0758056640625,372.19455357778276,362.785708249104,365.84547897836046,104189600
2023-01-09,370.86553955078125,376.4496802008699,370.68389142338765,373.2655709052982,73978100
2023-01-10,373.4663391113281,373.53327899556643,369.34518834804146,370.28225918611713,65358100
2023-01-11,378.1898498535156,378.26636090740493,374.2312636370513,375.0440257972263,68881100
2023-01-12,379.5667724609375,381.02973273660194,375.22571833967487,379.289500125456,90157700
2023-01-13,381.0392761230469,381.61299228704434,376.10536380133436,376.3730941204777,63903900
2023-01-17,380.34124755859375,382.69348088927234,379.66236518124305,381.0201591163604,62677300
2023-01-18,374.3364562988281,382.58832869980466,374.1356658339176,381.52697849057256,99632300
2023-01-19,371.6113586425781,373.94442072442195,370.2918200719056,372.2997830998825,86958900
2023-01-20,378.5340881347656,378.68708106087394,371.36270886328373,373.00734634342695,91806400
2023-01-23,383.0760192871094,385.00750055643533,378.38115211629884,379.3373361629709,84178800
2023-01-24,382.664794921875,383.57315208650715,380.21696655885887,381.4026252152029,59524900
2023-01-25,382.8082275390625,383.1428977378186,376.31573073269413,378.6010242444025,84800300
2023-01-26,387.015380859375,387.17794493963646,382.5021922983197,385.46636782103366,72287400
2023-01-27,387.90472412109375,390.2760709827511,385.7628812656745,385.97324291614746,68346200
2023-01-30,383.0376892089844,387.37877210654403,382.7412745466371,385.1508473703547,74202000
2023-01-31,388.6696472167969,388.7174447402499,383.20981606709955,383.5540574493801,86811800
2023-02-01,392.8003234863281,395.5445957142965,384.7205872650518,387.4552591361378,101459200
2023-02-02,398.51837158203125,399.981331954011,394.7892597691829,396.6824854385565,101654500
2023-02-03,394.282470703125,398.70003602985804,393.0776695484089,393.5557615392747,94736800
2023-02-06,391.872802734375,393.2688521236934,390.21862339860974,391.8345763914126,60295300
2023-02-07,396.99798583984375,398.241013206568,389.7118693730586,390.9548967397829,90990700
2023-02-08,392.6569519042969,396.36695047559357,391.9684982603406,395.02829871801737,76227500
2023-02-09,389.2528381347656,396.4051030685636,388.02892410560145,396.2521101673666,78694900
2023-02-10,390.1612854003906,390.54375312300726,387.26404936045475,388.07678232835883,70769700
2023-02-13,394.7413635253906,394.8752432701656,390.3524831825662,390.81146193268944,64913500
2023-02-14,394.559814453125,396.86419241693784,390.6107695170896,393.22113339110297,88389300
2023-02-15,395.84100341796875,395.9174852871057,391.52860488743005,392.3700513500147,61555700
2023-02-16,390.39080810546875,394.8179447595729,390.25695751731473,390.87847129038914,76431500
2023-02-17,389.4154357910156,389.65448174842203,386.34606468801917,388.26800352329917,89257800
2023-02-21,381.6033935546875,386.45125247879577,381.34523443071777,385.3994444508215,82655900
2023-02-22,381.0774841308594,383.5539965692342,379.624066139242,382.0145255408099,83742300
2023-02-23,383.1046142578125,384.57714551664407,378.8878400941684,383.96517386295295,96242400
2023-02-24,379.0122375488281,379.84411300157524,376.3923025955011,378.09430903342667,108194400
2023-02-27,380.30303955078125,383.7070519585176,379.365968807818,382.3492579579314,80444700
2023-02-28,378.8974914550781,381.785156708453,378.79229603840645,379.82499112745273,96438600
2023-03-01,377.4440612792969,379.30863174384257,376.1436650512144,378.0847173960627,99706800
2023-03-02,380.3794860839844,381.22093252105213,375.13958820432623,375.47425838003477,85127800
2023-03-03,386.47998046875,386.7285976253681,381.54606794616154,382.1962660076362,90120000
2023-03-06,386.7477111816406,389.59714976739536,386.3078747490803,387.3022850157021,72795900
2023-03-07,380.8193664550781,386.93896700217493,380.20742390861926,386.699921017692,108310600
2023-03-08,381.4408874511719,382.19625170885286,379.212962662717,380.9341111603913,74746600
2023-03-09,374.4033508300781,383.8887075845493,373.4184826190144,382.22492782127654,111945300
2023-03-10,369.00091552734375,375.9332484862883,367.48058669730784,373.8583166785041,189253000
2023-03-13,368.4749755859375,373.28460811867615,363.9713580532645,365.0805347641921,157790000
2023-03-14,374.5659484863281,376.21058604424246,370.0909854321958,373.3898317252391,149752400
2023-03-15,372.2232971191406,372.42408758364206,366.8973453679593,368.9818486133687,172996900
2023-03-16,378.7539978027344,379.0982391870772,369.36429390384325,369.87107021323396,143254200
2023-03-17,374.3253479003906,378.55821591341066,372.94318572096427,377.4256197444262,140553400
2023-03-20,377.9246826171875,378.33743311980123,374.4021114765073,375.10277090610924,93055800
2023-03-21,382.8870544433594,383.36697102971766,379.69079357481445,381.28412015653794,91524200
2023-03-22,376.3602294921875,386.3233040523079,376.3218572494295,382.7143506832372,111746600
2023-03-23,377.3776550292969,383.25182988301947,374.6709182110407,379.2205184817109,119351300
2023-03-24,379.85400390625,379.94038538264834,373.7590569871103,376.10105243097433,107682400
2023-03-27,380.564208984375,382.8966256334002,379.67157124890343,382.1287415933862,74010400
2023-03-28,379.7100524902344,380.5642888800985,377.8767674052834,379.87320774489075,62871700
2023-03-29,385.2290344238281,385.46899270747423,382.6662670661032,383.8660584843338,77497900
2023-03-30,387.4847412109375,388.10862703989994,385.6226621392842,387.85906099159905,69840000
2023-03-31,392.9461364746094,393.24368242982905,388.30051790737826,388.4061147934353,112062600
2023-04-03,394.4434814453125,394.84659500245755,392.03429064106433,392.4278257842298,67391100
2023-04-04,392.2550964355469,395.3745547308176,390.8825125238686,395.08658715925804,66601500
2023-04-05,391.2279968261719,392.2838191469049,389.577082640603,391.52554275858984,65200200
2023-04-06,392.754150390625,393.0325102209904,389.3851264771968,390.4313411526847,63743300
2023-04-10,393.1572265625,393.23402961478297,389.66344926995697,390.2777272293107,63681000
2023-04-11,393.2628479003906,394.6641961280183,392.4949930804865,393.78116601430696,59297900
2023-04-12,391.6598815917969,395.61441853712375,391.0743974655557,395.32645103436823,86420400
2023-04-13,396.86224365234375,397.21737725795947,391.60234704835096,392.7445509263928,85814800
2023-04-14,395.8927917480469,398.4171577397506,393.58919793642514,396.22873922494233,78161500
2023-04-17,397.3133544921875,397.3325406110166,394.577824032139,395.8064093482449,66436400
2023-04-18,397.572509765625,399.0218673008723,396.1999552913603,398.8874765900454,63560000
2023-04-19,397.5053405761719,398.4075568472331,395.60486027089866,395.6624479202901,55227300
2023-04-20,395.3360900878906,397.0829934844094,393.7907434550367,394.6929889766768,75840400
2023-04-21,395.6432800292969,396.10398124565415,393.6948196903557,395.63367232336066,73457400
2023-04-24,396.0560302734375,396.4783592805185,394.10756979195463,395.4417228843057,64332100
2023-04-25,389.7690734863281,394.6450428024144,389.7114858346393,394.0883231137075,97766700
2023-04-26,388.11810302734375,391.4583328014488,387.56141271088387,390.3833244029181,80447000
2023-04-27,395.8448181152344,396.11357024267807,390.40255091976803,390.65211692803183,92968400
2023-04-28,399.2234191894531,399.23302689490464,394.9041697532796,394.9617574024191,89433100
2023-05-01,398.8202819824219,400.845515871164,398.5899021077479,398.781880454679,62122300
2023-05-02,394.3378601074219,398.1580067083917,391.43917444922255,398.1099974743272,103998500
2023-05-03,391.631103515625,397.2461331896153,391.3911452329056,394.83694265774216,91531800
2023-05-04,388.85723876953125,390.91126663739385,387.52305652796423,390.5849268562114,94901900
2023-05-05,396.0560302734375,397.10224508450085,392.2263046733684,392.4854491265273,87891800
2023-05-08,396.1615905761719,396.64150723066325,394.76024214675766,396.3823627822816,50046800
2023-05-09,394.4242858886719,395.53769601743005,394.19393527299343,394.61626426292884,49220100
2023-05-10,396.2671813964844,397.8893020071386,392.44703434025826,397.2558085179079,96142900
2023-05-11,395.57611083984375,395.86404911911495,393.5028673537258,395.40334787228096,70157100
2023-05-12,395.0577392578125,397.0254148728848,392.63897016343816,396.8142503993596,70481500
2023-05-15,396.4206848144531,396.8237983199805,393.75234992228525,395.66240845072787,54289400
2023-05-16,393.7715759277344,396.2383543170176,393.761968222226,395.31689334176326,57705500
2023-05-17,398.55157470703125,399.1562450551422,394.14594356293253,395.7872502342352,87287000
2023-05-18,402.390869140625,402.8131980774416,398.01403224251106,398.23477512417634,97177200
2023-05-19,401.80535888671875,403.82101441184767,400.58638129995114,403.29311788250186,103793300
2023-05-22,401.9685974121094,403.5043365562108,400.5864351115969,401.8246282749285,60745400
2023-05-23,397.4573059082031,401.90133808318683,397.06377080135275,400.3271976557855,86383500
2023-05-24,394.5777893066406,396.2383111304324,393.41639944632345,395.8543837451471,89213700
2023-05-25,397.9948425292969,399.4442000783956,395.84482546980115,398.0812240048889,90961600
2023-05-26,403.149169921875,403.86904489294824,398.5707756508926,398.6475494260872,93830000
2023-05-30,403.30267333984375,405.60626696953454,401.9205113036728,405.0783704702366,72216000
2023-05-31,401.06634521484375,402.3813121326053,399.5018122688516,401.47906649861943,110811800
2023-06-01,404.8768310546875,405.93265339027886,400.04887142591303,401.29664281865877,88865000
2023-06-02,410.7318420410156,411.5188830151562,406.92130300774403,407.44919955900986,91426200
2023-06-05,409.9447937011719,412.3635629860605,409.2441048720611,411.0773899248413,65460200
2023-06-06,410.83740234375,411.3652988856477,408.8793344192004,409.53204325524,64022200
2023-06-07,409.41680908203125,412.36350381538136,408.99448016231673,411.2309077542299,85373300
2023-06-08,411.8931884765625,412.34431121135276,408.71614321581194,409.48399798951436,61952800
2023-06-09,412.63232421875,414.63837227354514,411.6436971048215,412.6899118726264,85742800
2023-06-12,416.3757019042969,416.4525049768777,412.89153139542077,413.61140641897026,76104300
2023-06-13,419.1207580566406,419.76382988102273,417.1722978814529,417.8345851160925,95899700
2023-06-14,419.6198425292969,421.4243335080621,416.1740450929453,419.4566872999007,100612100
2023-06-15,424.8221740722656,426.0699454976172,418.7080413628314,418.8040012480244,110303100
2023-06-16,423.3751220703125,427.37322020593024,422.9030661850773,426.804818584776,114165800
2023-06-20,421.1785888671875,422.32503554227975,419.1072877770987,421.4387253030806,76160400
2023-06-21,419.02056884765625,420.9955241203809,418.43288044222425,420.19591625792975,76982300
2023-06-22,420.53314208984375,420.6391018260277,417.72964857046975,418.0668439684426,70637200
2023-06-23,417.3539123535156,419.1362056994903,416.64100677536294,417.08416191308544,92074500
2023-06-26,415.648681640625,418.70263864501453,415.4078319979814,416.7854848977608,72823600
2023-06-27,420.20562744140625,420.82218732627064,416.07263875155775,416.52543732038123,72813700
2023-06-28,420.41754150390625,421.4290983033547,418.5100016357142,419.1265614695,75636000
2023-06-29,422.0745544433594,422.2383451446893,419.5986423394109,420.00325329466176,67882300
2023-06-30,427.0553894042969,428.0380455282395,424.96480121636677,425.2827392627515,104964000
2023-07-03,427.5467224121094,427.82608687001783,426.42917637868914,426.70857023719304,32793400
2023-07-05,426.91082763671875,427.6430199831629,425.7258367708566,425.7354801650757,58418400
2023-07-06,423.5679016113281,423.991799417037,421.0630589595751,423.3366953175222,80658300
2023-07-07,422.49847412109375,426.4388005460157,422.2576244540767,422.5755624788719,86134200
2023-07-10,423.5679016113281,423.7413063316826,421.5736591254611,422.1420608647987,62443500
2023-07-11,426.26531982421875,426.7566624993896,423.3558667490492,424.32890870557475,64463800
2023-07-12,429.6950988769531,431.10168221706397,428.6257403792626,430.0515811101132,91924500
2023-07-13,433.1054992675781,433.89549322497544,431.0727422071223,431.506253963796,72425200
2023-07-14,432.83575439453125,434.83961069702235,432.07466121110787,433.9918445617416,69815800
2023-07-17,434.3385925292969,435.3886934056767,432.6430016974079,432.6911892645716,52680200
2023-07-18,437.56597900390625,438.2114395521847,433.57749499281715,434.01103608987984,80668200
2023-07-19,438.5390319824219,439.7239933832524,437.48890168977437,438.3559839057652,65891700
2023-07-20,435.6296081542969,438.442745236727,434.91670253914305,437.5467915202886,70591600
2023-07-21,435.6296081542969,437.5467915202886,435.6199941598992,437.34445662901965,71275600
2023-07-24,437.57562255859375,438.38487379289774,435.7451418375123,436.77598531715506,54023400
2023-07-25,438.7702331542969,440.02263949533193,437.2576903912355,437.30587795856155,55191200
2023-07-26,438.8376770019531,440.26348802035136,436.7856334140258,437.8357342912967,71052900
2023-07-27,435.92822265625,442.6238546795818,435.02262562113657,442.2192143317386,92194400
2023-07-28,440.19610595703125,441.0246146496096,435.92822776892785,439.1941631701477,80011800
2023-07-31,441.0343017578125,441.3907545748612,439.35796801732533,440.6682055455154,62040400
2023-08-01,439.772216796875,440.51402315707037,438.81843216166044,439.5698819163366,55291500
2023-08-02,433.6546325683594,436.9205386548979,432.9031828085776,436.66043160748643,93933400
2023-08-03,432.4118347167969,434.2904737931767,430.9956375639887,431.64112757810364,64276100
2023-08-04,430.45611572265625,436.32320952695244,429.9358722590493,434.2230076857938,100128900
2023-08-07,434.2133483886719,434.3674956833761,431.5929031798807,432.28655130575453,58357500
2023-08-08,432.32513427734375,434.2037733620173,428.9724964679823,431.67964426037906,71361300
2023-08-09,429.4349670410156,432.75870428928835,428.6738738420237,432.59491357535535,78789600
2023-08-10,429.5890197753906,435.1671052071516,428.42331584667255,431.7855671339231,93005500
2023-08-11,429.33856201171875,430.3501481391964,427.1227570858758,427.7200594884635,68690900
2023-08-14,431.70849609375,431.70849609375,428.11503843544807,428.4233330175674,47867400
2023-08-15,426.6796569824219,430.292402044995,426.1112258867205,429.935919835655,75707500
2023-08-16,423.5486145019531,427.9224233894094,423.4426253576642,426.26537646534126,80107200
2023-08-17,420.3211669921875,425.273020314269,419.8009235363625,425.01291328665195,95711300
2023-08-18,420.5234375,421.5542809321435,417.1611862051528,417.5079955464786,98852000
2023-08-21,423.25958251953125,424.00138893640195,419.38673031886054,421.5350906095178,68719000
2023-08-22,422.113037109375,425.0321333206804,421.5542789285874,425.0321333206804,64994200
2023-08-23,426.8144836425781,427.43107286328376,423.0283341735705,423.1728380844883,68441000
2023-08-24,420.89923095703125,428.9243284062607,420.8703007742917,428.41372832126285,88517300
2023-08-25,423.866455078125,425.14776219480035,419.07836317797603,422.62366273446645,102325100
2023-08-28,426.5543518066406,427.1709115909124,423.8664616174519,426.05336574379237,61595400
2023-08-29,432.7201843261719,432.9995781947078,426.2654009670659,426.44844908087254,83081900
2023-08-30,434.50238037109375,435.13822692888783,432.35399106524045,433.057282576268,69053900
2023-08-31,433.8665466308594,436.2557562391773,433.6834985527266,435.1189529964718,66084600
2023-09-01,434.67578125,437.06502016743536,433.2210400744053,436.5833209067049,58944100
2023-09-05,432.79718017578125,434.55057269413254,432.72976461783867,434.23266409054196,55166200
2023-09-06,429.8877258300781,432.093916863234,427.56593166865076,431.9879277285903,70758500
2023-09-07,428.56787109375,429.24223247025344,426.5447281630559,426.8915375451562,70355400
2023-09-08,429.21337890625,430.7451793135571,428.25962359995947,428.61607641541775,61659700
2023-09-11,432.0361328125,432.3443980335229,430.1285929169173,431.8337979292306,60180100
2023-09-12,429.6661682128906,432.11320909412444,429.08815252492514,430.59105211482444,67565400
2023-09-13,430.1671142578125,431.3231749266096,428.78943192828973,429.8877204342684,60199300
2023-09-14,433.87615966796875,434.56980780447236,431.33280276784916,432.63339669886733,83430800
2023-09-15,428.6487121582031,432.6222625307114,428.2136712808251,432.2935551441486,111848900
2023-09-18,428.90008544921875,430.1955896700722,427.86560575276553,428.3393267614431,55752200
2023-09-19,428.0105895996094,428.5713482483716,425.332573169419,427.9815868766938,66514600
2023-09-20,424.0758056640625,429.6832158729015,423.8727570723084,429.2675002876334,82562600
2023-09-21,417.06646728515625,421.4943834516094,416.91177626347593,421.2333589486901,104095800
2023-09-22,416.1287536621094,419.68655933537104,415.7130085528767,418.0913502784636,100829700
2023-09-25,417.87860107421875,417.9172517040119,414.485134786977,414.920205158679,70874500
2023-09-26,411.73944091796875,415.54862280920696,410.90798029741677,414.84285049792544,96168400
2023-09-27,411.90380859375,413.4700443597365,408.26867230252077,412.9092856337623,104705800
2023-09-28,414.291748046875,415.964317107926,410.762945679416,411.35270706101295,92258300
2023-09-29,413.28631591796875,417.5112133076614,411.7684378270295,417.3371969608053,115111300
2023-10-02,413.1219787597656,414.36915501527096,410.3666017087048,412.4548865420046,83798600
2023-10-03,407.5918884277344,413.1799731499237,406.2287013020404,410.94667474306095,103760600
2023-10-04,410.5599365234375,411.30435944495287,406.59606370497346,408.0559363281981,87453000
2023-10-05,410.4052734375,411.24638199806213,407.18585282564163,410.2699077129364,70142700
2023-10-06,415.27789306640625,416.8150963910029,406.63472757769614,407.9592344326086,113273300
2023-10-09,417.93658447265625,418.5069910271343,412.8318987010215,413.3829504373266,80374400
2023-10-10,420.11187744140625,422.70288570856627,418.1686064888882,418.5649967058061,78607300
2023-10-11,421.83282470703125,422.08417183466213,418.797068320578,421.17540990507433,62451700
2023-10-12,419.2610778808594,422.81888280363904,416.91176888328704,422.4418474172078,81154200
2023-10-13,417.1728210449219,421.9584770278049,415.60661494268294,420.7596289275812,95143100
2023-10-16,421.5621337890625,422.62561629317145,419.1741442361407,419.4158434641518,75433200
2023-10-17,421.542724609375,423.59235858221746,418.09128250171426,418.43931518310666,75324700
2023-10-18,415.9256896972656,420.73067151213604,414.84288188055683,419.77355201420596,93559800
2023-10-19,412.2711486816406,418.44899434083845,411.5944086302288,416.64108906158174,121323000
2023-10-20,407.20513916015625,412.37750784711915,407.0987761718527,411.83610400929126,123919900
2023-10-23,406.4993896484375,410.35692908932583,403.92770652261123,405.67760643648245,92035100
2023-10-24,409.5641784667969,410.71466914656554,406.7701212432729,408.61670687631084,78564200
2023-10-25,403.6860046386719,407.91093157015536,403.17360349885,407.88192884542195,94223200
2023-10-26,398.8520812988281,403.4733696714875,397.9336418727087,402.6226131148312,115156800
2023-10-27,397.0441589355469,400.83401590980566,395.6229662582375,400.43762562519,107367700
2023-10-30,401.7911071777344,402.84491222424634,398.53300645045545,399.82851071417565,86562700
2023-10-31,404.314453125,404.63348310254605,400.45691364342605,402.361504611754,79665200
2023-11-01,408.6263427734375,409.43844855236455,404.74947812853236,405.28123407598383,98068100
2023-11-02,416.4573669433594,416.61205795996426,412.3968088942919,412.416134207257,94938900
2023-11-03,420.2569274902344,421.80380835994043,418.63271585397734,418.75840416588386,100167800
2023-11-06,421.2237243652344,421.66844265759465,419.28045324415575,421.01102787683624,67831700
2023-11-07,422.42254638671875,423.0606358569916,420.0829145000172,421.2237277176419,64256100
2023-11-08,422.7319030761719,423.544008852029,420.4309219590949,423.0219303160148,61746000
2023-11-09,419.4351806640625,423.91145521433583,419.00978765036695,423.8727750755541,83174400
2023-11-10,425.9803771972656,426.28975929301595,419.4254952530958,421.50413223667414,89462200
2023-11-13,425.5743103027344,426.6764433760795,423.86309048956497,424.64619358239656,52236100
2023-11-14,433.8307800292969,435.1166069139446,431.2784220719966,431.50079597873554,97176900
2023-11-15,434.74920654296875,436.3927730128096,433.8984205823122,435.16492211328534,77327600
2023-11-16,435.28094482421875,435.59997479434537,433.24098818272,434.30447059030485,66665800
2023-11-17,435.82232666015625,436.43141334936854,434.3721314970017,435.29057073108856,83133200
2023-11-20,439.1771240234375,440.01823251915994,435.56128392675316,435.5709613361329,69936200
2023-11-21,438.219970703125,439.05143128536895,436.95346926763995,438.13296253247677,49244600
2023-11-22,439.9118957519531,441.22675482120695,438.8194400859089,439.8732451207241,59394900
2023-11-24,440.18255615234375,440.3759273074353,439.631504418495,439.9602117787139,29737400
2023-11-27,439.3898010253906,440.3662456876674,439.00305871890555,439.55413995178077,50506000
2023-11-28,439.8248596191406,441.1203637861366,438.44234728096177,439.0030764411284,62115000
2023-11-29,439.5154724121094,443.10230972873876,439.1191116939092,441.97114450802434,63146000
2023-11-30,441.24603271484375,441.5940948885885,438.2876370073433,440.3565962233876,79752700
2023-12-01,443.8564147949219,444.38814123082403,440.0472330596215,440.6369649429203,89183400
2023-12-04,441.5264892578125,443.87579870037587,439.25451058722007,440.4726841519421,72430900
2023-12-05,441.439453125,442.3965725770802,439.76688393206007,440.14394887033336,69793500
2023-12-06,439.6605529785156,443.60507121667763,439.225482586349,443.57606849081975,69124700
2023-12-07,443.0152587890625,443.6629960502869,441.1396708462714,441.73908007461404,66995400
2023-12-08,444.91986083984375,445.4515872323263,442.0291185939075,442.27081777308945,83194400
2023-12-11,446.6504821777344,446.8245280398024,444.21416465607524,444.4268611503367,65002200
2023-12-12,448.6904602050781,448.7871457987425,445.30667095693167,446.30247061264276,68327600
2023-12-13,454.8779296875,455.12930631637573,448.70976090431213,449.06747102737427,93278000
2023-12-14,456.33782958984375,458.00072149405844,453.6694606145386,456.8115506454331,119026000
2023-12-15,455.58648681640625,456.9163936701103,453.7421308855315,455.7418050538591,141553700
2023-12-18,458.14910888671875,459.12954211953263,456.13003141968665,457.18810894495897,70375300
2023-12-19,460.93511962890625,461.01279355520546,458.6151220933891,458.6927663957653,55761800
2023-12-20,454.5478210449219,461.9640813854923,454.12070331796554,460.08088857770923,102921000
2023-12-21,458.85772705078125,459.1295265010188,455.1107457468796,457.5278204873464,86667500
2023-12-22,459.7799072265625,461.45925759296136,457.8870276491879,459.98374941589714,67160400
2023-12-26,461.7213439941406,462.62410332069675,460.1099508863103,460.1876248035588,55387000
2023-12-27,462.5561828613281,462.7017844285322,460.98362668768385,461.5175089754055,68000300
2023-12-28,462.73089599609375,463.5656980482324,462.31349497002446,462.9153345190397,77158100
2023-12-29,461.39129638671875,463.060930093317,459.44014657654174,462.53673484415077,122283100
2024-01-02,458.8092041015625,459.7993540123723,456.7124526493962,458.3335624378489,123623700
2024-01-03,455.0622863769531,457.39200051317124,454.4604467676884,456.6542463475319,103585900
2024-01-04,453.5964660644531,457.16869615612853,453.37319057475315,454.5865863632777,84232200
2024-01-05,454.21771240234375,456.6639075045455,452.77132456262234,453.80028176128866,86118900
2024-01-08,460.7021179199219,460.84771948944723,454.5865853845721,454.71278328613425,74879100
2024-01-09,460.0032043457031,461.02244496424106,457.54729244084217,458.05205442710235,65931400
2024-01-10,462.604736328125,463.4686883884697,459.99350610212235,460.275022232607,67310600
2024-01-11,462.40087890625,464.119036700077,458.4306513904914,463.60455806414546,77940700
2024-01-12,462.72119140625,464.58498035155515,461.3136700813151,463.8472262405501,58026400
2024-01-16,461.0224609375,462.6532578332319,459.2072255045687,461.3428140279713,85014900
2024-01-17,458.4598083496094,458.94516670999695,456.1106608508071,458.0035703058881,68843900
2024-01-18,462.5367736816406,463.0900892897804,458.58597937392244,460.1294153145847,91856200
2024-01-19,468.3028259277344,468.58434205067863,462.5853202688259,463.6628015298727,110834500
2024-01-22,469.29296875,471.0111265282756,468.6425755704272,469.83656769535,75844900
2024-01-23,470.66168212890625,470.9043613024555,468.74939868030367,469.8365966379768,49945300
2024-01-24,471.1761779785156,474.45717543420074,470.68110299788805,473.525295727068,81765000
2024-01-25,473.7388916015625,474.0106911050473,471.17621480069516,473.30205721699724,72525000
2024-01-26,473.1369934082031,474.79691054106985,472.29247468488353,473.3117152908374,76641600
2024-01-29,476.88397216796875,477.0296033689382,472.90405748370506,473.4476564539632,61322800
2024-01-30,476.5151062011719,477.2237103899132,475.7579187820987,476.19475312019154,58618400
2024-01-31,468.7396240234375,474.7580490082776,468.7201907326481,474.31152767890586,126011100
2024-02-01,474.8746337890625,474.9037541058598,469.63273977415656,470.4384512454217,91891600
2024-02-02,479.8737487792969,481.523949196212,474.97161226030033,475.31136898916844,99228200
2024-02-05,478.1264953613281,479.9029234991888,475.8744551474019,479.24284325758833,75757100
2024-02-06,479.5146484375,479.8446885622171,477.64114268330553,479.06809742412736,55918600
2024-02-07,483.5138854980469,483.93128647547127,480.8541021937142,481.7568910359433,70556500
2024-02-08,483.72747802734375,484.1060420771884,482.6985208548494,483.51391920150996,52343600
2024-02-09,486.5231628417969,486.95996752942966,483.89249957484776,484.2322563033971,63979400
2024-02-12,486.30963134765625,488.75582660767503,485.59128089218916,486.49406987855394,56502300
2024-02-13,479.61163330078125,482.5334996770295,476.35003982173856,480.04846760997253,113099200
2024-02-14,483.9701843261719,484.4555426281319,479.9222830533005,482.2423099561509,68387800
2024-02-15,487.3094787597656,487.49391729462275,484.1934569596569,484.66912826614583,61683000
2024-02-16,484.8826904296875,488.1442842020213,484.144936285217,487.00856229426716,75532900
2024-02-20,482.2132263183594,483.8149029118612,479.97087316267243,483.14510603430045,71736700
2024-02-21,482.6500549316406,482.8053731626366,479.106944807319,480.9124933217148,59293400
2024-02-22,492.63873291015625,493.5997329784438,488.2899113619232,489.25094105413393,76402500
2024-02-23,492.9783935546875,495.19162604856547,492.250356160334,494.35679443193635,61321800
2024-02-26,491.1728515625,493.85203868692207,491.0466536727384,493.4152043952731,50386700
2024-02-27,492.0852966308594,492.3085720852041,489.9691418205027,491.86205080043067,48854500
2024-02-28,491.4350280761719,492.01743437576624,490.17307863790023,490.5322390639573,56506600
2024-02-29,493.2016296386719,494.81302259449745,490.55159253496134,493.1919426178693,83924800
2024-03-01,497.8320007324219,498.25911842016706,493.6676477127876,494.0753617325155,76844800
2024-03-04,497.2981262207031,499.1425115484434,497.00692307628157,497.03607301464484,49799300
2024-03-05,492.3280334472656,495.7449748064334,490.1245174506037,495.29842384541166,72855600
2024-03-06,494.82275390625,497.074823378055,493.53171394872805,495.5993152849811,68382400
2024-03-07,499.7346496582031,500.78304025779806,494.8810662776538,498.11356939849594,58652100
2024-03-08,496.735107421875,503.04473579557066,496.1623881738849,500.36560770630734,86532500
2024-03-11,496.3080139160156,496.8904498381802,493.6094227797772,495.53145243574386,62557200
2024-03-12,501.6469421386719,502.2293483869414,495.9002573325016,498.41443934118087,73114400
2024-03-13,500.8606872558594,502.1420404607562,499.424045441815,501.9673185575223,55104100
2024-03-14,499.8705749511719,501.98673024081194,496.832226949847,501.8313823905043,110171800
2024-03-15,496.4381103515625,498.2590153922283,494.7730358188075,496.80813351794416,107646300
2024-03-18,499.3885192871094,501.93969410963876,498.97956820958467,500.4985887866016,88893300
2024-03-19,502.1636657714844,502.44602683293346,497.69420694088996,498.6971800566581,60755300
2024-03-20,506.8084411621094,506.9447780211189,501.550319572243,502.22219759800726,69594600
2024-03-21,508.4831237792969,510.34292670569124,508.2007033176528,509.64186783246885,60256100
2024-03-22,507.5193176269531,508.8825079510304,507.2855718212856,508.395641528445,79070800
2024-03-25,506.1170959472656,507.26609347283284,505.9612654237029,506.1462770254766,48512100
2024-03-26,505.1822814941406,507.87954020766836,504.7830772199743,507.5386980888141,65463700
2024-03-27,509.42779541015625,509.46678276035976,505.8444656756774,508.0061834942003,82999800
2024-03-28,509.3304138183594,510.82994090833836,509.0480527068501,509.4667506716118,96294900
2024-04-01,508.44415283203125,510.6058699579784,507.2854087415083,510.07032895168504,62477500
2024-04-02,505.2114562988281,505.3477336967163,502.9134021583385,504.627181070464,74230300
2024-04-03,505.7664794921875,507.266065898289,504.0721940901131,504.1208688391064,59155800
2024-04-04,499.5930480957031,510.10934946561747,499.2911933332161,509.76856679026787,96858100
2024-04-05,504.81219482421875,506.7694068986325,500.5083132867227,500.9465048519071,74546500
2024-04-08,505.0945739746094,506.51624504555883,504.28641866242464,505.5133313161047,48401800
2024-04-09,505.6788635253906,507.071294128757,500.839381191466,506.82786095826793,68049200
2024-04-10,500.61541748046875,502.60181066009386,498.6387711363,499.9922143304957,82652800
2024-04-11,504.3935852050781,505.83469071601695,498.6291037293899,502.13451800051297,70099000
2024-04-12,497.4313659667969,502.27081877394835,495.70784003413945,500.85889444352966,92561100
2024-04-15,491.1994934082031,501.7644698822578,490.3523209615631,501.5989519571189,92101400
2024-04-16,490.3036193847656,493.19560665785394,489.01828510429004,491.6765860412786,73484000
2024-04-17,487.40185546875,492.9229325491744,486.00942494137024,492.75738492725213,75910300
2024-04-18,486.39892578125,490.88784877913054,485.46415075166374,488.7943295112607,74548100
2024-04-19,482.1534729003906,487.3142441699,480.8876025986124,486.32104754330464,102212600
2024-04-22,486.5937194824219,489.18385210193054,482.41639776348796,484.7533503648902,67961000
2024-04-23,492.3678894042969,492.79633413093177,486.4086505723251,488.5995489497242,64633600
2024-04-24,492.13421630859375,494.04272395926796,489.91410708182036,493.25400289949073,55928100
2024-04-25,490.2646179199219,491.02412816029823,484.42222231211605,486.0678327855915,69122400
2024-04-26,494.909423828125,496.48686615025724,492.41667033113185,493.0495906841402,64306100
2024-04-29,496.6620788574219,497.33395677101214,493.9258924563797,496.69128964862307,46415400
2024-04-30,488.7943420410156,496.1752226900087,488.7943420410156,495.20149000874,77483600
2024-05-01,487.2071533203125,494.841213980312,486.7397509352648,488.2100967940072,80242800
2024-05-02,491.76422119140625,492.6016467604268,486.4281553313073,490.9073316662554,62550200
2024-05-03,497.8597412109375,499.0866240599667,495.20144055878046,497.73315122045955,72756700
2024-05-06,503.0011291503906,503.0400570645358,499.8170040691018,500.255195688938,47264700
2024-05-07,503.55615234375,504.9485829994704,502.8842743906612,503.9651034446084,52561300
2024-05-08,503.6048278808594,504.14036899052337,501.6086876910597,501.72553086291623,42047200
2024-05-09,506.50653076171875,506.5455181068331,503.1374535973279,503.7898378767789,43643700
2024-05-10,507.15887451171875,508.911581170476,505.94170885537113,508.10336653372445,52233200
2024-05-13,507.22705078125,508.94082976185797,506.0878002167031,508.8337334335511,36716400
2024-05-14,509.5543518066406,510.07045870728615,506.8863334989738,507.4218746415022,57535900
2024-05-15,515.8641967773438,516.1563047340521,511.38499019072265,512.0179402902028,59504900
2024-05-16,514.802734375,517.558414507879,514.6566506998298,515.9614786446474,50244800
2024-05-17,515.542724609375,515.6108930215729,513.4686694664939,514.9195214966393,59187600
2024-05-20,516.1367797851562,517.5973789121299,515.2701433728218,515.6596602461204,37764200
2024-05-21,517.402587890625,517.5584184029028,515.1727614260365,515.3772666864285,33437000
2024-05-22,515.9127807617188,517.4220544657823,513.741316563043,516.7112486575287,48390000
2024-05-23,512.1444091796875,519.0676335599267,510.9369308576571,518.9605372397859,57211200
2024-05-24,515.5330810546875,516.3412958961842,513.0403275362747,513.9848197975488,41291100
2024-05-28,515.8932495117188,516.5748741957514,513.2641596915468,516.3411878885217,36269600
2024-05-29,512.2808227539062,513.4590608844294,511.57001679975457,511.8718716025252,45190300
2024-05-30,508.8824462890625,511.4044402025134,507.63609930287237,510.74230907986095,46377600
2024-05-31,513.517333984375,513.6439239713764,504.7439941340697,509.8366558224101,90785800
2024-06-03,513.9360961914062,515.4064420460951,508.87267437322015,515.1240809646227,46835700
2024-06-04,514.5105590820312,515.250605333056,511.17066354967966,512.6312623824123,34632700
2024-06-05,520.625732421875,520.6452260973251,514.8417568472363,516.8282099211538,47610400
2024-06-06,520.6158447265625,521.3558910101924,518.6878732006264,520.927446289771,30808500
2024-06-07,519.98291015625,522.787264555686,518.5514924537447,519.6420681166458,43224500
2024-06-10,521.589599609375,521.9109480214009,518.5807990347079,519.1747616812378,35686100
2024-06-11,522.845703125,522.9041247005574,518.0743898707741,520.0413486344055,36383400
2024-06-12,527.139892578125,529.8274041983666,526.1077383475028,527.4028194115604,63251300
2024-06-13,528.2012939453125,529.0581834417079,525.4164327979901,528.8829186945259,44760900
2024-06-14,528.5226440429688,528.5518251182958,525.6695550365463,526.6725282080745,40089900
2024-06-17,532.7291870117188,534.1216772051151,527.3834034899254,527.8410888070123,55839500
2024-06-18,534.0827026367188,534.2092926573293,532.3689233717765,532.7876213507444,41376400
2024-06-20,532.6317138671875,535.6697547200665,530.8595134643548,535.0076237066871,70328200
2024-06-21,531.917724609375,533.0313753907063,530.4621917432297,531.8102827682807,64338600
2024-06-24,530.1886596679688,534.3013212499749,530.0714395414016,531.7419157804823,45528700
2024-06-25,532.230224609375,532.5916631831469,529.8954816744096,531.4096242974609,37936200
2024-06-26,532.8946533203125,533.6077524053179,530.4720243887124,531.1167351250136,38550600
2024-06-27,533.7347412109375,534.311123211826,532.0154331135317,532.7578670304722,35041500
2024-06-28,531.6343994140625,537.5543137581463,530.3938098387125,534.5064116818106,76144500
2024-07-01,532.7284545898438,533.2559450469041,529.9736629556671,533.0117265646933,40297800
2024-07-02,536.3136596679688,536.3136596679688,531.0776287968915,531.1264605772033,40434800
2024-07-03,538.70703125,539.068469909586,535.9620173191718,536.0010708200014,32789900
2024-07-05,541.8134765625,542.213968717536,538.3748605783948,539.0098526062544,41488400
2024-07-08,542.4385986328125,543.3861377502993,541.3737797869028,542.5948722312855,36110500
2024-07-09,542.9661254882812,544.2946598471173,542.6730752067231,543.3959524424528,27289700
2024-07-10,548.3388671875,548.6807492045888,543.8941028470899,544.1871530936876,38701200
2024-07-11,543.6109008789062,549.3256503566656,542.9759684638211,548.4562180647349,53054200
2024-07-12,547.0397338867188,550.6346235261244,544.2654447499774,544.7343252522627,53084400
2024-07-15,548.5440673828125,551.7775178290722,546.6879829958002,549.0325043663784,40584300
2024-07-16,551.7970581054688,552.090108393895,549.1008762046278,549.8530882979716,36475300
2024-07-17,544.0602416992188,547.5476892504238,543.7378565645935,545.8772131422685,57119000
2024-07-18,539.8792724609375,546.5806748281783,537.700862061102,545.5940223403177,56270400
2024-07-19,536.2941284179688,541.2664440605769,535.2390876445896,539.6447995873152,65509100
2024-07-22,541.8232421875,542.4288993582354,538.277184442637,540.2113760766848,43346700
2024-07-23,540.9733276367188,543.8648365993427,540.484890622907,541.7157018138391,34439600
2024-07-24,528.7134399414062,536.4698210648305,527.7951760937185,536.1669925418511,74515300
2024-07-25,525.958740234375,534.7994982405838,525.0209792890996,528.8307523766035,61158300
2024-07-26,531.8492431640625,534.5356464631268,528.9674531548811,529.7392217162956,53763800
2024-07-29,532.1619873046875,534.3990077101311,530.1691258203317,533.3928583100442,39515800
2024-07-30,529.4656982421875,534.6822315404584,526.0661958644091,533.6271909452782,46853600
2024-07-31,538.0719604492188,540.6997538692295,534.9166765387299,536.2842643515584,65663400
2024-08-01,530.4523315429688,542.0380422456446,526.955106117804,539.7912440920945,76428700
2024-08-02,520.5762329101562,524.5716145988897,516.3756265717791,523.3603002519518,82789100
2024-08-05,505.4150695800781,511.4717002411795,498.4694800108966,499.80782241877216,146267400
2024-08-06,510.0748291015625,517.4990483238507,505.89377938390135,507.21253555376086,84826300
2024-08-07,506.66546630859375,519.2965001883216,506.06958745039486,516.248598311969,70698300
2024-08-08,518.3782348632812,519.0033889369354,509.77197692780607,511.79405372836936,63276600
2024-08-09,520.6640625,522.1489300560904,516.3365178449808,517.5576103421191,45619600
2024-08-12,520.937744140625,523.340816607706,518.6713887529162,521.8560083095788,42542100
2024-08-13,529.5047607421875,529.739260585726,523.8780165940644,524.122235093717,52333100
2024-08-14,531.17529296875,532.3573320967027,527.6292352085552,530.2960824274743,42446900
2024-08-15,540.2797241210938,540.5629961238054,536.1866195717042,536.7922766972661,60846800
2024-08-16,541.4910278320312,542.1846298407453,538.5115740387317,538.6678476452682,44430700
2024-08-19,546.66845703125,546.66845703125,541.0514314058853,541.9013070349608,39121800
2024-08-20,545.7796020507812,547.8701270511177,544.4412892289927,546.2192073450451,33732300
2024-08-21,547.6551513671875,549.1106842316043,541.9013486274712,546.8248322343893,41514600
2024-08-22,543.3568725585938,550.1559376249218,542.1455582382872,549.5502804647684,56121500
2024-08-23,549.130126953125,550.0679473561338,544.4020310704757,546.5902786774961,50639400
2024-08-26,547.8211669921875,550.8690092024209,546.1214157161334,550.1559102385648,35788600
2024-08-27,548.5734252929688,549.0618623501647,545.4083627021253,546.5512887213379,32693900
2024-08-28,545.3887329101562,548.661296528156,542.2041141850556,548.2314695905903,41066000
2024-08-29,545.4375610351562,550.6443160255352,544.294635177053,547.3522554939839,38715200
2024-08-30,550.6444091796875,551.1524028130747,544.2556737558524,547.8017316610252,62700100
2024-09-03,539.3126831054688,547.8407751289367,536.8021094517958,547.5086116923438,60600100
2024-09-04,538.208740234375,541.608242662233,536.7532075195429,537.4760847370844,47224900
2024-09-05,536.8997192382812,540.9928237930679,534.4477558926965,538.1501466111926,44264300
2024-09-06,527.8636474609375,538.8437022454943,526.9649400293706,537.2221175565589,68493800
2024-09-09,533.773681640625,535.043665505135,530.1299607989381,532.0544335310877,40445800
2024-09-10,536.0986328125,536.4503527479894,530.8137709847371,535.678584169421,36394600
2024-09-11,541.5984497070312,542.5167136236998,527.4728902611638,536.0107592184578,75248600
2024-09-12,546.160400390625,546.463228884408,539.9572159715113,542.1747385824137,51819600
2024-09-13,549.0128784179688,550.0093088180744,546.5120837631322,546.7660805022687,39310500
2024-09-16,549.82373046875,550.0874458768798,546.9517188263792,548.7491334077678,36656100
2024-09-17,550.0484008789062,553.477237850398,547.8210997398118,552.031423916307,49321000
2024-09-18,548.4171142578125,555.5385046014119,547.8602888957543,550.702966140304,59044900
2024-09-19,557.7755126953125,559.6315971955383,554.9426137920285,557.8048475354702,75315500
2024-09-20,556.8113403320312,557.8500005367814,553.7933228326182,556.4096197933483,77503100
2024-09-23,558.2027587890625,558.8495067502496,556.6643550711399,557.8794446150124,44116900
2024-09-24,559.7999877929688,559.8587776289324,556.1744550910837,558.9964868304339,46805700
2024-09-25,558.5652465820312,560.3780425284191,557.4579883539482,559.6431398003925,38428600
2024-09-26,560.7798461914062,563.1413674659622,558.428192996937,562.8179934718497,48336000
2024-09-27,559.9664916992188,562.6611352170194,558.9376397719122,561.8478858705382,42100900
2024-09-30,562.21044921875,562.8179640810873,556.6447925339722,558.9376557740085,63557400
2024-10-01,557.1738891601562,562.5043864049716,554.6066335561335,561.8576982708267,72668800
2024-10-02,557.4090576171875,558.4281611024765,553.8913563966638,556.282242548741,38097800
2024-10-03,556.3900146484375,558.3301388916863,554.106899883147,555.9392527365582,40846500
2024-10-04,561.4461059570312,561.8184614824812,556.6643337627131,560.8287828388663,42939100
2024-10-07,556.370361328125,560.446655391967,555.2239297880301,559.7999074826037,49964700
2024-10-08,561.6323852539062,562.2301517411685,558.0657019121494,558.9377412468939,37398700
2024-10-09,565.5223999023438,566.0809331902332,561.0247685875196,561.6224751598685,37912200
2024-10-10,564.5327758789062,565.953600014702,562.9257739624676,564.1800368650188,44138100
2024-10-11,567.9132690429688,568.6481717987969,564.3171018304082,564.4542980317323,42268000
2024-10-14,572.5579223632812,573.4888112745962,569.0401610478535,569.520288010914,36217200
2024-10-15,568.1093139648438,573.1262458468478,566.8942243784207,572.8224884018784,54203600
2024-10-16,570.5784912109375,571.0978512020905,567.305757742965,568.1092586044506,30725400
2024-10-17,570.6275024414062,574.3216329805343,570.4413246734956,574.1158386665669,34393700
2024-10-18,572.8224487304688,573.6063330690159,570.8528997080355,572.3128969974695,37416800
2024-10-21,571.8818359375,573.0772492638474,568.9127995570122,572.0973787445921,36439000
2024-10-22,571.5780639648438,572.7343039714391,568.6972423190728,569.3537388044809,34183800
2024-10-23,566.355224609375,570.0003732214365,562.8570804647936,569.5594196255329,49314600
2024-10-24,567.5802001953125,568.3837012123148,564.9639626077603,568.3052948235324,34979900
2024-10-25,567.3840942382812,572.6950344865168,566.443456997856,569.8044050522926,47268200
2024-10-28,569.13818359375,570.9803448675634,568.8344261393737,570.8529569215461,30174700
2024-10-29,570.0592041015625,571.1762108700161,566.7864107519835,568.1778099310847,42899700
2024-10-30,568.3346557617188,571.5780244818477,567.6291179550885,569.5888588084969,41435800
2024-10-31,557.1934814453125,564.0427655154251,556.9974954170759,563.9741674152153,60182500
2024-11-01,559.545166015625,563.9643910438907,559.1336371976272,559.8195584319851,45667500
2024-11-04,558.3399658203125,560.9758196621659,556.4586313456186,559.6823835212687,38217000
2024-11-05,565.0912475585938,565.1304208425688,559.0356559214524,559.251198693126,39478300
2024-11-06,579.1425170898438,580.0146160051545,573.6062858121453,577.3395892403747,68182000
2024-11-07,583.6205444335938,584.6396478381987,581.0630972629532,581.1415036340469,47233200
2024-11-08,586.148681640625,587.5695056932594,584.1693242787533,584.1693242787533,46444900
2024-11-11,586.7070922851562,588.0886829564369,584.9825111589258,587.7359440369437,37586800
2024-11-12,584.8845825195312,587.2264269895784,582.4054820528869,586.6287204841349,43006100
2024-11-13,585.1688232421875,587.1677373847895,582.9837313260188,585.3451927424278,47388600
2024-11-14,581.4060668945312,585.7763103260314,580.7202054727688,585.296183408181,38904100
2024-11-15,573.958984375,578.3194188381738,572.1070152959201,577.8490404616651,75988800
2024-11-18,576.310791015625,577.6237838402152,573.5573576252949,574.4195885423085,37001700
2024-11-19,578.41748046875,579.142574989824,572.2737337790142,572.9400384688264,49412000
2024-11-20,578.6134643554688,578.8976052377521,572.8616299600318,578.495884693383,50032600
2024-11-21,581.7196044921875,583.1404284379229,575.6248397212988,581.4550801704302,46750300
2024-11-22,583.5226440429688,584.1497754660484,581.2101642027249,581.7098478799927,38226400
2024-11-25,585.501953125,588.7648782973704,583.2188384863542,587.4518855330788,42441400
2024-11-26,588.5592041015625,589.2255088244219,586.0311216188419,586.746407902425,45621300
2024-11-27,586.7757568359375,588.7550542016285,585.256969810655,588.3729502321648,34000200
2024-11-29,590.4209594726562,591.204843913549,587.3147867247623,587.5891193661275,30177400
2024-12-02,591.4791259765625,592.1552388895445,590.3424429138348,590.8323780737772,31746000
2024-12-03,591.7534790039062,591.9984465923378,590.2151351783115,591.2439870884159,26906600
2024-12-04,595.4280395507812,595.6730071584342,592.7726289600115,593.4389336760423,42787600
2024-12-05,594.4481201171875,596.2314913306755,594.0953811448159,595.4279904670244,28762200
2024-12-06,595.5750122070312,596.8096584526629,594.800936138575,595.212464951605,31241500
2024-12-09,592.5079956054688,595.6239761392873,591.9200973185369,595.4574149257465,34742700
2024-12-10,590.6658325195312,593.6054435570935,590.0093361336401,593.184106485161,37234500
2024-12-11,595.2320556640625,596.1825011825678,593.3114882757061,593.5858806768452,28677700
2024-12-12,592.1651611328125,594.9381516110824,592.1651611328125,594.3698697768823,31543800
2024-12-13,592.047607421875,594.908812686274,590.6757647272243,594.1935263218123,35904700
2024-12-16,594.5755004882812,595.54562235978,593.0273484159295,593.8014244521054,43695200
2024-12-17,592.1257934570312,592.9880840930309,590.7540109408761,592.0278303510687,55773500
2024-12-18,574.4784545898438,594.2031909866316,574.0962907751041,591.822113059209,108248700
2024-12-19,574.302001953125,581.0631314525076,574.057034359764,579.456129686489,85919500
2024-12-20,581.1998901367188,585.7224397345614,571.1321976271144,571.9777678628068,125716700
2024-12-23,584.6802978515625,585.2800160502417,577.7685966184363,580.9442707021165,57635800
2024-12-24,591.1790161132812,591.2183812455869,585.4471288073329,586.0272244384283,33160100
2024-12-26,591.2184448242188,592.3392110668057,588.0133066034633,589.4093887705021,41219100
2024-12-27,584.9949340820312,587.7183292627742,580.8164691334702,587.4823184826345,64969300
2024-12-30,578.3192138671875,581.7799853973963,574.5733451400716,577.9948115421023,56578800
2024-12-31,576.21533203125,580.698577374324,574.5832389413312,579.9808236627084,57052700
2025-01-02,574.799560546875,581.1803135593343,570.7292291618253,579.4696102256324,50204000
2025-01-03,581.9865112304688,582.6255346471705,576.5594027877501,577.64092396713,37888500
2025-01-06,585.3389892578125,589.6059655334043,583.6086036715416,586.2337058999022,47679400
2025-01-07,578.7222900390625,587.6887790314382,576.903452910936,587.3643167301589,60393100
2025-01-08,579.5678100585938,580.6394897953063,575.3500401020275,578.7911287868388,47304700
2025-01-10,570.7192993164062,576.0874192959229,568.8119506064235,576.0185903209236,73105000
2025-01-13,571.604248046875,571.9581742427216,565.6658729466735,566.0788468496604,47910100
2025-01-14,572.3907470703125,575.1534475548353,568.6153544470202,574.5242054496483,48420600
2025-01-15,582.802490234375,583.9429389739179,579.2827311805529,580.3937160773642,56900200
2025-01-16,581.6817626953125,584.346110636513,580.9836915331506,584.1691475266347,43319700
2025-01-17,587.521728515625,589.2717368825727,585.5848557638515,586.9121689712896,58070600
2025-01-21,592.8995971679688,592.9094384516549,588.5933154613438,590.5596519481012,42532900
2025-01-22,596.232666015625,597.5894432517595,595.1708273073808,595.7213992287225,48196000
2025-01-23,599.4868774414062,599.4868774414062,595.3280946897063,595.6033506126263,41152100
2025-01-24,597.7367553710938,600.4995156835615,596.5864653530726,599.5458113037603,34604700
2025-01-27,589.2816162109375,589.5962372876534,584.6312490621345,584.7983708814467,70361100
2025-01-28,594.3449096679688,595.1805787054238,587.1972570477369,590.5105293609671,44433300
2025-01-29,591.6805419921875,593.9614997638901,589.1341095636221,593.5583671362218,37177400
2025-01-30,594.8560791015625,596.389819126707,590.6087851839717,593.7943006280343,39281300
2025-01-31,591.6903686523438,599.6933732210748,590.9333098394596,597.2747575383468,66566900
2025-02-03,587.7085571289062,590.1861005375324,580.5510628181718,582.6943625959686,65857200
2025-02-04,591.6510620117188,592.1622687341741,587.2268045597665,587.767535135661,33457800
2025-02-05,594.0499267578125,594.1974260072697,588.5049031019603,590.5302274178379,30653100
2025-02-06,596.1146240234375,596.242440705887,592.4867305159943,595.7901616750784,35771500
2025-02-07,590.6580200195312,597.8941240756534,589.9501076619601,596.6750050236558,50788500
2025-02-10,594.6693725585938,595.30845601079,592.5949016719809,593.863227291288,26048700
2025-02-11,595.1215209960938,595.6622514865878,592.2899918734154,592.407967252875,30056700
2025-02-12,593.2044067382812,594.3743794070193,588.4360645213627,589.1144530437037,45076100
2025-02-13,599.4672241210938,599.6737110792319,593.047165943141,594.3055902381474,40921300
2025-02-14,599.437744140625,600.7060096863363,598.8183432907158,599.6736949390985,26910400
2025-02-18,601.1975708007812,601.1975708007812,598.1399318067746,600.5978525430173,26749000
2025-02-19,602.6133422851562,602.908280775238,599.3000698962699,599.8113366176324,31011100
2025-02-20,600.1062622070312,601.3843689751305,596.8028311734677,601.2467110134413,36554000
2025-02-21,589.8419799804688,600.0275889538111,589.3798596850504,599.8899309928074,76519800
2025-02-24,587.157958984375,592.8800056614799,586.4500466079941,591.8869960824046,50737200
2025-02-25,584.2378540039062,587.8264418905826,579.636634088407,587.0989070332523,58266500
2025-02-26,584.532958984375,589.488166464913,581.8980746927776,585.8995775558942,43321600
2025-02-27,575.2025756835938,587.9542991571739,574.809344386224,586.8039490929929,74196700
2025-02-28,584.178955078125,584.7098443771037,572.6365684069419,575.7040488167072,88744100
2025-03-03,573.9441528320312,587.2857532860544,570.1392964764723,586.1452445030724,74249200
2025-03-04,567.1505126953125,575.5369680083471,562.6181207422406,569.9525786591505,109648200
2025-03-05,573.2461547851562,575.0355284425119,563.4341535288585,566.9833769883293,71230500
2025-03-06,563.0702514648438,570.4046474415857,560.523819558892,565.793586428619,80094900
2025-03-07,566.2262573242188,567.6715458955733,556.1094773560538,561.2907933786839,81158800
2025-03-10,551.1444702148438,559.9536192631458,546.2384702857362,558.0364891964213,99326600
2025-03-11,546.5629272460938,554.5266268117218,542.728606721458,549.9843938775969,88102100
2025-03-12,549.4631958007812,553.6318192815521,544.3703918307585,552.7076387923001,69588200
2025-03-13,542.1386108398438,549.6991769603108,540.4279077137791,549.0896174558009,74079400
2025-03-14,553.3369140625,554.3397648685512,542.2074423986709,546.7496748611676,62660300
2025-03-17,557.6039428710938,560.1208513978755,552.8846868765244,553.3172833424321,49008700
2025-03-18,551.5770874023438,555.5097605205915,549.6500559715837,555.2934322950165,66041400
2025-03-19,557.5842895507812,561.3399999727566,552.1768634471969,553.3566775077279,66556000
2025-03-20,555.9718627929688,560.966374832501,553.1304918485869,553.848245552193,62958200
2025-03-21,556.1552734375,557.0526817242638,550.2878724028328,551.5205297947124,83763000
2025-03-24,566.1151123046875,567.1702741261835,562.2889394113844,562.8805908120635,58766800
2025-03-25,567.4760131835938,568.4127846067184,565.73055113845,567.3181993393742,38355700
2025-03-26,560.7013549804688,568.3339598573967,559.3207546377017,567.2097618801449,51848300
2025-03-27,559.2122192382812,562.9792269072261,557.1018956425098,559.3108077400744,42164200
2025-03-28,547.95068359375,558.4135249923543,547.3689030262066,557.6838014665011,71662700
2025-03-31,551.6289672851562,552.93066066187,539.2826520783074,542.201606334121,95328200
2025-04-01,553.1870727539062,555.1297722698289,545.998235889195,549.7159501655996,54609600
2025-04-02,556.6878051757812,559.5475341360295,547.1125011420022,547.3491617248258,76014500
2025-04-03,529.2538452148438,540.3674444952709,529.2538452148438,537.5471385326381,125986000
2025-04-04,498.2696838378906,518.5740121118964,498.05273494035157,516.404523136506,217965100
2025-04-07,497.38214111328125,515.9114234247066,475.1154034595348,482.402887644306,256611400
2025-04-08,489.591796875,517.6963548854247,482.3733480760591,514.6196468974629,165816600
2025-04-09,541.0084228515625,541.0084228515625,486.20939567811143,486.59399925019795,241867300
2025-04-10,517.3019409179688,526.0981670837639,502.25365007002944,524.7866027854379,162331200
2025-04-11,526.5321044921875,528.9875485351057,512.8545420601603,515.7537548286505,97866300
2025-04-14,531.6401977539062,536.7286411738348,526.453165817952,536.5017912856171,68034000
2025-04-15,530.1510620117188,535.6930840370895,529.3621734315309,532.1824786951643,56892900
2025-04-16,518.3668823242188,530.4272422697393,513.0713913810127,524.3033791384568,83484800
2025-04-17,519.1065063476562,523.800475242003,516.6411916080497,520.3194821276195,79868100
2025-04-21,506.7503356933594,514.4618467446136,501.40552056556845,513.9293002870572,69368100
2025-04-22,519.9349365234375,521.956482797522,511.9867633247528,512.9235950678715,75948100
2025-04-23,527.991455078125,537.8625838932508,526.4728430251603,532.9319549297188,90590700
2025-04-24,539.1051635742188,539.8348871004667,528.0211182344198,529.2734571828396,64150400
2025-04-25,543.0003662109375,543.4046513367819,536.1467793425768,539.0657336001437,61119600
2025-04-28,543.2074584960938,545.8700106135369,537.4583875113086,543.7400050325934,47613800
2025-04-29,546.6292724609375,547.7435994540236,540.9393072120234,541.294298062473,47775100
2025-04-30,546.84619140625,548.7987614609631,534.0068741379372,539.9729233205555,93101500
2025-05-01,550.7217407226562,556.2440822591161,550.1202183270924,552.5954041380958,63186100
2025-05-02,558.896728515625,560.4942476694231,554.5774922291787,556.8948640346016,60717300
2025-05-05,555.6918334960938,558.788283367358,553.9069479669498,554.7648727126054,38659200
2025-05-06,551.047119140625,555.533979770925,549.2326812616892,550.1891944565425,48264700
2025-05-07,553.3645629882812,555.9975022415719,548.3254139860352,552.3784371058738,55588000
2025-05-08,557.2202758789062,562.3974366423718,553.9069074354913,557.3977713110521,65130800
2025-05-09,556.5103149414062,559.6264462916283,554.9522191721212,558.6205786168767,37603400
2025-05-12,574.9015502929688,574.9114211824733,569.0340889310521,573.4026196086874,78993600
2025-05-13,578.6980590820312,580.9069711222367,574.7535560992819,575.3155948085854,67947200
2025-05-14,579.4376831054688,580.8083522191259,577.4160770724685,579.6546018902411,66283500
2025-05-15,582.2678833007812,582.770756919371,576.9822030720642,577.4358426248243,71268100
2025-05-16,585.9559936523438,586.2518193704545,581.1042713102905,583.0469103495059,76052100
2025-05-19,586.5970458984375,587.2774752678645,579.9406951842692,579.9406951842692,68168500
2025-05-20,584.6246948242188,585.8080578995526,581.419785763877,584.8614155899625,60614500
2025-05-21,574.7733154296875,584.3584902721909,573.7477661832594,580.2759146876367,95197700
2025-05-22,575.0001831054688,578.4811762683786,573.3434386116112,574.5760959985981,70860400
2025-05-23,571.0753784179688,573.7379304924723,567.6140667399493,567.9887994120531,76029000
2025-05-27,582.9483032226562,583.1060568711622,570.4047514802384,577.9387671986972,72588500
2025-05-28,579.5757446289062,584.545857588394,578.8460211072919,583.3526236048898,68445500
2025-05-29,581.8635864257812,584.9699071457442,577.9388245287198,584.8318350718904,69973300
2025-05-30,581.2128295898438,582.928679235147,575.1481304892388,580.7591899526665,90601200
2025-06-02,584.4867553710938,584.5656021144322,576.9428674958667,579.605419698203,61630500
2025-06-03,587.8197631835938,588.7960181097066,583.6385391723649,584.121791379625,63606200
2025-06-04,587.6620483398438,589.6540420807372,587.2281505008873,588.6777869901737,57314200
2025-06-05,584.8218994140625,590.6893600195378,582.8496477946317,589.3383724752952,92278700
2025-06-06,590.8274536132812,592.4940086999786,588.5790577947733,590.3540722792903,66588700
2025-06-09,591.3599853515625,592.9082102708385,590.1864930975049,591.3994087206146,53016400
2025-06-10,594.712890625,595.0974340255312,590.7782574774766,591.8925244948556,66247000
2025-06-11,593.0166625976562,596.6653405011278,590.9556931519085,595.8074157747775,73658200
2025-06-12,595.3734130859375,595.3734130859375,591.2021204830944,591.6853124635808,64129000
2025-06-13,588.7171630859375,593.499849631983,587.218232455665,590.1963519379123,89506000
2025-06-16,594.318359375,596.0638215052488,591.8924679557008,592.0700235861916,79984100
2025-06-17,589.2398681640625,593.401290785268,588.480531921813,591.8826784891205,82209400
2025-06-18,589.1510009765625,592.8785252065284,588.1944276516227,590.1371267775953,76605000
2025-06-20,587.767333984375,592.8905592906415,586.3628522539952,591.822378072595,94051400
2025-06-23,593.5730590820312,593.9587392448562,585.4035696790836,588.5190130228361,87426000
2025-06-24,600.13037109375,601.1885919192599,596.7972471416377,597.7072083922786,67735300
2025-06-25,600.4666748046875,601.940336500435,598.903972841808,601.247995602986,62114800
2025-06-26,605.1646118164062,605.5997923429508,601.7029677445283,602.3161684365299,78548400
2025-06-27,608.1712646484375,609.6350865938839,604.1360202356653,606.1635425121184,86258400
2025-06-30,611.0790405273438,612.4340220516922,608.2998373553096,610.6142201701539,92502500
2025-07-01,610.8812866210938,612.0483479268365,608.7746241554748,609.6053849111585,70030100
2025-07-02,613.6505737304688,613.6901136433279,609.8526292762224,610.4757300098587,66510400
2025-07-03,618.4869995117188,619.4167005776212,615.6088560521965,615.628656191773,51065800
2025-07-07,613.8780517578125,617.1913758193931,611.0988485499288,616.5286747873084,74814500
2025-07-08,613.5418090820312,615.2923708557059,612.7307881009865,614.5406899285775,59024600
2025-07-09,617.2210083007812,617.8737488887257,614.1055045789822,615.945166968477,66113300
2025-07-10,618.9617919921875,620.000273214104,616.1825885407072,617.3595500232223,57529000
2025-07-11,616.7858276367188,618.0122289852302,614.7187654701638,615.9154666088177,63670200
2025-07-14,617.9627075195312,618.3088477245484,614.985684437804,616.3307657158283,51898500
2025-07-15,615.322021484375,620.9793073894895,615.2428812967698,620.6430672331502,74317300
2025-07-16,617.3792114257812,617.8836320494379,611.276844692317,616.9044910111767,88987500
2025-07-17,621.1573486328125,621.5134493059918,617.3396644874989,617.557284919235,68885700
2025-07-18,620.7024536132812,622.5716954836944,619.5947323692288,622.4035753929759,65621600
2025-07-21,621.87939453125,624.6189973413707,621.4541141003111,621.87939453125,63375000
2025-07-22,621.9684448242188,622.828905853138,619.3277216791315,622.2058050575365,60046300
2025-07-23,627.2598266601562,627.2598266601562,622.8288811376781,624.6289433239532,70511000
2025-07-24,627.4674682617188,629.1785504969665,627.0421878119985,627.6454884244192,71307100
2025-07-25,630.1181030273438,630.5928838363332,627.8829206987424,628.1301809903662,56865400
2025-07-28,629.9598999023438,631.0478210681617,628.5752180855901,630.4939604147171,54917100
2025-07-29,628.2982788085938,631.6708825055948,627.3883778702398,631.3543820995848,60556300
2025-07-30,627.5070190429688,630.6917023127537,624.6189756546709,628.9509803708415,80418900
2025-07-31,625.1531982421875,632.8380075585872,623.857556644127,632.4523273568442,103385200
2025-08-01,614.9065551757812,619.475980234049,612.5031927364548,619.436379958757,140103600
2025-08-04,624.2530517578125,624.3024917393647,618.7243458354196,618.813325728958,73218000
2025-08-05,621.0880737304688,625.6772386500149,620.168272806011,624.8662177521945,68051400
2025-08-06,625.8455200195312,626.4982606508958,621.2464542892866,622.1563552914652,64357500
2025-08-07,625.3212280273438,629.9993730574174,622.2156245224251,629.2674923107387,74205800
2025-08-08,630.1972045898438,630.6620853000642,626.7949007710238,627.1114011688534,64051600
2025-08-11,628.9510498046875,631.947873553624,627.70484826023,630.4742118551501,58742300
2025-08-12,635.6469116210938,635.8051316570012,629.8115442075018,631.2951060550639,64730800
2025-08-13,637.8228149414062,639.1085564704525,635.6370120856271,637.8425547169825,60092800
2025-08-14,637.882080078125,638.5447207235369,635.300697252298,635.7457174616427,59327500
2025-08-15,636.388671875,639.0096552004113,635.4787708739423,638.9107148606824,68592500
2025-08-18,636.2501220703125,636.942462907598,635.1424008771667,635.814941575414,43804900
2025-08-19,632.79833984375,637.0512042052354,631.4828983695179,636.0720632428176,69750700
2025-08-20,631.1170043945312,632.6500060324975,626.013578858981,632.3929060531275,88890300
2025-08-21,628.5850830078125,630.9785456585483,626.864161086776,629.3071240874224,54805800
2025-08-22,638.2381591796875,639.4151205943501,630.2664897119097,630.7709103705197,84083200
2025-08-25,635.42919921875,638.2183023325629,635.3105191174199,636.9820009718095,51274300
2025-08-26,638.0897827148438,638.4359833484747,634.5391586749303,635.1622594491828,51581600
2025-08-27,639.543701171875,640.2755819843173,637.3578984386413,637.5062787617181,48341100
2025-08-28,641.8085327148438,642.3623933153343,638.267809046051,640.146950913372,61519500
2025-08-29,637.9810180664062,640.7404816664739,636.0919759234915,640.374480883152,74522200
2025-09-02,633.2533569335938,633.4709169972102,627.9619508913343,630.5136938017484,81983500
2025-09-03,636.6853637695312,637.1502445176759,633.4413400681225,635.6270824559713,70820900
2025-09-04,642.00634765625,642.0360478647699,636.4578416280056,637.3578424589464,65219200
2025-09-05,640.14697265625,645.0625384730564,636.2798483910566,644.3404973975818,85178900
2025-09-08,641.7195434570312,642.718484610511,640.1370415028089,641.5118230975241,63133100
2025-09-09,643.203125,643.7272854003053,640.1271612550325,641.8579832056892,66133900
2025-09-10,645.0625610351562,647.3768835600082,643.4998590892842,646.4570825189741,78034500
2025-09-11,650.4231567382812,651.1154976382888,646.4274520986086,647.0109525903231,69934400
2025-09-12,650.2055053710938,651.8868873722256,649.7011451004063,650.3934256012134,72780100
2025-09-15,653.6671752929688,653.795755474802,652.1144337731963,652.4111340519337,63772400
2025-09-16,652.7671508789062,654.5276730798186,651.9858301119879,654.2210123755038,61169000
2025-09-17,651.9561157226562,654.4682584259048,647.1295902463727,652.7770367516476,101952200
2025-09-18,655.0023803710938,657.603563340362,653.0341982051615,654.6364399867887,90459200
2025-09-19,658.2465209960938,659.0895125014193,654.9438659954435,656.8877828567474,97945600
2025-09-22,661.3606567382812,661.8069106980723,656.7289861632065,656.7587687117981,69452200
2025-09-23,657.7606201171875,661.8566899635472,656.540685502851,661.2417286303936,81708900
2025-09-24,655.6677856445312,659.1489540239103,654.2495430702726,659.0497999269948,68082200
2025-09-25,652.6429443359375,653.9917550046746,649.0328388399253,652.5338627083877,89622100
2025-09-26,656.3819580078125,656.9274266555326,652.4743298182361,654.0909412604747,69179200
2025-09-29,658.2266845703125,659.8135740530697,656.4216318338509,658.9010899003678,73499000
2025-09-30,660.7061157226562,661.1722852976668,656.173659297658,657.4828203674869,86288000
2025-10-01,662.95751953125,663.8699431635192,657.611793334362,657.7208749627936,72545400
2025-10-02,663.7210693359375,665.0600128657511,661.3011766397112,664.9410037342527,56896000
2025-10-03,663.7112426757812,667.1527012490268,662.6698219114437,664.4848020775174,70494400
2025-10-06,666.0914916992188,666.9841207809839,663.9591941673339,666.1014192164715,54623300
2025-10-07,663.6219482421875,667.4601442579947,662.1838505424819,667.0138297258598,72020100
2025-10-08,667.5791625976562,667.6783772359653,663.919480237528,664.7426772273783,60702200
2025-10-09,665.6452026367188,668.4023890582872,663.7112737749407,667.9957845708525,66501900
2025-10-10,647.6542358398438,668.4122493878771,647.4757221413303,666.6071968358344,159422600
2025-10-13,657.5919189453125,659.664772492732,654.3488290056752,655.2216030747315,79560500
2025-10-14,656.78857421875,660.3590300864076,647.8030207789583,651.7701536094826,88779600
2025-10-15,659.7044067382812,664.7228272522149,653.5156893256119,661.3408732132422,81702600
2025-10-16,655.2117309570312,663.2154294168515,651.710706867285,661.3409444600238,110563300
2025-10-17,658.9308471679688,660.2895852935891,652.7322022395391,654.0810128478913,96500900
2025-10-20,665.7840576171875,666.6866142382812,661.7872027532737,661.8367798071084,60493400
2025-10-21,665.7741088867188,667.4601523988813,664.4748753427003,665.9229005771253,56249000
2025-10-22,662.3128051757812,666.4783066993808,657.8497808005621,666.4783066993808,80564000
2025-10-23,666.2402954101562,667.1825015615415,662.3128121266341,662.6301900162397,65604500
2025-10-24,671.6851806640625,672.8951271271609,670.0983517375236,670.9016937183009,74356500
2025-10-27,679.6094970703125,679.9070199177999,676.5151383891614,677.1201116013259,63339800
2025-10-28,681.41455078125,683.2493254549719,679.2028936555786,681.4046232640447,61738100
2025-10-29,681.7418823242188,684.0328991417463,677.2590027977353,683.0609104229828,85657100
2025-10-30,674.2439575195312,680.303738053287,674.2439575195312,678.2805222142791,76335800
2025-10-31,676.4556274414062,679.4508319897004,673.6587916341136,679.4111219213156,87164100
2025-11-03,677.7251586914062,680.1649066224819,674.3530715971103,680.0359699637585,57315000
2025-11-04,669.6917114257812,674.3729598389511,669.0371611161902,670.5545580097922,78427000
2025-11-05,672.0125122070312,675.2655297930335,668.630497422053,669.433839434071,74402400
2025-11-06,664.8021850585938,671.8140994484131,663.2252231578799,670.9115428502156,85035300
2025-11-07,665.4567260742188,665.5658682287408,655.7769731606511,662.4218719882706,100592400
2025-11-10,675.8407592773438,676.57466917413,669.4834554774103,671.6752576501947,75842900
2025-11-11,677.3878784179688,677.9532020666294,673.1529450781785,674.3629519753922,58953400
2025-11-12,677.7647705078125,679.3318048264125,675.3547447293747,679.1631581075335,62312500
2025-11-13,666.5179443359375,675.2654792192372,665.010475070097,674.9084518036677,103457800
2025-11-14,666.408935546875,670.1082678298286,657.8201189320223,659.9127671356764,96846700
2025-11-17,660.2002563476562,668.1742314199619,656.7290154076413,664.1971714004484,90456100
2025-11-18,654.65625,659.6548153709225,650.4708935566339,656.6596108350068,114467500
2025-11-19,657.185302734375,661.856623370592,653.3371790986623,655.3505280387882,94703000
2025-11-20,647.1683349609375,670.0090710879778,646.5335791707308,667.3808213360044,165293500
2025-11-21,653.6148681640625,659.0894699034471,645.5020288545189,649.6675301260088,123956200
2025-11-24,663.2351684570312,664.5542570793402,656.1538823239337,657.2448196444445,80437900
2025-11-25,669.4734497070312,670.6536740212097,659.020017057554,663.135941149376,81077100
2025-11-26,674.09521484375,676.0986363282427,671.1595147067713,672.0620713400136,71879600
2025-11-28,677.7747192382812,678.0523870500939,674.9084513312986,675.2654787466182,49212000
2025-12-01,674.6803588867188,677.3779800628074,673.1629015749381,673.2323336611282,61201200
2025-12-02,675.9300537109375,678.2012155152329,673.7481184984898,676.316803165018,62953800
2025-12-03,678.2706298828125,679.2822075879724,674.105128319461,674.9779023816353,57238500
2025-12-04,678.7665405273438,679.7384687237238,675.7416137771377,679.6690366334618,61970300
2025-12-05,680.0557861328125,682.7336127271673,678.9549213715281,679.8375623637357,79241000
2025-12-08,678.0127563476562,680.9980334759979,675.9696853695019,680.9484564225444,55231500
2025-12-09,677.4275512695312,679.7582780276033,676.9812972721672,677.5366934232544,58310100
2025-12-10,681.92041015625,683.3088703732143,675.711837383319,676.9515664343469,85671300
2025-12-11,683.5072021484375,683.5865617528303,676.5647198382891,679.51034738166,86173700
2025-12-12,676.1580810546875,683.2195721462687,673.5893360954813,682.5153843270051,113160300
2025-12-15,675.1365356445312,680.1252340287925,673.6687159286942,680.1053789946951,90811000
2025-12-16,673.2918701171875,675.4837328267965,669.4338188610296,673.6488975485244,122030600
2025-12-17,665.8832397460938,674.8489377460819,665.6848710067972,674.3034691132465,110625200
2025-12-18,670.9114990234375,675.1464323222394,669.3544527925658,672.0322187932205,108650100
2025-12-19,676.9923095703125,677.4896664833268,672.8940327515619,673.0134542661981,103599500
2025-12-22,681.2098388671875,681.7370055876305,676.9922622536055,680.3245290528953,69556700
2025-12-23,684.3233032226562,684.562024812114,680.2548972126992,680.3046207584179,64840000
2025-12-24,686.7305297851562,687.1781631452748,684.164151137988,684.313382495532,39445600
2025-12-26,686.660888671875,688.0037280321676,685.6264081645946,686.989161229118,41613300
2025-12-29,684.2138671875,685.5567672531378,682.4433081832867,683.9055083361335,62559500
2025-12-30,683.3782958984375,684.9200900521846,682.9505762759469,683.8159723723246,47160700
2025-12-31,678.3152465820312,683.726492314561,678.1063955310838,683.5076844111845,74144800
