Date,Close,High,Low,Open,Volume
2010-01-04,55.2818717956543,55.4603796886352,55.14029964701831,55.3003373197184,2829100
2010-01-05,55.63887023925781,55.78659908194106,55.39880910881683,55.42958810347449,2841600
2010-01-06,54.89403533935547,55.558821821499535,54.85710432241837,55.50342059988116,4099600
2010-01-07,54.986358642578125,55.17717512736223,54.85709540809096,54.9186486583879,2793200
2010-01-08,54.96174621582031,55.127940490914774,54.63550970441108,55.09716620837799,2910700
2010-01-11,54.660133361816406,55.00483539090513,54.64166315636128,54.77708315242126,2181300
2010-01-12,55.595794677734375,55.63888246199147,55.30033223124554,55.49731032638228,4321200
2010-01-13,54.94943618774414,55.571134966967655,54.918661903279734,55.355696190864386,4755000
2010-01-14,55.71886444091797,55.71886444091797,55.1156358602681,55.207968107244795,4188800
2010-01-15,56.0635986328125,56.21748422104735,56.002045336761654,56.03281963667935,4142800
2010-01-19,55.903568267822266,56.08823289170305,55.657350334720036,55.84201495860082,2496000
2010-01-20,56.46981430053711,56.48827980670218,56.18050884738522,56.211287821801776,2800500
2010-01-21,56.72835159301758,56.869923619691576,56.2974693857806,56.35287060646239,4363100
2010-01-22,56.62989807128906,56.820714703305505,56.48832125977598,56.68529463043619,3666900
2010-01-25,56.37132263183594,56.58060460250277,56.3159214244049,56.34670039477898,2419500
2010-01-26,56.389808654785156,56.697579685672004,56.20514415776775,56.64217845808148,3138100
2010-01-27,56.35902786254883,56.68526439341367,56.24207806799411,56.47598235331663,3325700
2010-01-28,56.32829666137695,56.44524654538184,56.05129971288642,56.094387500933834,3058200
2010-01-29,56.82069778442383,56.85147677226235,56.168224568932175,56.26671357304408,4930600
2010-02-01,56.3049201965332,56.6631972811705,56.243149422963164,56.65084029877173,3598500
2010-02-02,56.46550750732422,56.490212037549625,56.23695054388633,56.323430538093916,3047500
2010-02-03,55.81075668334961,56.193743103016345,55.7613381686554,56.09490607362792,5343700
2010-02-04,56.69407653808594,56.71878578843093,56.150487168918964,56.20607944758948,6095000
2010-02-05,56.817569732666016,57.08936180704196,56.34192535510248,56.440762264186986,6875800
2010-02-08,56.891719818115234,56.922607545127036,56.61374912623086,56.749647584594044,3386000
2010-02-09,56.32343292236328,56.96585912996197,56.29872367828567,56.66935291383703,4790000
2010-02-10,55.78604507446289,56.582900917283794,55.718095797824844,56.409940835953755,5068000
2010-02-11,55.48334503173828,55.76749430812211,55.21154802267242,55.71807581323612,5087500
2010-02-12,55.7119026184082,55.85397490168185,55.56364713220034,55.78602564870502,2833800
2010-02-16,55.81690216064453,55.866320646108115,55.4277421914327,55.4277421914327,2440900
2010-02-17,55.1806640625,55.650125617536936,55.026234803204616,55.54511485228976,4368200
2010-02-18,54.95827102661133,55.28566021573941,54.67412183014533,55.26095097524597,5121800
2010-02-19,55.25481033325195,55.291876575783206,54.915068647576724,55.12509026641498,3502500
2010-02-22,55.02626037597656,55.17451121421191,54.92742334194688,55.050969634483984,3382600
2010-02-23,55.88485336303711,55.928093361135105,55.162125660767906,55.186830191561334,5474500
2010-02-24,56.0207405090332,56.13810350137238,55.705703607900915,55.93426053033891,4423200
2010-02-25,56.335758209228516,56.39135515997979,56.150446036600655,56.32340594950833,3707700
2010-02-26,56.62611770629883,56.86702696543197,56.46551467541462,56.49639769851997,4349100
2010-03-01,56.60134506225586,56.71908530946282,56.36586929560644,56.59515169075565,2415200
2010-03-02,56.52701950073242,56.56419866231147,56.20478434115656,56.316326553660936,2260600
2010-03-03,56.3844108581543,56.44018424852043,56.204703954601925,56.396807046129204,2156100
2010-03-04,56.681880950927734,56.81201261100241,56.2852878741966,56.36584421773929,2374700
2010-03-05,55.93827819824219,56.3100884296285,55.8453303681591,56.285300765685186,3823200
2010-03-08,55.64706802368164,55.75241211443572,55.58509646181087,55.70903485778602,2850400
2010-03-09,55.65945053100586,55.77099270552754,55.399187033043816,55.75860123180986,2573700
2010-03-10,55.51688766479492,55.585052546785924,55.26902052420509,55.45492087964747,3216200
2010-03-11,55.72137451171875,55.85770425661934,55.38055487722926,55.39294634141932,2621000
2010-03-12,56.06842041015625,56.173764446979305,55.60366230065741,55.62844523939839,3099100
2010-03-15,55.99405288696289,56.062217782403565,55.80195439677387,55.9878547888964,1936800
2010-03-16,56.440185546875,56.446378913244445,56.10555938026183,56.11795084076132,3932600
2010-03-17,56.681880950927734,56.681880950927734,56.434009096030174,56.58273031786375,3481200
2010-03-18,56.49602508544922,56.688128422390726,56.39687909379219,56.650944538723635,2750300
2010-03-19,56.55179977416992,56.75009648955331,56.31012580003914,56.55179977416993,2976300
2010-03-22,56.613739013671875,56.694295389857636,56.52698453846742,56.60754091465318,2452300
2010-03-23,56.347225189208984,56.58889882121626,56.3348337304373,56.433979583890576,2910000
2010-03-24,55.31857681274414,55.925862496802566,55.18844517925192,55.671792597297696,8049300
2010-03-25,54.96540451049805,55.300031001808065,54.76091448339068,55.23186608351722,8268400
2010-03-26,55.120323181152344,55.22567197113167,54.83527203928529,54.866257811826,4110700
2010-03-29,54.90956115722656,55.058282264183845,54.7236562277109,55.014905077664686,3245100
2010-03-30,55.08309555053711,55.12027466264771,54.698894056937476,54.853813327746224,3254600
2010-03-31,55.461116790771484,55.473508256207566,55.120292394248345,55.287607908091516,4263900
2010-04-01,55.32556915283203,55.375329096488294,55.00213900980515,55.21361165229015,2912400
2010-04-05,54.40498352050781,54.82171198548481,54.36766597002181,54.72219693573382,5652000
2010-04-06,54.4920539855957,54.64132891377567,54.33033671193817,54.610232540810564,3584600
2010-04-07,55.188682556152344,55.30685637527473,54.29924459929713,54.3925384708767,6389900
2010-04-08,55.21358871459961,55.437503622661154,55.03321729817483,55.288228599075936,3797600
2010-04-09,55.34418487548828,55.39394003078859,54.98965388763498,55.114048893933735,2311300
2010-04-12,55.63654327392578,55.70496198747279,55.41262834692971,55.462388274121686,2939600
2010-04-13,55.81688690185547,55.94750307554089,55.68004955455691,55.910185524592215,3090900
2010-04-14,55.42502212524414,55.897731528535445,55.42502212524415,55.82931287495261,3570100
2010-04-15,55.487247467041016,55.66762357656543,55.15759637718696,55.26333262386353,3698000
2010-04-16,55.89152908325195,55.972385362139136,55.50589697433904,55.605416774845054,8303900
2010-04-19,55.75469970703125,55.99727332376295,55.68005984597305,55.897758254384634,3211500
2010-04-20,55.95372772216797,55.97238649880045,55.754692862479295,55.885309044271985,2285000
2010-04-21,56.41398239135742,56.49484339925756,56.140312486039974,56.14652891329052,4162200
2010-04-22,56.24610900878906,56.65661667965239,56.18391145203636,56.53844274543308,2841400
2010-04-23,56.047054290771484,56.202550500712505,55.89777925793106,56.10925182567434,4776000
2010-04-26,56.109230041503906,56.38290478326472,55.94129628792897,56.295827319134624,4753900
2010-04-27,56.8991584777832,57.172828499857594,56.41400645949292,56.507305107062834,13199200
2010-04-28,56.41398239135742,56.8182731947652,56.27714981138085,56.68143586942432,8379500
2010-04-29,56.65034484863281,56.73742229200939,56.30203032976175,56.51350751036541,4067200
2010-04-30,57.3034553527832,57.32833531311455,56.66903297311928,56.774769245502064,6924800
2010-05-03,57.228511810302734,57.434478399507576,56.97260714464098,57.05998806415891,4211800
2010-05-04,58.25844192504883,58.33958486711503,57.77160332029061,57.92764157883669,11054800
2010-05-05,58.601654052734375,59.20083963804615,58.264611268139554,58.707758791800224,12219100
2010-05-06,60.411766052246094,62.415296498416154,58.53306429430919,58.77024546862507,19578200
2010-05-07,59.656524658203125,61.223144728515386,59.46303405570154,59.84376763757864,18740600
2010-05-10,58.42070007324219,58.632914497604276,58.10238081765298,58.146076084296006,10240100
2010-05-11,58.27082824707031,58.682766070706215,58.0398903040961,58.65780418240238,7729100
2010-05-12,57.82767868041992,58.208411747978666,57.80271203118148,58.133511800263335,5530800
2010-05-13,58.20846939086914,58.38947420566787,57.54686443562747,58.20846939086913,6849700
2010-05-14,59.21955490112305,59.606530952481855,58.726474126004,58.74520269069968,9796500
2010-05-17,59.00114440917969,59.73764466632134,58.9636967770576,59.119734926774846,6302200
2010-05-18,59.90612030029297,60.02470596050053,59.15089207326819,59.2320348934078,9904100
2010-05-19,60.10588836669922,60.511583686980025,59.87495022467778,59.881193083085314,14121200
2010-05-20,61.37287521362305,61.52267037959864,60.87355164450109,61.11073248269013,17666900
2010-05-21,61.43531036376953,62.25919119969535,61.0795437473903,62.171810259665655,18670600
2010-05-24,61.22310256958008,61.70994540928969,61.10451685954077,61.62880255505246,7721100
2010-05-25,61.52271270751953,62.346593830073175,61.41660792369883,62.19679856103772,12952700
2010-05-26,61.34795379638672,61.416610956815695,60.79245841612022,61.30426330901427,12644800
2010-05-27,59.956085205078125,60.53654719711447,59.84373756913866,60.436685277337986,7653200
2010-05-28,60.230709075927734,60.40547099320696,59.931113816373994,60.22446621833773,5805500
2010-06-01,60.6540641784668,60.92962366984735,60.2783042762501,60.892049113039604,5536200
2010-06-02,60.077945709228516,60.86704546627169,60.009055782452116,60.74178888211,5656400
2010-06-03,59.639522552490234,60.065385117928,59.55810462886201,59.626994512833356,8499500
2010-06-04,61.2427864074707,61.34298686524616,60.56015137805288,60.710459231789,7479600
2010-06-07,61.712493896484375,61.74380445228689,60.954709642156196,61.07369739908435,5288200
2010-06-08,61.40558624267578,61.693668981829056,61.22396792880924,61.330432354095976,5510800
2010-06-09,61.336708068847656,61.449436534190255,60.87953018772291,61.123774399624025,5598000
2010-06-10,60.240760803222656,60.929655109091954,60.17813013883093,60.87328846674917,6075100
2010-06-11,61.00477981567383,61.25528324104363,60.50376340884111,60.80436943050349,6266700
2010-06-14,60.69161605834961,60.77302915395316,60.25948973835521,60.32211556405364,5310400
2010-06-15,60.4411506652832,60.90458783641649,60.15306784117075,60.816910662906075,4920100
2010-06-16,60.785579681396484,60.88578486990984,60.36598120510115,60.866997591575185,4011100
2010-06-17,61.280338287353516,61.51832324527618,60.791849888739215,60.84195248809629,5650900
2010-06-18,61.18014144897461,61.44317294393027,61.10498754553851,61.30539317665431,4171700
2010-06-21,61.00477981567383,61.09245697016257,60.37851169615621,60.40982223530415,5740900
2010-06-22,61.73123550415039,61.75002277933905,61.01102636096328,61.17385737600759,5658900
2010-06-23,62.150901794433594,62.35757160333481,61.73130293009532,61.75635425039099,9137800
2010-06-24,61.78136444091797,62.370053352780104,61.59348205280493,62.21975030911824,6184600
2010-06-25,62.031898498535156,62.20725291874635,61.47451990084262,61.57472037894205,5148300
2010-06-28,62.614280700683594,62.6268039591352,62.26356734944119,62.37629578768947,5436000
2010-06-29,63.296932220458984,63.33450678671176,62.7270305940856,62.82723103010887,7334200
2010-06-30,63.722782135009766,63.747833433539,63.12782932359196,63.50985326458121,7205700
2010-07-01,63.82328796386719,64.48916411910552,63.685087161975304,63.80444327136341,12893400
2010-07-02,63.31446075439453,63.722779989702886,62.91870784225458,63.515478791256605,6297600
2010-07-06,63.83585739135742,63.917519327060695,63.28305415690951,63.33959302981822,6620400
2010-07-07,63.08831024169922,63.76674786364623,63.03177137687979,63.735336850674585,5727800
2010-07-08,62.68621826171875,62.918647089425754,62.53545607780678,62.705062935627325,6260600
2010-07-09,62.328269958496094,62.592105464785476,62.3031420827563,62.441343002999005,4286000
2010-07-12,62.30316162109375,62.71775971918801,62.21521642475092,62.397389986505004,4062100
2010-07-13,61.769126892089844,62.12090721967968,61.67489864930042,62.09577936875933,5842500
2010-07-14,62.39100646972656,62.497796208863676,61.806797294984754,62.014098406942246,5417300
2010-07-15,63.01292419433594,63.188814357667205,62.62973285594388,62.65486070679798,6996100
2010-07-16,63.320735931396484,63.52803231105518,62.98779550648931,63.01292335700952,7512400
2010-07-19,62.93126678466797,63.2893302978731,62.80563231403902,63.16997419592211,4305800
2010-07-20,63.02550506591797,63.383568636117126,62.931276801623746,63.23908465851284,5076600
2010-07-21,64.0933837890625,64.25042922804094,63.07573241177586,63.10085546448353,7894200
2010-07-22,63.352169036865234,63.77304992824478,63.33332433913921,63.76677155743575,5759700
2010-07-23,62.67999267578125,63.42753071170055,62.62345860213079,63.32074093304002,6259100
2010-07-26,62.57320785522461,62.69884233505683,62.19001646129367,62.585769386148556,4856400
2010-07-27,61.970191955566406,62.30312784589812,61.91993621557075,62.051853938570986,5328000
2010-07-28,62.17116165161133,62.3093624325266,61.73143145845845,61.86963223937372,5507200
2010-07-29,62.15235137939453,62.2026023153882,61.51160282081208,61.62467581393545,6305500
2010-07-30,63.11977005004883,63.201432037197975,62.724012068311175,62.94387495113687,7683200
2010-08-02,62.23366928100586,62.599194770993044,62.23366928100585,62.54247297723099,5769200
2010-08-03,62.59284973144531,62.80712497608654,62.34706667398834,62.517222326015904,4363500
2010-08-04,62.113929748535156,62.71263631365082,62.11392974853515,62.706332823365265,3820400
2010-08-05,62.40377426147461,62.69997554478812,62.29033557442157,62.605442504218885,3704200
2010-08-06,63.08442687988281,63.15375081161354,62.6999959159767,62.88906205854263,6042400
2010-08-09,62.85125732421875,63.00881085677824,62.775629897655385,62.85755600365152,2578500
2010-08-10,62.98360061645508,63.65792953172651,62.68739921110323,63.059223233547705,11251000
2010-08-11,63.828067779541016,63.89739169835948,63.21675948167862,63.21675948167862,6778300
2010-08-12,63.67055892944336,64.24405633114992,63.56972712747827,64.01717876653571,7590100
2010-08-13,64.46463012695312,64.56546192848239,63.954158012854684,64.0423876422506,7843600
2010-08-16,66.07796478271484,66.10317393031579,65.58639842487975,65.67462803740639,7976200
2010-08-17,65.69984436035156,66.0842754889829,65.54229077675359,66.07797199935591,6756800
2010-08-18,65.87627410888672,66.5821155783038,65.85106496981986,66.17247548273274,7721600
2010-08-19,66.90355682373047,67.18715135423794,65.94562833176678,66.04016144465389,13128500
2010-08-20,66.82794189453125,67.32581189475451,66.70189611767772,67.06112297559423,7040300
2010-08-23,66.84048461914062,66.92241550326347,66.33001289933112,66.58209942067364,6360100
2010-08-24,67.91189575195312,68.14507197067113,67.2249596501711,67.45814067704273,9812100
2010-08-25,67.69129180908203,68.90760028083928,67.47701653693748,68.56728893310346,13299800
2010-08-26,68.32786560058594,68.37198043014514,67.61572483537157,67.78588066134108,7039900
2010-08-27,66.3930435180664,68.27108334176397,66.29851045703461,67.91816023445531,13514000
2010-08-30,67.66608428955078,67.68498994174935,66.68925058864409,66.9350336835287,5535300
2010-08-31,68.41609954833984,68.47282136598913,67.82370105829007,68.20182887937965,8397000
2010-09-01,67.00138854980469,67.66508347857172,66.42618563521285,67.6461167705744,12480700
2010-09-02,66.29350280761719,66.55898389362618,65.99010274140277,66.4957711259125,8167600
2010-09-03,65.4718017578125,65.69935426000373,64.91556016469706,64.92820464951767,9210700
2010-09-07,66.81182861328125,66.8623969082623,66.24926959337671,66.42625380335232,6018400
2010-09-08,66.28083801269531,66.50206814842755,65.96479358380489,66.42621574940996,6698400
2010-09-09,64.97241973876953,65.63611020182962,64.87760543763075,65.54761814008828,8588900
2010-09-10,64.67539978027344,64.91559206285274,64.3783169329625,64.63115370657566,6910300
2010-09-13,64.99139404296875,65.13677664213277,64.32769863073713,64.34666535255064,7054800
2010-09-14,65.6171646118164,65.6234868527849,65.08621210942778,65.124135910325,5978100
2010-09-15,64.64372253417969,65.2694939481631,64.56155272234831,64.94712729451605,7919100
2010-09-16,64.00533294677734,64.35930124058554,63.746174144198974,64.17599485344734,17116200
2010-09-17,64.26451873779297,64.57424597064623,64.043288444654,64.36565534177575,9203600
2010-09-20,64.63742065429688,64.75751428161536,64.27713012742898,64.56789048047533,5277800
2010-09-21,65.53498840332031,65.74989635080534,64.63742317125384,64.89657715630676,12664000
2010-09-22,66.12281036376953,66.41357063575717,65.64242152105066,66.08488657860524,8229400
2010-09-23,66.31249237060547,66.66013860048074,65.88898886436435,66.62853702819686,7412200
2010-09-24,65.42123413085938,65.80680894003596,65.42123413085938,65.71199459274601,8942500
2010-09-27,66.55896759033203,66.65377707376523,66.0406548502549,66.07225640391398,7061600
2010-09-28,67.0140609741211,67.20368956721194,66.58424034257658,66.60952447648572,8262900
2010-09-29,66.7359390258789,67.17207703406223,66.5905564748478,67.1088691163137,5507100
2010-09-30,66.69173431396484,66.74229778601263,65.75624015543995,66.6222041146339,10618400
2010-10-01,66.36943817138672,66.70569398830881,65.96973868266757,66.12835028238115,9368400
2010-10-04,66.54068756103516,66.57241179378923,66.24250203916306,66.37573510394122,4422700
2010-10-05,66.14100646972656,66.49629473971198,65.93798390967208,66.4455427300281,8491800
2010-10-06,66.9721450805664,67.31474663887225,66.52803463856296,66.55341306959755,6476100
2010-10-07,66.41386413574219,66.85797477846724,66.40751831500526,66.72474158564972,5780700
2010-10-08,66.12195587158203,66.90866747270162,66.12195587158203,66.5343466958693,6128700
2010-10-11,66.1346206665039,66.25516690255174,65.94428985427948,66.05214446525032,1474200
2010-10-12,65.481201171875,66.46459485998174,65.46216855759853,66.24253962602118,6122400
2010-10-13,65.3796615600586,65.42407258598178,64.7388697513624,64.93554646038807,8168400
2010-10-14,64.40263366699219,65.76034811718156,64.37725523871086,65.53194710308986,10945000
2010-10-15,63.61590576171875,64.11077776580872,63.37481799596164,63.82527412801381,12694700
2010-10-18,64.12979888916016,64.36454079681133,63.939463164715676,64.20592930658711,5592200
2010-10-19,64.51681518554688,64.7705897127891,63.79354713394108,63.812579739440366,8017500
2010-10-20,64.65642547607422,64.89116751180471,64.2123101568663,64.31382388940794,5515800
2010-10-21,63.88871765136719,64.65640165972175,63.88237667574994,64.51682274911182,6836100
2010-10-22,64.32018280029297,64.3772855008786,63.70477377683319,63.72380639688089,4770700
2010-10-25,64.50414276123047,64.89750114028175,64.42801231656526,64.78964645004585,5632300
2010-10-26,63.508056640625,64.1171243445311,63.47633723839105,63.99023705471561,8432000
2010-10-27,62.94976806640625,63.55249016698975,62.94976806640625,63.24161280861606,9245200
2010-10-28,63.121070861816406,63.33678515443999,62.91170722894648,63.17817355473866,8052600
2010-10-29,63.71110534667969,63.736483783142496,63.203551138748914,63.330438480621154,6753800
2010-11-01,63.43674850463867,64.1623214544243,63.32218409910072,64.15596027224082,5921000
2010-11-02,64.27052307128906,64.34053006460724,63.914097787488835,63.93955708317915,6537400
2010-11-03,62.95941925048828,65.09158627762942,62.647551261123574,64.74789779882434,25541800
2010-11-04,63.44952392578125,63.564088409583036,63.0612778893345,63.118557703301605,13246500
2010-11-05,62.361167907714844,62.883071734018294,62.361167907714844,62.596658077519294,12435000
2010-11-08,62.64121627807617,62.95945046545417,62.25933622439624,62.74941473637629,6795200
2010-11-09,61.26006317138672,62.70484382336681,61.22187663393651,62.68575055464171,15061700
2010-11-10,61.34278106689453,61.571909924064755,60.46445701831886,61.32368780477456,18540400
2010-11-11,61.310977935791016,61.50191546690008,61.19004743364864,61.38735100588799,3368100
2010-11-12,60.98000717163086,61.57192269949167,60.98000717163086,61.234595383073426,11739500
2010-11-15,59.70703887939453,60.922694629114815,59.70703887939453,60.674472591734045,14978700
2010-11-16,61.19007873535156,61.26009065599937,59.82167054432944,60.40722523119016,19901300
2010-11-17,60.8526725769043,61.5846113476449,60.68082359163558,60.973602984622076,9915600
2010-11-18,61.100921630859375,61.100921630859375,60.33716205281962,60.89725208632444,12424800
2010-11-19,61.47643280029297,61.476432800292976,60.96726138826171,61.15819884682415,8359500
2010-11-22,61.737388610839844,62.13200047172152,61.25367162909212,61.972883490765746,10413500
2010-11-23,62.042938232421875,62.34207428444294,61.89018232890292,62.16386391953907,9566900
2010-11-24,60.935462951660156,61.7310481865581,60.83363056664402,61.61648371849812,11467600
2010-11-26,61.781944274902344,61.81376961503821,61.45098307446898,61.5591814615467,4848900
2010-11-29,62.310203552246094,62.34202403126124,61.794661291211675,62.09380195796717,8950000
2010-11-30,62.634822845458984,63.182180898564326,62.44388048898408,63.14399436961568,11947600
2010-12-01,61.24249267578125,62.02167628511414,61.24249267578124,61.727886622573756,15441200
2010-12-02,61.08286666870117,61.6576750496895,61.01261204031911,61.28724244053005,9318700
2010-12-03,60.603885650634766,61.52357944194003,60.57833805946465,61.49164373480118,10194800
2010-12-06,61.45964431762695,61.47241566260809,60.87206012180818,61.006181171257225,7001800
2010-12-07,60.144020080566406,60.62302630269141,59.49896187645109,60.49529325920605,18533100
2010-12-08,59.56277847290039,59.90766324847368,58.828301906736854,59.85656812482597,19275900
2010-12-09,59.85660171508789,60.20786992371706,59.22431504139384,59.77995898660603,17477100
2010-12-10,59.49251174926758,59.94596991548375,59.4861236419411,59.58192576104552,7078500
2010-12-13,59.716102600097656,60.05459951434812,59.11574664036121,59.42870084682534,12399900
2010-12-14,58.847469329833984,59.40950114797908,58.40039911911627,59.01352606782906,23516400
2010-12-15,58.08108901977539,58.911363352572245,57.780911078207275,58.80917791635665,26084000
2010-12-16,58.483455657958984,58.48984377079801,57.84478080972412,58.13857065518787,17939000
2010-12-17,59.54997634887695,59.88847286855916,58.66860777653288,58.681379115539144,16849700
2010-12-20,59.486183166503906,60.18234138075173,59.166845698411144,59.87577526739333,13703500
2010-12-21,59.90131759643555,59.90131759643555,59.07103830312563,59.47978983662209,8985100
2010-12-22,59.473384857177734,59.748015150177395,59.35203511503577,59.69692000899121,6440900
2010-12-23,59.35200500488281,59.54360925077689,59.09653430125683,59.511673585561745,7091800
2010-12-27,59.88212585449219,59.95876368027749,58.94966161673754,59.243451318547905,5285900
2010-12-28,58.709354400634766,59.6450121138083,58.51709389010562,59.555291846064804,13972100
2010-12-29,59.70269775390625,59.93340354277203,58.6196395637349,58.805490103961176,13115400
2010-12-30,59.65785217285156,59.77961753978477,59.2220706267536,59.52327171489955,7029900
2010-12-31,60.31794738769531,60.689643719187146,59.88216092961748,59.92702108459357,8516000
2011-01-03,59.862850189208984,60.439621388055436,59.568049719038015,59.728265027469405,13799400
2011-01-04,59.93339920043945,60.093614665986316,59.54247796274206,59.86290889383578,10466900
2011-01-05,58.613224029541016,59.40148625388731,58.440193481917035,59.27331095065855,17568000
2011-01-06,58.869598388671875,59.036223919244314,58.42099683258098,58.66452269311743,9317500
2011-01-07,59.18359375,59.36303429443104,58.33765626240499,58.64527211670687,12694600
2011-01-10,59.50400924682617,59.593729495755554,59.07463307132316,59.330978735144335,8295200
2011-01-11,59.17076110839844,59.34379161365268,58.760610017275305,59.273296436485886,9495400
2011-01-12,58.709354400634766,59.06823547160876,58.60681415784912,58.79266468085719,9522900
2011-01-13,59.23483657836914,59.45272717066277,58.606790072877956,58.71574025841065,14502400
2011-01-14,58.85675048828125,59.53606738019592,58.805485255753375,59.45916219732219,8960700
2011-01-18,58.58115005493164,58.77340556471389,58.14536405428614,58.504244917387716,10663600
2011-01-19,59.00409698486328,59.00409698486328,58.54908606949186,58.58113108877323,8886900
2011-01-20,58.190242767333984,58.709339165917264,57.927487130420175,58.638843989642176,14203400
2011-01-21,58.6516227722168,58.65162277221679,58.004356393394865,58.119711620506905,9085600
2011-01-24,58.677242279052734,58.89513760120434,58.561887082474186,58.87591255000497,7700200
2011-01-25,59.23483657836914,59.536042306034,58.523479826892604,58.92081577031649,13438100
2011-01-26,58.33768081665039,59.125943413623204,58.247960506671724,59.10030834085927,13322900
2011-01-27,58.60041427612305,58.73499468971817,58.10694787021924,58.363293610614484,10868700
2011-01-28,58.90802764892578,59.13873833572587,58.17103544883599,58.19667051285694,11993200
2011-01-31,58.459449768066406,58.94650640161208,58.3505043691941,58.74143069633872,8647600
2011-02-01,58.170013427734375,58.42082902196418,57.97064844426973,58.23432914449098,11508400
2011-02-02,58.182899475097656,58.52375130754682,57.81632232800678,58.45944047424355,13624600
2011-02-03,57.70050811767578,58.24715706092968,57.69407556824524,57.85485495782566,12785800
2011-02-04,57.115299224853516,57.6555208131933,57.08957392001827,57.559052146711174,17172200
2011-02-07,57.41110610961914,57.430403759200544,56.96092575134461,57.04452927313905,8554800
2011-02-08,56.88376998901367,57.584770973767164,56.825891739595306,57.43685171425415,10454200
2011-02-09,57.37899398803711,57.661967504006,56.68442530698697,57.03814220194808,13078600
2011-02-10,56.7165412902832,57.32750103230634,56.71010874059728,57.17315418602852,10486800
2011-02-11,57.533321380615234,57.5783394331536,57.07027575073508,57.25678051313679,11333400
2011-02-14,57.5718994140625,57.835580049445845,57.436845273963385,57.436845273963385,8033500
2011-02-15,57.82913589477539,57.86129373879383,57.47542414356302,57.59761315631727,7298000
2011-02-16,57.64268493652344,58.086438083396324,57.45618006184647,57.7970368438026,8446300
2011-02-17,57.7326774597168,57.99635808873565,57.66193902226677,57.893456894992006,6732500
2011-02-18,57.5526008605957,57.59119125858757,57.288925158410684,57.50758281843735,6080700
2011-02-22,58.41437530517578,58.48511863675499,57.69408179573205,57.82270826523885,11905700
2011-02-23,58.626651763916016,58.87746744498825,58.356538417175,58.58806133918045,14522600
2011-02-24,58.999610900878906,59.19254815545647,58.80667855289955,58.92886756797368,12110900
2011-02-25,59.346927642822266,59.34692764282226,58.93533251959565,58.99964333761214,6841700
2011-02-28,59.42407989501953,59.50125088325556,59.21828241539189,59.3597691026232,9682500
2011-03-01,59.596351623535156,59.61570658451917,59.015678181907674,59.04793480940723,8048700
2011-03-02,58.68017578125,59.35117565572536,58.673727409203174,59.25439592838751,8526400
2011-03-03,58.105934143066406,58.570472724536884,58.054322573673815,58.4091748794385,10607600
2011-03-04,58.5898551940918,58.6156634521183,58.06725150571537,58.13176968957067,9316200
2011-03-07,58.21565628051758,58.622125328485666,57.97048025458727,58.08016167543892,7522300
2011-03-08,57.86079025268555,58.28661420324941,57.84143528980835,58.13822287290969,8498700
2011-03-09,58.42210388183594,58.596303455522936,57.97046678880263,58.1253114012379,8904800
2011-03-10,59.40282440185547,59.42217937334182,58.48019968908779,58.62859600785667,13385800
2011-03-11,59.06730270385742,59.40925352074276,58.92535974082833,59.38344526179001,8407600
2011-03-14,59.04151916503906,59.306045315820775,58.918931114292526,59.02216419332627,6765200
2011-03-15,59.925350189208984,60.03503642199293,59.58985296855396,59.873738640012746,14893800
2011-03-16,60.60285568237305,61.254500668021905,60.05444372996129,60.24154991088708,24294200
2011-03-17,60.138328552246094,60.39640626301728,59.84799420414283,60.157683519129925,10528500
2011-03-18,60.29956817626953,60.3124747566557,59.80277312460132,59.84148302092353,7260900
2011-03-21,59.94473648071289,60.11893599617253,59.72536884086834,60.08667445658897,10542900
2011-03-22,60.144813537597656,60.18997679159638,59.83511913701681,59.88028239101553,6904700
2011-03-23,60.06734848022461,60.57059723702452,59.95766706859842,60.551242272904865,8358000
2011-03-24,59.6157341003418,59.92542346386691,59.60928080289479,59.84800358419748,9477600
2011-03-25,59.46734619140625,59.97704846837799,59.370566405728816,59.912530252067825,6447200
2011-03-28,59.55121994018555,59.789937815287594,59.357660383010476,59.43508519036531,3996800
2011-03-29,59.093109130859375,59.68023597729057,59.0802074619193,59.34473843820298,6487200
2011-03-30,59.56410217285156,59.56410217285156,59.07375506449304,59.17698810727269,5048300
2011-03-31,59.441532135009766,59.82219794231134,59.10603448939595,59.78993637608406,9654300
2011-04-01,59.73045349121094,59.78228221249625,59.23156312168856,59.283396786104184,7860400
2011-04-04,59.79526901245117,59.983162420033715,59.691601638695644,59.736954878930575,4469100
2011-04-05,59.5555419921875,59.85357827740725,59.393565427842034,59.711043053014514,9951600
2011-04-06,58.661415100097656,59.47129767281306,58.66141510009766,59.45833678349629,9090900
2011-04-07,58.544795989990234,58.80395942038072,58.395775410998034,58.65493884138852,9265100
2011-04-08,58.23381423950195,58.51889458241223,58.214377842145815,58.266211530517246,7605700
2011-04-11,58.28561019897461,58.454067105571504,58.08476096546292,58.20138421724086,5734000
2011-04-12,58.914085388183594,59.11493464118949,58.674358418725355,58.70675569191399,7686500
2011-04-13,59.28342819213867,59.28342819213867,58.59664907575905,58.66143871903645,7959300
2011-04-14,59.23807144165039,59.45835720438295,59.102011715880394,59.30934152797742,7609600
2011-04-15,60.04145050048828,60.06736733481508,59.65270787184774,59.775811599117354,10222900
2011-04-18,60.17750549316406,60.320045599310305,59.2509997463438,59.60086956784904,12036700
2011-04-19,60.43669891357422,60.43669891357422,60.09978981232701,60.16457945374384,5295100
2011-04-20,60.04791259765625,60.42369916587994,60.002559387224366,60.30059547622375,6754100
2011-04-21,59.99613952636719,60.40432377555025,59.970222673789365,60.1840330002058,3365600
2011-04-25,60.222877502441406,60.23583839420573,59.93132169845841,60.01554772239904,3626900
2011-04-26,60.806007385253906,60.81896827985991,60.37191133547902,60.43022053180716,7506300
2011-04-27,60.184017181396484,60.62459367314975,60.09331069278254,60.54036763176048,8869300
2011-04-28,60.6440544128418,60.644054412841804,60.235875050245085,60.39785169394559,8110200
2011-04-29,60.83187484741211,60.85131123040951,60.48200512407213,60.559755599190666,5900000
2011-05-02,60.92952346801758,60.955551199086045,60.62370383331568,60.72130658375192,5285100
2011-05-03,61.27436828613281,61.27436828613281,60.89047050978878,61.13772645230116,6486600
2011-05-04,61.54761505126953,61.632206348361315,61.33939833918498,61.3654260487303,7406300
2011-05-05,62.13325500488281,62.2243495485225,61.69079366536994,61.76236865884116,9600000
2011-05-06,61.86001205444336,62.13329586507974,61.39152268519038,61.49563364026152,9451500
2011-05-09,61.79491424560547,61.94456746322629,61.71032289589874,61.74936696664072,3731200
2011-05-10,61.35247039794922,61.74287646714958,61.35247039794922,61.6192459755945,5458300
2011-05-11,61.703834533691406,61.87300734524586,61.28089257624071,61.371987156087656,6078700
2011-05-12,61.313419342041016,61.88601446775996,61.10520248139035,61.78190355529386,8015800
2011-05-13,61.866485595703125,62.13326108122866,61.50861059334849,61.58669376593881,8380000
2011-05-16,62.21131134033203,62.32843355511249,61.65823614553249,61.833916985564095,6053600
2011-05-17,62.84902572631836,62.85553390046786,62.452116460280806,62.48464740246364,9826900
2011-05-18,62.01613235473633,62.71886594212173,61.99661280468899,62.64078277765215,7707600
2011-05-19,61.990135192871094,62.022671101842896,61.46308722465038,61.46308722465038,8052400
2011-05-20,62.02263259887695,62.08119620581402,61.63222675498856,61.82742719479294,5602300
2011-05-23,62.32195281982422,62.588733245921475,62.198322381946916,62.289421890679904,6300000
2011-05-24,62.55620574951172,62.55620574951172,62.113744346657924,62.230866628715724,5549100
2011-05-25,62.26338195800781,62.6472796108729,62.165779261155535,62.56269325454993,5664500
2011-05-26,62.7969856262207,62.823013362847014,62.393563154937674,62.44561862819029,8307900
2011-05-27,62.77092742919922,62.79695515319524,62.38702470560883,62.54969425737341,5390600
2011-05-31,62.91410446166992,62.95965175716332,62.52369339826037,62.58225704348496,7003900
2011-06-01,63.7643928527832,63.81663853299829,63.274600811216914,63.29419169569199,12746400
2011-06-02,62.54971694946289,63.28767358417012,62.54971694946288,63.01338621584569,15738700
2011-06-03,62.908836364746094,63.08515915427001,62.41251279871076,63.07210023677185,10644100
2011-06-06,62.43213653564453,62.686827911502036,62.17744515978703,62.34724107116556,8776900
2011-06-07,62.719459533691406,62.732518453242186,62.118649585980265,62.19048609955646,7399200
2011-06-08,63.209251403808594,63.241901193986386,62.8043551427376,62.863132736927646,7401800
2011-06-09,62.95458984375,63.56193203088873,62.64765277313716,63.41172698141523,9963000
2011-06-10,63.43780517578125,63.60106903612296,63.21576871727697,63.287605214420736,7710800
2011-06-13,63.11787796020508,63.53583349804974,63.111346003619786,63.176650622203695,5540000
2011-06-14,62.164371490478516,62.628040423276644,62.12518476181176,62.52354912339116,8672400
2011-06-15,63.29418182373047,63.30724573295782,62.281948085157765,62.28847505734991,12979100
2011-06-16,63.581512451171875,63.69253074028149,63.21580280120122,63.41171654979108,10961200
2011-06-17,63.281105041503906,63.44436898382852,63.11130914640867,63.254982212841554,9622900
2011-06-20,63.35948181152344,63.5815234104353,63.07866757263034,63.56193253044155,6613800
2011-06-21,63.07862854003906,63.36597455526287,62.86965097871759,63.15046504384502,7894900
2011-06-22,63.11787796020508,63.385628391126026,62.961145879119094,63.32032377254211,5503700
2011-06-23,63.60110855102539,63.829677101028224,63.44437654279783,63.5031491774754,8586800
2011-06-24,63.33333206176758,63.79700092363551,63.33333206176758,63.58149138740405,7960900
2011-06-27,62.46482467651367,63.26155401410532,62.39952005493243,63.24849010033512,9331300
2011-06-28,61.961910247802734,62.48435669305914,61.85742394820259,62.35374757295432,12634300
2011-06-29,61.550537109375,62.17093840822459,61.40033201487928,62.007674384061794,11084900
2011-06-30,61.452571868896484,61.58971303829308,60.82563867347401,61.537472342157805,11555600
2011-07-01,61.354286193847656,61.747460895044284,61.17736157784838,61.68192844522884,6637200
2011-07-05,61.4918327331543,61.70807759876344,61.393544157349154,61.62289249992601,4615600
2011-07-06,61.80636978149414,61.89155487841235,61.49183134774747,61.721184684575924,5652700
2011-07-07,61.622962951660156,61.688490410252186,61.30187490496197,61.4853537887895,6823700
2011-07-08,62.49445724487305,62.65172405628397,62.14060316963212,62.14715241218381,12129300
2011-07-11,63.43146514892578,63.43146514892578,62.74341525342909,62.933448129322635,9760800
2011-07-12,63.64776611328125,63.76571749440048,63.274254239640825,63.75916825058807,9083900
2011-07-13,63.824676513671875,63.84433423805003,62.9793593694622,63.37252885528917,13112200
2011-07-14,62.913787841796875,64.15227360344437,62.91378784179688,63.313511288616205,11471500
2011-07-15,63.0186882019043,63.0383459304573,62.409273619649746,62.44203983351962,7086200
2011-07-18,62.40928268432617,63.01869735509554,62.38307070930755,62.94661567365012,8206500
2011-07-19,63.70674133300781,63.73950254881053,62.363406499533234,62.46170014578644,15249400
2011-07-20,62.95315170288086,63.45771832758837,62.82209686512924,63.37908742470603,9673300
2011-07-21,62.46824264526367,62.815542463902986,62.186470245333766,62.40926446883009,11099200
2011-07-22,62.94004821777344,62.966255185786025,62.599297640550624,62.70414551028737,4974500
2011-07-25,62.251976013183594,62.94002616888672,62.140578940178656,62.23231829434976,10869400
2011-07-26,62.677955627441406,62.82211899941461,62.40928661614163,62.44860708085828,7682800
2011-07-27,62.68449783325195,62.80244420648087,62.317535229768744,62.474802060163036,11224200
2011-07-28,62.920379638671875,63.110412635323314,62.71724315923326,62.97935780976701,7081600
2011-07-29,64.16545104980469,64.56517495744134,63.41842718949898,63.49050887772352,19582400
2011-08-01,64.81302642822266,65.04971468790518,64.00434070496244,64.0306399578238,14348200
2011-08-02,66.75914001464844,66.77886320441888,65.01685302124613,65.23381814086237,20850600
2011-08-03,66.89066314697266,67.9952074447895,66.6408275974458,66.77889500766378,21179700
2011-08-04,69.2706298828125,69.39555004909228,67.2390569906878,67.311378664211,34076600
2011-08-05,67.27193450927734,69.36267701228078,67.24563526203642,68.00829838381799,41677700
2011-08-08,69.3956527709961,69.55344346676485,67.68623433854408,67.8374539750428,38259500
2011-08-09,69.60592651367188,71.90705749012986,67.71899730719204,69.04050535817109,39881400
2011-08-10,71.677001953125,71.70987728745693,70.30947532456528,70.76312383870102,46221000
2011-08-11,68.06090545654297,70.88143633162531,67.85051645266145,70.57242638490912,37790100
2011-08-12,69.40872192382812,69.46789650330521,68.42252240515135,68.66578675887688,15590800
2011-08-15,68.70518493652344,69.34950371046158,68.6854617625573,68.99447153087117,10051700
2011-08-16,69.84265899658203,70.11221761653839,68.79070872689395,68.81043693270888,15993200
2011-08-17,71.0655288696289,71.07210493702762,69.54020727765966,69.901815743543,15906600
2011-08-18,72.52513122558594,73.7282961777908,71.84794150313108,72.38048778660111,27274600
2011-08-19,73.1102523803711,73.24832472096251,72.47251426693461,72.74864891597761,15708400
2011-08-22,72.92615509033203,73.14969622321051,72.57769878114763,72.62372121790652,13157700
2011-08-23,71.9201889038086,73.0904773138083,71.89388966789028,72.16345307400316,16017800
2011-08-24,69.87549591064453,71.93336800230159,69.790027123912,71.85447026496279,14621600
2011-08-25,70.63160705566406,70.94061702906146,69.92811829293655,70.14508338269259,10565900
2011-08-26,71.32854461669922,71.84136772321186,70.56588602693141,71.4600409363638,11504800
2011-08-29,70.34229278564453,70.61185627960784,70.08588142195983,70.15162702514883,6764300
2011-08-30,71.47317504882812,71.76246188335476,71.17074109276427,71.28908525088237,9508700
2011-08-31,70.3686294555664,71.63753983464711,70.3686294555664,71.53891886937822,12186000
2011-09-01,71.86030578613281,71.8669016984021,69.95449466806872,70.87113025643005,10686600
2011-09-02,74.19474029541016,74.24090160622367,72.97475848287654,73.45615429118821,16557100
2011-09-06,74.96627044677734,75.79058288350247,74.77502935771265,75.45426200058154,14016200
2011-09-07,73.53529357910156,74.10242115643895,73.40340051971741,74.04306802191465,11524300
2011-09-08,74.19474029541016,74.27387109611588,73.42317977009047,74.05625636296958,11480900
2011-09-09,74.986083984375,75.29602639306522,73.99690865342627,74.21452843372441,11492700
2011-09-12,75.06522369384766,75.34219159330951,74.58382279422534,74.89376521890196,7602200
2011-09-13,73.99686431884766,74.90690326684442,73.93092034253534,74.7816112212119,9282400
2011-09-14,74.62342071533203,74.74871288864104,73.73975443241534,73.83867301328625,11948500
2011-09-15,73.48255157470703,74.18156732499965,73.48255157470703,73.84525127412688,8884000
2011-09-16,74.01670837402344,74.24751499807397,73.36385391422138,73.40341932657088,10053500
2011-09-19,75.42794799804688,75.96210633573561,75.2564944868359,75.30924670425028,13033500
2011-09-20,75.74444580078125,75.75104171112058,75.21029278102112,75.42131663103054,6360600
2011-09-21,78.25037384033203,78.336100566813,75.30922111894593,75.59278494494475,18687100
2011-09-22,81.19149780273438,81.68608537578201,79.94513752115071,80.06383873993035,25041400
2011-09-23,79.68138885498047,81.34979747436996,79.68138885498047,81.19153079541945,15173800
2011-09-26,78.40200805664062,79.50988422904994,78.1975801719474,79.21313374925627,15110100
2011-09-27,77.20185852050781,77.35353432701262,76.66770530376978,76.99083459267982,13589600
2011-09-28,77.17545318603516,77.22821040753186,76.33795367739864,77.08972647450719,12642600
2011-09-29,77.70960998535156,78.35587340200408,77.21502233005415,77.55793925520227,12341800
2011-09-30,79.66161346435547,79.73415341370394,78.46800477220816,79.14723790591884,13546400
2011-10-03,81.85391998291016,81.85391998291016,80.0688837296712,80.57794798014773,15882000
2011-10-04,80.81593322753906,82.66047291695655,80.77626733442827,82.2241329607847,17301400
2011-10-05,80.2341537475586,80.51182511779075,79.771368130505,80.43249332285866,14275000
2011-10-06,78.75325775146484,80.00278432677686,78.75325775146484,79.75816611826058,9681600
2011-10-07,78.17138671875,78.70690118034005,77.25242374691177,77.84743701313327,11564600
2011-10-10,77.06735229492188,77.29213745059688,76.55828818998528,77.2326335690419,3567600
2011-10-11,76.80948638916016,77.58961392523804,76.62437223551157,77.54333538682589,7520200
2011-10-12,75.6921615600586,76.10867332757746,75.02442927939978,75.83099713457125,14033400
2011-10-13,76.4458999633789,77.0541389402551,76.00294731946775,76.04922587862288,11263300
2011-10-14,75.335205078125,75.77155007653609,75.110424959417,75.28892652168604,8411000
2011-10-17,76.63761901855469,76.67067729056048,75.51370838613549,75.56659960375111,9664000
2011-10-18,76.16160583496094,77.23263026122171,75.56659730880004,76.78306501311047,12495600
2011-10-19,76.13516998291016,76.51861871274923,75.4740448738289,75.72527059944544,6629300
2011-10-20,75.59300994873047,76.47230717513268,75.41450846561752,75.6723467434374,7832100
2011-10-21,74.7931137084961,75.5005176754897,74.7931137084961,75.27573746354147,9906300
2011-10-24,74.91869354248047,75.42115001344075,74.74019199099914,75.32198024306932,6344500
2011-10-25,76.82267761230469,76.92184731253352,74.9384734838787,74.95830641512836,11791200
2011-10-26,75.48062896728516,76.82932437472473,75.41451748577967,76.28720215600731,12747000
2011-10-27,72.92206573486328,74.60793090864681,72.6047236190082,74.3897585192453,19471400
2011-10-28,73.68900299072266,74.01956554049836,73.22621743863036,73.31877454904881,10127900
2011-10-31,76.61114501953125,76.61114501953125,75.01122410943128,75.11039384471466,15242100
2011-11-01,79.1756591796875,79.20217319338012,77.66439579842569,78.68516256895171,24400600
2011-11-02,78.18806457519531,78.45319975134261,77.16729743409958,77.30649226374452,13181100
2011-11-03,77.11420440673828,77.78366902454962,76.88221321948542,77.11420440673828,8386700
2011-11-04,77.20702362060547,77.58483937123844,76.57732733153067,76.70326760075157,7583700
2011-11-07,77.69755554199219,78.44655761881722,77.10100275393008,77.31310985001527,9279700
2011-11-08,76.70330047607422,77.90966050014835,76.55747590332373,77.38602001483157,7539400
2011-11-09,78.29415130615234,78.96361169302898,77.5981718285475,78.38694789556168,13004500
2011-11-10,77.12751007080078,77.95605413304553,76.36524852212929,77.40589966202742,11644600
2011-11-11,76.65689086914062,77.00156294345047,76.55746457906028,76.7762014058308,2483900
2011-11-14,77.88975524902344,77.94940798159239,77.02806758258113,77.14737810474959,9252600
2011-11-15,77.7837142944336,78.51946181437305,77.3661299143456,78.0157056167047,7587500
2011-11-16,78.49295806884766,78.49958783807479,77.67104368081107,78.18805442581848,7470000
2011-11-17,79.12265014648438,79.64629063083095,78.24107799978576,78.24107799978576,9907900
2011-11-18,79.1027603149414,79.24196017468105,78.42667055078486,78.99670929922534,6792600
2011-11-21,79.57340240478516,80.02413073917596,79.48060584097236,79.79213427261051,7345600
2011-11-22,80.46163940429688,80.47489895257425,79.44087163948532,79.77228954791624,7866300
2011-11-23,81.25035095214844,81.56188434715277,80.2229542312233,80.30912605530735,10129300
2011-11-25,80.07051849365234,80.77975217070711,80.03074493079514,80.73335389490101,4311900
2011-11-28,80.03072357177734,80.302488441135,78.59900211684257,78.6321408438411,7661900
2011-11-29,79.3745346069336,80.15005076685843,78.9304361280398,79.56012769918577,8952800
2011-11-30,78.13502502441406,78.58575324039202,77.72407036607355,78.43992866212973,11806800
2011-12-01,77.74295043945312,77.90242173884295,76.9455888730028,77.27117758786154,9647200
2011-12-02,78.83272552490234,78.8593049349726,77.45062661827393,77.49049826813136,7764900
2011-12-05,78.67326354980469,78.95898590537574,77.66326612427247,77.7430043640265,7862800
2011-12-06,77.92241668701172,78.60017911744096,77.59018159313607,78.28123119673803,8506300
2011-12-07,78.20146942138672,78.5669248493043,77.64331203164414,77.9622598357118,6588300
2011-12-08,79.17827606201172,79.2912347858882,78.0154531445047,78.2214372962213,8800500
2011-12-09,77.5503158569336,79.15833251229382,77.49715702464765,79.118465922832,9855100
2011-12-12,78.4140853881836,78.73302806493875,78.14829644455266,78.34763941965147,5734600
2011-12-13,79.14505767822266,79.49058000294,77.84934262365005,77.92907581500462,8901800
2011-12-14,80.64010620117188,80.66003949662539,79.39754506634607,79.59688815989219,11247700
2011-12-15,80.34105682373047,80.61348684245662,79.98224247483269,80.17493935125019,5438700
2011-12-16,81.2779769897461,81.47732003420701,80.59357364367004,80.6533735153058,9321900
2011-12-19,82.30792236328125,82.40758883387994,81.23812497647762,81.2779915647171,7845100
2011-12-20,80.25465393066406,81.51050132657744,80.14169529218549,81.50386027925643,13945400
2011-12-21,79.13835906982422,80.28789415468621,79.11842578520569,80.15499714139143,11600100
2011-12-22,79.47058868408203,80.01545372839513,79.30447123069996,79.73637762339382,5247400
2011-12-23,78.58683013916016,78.8791984329377,78.23466200501987,78.77952696283158,5409700
2011-12-27,78.96013641357422,78.96013641357422,78.40685268985916,78.62016818337212,4270300
2011-12-28,80.42005157470703,80.69336486896658,78.96017002482586,79.15348806777523,8302300
2011-12-29,80.56670379638672,80.72002166467644,80.03341231383101,80.31339313938723,4305000
2011-12-30,80.82666778564453,81.16664117315025,80.58668716926915,80.73334255548117,5948800
2012-01-03,79.61339569091797,80.12668420526512,79.28009000772495,79.6067281532186,9076900
2012-01-04,78.6668472290039,79.51344184041761,78.44686414995184,79.50011184434337,8417100
2012-01-05,78.52684783935547,79.39343986040089,78.37352493490249,78.77349087429597,6465800
2012-01-06,79.14684295654297,79.3001608645151,78.46689588600535,78.49356097561916,7348500
2012-01-09,79.00679016113281,79.68673671699102,78.86013990803117,78.97346263872687,5582400
2012-01-10,78.87349700927734,79.24013548265296,78.44686592344593,78.48019854315052,8932500
2012-01-11,79.90007781982422,80.0333981239032,79.31346136169569,79.35345643575067,8634500
2012-01-12,79.7867660522461,80.12007194423697,79.48678769794772,79.96008145427345,7205400
2012-01-13,80.58002471923828,81.08665106202133,80.53336210120852,80.72668011471579,9819000
2012-01-17,80.95335388183594,81.08000668933994,80.54672020030458,80.62671037644492,5449900
2012-01-18,79.97339630126953,81.066638943494,79.93340123182129,81.01330879366769,5804000
2012-01-19,78.87349700927734,79.70009410234525,78.60685130917179,79.54677625772905,8625700
2012-01-20,77.98023223876953,78.63350880086126,77.97356469830318,78.46685589010517,6548200
2012-01-23,77.48697662353516,77.75362243783982,77.02701780685166,77.41364889745523,7274800
2012-01-24,77.62690734863281,77.80022776313295,77.18027886303837,77.80022776313295,5776500
2012-01-25,77.44029235839844,79.01349662896956,77.25364186627041,77.36696465279894,12867600
2012-01-26,78.46686553955078,78.46686553955078,77.72025857664602,77.7602587385199,7638500
2012-01-27,78.71349334716797,78.88014623530856,78.00021918935992,78.54684045902737,5165300
2012-01-30,79.64009094238281,80.25337241131223,79.55342817696597,79.88673398649408,8388400
2012-01-31,80.5600357055664,80.60003587228458,79.45346275269009,79.50012537565756,7998300
2012-02-01,79.63723754882812,80.11834938052604,79.38999810808454,80.01811689924968,7925200
2012-02-02,79.60381317138672,79.83769062555835,79.27639187279546,79.49021875526822,5596900
2012-02-03,77.89321899414062,78.04690949682501,77.49229411927386,77.81971550564414,12467400
2012-02-06,78.6683578491211,78.71513234062489,77.7395413497676,77.97341890532381,6180600
2012-02-07,77.69276428222656,78.10037273668921,77.35865932598091,77.92664183002815,8794800
2012-02-08,77.75287628173828,78.04020663885473,77.49895844676553,77.64596028930652,7613400
2012-02-09,77.17155456542969,77.53907202412726,76.59021525553648,77.41879404655684,11477700
2012-02-10,78.17386627197266,78.40106026424404,77.8598068374414,78.04690987144457,7193100
2012-02-13,78.27407836914062,78.42776883251429,77.79965012712596,77.91324454464318,6422900
2012-02-14,78.68838500976562,79.0358518517419,78.33423464254864,78.4745580843873,8271200
2012-02-15,78.54802703857422,79.0291335856562,78.50793100279205,78.62153048980213,6846100
2012-02-16,77.919921875,78.58144795164502,77.59917902381882,78.36093756008512,9036200
2012-02-17,77.89988708496094,77.91993256002706,77.35195534166692,77.41877529123246,6338000
2012-02-21,77.03790283203125,77.45887314001851,76.8107088656316,77.35864065772559,8338300
2012-02-22,78.0068130493164,78.02018010063217,77.38537771207824,77.43883572126862,7736800
2012-02-23,78.0068130493164,78.32755600642231,77.4655647258638,77.60588817646128,5163900
2012-02-24,78.51466369628906,78.5681217121218,78.14714620998525,78.33424926539982,5676900
2012-02-27,79.20958709716797,79.41673049541072,78.92894021605792,79.18285809448568,8180700
2012-02-28,78.9489974975586,79.61052384423587,78.80867403602322,79.43010942170089,6615700
2012-02-29,78.46791076660156,79.12943732567089,78.15385120984023,79.09602988012423,14235000
2012-03-01,77.72915649414062,78.1443925059417,77.38089782366349,77.80282748187395,12265600
2012-03-02,78.45909881591797,78.68011158531544,78.05726066860845,78.0907442002555,6669600
2012-03-05,77.83629608154297,78.65337038232671,77.83629608154297,78.3318965996904,6921900
2012-03-06,78.78063201904297,79.10210586681518,78.65338631879547,78.66007996483508,6299700
2012-03-07,78.29843139648438,78.76724211680644,78.23145405673526,78.6667812168364,5567500
2012-03-08,77.51481628417969,78.07069532891117,77.44784407497576,77.90326225107533,7982100
2012-03-09,77.66890716552734,77.68229957216353,76.95229333359087,77.34743320005013,6975600
2012-03-12,77.6554946899414,78.03724207622594,77.60191996406176,77.90329759704532,5280000
2012-03-13,76.28922271728516,77.29382135126794,76.27582520742644,77.20005411121555,14413600
2012-03-14,74.3670883178711,75.51233013964664,74.30680974322351,75.47884147488101,24515300
2012-03-15,74.48098754882812,74.83594513183934,74.25997448820212,74.27337200623424,14154000
2012-03-16,74.62828063964844,74.63497939427072,73.80450754929976,74.00542931074655,13427200
2012-03-19,73.73757934570312,74.66181386844713,73.46299155812163,74.58144409396547,14011400
2012-03-20,74.0322265625,74.25323950008222,73.5701095311287,73.95855558330594,9443800
2012-03-21,74.8694076538086,74.93637989159745,74.21306746030771,74.24655613402925,10242000
2012-03-22,75.11048889160156,75.25783083559564,74.92296463911917,75.20425101784276,8009800
2012-03-23,75.82040405273438,75.94095608858291,75.4520543001686,75.47214545453457,8465300
2012-03-26,75.43195343017578,75.68645499567842,74.87607945793306,75.56590296719095,8118600
2012-03-27,75.97444915771484,76.14857591208524,75.47884347623699,75.53242329742156,6972300
2012-03-28,75.86732482910156,76.3093508951435,75.57933954325297,75.62622063119784,7886000
2012-03-29,76.43659210205078,76.47677953908438,76.06824217855231,76.36292109542008,7692900
2012-03-30,75.14398193359375,76.53032795766867,75.13728828776895,76.49014564410669,9467500
2012-04-02,75.5602798461914,76.0773129834975,75.33869421591737,75.87587056999504,8944000
2012-04-03,74.25092315673828,76.17132180053538,74.24420704318833,75.88259039261082,14774300
2012-04-04,75.27153015136719,75.28496237454466,74.8082209095868,75.04994457496797,10095600
2012-04-05,75.8154296875,75.92286186866325,75.42597714463639,75.87585932886196,6364100
2012-04-09,77.58811950683594,77.73583814467572,77.37996096994173,77.58140339328615,14374600
2012-04-10,78.46778869628906,78.7565202803182,77.74260167739307,77.85675006289613,14421300
2012-04-11,77.52772521972656,77.93060515392682,77.45386330078527,77.6955922858847,8713000
2012-04-12,77.2054214477539,77.72244974489836,77.09798406902998,77.66873105553638,9008500
2012-04-13,78.45436096191406,78.49465254720654,77.97090804447785,77.99105127567557,8607700
2012-04-16,78.3401870727539,78.96465265112555,78.27304128298289,78.36033029739568,7735000
2012-04-17,78.29320526123047,78.44764522924788,78.0581923732881,78.246202683642,5398600
2012-04-18,78.52149200439453,78.64235648385895,78.38048429883533,78.59535391533922,4074400
2012-04-19,78.59540557861328,78.87742117510956,78.57525721637859,78.72969725611652,5374300
2012-04-20,78.6087875366211,78.64907399214776,78.1119024678396,78.26633729595592,5043300
2012-04-23,79.17950439453125,79.50852739912578,79.09221539980503,79.3070849523493,5170100
2012-04-24,78.6222152709961,79.07210289382834,78.61550427695255,78.97138163131676,4336600
2012-04-25,78.21931457519531,78.77663430660418,77.682143189256,78.16560102262778,8859500
2012-04-26,78.68933868408203,78.87063279490383,78.28645377488797,78.84377345943126,5133000
2012-04-27,78.75651550292969,78.80351807780899,78.42078136153579,78.57521619775497,3112900
2012-04-30,78.77666473388672,79.06539632240032,78.68937569471632,78.94453181737377,4198400
2012-05-01,78.36808776855469,79.16906874878727,78.12577428101011,79.04117964833776,7214300
2012-05-02,78.91992950439453,78.96704567480695,78.6170405710686,78.89973759354314,3565700
2012-05-03,78.89981842041016,79.00078321337536,78.4555753854763,78.5094239597621,3522900
2012-05-04,79.51905059814453,79.5527072362293,79.02096419323836,79.07481276006118,6367300
2012-05-07,79.53251647949219,79.7344409051304,79.43827891852256,79.64020847944282,3228200
2012-05-08,79.95659637451172,80.4412234184483,79.86909626641149,79.88928820402813,6051600
2012-05-09,80.01040649414062,80.48156859626421,79.72097687846993,80.40079574935083,5828900
2012-05-10,79.7748031616211,79.84211642055534,79.04786823676957,79.43825740807256,6300000
2012-05-11,80.4344711303711,80.50177928417675,80.07100093748107,80.42773877440564,5234300
2012-05-14,81.55853271484375,81.64603793600558,81.17487059170867,81.3566082546733,8789400
2012-05-15,81.8883285522461,81.9354447600036,81.32292892387456,81.50466140085878,6766400
2012-05-16,82.1239242553711,82.23834861817397,81.25563529855393,81.43064058802344,6462300
2012-05-17,83.57784271240234,83.65188325235405,82.13069370691679,82.1374260656265,14863400
2012-05-18,83.59796142578125,83.75950708159851,82.86429416291331,82.97198613151093,10137700
2012-05-21,83.42301177978516,83.7662849515887,83.20762257706613,83.39608748753483,9583500
2012-05-22,82.49410247802734,82.70949157841588,82.15755668771519,82.62199152163596,12475500
2012-05-23,83.06623077392578,83.813357671078,83.03257414226334,83.1604631802434,11744900
2012-05-24,82.7498779296875,83.32200472793988,82.62198889015211,82.94507509808534,10256200
2012-05-25,83.05952453613281,83.15375697207902,82.88451923996877,83.07971646736664,4723600
2012-05-29,82.80372619628906,83.3354691753914,82.7902666238415,83.05277193646045,5874100
2012-05-30,84.90379333496094,85.02495005594415,84.33839872722763,84.35185830276686,17170800
2012-05-31,85.88650512695312,86.88268316318535,85.26052960239427,85.50284303998366,31174500
2012-06-01,87.92549133300781,87.93898385737612,86.69118779371333,86.92050924907149,23526000
2012-06-04,87.23075866699219,87.80406219436979,86.96771109754161,87.21726614523665,11681200
2012-06-05,86.06388854980469,86.7653503362936,86.05714229002339,86.69115691636478,12482800
2012-06-06,84.34400177001953,86.06392830475404,84.34400177001953,86.0369483990547,20806700
2012-06-07,84.47212219238281,84.80936318421143,83.89881353545199,84.07418029205184,18898200
2012-06-08,84.45185852050781,85.62545531382712,84.02019061616308,85.49056102342713,11239600
2012-06-11,84.83633422851562,85.12636165705986,84.15510605525803,84.16859857522117,10693800
2012-06-12,84.06065368652344,84.7351353966979,83.97297291672011,84.28998014384403,10921700
2012-06-13,84.89030456542969,85.1735857691941,83.89206894554509,84.20907630751971,11100000
2012-06-14,84.78238677978516,85.17358758143442,84.43840465899056,84.95100728264542,7688200
2012-06-15,85.25452423095703,85.55803906691149,85.07915747339554,85.37593119451665,6421400
2012-06-18,85.71319580078125,85.88855746076283,85.16012062462183,85.76040934706715,6698400
2012-06-19,84.59347534179688,85.23423590618991,84.53277447190891,85.17352989041605,8227900
2012-06-20,85.01172637939453,85.32873379673956,83.69648316780712,84.02023684715037,13720300
2012-06-21,85.46356964111328,85.82779035126947,84.91049489144352,84.9509621439431,9776600
2012-06-22,84.32373809814453,85.13311959261144,84.31699698312705,84.91728555659813,7830400
2012-06-25,85.55130004882812,85.67270702266588,85.16684548932353,85.22755154918723,6113800
2012-06-26,85.21407318115234,85.6255077082836,84.94428443526799,85.0589451668579,5359700
2012-06-27,85.34895324707031,85.51757374776093,85.00496598481244,85.36244062293427,5860700
2012-06-28,85.55805206298828,85.982979072937,85.51758478428458,85.86157209093594,5257800
2012-06-29,84.44515228271484,84.7351797758241,84.060697712397,84.3304915669458,8881900
2012-07-02,85.3163833618164,85.98555652340633,84.74184053996782,84.79591133627234,7818500
2012-07-03,84.66077423095703,85.16772497485498,84.63373623911278,85.13392619580725,5773100
2012-07-05,85.09333801269531,85.38398986344824,84.66074062882599,84.72833300312415,5974700
2012-07-06,85.88417053222656,85.98556166142706,85.58000230159212,85.6205566904855,5818300
2012-07-09,86.6412124633789,86.69528841936216,85.91796846921272,86.10046837444743,5647000
2012-07-10,86.8170166015625,87.01979898578784,86.33034300499787,86.42497340911098,4288000
2012-07-11,86.9251480102539,87.51320750279271,86.69532252842,86.91838206688527,5960900
2012-07-12,87.54020690917969,87.57400567130331,87.12788676471328,87.22928305108418,6421000
2012-07-13,87.31043243408203,87.35775278584899,86.92515524570915,87.35098684191718,4175300
2012-07-16,87.71599578857422,88.28377811739446,87.6078438267212,88.07424013751596,5283500
2012-07-17,87.0265121459961,87.7497665568499,86.95215898519744,87.37123481118871,5590900
2012-07-18,87.07383728027344,87.42531559256726,87.05354976808722,87.37123962592143,4011000
2012-07-19,86.85074615478516,87.26306622559974,86.59388798524851,86.83046896391987,5246300
2012-07-20,87.9119873046875,88.07421520153633,87.47938989369314,87.60106339481372,6365900
2012-07-23,88.40544891357422,88.84481242851963,88.216188121085,88.75693766274262,6141100
2012-07-24,89.1016616821289,89.25035773480833,88.06071711580277,88.10803746606241,6748800
2012-07-25,89.33149719238281,89.36529597684059,88.87185641442723,88.97325276780053,5328000
2012-07-26,88.51358032226562,89.07460693893461,88.47978154990007,88.90562339104409,6606200
2012-07-27,86.84404754638672,87.87822633805592,85.8166295425697,87.7971175117102,14685100
2012-07-30,87.49295043945312,87.51998327733578,86.68858685273335,86.7832172562333,6025300
2012-07-31,87.66865539550781,87.79032890326124,86.91161246348257,87.74300856304146,7448600
2012-08-01,87.23037719726562,87.88064702609253,86.8036372991077,87.06103728030624,7972000
2012-08-02,87.72489166259766,88.52418185340777,87.46750188563641,87.77908170398254,7972000
2012-08-03,86.3091812133789,86.72237108918866,85.86889632645189,86.59367107834284,9084800
2012-08-06,86.34308624267578,86.7969162350637,86.27535127136889,86.47855618528956,3673600
2012-08-07,85.23221588134766,85.43542079456552,84.96127082921014,85.32027082695735,6613600
2012-08-08,84.77841186523438,85.61156208360045,84.6971267743346,85.45577211918665,7250700
2012-08-09,84.71739959716797,84.8731946427071,83.82328476637382,84.51418956695969,7553500
2012-08-10,85.14412689208984,85.56409183886834,85.07639194398887,85.48280680044,4670500
2012-08-13,85.00191497802734,85.60476503569903,85.00191497802734,85.42188008798233,3543700
2012-08-14,83.85041046142578,84.27037559918833,83.82331543629455,83.96556044234777,7994000
2012-08-15,82.67178344726562,83.45074325061374,82.57017842183222,83.32881825366292,11191000
2012-08-16,81.96731567382812,82.97658038828895,81.63540563142624,82.78014541457523,13240000
2012-08-17,82.36692810058594,82.71915799416527,82.17726823535571,82.23145824480541,6341100
2012-08-20,82.53626251220703,82.76656745312174,82.29918769644439,82.33305774205766,4427100
2012-08-21,82.9020767211914,82.94271666097757,81.73024700269312,82.27890686118967,9532700
2012-08-22,84.2703628540039,84.33809782266381,83.45752772654453,83.66750767974428,11384400
2012-08-23,84.62257385253906,84.76481881364803,84.43291390439377,84.49387381579218,7139100
2012-08-24,84.54131317138672,85.04933325085811,84.44648316997987,84.98837332188833,5001400
2012-08-27,85.03577423095703,85.21188927631964,84.85288413866023,84.90029913150632,3906100
2012-08-28,85.23895263671875,85.59118261797347,85.06961269091995,85.1779927367968,3412600
2012-08-29,84.86640930175781,85.09670915140008,84.63610428427043,85.08316422935734,3762700
2012-08-30,85.30671691894531,85.64539690649984,85.164471944314,85.53024178316798,3886400
2012-08-31,86.51240539550781,86.51240539550781,85.16446067047505,85.19832556403966,9192600
2012-09-04,86.42552947998047,86.63595756043274,86.04539999816325,86.1540062020214,6009300
2012-09-05,86.01826477050781,86.33730429903882,85.90286903687479,86.08614430918153,3466700
2012-09-06,84.58596801757812,85.21046793984338,84.54524133795782,85.21046793984338,6505100
2012-09-07,84.19219970703125,85.651631776843,84.11753072818934,85.62447895009393,7335300
2012-09-10,84.39591979980469,84.39591979980469,83.83929929420631,83.96148453586824,4912100
2012-09-11,83.86642456054688,84.23976449141642,83.68993367422436,84.18545880656717,3523300
2012-09-12,82.82111358642578,83.09263699622436,82.5971063849261,82.96366221132241,7040900
2012-09-13,82.4952621459961,83.55419746102902,81.63996544907427,83.0790355065596,12280200
2012-09-14,80.30266571044922,81.35481077421822,80.13296439253101,81.29372078562682,16871600
2012-09-17,81.26661682128906,81.38880205081867,80.6421168387495,80.68963302918455,5573300
2012-09-18,81.67389678955078,82.0676053152112,81.42952633768405,81.9386305825937,5366200
2012-09-19,82.21012878417969,82.39340397768908,81.87072605785704,82.36625113811832,5903300
2012-09-20,82.41378021240234,83.03149053916452,82.12189363326469,82.90930533908654,4604200
2012-09-21,82.50879669189453,82.56988669073945,81.91144463808229,81.96575031186052,4144300
2012-09-24,83.15367126464844,83.2894302890408,82.93645371829578,82.98396989472059,3627400
2012-09-25,83.97504425048828,83.9954075908614,82.90253010724533,83.35733381737431,5893500
2012-09-26,84.87783813476562,84.91177530155832,84.477340207163,84.55200922453172,7193400
2012-09-27,84.27373504638672,84.71495982043754,84.01578554645216,84.54525838263929,5147700
2012-09-28,84.32123565673828,85.01361511627695,84.04292286432874,84.68100180975476,7173400
2012-10-01,84.63411712646484,84.66813066288529,83.9266781247631,84.32801605762889,4842600
2012-10-02,84.51850128173828,84.7021609326282,84.21919869092973,84.28722578137776,3540100
2012-10-03,84.5456771850586,84.55248092932341,84.0899249243057,84.25317845850716,3800900
2012-10-04,83.49137878417969,84.21242568171796,83.37574099891768,83.981144921454,6214800
2012-10-05,82.40978240966797,82.77030311564513,82.25332738400013,82.6954774759437,8340700
2012-10-08,83.10363006591797,83.17165197248315,82.7771228385096,82.97439000036577,1568400
2012-10-09,82.9539566040039,83.11041161808596,82.56622613141676,82.62744946379232,4752700
2012-10-10,83.53897094726562,83.64100639520598,82.48461849118466,82.62066229527947,5429800
2012-10-11,84.11714172363281,84.11714172363281,82.91313318547317,82.96074901982354,5194100
2012-10-12,84.32806396484375,84.87904827766035,84.19881868070556,84.39608588659124,4934900
2012-10-15,84.13758087158203,84.44368204287619,83.96071976452338,84.19879902994536,3036100
2012-10-16,82.97437286376953,83.62739237345775,82.94716306881531,83.60018257850352,5398700
2012-10-17,82.20569610595703,82.48459256334434,82.0152327641983,82.4233692379294,6932500
2012-10-18,81.70233917236328,82.66826350367417,81.5390855984169,82.38937219775485,8558600
2012-10-19,82.81110382080078,82.8587196586292,81.81796978199594,81.8587818744954,7616700
2012-10-22,82.28052520751953,82.87912504829698,82.2669229067065,82.60023376886485,6910600
2012-10-23,83.45732116699219,83.48453095742099,83.00156366448094,83.05598324533852,5760600
2012-10-24,82.63423919677734,83.18522314603669,82.63423919677734,82.89272440475678,6824500
2012-10-25,82.21250915527344,82.67506526178123,81.85198847618041,82.00843830044394,5292500
2012-10-26,83.42333984375,83.43014359141854,82.49142362323646,82.60706657464624,5889400
2012-10-31,83.91312408447266,84.14439965798533,83.41655419172487,83.45056774770731,5025600
2012-11-01,83.2260971069336,83.58661799309975,83.04243738388796,83.51179231600031,3659700
2012-11-02,83.1648178100586,83.1988261539121,82.47098116681877,82.49819095574352,3527800
2012-11-05,83.63417053222656,83.83824134974324,83.52533656869109,83.54574261249546,2935700
2012-11-06,82.84514617919922,83.57299149049774,82.83834243150328,83.36212201957372,4484600
2012-11-07,84.34841918945312,84.70893982821144,84.18516563769663,84.3144056542078,10071000
2012-11-08,85.60009002685547,85.61369752505485,83.96073939614793,84.2056224663371,8579500
2012-11-09,85.69528198242188,85.69528198242188,85.15109651424923,85.45719759651057,5036900
2012-11-12,85.83812713623047,85.96736715931597,85.56603440963731,85.60004275687577,2072200
2012-11-13,86.12381744384766,86.26666494978961,85.70207348125464,86.25306264958712,2863800
2012-11-14,86.20551300048828,86.24632512216702,85.43685011059988,85.51847954369816,4694600
2012-11-15,86.0354232788086,86.40274261551863,85.70891085871887,85.77693276589706,5549600
2012-11-16,85.9605712890625,86.5183590606217,85.89934795854134,85.95376754350742,4591100
2012-11-19,85.47760772705078,85.57963795999282,85.23272478851551,85.34155876689942,3621600
2012-11-20,84.62054443359375,85.4844335497266,84.60693693836964,85.35519348353057,4659300
2012-11-21,84.57291412353516,84.63413227236298,84.36203950151746,84.47768243219993,2422800
2012-11-23,84.49125671386719,84.65451024633634,84.42323484114972,84.55248003212826,987200
2012-11-26,84.89261627197266,85.38237699449355,84.85860273205677,85.13749922810187,2799000
2012-11-27,85.22596740722656,85.29398932943855,84.82462924361778,84.98788808461457,2544400
2012-11-28,85.10353088378906,85.8449787021277,85.08992338470121,85.68852879079951,3569700
2012-11-29,85.11714172363281,85.32801646270613,84.79743811939157,84.9334819854627,2761000
2012-11-30,84.88578033447266,85.39595210131118,84.83136076714001,85.35514002067949,3702300
2012-12-03,84.96417236328125,85.0527742301326,84.25534182863485,84.32349751082398,5427800
2012-12-04,85.45488739013672,85.47533877258908,85.08684050516439,85.20952280015516,2586300
2012-12-05,85.41402435302734,85.74799091519509,85.31178820544028,85.46855099173332,1978200
2012-12-06,85.59806060791016,85.93203242991117,85.54353915937403,85.7820867465552,2301200
2012-12-07,84.80742645263672,85.16865631991124,84.74608268652517,84.85513595963626,4020900
2012-12-10,85.1822738647461,85.25042954709404,84.88238262248086,85.16863960830936,2134300
2012-12-11,84.53482055664062,84.72565863449998,84.39850912958326,84.69158337770945,3777900
2012-12-12,83.55333709716797,84.74607993335361,83.53970803844499,84.39848433648355,7119700
2012-12-13,83.61469268798828,83.95547640367133,83.23982852075821,83.34888180575126,6381500
2012-12-14,84.24176788330078,84.31674074736759,83.88735496221594,83.96232782628275,3832800
2012-12-17,82.98082733154297,84.18719928896148,82.95356401273821,84.17357022953229,6870000
2012-12-18,82.1357192993164,83.00130793044146,81.71996261509024,82.74231409434503,12024200
2012-12-19,82.40831756591797,82.91267599043707,82.27881809477857,82.44920994630024,4880500
2012-12-20,82.4219741821289,82.90588657824287,82.21068987958645,82.66733894634844,4567900
2012-12-21,83.32167053222656,83.44435295450513,83.11719809511223,83.36256293966939,6087700
2012-12-24,83.1716537475586,83.20573419129147,83.0626056875155,83.15120756129711,1071100
2012-12-26,83.47085571289062,83.47768784784124,83.20445977512928,83.30008881886967,2247800
2012-12-27,83.75090789794922,84.21539401364822,83.21811607346332,83.252266322161,4262700
2012-12-28,84.22904968261719,84.24954087328982,83.86702475035726,84.11292946121142,3928200
2012-12-31,82.7741470336914,83.99683888547526,82.58972104115551,83.92853315532837,6423000
2013-01-02,81.66758728027344,81.89983305010371,81.56513127590088,81.80420397176005,7472700
2013-01-03,80.56103515625,81.61978734488991,80.53371181306387,81.54464945397675,10004300
2013-01-04,80.87519836425781,80.90252169142279,80.16480749214368,80.36972984018514,9574600
2013-01-07,80.9093246459961,81.10058787949092,80.60194642638378,80.85468321924496,4193100
2013-01-08,81.44215393066406,81.4831363198688,81.1620937073855,81.31236941632596,4380900
2013-01-09,81.36702728271484,81.65391446944507,81.19626035565261,81.45582420868571,3870300
2013-01-10,81.14158630371094,81.48995217653764,80.84786707983574,81.03229300580794,5602800
2013-01-11,81.8656005859375,81.8724327169352,80.84099981462066,80.95711998463653,4770700
2013-01-14,81.64017486572266,82.15930730416703,81.53771897313804,81.99537266464343,3064600
2013-01-15,82.01593780517578,82.44626857626837,81.94763207805849,82.38479498528068,5357800
2013-01-16,82.186767578125,82.43267255290884,81.9750180987155,82.3985170575345,4286100
2013-01-17,81.36702728271484,81.6607466057176,81.11429035456125,81.51047087607996,7019200
2013-01-18,81.99545288085938,82.11157314698131,81.59927233732104,81.67441020631601,4660000
2013-01-22,82.15251159667969,82.17300799567197,81.54458204467245,81.6607074600665,3874100
2013-01-23,82.02960205078125,82.36430899417935,81.93397298449416,82.2003689850644,2848800
2013-01-24,81.74271392822266,81.94763633160409,81.46265886908743,81.87933060094134,4178900
2013-01-25,80.6224594116211,81.01180769371786,80.44486039533734,80.8888553303509,8750700
2013-01-28,80.3287124633789,80.41068241448502,79.91887313062801,79.93253218345076,6059900
2013-01-29,79.88480377197266,80.65667397873118,79.83016229040558,80.3424633112897,5553900
2013-01-30,79.74815368652344,79.8915972776374,79.34514624644989,79.6935070199868,9586800
2013-01-31,80.13746643066406,80.15112548552793,79.61150683045976,79.93937626109889,6789200
2013-02-01,79.0969467163086,80.67833629878295,79.07641000323264,80.59618944647909,10928600
2013-02-04,80.110107421875,80.28810092436049,79.69935760480388,79.8157357620967,9291900
2013-02-05,79.39814758300781,79.7062086545227,79.31599552655233,79.5966725792487,6676500
2013-02-06,80.04853057861328,80.0759146075315,79.4460976113211,79.76784819942874,5892000
2013-02-07,79.87049865722656,80.50031535106926,79.83627255473746,79.93895608517174,5951700
2013-02-08,80.17855072021484,80.2059347311374,79.56927084034419,79.95948385580029,5603400
2013-02-11,80.11690521240234,80.35650868901628,80.04160051647166,80.13059982418832,3679900
2013-02-12,79.91844177246094,80.1101247136043,79.72675883131758,79.88421566038159,4513700
2013-02-13,79.26808166503906,79.5966794733869,79.10378276086514,79.27492897607864,6586400
2013-02-14,79.9869155883789,80.1238357336214,79.40501933426437,79.61039694064338,7096000
2013-02-15,79.75411224365234,79.91841109829022,79.45974063331936,79.86364829538854,5861800
2013-02-19,79.35706329345703,80.02795864932682,79.30229525971926,80.00057463245794,7383600
2013-02-20,79.59663391113281,79.66509653640362,79.1174268720272,79.19957888857316,9603900
2013-02-21,80.06221771240234,80.30866874271165,79.91845548188346,80.02799159445173,8297400
2013-02-22,80.11690521240234,80.3291246884084,80.01421651586378,80.08267912886554,5316900
2013-02-25,81.69145202636719,81.70514141531115,79.61031496829095,79.65138835808692,15948700
2013-02-26,81.21916198730469,81.92428368431085,81.18493064895785,81.28077735173524,9822100
2013-02-27,80.97952270507812,81.8352535580488,80.78099252043293,81.80102223474333,7459600
2013-02-28,81.13015747070312,81.23284624967566,80.76732831157268,81.07538942552202,6023400
2013-03-01,81.57196807861328,81.78464352545551,81.32498777651894,81.53080120547354,7786800
2013-03-04,81.1397476196289,81.61998940853707,81.13289083612278,81.4964992610105,4511400
2013-03-05,80.90650939941406,81.09174204491168,80.7349955581734,81.00255673177386,6539300
2013-03-06,80.17239379882812,80.61146861339184,80.16553178273614,80.34390756183534,6514900
2013-03-07,79.55494689941406,79.93227928922578,79.52064728573066,79.86367482767407,8526700
2013-03-08,78.72481536865234,79.14330935928146,78.63563009829276,78.80714385726586,15423600
2013-03-11,78.80030059814453,79.05414290615316,78.71797208993439,78.97867641550697,5815800
2013-03-12,79.36973571777344,79.43834019781217,79.05415092224624,79.06786972457945,9264200
2013-03-13,79.28740692138672,79.40403506045958,78.91693644946152,79.06100742729026,7371500
2013-03-14,79.04733276367188,79.33547488022298,78.88268087338399,78.95814217936615,9352100
2013-03-15,79.41773223876953,79.50005549301015,79.10214755108322,79.12272836464338,9673400
2013-03-18,80.02147674560547,80.18612852522759,79.68531116890614,80.15182890632356,9152200
2013-03-19,80.56349182128906,80.87907670065042,80.0626690390103,80.11755473129604,11986200
2013-03-20,79.66468048095703,80.2615447712722,79.63723766250148,80.06945027626583,8543900
2013-03-21,80.43309783935547,80.43995985587446,79.94599935020673,80.17239878766861,6119400
2013-03-22,80.49486541748047,80.61149355620815,80.11067091022123,80.47428459702103,6323800
2013-03-25,80.41941833496094,80.80360770078696,80.04208575481927,80.11069025097571,5839800
2013-03-26,80.5154037475586,80.89273603747309,80.11749064804577,80.17923831102429,5093200
2013-03-27,81.20150756835938,81.4827875259617,81.0780174021912,81.16034592436553,7742900
2013-03-28,80.78983306884766,81.26320742915303,80.7349474161739,81.03681327169565,5826400
2013-04-01,81.3983383178711,81.41896379974388,80.7795476339639,80.80017311583669,6113800
2013-04-02,81.06832122802734,81.2264534215827,80.95831166247162,81.17832554803827,5438000
2013-04-03,81.79712677001953,82.01714068390818,81.30209415238372,81.34334512200488,9527400
2013-04-04,82.7734375,82.78719132012354,82.14089815849837,82.22340009705789,9365700
2013-04-05,84.44418334960938,84.86358575566615,84.3135482654305,84.48543432543586,18626200
2013-04-08,83.79781341552734,84.47848536716856,83.72906010353954,84.34097349765148,8020300
2013-04-09,83.5915756225586,84.04535179831433,83.4540637166153,83.900968231231,7176100
2013-04-10,82.44342041015625,82.95907851556214,82.4365434999981,82.91094539000058,10765200
2013-04-11,82.60155487060547,82.84219427722788,82.42966883079723,82.62218035609516,7501800
2013-04-12,83.83224487304688,83.83912178218841,83.12407535226578,83.4197194988151,9253000
2013-04-15,84.56105041503906,84.58855280948826,83.79100435264306,83.96976204824476,12948400
2013-04-16,83.86663055419922,84.23789974737451,83.79787194864183,83.82537434175576,6553500
2013-04-17,84.42351531982422,84.93229633230716,84.08662028073152,84.08662028073152,9020900
2013-04-18,84.62977600097656,84.71916006498493,84.2928809592549,84.43726454856419,7009500
2013-04-19,84.4510269165039,84.55415956089595,84.31351497546645,84.52665717268846,5474300
2013-04-22,84.51290130615234,84.76729445674378,84.34101531818236,84.45789653107137,4519400
2013-04-23,84.21724700927734,85.11105613681498,84.141616764076,84.74665872568674,8042900
2013-04-24,84.43040466308594,84.44415323494296,84.08663266567197,84.20351388586207,3673600
2013-04-25,84.06599426269531,84.13475285233461,83.94911305317876,84.0522456920938,4297800
2013-04-26,84.83609771728516,84.91860492845085,84.57483275024788,84.70546261099294,4898800
2013-04-29,84.52667236328125,85.06983282551809,84.40291421687861,84.9667001625917,4916000
2013-04-30,84.57479858398438,85.04232876729091,84.3410308695586,84.74668460364788,4477400
2013-05-01,85.44361114501953,85.61586259585644,85.04398651747057,85.06465585049946,10724600
2013-05-02,85.33341217041016,85.41609480231834,85.09915259838672,85.15426909629234,4171800
2013-05-03,83.32149505615234,84.18964408037901,83.25259550809912,84.1689747416329,11283600
2013-05-06,83.11478424072266,83.54196981383151,82.90119408251729,83.47307027151025,5121900
2013-05-07,82.79097747802734,83.02523703441075,82.7151863846799,82.81164682044947,5049200
2013-05-08,82.92189025878906,83.25261552835404,82.79786893978968,82.8667685044116,5732900
2013-05-09,82.70823669433594,83.59016306220597,82.66689803855947,83.03207018244042,7527000
2013-05-10,81.81946563720703,82.53603253548621,81.19935916209054,82.51536319576547,11689000
2013-05-13,81.19242858886719,81.43358478751365,81.04773802369706,81.21998944747524,8050800
2013-05-14,80.31055450439453,81.60588942007813,80.29677669445522,81.54387613360193,9236100
2013-05-15,80.8479232788086,81.10974879926225,80.21403932021913,80.97883603903541,14608600
2013-05-16,81.68854522705078,81.95037085707231,81.25447336311272,81.2820342324149,8458400
2013-05-17,80.65503692626953,81.40605616481992,80.59992044392416,81.26825181721057,7435500
2013-05-20,80.55858612060547,81.07534065820947,80.46901722649908,81.04777978540005,5839800
2013-05-21,81.19242858886719,81.21310317534544,80.21404176341424,80.56543613979669,7781800
2013-05-22,79.9867172241211,81.68167688988612,79.78691007702389,81.31649923396148,18361500
2013-05-23,80.3656234741211,80.77902583787781,79.76618662982129,80.71701784882762,9207100
2013-05-24,80.47587585449219,80.90305606662851,80.41386260185176,80.59989710307622,5357600
2013-05-28,78.43644714355469,80.11073207527602,78.42266933533804,79.98671077453004,13567500
2013-05-29,79.318359375,79.35969804595744,78.86361296767713,78.97385643249396,11298600
2013-05-30,79.1254653930664,79.49064307581054,78.91187516425558,79.40796044367416,10011800
2013-05-31,78.85673522949219,79.24946844237267,77.97480838349382,79.2150212961157,18158800
2013-06-03,79.27455139160156,79.76492305485837,78.52863170551065,78.58388618655977,15564500
2013-06-04,78.54246520996094,79.0742752161221,78.50102697475211,78.70822342015477,7504300
2013-06-05,79.62680053710938,79.6475196523532,78.82562628529566,78.93613525907324,8056100
2013-06-06,79.57848358154297,80.66282825793537,79.01904618582404,79.34365456017858,8925200
2013-06-07,78.15567779541016,79.30908743297734,78.15567779541016,78.8877812327761,10459300
2013-06-10,77.78274536132812,78.12807808848298,77.61698185835515,77.83799459295987,7892600
2013-06-11,78.708251953125,78.708251953125,77.43742976534863,77.54102539092574,12841200
2013-06-12,77.58241271972656,78.61841038003655,77.54096923015167,78.04515707668611,10193200
2013-06-13,78.79801177978516,78.853266275606,77.96921541990754,78.09353540082506,12506300
2013-06-14,78.61151123046875,79.19167272655842,78.61151123046875,78.80489663937958,6679100
2013-06-17,78.1971435546875,78.79111626675,78.04519631169116,78.74967275634056,5982100
2013-06-18,78.23861694335938,78.51488430297483,77.8518458015147,77.94163045391103,5192700
2013-06-19,77.43048858642578,78.59080652190792,77.09206405880629,78.55627114854836,17138200
2013-06-20,76.15968322753906,76.80891049107426,75.47592585022923,76.49120498980545,27898500
2013-06-21,74.8681640625,76.25640361584864,74.84744493428543,76.07682905572047,19781000
2013-06-24,75.178955078125,75.55191516209071,74.4261320476214,74.47447843243025,24588900
2013-06-25,74.5089340209961,75.2962916541981,74.49512304030635,75.21341523134872,11078000
2013-06-26,74.99243927001953,75.31705280295404,74.61947937703252,75.28251743033452,13582200
2013-06-27,75.75904846191406,75.95243382628544,75.24795254824002,75.65544765404198,12026000
2013-06-28,76.27706146240234,76.30468870094619,75.08911655180181,75.28941007922697,12017000
2013-07-01,76.4307861328125,76.49308565845246,75.75238359229222,75.96005924058097,5500400
2013-07-02,76.3823471069336,76.70078460608418,76.31312363027975,76.49310889470992,5333900
2013-07-03,76.15388488769531,76.59692132893751,76.15388488769531,76.36155524873392,3839000
2013-07-05,73.55796813964844,74.41635061209986,73.49566333233707,74.26405584024002,14511900
2013-07-08,74.27098846435547,74.4578923453461,74.03562234899908,74.11869367466812,8044200
2013-07-09,74.34709167480469,74.49938637398347,74.11864962603653,74.40939117097312,4700400
2013-07-10,73.76566314697266,74.34022805766801,73.58568315775787,74.34022805766801,10792200
2013-07-11,74.63092041015625,74.6724586951981,74.0286707318483,74.38171182554282,10035500
2013-07-12,74.56861114501953,75.08779474811084,74.30555473935169,74.99779954347343,4730800
2013-07-15,74.96321105957031,74.98397756437176,74.55478376663787,74.62401249118959,4574800
2013-07-16,75.21935272216797,75.2885761736965,74.94937228280834,75.06013403038263,3650200
2013-07-17,75.3577880859375,75.70391057199035,75.21934120408037,75.58623019427078,5932000
2013-07-18,74.41635131835938,75.22627685121586,74.40250873960944,75.18474383355486,9066400
2013-07-19,75.59313201904297,75.60005594601799,74.93550155445425,74.97703455348672,8523800
2013-07-22,75.70390319824219,75.93234528432464,75.54468454634576,75.70390319824219,3972600
2013-07-23,75.38546752929688,75.45469096013443,74.9839642364662,75.22624888510222,5015500
2013-07-24,74.4301986694336,74.68633128472523,73.92486265078637,74.52019392201767,8853100
2013-07-25,74.40252685546875,74.48559291101603,73.93871849254238,74.04948027515539,6443400
2013-07-26,74.85940551757812,74.95631943602696,74.51328287128585,74.79018204460216,6795500
2013-07-29,74.3125228881836,74.63787898475955,74.11869507271159,74.52019856556753,6397800
2013-07-30,74.28480529785156,74.59631870008263,74.10482541006643,74.56170433936475,3635400
2013-07-31,74.55477905273438,74.7070737868627,73.27412695065235,73.41949775648125,10483100
2013-08-01,73.11825561523438,73.90245671186773,72.86842060672224,73.90245671186773,13568600
2013-08-02,73.92326354980469,73.98572493925106,73.54851639186325,73.5693350901173,9568400
2013-08-05,73.35420989990234,73.7359037548604,73.24317505689602,73.69426635056868,6611800
2013-08-06,73.56936645507812,73.56936645507812,73.1043923855394,73.23625125694299,4589000
2013-08-07,74.11759185791016,74.2147493235077,73.68037796803641,73.68037796803641,7183400
2013-08-08,74.31886291503906,74.67279680377781,74.11067055877629,74.24252942402306,5510900
2013-08-09,74.4367904663086,74.44372650021073,73.89548331972887,73.97875808401352,3623400
2013-08-12,73.93020629882812,74.69358858599635,73.88856890152137,74.67971121845554,7562800
2013-08-13,72.86145782470703,73.11823408971938,72.72960432185938,73.09741539425309,11485600
2013-08-14,72.97245788574219,73.11819396872221,72.77814310843549,72.82672180276215,6431600
2013-08-15,71.98702239990234,72.61160428257193,71.95926238149981,72.24379330443206,11846300
2013-08-16,71.73722839355469,72.15361831742196,71.25143573680525,72.14667698519672,10175900
2013-08-19,71.11265563964844,71.4874082374188,70.93221802708798,71.43188815744847,9022000
2013-08-20,71.66084289550781,71.73024028845313,71.37630670134581,71.40406671746028,10050100
2013-08-21,70.87664794921875,71.61921128727161,70.86277058635868,71.3207976862962,13248800
2013-08-22,71.59844207763672,71.6400847843614,70.95303571760873,71.10571328799821,8751200
2013-08-23,72.37564849853516,72.44504589377767,71.29997034088949,71.48734913219435,17441200
2013-08-26,72.73657989501953,72.79209997623128,72.40346999712172,72.56308361224755,5879100
2013-08-27,73.65263366699219,73.73591378158538,72.89619248117621,73.06968874889759,11573300
2013-08-28,73.05575561523438,73.26395311055069,72.82674472400512,73.15291832914896,7497900
2013-08-29,73.6386947631836,73.77748954351024,72.72263544685585,72.78509150959839,6672400
2013-08-30,73.55545806884766,74.03430934414908,73.38196184384681,73.57627676869822,8987600
2013-09-03,72.51800537109375,72.83112071102256,72.02397623255798,72.77545411011901,12084300
2013-09-04,72.35794067382812,72.81718201249977,72.33010738281857,72.67801555745196,4579600
2013-09-05,71.34905242919922,72.08661650865766,71.34209277505508,71.99616223942655,12290600
2013-09-06,71.70386505126953,72.23964121574605,71.53686533284394,71.84302617463428,9478400
2013-09-09,71.7386474609375,72.23267631421005,71.72473347307547,72.22572197460714,6874900
2013-09-10,71.23767852783203,71.90566161047852,71.22376453614795,71.48121850589345,8069000
2013-09-11,71.870849609375,71.88476359634159,71.10545291847212,71.61339572691836,8962400
2013-09-12,71.7734603881836,72.36490324722263,71.71083415371766,72.26052972888452,6254400
2013-09-13,72.05180358886719,72.24663136729745,71.82914251228135,72.0239702907116,6106200
2013-09-16,71.5716781616211,72.65019574777378,71.56471851092142,72.59452915949252,8231600
2013-09-17,72.16313934326172,72.18401299199027,71.6482365428729,71.92656424612557,8795300
2013-09-18,73.05378723144531,73.44344815804982,71.6551996133248,72.10747618044238,19749200
2013-09-19,72.62236785888672,73.1233512647319,72.47624703526624,73.09552327717809,11627800
2013-09-20,73.00502014160156,73.18593380461745,72.67798574222273,72.84498541977061,8421000
2013-09-23,73.54083251953125,73.56866581086886,73.13725775812219,73.20683833213745,10242100
2013-09-24,74.33405303955078,74.3410073799843,73.6451911133413,73.7495646150691,11446600
2013-09-25,74.48712158203125,74.64715632497531,74.02788037117058,74.132253856244,8130900
2013-09-26,73.96526336669922,74.18792433589422,73.88872316085191,74.09051049366244,5117100
2013-09-27,74.14617156982422,74.32708526579971,73.93047024951328,73.95830353417537,6460000
2013-09-30,74.03489685058594,74.38280519545837,73.88181632945646,74.21581067634442,8438800
2013-10-01,73.81024169921875,73.97069576112592,73.6218761034218,73.88000456624646,7592500
2013-10-02,73.92182922363281,74.28460449124839,73.78230354997345,73.90090090484023,5967200
2013-10-03,73.80323791503906,74.23577605491968,73.74044763095401,73.77533171350834,6648900
2013-10-04,73.74742126464844,73.79625578387375,73.49627078790014,73.71951506472492,5545300
2013-10-07,74.04744720458984,74.20092872775395,73.93582766573999,74.08930386633774,5761100
2013-10-08,74.06837463378906,74.30557480012774,73.83117979001666,73.93582676567884,5904000
2013-10-09,73.47539520263672,73.90793362804342,73.46144475394428,73.85909907376906,8439000
2013-10-10,73.59393310546875,73.62183930284377,72.91024989875096,73.11256583779767,9944100
2013-10-11,73.5730972290039,74.11028288893492,73.53821843038385,74.06144831281117,6500800
2013-10-14,72.98003387451172,73.69860136677072,72.7846957588566,73.52419157456943,4205600
2013-10-15,72.93123626708984,73.46144379411776,72.92425838155118,73.35679680130647,8291000
2013-10-16,73.84512329101562,73.8521011747545,72.74285185316775,72.88238291511635,14460200
2013-10-17,74.51483917236328,74.7311109376807,74.15206914040063,74.31252317129322,11303400
2013-10-18,74.67529296875,74.98225588857385,74.6334363242519,74.72412749485251,9487800
2013-10-21,74.43810272216797,74.59158420233751,74.2706707995125,74.58461164237697,6161600
2013-10-22,75.26827239990234,75.42873171420864,75.03805024907457,75.0659564481958,9708500
2013-10-23,75.56134033203125,75.85435299739129,75.37297998954108,75.39390832508803,9163100
2013-10-24,75.26827239990234,75.81242997635832,75.25432196162335,75.77057333895809,7631400
2013-10-25,75.5473403930664,75.65895988371982,75.40083681764153,75.43571557984895,4429500
2013-10-28,75.2892074584961,75.61012079327361,75.28223490001405,75.35199774278068,6466400
2013-10-29,75.38685607910156,75.39383395825689,75.00315788655456,75.07989858957642,5270500
2013-10-30,74.93343353271484,75.49154173273608,74.79390249078577,75.2962035966004,10199300
2013-10-31,75.09388732910156,75.35201576389197,74.7450677092813,75.28225290444091,11452100
2013-11-01,74.28106689453125,74.84766903645613,74.2460892135146,74.82668456258408,11349500
2013-11-04,74.35102844238281,74.61684071403158,74.30206288347789,74.47694064197341,4733200
2013-11-05,73.46266174316406,74.02926942777134,73.44167726166876,74.00128834016199,8753400
2013-11-06,73.49762725830078,73.54659281929182,73.23181497532741,73.40669274127339,5643000
2013-11-07,74.12016296386719,74.18312171037729,73.42764877331894,73.48361091758484,7893700
2013-11-08,72.33639526367188,72.82605055946763,72.32240206273916,72.72811950030848,16889900
2013-11-11,72.06358337402344,72.45531295924465,72.02161444365218,72.42033529270687,4927200
2013-11-12,72.39939880371094,72.46235224098453,72.1755554653279,72.1965399444191,4839500
2013-11-13,72.6651840209961,72.77710831690118,72.56725293050123,72.65819275513516,5782900
2013-11-14,73.11285400390625,73.53256468183136,72.8540384676078,72.96595740136965,8895500
2013-11-15,73.25975036621094,73.2667416299593,72.9659518466609,73.2107848357597,6344800
2013-11-18,73.70045471191406,73.73543238494165,73.20380270861543,73.20380270861543,5451300
2013-11-19,73.14082336425781,73.5465407749946,73.0359010484139,73.41363205913618,7251100
2013-11-20,71.89570617675781,73.33669645654489,71.80477171045573,73.04290325448318,14190900
2013-11-21,72.01461791992188,72.18250431527147,71.46200921330133,71.70683686879954,8903000
2013-11-22,72.68614196777344,72.84002980192129,72.3853522254323,72.39234348822868,7950700
2013-11-25,72.89603424072266,73.04293089734608,72.63721327228428,72.63721327228428,3755500
2013-11-26,73.1688232421875,73.39966307008685,73.08488536792845,73.09187663288772,6659200
2013-11-27,73.04291534423828,73.23877751136436,72.72114102155345,73.22478964378841,6063000
2013-11-29,73.06394958496094,73.16887734221032,72.71419395202795,72.80513383217288,5084400
2013-12-02,72.49562072753906,72.90254603500365,72.4184450536154,72.82537036107999,7527800
2013-12-03,72.76221466064453,72.93761292335539,72.58681639793367,72.75519723137164,5076900
2013-12-04,72.06765747070312,72.2991845213508,71.82911298898783,72.08870441117445,8502700
2013-12-05,71.86418151855469,72.1588493361923,71.71684760973588,71.89926331468179,7445700
2013-12-06,72.20793914794922,72.25705043627188,71.81504884136798,71.955365278653,7352000
2013-12-09,72.37637329101562,72.42548461190553,72.14484619850636,72.19395751939628,5678800
2013-12-10,72.8955307006836,72.93060714719229,72.57981056571906,72.85343147104969,7040400
2013-12-11,72.33428955078125,72.80435591613768,72.27816078552667,72.65000984078806,8190900
2013-12-12,72.0606460571289,72.37636624875795,72.00451730936393,72.28515569545684,6208600
2013-12-13,72.41144561767578,72.47459179963737,72.1167777091409,72.36233429958664,6471300
2013-12-16,72.14480590820312,72.74817628659412,72.07464768221733,72.67100063219088,6376400
2013-12-17,72.46753692626953,72.54471257949741,71.97641864638945,71.99045350301057,6014400
2013-12-18,72.10274505615234,72.7692619394935,71.88525283405035,72.14484429632836,12973200
2013-12-19,72.03255462646484,72.27109903849826,71.8782033044544,72.16585901415205,6708400
2013-12-20,73.14106750488281,73.16913186615707,72.4745563209901,72.76922408527554,12425700
2013-12-23,72.72710418701172,73.25329872891098,72.72710418701172,73.0007249205811,6378600
2013-12-24,72.14480590820312,72.50963189496697,72.12375897568033,72.42544416487583,4897000
2013-12-26,71.8667984008789,72.04981036353833,71.80345120432001,72.04276999606726,4645300
2013-12-27,71.66262817382812,72.01457115532455,71.57816529521217,71.84564002786891,4755000
2013-12-30,72.15536499023438,72.20463680199899,71.85269375504468,71.9019655668093,4491700
2013-12-31,71.69784545898438,72.18352863308442,71.21216228488434,72.00051672585138,7218600
2014-01-02,71.916015625,72.07087137041601,71.57815342611308,71.59926914226565,8580800
2014-01-03,71.916015625,72.11310280272117,71.62742522054337,71.66261629072339,4083800
2014-01-06,72.21871185302734,72.50026736343514,72.05682105944453,72.06385605379182,7796200
2014-01-07,72.40174865722656,72.49325194725425,72.19058060919153,72.37359255947345,4428100
2014-01-08,72.20467376708984,72.28210170667691,71.86680590614381,72.11316509109015,8513000
2014-01-09,72.6269760131836,72.64809173927368,72.1553735630872,72.47916056032766,6991100
2014-01-10,73.49275970458984,73.58426297604476,72.9859607883539,73.04226760220477,13197400
2014-01-13,73.85883331298828,74.00664887889732,73.5350460681071,73.56320218117018,9667400
2014-01-14,73.52095031738281,73.788430651762,73.47871884152435,73.66173085395828,10343100
2014-01-15,73.44347381591797,73.5631385354613,73.15488330460714,73.23231120598378,7507500
2014-01-16,73.93621063232422,73.9573263600991,73.71096725234909,73.80247052944888,7137700
2014-01-17,74.24591064453125,74.27406136366376,73.76022750100877,73.80949931482809,7588600
2014-01-21,74.30221557617188,74.42891528996756,74.1895965918117,74.22478767495092,6436000
2014-01-22,74.11924743652344,74.43599419992142,74.07701059657013,74.16851927461262,4646700
2014-01-23,75.16802978515625,75.37919248438172,74.52749057931668,74.52749057931668,12960600
2014-01-24,75.6537094116211,75.66074440875788,75.30880122375267,75.44958171989084,11122200
2014-01-27,75.1257553100586,75.73813269447781,75.10463421902344,75.4706579471633,9218200
2014-01-28,75.30876922607422,75.30876922607422,74.99906300661385,75.25246242176976,5661500
2014-01-29,75.9281997680664,76.12528702780453,75.30877652863222,75.57625669846973,11709400
2014-01-30,75.70996856689453,75.78739644845913,75.39322204792911,75.64662141119082,5956900
2014-01-31,76.21678924560547,76.30829787938757,75.91411799510122,76.16047706638956,14690900
2014-02-03,77.1455078125,77.15961914792086,75.93878673585515,76.06581029044676,20780300
2014-02-04,76.3268814086914,76.68677683143895,76.19279955475692,76.58092301959323,9573500
2014-02-05,75.62120819091797,76.05872945101444,75.51535436271905,75.9952203844647,10312200
2014-02-06,75.2966079711914,75.52242701768837,75.16958442103996,75.48714598839398,5708700
2014-02-07,75.36011505126953,75.66355987000084,75.1131263346162,75.12723766816057,7039200
2014-02-10,75.57179260253906,75.5929676718445,75.20483882713842,75.23306686893054,4370500
2014-02-11,75.13429260253906,75.28954418420251,74.91553194689509,75.23308808469763,5904900
2014-02-12,74.74613952636719,74.95078878306569,74.5344372974692,74.92256074242297,6723300
2014-02-13,75.1695327758789,75.31773130252824,75.01428666253395,75.218930490113,6874600
2014-02-14,75.2118911743164,75.25423054164753,74.99312521389348,75.2048328184452,4989100
2014-02-18,75.38125610351562,75.64941441057768,75.24012128589311,75.26834932620726,4855800
2014-02-19,75.06371307373047,75.63531618324205,75.01431534061155,75.63531618324205,5522500
2014-02-20,74.8802490234375,75.24720291939634,74.5838625631688,75.02844225357185,5103200
2014-02-21,75.27543640136719,75.28249476063051,74.7673422134203,74.7673422134203,5250700
2014-02-24,75.08488464355469,75.32481495787465,74.92257472555352,75.29658691196362,3816700
2014-02-25,75.75521850585938,75.76227685729333,75.43060433117803,75.44472103404593,6225400
2014-02-26,76.15751647949219,76.15751647949219,75.67765051094007,75.72704824076386,7203900
2014-02-27,76.57391357421875,76.60919460892323,76.28458001630341,76.41160358593304,5394700
2014-02-28,76.61620330810547,76.73616843945419,76.05871163519615,76.41155405724396,8462600
2014-03-03,77.1276626586914,77.23377352006723,76.8517776573278,77.02155179731557,11089400
2014-03-04,75.96754455566406,76.64664664745627,75.94632345858051,76.64664664745627,8068100
2014-03-05,76.1302261352539,76.2434070852675,75.83311467279628,75.93215002794146,4798500
2014-03-06,75.38040161132812,75.67043766069013,75.35210501648619,75.52188458553775,7418200
2014-03-07,74.90641784667969,75.10448853965792,74.70127165837464,74.72956824266032,8270300
2014-03-10,75.01252746582031,75.06204513825776,74.82860236947204,74.9417887047699,3744300
2014-03-11,75.21060180664062,75.2247474007288,74.82860600199875,74.97008892798932,3815700
2014-03-12,75.73403930664062,75.8755221656885,75.53596870099284,75.63500400381673,6430500
2014-03-13,76.75277709960938,76.7739982021037,75.444090274551,75.47945697969985,11815500
2014-03-14,76.76686096191406,77.09226892853185,76.62538346105296,77.08519343438257,9232800
2014-03-17,76.19390106201172,76.61126903426714,76.16560447092466,76.52637926100599,7381900
2014-03-18,76.46977233886719,76.50514442062614,76.11607310936547,76.17266628137101,4819500
2014-03-19,75.87560272216797,76.38493076145106,75.55726999910355,76.34248316016082,11557600
2014-03-20,75.74116516113281,76.13730663583323,75.68457197988337,75.75531075793376,5224400
2014-03-21,76.56173706054688,76.62540033084422,75.95337395827013,75.98167054407625,8986200
2014-03-24,77.1064453125,77.1701085942054,76.3636746437998,76.43441881950295,7536400
2014-03-25,76.81637573242188,76.97907970959997,76.51926975359632,76.68904922465707,5032000
2014-03-26,77.4177017211914,77.44599831181446,76.73859973730656,76.7881174216412,7147200
2014-03-27,77.80677795410156,78.08973850060424,77.40356092936787,77.55918949979552,9772200
2014-03-28,77.36812591552734,77.73597052324517,77.12053228283133,77.7147494454755,6027000
2014-03-31,77.17715454101562,78.57073007522847,76.63953031425385,76.92249071765588,7488400
2014-04-01,76.51758575439453,76.85091932482064,76.4821226640015,76.77999855494247,9067300
2014-04-02,76.07789611816406,76.27648192164578,76.00697532237552,76.16300431965622,6887200
2014-04-03,76.41118621826172,76.55303313982587,76.19842395227568,76.25515730999454,4937400
2014-04-04,76.92185974121094,77.0849824234108,76.48923590027792,76.50342330442189,8977500
2014-04-07,77.38285064697266,77.51051022587386,77.02114760493441,77.03533500865072,7562500
2014-04-08,77.5672607421875,77.63818153876043,77.1062674480985,77.32612354074759,4213800
2014-04-09,77.18425750732422,77.55304877927226,77.0495042488681,77.2197151889281,5771500
2014-04-10,77.90057373046875,78.17008027979901,77.2339118804982,77.248093872664,12706400
2014-04-11,78.53180694580078,78.57435834601628,78.10627130000384,78.39705363057105,10267000
2014-04-14,78.32611083984375,78.51050379629073,78.22682065993877,78.35448023566074,4142600
2014-04-15,78.81544494628906,79.08495142213583,78.26225541720397,78.4466537305348,7752000
2014-04-16,78.91473388671875,78.91473388671875,78.28352990440223,78.31899299096679,5523000
2014-04-17,78.0495376586914,79.04243973334383,77.80130672911781,78.98570633687117,8622500
2014-04-21,77.98564910888672,78.45373581707504,77.90054095896886,78.27643122959279,4316300
2014-04-22,78.24810791015625,78.3615800992734,77.73746953185466,77.77293263459052,5748700
2014-04-23,78.69487762451172,78.75871009792256,78.38991347821113,78.43955855268298,5748600
2014-04-24,78.84381866455078,78.87218805361438,78.33318048322148,78.33318048322148,6337800
2014-04-25,78.95731353759766,79.4253950325366,78.95021983604904,79.07078570783086,5976500
2014-04-28,78.57430267333984,78.92181815433052,78.40409178216782,78.80125233187145,7606000
2014-04-29,78.46794891357422,78.53178140404701,78.0424188170876,78.13461529120526,5235200
2014-04-30,78.79417419433594,78.90765175146583,78.28353600906692,78.52467311251407,7721400
2014-05-01,79.63946533203125,79.68212540373044,78.80055624247586,78.8289944822621,11556500
2014-05-02,80.13003540039062,80.4073015271984,79.12761296286426,79.29823701996729,12702100
2014-05-05,79.64663696289062,80.20116950134529,79.54710575978562,80.16562574254708,8043000
2014-05-06,79.96658325195312,80.12298559289589,79.65376772197735,79.70353333592394,6522600
2014-05-07,79.68218994140625,80.0305491688679,79.58265873356007,79.84570317256326,8199200
2014-05-08,79.34092712402344,80.16562037919729,79.2413959275774,79.8670213658158,10878800
2014-05-09,79.08500671386719,79.49024251535722,78.90016611953465,79.2911800758947,6000600
2014-05-12,78.7650146484375,79.00673155712124,78.58727971297952,78.92142225948687,4563800
2014-05-13,79.4475326538086,79.4475326538086,79.14893920198021,79.22714302375063,5501000
2014-05-14,80.30778503417969,80.49974187949525,80.02340793773863,80.07317352281267,8851400
2014-05-15,80.94760131835938,81.33862035506158,80.76275546246016,80.89072483592271,12627900
2014-05-16,80.72015380859375,81.04718566125395,80.63483902892625,80.76991940738893,5019200
2014-05-19,80.1229248046875,81.01871060015033,80.06605373478524,80.99738327093186,7403300
2014-05-20,80.30066680908203,80.67746954640755,80.0447279879756,80.0518389063512,6549800
2014-05-21,79.81014251708984,79.9096737038663,79.53287629334928,79.78170426029044,8224600
2014-05-22,79.69637298583984,79.90965715564562,79.47598332133784,79.81012598948072,6495700
2014-05-23,80.1229248046875,80.27222695729881,79.94518982914558,79.99495540533567,3835000
2014-05-27,80.59220886230469,80.62064713084303,79.90970668951996,80.2296277184973,6658300
2014-05-28,81.58751678466797,81.6443878908821,81.11118262380776,81.1182935461012,10361000
2014-05-29,81.15380096435547,81.89317920503223,81.13957912708844,81.66567862513489,10692000
2014-05-30,81.1183090209961,81.33159333813174,80.91213562751042,81.01877778607825,6518900
2014-06-02,80.51529693603516,81.02849729500355,80.22306116599106,80.57232040659997,11728200
2014-06-03,79.52449798583984,80.21589227044201,79.48173312305778,80.12323325506262,12694100
2014-06-04,79.50310516357422,79.70268174787934,79.3106524300985,79.65991689068655,7882000
2014-06-05,79.53868103027344,79.80953942399942,79.13239887773445,79.21080468243933,6915600
2014-06-06,79.53868103027344,80.123162642819,79.4674045091008,79.92358077026564,7832800
2014-06-09,79.4246826171875,79.57436502397617,79.26074163562681,79.43893575390659,5162800
2014-06-10,79.1324691772461,79.31066335750639,78.99704529812554,79.14672775697761,5986000
2014-06-11,79.27503967285156,79.50312804026805,79.01131028881615,79.30355139853559,5569700
2014-06-12,79.98063659667969,80.08042485439813,79.1181778332261,79.33201292150974,9775900
2014-06-13,79.93791198730469,80.2729179231345,79.49598845352101,79.52450017551236,5412500
2014-06-16,80.13749694824219,80.28005013498873,79.90227929586047,79.98068517998772,5184600
2014-06-17,79.50310516357422,79.89512904330098,79.46034030638143,79.88087590358808,6668800
2014-06-18,80.1160659790039,80.37266591014152,79.51733099366542,79.68840123979196,11256500
2014-06-19,79.0896987915039,80.23014037792431,78.9328870537359,80.1945048071935,14215500
2014-06-20,79.6884536743164,79.6884536743164,79.04695342436906,79.09684758613966,7319100
2014-06-23,79.4389877319336,79.95931729051267,79.41048143984334,79.88804068417407,5821700
2014-06-24,80.24442291259766,80.29431707695962,79.70271095805644,79.93792863492966,9698300
2014-06-25,80.45108032226562,80.80033926207773,80.32278034302098,80.6150158613793,5699300
2014-06-26,80.83595275878906,81.11393504623793,80.69339425365443,80.69339425365443,6628900
2014-06-27,80.7148208618164,81.12823259597613,80.66492671721464,81.0284443067726,7216500
2014-06-30,80.91442108154297,81.1140031563172,80.60792683570905,80.94293280651071,5593100
2014-07-01,80.23693084716797,80.56565292707414,80.17976036751202,80.39414694018332,8019200
2014-07-02,79.37940979003906,79.80102988643834,79.30080172934123,79.77244464145022,9382500
2014-07-03,79.0936050415039,79.22223598662198,78.85063305535603,78.87921831561347,6173900
2014-07-07,79.67241668701172,79.90109324557534,79.48662073148324,79.51520053073438,5928900
2014-07-08,80.5656967163086,80.65145248240266,80.20838920236991,80.20838920236991,6352100
2014-07-09,80.63001251220703,80.85154141961229,80.30843248795311,80.50852926957057,6395200
2014-07-10,80.65142822265625,81.22312225382599,80.62284297588992,81.13736651352703,7196900
2014-07-11,81.16598510742188,81.2374455276581,80.95159839463264,81.00162123400605,4676500
2014-07-14,80.8157730102539,81.04445494599659,80.70143749446001,80.95155154658177,4743300
2014-07-15,80.65142822265625,81.08734369470555,80.3941664538377,80.62999065060109,7720000
2014-07-16,81.08024597167969,81.16600176481083,80.70864843894145,80.75152360946618,4615800
2014-07-17,82.10210418701172,82.21644518628577,81.42322222307857,81.6304611952036,10901000
2014-07-18,81.83768463134766,82.15211688852854,81.54469539794766,82.09494639593598,6677900
2014-07-21,82.24503326416016,82.63092599744198,82.18786821084689,82.18786821084689,5724100
2014-07-22,82.41657257080078,82.50947058432914,81.9306340152653,82.24506099678968,5753200
2014-07-23,82.30934143066406,82.63091594323123,82.3021937553398,82.54516564765535,3489600
2014-07-24,81.69477844238281,81.8805798504531,81.64475561544995,81.8376992473112,6609000
2014-07-25,82.6595230102539,82.66667068746477,82.29507325370307,82.4236987310173,7041800
2014-07-28,82.54518127441406,82.82388069195432,82.26648185687381,82.60234633159372,5138300
2014-07-29,82.84529113769531,82.94533677009412,82.48083607562651,82.80241599583242,6579300
2014-07-30,81.69477844238281,82.45226852224592,81.5875851126469,82.28791014178618,12251200
2014-07-31,81.45179748535156,81.88056527589627,81.08734240995335,81.13021755338434,18254000
2014-08-01,82.08230590820312,82.30442480848129,81.00039395227435,81.38013839065015,14951200
2014-08-04,81.86736297607422,82.26143504010332,81.86736297607422,82.0608157396571,5183800
2014-08-05,82.13245391845703,82.25426316326708,81.45178060044515,81.73121537027868,8032000
2014-08-06,82.1826171875,82.73432571444052,82.11096822031008,82.73432571444052,7289200
2014-08-07,82.94928741455078,82.94928741455078,82.0894887219481,82.28294151452033,9745500
2014-08-08,82.77017974853516,83.41503163769441,82.66987006205126,83.06394773500078,9536700
2014-08-11,82.76299285888672,82.98510631446356,82.60536183887751,82.86330251408053,6668800
2014-08-12,82.22561645507812,82.71283711769492,82.20412231012631,82.69134297274312,8122400
2014-08-13,82.76299285888672,82.77015392963897,82.2399449712622,82.30443287329607,8210500
2014-08-14,83.42940521240234,83.47239353705642,82.67707673213249,83.06398805343093,9028200
2014-08-15,84.33928680419922,84.80501329762079,83.60845858155041,83.62278618861706,17606700
2014-08-18,83.50099182128906,84.0455338812084,83.39351562352694,83.98104597596452,7595300
2014-08-19,83.2430191040039,83.9380253867875,83.09972120643518,83.88787057599201,5936900
2014-08-20,83.10690307617188,83.19288511611278,82.80597413607738,83.14273029276369,7275600
2014-08-21,83.57260131835938,83.6585833292449,83.12836912848005,83.16419633296499,6790700
2014-08-22,84.03836059570312,84.1386702478356,83.26453859371031,83.64428305770696,10149900
2014-08-25,84.35368347167969,84.38950524958517,83.98109980946654,84.15305855623491,5760700
2014-08-26,84.08136749267578,84.53992756575482,83.98105781834394,84.50410580576046,5487600
2014-08-27,84.7978744506836,84.84086821885447,84.11720083020029,84.33214780518402,7265800
2014-08-28,85.2420883178711,85.52868968835439,85.02713592339201,85.35672558618454,9463600
2014-08-29,85.29944610595703,85.5717145176113,85.08449361969869,85.20629747755964,8512900
2014-09-02,83.82791900634766,84.29470247368383,83.80637034940328,84.22289005401184,10506000
2014-09-03,84.2947006225586,84.2947006225586,83.52629624317605,83.59093125471695,6553900
2014-09-04,83.26781463623047,83.93568091532647,83.2534543359974,83.74896961759943,12528900
2014-09-05,83.10980987548828,83.73458414909695,82.90154995797269,83.61968533743139,6886000
2014-09-08,83.1457290649414,83.75614315701274,82.9087430300036,83.59815794599339,9326400
2014-09-09,83.08106994628906,83.2246948066513,82.90871353912972,82.93743960698961,5353100
2014-09-10,82.55682373046875,82.67172799485803,82.4347420587578,82.5640066167273,8729400
2014-09-11,82.2839584350586,82.97336778662167,82.27677554669502,82.77229074394974,9274800
2014-09-12,81.42220306396484,81.80999690118395,81.30730423012541,81.64482880023866,11114900
2014-09-15,81.54428100585938,81.91770902210507,81.40783351966452,81.75971834944546,5510700
2014-09-16,81.21394348144531,81.76691090110347,81.20676607106789,81.58737702076185,9304700
2014-09-17,81.00568389892578,81.74536256270842,80.9554146347543,81.52991972829417,12917000
2014-09-18,81.26422119140625,81.4940243474668,81.04159544598487,81.27858149162404,7031200
2014-09-19,82.29833221435547,82.3557843727984,81.29294135736164,81.5658363704959,13236900
2014-09-22,82.39884948730469,82.6142922863962,82.18341216715116,82.34140282262653,6617200
2014-09-23,82.90874481201172,82.923110590829,82.42041243207079,82.52095644697386,6362400
2014-09-24,82.4491195678711,82.98054368322853,82.32703787066927,82.7938269540776,5223300
2014-09-25,83.42584228515625,83.43302517792401,82.80824500173384,82.80824500173384,8947800
2014-09-26,83.30369567871094,83.51195557538023,83.03080623424992,83.31805597412989,7799600
2014-09-29,83.9715576171875,84.14390854845345,83.77766350438047,84.02182686709578,6791800
2014-09-30,83.4975814819336,84.05054868187786,83.39704298720501,83.77765926460556,7277500
2014-10-01,85.11669158935547,85.13828844948377,84.10879600685168,84.15198972710829,17194900
2014-10-02,84.37519073486328,85.09511558923103,84.33199700123026,84.82874690837305,8251800
2014-10-03,84.73516845703125,84.78556298622975,84.1088372359345,84.2312231650463,8561500
2014-10-06,84.7855453491211,85.08791795400418,84.49037902309954,84.67756101800991,4485500
2014-10-07,85.93022155761719,85.98061607214846,85.08071010366855,85.17429834705801,8837700
2014-10-08,85.95182037353516,86.04540861904948,85.31828853467375,85.99501410337405,9391300
2014-10-09,85.5774917602539,86.15342849857036,85.5126956502954,85.86545738311604,10291700
2014-10-10,86.427001953125,86.44859882518644,85.89425347684684,86.04543707386888,8774400
2014-10-13,86.95252227783203,87.23329252919387,86.42698021455092,86.50617238725202,6450700
2014-10-14,87.52123260498047,87.67241611049253,86.88050015622463,87.33405067276082,11285400
2014-10-15,88.21238708496094,91.92000099677736,87.71563720283183,89.6882351591353,37407500
2014-10-16,87.6508560180664,89.36427529184655,87.42768105811362,89.35707999755786,18096600
2014-10-17,87.16133880615234,87.62209046864089,86.73658559866165,87.24773180259135,8524300
2014-10-20,87.4780502319336,87.72282198900528,87.06769338015677,87.67242748063232,7742500
2014-10-21,86.77976989746094,87.2837152569765,86.77256910872715,86.99574412614227,9754700
2014-10-22,86.87333679199219,87.0029234943331,86.54937278243548,86.72935400832057,9260200
2014-10-23,86.1030044555664,86.52056215523766,85.7142444068301,86.4197731232605,10936300
2014-10-24,86.18944549560547,86.68619563934948,86.00946419628875,86.34062912792031,5704900
2014-10-27,86.3477783203125,86.58534931907799,86.14620026434659,86.31177988492284,3391900
2014-10-28,85.807861328125,86.13902616446182,85.72866913980621,86.01664023436618,5141300
2014-10-29,86.00218200683594,86.26135527195655,85.25345985121955,85.64221974890046,9105100
2014-10-30,86.07421112060547,86.72214456765495,86.03821817457474,86.62135553062399,7024400
2014-10-31,85.85103607177734,86.18220083483014,85.54866896106704,85.91582667010502,6664200
2014-11-03,85.85107421875,85.99541355946054,85.3098140795469,85.80777516952827,9726600
2014-11-04,86.1180648803711,86.5366405491138,85.93764490308345,86.18301342932389,3664800
2014-11-05,85.99537658691406,86.14692870001521,85.7500025661928,85.81495661808215,4799600
2014-11-06,85.43972778320312,85.82943579454864,85.38199203945189,85.59127998106244,5901900
2014-11-07,86.42117309570312,86.42117309570312,85.6489757776342,85.67784363604568,8550500
2014-11-10,85.6273422241211,86.2985049158675,85.56238815409039,86.2985049158675,4787300
2014-11-11,85.6850357055664,85.74276589870793,85.40357554884717,85.50461577529829,2416500
2014-11-12,85.6128921508789,86.2624052197033,85.48298953711402,86.0242495101375,4040800
2014-11-13,85.81494140625,86.00979251541712,85.4757510440151,85.66338381403395,4475900
2014-11-14,86.23351287841797,86.30567975313643,85.64895403542498,85.76441993377858,5191200
2014-11-17,86.01704406738281,86.45005098181934,85.79331951523831,86.44283263988393,4726200
2014-11-18,86.25516510009766,86.2984696310729,85.99536544414505,86.11083134612623,4471200
2014-11-19,85.70667266845703,86.29844973285887,85.70667266845703,85.79327069848068,5792500
2014-11-20,86.1541519165039,86.56550927477224,85.92321454880907,86.52942858024623,5683600
2014-11-21,86.67377471923828,86.71707926721297,86.25519896003532,86.2912851656839,3640100
2014-11-24,86.74593353271484,86.79645091232132,86.27684593893242,86.36344401483987,4033900
2014-11-25,87.4676284790039,87.51814586724397,86.82533361167356,86.86863816300959,6770000
2014-11-26,87.70575714111328,87.95113116959396,87.66245810913816,87.78514237038816,4339100
2014-11-28,88.39855194091797,88.52845451748719,88.13874678777952,88.13874678777952,4562200
2014-12-01,87.88285827636719,88.83040008529132,87.85392498591274,88.73637103016004,7728600
2014-12-02,87.02933502197266,87.41269141693323,87.00763643636512,87.4054567155773,5757200
2014-12-03,87.36927032470703,87.37650502408215,86.89187949820595,87.01484731374813,4868600
2014-12-04,88.09983825683594,88.09983825683594,87.24632566714556,87.34035470419812,4250500
2014-12-05,87.58631134033203,87.95520395936781,87.17402153733741,87.93350536738838,8030700
2014-12-08,88.65679168701172,88.85208446828062,87.62245017208973,87.82497765443081,6021800
2014-12-09,89.11248016357422,89.66943626873037,88.93888596386456,89.40180750873039,6639700
2014-12-10,89.76348114013672,89.98047806688577,89.02570152241991,89.09803199184924,6439200
2014-12-11,90.13236999511719,90.13236999511719,89.17759348998446,89.50308334823802,7863500
2014-12-12,91.35477447509766,91.3909369487669,90.4289257500999,90.73995171965161,9317400
2014-12-15,91.16669464111328,91.64408004528498,90.72547170418166,90.87736731089355,9387400
2014-12-16,92.29508209228516,92.38188196281443,91.39817217065944,92.12148786968747,7426400
2014-12-17,91.4632797241211,91.99853738368715,90.92079287992475,91.7960098448077,11558800
2014-12-18,89.8357925415039,90.48677766511537,89.8357925415039,90.36381534133874,12758200
2014-12-19,91.04376220703125,91.10162327730191,90.00942038690333,90.11068415795404,7894500
2014-12-22,91.16669464111328,91.27519307975315,90.64590655040973,90.73993558738572,4118800
2014-12-23,89.35841369628906,90.84844212991383,89.3222457073629,90.73994368159565,7406100
2014-12-24,89.8447494506836,89.92448303293277,89.10540822363131,89.19963630713414,4871400
2014-12-26,90.17823791503906,90.30870509502283,89.89554243463934,90.27971607512308,2921300
2014-12-29,90.8523178100586,91.08427415257428,90.46814979551823,90.54063891762618,4070700
2014-12-30,91.09874725341797,91.4829151776903,90.9900191259475,91.3162035083589,4372600
2014-12-31,91.27272033691406,91.45393206194612,91.07701410714235,91.11325313406297,4993300
2015-01-02,92.28755950927734,92.53401047094425,91.43948948177895,91.54096766301058,9432000
2015-01-05,93.73719024658203,93.96189097717374,92.75139266008495,92.78763168074767,9789500
2015-01-06,95.42611694335938,96.03499691734223,94.36784636388529,94.73751440570886,18331300
2015-01-07,95.23765563964844,95.65806826551763,94.35334133355957,94.73750939404049,9762900
2015-01-08,93.97644805908203,94.49833900011754,93.80973627689605,94.49109450881973,8055300
2015-01-09,95.00569915771484,95.03468817044346,93.53424961006006,93.65022778154894,9398800
2015-01-12,95.54934692382812,95.90451491269367,94.89697791886871,94.95496701221768,6658100
2015-01-13,95.54934692382812,96.12197124768015,95.05644516050621,95.2376569296135,8260800
2015-01-14,96.2741470336914,97.21643892512888,96.18715790596058,96.92650466011477,12324500
2015-01-15,97.7890853881836,97.87606346573374,96.17266904514649,96.29590273538857,11454200
2015-01-16,96.54239654541016,97.62241175240065,96.42641834349611,97.36872187854004,9390500
2015-01-20,97.8254165649414,97.93413925815297,97.18030277786602,97.22379185515065,7758700
2015-01-21,96.6946029663086,98.28201995473324,96.37567951893237,97.99933001571854,9803900
2015-01-22,96.34664154052734,97.25994458570838,95.88274000102957,97.1294774622333,10200000
2015-01-23,97.68760681152344,97.94129655659579,97.23819427232802,97.34692792903144,7334600
2015-01-26,97.39043426513672,97.99205854617328,97.1657334857721,97.73835769575658,5966500
2015-01-27,97.54267120361328,98.67343081314304,97.23822571462784,98.38348536179691,8079600
2015-01-28,99.1373519897461,99.60125374292879,97.63691301693144,97.6731575880203,12230300
2015-01-29,98.48499298095703,99.06487299691756,98.18781401227855,98.66620479467647,8881400
2015-01-30,100.23181915283203,100.39128634086775,99.4344832126534,99.81866220949215,14871200
2015-02-02,99.85338592529297,100.17296502738199,99.25781575719886,99.28686336527818,13689900
2015-02-03,97.73985290527344,98.62594372770083,97.5945815771134,98.52426044757662,14008700
2015-02-04,97.90692138671875,98.04492252672543,96.6867106963979,96.9554538415972,11360400
2015-02-05,96.83197784423828,97.49291372833659,96.67944735858599,97.3258649736874,8334600
2015-02-06,95.11787414550781,96.12744791023573,94.84913102875181,95.90955197974212,13685600
2015-02-09,94.96533203125,95.85869304587918,94.96533203125,95.85143391272305,8025500
2015-02-10,94.20995330810547,94.76194654916183,94.01384592559914,94.52226221113051,8290700
2015-02-11,94.38432312011719,94.61674847909504,93.66528071641304,94.2027449644099,6506400
2015-02-12,94.07195281982422,94.81278323370401,94.02110564962884,94.17363607757109,12548300
2015-02-13,93.1059799194336,94.07923578768889,93.03334425293532,94.0647064378599,8325200
2015-02-17,91.70421600341797,92.9171565247165,91.45726687677139,92.82273789644474,14968800
2015-02-18,92.24893188476562,92.77913678999577,91.85672255608014,92.11093076689757,14009200
2015-02-19,91.63883972167969,92.56851876330785,91.63883972167969,92.08189075578751,8584800
2015-02-20,91.90755462646484,92.97522900070432,91.51534533862628,92.27797543297729,12502500
2015-02-23,92.96075439453125,93.09149089300512,92.35791910726499,92.379707600123,7500500
2015-02-24,94.18091583251953,94.26806976320306,92.37239973363526,92.71376740567416,11958300
2015-02-25,94.5876693725586,94.70388202698932,93.75241446946623,94.02841675307704,8019800
2015-02-26,93.29486083984375,94.63854372097218,93.25854298958181,94.20275168313272,11020500
2015-02-27,94.07923889160156,94.14460434401856,93.16408930982244,93.70882357859152,9225100
2015-03-02,92.32684326171875,93.92784801790413,92.2540660279786,93.87690173343665,11324000
2015-03-03,91.99207305908203,92.69069107472197,91.97023656148997,92.34137929084078,8599000
2015-03-04,92.02124786376953,92.45061047843512,91.81021152762015,92.37783875368086,6478900
2015-03-05,91.90475463867188,92.3341114228865,91.62094120961943,92.07940777529112,6045000
2015-03-06,89.87445831298828,90.84233842733097,89.48876314541053,90.72589921712714,20022900
2015-03-09,90.70408630371094,90.87146631365646,90.3329431874862,90.73319611205487,8889100
2015-03-10,91.89753723144531,92.01397643510386,91.51912092380867,91.6719432145154,9277900
2015-03-11,92.56702423095703,92.7562351163499,91.78108199956651,91.88296350274909,6663100
2015-03-12,92.50152587890625,93.29474689985786,92.21771234369189,93.29474689985786,10295900
2015-03-13,92.21770477294922,92.85082466008505,92.05032486873388,92.24681456290514,7247200
2015-03-16,93.10552215576172,93.2583388174798,92.61794017583806,93.10552215576172,6374600
2015-03-17,93.87691497802734,93.95696550473667,93.35294991306591,93.54943958848855,6314000
2015-03-18,95.68898010253906,95.71808434317427,93.59311944078719,94.5391682730641,13981900
2015-03-19,95.20142364501953,95.7835974145142,94.80117085030228,95.47795285425364,9543800
2015-03-20,95.7034912109375,95.84176128728697,95.43423544388625,95.49245500783584,5953800
2015-03-23,95.58709716796875,95.87818398695005,95.32511458918545,95.8417953585148,5555500
2015-03-24,96.51133728027344,96.5258949575288,95.68172734478486,95.93643672760983,6713000
2015-03-25,95.69624328613281,96.61317667674393,95.66713904856948,96.58407243918062,5635800
2015-03-26,94.2044448852539,95.43430773269031,94.00795509611935,95.36881483773041,9536300
2015-03-27,95.37608337402344,95.42702969262454,94.59013536088756,94.62652400213774,7907900
2015-03-30,94.90306091308594,95.33241799322533,94.67018250092322,95.25964071336101,7010600
2015-03-31,95.10679626464844,95.3032859796367,94.53916918068292,94.77932080916842,6844300
2015-04-01,96.35603332519531,96.61126475069851,95.75075306229053,95.77262972369086,9273900
2015-04-02,95.33505249023438,96.2393284226329,95.24754586459748,96.21015212909018,6663400
2015-04-06,94.8027114868164,95.88200077881338,94.59852192150608,95.84553597197295,5923800
2015-04-07,95.59759521484375,95.69240148923733,94.69333029907857,94.97043835673387,4764900
2015-04-08,95.62675476074219,95.79447949356022,94.81728513367078,95.54653664896051,5378900
2015-04-09,94.38700103759766,95.47358960275037,94.16823452497692,95.43712480814924,6484200
2015-04-10,94.52556610107422,95.13084611882489,94.4745242876461,95.03605100031734,4843000
2015-04-13,94.65684509277344,94.7881050190345,94.35784931296378,94.45994407588725,4010600
2015-04-14,95.32772827148438,96.15907428610522,95.15270395827787,95.7579838563558,6075500
2015-04-15,95.24752807617188,95.72883668227685,95.03605006121313,95.56840048024186,4425200
2015-04-16,94.77355194091797,95.42987399299948,94.37246129686932,95.40799733309659,7085500
2015-04-17,95.86009979248047,96.04241265291786,94.58390976941875,94.6349627115383,7268800
2015-04-20,95.01415252685547,95.53921438370254,94.75162159843194,95.48817257601895,4949400
2015-04-21,94.58393859863281,95.13087734665208,94.4818438107691,94.97044109036665,4563800
2015-04-22,93.14002990722656,94.47456188065004,93.0087643760087,94.43809706940934,9707600
2015-04-23,93.54108428955078,93.9640514553703,93.05977567387748,93.19833522634347,6843400
2015-04-24,94.12449645996094,94.3870163176043,93.77444772811349,93.81091252861779,4773000
2015-04-27,94.12449645996094,94.43806926380928,93.61401150789045,94.12449645996094,4334900
2015-04-28,92.82644653320312,93.88386480196579,92.80456987311644,93.46818600532379,7464300
2015-04-29,91.68880462646484,92.20657258640335,91.36063807354736,91.7471405250685,11554800
2015-04-30,91.84918975830078,92.00962591834073,90.79907177541759,91.1855740352891,12876000
2015-05-01,90.61283111572266,91.37281036829424,90.38630082198765,91.14628007455923,12378500
2015-05-04,89.7578353881836,91.00010554991991,89.67745261093577,90.83203652488781,9144700
2015-05-05,89.63359069824219,89.90396400579311,88.92476394300415,89.7797381306931,13935500
2015-05-06,88.0989990234375,89.19512129625798,87.96016065999325,89.143969146533,14355000
2015-05-07,89.28278350830078,89.56777475881134,88.67626138022375,88.73472255344753,11933700
2015-05-08,89.52396392822266,90.28394272851241,89.37781094249404,90.15971129685151,11716400
2015-05-11,87.34636688232422,88.89555570174687,87.32444531945929,88.87363413888193,13738600
2015-05-12,87.57292175292969,88.15021389640704,86.82756053012345,87.06139989170678,15861700
2015-05-13,86.87130737304688,88.21588639308936,86.69592944005488,88.1647342636682,15760000
2015-05-14,87.1052017211914,87.56557675313495,86.73252407411115,86.90059307373538,9128400
2015-05-15,88.85167694091797,89.08552173281349,87.90170756209253,87.96747222843811,12630600
2015-05-18,87.3609390258789,88.003995357425,87.30247783887499,87.92361261908603,10208300
2015-05-19,86.58637237548828,87.57288155511526,86.32330251756541,86.42560684285013,8435300
2015-05-20,86.73255920410156,87.28792416494973,86.35987583090285,86.79101485907469,7789700
2015-05-21,87.94554138183594,88.13553746759524,87.28786691202762,87.38286774249033,11760700
2015-05-22,87.98213195800781,88.2378928512384,87.54368391601689,88.16481910676814,5417900
2015-05-26,89.48741912841797,89.55318936199531,88.23053139945205,88.30360510051997,10469700
2015-05-27,89.69210052490234,89.77979238246328,88.8663564397597,89.28288300662571,6490300
2015-05-28,89.47283935546875,89.90397825213502,89.31207380919724,89.51668247711805,6237600
2015-05-29,89.67010498046875,90.2985488366243,89.52395758026948,90.05009714125237,7912000
2015-06-01,88.7063980102539,89.62180294732194,88.38417927169402,89.42407793927812,13108100
2015-06-02,87.4687728881836,88.06927829348234,87.22710464786883,88.00336623376548,10076200
2015-06-03,86.062744140625,86.85365567834201,85.8284006021004,86.69986825498437,14810900
2015-06-04,87.18314361572266,87.3588997491802,86.5167263294499,86.60460718977204,10859300
2015-06-05,86.12132263183594,86.83167798188155,85.9602104179464,86.29707887099265,11200200
2015-06-08,86.02607727050781,86.53138247800271,85.9528460082938,86.3849143663875,5334000
2015-06-09,85.34501647949219,85.77708484043733,85.03011702142531,85.72582239783048,12393900
2015-06-10,84.59808349609375,85.04480167534231,84.40768323954083,84.89101427403885,12183600
2015-06-11,86.3775863647461,86.3922359689586,85.1253133895506,85.35965677226811,13849300
2015-06-12,86.3775863647461,87.19779099785086,86.08466132673942,86.11394936079051,7863100
2015-06-15,86.5167465209961,87.19048317914438,86.22381583874396,87.06598945502334,8194200
2015-06-16,87.19783020019531,87.20515500559466,86.37030598013344,86.86096178528899,7046400
2015-06-17,86.5240707397461,86.8755830863225,85.86497810593035,86.78038298978889,13626100
2015-06-18,86.09928131103516,86.223774976157,85.4987762112402,85.95281883291362,10123300
2015-06-19,87.20513153076172,87.28568760690104,86.77305752354286,86.78770713039799,10439200
2015-06-22,85.42558288574219,86.51674391742708,85.38163965305452,86.29704451555243,9769000
2015-06-23,84.9129638671875,85.65261265681016,84.72256365377066,84.75185728364754,8945100
2015-06-24,85.64531707763672,85.80642930334224,85.0667858485167,85.32309821341617,8600400
2015-06-25,85.34501647949219,85.74047200268227,85.08870426645804,85.38162931724725,8287800
2015-06-26,84.38566589355469,84.85435263393134,84.12934811822245,84.70788453557196,11673000
2015-06-29,86.61927032470703,86.90487619980907,85.2864410451682,85.65260299654906,17132900
2015-06-30,86.0187759399414,86.92685613099341,85.92357583180478,85.97483828806122,13469000
2015-07-01,84.85768127441406,85.40079233976438,84.71823164432237,85.00446623278316,12451500
2015-07-02,85.1365737915039,85.62097422669216,85.04849945797318,85.37143308143202,6682100
2015-07-06,86.71456909179688,87.08153721694245,85.91457566724515,86.64117658666561,10605800
2015-07-07,87.52920532226562,88.43194342936624,87.30168136398666,87.82278083006983,16160100
2015-07-08,88.28515625,88.4906574204372,87.70534617655963,88.08699040744489,9951800
2015-07-09,86.54570770263672,87.42643401734696,86.49433242090672,87.11817672748121,11108900
2015-07-10,85.17327880859375,85.66501460647542,84.9604366872373,85.16593788041249,13636600
2015-07-13,84.90909576416016,85.47422427418262,84.68891262548189,84.68891262548189,8006700
2015-07-14,85.18797302246094,85.33475802010223,84.88706209744966,85.15127397330625,4227800
2015-07-15,86.0906982421875,86.27418224901272,85.1659372799319,85.21731257786345,8720400
2015-07-16,86.6852035522461,86.72190260141602,85.77512424761699,85.7898005075917,7306500
2015-07-17,87.13290405273438,87.25767185926695,86.86868658037793,86.87602751002356,7404900
2015-07-20,86.76590728759766,87.08149996419446,86.53104801195491,86.81728257916053,5941000
2015-07-21,87.23564147949219,87.28701678026623,86.35492043779784,86.36959669538136,5627500
2015-07-22,87.77876281738281,87.99894590317471,87.30170319782599,87.34574317467745,6228900
2015-07-23,88.87236785888672,88.95310132162948,87.66871245007424,87.7788040446772,9087700
2015-07-24,89.09251403808594,89.20994651674398,88.74756313138892,89.17324746729115,7307900
2015-07-27,89.56954956054688,89.75303355941733,89.15854719491294,89.67964107976661,8172000
2015-07-28,88.91635131835938,89.2246031076508,88.73286731052103,88.92369224652943,9128200
2015-07-29,88.58609008789062,88.93104097050316,88.38058886407595,88.82094942932004,6706400
2015-07-30,89.26860046386719,89.49612434689905,88.91631445060047,88.96034880238751,6146600
2015-07-31,89.92916870117188,90.20072701137154,89.5842179177927,89.86311715515635,9178400
2015-08-03,90.87580108642578,91.02290656952913,89.97108609136822,89.97108609136822,11753700
2015-08-04,90.15496826171875,90.70662222569558,90.07405856473167,90.5889389648053,6448800
2015-08-05,89.47830963134766,89.66955131945807,89.13996240574714,89.56657070915512,7574400
2015-08-06,90.27266693115234,90.37564189999955,89.73572121212196,89.73572121212196,6118100
2015-08-07,91.45687103271484,91.57455990774531,90.64777965788086,90.69191579187451,8317000
2015-08-10,90.32421875,90.89058148205777,90.11826305389644,90.77289812457465,7461700
2015-08-11,91.75848388671875,92.03798666711755,91.3245186004377,91.4274936043592,11145700
2015-08-12,91.25827026367188,92.46455307096552,91.20678278817937,91.89083388355927,8455200
2015-08-13,90.96412658691406,91.51578095701429,90.6331362095413,91.0818155461603,7691400
2015-08-14,91.17742156982422,91.47899527925804,90.61841031070158,90.81700900025987,4324700
2015-08-17,91.58930206298828,92.01591597508006,91.4936840254711,91.729056250812,7880300
2015-08-18,90.8685073852539,91.42016174848757,90.75081842747258,91.05974913578939,5024300
2015-08-19,91.76583099365234,91.89087125474205,90.46392405117463,90.51541154760665,10736000
2015-08-20,92.69261169433594,92.75145615440834,92.0747616987254,92.21451588846821,9078300
2015-08-21,92.97212219238281,93.22220273581428,92.37633184107737,92.79559441985961,10718300
2015-08-24,92.94270324707031,94.82568118512289,92.54551153606542,94.37700197149053,16663400
2015-08-25,91.44951629638672,91.7878633819837,90.8831484268005,91.61133568769706,15354800
2015-08-26,89.68425750732422,90.84641030584542,89.26500056250535,90.47128389888653,16429900
2015-08-27,89.73578643798828,90.37570759100262,89.4783488287477,89.60338915156184,9127000
2015-08-28,90.00053405761719,90.81698262935305,89.90491602741712,90.58161042202391,9946200
2015-08-31,89.30911254882812,90.81696921194663,89.25026810276057,90.73605950153254,8617600
2015-09-01,89.95264434814453,89.99687067858727,89.17865544590873,89.66516195247158,15298200
2015-09-02,89.17864990234375,89.91578535802097,89.0901916230595,89.50298567859163,9515200
2015-09-03,89.6135482788086,89.68726069232305,88.97961139957025,89.47349075640346,7042500
2015-09-04,90.4317855834961,90.61606946301708,89.79784858803208,90.2622419398218,7951300
2015-09-08,89.0975570678711,89.60617666531283,89.01647172464621,89.47349206948091,7049500
2015-09-09,89.52511596679688,89.71677279662427,88.13193013899023,88.18352940580165,7441900
2015-09-10,88.92062377929688,89.33342334631459,88.78793920845112,89.20810607881339,6789700
2015-09-11,89.48088836669922,89.98951372086894,89.43666203117078,89.53986056333592,5890900
2015-09-14,89.62093353271484,90.04110053381831,89.39979063786146,89.89367006261692,4221700
2015-09-15,87.90340423583984,89.23025032292087,87.80757864995516,89.11230594900375,11895000
2015-09-16,87.5716781616211,88.04344431594946,87.38739433183981,87.68961688825509,6949800
2015-09-17,88.64054870605469,88.72900699547893,87.52010515950361,87.63067099141159,19843600
2015-09-18,90.00423431396484,90.07794673172332,89.28921205152395,89.34818423528952,14963300
2015-09-21,88.53736877441406,89.27450446939785,88.29411264533366,89.20079202467927,10085600
2015-09-22,89.76836395263672,90.21801707589393,89.29659766330093,89.51774057188236,9968200
2015-09-23,89.76094055175781,89.98208333599483,89.18597606141513,89.65037478353393,6769900
2015-09-24,90.37281799316406,91.16892574295977,90.29173263213498,90.79298503490658,9605800
2015-09-25,89.5914535522461,89.87893596083498,89.39242380851667,89.67253891096581,8383700
2015-09-28,91.12469482421875,91.23526065287881,90.07795811375611,90.07795811375611,9833400
2015-09-29,91.38270568847656,91.61858886702444,90.85196713076918,91.06573714006235,9006100
2015-09-30,91.06574249267578,91.25739934397934,90.75614685711543,90.96991687897346,9832600
2015-10-01,91.45427703857422,91.97872945961369,91.34348159690009,91.65372010474142,9069400
2015-10-02,92.00823211669922,93.2270321035454,91.72754107477991,92.76905716986995,13000400
2015-10-05,90.75991821289062,91.46903709010667,90.69343532425194,91.38778335709041,11362700
2015-10-06,91.1513900756836,91.29912102882582,90.42011227715274,90.52352507146722,5687800
2015-10-07,90.8485107421875,91.09966006010607,90.49395429233832,90.71555066460077,6712800
2015-10-08,90.0877685546875,91.12929105818793,89.86617197892326,91.0701963837528,12882300
2015-10-09,90.32415008544922,90.5900705097611,90.04345880893284,90.09516524501687,9038100
2015-10-12,91.01107788085938,91.17358537521922,90.7894813631134,90.87811771598105,4241000
2015-10-13,91.16615295410156,91.29911305454637,90.70818365801601,91.24740666190529,6147200
2015-10-14,91.96398162841797,92.00091720860448,91.07758405972478,91.37304615890365,9738100
2015-10-15,91.51336669921875,91.93440626131314,91.4321129560447,91.8236051901143,6924300
2015-10-16,91.54288482666016,91.9417651743942,91.49856666654796,91.77925773988314,8048300
2015-10-19,91.29174041748047,91.57243714170602,90.78945288060336,91.43947701854,6238400
2015-10-20,90.73033905029297,90.83375183137481,90.5235134881293,90.70817997371456,6431300
2015-10-21,91.6315689086914,91.75714084378895,91.20314104539437,91.30655389024851,6603800
2015-10-22,91.78668975830078,92.17079381215527,91.2326899503557,91.66850042752864,6934100
2015-10-23,91.00365447998047,91.19570922962072,90.74512249137321,90.92978900260334,7058200
2015-10-26,91.60935974121094,91.74231985374693,91.45424054918139,91.49856434374315,5859800
2015-10-27,91.83837127685547,92.25941079129298,91.71279937364582,91.9713314201292,7156800
2015-10-28,91.4690170288086,91.8457326513604,91.0775249295442,91.79402625401556,8468700
2015-10-29,90.01384735107422,91.018433652768,89.89565807531032,90.98888633382701,12108000
2015-10-30,90.69341278076172,90.71557185960795,90.13202502916782,90.29453245480614,11861400
2015-11-02,90.27667999267578,90.446946003096,90.07680790448255,90.1508343946334,8751000
2015-11-03,89.53636169433594,90.12118029289928,89.41792049535893,90.05455817744782,8921600
2015-11-04,89.6400146484375,89.97314222421724,89.35130747147619,89.64741898955015,5980800
2015-11-05,89.40312194824219,89.61780264656679,89.05519700391316,89.61040395369353,7268400
2015-11-06,88.09285736083984,88.48520279668875,87.90038399024772,88.45559107445469,10604700
2015-11-09,87.5969009399414,88.01885822913846,87.35260839149566,87.42663489615369,9159500
2015-11-10,87.85594940185547,88.24829474915255,87.63386435915358,87.72269950580578,6712500
2015-11-11,87.67091369628906,87.78195625979285,87.55246678912252,87.61169024270579,2857900
2015-11-12,88.09285736083984,88.418580657556,87.87077226801365,87.90778833277086,6805700
2015-11-13,88.59623718261719,88.7590988159743,88.25571088007871,88.32973735491612,7906600
2015-11-16,88.51480865478516,88.83312758788942,88.18908537964829,88.67767029235358,5485300
2015-11-17,88.66283416748047,88.92933391959214,87.84113318763531,88.09282426026499,5122900
2015-11-18,88.84793853759766,88.97378977192867,88.35935922923375,88.52222088130793,5233900
2015-11-19,89.44012451171875,89.68441688825557,89.33648634855578,89.48453925368679,6643000
2015-11-20,89.16622924804688,89.60299496275927,89.04038370144683,89.52156416252232,5971000
2015-11-23,89.44012451171875,89.66220951727155,89.06998660103494,89.22544384577938,5436300
2015-11-24,89.43274688720703,89.7214540919537,89.26248656023232,89.49937466791826,3371500
2015-11-25,89.6400146484375,89.88430707443781,89.53637646429023,89.69923808162378,3280900
2015-11-27,89.5511474609375,89.81024281227124,89.54374312294081,89.7584237420045,2570600
2015-11-30,89.90650177001953,89.96572519485328,89.61779463377583,89.64740634619271,5179800
2015-12-01,91.12089538574219,91.13572980724962,89.95619803318093,89.95619803318093,12766600
2015-12-02,91.15058898925781,91.27670140791236,90.6461336548058,90.99480206153741,7345800
2015-12-03,88.6728515625,90.06010562141877,88.27225404292182,90.03043110220901,16612200
2015-12-04,89.45173645019531,89.71138125687658,88.62828744912595,88.67279637031923,11843800
2015-12-07,90.31974792480469,90.84645789060684,89.61499650883287,89.6224108935397,9016700
2015-12-08,90.36420440673828,90.82415068411939,90.09713955662438,90.7128727199332,7257500
2015-12-09,90.26781463623047,90.61648313526752,89.39985624065022,90.02300411650208,8993900
2015-12-10,90.3864517211914,90.5274041753383,90.12680693184075,90.3493628426167,5606900
2015-12-11,91.8108139038086,92.06303869345987,91.1505717663887,91.26926412039141,12300000
2015-12-14,90.62389373779297,91.3583195606265,90.31973421590986,91.30639057638241,10661100
2015-12-15,90.08972930908203,90.20842165911523,89.63720305117569,89.77814986310057,8795500
2015-12-16,89.8968505859375,90.63127614969025,89.3923953484492,89.81524711665021,10988600
2015-12-17,90.91320037841797,91.083821734136,90.23811801841589,90.3419759722879,9923000
2015-12-18,91.41768646240234,91.63281682502274,91.11352688104952,91.30640842874068,10171700
2015-12-21,91.39541625976562,91.82568825727988,91.18770030505814,91.5660433138955,7494900
2015-12-22,90.73519134521484,91.09869999593776,90.49780082833273,90.98742195306006,5445800
2015-12-23,90.05268096923828,90.21588798662385,89.66692355891962,89.93398855830775,7287100
2015-12-24,90.56857299804688,90.59830972778074,90.24891024303435,90.30094810214331,3364600
2015-12-28,90.83625793457031,91.19308758383018,90.58349840061497,90.68757418762452,7586600
2015-12-29,89.32709503173828,90.5016646713845,89.21558371225822,90.46449801269202,7787500
2015-12-30,89.23790740966797,89.60960812080202,88.96284684161577,89.1486971971828,5508900
2015-12-31,89.63928985595703,89.84744121899875,89.3939661759296,89.63185425822003,7897700
2016-01-04,90.28609466552734,91.02949604003709,90.18945452865394,90.64292982084108,10591900
2016-01-05,89.92183685302734,90.3232743083354,89.69881982565809,89.86236337704774,6242600
2016-01-06,91.13355255126953,91.1558593520285,90.73212088482688,90.9179711892434,8916900
2016-01-07,91.2971420288086,91.38635225612188,90.53887494760853,91.20050186966363,10202200
2016-01-08,91.70596313476562,91.7877377121634,90.86592190623438,91.01459986239374,9577200
2016-01-11,90.70240783691406,91.28226003061442,90.59089649080953,90.72470897179443,10040300
2016-01-12,92.0107650756836,92.41963800901765,90.8064587478653,90.94770112071615,12897700
2016-01-13,92.9177474975586,93.2968838326846,91.6390960706262,91.83238203955165,15577600
2016-01-14,92.04793548583984,92.90284799208777,91.69110041766905,92.53114739560615,12873800
2016-01-15,93.48268127441406,93.63879481303573,92.98460393618777,93.22249204337793,13976300
2016-01-19,93.19281005859375,93.72062442919747,92.88801272914054,93.02182522251213,8926600
2016-01-20,94.17406463623047,95.09588054000457,93.98077873534683,94.39708726584244,17283300
2016-01-21,93.53472900390625,94.6275295614279,93.42321770119376,94.36734030289905,11001600
2016-01-22,93.17792510986328,93.31917318528461,92.56833621256933,92.85826796519794,10164300
2016-01-25,93.68343353271484,93.86928386605135,93.40837866926616,93.63139566624871,5738200
2016-01-26,93.72803497314453,94.01052541842374,93.48271118893534,93.66112590849582,5692600
2016-01-27,93.70573425292969,93.88414897327225,93.06640869402533,93.4827115987252,7957800
2016-01-28,93.83956146240234,93.9733739416196,93.26713920675529,93.3266126801191,10575400
2016-01-29,94.63500213623047,95.05130511253329,94.35250596942271,94.71677674539033,13170700
2016-02-01,94.34525299072266,94.64317866926721,94.06222672145816,94.43463239902393,9948400
2016-02-02,96.0956039428711,96.11049199338584,95.33589286442894,95.4103785766989,10400000
2016-02-03,95.29859924316406,96.78077775436364,95.27625581437013,95.54438832481533,13309000
2016-02-04,95.76039123535156,95.77527927813436,94.97088741851435,95.49970274271661,9953500
2016-02-05,95.87215423583984,96.08070058372691,95.03051345441614,95.25395921713046,9200800
2016-02-08,97.93522644042969,98.0394995513427,96.58710865409587,96.61690746573771,14452200
2016-02-09,98.0395278930664,98.35979133884081,97.54050562051468,98.3448919287127,15232100
2016-02-10,98.90350341796875,98.94074626193654,97.6522256880779,98.09166169810479,12797100
2016-02-11,99.59616088867188,100.73572118773902,99.0673399025754,100.13242589587026,21620200
2016-02-12,97.94268798828125,99.15673406932063,97.5181400832851,98.79177243335477,13888400
2016-02-16,96.90741729736328,97.38409616625712,96.68397159149289,97.36175273216215,11766000
2016-02-17,96.3115234375,96.69882839937681,95.86464358756432,96.55731246917668,13157300
2016-02-18,97.49581146240234,97.57029715123407,96.34880686286888,96.38604970728474,10196700
2016-02-19,97.57775115966797,98.18105802513462,97.36920484750233,97.52562026408738,8188700
2016-02-22,97.52561950683594,97.65223609788755,97.34686065568698,97.6447920742686,5054300
2016-02-23,97.92037200927734,98.12147430301724,96.66163871481818,96.73612441321723,8320700
2016-02-24,97.72673797607422,99.35042185774968,97.53307968069842,98.6130542601982,9091200
2016-02-25,98.0768051147461,98.73224308704407,97.80868379690635,97.92784503874891,6097200
2016-02-26,97.1308822631836,97.42880235347114,96.8552942464985,97.05639655815023,9245000
2016-02-29,97.55540466308594,97.69692066295602,97.1383120518402,97.17555489889885,8016100
2016-03-01,95.83758544921875,97.64345835193119,95.75551170375695,97.62107253289984,13729100
2016-03-02,96.23307800292969,96.2405361458102,95.67340985199405,95.75549496959039,7047700
2016-03-03,96.58384704589844,96.96442888923077,96.09134745070774,96.31521711387664,6394800
2016-03-04,95.96443939208984,96.35993731837125,95.3376080858552,96.07636847066836,8687000
2016-03-07,95.93455505371094,96.01664014868696,95.55398491508097,95.85246995873491,5493300
2016-03-08,96.99423217773438,97.74792601470112,96.97184635945608,97.27034291396544,7175400
2016-03-09,96.40472412109375,96.77783629037643,96.12115522876539,96.32263898839237,7194700
2016-03-10,96.00926971435547,96.88980936805835,95.45705935401784,96.63609571053226,10091600
2016-03-11,95.03917694091797,96.17344165754066,94.92724209880825,96.12866999799381,8927000
2016-03-14,95.33760833740234,95.8077275483895,95.26298705374012,95.38237996895188,5177000
2016-03-15,95.42716979980469,96.00922958715068,95.22569172616807,95.88983095592891,6413200
2016-03-16,95.71073150634766,95.90475712565669,95.04659798025442,95.33016118509379,9728900
2016-03-17,96.10624694824219,96.51667269457396,95.8823887106813,95.89730500219731,7805500
2016-03-18,96.30768585205078,96.64348443833244,96.03904470573009,96.29275818101164,8198600
2016-03-21,95.56893920898438,95.97935341173249,95.330141998352,95.7032541001068,5514800
2016-03-22,95.54656219482422,96.27787026704162,95.45701891515684,96.13608581658151,4997900
2016-03-23,96.62860870361328,96.87486413995384,95.73313024910891,95.82268492644828,10628200
2016-03-24,96.6659164428711,97.48676794511117,96.2629602240783,97.44199629707666,6343300
2016-03-28,96.79277038574219,97.12856908307457,96.47188797790508,96.54651497130364,5058700
2016-03-29,97.80760192871094,97.82251821300876,97.02406431696562,97.29270545852182,9396700
2016-03-30,96.77784729003906,97.06141621459756,96.24802293938733,97.03156086123295,8478700
2016-03-31,97.46436309814453,97.61360569129135,96.85245366381857,96.99423811257604,7832300
2016-04-01,97.7186050415039,98.05511076225217,97.13534519363974,97.94293838531347,9341400
2016-04-04,97.77841186523438,97.93544860296456,97.4120118273072,97.8008440549007,5145100
2016-04-05,98.84773254394531,98.97485209327972,98.54114406080953,98.7131279910777,6482800
2016-04-06,98.12986755371094,98.45888822508358,97.76346750519109,98.3542008669256,6393700
2016-04-07,99.34127044677734,99.44595781290823,98.71313483992488,98.84773940213154,5963300
2016-04-08,98.71308898925781,99.00471876016981,98.43641780943567,98.83273489785294,5584800
2016-04-11,98.58600616455078,98.84024525734705,98.04013719235498,98.19717393206216,4805500
2016-04-12,97.9055404663086,98.36916571911847,97.60643696971326,98.0177128350821,4276000
2016-04-13,98.24951934814453,98.3915975019603,97.59896297021643,97.72608252624451,5207900
2016-04-14,97.77841186523438,98.18968769256014,97.57652215823751,97.89058422363192,6967000
2016-04-15,98.61592102050781,98.82529572844413,98.14482222261819,98.1747280051523,5831100
2016-04-18,98.18964385986328,98.2868575783976,97.70359808731344,98.20460244965184,4486600
2016-04-19,97.88309478759766,98.18968324590767,97.42695460159618,98.01769932956577,5212200
2016-04-20,96.80632019042969,98.44392709154742,96.66424204871917,98.07752705246871,10920700
2016-04-21,96.23055267333984,96.51470901181115,95.93143773545735,96.04361011593886,11154200
2016-04-22,95.9837875366211,96.39506344666623,95.8940587599088,96.35019905831007,5826400
2016-04-25,95.58746337890625,96.10342662817888,95.58746337890625,95.75944732530799,5539500
2016-04-26,95.15373992919922,95.53510425638358,95.05653187542127,95.53510425638358,7840000
2016-04-27,96.10340118408203,96.32773446046761,95.43040705995749,95.65473463131086,8380100
2016-04-28,96.49976348876953,96.56706008013666,95.74450815208372,95.87163914920352,7974600
2016-04-29,96.74652099609375,96.99328655392318,95.86414614597014,96.0510887131074,7416300
2016-05-02,95.77243041992188,96.58164392155987,95.75744741952067,96.40182505066316,11035200
2016-05-03,96.97877502441406,97.42085649806079,96.9188430130127,97.06869590760209,10736700
2016-05-04,97.5107192993164,97.53319665109956,96.7989098157625,97.16604751691226,7211200
2016-05-05,98.16259765625,98.20756379848322,97.18104839537894,97.45078808358342,7870400
2016-05-06,97.7430419921875,98.05024786493588,97.6231551004257,98.042759221592,7232500
2016-05-09,98.05023193359375,98.07270929301653,97.6456280309424,97.75052618592915,4950800
2016-05-10,98.05770874023438,98.24502766817585,97.89286716900267,98.04273145778788,4331900
2016-05-11,98.61219787597656,98.90441500845256,97.90038808487272,98.02776361102455,9256000
2016-05-12,98.16259765625,98.28248450279399,97.84790325885128,97.90035804160387,6087400
2016-05-13,99.1142349243164,99.14421236880506,98.32749278564425,98.51481179804023,8707300
2016-05-16,98.25999450683594,98.64962099145811,98.14010767571565,98.6346322793087,5137000
2016-05-17,98.42486572265625,98.77702624962221,98.31247893023773,98.31247893023773,4449100
2016-05-18,97.02371215820312,98.042727542836,96.58913089076738,98.01275011305998,12681000
2016-05-19,97.44329833984375,97.653094602401,97.14358122687709,97.16605858121973,6209400
2016-05-20,97.51826477050781,97.705583766558,97.06870603981389,97.14362677840745,5348900
2016-05-23,97.73554229736328,97.9528272601991,97.34591565971625,97.67559885826051,6979700
2016-05-24,97.30095672607422,97.54821911427737,96.83640938444246,97.38337752214194,5968200
2016-05-25,96.9338150024414,97.59318142225554,96.88886027982542,97.27848693090125,6367400
2016-05-26,97.43584442138672,97.74305032031035,97.25602550146597,97.26351414544791,5419300
2016-05-27,97.29345703125,97.60065138802159,97.18105881317634,97.45829860465923,5267600
2016-05-31,97.5257797241211,97.73557611705618,96.64162798271236,96.67160542915792,8344300
2016-06-01,97.9214096069336,98.5596077130471,97.6886585078814,98.07908598891112,9874900
2016-06-02,98.62718963623047,98.87496028955346,98.25928567404613,98.28180923738977,5835400
2016-06-03,100.03121185302734,100.03121185302734,99.55820556640423,99.75341360084052,11077200
2016-06-06,99.28793334960938,99.77595927210625,99.18281954523103,99.69336903605573,7573700
2016-06-07,99.52813720703125,99.84347845744894,99.51311768371436,99.58820384375932,4680200
2016-06-08,100.06124114990234,100.18136299047116,99.64078606655704,99.76090790712585,5313200
2016-06-09,100.70693969726562,101.01476550735062,100.5567673529806,100.84959655041158,6820300
2016-06-10,101.19498443603516,101.60793554722743,100.80455688940397,101.20248847204101,6984600
2016-06-13,101.6454849243164,101.65298896078617,101.18748665568741,101.42774184470657,7283300
2016-06-14,101.57035827636719,102.27612694591056,101.52531116240309,102.25360338892851,9012500
2016-06-15,101.96075439453125,102.28359958320233,101.59285064918721,101.75052695620214,7953200
2016-06-16,102.45630645751953,103.28219678100518,102.24606753998307,102.6665339185186,10372700
2016-06-17,101.81816101074219,102.3137023339033,101.55537082091769,102.26113971332109,8489900
2016-06-20,100.72948455810547,101.02230236091503,100.61685527607483,100.78955121721305,7365900
2016-06-21,100.26394653320312,101.04480145595794,100.20389134518292,100.82705843735589,6005800
2016-06-22,100.42913055419922,100.60182645972775,100.04621856995618,100.23392254475911,5773700
2016-06-23,99.28038787841797,100.09878595454975,99.16777007078339,99.56570159981484,9029100
2016-06-24,101.94578552246094,102.56896411586693,101.58539708578895,102.56896411586693,17155000
2016-06-27,104.4910659790039,104.80640733820297,103.9129344255339,103.94297348253009,16577100
2016-06-28,104.70879364013672,105.03914302269119,104.27331903010453,104.69377411384822,14006400
2016-06-29,103.90541076660156,105.21183454216867,103.80780103461318,104.87395822576005,12999800
2016-06-30,104.28833770751953,105.069192762361,103.68017858120707,104.22076701716102,14698500
2016-07-01,105.73631286621094,105.92436207186817,104.69827757814689,105.9168327579698,15430200
2016-07-05,107.06019592285156,107.49647154197251,106.58630815977601,106.69914459163988,8840800
2016-07-06,107.2332534790039,107.56422215281651,106.78194195094919,107.40625565754384,14352800
2016-07-07,107.22565460205078,107.70706008806155,106.6464598606026,106.87963902884987,9676400
2016-07-08,108.01548767089844,108.03052334616345,107.0827593118052,107.50398777151999,10355300
2016-07-11,107.06770324707031,107.9176894109979,106.99249044416148,107.60176809250775,8099000
2016-07-12,105.30752563476562,105.95441517991213,105.03673439545757,105.6234468343568,15810600
2016-07-13,106.54866027832031,106.63893168905645,106.0221248724055,106.33804611595438,8181700
2016-07-14,104.99917602539062,105.18722527458473,104.62307752700242,104.7659967928084,10817000
2016-07-15,104.09651184082031,104.63809444019083,103.93854546699893,104.47261023051584,9958600
2016-07-18,103.99873352050781,104.75093037898061,103.6000701037263,104.60802261706587,5955900
2016-07-19,104.58541870117188,104.78851501338414,104.10401329720922,104.51020592163376,8073900
2016-07-20,104.01380157470703,104.18680367319172,103.73549235397746,103.97618942870196,6942500
2016-07-21,104.22443389892578,104.26956389091431,103.04349035729489,103.081091032207,10398400
2016-07-22,104.40492248535156,104.73589092755869,103.7053734638478,103.75050343731009,5811400
2016-07-25,104.32970428466797,104.75093269832124,104.2469621692994,104.51023566663942,4243800
2016-07-26,104.4952621459961,104.94658518013416,104.14925776709558,104.94658518013416,5243400
2016-07-27,105.79651641845703,105.79651641845703,104.85627005328192,104.96910650367299,8508100
2016-07-28,105.60095977783203,105.93944620733603,105.08947121371362,105.15716620409084,7336100
2016-07-29,106.48098754882812,106.57124750078859,105.47304649322484,105.64604856035355,8766700
2016-08-01,105.32649230957031,105.87659524319247,105.20591833824943,105.33402387081532,9809300
2016-08-02,104.24137878417969,104.94219362911134,103.6159140685195,103.86459364211235,10051200
2016-08-03,104.30165100097656,104.58046828703897,103.92486591232213,104.44483117443619,4930600
2016-08-04,105.08540344238281,105.62044355429637,104.9497662723213,105.09294650643506,5646000
2016-08-05,103.9926986694336,104.88190608077169,103.85706153830877,104.78394976337152,7778600
2016-08-08,104.18862915039062,104.39962792181963,103.4802827026336,103.6912814740626,5185200
2016-08-09,105.21346282958984,105.28882444556857,104.45989266407535,104.52772271788349,5503200
2016-08-10,105.62042999267578,105.88417273345534,105.10046457705681,105.42449432964732,5843500
2016-08-11,104.67845153808594,105.56012739582691,104.39962271230559,105.54505277045688,7624600
2016-08-12,105.56013488769531,106.14791883457247,105.40188005650336,105.80881448038501,7989600
2016-08-15,104.56536865234375,105.2209823688092,104.55783709185678,105.00244063046551,5108600
2016-08-16,104.28659057617188,104.85929984941484,104.16601657173021,104.7311942816593,6182700
2016-08-17,104.91204071044922,105.07782706887745,104.3694692644238,104.46743706674094,5002000
2016-08-18,105.07782745361328,105.31896393130286,104.58799993880244,104.89696647141982,3805200
2016-08-19,104.52776336669922,104.78397456295333,104.06808492703264,104.47500791528489,5516300
2016-08-22,105.40943908691406,105.60536326602897,105.02511079518703,105.23610960302544,5549700
2016-08-23,105.52243041992188,105.94442787708941,105.25114469766157,105.70329140095153,6841400
2016-08-24,105.27374267578125,105.64299617129983,105.04013778010176,105.575177620664,6027800
2016-08-25,104.8743896484375,105.33406804563151,104.71614630596098,104.94220822378458,5855500
2016-08-26,104.26399993896484,106.01982033285908,104.15850054398531,105.29638769687682,12962500
2016-08-29,105.65808868408203,105.76358805801316,104.9045184421256,105.03262400342987,7310400
2016-08-30,105.25118255615234,105.69578635855001,105.25118255615234,105.62796777823289,5161800
2016-08-31,105.40190887451172,105.62798233863788,105.00251740393757,105.24366549862523,7349700
2016-09-01,105.51809692382812,105.76722881285913,104.6121701124782,104.6499079433593,9149100
2016-09-02,104.65754699707031,104.97462105432245,104.31026882798838,104.9066790819456,8397000
2016-09-06,105.41999053955078,105.75216651644257,104.56690328248673,104.71790074070208,8542600
2016-09-07,105.34454345703125,106.00889573652253,105.34454345703125,105.97114635346155,5421800
2016-09-08,104.02330017089844,105.1406209821952,103.62318242073263,104.83109245260013,14301500
2016-09-09,102.30962371826172,102.76258147817266,102.22657973435494,102.72484363779556,13347700
2016-09-12,102.36248016357422,102.5436702085384,102.03786095910537,102.15865432241482,9096600
2016-09-13,101.19989776611328,102.67203120373915,100.67898635291682,102.57388513473354,15645400
2016-09-14,101.35087585449219,101.84913990828703,101.19988988896093,101.19988988896093,7037700
2016-09-15,100.91300964355469,101.19989104498471,100.42984763664096,100.86771500532699,9874500
2016-09-16,101.72830200195312,101.77359661983813,101.32818418465459,101.59996341145036,7507900
2016-09-19,101.3961410522461,101.81890624078177,101.3508464276869,101.55468375769068,7105900
2016-09-20,101.7509994506836,102.35495486556121,101.66795543714429,102.03032407827429,6054800
2016-09-21,102.5738754272461,102.58897747939271,101.29802272888519,101.61510822651134,10698100
2016-09-22,103.38921356201172,103.64589085132747,103.04949226503608,103.17783090969397,12426200
2016-09-23,103.29106140136719,103.68362253471038,103.20801740787371,103.44959260381654,5928800
2016-09-26,103.9478530883789,104.05354439297331,103.44204387928511,103.47979324224488,8661300
2016-09-27,104.71036529541016,104.785864039904,104.14415927017959,104.62732128426336,9450400
2016-09-28,104.48384094238281,105.05004675280647,104.34795707723475,104.55933965823398,7958700
2016-09-29,104.74808502197266,104.9896717203865,103.76665921877013,103.8497032064139,8319800
2016-09-30,103.81196594238281,104.66505323127384,103.3288040087386,104.5971112842354,11747100
2016-10-03,103.4693374633789,104.19539009415753,103.43152017861277,104.12731436549245,7588800
2016-10-04,102.25934600830078,103.4921073771075,102.22152869362529,103.32572042471472,12048700
2016-10-05,101.78280639648438,102.16095621447984,101.43490348623324,102.11558008275505,8917700
2016-10-06,101.2155990600586,101.8660173203724,101.102147171037,101.3214805656809,7839900
2016-10-07,101.28363800048828,101.56346515120174,100.65590796654493,101.29119684178312,9953200
2016-10-10,100.68619537353516,100.7088834441614,100.21728165341514,100.47443235421092,6089100
2016-10-11,100.45934295654297,101.00387994790538,100.26270908641573,100.48203103616443,9670400
2016-10-12,100.55766296386719,100.60303912189272,100.01312598711411,100.33832947977933,7582400
2016-10-13,100.93575286865234,101.29120307483433,100.86767713194679,101.07188126163058,7080600
2016-10-14,99.5214614868164,100.55002940331369,99.47608535730001,100.03575121517308,11415100
2016-10-17,100.1567611694336,100.39122376421822,99.89962204766408,99.90719243020968,10595900
2016-10-18,100.48197174072266,100.50465980695566,99.70298402614466,99.72567209237768,7151000
2016-10-19,100.565185546875,100.7920777954099,100.07359529189868,100.11140104980521,6941300
2016-10-20,100.6711196899414,101.15515135443962,100.5122915708634,101.07195787115594,6082300
2016-10-21,100.8222885131836,101.1323740901823,100.48951487349863,100.98111649220232,9222700
2016-10-24,100.38370513916016,100.92824211320831,100.05093126166149,100.89799518808263,6507500
2016-10-25,100.64839935302734,101.01142010000952,100.20218514942202,100.23243206991158,5134700
2016-10-26,99.9677505493164,100.43666450027753,99.82406321135423,100.17952521311399,5842500
2016-10-27,98.87864685058594,99.12822718668748,98.36435695007427,99.12822718668748,10044700
2016-10-28,98.65930938720703,99.02233007019412,98.56855710151513,98.61393324436108,7541000
2016-10-31,99.26436614990234,99.29461306950786,98.85596926401148,98.99209771256805,7047500
2016-11-01,99.27188110351562,99.71895814749051,98.41563959288487,98.62780665412414,12622400
2016-11-02,99.7038345336914,100.10543743579444,99.28707353276137,99.49166739908006,8666200
2016-11-03,98.93851470947266,99.3022281328141,98.84000441393053,99.07490290738522,6085400
2016-11-04,99.8250961303711,99.86297404163861,99.36287230291659,99.46895589140235,7622600
2016-11-07,98.97642517089844,99.26437132197985,98.84003692811991,99.0749354988463,5386700
2016-11-08,98.57479858398438,99.42347873105042,98.28686406398622,99.27950568993019,7576500
2016-11-09,94.39207458496094,96.5137579561348,94.12686560884472,96.40009531462154,31233500
2016-11-10,92.9977798461914,94.68754311560558,92.99020079919629,93.93737933442095,22961200
2016-11-11,92.47494506835938,93.24026702317883,92.17942579710507,93.17206715536344,10040200
2016-11-14,91.92178344726562,92.94474092148296,91.4822969871334,91.8990520867042,21174400
2016-11-15,92.37648010253906,93.05844438581006,92.27796978255213,92.61137865428253,11963700
2016-11-16,93.20996856689453,93.30847307623884,92.57346143717345,92.67197172763808,9149500
2016-11-17,91.83846282958984,92.52801183620502,91.67933746986046,92.4067701633896,11221600
2016-11-18,91.57325744628906,92.42193184553011,91.18680682561164,92.16429617137138,13577700
2016-11-21,91.80058288574219,92.05063951027893,91.60356804994463,91.84604562434109,6488100
2016-11-22,91.77024841308594,92.2627824829247,91.59596499226795,92.1870093447464,9989900
2016-11-23,91.4141845703125,91.6187785733164,90.36092146188408,90.92165008955737,13563500
2016-11-25,91.55052185058594,91.90666203544332,91.23227113348318,91.8308888810552,3126300
2016-11-28,92.22492218017578,92.2400802812756,91.75511932515039,91.99760269377384,8555000
2016-11-29,92.61136627197266,92.74776026661515,91.84604409197198,92.02032755556232,8363000
2016-11-30,91.11104583740234,91.69451137141432,90.53516513564986,90.90645770567068,21163500
2016-12-01,90.14903259277344,90.34644059924197,89.32141699103174,89.98199059281667,21715700
2016-12-02,90.80958557128906,91.27274529813677,90.46031862515969,90.48309602273787,12487500
2016-12-05,90.71087646484375,91.41700471405355,89.93641023392868,90.3008659530935,12100100
2016-12-06,90.64251708984375,91.06771629398575,90.44510917334736,90.61214530434604,11526600
2016-12-07,91.4170150756836,91.58405705786632,90.97663272135236,90.97663272135236,10392200
2016-12-08,90.3388442993164,90.58940148508167,90.18698531555029,90.46792009089668,12041100
2016-12-09,89.21509552001953,90.24771325925187,89.04805356325741,90.08067130248975,14646400
2016-12-12,89.3821792602539,89.44292287162266,88.74438292654132,89.04050079092693,9496300
2016-12-13,89.70106506347656,89.96681109413046,89.16957300216876,89.89847888317475,12189200
2016-12-14,88.69881439208984,90.5134875029735,88.68363138801139,90.41478349439173,16618400
2016-12-15,89.14682006835938,89.81498252781103,88.85829076202637,89.26070711787966,12400500
2016-12-16,88.9417495727539,89.53398498727283,88.68359805066166,89.29861085915032,14924600
2016-12-19,89.89845275878906,90.0351229338133,89.39732685275773,89.57955761467493,10868300
2016-12-20,89.45048522949219,89.51882322043589,89.12399565522942,89.31381504043271,7030600
2016-12-21,89.84529876708984,89.89844795493543,89.38973347229526,89.53399224340356,4624700
2016-12-22,89.68470001220703,89.82934233724089,89.44870953072714,89.47154656983867,5177800
2016-12-23,89.86734008789062,90.12616741305773,89.79120893767318,90.01197649572288,4461600
2016-12-27,89.578125,89.6009620395472,89.24317207331475,89.38780859311227,5276600
2016-12-28,90.23277282714844,90.49921451389832,89.6009212500036,89.72272648279964,7578600
2016-12-29,90.55252075195312,90.79612545770858,90.33175888785746,90.43833558362581,8581400
2016-12-30,90.6895523071289,91.08541359945278,90.377436488176,90.42311055729239,10613900
2017-01-03,91.07781219482422,91.34425398232922,89.9663651612352,90.14145879759299,13217300
2017-01-04,91.4279556274414,91.53453229810977,90.9331320519138,91.16912822953054,6699600
2017-01-05,92.85919952392578,92.89725932694881,91.48130455536337,91.69445803788216,13265800
2017-01-06,92.00656127929688,92.52422212185968,91.92282159829439,92.21210043666939,8369300
2017-01-09,92.74491882324219,92.87433248278393,92.46324867483561,92.78297858946502,8839100
2017-01-10,92.68405151367188,92.80585675113653,92.3262558886112,92.53180077483445,8417900
2017-01-11,92.99617767333984,93.39964737838729,92.42522866250056,92.828698367548,9402500
2017-01-12,92.7906723022461,93.74225439231589,92.74499822048152,93.48342685165507,9977600
2017-01-13,92.34903717041016,92.68399556324064,91.82376837291403,92.36426571989693,9820000
2017-01-17,93.3158950805664,93.58995103327234,92.86674556607886,93.4909828343551,7853300
2017-01-18,92.12074279785156,92.84394272333574,92.0446174069577,92.6993004150409,9064700
2017-01-19,91.48887634277344,91.79338366549874,91.00928122987709,91.72486675908834,11795600
2017-01-20,91.30619812011719,91.58786267560944,90.81137431744742,91.23006691355599,16953200
2017-01-23,92.21969604492188,92.7754223783161,91.3670766510002,91.61068136240719,13118400
2017-01-24,91.58780670166016,92.21204388118802,91.19956566385073,91.93798796744485,8395000
2017-01-25,90.43836975097656,91.04737884144988,90.25566179663771,90.80377404366125,11115100
2017-01-26,90.74285888671875,90.78853877300647,90.08056151950188,90.5220969696436,7827900
2017-01-27,91.0701675415039,91.22242408929817,90.78088881268494,90.89507977153228,7197800
2017-01-30,90.79615783691406,91.26053038036139,90.74286947002648,90.92557742049507,6569500
2017-01-31,91.4279556274414,91.65633752629815,90.78088132467127,90.84178393876546,13298500
2017-02-01,90.86265563964844,91.19070744615304,90.4659446697236,90.86265563964844,10975500
2017-02-02,90.82450866699219,91.65607842171698,90.78636080902213,91.4958678952254,6978600
2017-02-03,90.78636932373047,91.45010369905698,90.38202760172733,91.12205187960316,10275600
2017-02-06,91.33568572998047,91.64847614438706,90.87794039493184,91.36620286172341,8433800
2017-02-07,92.00702667236328,92.31982284444248,91.14493970096721,91.38144014875141,8418400
2017-02-08,93.25822448730469,93.2811108824528,92.62501287953089,92.63263779754818,15734200
2017-02-09,92.18250274658203,92.7623106970259,92.05280932244698,92.62499235656298,16890600
2017-02-10,92.12911987304688,92.27406898286338,91.63322663492151,91.63322663492151,7978500
2017-02-13,91.83919525146484,91.86208746353894,91.45773987122368,91.74001894799912,11536800
2017-02-14,91.17547607421875,91.77817633599406,90.65669647044682,91.73239772764362,13210500
2017-02-15,90.755859375,90.95421779375029,90.51935891223225,90.60327955783634,8481000
2017-02-16,91.25178527832031,91.70953071472556,90.8779605176534,90.95425045362944,10005800
2017-02-17,91.79344177246094,92.0833458270137,91.64848683491034,92.014686637994,7886400
2017-02-21,91.63324737548828,92.01470290337873,91.24416110728617,91.30519538868052,8703800
2017-02-22,91.7857666015625,92.1748526126361,91.23647007311638,92.15959696264397,8101500
2017-02-23,92.06044006347656,92.11384358388437,91.80105319879493,91.98415015154356,5330800
2017-02-24,93.0827407836914,93.18191708424573,92.51055773012651,92.57921690269173,11336000
2017-02-27,92.53343200683594,92.99880796178714,92.4876592311182,92.93014297766427,11039800
2017-02-28,92.87675476074219,93.13614744713405,92.55633363685861,92.6936578071726,8410500
2017-03-01,91.32047271728516,91.38162451234261,90.92299188116786,91.29754225207765,10717100
2017-03-02,90.9917984008789,91.12174160482904,90.6707601916762,90.96886793332968,8201200
2017-03-03,91.22872924804688,91.22872924804688,90.61722889849068,91.13700740307877,9515200
2017-03-06,90.7930679321289,91.0529602003236,90.59432747195149,91.0529602003236,4489200
2017-03-07,90.51787567138672,90.71661609872594,90.3879324746388,90.56374243569972,7080100
2017-03-08,90.0287094116211,90.15865266099371,89.608303752164,89.66944974308366,11336300
2017-03-09,89.31016540527344,89.79937401981297,89.25665903314903,89.69235544380697,10575400
2017-03-10,89.62356567382812,89.67707204693026,89.1878692552086,89.53948339727371,9218500
2017-03-13,89.0578842163086,89.50122002877545,89.04259335588466,89.30248549730065,6993100
2017-03-14,89.48594665527344,89.69997207504808,89.21076944934738,89.2566303730833,9869200
2017-03-15,90.57904815673828,90.83129500692321,89.76116162606166,89.86052894654766,14600500
2017-03-16,90.12043762207031,90.31153269513163,89.91405167737913,90.18922904912814,8018200
2017-03-17,90.68602752685547,90.77010977929675,90.21975533850137,90.28090712786877,7266800
2017-03-20,91.07589721679688,91.13704902920965,90.57904894651925,90.61727028721668,5497800
2017-03-21,91.8326416015625,91.9549452392525,90.97653363300782,90.99946993889351,12540700
2017-03-22,92.19952392578125,92.6199294551178,92.0542898498113,92.2759607645918,11661400
2017-03-23,92.06957244873047,92.5052688333549,91.77146470302728,92.36004059298465,6746500
2017-03-24,92.39827728271484,92.56644186126333,92.03137804929831,92.13074537673234,5819600
2017-03-27,92.81864929199219,93.23141512802711,92.63519975322856,93.12440241110203,6878500
2017-03-28,92.19952392578125,93.11677765502189,92.10015078674624,93.09384718655443,6811200
2017-03-29,92.7498779296875,92.7804538332989,92.3982637857922,92.44413055708797,6291000
2017-03-30,92.00079345703125,92.55878768944454,91.97021755183965,92.54350265272755,7042400
2017-03-31,92.2683334350586,92.34477028886675,91.8861433342597,91.93964971510123,5144800
2017-04-03,93.19898986816406,93.3521929986422,92.22617482706087,92.264471226604,12996500
2017-04-04,92.69345092773438,93.1377254762914,92.64748705821937,92.96921076841276,6976700
2017-04-05,92.97687530517578,93.08411460397859,92.19555957902625,92.34875690757212,8555200
2017-04-06,92.8390121459961,92.99987696736883,92.31813295308278,92.8696527860621,6497000
2017-04-07,92.46365356445312,93.64329164101888,92.44833616994589,93.32922953464019,10270000
2017-04-10,92.89259338378906,93.16069741245013,92.68577645401561,92.79301572783919,5314500
2017-04-11,93.77348327636719,93.94966540565586,93.23728695957824,93.29856820838314,11297400
2017-04-12,94.28671264648438,94.36331713934005,93.67391761235494,93.84243814607377,11532500
2017-04-13,94.57781219482422,94.78462916695273,94.14885501168168,94.56248895593866,8396700
2017-04-17,94.28671264648438,94.63907695013411,94.1105363387618,94.57013407538444,8015000
2017-04-18,95.51995086669922,95.73443522159191,94.63905781796254,94.87651533432448,11529700
2017-04-19,94.99910736083984,95.11400827558727,94.75398813662689,95.06038862791891,7344000
2017-04-20,94.63145446777344,94.92253179105506,94.32505390194268,94.61613122522431,7932900
2017-04-21,94.63145446777344,95.16765107489873,94.59315220550533,94.84593311062356,9798500
2017-04-24,94.16413879394531,94.34032091361993,93.80411878198937,93.87306164415813,8066400
2017-04-25,93.03047943115234,93.80413925265115,92.97685979069811,93.61263970187143,8122300
2017-04-26,93.54371643066406,93.55903382557479,93.01517572264169,93.08411276589503,5766200
2017-04-27,93.51306915283203,93.71988611200149,93.13007002213803,93.26028832398929,4978300
2017-04-28,93.7198715209961,93.78881439272101,93.10707651375193,93.1453729143973,8166300
2017-05-01,92.94072723388672,93.75437888958548,92.65671398788551,93.40896228081291,8795900
2017-05-02,93.41667938232422,93.47808863120704,92.83330908686222,92.8563360911162,6727800
2017-05-03,93.47808837890625,93.94632365183453,93.30154410923,93.81583339054194,8932900
2017-05-04,93.01753997802734,93.04824460543988,92.62606329890349,92.88704970375568,9707200
2017-05-05,93.10198211669922,93.24015002062352,92.79494167949973,93.17106314050675,5605400
2017-05-08,92.59535217285156,92.98682882450032,92.5185935378618,92.96380181963424,8057800
2017-05-09,92.58769226074219,92.59536402580729,92.21924256679496,92.40346448561397,5536700
2017-05-10,92.48017883300781,92.92538107401981,92.23454778902305,92.81024609739104,6517000
2017-05-11,92.48017883300781,92.54925981898508,92.04264835290039,92.11172933887765,7479800
2017-05-12,93.1787109375,93.25546955815385,92.86399883592702,92.88702583649244,7463900
2017-05-15,92.92542266845703,93.04056355293015,92.68746913517225,92.92542266845703,5173200
2017-05-16,93.27083587646484,93.56252101212402,92.96379550106629,92.96379550106629,6722700
2017-05-17,94.6294937133789,94.82907086100634,93.94633186651335,94.13055377246471,11236400
2017-05-18,94.73693084716797,95.13608503231815,94.56038661075348,94.99023955817015,8350500
2017-05-19,94.95952606201172,95.01325767541553,94.42220992797355,94.69086799499263,11277400
2017-05-22,94.69853973388672,94.84437932903921,94.61410351002176,94.72924434768363,4062900
2017-05-23,94.06147003173828,94.89047736899137,94.01541602066042,94.80604111114289,7901300
2017-05-24,94.591064453125,94.61409144646011,94.06142018119534,94.26099721727552,7355200
2017-05-25,94.62177276611328,94.62945038343581,94.230302127256,94.42987332719285,6464800
2017-05-26,94.78300476074219,94.98257602660914,94.60645464183584,94.83673638713837,2963800
2017-05-30,95.25123596191406,95.28961820562718,94.98257782484683,95.20518195450488,4819400
2017-05-31,95.48918151855469,95.6810809967446,95.20516818256301,95.2205234203503,8000200
2017-06-01,95.4991683959961,95.52993806269758,95.12225024915217,95.1530140471398,9037300
2017-06-02,96.62995910644531,96.74533805698347,96.19150148825322,96.32226821134027,13245000
2017-06-05,96.02994537353516,96.27610274909838,95.98379379997448,96.07610281581069,6775500
2017-06-06,96.55306243896484,96.82229572505918,96.46075924941711,96.68383507202003,12841500
2017-06-07,96.09146881103516,96.55300207638713,95.99147179530162,96.33762027713713,12852400
2017-06-08,95.83765411376953,96.06072986825957,95.61458422799525,96.06072986825957,8758600
2017-06-09,95.6915054321289,95.87611762347059,95.36843263010202,95.44535388743475,5130500
2017-06-12,95.66069793701172,96.14530694846702,95.49146771655364,95.5453131622709,4335800
2017-06-13,95.67615509033203,95.78384606647239,95.37615796126703,95.3915457399831,4742600
2017-06-14,97.1530532836914,97.46843226587657,96.71459556884676,96.86074422798364,20212300
2017-06-15,96.9991683959961,97.17609254049103,96.79148044862053,96.99147451091855,5863700
2017-06-16,97.19144439697266,97.26067760383886,96.92991107233206,96.9837565138,6672500
2017-06-19,97.05304718017578,97.29151074974514,96.94535622697032,97.16843202110071,5641300
2017-06-20,97.92224884033203,97.99917009117094,97.52994283172372,97.52994283172372,8405700
2017-06-21,98.12224578857422,98.1837851385313,97.62225470914026,97.77609721531758,5914800
2017-06-22,98.33763122558594,98.36071288419691,97.9299432875266,98.23763417980092,6608100
2017-06-23,98.29147338867188,98.38378241109257,97.99917028741255,98.05301574997914,4329900
2017-06-26,98.66070556640625,98.8991749614442,98.58379017802785,98.6684053214461,5541600
2017-06-27,97.60684967041016,98.06838297601115,97.39916173693975,98.02223140606537,8354200
2017-06-28,97.28379821777344,97.46841040664269,96.90687995378995,97.43764073037853,7357900
2017-06-29,96.46842193603516,96.70687959019594,96.07611590119349,96.16073104338906,9115800
2017-06-30,96.2453384399414,96.45302640125169,96.03764460991596,96.29918390166742,10189800
2017-07-03,95.93547058105469,96.38254392999741,95.59631067760272,96.3517106768798,11021100
2017-07-05,95.95858764648438,96.08192065072366,95.67339036565335,95.73505098693167,11394500
2017-07-06,95.16466522216797,95.30341193291613,94.7561348740879,95.21091216546995,10853100
2017-07-07,94.59424591064453,94.83319624471909,94.49403637892986,94.68673977888446,9401800
2017-07-10,94.73302459716797,94.88718501687468,94.56344460698475,94.70990112229626,3859200
2017-07-11,94.89488983154297,95.06446981284363,94.58656312743656,94.7021863765818,4425600
2017-07-12,95.5500717163086,95.61173822769265,95.18778831297996,95.49611498905809,7839900
2017-07-13,94.9488525390625,95.31113599812372,94.66364929066805,95.27259295236878,7449300
2017-07-14,95.06446075439453,95.70423757530516,94.90259057335247,95.65798475154872,6566800
2017-07-17,95.32650756835938,95.5731676620133,95.01818098108184,95.0644337917198,4737300
2017-07-18,96.15904998779297,96.17446368078063,95.75822928082617,95.9123897340801,9163000
2017-07-19,96.19754028320312,96.3594104345974,96.03566425096774,96.1821207178278,5140900
2017-07-20,96.47503662109375,96.91440015435661,96.3285801497257,96.72940064920499,12239100
2017-07-21,96.88356018066406,97.14563397351475,96.79106043450687,96.91439342938311,6201500
2017-07-24,96.50587463378906,96.86045411734544,96.4750472603721,96.69857806227573,5378500
2017-07-25,95.24946594238281,95.72737264012979,95.17238573457662,95.68882959580526,9743300
2017-07-26,95.40361785888672,95.65027803039833,94.87176035581497,95.01821097334718,8459500
2017-07-27,94.93338775634766,95.10296177621296,94.67130812411953,94.89484473133648,6390800
2017-07-28,95.49607849121094,95.57315866056048,95.01046813155283,95.01817203189981,5491800
2017-07-31,95.61173248291016,95.61944226658048,95.11841218316295,95.16465912350117,5464600
2017-08-01,96.28303527832031,96.33710927638863,95.13975477812608,95.15520196602112,9676800
2017-08-02,96.33712768554688,96.6924720112738,96.31395395246413,96.38347515171237,5745600
2017-08-03,97.33363342285156,97.34908061273977,96.76199309899572,96.78516683064028,10324500
2017-08-04,96.50703430175781,96.70015651833111,96.12851640748838,96.67698279532189,8485500
2017-08-07,96.61518859863281,96.63836232315963,96.25984440410201,96.43751355455605,4684600
2017-08-08,96.26751708984375,96.54561341583924,95.90444655903744,96.46063921102842,6197400
2017-08-09,96.79290008544922,97.2950133555708,96.71564644977671,97.27956616461127,9221800
2017-08-10,97.61946868896484,97.67354270074463,96.96284811126357,97.0401017511992,10378200
2017-08-11,97.6657485961914,97.68892231469121,96.98596064783894,97.15590321471116,5717800
2017-08-14,97.16365051269531,97.5498949532092,97.12502960481739,97.32587247047644,5111000
2017-08-15,96.75424194335938,96.9782644483073,96.33709719900354,96.35255027858507,7473200
2017-08-16,97.10958099365234,97.349050671827,96.41433979002288,96.42979286878281,5283800
2017-08-17,97.83570861816406,97.85888233940236,96.95507184937777,97.10184071509423,9364700
2017-08-18,97.81256866455078,98.22198693076152,97.53447212644087,98.0906652026607,8382500
2017-08-21,98.05204010009766,98.1215612890246,97.71986955676843,97.92843901717329,7669800
2017-08-22,97.67351531982422,97.95933249041168,97.54218770492402,97.94388530293003,6140700
2017-08-23,98.33786010742188,98.34558075464507,97.92071530603944,98.13701130076578,7446400
2017-08-24,97.97474670410156,98.34553799280101,97.8897724726035,98.01336760429623,5569400
2017-08-25,98.353271484375,98.45369290432699,98.00565388993824,98.12152249233604,7303300
2017-08-28,98.29150390625,98.4073784411007,97.8975387388307,98.04430764892619,4448500
2017-08-29,98.60824584960938,99.2803135636658,98.34559646147679,99.23396609842908,7659400
2017-08-30,98.57733917236328,98.67776063839545,98.36876380509531,98.46146462317267,4735200
2017-08-31,98.87088775634766,98.90178803055085,98.54644371765127,98.60051772410067,7978400
2017-09-01,98.1146011352539,98.57130531958052,97.86689586960435,98.54808387370078,14128600
2017-09-05,99.67046356201172,99.70143335378654,98.84220471051425,98.84220471051425,15215700
2017-09-06,99.0589599609375,99.85626094448767,98.88091906769665,99.6395196175915,9066400
2017-09-07,100.07300567626953,100.29749536559633,99.33763244845741,99.33763244845741,13618900
2017-09-08,99.85629272460938,99.98014832554429,99.52344408505705,99.9414419738121,9808500
2017-09-11,98.6642074584961,99.12091759695278,98.50939386572841,98.98158300115786,17856700
2017-09-12,98.14553833007812,98.37775863145677,97.94427601094374,98.3468006492125,7557400
2017-09-13,97.75855255126953,98.24622076853885,97.75081009855575,98.2384842215861,6740000
2017-09-14,98.1610336303711,98.17651852982377,97.78947872412937,97.82044261727597,6674500
2017-09-15,98.1997299194336,98.31584303040586,97.9520247053799,98.3081005814722,9769200
2017-09-18,97.63462829589844,97.97522510674014,97.4101445710943,97.92103978735686,6863000
2017-09-19,97.3946762084961,97.77397348556207,97.32501189272699,97.75075204697237,5554900
2017-09-20,97.46435546875,97.57272612939043,97.0153879285207,97.51079835023646,8037000
2017-09-21,97.41017150878906,97.96750975128955,97.39469251572339,97.65788264390797,6147800
2017-09-22,97.68881225585938,98.09907927491716,97.58044161860089,97.92103842470289,5660700
2017-09-25,98.30036926269531,98.51711061131329,97.68884565437529,97.78173733482248,9679000
2017-09-26,98.12234497070312,98.22297320618874,97.86689725090179,98.1300815155993,7251900
2017-09-27,96.64380645751953,96.99214571132526,96.45802906561057,96.6592913518701,12145700
2017-09-28,96.3573989868164,96.48899105743294,95.96261686921012,96.14839425747797,8883700
2017-09-29,96.57414245605469,96.78314128439455,96.19483931810345,96.57414245605469,11285500
2017-10-02,96.3973159790039,96.95578223149111,96.36628941856448,96.80840754883162,7860700
2017-10-03,96.49040985107422,96.575731425403,96.11809698875662,96.11809698875662,6219800
2017-10-04,96.49818420410156,96.63779489352893,96.08708658695042,96.59125799705313,7447000
2017-10-05,96.13359832763672,96.4128314516606,95.9396867647152,96.38955709323255,8180300
2017-10-06,95.86213684082031,96.25771816634096,95.42777674547996,95.62944646876475,10375000
2017-10-09,96.16460418701172,96.22665137632949,95.90088144099873,96.0094714194423,3590900
2017-10-10,96.31975555419922,96.85495338255097,96.19564930855356,96.2887289927878,6666800
2017-10-11,96.50592041015625,96.69207980062531,96.38182006755575,96.62226854977136,4385900
2017-10-12,96.91697692871094,96.94025128237149,96.36626891294567,96.60672322575759,7141600
2017-10-13,97.61509704589844,97.68490829824313,97.0876572637309,97.405675124289,7746900
2017-10-16,97.54530334472656,97.6538933789136,97.25055389389347,97.36690204986901,5737300
2017-10-17,97.66940307617188,97.80126155716275,97.25831138972208,97.25831138972208,4969600
2017-10-18,97.02559661865234,97.0954078655909,96.7075847004332,96.99457597302617,5943800
2017-10-19,97.1962661743164,97.73922230372982,97.16523960254591,97.52979442370736,8966500
2017-10-20,96.16460418701172,96.39729446180084,95.90088144099873,96.18011450491366,12326900
2017-10-23,96.33527374267578,96.5602118929931,96.19565716377925,96.30425309644276,6871100
2017-10-24,95.738037109375,95.93970683395902,95.52085706030569,95.69150021820658,6842800
2017-10-25,95.2803955078125,95.3889914419217,94.9546254586211,95.03994703117772,9961400
2017-10-26,94.96240997314453,95.45106518274926,94.96240997314453,95.45106518274926,8179400
2017-10-27,95.59063720703125,95.66044844309975,95.2105722213146,95.35794689479513,10480900
2017-10-30,96.50592041015625,96.53694697523443,95.838864055256,96.07156033448621,9051600
2017-10-31,96.53691864013672,96.69205141999369,96.49038176503485,96.59121363365904,4424300
2017-11-01,96.96680450439453,97.26994674545963,96.61702682016387,96.6558877127203,8940400
2017-11-02,97.39430236816406,97.56530094620973,97.09892878830286,97.16111332408876,7222700
2017-11-03,97.65853881835938,97.70517423648575,97.26989451999587,97.5264011801737,10984100
2017-11-06,98.02392578125,98.1094280539707,97.72078351623844,97.8840135104566,6246700
2017-11-07,98.43585205078125,98.54467200713826,98.03943310677052,98.11716673009083,6422700
2017-11-08,98.21824645996094,98.5602555453066,98.10165191447993,98.39701962348623,3356200
2017-11-09,97.93836975097656,98.12491736622502,97.5885922311055,97.83732436151736,6280400
2017-11-10,96.46153259277344,97.03672460673202,96.35271264230134,96.93567920422008,11981000
2017-11-13,96.66363525390625,97.01341284040325,96.6247684419653,97.00564422220937,5880800
2017-11-14,97.31658172607422,97.34767399811831,96.98234721440586,96.98234721440586,6195900
2017-11-15,98.37361907958984,98.45912127894188,97.65851516704556,97.9849748753497,9568200
2017-11-16,97.5186538696289,98.19489727253564,97.5108793210227,97.9461650893245,5894900
2017-11-17,98.2414779663086,98.28034475744109,97.9072437253842,97.99274592168392,6938800
2017-11-20,98.20262145996094,98.23371371007528,97.86839311427245,97.86839311427245,4232300
2017-11-21,98.5135726928711,98.9410838695628,98.17933829934188,98.78562256429198,5818400
2017-11-22,98.83231353759766,98.8711744357428,98.33484897147468,98.42035124973758,4140700
2017-11-24,98.56022644042969,98.73899955116319,98.47472419434212,98.66127185387718,3141400
2017-11-27,98.42028045654297,98.75451477745433,98.26481918504865,98.60682805209501,6079900
2017-11-28,98.55244445800781,98.85558660572806,98.30371228730806,98.53689536157755,5983000
2017-11-29,97.5808334350586,97.68965338903872,97.2388244766966,97.59637660123745,14547100
2017-11-30,97.2543716430664,97.5652824024151,96.725815049834,97.40205247468425,9630000
2017-12-01,98.56678771972656,99.45470613245183,97.43741363873112,98.03715165403483,24583100
2017-12-04,98.61351013183594,98.66024079942734,97.99040683296771,98.07608368512092,9609200
2017-12-05,99.10424041748047,99.30674996361887,98.48892729285848,98.50450814998383,10958900
2017-12-06,99.44695281982422,99.8753313339858,99.43137790429456,99.59494125795875,11834200
2017-12-07,98.66807556152344,99.77408471111981,98.37210462986025,99.64167118952143,13056800
2017-12-08,98.67581176757812,98.71475200588652,98.32531396868538,98.5979194062556,4786100
2017-12-11,98.47330474853516,98.9873598802719,98.45772984129896,98.80822170646705,3863800
2017-12-12,98.43438720703125,98.45775848821508,97.88138573277517,98.2708238928728,7502400
2017-12-13,99.17430877685547,99.22103944768142,98.59793610568408,98.76928982185105,8532900
2017-12-14,99.59487915039062,99.68055598826592,98.75369161980721,98.9562010495445,6885000
2017-12-15,99.96878051757812,100.15570322833551,99.35346156877642,99.54818064895503,7239400
2017-12-18,99.05746459960938,99.6961427765777,98.84717066307543,99.67277744389095,7239700
2017-12-19,97.77232360839844,98.4343671572439,97.41404128716857,98.38763648910412,11045800
2017-12-20,96.6896743774414,97.13363349745724,96.54168602331852,96.82208188252356,10005800
2017-12-21,97.25325012207031,97.45618794788695,96.78493710127458,96.8083518590759,7026900
2017-12-22,97.38592529296875,97.44056170584118,97.19860129953791,97.33128888009632,3974300
2017-12-26,97.67472076416016,97.97912448533562,97.54203318414467,97.54984008735804,3168400
2017-12-27,98.9469223022461,99.11083741268405,98.11176272607844,98.11956962536581,9059700
2017-12-28,98.8611068725586,98.99379443502761,98.63475434868238,98.7596350089704,5297100
2017-12-29,99.01722717285156,99.22016498196945,98.72063034023515,98.73623819251068,7580500
2018-01-02,97.9478988647461,98.74403622247456,97.62008040211536,98.7284224166795,16238200
2018-01-03,98.41618347167969,98.50204151406828,97.94787066632763,98.34593923059106,8605100
2018-01-04,98.4006118774414,98.47086209933158,97.85424772906265,98.07279338841415,9217900
2018-01-05,98.1196060180664,98.48645300668514,97.8464239908785,98.2444926333075,10915400
2018-01-08,98.05718231201172,98.36939295760355,97.69814215380406,98.3381712975521,8850600
2018-01-09,96.74586486816406,97.43272921323906,96.63659207779676,97.41711541180348,16226400
2018-01-10,96.62881469726562,96.73028061166004,95.73901835589331,95.85609212060922,14302600
2018-01-11,97.02684020996094,97.24538576020936,96.24631698483395,96.40242520281113,12511000
2018-01-12,97.19078826904297,97.40153295892367,96.71467438969765,96.86296981247523,9987100
2018-01-16,97.59664154052734,97.78396547934139,97.22198770797863,97.69810743344316,9125900
2018-01-17,97.4639663696289,98.06496681228009,97.253221701158,97.62787558126104,8327000
2018-01-18,96.5585708618164,96.9956621587535,96.42588328309226,96.73028700130521,10843900
2018-01-19,96.05123138427734,96.44149318051436,95.98879402262047,96.31661250227818,11374300
2018-01-22,96.14483642578125,96.5585127191334,95.99653513008191,96.3555750442162,8984700
2018-01-23,96.5585708618164,96.94102574663637,96.19172382834893,96.63662202842342,12325700
2018-01-24,96.03557586669922,96.10582009679439,95.645314264163,95.88727455216123,9038900
2018-01-25,96.8239517211914,96.90200288759448,95.84829725384738,96.12928621683623,12173300
2018-01-26,96.46489715576172,96.71467039416733,96.08244230556622,96.69124968687548,6462900
2018-01-29,95.79363250732422,95.98095644226798,95.45800723163471,95.98095644226798,12223000
2018-01-30,95.23167419433594,95.51266313159113,94.98970785924736,95.44241291981646,12064400
2018-01-31,95.79363250732422,95.94973479395726,95.1770183517588,95.90290529895145,18045100
2018-02-01,94.40534210205078,95.83667560061069,94.35059193383204,95.79757174749489,18632800
2018-02-02,93.52932739257812,94.06118865864245,93.26339377588596,93.9751518385938,23944400
2018-02-05,94.41312408447266,95.28130920711213,92.79407728201602,93.20861494164568,28606200
2018-02-06,93.8265609741211,94.53831918303416,93.63884694969221,94.18634867399362,10935400
2018-02-07,92.93489837646484,94.11594445826294,92.7315380653194,93.9595111545663,16271100
2018-02-08,92.83319091796875,93.21644194418025,92.17618319143062,92.30132979355919,15155100
2018-02-09,92.24665069580078,93.14611723027029,92.12932715777167,92.37961458748305,15661600
2018-02-12,92.65333557128906,93.31034359141059,92.44215804498067,92.73154924890991,10944600
2018-02-13,93.06785583496094,93.08350214791919,92.59856789065296,92.77064152927389,8157600
2018-02-14,92.0354232788086,92.71589470127297,91.87899594752308,92.6533213818307,12043300
2018-02-15,92.3482666015625,92.91923759165638,92.28569329384717,92.44212656313547,8222400
2018-02-16,92.84883117675781,93.23990535708313,92.55943413508244,93.10694156792894,8454100
2018-02-20,92.4421615600586,92.69244891835504,92.12147771210182,92.5125520823976,8268800
2018-02-21,91.30806732177734,92.52040058876969,91.12817640385593,92.48129075409653,12054300
2018-02-22,91.58177185058594,92.02760225755873,91.5113813446344,91.69909532782509,9317900
2018-02-23,92.39525604248047,92.53604309632898,92.07457806652299,92.19971879920882,9072900
2018-02-26,92.4264907836914,93.00528499502774,92.32481362255815,92.8253882066784,8771600
2018-02-27,92.29354095458984,92.80976192932773,91.71475262284305,92.70025562809067,12525700
2018-02-28,92.88021087646484,92.94278424016053,92.48913630435341,92.66121007085435,9311600
2018-03-01,93.51419067382812,93.74931087711813,92.59723264383638,92.81667497791764,12287700
2018-03-02,92.75395965576172,93.20852211568163,92.57370604605998,93.1458226082401,10064300
2018-03-05,92.50315856933594,93.1066308056418,92.1896670421053,93.06744212248039,5658200
2018-03-06,92.5893783569336,93.01259106506936,92.57370646967856,92.76179901350974,5452000
2018-03-07,92.48748779296875,93.01258266924971,92.44829910933731,92.92637234874346,4461800
2018-03-08,93.02044677734375,93.25556100470394,92.68344433670777,92.72262705159018,7086700
2018-03-09,92.40911865234375,92.69125445980755,92.15832063796923,92.47181217658361,6570400
2018-03-12,92.94208526611328,92.99695183916091,92.62859957608045,92.72264289134779,5801300
2018-03-13,93.41232299804688,93.55339394613326,92.6285968374239,92.72264014991076,7455300
2018-03-14,94.23524475097656,94.36064382389581,93.55340672488805,93.57691755622119,10175000
2018-03-15,94.23524475097656,94.43117631789521,93.99229152139164,94.1803841514136,6757900
2018-03-16,93.89820861816406,94.05495740322547,93.69444416661636,93.89037566342706,6084300
2018-03-19,93.60039520263672,94.02360795465874,93.42013559406344,93.42797452818091,8491200
2018-03-20,93.22418212890625,93.43579144473023,93.13013885907637,93.19283835853187,5446000
2018-03-21,93.32608795166016,93.59255190568528,92.56587282028157,92.99692448632752,9742400
2018-03-22,94.25090026855469,94.68978496095528,93.78849877104223,94.29008298503018,12136600
2018-03-23,94.1803207397461,94.2900418649967,93.74927517036244,93.79629680136901,7250400
2018-03-26,93.81982421875,94.39977969475095,93.7884744660805,94.04710544108843,8237900
2018-03-27,94.822998046875,94.92488624397122,93.89820121566106,93.91387908260862,9168500
2018-03-28,95.07377624511719,95.332407197863,94.79163447473147,95.18349738033903,7412500
2018-03-29,95.53622436523438,95.84187710293223,95.23057162753652,95.25408245668922,9694300
2018-04-02,95.72470092773438,96.10169615929185,95.15921706860205,95.30843922947744,12036500
2018-04-03,94.98641967773438,95.41053702975354,94.90002506942665,95.31628673192637,9855000
2018-04-04,94.79008483886719,95.39484120348274,94.71939560593808,95.30844658108961,6654300
2018-04-05,94.08319091796875,94.46018006004006,94.0674795416374,94.32666332189541,7603700
2018-04-06,95.1120834350586,95.15135589162938,94.42093254121612,94.76651098420514,8831200
2018-04-09,95.2691650390625,95.2691650390625,94.52303032663286,94.75079738671336,6307500
2018-04-10,95.09635162353516,95.33196832108291,94.86072893385348,95.19059590570069,6046000
2018-04-11,95.43408966064453,95.73253992248249,95.24558908167172,95.70112315932035,5901300
2018-04-12,94.73505401611328,95.0884820067292,94.57012055435032,95.06492093963921,6622800
2018-04-13,94.95499420166016,95.13563309908982,94.6408325631894,94.65653794865226,4964000
2018-04-16,94.98641967773438,95.00998075415733,94.38951310909977,94.42878556456161,4491300
2018-04-17,95.24555206298828,95.48903038482942,94.89212410101565,94.97066298232818,5590400
2018-04-18,94.48375701904297,95.30056890978025,94.46804564106628,95.26130244910857,8138400
2018-04-19,93.71406555175781,93.87899907521083,93.3135092850089,93.79260446881135,9875800
2018-04-20,93.03862762451172,93.56484500279447,93.01506654669842,93.37635038815236,7579400
2018-04-23,93.06217193603516,93.16427791101147,92.74016061037483,92.93651087962505,7073200
2018-04-24,92.6380615234375,93.0307620911369,92.48883938236361,92.84226749643902,8190800
2018-04-25,92.0176010131836,92.40244589638871,91.84481180256307,92.2139512994096,6603800
2018-04-26,92.66168212890625,92.77948757357353,92.35536999635555,92.46533173160933,6528600
2018-04-27,93.37637329101562,93.42349545820008,93.0229450528577,93.04650613644992,5401800
2018-04-30,93.54120635986328,93.90248990173801,93.41554538501289,93.52550098505603,8321100
2018-05-01,93.20442199707031,93.54288342405859,93.06273781596785,93.48778435392698,7979200
2018-05-02,93.10205078125,93.56646217700778,93.0863107702808,93.38541902146086,4644000
2018-05-03,93.51924896240234,93.91281537467451,93.41692385713644,93.54286198628317,6345300
2018-05-04,93.66092681884766,93.84984300789657,93.26736043301547,93.84984300789657,4283500
2018-05-07,93.51139068603516,93.68455487910609,93.46415862851815,93.64520183741391,3647800
2018-05-08,93.4247817993164,93.66879101386031,93.11780052768184,93.31458370208071,6091200
2018-05-09,92.86593627929688,93.2122706496383,92.86593627929688,92.97613439786193,7832500
2018-05-10,93.61371612548828,93.65307517266437,93.15717760177439,93.31460778513132,7101500
2018-05-11,93.849853515625,93.9521786254733,93.52712616054272,93.92069259043986,4273400
2018-05-14,93.35395812988281,93.66093947187552,93.34608511960556,93.51138830869144,4996200
2018-05-15,92.29135131835938,92.55110666953695,91.85842573306343,92.535360645336,12901000
2018-05-16,91.93709564208984,92.51169911184606,91.92922263411708,92.42511404018217,6518000
2018-05-17,91.47265625,91.95280749845169,91.37819819928463,91.80325041948826,7330300
2018-05-18,92.25982666015625,92.32279871990588,91.70883615071244,91.70883615071244,9606500
2018-05-21,92.30705261230469,92.39363769303947,92.05517037889791,92.19685451052335,4448500
2018-05-22,92.16535949707031,92.37001566843558,91.97644934176535,92.32278963094573,4700700
2018-05-23,92.83444213867188,92.96825327019593,92.61404592078603,92.68488498852939,9634000
2018-05-24,93.57433319091797,93.71601731709674,93.38542302446157,93.42478206159021,8204100
2018-05-25,94.15682983398438,94.32999400942161,94.03875871023646,94.10959778127712,8482800
2018-05-29,96.21910858154297,96.43950479733716,94.79440018276871,95.07776846174596,21668100
2018-05-30,95.57366180419922,95.62089385517743,95.03841126743679,95.24306747408475,11616300
2018-05-31,95.41621398925781,96.01443644209239,95.2036848259208,95.6838361886065,10769900
2018-06-01,94.91207122802734,95.23554231425415,94.557034940063,94.80950238027609,8718800
2018-06-04,94.22566223144531,94.78582411495204,94.17832647262156,94.76215623554016,7156500
2018-06-05,94.44656372070312,94.80159994442228,94.37556008753778,94.64380406078126,5635900
2018-06-06,93.68132019042969,93.96534691313342,93.428852661282,93.94957032600574,7813300
2018-06-07,94.58863067626953,95.0620065571928,93.63398761093902,93.64187891442299,13238300
2018-06-08,94.30455017089844,94.55701756471932,94.233546537932,94.32821804855391,6790600
2018-06-11,94.13099670410156,94.19411507011806,93.83908479504795,93.94164762535075,6844200
2018-06-12,94.15467071533203,94.24934827051962,93.79964041715198,93.83119960221451,6048200
2018-06-13,94.10731506347656,94.39134164972833,93.59448894833878,94.2414370571794,8834700
2018-06-14,94.88842010498047,94.91209401196662,94.2651456649125,94.50183056107375,10078800
2018-06-15,94.9751968383789,95.53535886148399,94.91208448398494,95.33023317592962,7992800
2018-06-18,94.88842010498047,95.11721971811303,94.70696228652018,95.05410735738337,4893700
2018-06-19,95.44068908691406,95.64582079556497,95.22766607658055,95.44068908691406,6133300
2018-06-20,94.60440063476562,95.29868476600824,94.5965093323367,95.28290216115039,6879100
2018-06-21,95.1014175415039,95.26709873002291,94.84895010862277,94.95940423430211,7235800
2018-06-22,95.09353637695312,95.16454604777186,94.72272347866392,94.74639136250383,4082500
2018-06-25,95.30657958984375,95.55115580047608,95.18034282351718,95.19612542895815,8363700
2018-06-26,95.44068908691406,95.48802485841061,95.19611290844921,95.2828931497597,5450000
2018-06-27,96.340087890625,96.39531495407577,95.89827138301878,96.05606127307858,8173400
2018-06-28,96.36378479003906,96.45057106149527,96.11920858100808,96.35589348737024,7109500
2018-06-29,96.03239440917969,96.6477834139522,95.97716734514366,96.38742467522582,11164700
2018-07-02,95.95730590820312,96.27360643778819,95.90986294029116,96.26569726549259,9662000
2018-07-03,96.47127532958984,96.49499680907428,96.09962272985464,96.09962272985464,3808800
2018-07-05,96.7480239868164,96.89035887901066,96.47917254207668,96.51870632534073,3860400
2018-07-06,97.0643081665039,97.19873386636745,96.85080888042228,97.0643081665039,4679900
2018-07-09,96.43966674804688,96.63735383289436,96.39222377822142,96.52664954801426,5952700
2018-07-10,96.43170928955078,96.57404416068742,96.32100506010318,96.36845403910075,5759700
2018-07-11,96.80339813232422,96.90619926464147,96.54244976511465,96.82711961426503,6869100
2018-07-12,96.79551696777344,96.8429599424254,96.58201151597633,96.6057330033023,4824700
2018-07-13,97.04058074951172,97.1591941380369,96.84289377961227,96.95359800012176,4079000
2018-07-16,96.63735961914062,96.7006209379831,96.18663328001796,96.63735961914062,5517100
2018-07-17,96.4554672241211,96.77967084608548,96.39220592078611,96.70059723338171,3764300
2018-07-18,96.06797790527344,96.5028917414178,95.9889043076823,96.4870734021423,6330000
2018-07-19,96.67687225341797,96.82711030223791,96.28940130921407,96.31312882180328,6166700
2018-07-20,95.49071502685547,96.14703117775501,95.44326605198829,96.13912804271675,10469500
2018-07-23,94.31249237060547,95.19022295701976,94.24132796069865,95.19022295701976,11571800
2018-07-24,94.63672637939453,94.74743062319179,94.20972171063556,94.32042595443284,9053500
2018-07-25,94.48650360107422,95.09538311202434,94.3046348879864,94.9055991945455,7357900
2018-07-26,94.30461883544922,94.79487878982536,94.22554523309137,94.66045306252411,6821100
2018-07-27,94.46279907226562,94.78700879811156,94.41535610084672,94.77119045235108,4542000
2018-07-30,94.13856506347656,94.42323486617903,94.0753037666695,94.09111607440661,7111200
2018-07-31,94.65255737304688,94.77907998118239,94.5418531073933,94.72372784835561,6797400
2018-08-01,93.88143157958984,94.18258544100217,93.57235086628296,93.74670532946456,13312600
2018-08-02,94.01612854003906,94.10330574447077,93.75460297315843,94.00820773702856,4451100
2018-08-03,94.48371887207031,94.53919472695358,94.15878454602927,94.17463824537575,6162400
2018-08-06,94.53923034667969,94.97511050029995,94.52337664135997,94.73735933825716,4200200
2018-08-07,94.04786682128906,94.38864892340649,93.96861643516296,94.33317304847654,5346900
2018-08-08,94.14293670654297,94.33313877342086,94.00028364478086,94.03991184665384,5640900
2018-08-09,94.93546295166016,94.96716430740818,94.40447884731542,94.49165606401863,7144100
2018-08-10,95.62493133544922,95.93401192325058,95.32377154990968,95.39510109516365,8457900
2018-08-13,95.4268569946289,95.6566813198806,95.26835016257226,95.30005152898359,7923200
2018-08-14,95.21287536621094,95.54573064769075,95.1256981191923,95.52988298751349,4251200
2018-08-15,95.76761627197266,95.99744660330671,95.55363964427066,95.62496921778221,7649800
2018-08-16,95.75970458984375,95.83895497630539,95.32381839467939,95.74385088470127,5400400
2018-08-17,95.87858581542969,96.20351422273563,95.69630447980654,95.96575701043015,3537600
2018-08-20,96.52050018310547,96.61560425598809,96.32237123274514,96.40162160360613,5603700
2018-08-21,96.19557189941406,96.3144504864483,95.94989392024844,96.18765109431692,4695000
2018-08-22,96.57600402832031,96.72658400907473,96.35410050705114,96.68695578895489,5309600
2018-08-23,96.72655487060547,96.78995153871477,96.51257222068767,96.68692666242346,5328700
2018-08-24,96.91674041748047,96.94844176932936,96.28272547333177,96.38575637844433,6092200
2018-08-27,96.36202239990234,96.58393197008982,96.30654651895986,96.51260238235375,6407400
2018-08-28,95.783447265625,95.9657224892623,95.64079419884085,95.89439897907768,4929300
2018-08-29,95.91026306152344,96.01329398910316,95.59326156673767,95.84686639041584,5613300
2018-08-30,96.1163101196289,96.25896319786143,95.95780938666628,96.14008462493177,5302900
2018-08-31,95.89441680908203,96.62352993202776,95.80723958281504,96.59975542421242,9677500
2018-09-04,95.34001922607422,95.39562009517556,95.11761574966891,95.28441835697289,18343600
2018-09-05,95.08578491210938,95.23670406184206,94.95869988604751,95.12550239152425,9422600
2018-09-06,95.43531036376953,95.63388570532543,95.06993246251132,95.12553331574543,9566000
2018-09-07,94.62512969970703,94.83959448515265,94.51392798134232,94.7839936259703,11212600
2018-09-10,94.97466278076172,94.99849086435147,94.65694085946791,94.65694085946791,6386400
2018-09-11,94.25180053710938,94.65688985996326,94.20413833556783,94.58540564770846,5440000
2018-09-12,94.47423553466797,94.6569215115427,94.4424627430288,94.56160919666559,3347200
2018-09-13,94.61715698242188,94.97459008275534,94.50595530409427,94.79189814833886,4833000
2018-09-14,94.16443634033203,94.45038533808221,93.96586098411879,94.05323462565573,5579500
2018-09-17,94.16443634033203,94.37889505862519,93.82288648524371,93.87054263152243,5433000
2018-09-18,93.17948150634766,93.78315217782901,93.06034116200873,93.7752074681938,10182300
2018-09-19,92.62349700927734,93.02064775331506,92.28989183869514,93.02064775331506,13379600
2018-09-20,93.0523910522461,93.17153744970844,92.51226596911593,92.59963958991915,8657300
2018-09-21,93.01270294189453,93.15567745199638,92.80618285840532,92.83001699345515,6173800
2018-09-24,92.77439880371094,93.14771534254639,92.71085324219237,92.72673660255286,5505500
2018-09-25,92.67909240722656,92.72674855448895,92.45668897328336,92.52023454299258,6650900
2018-09-26,93.33039093017578,93.39393648053716,92.66318083149281,92.87763948891599,9512700
2018-09-27,93.39397430419922,93.44957516827395,93.01270690765845,93.12390863580791,5758500
2018-09-28,93.14773559570312,93.65609413834605,93.10802415614826,93.60843192682475,12807700
2018-10-01,92.46390533447266,93.00523536477125,92.4400241097407,92.86990437558576,22442400
2018-10-02,93.02909851074219,93.24403556511672,92.82211781402769,92.8778426854252,8266900
2018-10-03,91.4130859375,92.63107694739224,90.94339959677995,92.55942720198635,20829200
2018-10-04,90.76828002929688,91.06282935311857,90.52149923614425,90.85584858303962,16207400
2018-10-05,89.98809814453125,90.52942806053326,89.65374892176526,90.26672249683625,18096500
2018-10-08,89.68560028076172,90.04383075400628,89.66967541722967,89.94829979348164,5855900
2018-10-09,90.59313201904297,90.63293203465847,90.01199591433696,90.06772079504385,11530800
2018-10-10,90.34635925292969,90.41800900987386,89.78911035917469,90.06773480605219,15290100
2018-10-11,91.44491577148438,91.66781525939862,90.5851553979104,90.75233001384608,16086800
2018-10-12,91.12651824951172,91.55639859159959,90.97526236797403,91.06283092322661,6794100
2018-10-15,91.086669921875,91.4051003321096,90.9831826198096,91.2777318121487,7146300
2018-10-16,91.29368591308594,91.32552957378242,90.87973047114633,91.06282392820447,4762300
2018-10-17,90.75234985351562,91.38124844536243,90.73643106099406,91.2777611100801,5880700
2018-10-18,90.720458984375,91.0627705442413,90.39407228229989,90.44979713746167,5728800
2018-10-19,90.52147674560547,90.71253260014004,90.2826584458263,90.63292650021364,10892400
2018-10-22,90.40203857421875,90.81599989253876,90.37815735846074,90.71250652618157,3244200
2018-10-23,90.68864440917969,91.56432358819676,90.62495710470974,91.35734895900289,10330700
2018-10-24,91.37328338623047,91.40512704391526,90.94340311782082,91.03893409087519,16008000
2018-10-25,90.99115753173828,91.3414255648439,90.93543265781994,91.1822133746646,12613200
2018-10-26,91.54043579101562,91.8031413479143,91.38122361483443,91.4926733528723,18582500
2018-10-29,91.3334732055664,91.56432906936696,90.95931786135253,91.42103566250964,7679900
2018-10-30,90.87969970703125,91.18220527090925,90.7682438955444,90.95930579504596,9939500
2018-10-31,90.41801452636719,90.72052021949645,90.12346519395027,90.54538310690032,8706400
2018-11-01,90.50177001953125,90.62146592540924,90.04690122400956,90.05488298050021,6100200
2018-11-02,89.3766098022461,90.38209836724491,89.29681047543949,90.31027471131009,11314800
2018-11-05,89.72769927978516,89.94315798726997,89.65587565175954,89.75962021576365,4760200
2018-11-06,89.67185974121094,89.95914214264505,89.63993879790743,89.85539755483431,3159900
2018-11-07,89.79154205322266,90.49379052282363,89.70376708281901,90.32621016211334,9313100
2018-11-08,89.7835464477539,90.15062802612475,89.70374716346375,90.1426462712072,6905100
2018-11-09,90.45391082763672,90.57361285523716,89.95116961767248,89.97510880553295,6465300
2018-11-12,91.04440307617188,91.21996518028155,90.90076799640508,90.9326828441559,6840000
2018-11-13,90.98857116699219,90.98857116699219,90.55765361751355,90.7411914463104,6525800
2018-11-14,91.04440307617188,91.38754552830551,90.41398437620862,90.55762554427145,8690800
2018-11-15,91.0045166015625,91.40351921411498,90.71723423346099,91.32371990926381,7879600
2018-11-16,91.53120422363281,91.6189852924968,90.90876107226792,91.13220157908638,9236700
2018-11-19,91.78658294677734,91.78658294677734,91.2998052300529,91.2998052300529,7027200
2018-11-20,91.8185043334961,92.13770772839112,91.71476581768201,91.96214555678394,6332600
2018-11-21,91.78658294677734,91.8424430839948,91.4035437453715,91.68284443145875,4951100
2018-11-23,91.88232421875,92.37708966672592,91.84242152083536,92.30526602813893,3027900
2018-11-26,91.67485046386719,91.81849166734006,91.59505114822616,91.65889303605799,6599000
2018-11-27,91.7785873413086,91.97010690041276,91.57908602482179,91.61898263514095,5967200
2018-11-28,91.33171081542969,91.78657362609547,91.25989325557084,91.65091417638585,7814000
2018-11-29,91.69080352783203,91.97010414488598,91.44341776275839,91.70676095382218,7295600
2018-11-30,92.03395080566406,92.1057683587952,91.75465017410329,92.01798729054794,9127800
2018-12-03,92.68743133544922,92.68743133544922,91.71161087545376,91.72760533114143,9763800
2018-12-04,94.23917388916016,94.91905128022874,93.28734188020849,93.43131641851693,18100500
2018-12-06,94.53508758544922,95.34293864892553,94.48709202250076,94.81503627588278,15319400
2018-12-07,94.71111297607422,94.80709195377067,93.99923431107041,94.23119367788246,8608400
2018-12-10,95.10301971435547,95.40696324521694,94.7350861446518,95.07902497539614,8777700
2018-12-11,95.0870132446289,95.48694180890172,94.87105450498886,95.15900355945932,8071900
2018-12-12,94.66310119628906,94.95905056590615,94.5751164134955,94.84707104279187,6182200
2018-12-13,94.43907165527344,94.84700024350332,94.3670874880444,94.75101525144282,5564200
2018-12-14,94.76705169677734,94.99900483621029,94.55908718641861,94.82304143774806,8169200
2018-12-17,95.31896209716797,95.42294741803441,94.84704937221234,94.85504354887519,9726800
2018-12-18,95.88983154296875,96.04216684674503,95.36067678374232,95.4649026607518,10018800
2018-12-19,97.1565933227539,97.54143810593354,96.14638111919513,96.29871640458502,23046300
2018-12-20,96.80382537841797,97.83808929736888,96.74770281460981,97.82205690066685,18543700
2018-12-21,96.78779602050781,97.18065397949925,96.52321558986218,97.12453141392905,9945100
2018-12-24,97.2688217163086,97.34899591492098,96.94010566692803,97.11648645711557,8377500
2018-12-26,96.22654724121094,97.3249528211296,96.1864631968313,97.00424988159351,11700400
2018-12-27,96.24259185791016,97.31693973907565,96.1944885548431,97.22073313294155,12146500
2018-12-28,97.0523452758789,97.0523452758789,96.4430103904902,96.53120383904248,9879100
2018-12-31,97.4211654663086,97.46124951065872,96.57932101525887,96.73165628772877,17409000
2019-01-02,97.93427276611328,97.94229202051854,97.28484773106238,97.54141493683973,19841500
2019-01-03,99.0487289428711,99.30529007934152,97.9984327462109,98.04653604776786,21187000
2019-01-04,97.9022216796875,98.26300868125807,97.53341542208867,98.08662175003687,12970200
2019-01-07,97.61360168457031,98.3351818937091,97.50937581093392,98.31113023955463,8498100
2019-01-08,97.35704040527344,97.76593687615362,97.32496949413569,97.56549826921835,7737100
2019-01-09,97.20466613769531,97.3570013753039,96.85189849040472,97.22070464528484,9349200
2019-01-10,96.57931518554688,97.34098538502072,96.48310247449456,97.23675341882252,8222900
2019-01-11,96.95616149902344,97.22875506358486,96.75572289558686,96.87598728102896,5786900
2019-01-14,96.59534454345703,97.02027327243559,96.40291913958464,96.93207982488545,6730500
2019-01-15,96.24259185791016,96.66752068006964,96.17043078640938,96.65950142392508,8997400
2019-01-16,96.33882141113281,96.52322151637097,95.81767977489667,95.88181548455707,6048400
2019-01-17,96.36282348632812,96.63541693360861,96.12229481892926,96.38687512968839,8153400
2019-01-18,95.85775756835938,96.30674420806632,95.72146078349336,96.08224782976242,14106400
2019-01-22,96.50714111328125,96.78775381877857,96.26661244177029,96.45903170884013,8881100
2019-01-23,96.46705627441406,96.70758495916989,96.07419846508488,96.11428250127848,5776800
2019-01-24,97.10049438476562,97.22075879107318,96.77979134024609,96.94014592095677,7121900
2019-01-25,96.63546752929688,96.81185449548768,96.46709982072419,96.68357084120298,6460800
2019-01-28,96.53922271728516,96.9641514494361,96.53922271728516,96.64344855748668,6435800
2019-01-29,97.0283203125,97.04435882687613,96.52321721386977,96.6354623468987,5750100
2019-01-30,96.95616149902344,96.99625166647105,96.47511007415578,96.88400042099788,10571300
2019-01-31,97.78996276855469,97.95833041999754,97.41313730808291,97.45322746566897,11843400
2019-02-01,97.1993408203125,97.6895165616727,97.10291069504228,97.61719856576148,12024600
2019-02-04,96.76541900634766,96.86988651298698,96.44399137104287,96.78149376001011,8966200
2019-02-05,97.2073974609375,97.41632637506669,96.95829391802552,97.01454330289994,6983300
2019-02-06,97.25558471679688,97.56094369759435,97.0145186132806,97.52076294831419,5184000
2019-02-07,97.89848327636719,97.96277005139693,97.41634472509273,97.60116153989786,8781000
2019-02-08,98.3163070678711,98.41273720296785,98.09130955003457,98.24398906459045,5885400
2019-02-11,97.93057250976562,98.17967596185008,97.8341424005454,97.92253513465037,4352800
2019-02-12,97.68148803710938,97.83416754994253,97.39220376580576,97.76184954747788,7939600
2019-02-13,97.31180572509766,97.5448405154154,97.15913240991829,97.35198646266684,4757700
2019-02-14,97.86627197265625,98.19573073728186,97.6975239033524,98.14751875482935,5868900
2019-02-15,98.01895904541016,98.05109628239704,97.66538813134912,97.68145674984257,5527200
2019-02-19,98.2680435180664,98.46893492942952,97.99482801063851,98.37250484491626,5872800
2019-02-20,97.98682403564453,98.09932276685598,97.70557107689486,97.99485528021603,4455800
2019-02-21,97.11093139648438,97.36004097797709,96.99039529327446,97.2877168637628,7382500
2019-02-22,97.68949890136719,97.99485171343828,97.56896279925041,97.60914354352961,6374600
2019-02-25,97.40023040771484,97.47255453293056,97.16719554092035,97.36808703325472,6293500
2019-02-26,97.88235473632812,97.89039211147183,97.52075255423368,97.8180741273413,6028900
2019-02-27,96.77350616455078,97.3360002176457,96.65296997296605,97.32796896740534,7737300
2019-02-28,96.44398498535156,96.92612947174639,96.1948814965769,96.87791134467382,9533400
2019-03-01,95.55255126953125,96.25312644628599,95.5364425622083,96.09207623508695,13541100
2019-03-04,96.30149841308594,96.44644614813113,95.87470956647381,96.05992295046092,9808500
2019-03-05,96.50276184082031,96.52692490323798,96.0437619536385,96.05181630777771,5595200
2019-03-06,96.8570785522461,97.0503400435947,96.54302632492757,96.56718324338715,7766700
2019-03-07,97.48519897460938,97.64625536350705,97.12283285101745,97.14698977343383,8187200
2019-03-08,97.89582824707031,97.99246202430204,97.31603787101889,97.53346233387292,7517600
2019-03-11,97.60599517822266,97.77509978824897,97.42078800024434,97.75899722029696,5157800
2019-03-12,98.29045104980469,98.42735050035469,97.64624400020091,97.67845527423195,6422300
2019-03-13,98.10528564453125,98.20996772191693,97.93618099167367,97.96839227940963,4386300
2019-03-14,97.3966293334961,98.04889702298155,97.37247240863991,97.99252881709255,8188400
2019-03-15,98.04084014892578,98.20189040628007,97.75899912671902,98.03278579295602,4302000
2019-03-18,97.98445129394531,98.13745330675769,97.85560620027759,97.89587182796681,3893300
2019-03-19,97.76705932617188,97.93616394960321,97.3483188021452,97.50936906912538,5220200
2019-03-20,98.78970336914062,98.92659665770948,98.02470568015322,98.03275388983032,10123700
2019-03-21,99.00716400146484,99.11990042175823,98.83805937102476,99.01521835824984,7182600
2019-03-22,100.54523468017578,100.88344398864466,99.90102120756126,100.02181200163585,13077000
2019-03-25,100.70622253417969,101.41485814340524,100.2633314220849,100.50490671677174,9736300
2019-03-26,100.63378143310547,100.89146550954817,100.35194043444515,100.41635684580109,7502000
2019-03-27,101.55985260009766,101.73700544040611,100.90758487328274,100.99616436527397,14207200
2019-03-28,101.91413879394531,102.0188269728836,101.47124758904611,101.66450909402627,9143200
2019-03-29,101.81755065917969,101.84170758872568,101.17333720080369,101.20554848808996,10841400
2019-04-01,100.3713150024414,101.17028087235963,100.22604792089162,101.1137884604909,16501500
2019-04-02,100.55693817138672,100.66992300398151,100.27447608989974,100.46009754756923,9725000
2019-04-03,99.6853256225586,99.9677938329461,99.56427485491935,99.75796224035312,10407000
2019-04-04,99.9677963256836,99.98393437603426,99.6207697496389,99.74989262407749,7503400
2019-04-05,100.096923828125,100.20990865743683,99.73375918493865,99.76604144434366,6321800
2019-04-08,99.7418212890625,100.03235545530255,99.68532887658311,99.93551483802997,4446400
2019-04-09,100.05657196044922,100.34709997004029,99.88708856547193,100.25025935258033,7020300
2019-04-10,100.29864501953125,100.4923323447654,100.15337798630337,100.29057291846051,7519900
2019-04-11,99.70951843261719,100.08882101050676,99.59653363797612,100.01619056704159,8679300
2019-04-12,98.9993667602539,99.31411114101851,98.96708449591749,99.17691613549802,7005500
2019-04-15,99.24954986572266,99.2576158136615,99.03971823228137,99.08813854876314,3070000
2019-04-16,98.62810516357422,98.96705961808341,98.57161275448935,98.87021900662981,8927300
2019-04-17,98.66844177246094,98.91862151665586,98.54738487271156,98.56352291931363,6118500
2019-04-18,99.18497467041016,99.34637981279646,99.08812789065148,99.11233804628827,27589400
2019-04-22,98.70882415771484,98.91865577947993,98.65233173922562,98.837953204097,6241200
2019-04-23,98.91864013671875,99.02355285240473,98.77337306111693,98.95092239320924,6239700
2019-04-24,99.7257080078125,99.7418460622958,99.33832697087354,99.35447118256954,7302000
2019-04-25,99.5804214477539,99.76604290274328,99.3463796815549,99.66112401884044,5380900
2019-04-26,99.91934967041016,100.08882687229735,99.78215471991243,100.05655077811778,5950700
2019-04-29,99.28181457519531,99.54813859969767,99.14461958943767,99.4512979778506,10246000
2019-04-30,99.79022216796875,99.8628526123002,99.20915398447879,99.22529203081591,7957400
2019-05-01,100.20186614990234,100.6466649151646,99.95924415420754,100.03203322096944,14371900
2019-05-02,99.7247314453125,100.12909740679072,99.50637654097363,100.02396447805495,6612800
2019-05-03,100.0078125,100.1857283756206,99.77327945515121,100.0078125,6191700
2019-05-06,100.28271484375,100.5900306196042,100.22610388056285,100.53341965641707,4482500
2019-05-07,101.05107116699219,101.20473223699925,100.5981831755644,100.71140517342134,8984900
2019-05-08,100.61434173583984,101.33411265537121,100.52538073049239,101.2128016326124,6907600
2019-05-09,101.02679443359375,101.33411652567175,100.533467446965,101.18045547963276,9411900
2019-05-10,100.8893051147461,101.45541498000138,100.75990504832502,101.00252708779715,6037800
2019-05-13,101.68187713623047,101.84362106827389,101.29368306113656,101.41499409523688,10501600
2019-05-14,101.38262176513672,101.61715473408458,101.25322171186859,101.50393277254204,5690400
2019-05-15,102.00529479980469,102.11851670834234,101.71415098638462,102.06999479614942,9566300
2019-05-16,101.66567993164062,101.76272997470623,101.52010795210937,101.74655188246146,7666400
2019-05-17,101.8921127319336,102.14282377326674,101.64949690597291,102.12664568278916,4747100
2019-05-20,101.68187713623047,102.20754800043935,101.6171770953589,101.99728212280999,6043100
2019-05-21,101.52012634277344,101.67378739626321,101.3341214392036,101.5767373356167,4021800
2019-05-22,102.10240173339844,102.16710176582421,101.67377481631345,101.71420770897853,5675300
2019-05-23,103.25080108642578,103.59046700653529,102.61190213947609,102.61999118618387,9743700
2019-05-24,103.3397445678711,103.3397445678711,103.02433967122913,103.1618225912764,4981900
2019-05-28,104.08381652832031,104.24556047673265,103.59048946448574,103.73606765624741,8098600
2019-05-29,104.3991928100586,105.05426364199171,104.32640990434798,104.86825876953056,13260600
2019-05-30,105.29690551757812,105.32116649072178,104.23746855606775,104.59331261586966,13024800
2019-05-31,106.6151123046875,106.6717171124898,105.79020243175093,105.86298533046859,18933600
2019-06-03,107.32829284667969,107.44174720498198,106.60704463341563,106.89878617842118,17822400
2019-06-04,106.10460662841797,106.77723339624345,105.79666611184186,106.4773923471354,14250000
2019-06-05,105.5049057006836,106.1207989895162,105.44817234173476,105.77233646659165,8815200
2019-06-06,105.84528350830078,106.6394640850833,105.61027530492589,106.13702507853091,9621100
2019-06-07,106.76103210449219,107.02846291222507,106.51791206422604,106.80154180653746,11378500
2019-06-10,105.75613403320312,105.91820992641794,105.6102694389892,105.90199862741706,8288700
2019-06-11,105.82090759277344,105.9667721052879,105.61021028616663,105.69124200458874,5115100
2019-06-12,105.90194702148438,105.95868035754236,105.59400668411472,105.66693894568185,5278700
2019-06-13,106.26663208007812,106.36387509460378,105.99108959626894,105.99920142454066,5560400
2019-06-14,106.53412628173828,106.7367242599082,106.2342728654393,106.24238469854961,5838800
2019-06-17,106.72050476074219,106.7772257601607,106.26668730300086,106.47738473249554,6046400
2019-06-18,107.25534057617188,107.668635868957,106.9311764945406,107.57139282726527,10320700
2019-06-19,107.40931701660156,107.555193961593,106.63134786196979,106.85825656253712,11962500
2019-06-20,107.6929931640625,108.19543225070325,107.44987308918448,107.70920446654789,10721500
2019-06-21,106.50975036621094,107.40118597463997,106.46924068313128,107.38497468205223,14495000
2019-06-24,107.30396270751953,107.40120574976451,107.03653197575045,107.10136479244557,6378800
2019-06-25,107.63622283935547,107.85501967746154,107.55517872966026,107.6118997139709,9604600
2019-06-26,106.9473876953125,107.5389701410721,106.8744554141083,107.52275884560606,12766800
2019-06-27,107.70111083984375,107.85508732548358,106.96366338769931,107.22298244330106,9724200
2019-06-28,107.62816619873047,107.84697551463286,107.33642456606108,107.44177948956988,8149200
2019-07-01,107.37643432617188,107.79054041657739,106.84863893541748,107.64438969873568,14131200
2019-07-02,108.20460510253906,108.31016661826769,107.55503008533017,107.64434850867379,10494300
2019-07-03,108.97600555419922,109.04095314906868,108.40760878536452,108.41573652711087,5380300
2019-07-05,107.53062438964844,107.62807052251647,106.91352336742875,107.61994278403441,12180100
2019-07-08,107.6768798828125,108.17218915169836,107.6768798828125,108.03415376723586,6490000
2019-07-09,107.6362075805664,107.7580121737572,107.31142011175311,107.73364134324083,6215700
2019-07-10,107.04344940185547,107.53875827360189,106.78360955248543,107.4656829621588,9470000
2019-07-11,105.61444854736328,106.70250087543795,105.36272385368439,106.62129776265695,14126800
2019-07-12,105.73621368408203,105.92296592771224,105.29773681139089,105.4926167981261,6992000
2019-07-15,106.34521484375,106.41017484857635,105.92298100730574,105.92298100730574,6055500
2019-07-16,106.02847290039062,106.04471598838859,105.5250486810669,105.69555774058485,6172700
2019-07-17,107.17342376708984,107.19778221661082,106.41015930915974,106.41827466238264,9662200
2019-07-18,107.18152618408203,107.4413661340809,106.56442488761085,106.75117710801581,5724900
2019-07-19,106.92984771728516,107.12471535142294,106.78368460182716,106.84864460982465,5804800
2019-07-22,107.13280487060547,107.57939702258284,106.97041110348195,107.56315392891543,5204100
2019-07-23,106.54816436767578,106.97039802244365,106.3451690861324,106.85672116037331,8108900
2019-07-24,107.01097869873047,107.10029711113545,106.75115120163733,106.85671270443804,6389700
2019-07-25,106.49951171875,106.70250712273213,105.97171623448274,106.57258709061809,8893100
2019-07-26,106.75116729736328,107.00287948213509,106.57253044561885,106.93791950060533,6188400
2019-07-29,106.78366088867188,107.14093465839186,106.69434244624188,107.03538550995779,6231800
2019-07-30,107.04344940185547,107.26268772603069,106.71864959014292,107.18148467564106,5678500
2019-07-31,107.90422058105469,108.26149442191378,106.9054868094563,106.93796061778242,15798700
2019-08-01,110.0472183227539,110.15298999437088,108.42002295395339,108.52579462557037,26664800
2019-08-02,111.06417846679688,111.06417846679688,110.16108484107582,110.3726281139095,15143100
2019-08-05,112.98429107666016,113.00056650419651,111.99984496470161,112.39036832397775,18543000
2019-08-06,113.88741302490234,113.88741302490234,112.34971372732079,112.43920997911727,12747400
2019-08-07,113.92806243896484,116.3932619899682,113.7246630541328,115.85628463452841,32582000
2019-08-08,114.17216491699219,114.2535172369904,112.26020538655949,113.20398168305033,14746000
2019-08-09,113.94432830810547,115.16472451473028,113.79787430776416,114.44875476753316,10626000
2019-08-12,116.3200454711914,116.69429340092633,115.1321875576763,115.30304850960829,14094300
2019-08-13,115.92134094238281,117.08479154811299,115.49013536239805,117.00342685152694,15974900
2019-08-14,118.53303527832031,118.5655737196453,117.73571311346066,118.10182954730848,15068900
2019-08-15,119.85108184814453,120.90062989148586,118.44356122514165,118.74458841819292,23588700
2019-08-16,118.89102172851562,119.20018037586263,117.84147386825742,118.83406393732469,17150500
2019-08-19,117.19060516357422,117.69504417048289,116.75939938339639,116.8082256727221,13614700
2019-08-20,118.40284729003906,118.47606808809655,117.8414630092388,118.19944790798175,7451500
2019-08-21,117.61366271972656,118.61438425465082,117.39398789978728,117.74384131039528,9372000
2019-08-22,116.83260345458984,117.7275532366461,116.73496331481995,117.15803748178988,13878800
2019-08-23,118.75276184082031,119.00497521814007,116.69434761295767,116.76758086324361,16191800
2019-08-26,118.2726821899414,119.02119051150585,118.20759289052087,118.6794810004339,12174500
2019-08-27,120.09513092041016,120.18462714456076,119.17576174636415,119.2978088235766,11332300
2019-08-28,120.24974822998047,121.14469829359672,120.13584504317417,121.04707053762453,10095900
2019-08-29,119.79415130615234,119.87550364203608,118.89105720057279,119.80228281538534,8884900
2019-08-30,119.82669067382812,119.9894077613577,119.07818213957768,119.28158160261914,13550800
2019-09-03,119.9814682006836,121.17141392686788,119.45984560089109,119.88365541315366,15660800
2019-09-04,120.16083526611328,120.31569420388847,119.3865530137084,119.42730732940782,7962200
2019-09-05,117.984619140625,118.8322636331081,117.27554172662494,118.71815907871196,19382900
2019-09-06,118.82418060302734,119.01979386442227,118.24551158066699,118.3922121993595,9466400
2019-09-09,116.71318054199219,117.36521198475613,116.70503465717633,117.2266573240944,15862700
2019-09-10,114.66747283935547,116.78656001254974,114.64302274232976,116.41979612069578,13851400
2019-09-11,114.4637222290039,115.0423911501536,114.42296791878238,114.43111380623893,10941700
2019-09-12,113.71389770507812,115.57217995864198,113.33897543728497,115.32766651760038,19163300
2019-09-13,111.2850341796875,113.05367362856849,111.2850341796875,112.70320160535759,18922200
2019-09-16,112.70320129394531,112.93956874913644,111.86371502853906,112.37719179850282,10971600
2019-09-17,113.31451416015625,113.77909089595923,112.49133184086256,112.76844124302451,9081200
2019-09-18,113.79541015625,114.64305521479665,113.72205984439655,114.04806952139326,10984600
2019-09-19,114.1376724243164,114.9119668208013,114.08062635305595,114.72449952667002,13176200
2019-09-20,115.64556121826172,115.71891153926897,114.46376044607518,114.73272405957533,11519800
2019-09-23,115.62104034423828,116.68058993290474,115.49063156239436,115.9307580920011,15246700
2019-09-24,117.01477813720703,117.24298732691699,116.0693329589983,116.07747884560648,12421600
2019-09-25,115.30318450927734,116.99846147850265,115.0342210422089,116.76209399086669,14147100
2019-09-26,116.04489135742188,116.5420640792129,115.65366491516502,115.95523685229664,9636500
2019-09-27,116.33011627197266,116.53387532710154,115.84924788662028,115.99596087327528,10386900
2019-09-30,116.61538696289062,116.6235328481804,115.60473754598483,115.63734596007609,8006900
2019-10-01,116.96649932861328,117.49720781904432,115.23560154165753,115.3335731271114,16613700
2019-10-02,117.25224304199219,117.79111157112912,116.9501557415226,117.12977858456823,12891500
2019-10-03,118.32182312011719,118.93417040455914,117.50536007419457,117.55434586363194,13470500
2019-10-04,119.19537353515625,119.22802655591198,118.55036113660313,118.6728379954546,11516200
2019-10-07,118.20752716064453,118.81987448843827,118.15038122166769,118.51778712669628,11013900
2019-10-08,118.52588653564453,119.14639369153853,118.07682956706182,119.05659475605388,14529700
2019-10-09,117.8564453125,118.06872121884452,117.40738814692762,118.06056107337497,8608800
2019-10-10,116.10102081298828,116.90115095927136,115.71728225688378,116.85216517904271,15054200
2019-10-11,114.66404724121094,115.2029157243773,114.06803283553373,115.10493170856135,26294000
2019-10-14,115.49687194824219,115.5376851353585,115.18661199343619,115.51319223979358,5936900
2019-10-15,114.10072326660156,115.08047653824485,113.93743313103415,114.85186785680271,11832300
2019-10-16,114.23949432373047,114.35379863825567,113.77411692110499,114.01088569468007,7729500
2019-10-17,113.96188354492188,114.61505630193585,113.7332749487021,113.91289776833679,6219300
2019-10-18,113.96188354492188,114.49257940223903,113.85573939016479,114.14966650790937,6456100
2019-10-21,113.10460662841797,113.48018505097517,112.85966526224895,113.13727212163272,8038000
2019-10-22,113.76589965820312,113.92102955092552,113.19437830993455,113.79856513995048,6683300
2019-10-23,113.8802490234375,114.55791476838816,113.78227745586159,114.32930613855372,5995400
2019-10-24,113.65166473388672,114.50079336218538,113.51286749734992,114.0435635463576,6161700
2019-10-25,113.09646606445312,113.93742201591303,112.92500334097912,113.92108926647799,5669800
2019-10-28,112.06771087646484,112.32898502570075,111.84727482856383,112.32898502570075,11402100
2019-10-29,112.1412124633789,112.45963257602304,111.99424262618408,112.36164853181371,5296600
2019-10-30,113.78227996826172,113.85575864556611,112.48410683627233,112.48410683627233,10914100
2019-10-31,115.31723022460938,115.67646345358428,114.65588477775196,114.69671041643242,15834100
2019-11-01,114.96226501464844,115.5429706308943,114.33248814519335,115.10130439206554,11425500
2019-11-04,113.4491958618164,113.80088154368997,113.30196960244584,113.6618421476022,11124300
2019-11-05,112.17326354980469,112.41045790918446,111.82975230378088,112.23052166412829,13493000
2019-11-06,112.85210418701172,113.20380227177753,112.32865673059311,112.884826673022,9351900
2019-11-07,110.80741119384766,111.52715629258903,109.96498794417295,111.51898190918503,19209800
2019-11-08,110.34119415283203,111.19179157324447,110.23486479529116,110.53747914525023,10222900
2019-11-11,110.41481018066406,110.73378579976486,110.12037018765005,110.72561141772678,4577000
2019-11-12,110.92190551757812,111.1918099066267,110.24305735360265,110.6438267458215,5772900
2019-11-13,111.64165496826172,112.01788874725545,111.37175056854375,111.89519812194324,6672400
2019-11-14,112.79486846923828,113.22834784718185,112.5985709758406,112.70490034476096,10213300
2019-11-15,112.67222595214844,112.99938858080012,112.40232146350263,112.44321835208137,4657600
2019-11-18,112.87661743164062,113.36735478472289,112.81118495256504,113.04020486931425,5943900
2019-11-19,113.81725311279297,113.88268562511703,113.17111485357758,113.17111485357758,7893100
2019-11-20,114.9950180053711,114.9950180053711,114.31616970264518,114.4306734838293,7905500
2019-11-21,114.27521514892578,114.56965507765642,113.78447777438475,114.20978266698899,5980900
2019-11-22,114.42245483398438,114.73325607370765,114.24251858782591,114.58604231592675,4664800
2019-11-25,114.75778198242188,114.9377182133435,114.65145262415774,114.74960760100603,4157300
2019-11-26,115.428466796875,115.57568055639658,115.2730661751759,115.32213742834976,4281100
2019-11-27,115.09315490722656,115.24855556265452,114.84778610812849,114.99501237957755,4095700
2019-11-29,114.84779357910156,115.0604398961658,114.32434593096343,115.01136862914916,6251100
2019-12-02,113.31651306152344,113.61145930246873,113.02156682057816,113.1772346284979,17702200
2019-12-03,115.69245910644531,116.1512615394669,114.64375175770195,114.73387455714752,13062400
2019-12-04,114.53724670410156,115.11074971842733,114.05386648498614,114.97965974331626,8586300
2019-12-05,113.9801025390625,114.24228244783104,113.55407893945282,113.6032345469904,7273800
2019-12-06,113.34931182861328,113.9801591070008,112.94785333210386,113.08713178972575,7931100
2019-12-09,113.59506225585938,113.97194284439276,113.52952976356855,113.87363160452722,4016900
2019-12-10,113.60325622558594,114.16857082299767,113.39843282080943,114.02927990649255,4947600
2019-12-11,114.49627685546875,114.81580084896179,114.0702406970021,114.12759724781183,6256700
2019-12-12,112.61189270019531,114.11120135363598,111.92368913838136,114.03746793660457,14857000
2019-12-13,113.9145736694336,114.38157700992721,112.4316542923763,113.1608250772829,11335100
2019-12-16,112.89044189453125,113.43937952148312,112.59549574484609,113.39021141201371,9156600
2019-12-17,112.73480224609375,113.34107149780839,112.41527824814395,113.2345718327771,6179700
2019-12-18,111.80901336669922,112.61191770039612,111.65334556190057,112.48902864472869,6244700
2019-12-19,111.98790740966797,112.3079426932256,111.40527265168764,111.60222225750468,6591100
2019-12-20,112.1356201171875,112.16845131510324,111.54478376903634,111.70891471574862,5455700
2019-12-23,111.97151184082031,112.39822980236943,111.60224222011416,112.26693004167211,5175000
2019-12-24,112.29148864746094,112.47202259395428,111.51191707201855,111.53653419913785,4667400
2019-12-26,112.56234741210938,112.60338015220387,112.02074529430429,112.34899469362598,5290200
2019-12-27,112.68541717529297,112.93980256962944,112.66078752030872,112.78388570950551,7300500
2019-12-30,112.27509307861328,112.34073040769836,111.32318902830698,111.51192452264108,7979700
2019-12-31,111.17549896240234,111.97970042261481,111.09344602171208,111.77454928874191,10707400
2020-01-02,112.4310302734375,112.85774816587896,112.15202771821639,112.25049626207506,11034100
2020-01-03,114.1624755859375,114.19530677263373,113.14493418407507,113.46496938650421,12366000
2020-01-06,113.51422882080078,114.64666710582821,113.36651349076465,114.63025150883936,11369800
2020-01-07,112.95620727539062,113.6291089927089,112.9480057378982,113.42395786251643,8381200
2020-01-08,112.2094497680664,113.49779216038043,111.86479742385319,113.18595848262254,10621700
2020-01-09,112.60335540771484,112.78388940731101,111.52836546921223,111.60221687229298,7411500
2020-01-10,113.60449981689453,113.62911695252757,112.93981211193804,112.97263078563805,8776000
2020-01-13,113.25983428955078,113.31727009223704,112.74284945822086,113.14495016274755,5966900
2020-01-14,113.84249114990234,113.91635509219294,113.35833736237753,113.39115604227983,13920300
2020-01-15,114.59740447998047,114.68767146879857,114.08043219986766,114.49073441787179,6290500
2020-01-16,114.23633575439453,114.4989226322208,113.85065071263188,114.27735595427812,6798600
2020-01-17,113.25983428955078,113.35830282068763,112.71823232543666,112.8987663134747,9693100
2020-01-21,114.44969940185547,114.59740218709528,113.87527881242879,113.90809747978328,6794900
2020-01-22,114.85181427001953,114.99951707351435,114.54818208267248,114.65486467726181,6317000
2020-01-23,115.6559829711914,116.01705090072916,115.52468326564512,115.58213158235753,9747400
2020-01-24,116.59149169921875,116.97717682531687,115.95142117536045,116.04988971089826,8585000
2020-01-27,118.40507507324219,118.4050750732422,117.75680271407435,118.12607241341993,10935200
2020-01-28,117.4777603149414,118.24091660067289,117.1987577494976,118.10961685642893,10612900
2020-01-29,118.6266098022461,118.7414939558768,117.69932251273366,117.70753657320034,9566800
2020-01-30,118.6429443359375,119.53739981529104,118.40496213081677,118.9055311413456,14711800
2020-01-31,119.72616577148438,119.8000296768734,119.06147827298113,119.12712812142233,14538100
2020-02-03,119.62919616699219,119.81003009857504,118.46200331728829,119.14423814239917,15309000
2020-02-04,118.01811218261719,118.47841204227225,117.5906855091244,118.35512191637554,11388300
2020-02-05,116.72765350341797,117.29481334436215,116.63723653540899,116.96603121100279,10782600
2020-02-06,117.25369262695312,117.44275423680718,116.71941861497469,116.86736678731371,6683100
2020-02-07,118.71678924560547,118.97160976884187,118.2564893389866,118.54418305173928,11374800
2020-02-10,119.04557800292969,119.39080291593211,118.92227532828022,119.26751278351381,6699300
2020-02-11,118.44554138183594,118.95515730271671,118.3140235499213,118.84829749650721,7784100
2020-02-12,117.84554290771484,117.99350366310021,117.53320361032046,117.84554290771484,5595500
2020-02-13,118.29753875732422,118.52768861048773,117.76326500010028,117.90299794364768,7883400
2020-02-14,118.8154525756836,119.25109452308757,118.73325077562355,118.98805879668242,7137400
2020-02-18,119.62919616699219,120.04840780031338,119.1195801101137,119.46480510434436,6909200
2020-02-19,119.62100982666016,119.69498394134084,119.16892488877193,119.28399991457646,5707700
2020-02-20,120.5579833984375,120.77991815676044,120.00726662515676,120.0730255365943,9332900
2020-02-21,121.68414306640625,122.37460575178511,121.36357603264487,121.48687876392967,13860300
2020-02-24,123.50070190429688,124.08430474968364,123.29520988781718,123.97744488759825,15929300
2020-02-25,124.15827178955078,124.7418620594407,123.4102778820568,123.46782166366555,20802900
2020-02-26,123.50070190429688,124.70899596457647,122.94998480519978,123.25410897607378,22589500
2020-02-27,124.84046173095703,125.82682048970136,123.9773931137187,125.51446874157669,30687900
2020-02-28,127.65984344482422,128.21056047978914,126.71458529598989,126.95295048876378,44935200
2020-03-02,126.72059631347656,128.8279395123928,126.57241707190101,127.84012395799535,28152400
2020-03-03,128.68798828125,131.46210641000926,125.41995614037847,126.61356701543555,38608000
2020-03-04,127.32154083251953,129.52767481915185,126.92641704415209,128.7538818363948,23463700
2020-03-05,130.4907684326172,130.73772545823473,129.08312217912646,129.3465463559868,17786200
2020-03-06,137.28204345703125,139.38938702652948,135.0923766765414,137.7183288416184,76288300
2020-03-09,141.00279235839844,147.9257536905347,140.22077223063567,147.4318521912533,41552800
2020-03-10,133.77532958984375,142.35288627247346,133.38020566624684,139.64462246669086,37728300
2020-03-11,128.85260009765625,137.49600590853225,128.1117417667395,136.17891047495473,29519300
2020-03-12,129.651123046875,136.9445137092755,128.13647167157558,134.5984407441247,24361800
2020-03-13,126.72059631347656,130.22734592785218,125.28002829975972,127.59316692920692,19812900
2020-03-16,134.92774963378906,136.77166906990186,129.9063349677481,132.02191850171002,30496700
2020-03-17,125.93028259277344,136.34353447024088,125.70803266638961,134.59015413092976,18570900
2020-03-18,118.82625579833984,126.8851972413199,114.43045699596135,125.8150587679206,47061000
2020-03-19,122.0613784790039,126.31722625638803,119.56713899400658,120.96654533755124,21175300
2020-03-20,131.23985290527344,131.23985290527344,125.21416936975199,126.19375760623063,20863100
2020-03-23,136.6481170654297,137.21611426054244,128.88552222756041,129.6510749265372,19971800
2020-03-24,134.10452270507812,136.19539852395928,132.04656862475008,132.73803818115914,11948600
2020-03-25,133.79994201660156,137.2079135999927,133.04261639370966,134.6642852751566,10750600
2020-03-26,134.45849609375,136.38473826046828,133.57769820483423,135.0017990312621,10576200
2020-03-27,138.04751586914062,138.50026814342388,135.4874212571947,136.25298647748295,12550000
2020-03-30,136.91160583496094,140.03145939471128,136.5987927250531,138.54150231563685,13473200
2020-03-31,135.80032348632812,137.4055257316404,135.46281588171496,136.40124277595592,11464800
2020-04-01,137.70294189453125,139.2857454631541,137.1753448979585,138.89003828154605,11334700
2020-04-02,138.57676696777344,139.50005844144513,137.88428578361675,139.1785542619414,5771200
2020-04-03,138.90652465820312,140.41512521885568,138.60975057120746,138.947745727295,6570800
2020-04-06,138.54371643066406,138.71683978563976,137.28243046078737,137.669885636255,9434800
2020-04-07,137.09288024902344,137.19180072965585,134.9577626826976,135.98822628562337,13811400
2020-04-08,136.09536743164062,137.0021803104089,135.30397853644257,136.1118583691363,10147100
2020-04-09,136.3427276611328,136.67247105006652,135.01548976548312,135.42767529110225,14259100
2020-04-13,135.09788513183594,136.60648514279922,135.09788513183594,135.81508367287273,8750300
2020-04-14,135.06497192382812,135.80691353762978,134.76819779408865,135.06497192382812,9019100
2020-04-15,138.6427001953125,138.98894706340246,137.45561659477053,137.50507683909697,10027800
2020-04-16,140.21725463867188,140.40686901773032,139.33518424576252,139.5330252271763,8265400
2020-04-17,138.337646484375,140.83548872307776,137.89249183681062,139.9946396578007,8612100
2020-04-20,139.45062255859375,139.55778225121492,138.46137972412893,138.85707434213384,6462600
2020-04-21,141.20651245117188,141.91547206150221,140.78608774160193,141.73410942312208,7850700
2020-04-22,139.76388549804688,140.46460603850306,139.0796684823291,140.1183716494596,6230200
2020-04-23,140.50579833984375,140.909732088221,139.82156888534135,140.03590082164553,5968600
2020-04-24,140.8355712890625,140.8355712890625,139.7886289330257,139.8215982459558,6211800
2020-04-27,138.21405029296875,139.9369827315216,138.03268765955227,139.86279235755222,9039500
2020-04-28,139.80503845214844,140.01938290681022,138.8652562601158,138.94769837020112,9905400
2020-04-29,139.07965087890625,140.3574159938011,138.46137256696184,139.75562862560182,8619600
2020-04-30,137.45562744140625,139.50830321634513,137.43089731729157,139.10436946986974,11606100
2020-05-01,138.63267517089844,138.7647486220352,137.38626503824128,138.26122961039164,10209400
2020-05-04,137.9805450439453,138.40976474932614,137.41923932851904,138.31071598580965,8300900
2020-05-05,137.09732055664062,137.24590629962734,136.4204663358758,136.66810084404412,7831800
2020-05-06,134.88522338867188,135.07507116048697,133.76262390256383,134.73663756208776,14721500
2020-05-07,137.13864135742188,137.3284890864973,134.82740615984534,135.0090040207761,9164800
2020-05-08,135.3556365966797,136.52775978933465,135.1080020979016,135.7766190231666,8129800
2020-05-11,134.29910278320312,135.55377527150733,133.80384627652631,135.09153082718908,8713500
2020-05-12,135.67758178710938,136.13982621622503,134.65404414984363,134.67880634460224,10057300
2020-05-13,136.6267852783203,137.26236479089962,136.05722985921614,136.2718396510365,13305600
2020-05-14,137.96408081054688,138.79777091625567,137.8897942120143,138.11266660283053,10080000
2020-05-15,137.609130859375,139.0784132964527,137.2954595766673,138.92157765509884,7225600
2020-05-18,134.5880889892578,136.24722001955948,134.06805739376793,136.13990871376666,10073100
2020-05-19,135.09152221679688,135.1245342770513,134.11749640387978,134.15052105934987,8639100
2020-05-20,135.49603271484375,135.95002744079687,134.44773250563088,134.68710467283128,10927300
2020-05-21,135.83447265625,136.49482750719255,135.6116002175724,136.0821072997561,8920000
2020-05-22,136.65164184570312,136.75894051811787,135.87572596174525,135.9665248970003,4956700
2020-05-26,134.81915283203125,135.19884828043854,134.53024371654107,135.13282414653847,8098900
2020-05-27,134.571533203125,135.29792470894003,134.2083374502175,134.37342299375192,8047400
2020-05-28,134.07623291015625,134.19180661859204,133.44065308505955,133.68828764059097,10272600
2020-05-29,135.0337677001953,135.4464878258847,134.01022984942563,134.30738884373073,14632700
2020-06-01,134.1246337890625,134.25687702758086,133.62046747719447,133.97586960428637,13341400
2020-06-02,133.636962890625,133.9675582811491,133.27330039420505,133.62042933767708,11517100
2020-06-03,131.85997009277344,132.5129129753747,131.36407703666873,132.38893025279478,12255700
2020-06-04,129.95083618164062,131.42200794312032,129.9177816684063,131.34762582978337,14038600
2020-06-05,129.0251007080078,129.06642828960756,126.58692473051042,127.78534892845924,17778500
2020-06-08,129.5209503173828,129.63665992885788,128.1489559160341,128.16548946378822,10346700
2020-06-09,130.9922332763672,131.94270500034713,130.8351959663468,131.4550721197457,9095300
2020-06-10,132.93447875976562,132.98406682467558,131.45504684050806,131.61208412032968,13135500
2020-06-11,135.44700622558594,135.73627404784696,134.4138798359263,134.92630648954753,17086400
2020-06-12,134.1412353515625,135.26527822599954,133.93460991590433,134.23215104770873,9716100
2020-06-15,134.21559143066406,135.7280908394784,134.0089660351115,135.45534380397942,7759800
2020-06-16,132.1575469970703,133.25679519096073,131.1657480030921,131.75256944923225,13698900
2020-06-17,132.70303344726562,132.87660425193818,131.69470095312997,132.4633536432402,7113900
2020-06-18,134.1081085205078,134.28993983185705,133.5708876715097,133.92627720915857,7691400
2020-06-19,134.21559143066406,134.30650710916373,132.99237262018863,133.06675473584838,8565500
2020-06-22,134.2320556640625,135.06681729084048,133.95104829798757,134.87672555630823,9319700
2020-06-23,133.3146514892578,133.9427878866271,133.16587470929184,133.4634156578158,9088600
2020-06-24,134.7445068359375,134.79409489644542,133.4964944046547,133.50475487760298,11436500
2020-06-25,135.1329803466797,135.83551158876492,135.0503251612306,135.71980189598258,10968000
2020-06-26,136.57936096191406,136.63722211534494,135.6949983805745,135.75285953400535,12119300
2020-06-29,136.14952087402344,136.59583852451738,135.86025305968664,136.24870958046975,7274400
2020-06-30,135.48834228515625,136.6123844765554,135.11641924925826,136.56279641995675,14841700
2020-07-01,135.22520446777344,135.3410498129129,134.17431357716816,134.72044704405238,13181000
2020-07-02,135.3658447265625,135.489972830205,134.24876755093808,134.62939676591185,7599800
2020-07-06,134.8114471435547,134.89419921628763,133.8433084983083,134.32324274253355,7972700
2020-07-07,136.70639038085938,136.81395294707843,135.04316679559088,135.22521129374164,12791900
2020-07-08,136.16029357910156,136.46645366931583,135.56451372027402,135.96997887109268,7253900
2020-07-09,138.32821655273438,138.55990724006654,136.201624324108,136.2512705247941,13373100
2020-07-10,137.63311767578125,139.1887656672362,137.49244925917844,138.97361533791997,8478000
2020-07-13,138.08827209472656,138.1544712455626,136.72293828285265,136.94635883864964,8054000
2020-07-14,138.28683471679688,139.13085797168822,138.17098937798394,138.95708365037132,11344600
2020-07-15,137.64138793945312,138.14614525880614,137.21938268931592,137.29385197589428,7840300
2020-07-16,138.29515075683594,138.82473137964377,138.22066881482075,138.51855870428753,9107400
2020-07-17,138.0055389404297,138.51856664707407,137.7490250871075,138.41100406012526,8549900
2020-07-20,138.34475708007812,138.70056323719578,138.02204417838294,138.60954100204103,6907200
2020-07-21,138.4275360107422,138.78335489553243,138.25377427437786,138.4358187966058,8454400
2020-07-22,138.84130859375,139.395725095355,138.75856909625472,139.23022084796173,6592100
2020-07-23,140.46307373046875,140.5706489024264,139.41218298666496,139.7762719137273,10471800
2020-07-24,140.45480346679688,140.60374204983077,139.73489577021803,139.8507410990868,7520700
2020-07-27,139.93348693847656,140.91817850308107,139.83419455421168,140.87680246757293,6146400
2020-07-28,140.90164184570312,140.95128804357248,140.1982870393676,140.2893092775264,8520700
2020-07-29,140.66171264648438,140.9926957908428,139.82595937375328,140.71135885551837,6733700
2020-07-30,141.58856201171875,141.7126776100941,141.29067194941263,141.53891577236863,9376100
2020-07-31,141.4974365234375,141.87807845791573,140.62031993126138,140.79408164228698,8886000
2020-08-03,140.78500366210938,140.8181463702264,139.9731842765965,140.19685331554786,9066200
2020-08-04,142.12704467773438,142.13532403694032,141.42290729769442,141.51403080993202,9878900
2020-08-05,140.88441467285156,141.29031803259997,140.5696221569331,140.87612267596583,6954100
2020-08-06,141.67144775390625,142.69036525535807,141.34008373375266,141.969669051922,9481800
2020-08-07,140.72702026367188,142.06900919192014,140.47850051837867,141.88676222138773,8176900
2020-08-10,140.09739685058594,141.03348215735753,140.05598743791197,141.0086314536588,6408500
2020-08-11,138.4324188232422,138.74721144427173,137.41350144496687,138.48212026019561,19234200
2020-08-12,137.17318725585938,137.5708238182644,136.67616051320798,137.26431072138095,11744800
2020-08-13,135.7069854736328,137.16494871557163,135.16852387524062,136.94127966269363,12744700
2020-08-14,135.17677307128906,135.98031297063434,135.16021436013375,135.69866319814398,6398100
2020-08-17,135.51649475097656,136.23720359130078,135.38394914353248,135.83128740859507,6901500
2020-08-18,136.48568725585938,136.57681076522422,135.9306668407253,136.154335934665,8140600
2020-08-19,135.63246154785156,137.18984074916887,135.27625946768532,136.99102234892277,12497700
2020-08-20,136.85845947265625,137.22294083306798,136.62649840295222,137.0075637600645,10319900
2020-08-21,137.6785125732422,137.78620739406975,136.69272575555433,137.3223106893313,6836000
2020-08-24,137.4549102783203,138.31644398253886,137.39692948221054,137.77799489758476,6490600
2020-08-25,136.40281677246094,136.75901870895822,135.71525096920442,136.14601767587192,10518300
2020-08-26,135.880859375,136.12937899209044,135.25956665239033,135.89743072020144,8276600
2020-08-27,133.56973266601562,136.5353731474537,133.50345988740784,136.4856590833178,19860100
2020-08-28,133.47035217285156,134.24076236595243,133.072728037191,134.00881390013018,8415400
2020-08-31,134.35670471191406,135.23479692987786,133.83481446755277,133.86795717780066,11388100
2020-09-01,135.89341735839844,136.067581461348,133.67081614138505,134.15182694696642,10587000
2020-09-02,137.18716430664062,137.30326949031323,135.58657051354552,135.60314792941594,15167700
2020-09-03,137.57704162597656,138.6966380246868,137.20384704458132,137.4609363638864,16416600
2020-09-04,134.96463012695312,136.59010335331183,134.72411830024876,136.3496041811285,13780300
2020-09-08,135.7938995361328,137.05446646232116,135.7938995361328,136.31636652552726,13790400
2020-09-09,135.42904663085938,136.21690442999173,134.98120314620184,135.95981518912419,9558900
2020-09-10,136.1173858642578,136.29983873794436,134.3094472035058,134.73241189001564,8847700
2020-09-11,136.40762329101562,136.48227229570094,136.07589774281746,136.26663930030548,5458200
2020-09-14,136.39939880371094,136.90528872834346,136.2003557883635,136.6647768363164,4274900
2020-09-15,136.0675811767578,136.39930665704347,135.83535815513878,136.15050621957127,6928500
2020-09-16,135.6612548828125,136.74767076924704,135.16365383116107,136.65644433159497,8815200
2020-09-17,136.07591247558594,136.80572394605983,135.8437020358024,136.7559537193749,7813900
2020-09-18,135.6529083251953,136.2085554250321,135.46215416584437,136.1504965101388,7246300
2020-09-21,136.3412322998047,137.17055856112836,136.12561202748574,136.7476067234785,11086900
2020-09-22,136.23348999023438,136.73937974419417,135.90175174324096,136.3744739997615,10524100
2020-09-23,136.4159698486328,136.44913735263336,135.57834168197772,136.25839573195424,6224800
2020-09-24,136.93836975097656,136.93836975097656,136.5237065551177,136.80568714573425,8278100
2020-09-25,136.93836975097656,137.18717019939515,136.59835554780483,136.93008104268532,5140300
2020-09-28,136.54856872558594,136.75590029829684,136.31635837651095,136.73102152193272,4470100
2020-09-29,136.70620727539062,137.0379455410284,136.47399681670467,136.6730397760873,10297600
2020-09-30,135.39588928222656,136.00959567198444,134.80707433871595,136.00959567198444,12971000
2020-10-01,135.61911010742188,135.93458466576516,134.5730808890154,134.91344733248332,11523900
2020-10-02,135.11280822753906,135.87657803503765,134.63959599844253,135.82676888831938,8828800
2020-10-05,132.4728546142578,133.61850327278674,132.43134275926164,133.61850327278674,14726000
2020-10-06,133.1867218017578,134.0003131285525,131.7338964337226,132.27352488528626,22419400
2020-10-07,132.21543884277344,133.17845779627737,131.8833694569752,132.46449721593964,9429200
2020-10-08,132.92935180664062,133.03728001879998,132.5474734165284,132.80482899848025,8431500
2020-10-09,132.90443420410156,133.05387422686115,131.84179745329962,132.43123491189303,8441500
2020-10-12,133.32786560058594,133.39426932755723,132.92106993400287,133.18672284478396,3962000
2020-10-13,134.28262329101562,134.3490397098231,133.80941105737614,133.83432829861098,7914300
2020-10-14,134.58978271484375,135.11280407458244,134.46525985187554,134.76412739063534,6954800
2020-10-15,134.35733032226562,135.4780867489306,134.191295617332,135.35355121950337,9458800
2020-10-16,133.983642578125,134.75572171048466,133.742894347465,134.2077962188263,8416300
2020-10-19,133.47727966308594,133.6433142992034,132.87124754082336,133.24482863899536,9286600
2020-10-20,132.20709228515625,132.83802895015762,131.95803400478215,132.71350614378576,11189000
2020-10-21,131.75048828125,132.30671126551937,131.47652543807905,131.82520196548833,10453700
2020-10-22,130.38067626953125,131.6923712917346,130.3142598885505,131.4100985056591,12664900
2020-10-23,131.17771911621094,131.34376649312307,130.1316890469007,130.18149819291983,8783800
2020-10-26,132.39808654785156,132.8463941725225,132.00789803541545,132.17394540315172,7227300
2020-10-27,133.2863311767578,133.41085397826075,132.74670281244212,133.0206656433784,6062300
2020-10-28,133.41090393066406,134.0418534748686,132.99581088005985,133.97543706665576,11765800
2020-10-29,132.1157989501953,133.51881531082432,131.5595758527662,133.43579164413754,11932400
2020-10-30,130.81240844726562,132.2901384499933,130.81240844726562,132.02447286101045,13095400
2020-11-02,131.79222106933594,132.2991786577053,131.5844517737949,131.89194627320157,10810500
2020-11-03,131.02769470214844,131.2936329343084,130.51241797775023,131.1856014718235,16228700
2020-11-04,133.86997985839844,134.77585138894503,133.42119085783787,134.33538128028522,21570800
2020-11-05,134.10264587402344,134.41845933484052,133.45440653536102,134.33534652476203,18537500
2020-11-06,132.48207092285156,132.9059158941378,132.09146347272565,132.65659010110727,12408400
2020-11-09,129.6978759765625,129.77266986386664,128.50944194085622,129.62308208925833,23245000
2020-11-10,128.9500274658203,129.4902229338921,128.63421386102993,128.78381445112439,12561000
2020-11-11,129.41539001464844,129.5982280801365,128.79208188627626,128.83363829774837,5888200
2020-11-12,131.61766052246094,131.6425918179798,130.2380823392466,130.42922649863394,15999700
2020-11-13,131.44325256347656,131.72581593902814,131.23548313770522,131.60946556784575,7344600
2020-11-16,131.12734985351562,131.54288842262457,130.9860682617663,131.0857934603586,6310400
2020-11-17,131.9833984375,132.27428059684777,131.80056039697874,131.95016092160276,7444600
2020-11-18,132.36566162109375,132.61498730307426,131.60107216258956,132.50694321526214,10333300
2020-11-19,133.047119140625,133.5707017292948,132.83934988242007,132.94739395467994,10637200
2020-11-20,134.227294921875,134.25222622726122,133.29649237083274,133.41284268971302,7246800
2020-11-23,133.61227416992188,133.79511215360748,133.2050418096711,133.65383056280146,11300000
2020-11-24,132.2826385498047,132.98905968098506,132.14966307173128,132.96412836400125,10891700
2020-11-25,131.875244140625,132.89747760801052,131.82538156782064,132.34896394471448,9145800
2020-11-27,133.1551971435547,133.19675354203093,132.623308214263,132.64823951710227,4708200
2020-11-30,132.9888916015625,133.4127361358466,132.77280355248848,132.99719780297937,13071600
2020-12-01,131.02816772460938,132.05975913881724,130.3459832343672,131.90169138160667,13662800
2020-12-02,129.98828125,130.55398415679932,129.34769544563295,130.5123980621338,12114300
2020-12-03,131.0364227294922,131.29432998621786,130.26273904179632,130.56223236797288,9626500
2020-12-04,129.11473083496094,129.60556343714046,128.75700925193144,129.5223785707958,12734500
2020-12-07,130.2794189453125,130.51235685623493,129.92999938476476,130.07143776097718,9316100
2020-12-08,130.89503479003906,131.50234898653443,130.77856583487738,131.08638661893357,7397200
2020-12-09,130.4624481201172,130.87841050382755,129.7885783954082,130.2378248785475,7750100
2020-12-10,131.61883544921875,131.68537826602184,130.47077509979653,130.81186733319961,10025100
2020-12-11,132.084716796875,132.60050616051714,131.71035313958097,131.98487717920798,8135900
2020-12-14,131.7186279296875,132.0181213036594,130.70367886756958,131.0198142884739,7535900
2020-12-15,131.27772521972656,131.76855776489987,130.87007753123666,131.26108317072428,6847500
2020-12-16,130.9282684326172,131.35254531416828,130.10465869226124,130.2627263621016,9954200
2020-12-17,130.58189392089844,131.9643328105349,130.2737519902541,131.68950970302348,9422700
2020-12-18,130.1904754638672,131.06491028089349,130.0655489429164,130.84837606087507,6505000
2020-12-21,130.706787109375,131.03157569291588,130.29039083778898,130.91498524516803,8988200
2020-12-22,131.38133239746094,131.4396339685417,130.81503963075585,131.21477644886556,7370800
2020-12-23,130.47364807128906,130.49030748557064,129.46597588692555,130.43200588929002,9266600
2020-12-24,130.9899139404297,131.1065043707465,130.62349595043668,130.66512540544682,3117100
2020-12-28,131.0482635498047,131.12321184518257,129.99894929228887,130.2321302384035,7791100
2020-12-29,130.8816680908203,130.9899224712622,130.21543157101897,130.2404143286136,9030900
2020-12-30,131.16476440429688,131.18974715235333,130.48186873768768,130.59847183848422,9097300
2020-12-31,131.35638427734375,131.64786679479866,131.1232033463429,131.1315394057836,7742100
2021-01-04,131.19808959960938,131.73107614807446,130.36529732342004,130.4735643856932,13152900
2021-01-05,130.22373962402344,130.706760726455,129.63246415386635,130.706760726455,10458100
2021-01-06,127.55050659179688,128.12513546909244,126.82596845166503,128.10015270985397,22827300
2021-01-07,126.42623138427734,126.72603720204123,125.96819295333175,126.40957197567782,14651900
2021-01-08,126.0182113647461,126.55119824324406,125.46856507233612,126.15144855381342,13622500
2021-01-11,125.80990600585938,125.92649638911624,125.32688507310989,125.7516044605316,8370700
2021-01-12,125.71001434326172,125.88490634422995,124.86056250945202,125.57676450513394,12186300
2021-01-13,127.12574768066406,127.47553165165367,126.22634312138548,126.30129138342488,12533300
2021-01-14,125.93490600585938,127.11747004825497,125.57679855721011,127.06750452225913,14835500
2021-01-15,126.4345703125,126.88427269565189,126.14308783871613,126.74269948785582,11624700
2021-01-19,126.84259033203125,126.88423248757674,126.17635396550874,126.26796162474811,9575600
2021-01-20,126.9675064086914,126.98415310362597,126.4095244433657,126.57609305191704,5368900
2021-01-21,126.07647705078125,126.37628290897692,125.8349727768437,126.11811922419317,8162700
2021-01-22,126.48455047607422,126.59280487844828,126.10146026966844,126.45956771341811,9507200
2021-01-25,127.9752426147461,127.99190202550957,127.11746721783034,127.21739826759695,8712600
2021-01-26,127.73365783691406,127.91687311761814,127.35056787524216,127.50047706281782,7690300
2021-01-27,128.0584716796875,128.66640648234068,127.85859695903092,128.30831190365782,7895200
2021-01-28,127.3506088256836,127.80032382562032,126.71769119353188,127.75034560875818,10667800
2021-01-29,126.58443450927734,126.99250732676822,126.00148241814934,126.10141343165628,14965900
2021-02-01,126.7311782836914,127.03133158324864,126.30596641020766,126.44770370136891,8165500
2021-02-02,125.91412353515625,125.97247997353308,125.49724457881618,125.6806723373767,9177500
2021-02-03,124.79695892333984,125.55568216757693,124.71359071147015,125.4222777620122,9633100
2021-02-04,124.46339416503906,124.63848894410587,124.06319388420603,124.36334727536519,8262600
2021-02-05,123.42118072509766,124.70517501347415,123.41284772607969,124.31330778331964,10258900
2021-02-08,123.96310424804688,124.44668530124127,123.42949976213141,123.64628493343531,11574800
2021-02-09,124.0548095703125,124.78852045870748,123.9464297142604,124.41333201700863,5218300
2021-02-10,124.88027954101562,124.88027954101562,124.34667489862845,124.46340051658383,8079800
2021-02-11,124.19656372070312,124.88857147824655,124.02146899027201,124.79685761414149,11962700
2021-02-12,122.65412902832031,123.46287523447985,122.58742686757004,123.14604315145017,14088400
2021-02-16,120.78650665283203,121.44518253868274,120.61142461279114,121.07832701574863,17789100
2021-02-17,121.55352783203125,122.04545453716162,120.87818613975773,121.68693211552873,11199100
2021-02-18,121.06165313720703,121.3951639541851,120.32795478412896,120.56973899456834,10755300
2021-02-19,119.45249938964844,120.32794774002822,119.10232259392374,120.11116254114906,12741700
2021-02-22,118.54367065429688,119.844343429418,118.1601492141255,119.25236982984876,13203900
2021-02-23,118.20184326171875,118.81048287495081,117.6765717926624,117.99340381807849,12658500
2021-02-24,117.4264907836914,117.70996549169992,116.0257832461393,116.18419932477325,17363100
2021-02-25,115.50881958007812,116.65940961005738,113.89967286013237,116.32591152242054,52621700
2021-02-26,119.32743835449219,119.47752140681601,116.45930885986708,117.36811472938919,45423300
2021-03-01,117.75141906738281,118.04359059782745,116.94169964152331,117.4175196646853,22048000
2021-03-02,117.75981140136719,117.8098950535804,117.10868571024625,117.20050998512038,12482200
2021-03-03,116.48255920410156,116.99176398859738,115.83144655998476,116.34900710751006,19763700
2021-03-04,115.73131561279297,116.81650793927108,115.16368399621996,116.55773395304234,22366600
2021-03-05,115.95667266845703,116.31561384361302,115.18869395044142,115.33894484121998,20598000
2021-03-08,115.05512237548828,115.94831011686055,115.0551223754883,115.88988346412643,15236600
2021-03-09,116.64955139160156,116.71633382566618,116.0067816089957,116.25721255237627,14463400
2021-03-10,116.88328552246094,116.9917958343884,116.26555754998225,116.69963701003341,12387600
2021-03-11,116.04011535644531,116.34898557015711,115.58100702278091,116.1736801657563,14150700
2021-03-12,113.57759094238281,113.91150301812931,113.23533584128387,113.86140665368487,20402700
2021-03-15,114.24542236328125,114.43741387955532,113.86978235754661,113.93656478439097,11366500
2021-03-16,113.78629302978516,114.46244753940533,113.3188288126376,114.37897906488305,15567900
2021-03-17,112.93485260009766,113.13519990099796,111.98322521135313,112.81798652560084,27107500
2021-03-18,111.79124450683594,112.25036582164508,111.18187225487911,111.2820395463109,21615100
2021-03-19,112.48407745361328,112.55085988152264,111.69105682053892,111.92478894949882,18685000
2021-03-22,113.74456024169922,113.86978206825631,113.00162325893086,113.26875296562962,17047500
2021-03-23,114.77137756347656,114.8131054537316,113.65278733322447,114.02008447711758,16768400
2021-03-24,115.38900756835938,115.43074816516223,114.32051452490373,114.41233874289328,13863000
2021-03-25,114.47914123535156,115.74798172361052,114.43740063122543,115.52259265128464,20782000
2021-03-26,114.07848358154297,114.56264666941198,113.7111865674736,113.87813628183784,8433300
2021-03-29,113.11013793945312,114.23707060799745,112.66771554067815,114.22037181820089,13968100
2021-03-30,113.70281219482422,113.95323032861316,112.70108870989556,112.94317655581584,15020800
2021-03-31,113.06832122802734,114.01994780678451,112.67598272527837,113.81125765585149,19271300
2021-04-01,114.94501495361328,115.03696479222037,113.9335794838025,114.14255523019433,14885900
2021-04-05,114.44348907470703,114.49364121668184,113.63266209979903,114.14256346798996,8243000
2021-04-06,115.22087097167969,115.33789688606853,114.52706992392153,114.65246303175333,9282400
2021-04-07,114.41837310791016,115.43817548870365,114.41837310791016,114.89483104540598,11052700
2021-04-08,115.36292266845703,115.41308754264307,114.81959103596877,114.84466709563054,7847900
2021-04-09,114.94501495361328,115.51343561633009,114.59393723025907,114.93666051550984,8717800
2021-04-12,114.89484405517578,114.96171781368608,114.60228571091668,114.90321124678036,7659000
2021-04-13,115.75580596923828,115.78088203063878,114.68585149993955,114.76944687451676,13232800
2021-04-14,115.38804626464844,115.55523707108797,114.99518358314523,115.37969182627356,7293200
2021-04-15,117.3189926147461,117.84560283800222,116.57503944566476,116.60011551558802,23896700
2021-04-16,116.40778350830078,116.80065872377094,116.13193413861786,116.27404879515862,15238400
2021-04-19,116.0734634399414,116.44961714936305,115.81433561244793,115.97315918539284,13886800
2021-04-20,116.60845184326172,116.82578200046524,115.71402963868753,115.73075126766187,11476500
2021-04-21,116.84252166748047,116.95119314029169,116.24903767336,116.64190035341382,11902200
2021-04-22,117.35238647460938,117.35238647460938,116.35766016207452,117.02638491254754,14156400
2021-04-23,117.07654571533203,117.41926892914846,116.60008774539855,117.34404073729549,12302200
2021-04-26,116.90936279296875,117.45269449556909,116.90100835695759,117.15176898593366,9103500
2021-04-27,115.88958740234375,116.87595954076615,115.79763756532869,116.68369267391009,14137300
2021-04-28,115.96479034423828,116.09853785164299,115.32115438022376,115.89791659053593,15263700
2021-04-29,115.62207794189453,115.65550844074899,114.62735159902492,114.89483385445291,17178200
2021-04-30,115.88958740234375,115.96481560857416,115.33788838025329,115.780915934544,15692000
2021-05-03,115.95904541015625,116.90499194555633,115.75812996818328,116.10972241146041,16447700
2021-05-04,116.7459487915039,117.33193619964565,116.494807681281,116.77106162516944,18639700
2021-05-05,116.93848419189453,117.07242781982217,116.29389165936426,116.38597630686859,11127900
2021-05-06,117.13104248046875,117.35707079894647,116.52830881357478,116.57016780196989,21907600
2021-05-07,116.55341339111328,117.7002882787186,116.28553887679607,117.28172397157319,18346900
2021-05-10,115.3730697631836,116.57015752966174,115.26423895766058,116.3190163949918,15146200
2021-05-11,114.7200698852539,115.08840842364258,114.4940544150691,114.8791263244277,15158600
2021-05-12,113.51465606689453,114.51920794543241,113.31374058175888,114.410377127621,20859400
2021-05-13,113.69046020507812,114.15925028898027,113.53978315249748,113.79091157346522,13073900
2021-05-14,114.75359344482422,114.75359344482422,114.03366231640031,114.29317014637245,17566700
2021-05-17,114.51082611083984,114.82893909565439,114.32666955357712,114.54431841112027,6113800
2021-05-18,114.21784973144531,114.32668055747678,113.9081161786741,114.18435742794126,11423100
2021-05-19,113.94160461425781,114.9377899574412,113.53140689248463,114.30156387684832,14296000
2021-05-20,114.8791275024414,115.09678906293887,114.41033763916346,114.48567612999761,13310500
2021-05-21,115.24748229980469,115.2725951336248,114.7368333895164,115.23911561305384,10171600
2021-05-24,115.67440032958984,116.00925936573965,115.43163870525159,115.51535665768058,6868700
2021-05-25,116.7459487915039,116.7794283118688,116.0427511281663,116.05113058843314,12346900
2021-05-26,116.54499816894531,117.12261871603019,116.26037762427161,116.85473153970415,9793700
2021-05-27,116.0762710571289,116.10138389677323,115.51539634912162,115.94232739664554,10695200
2021-05-28,115.89209747314453,116.61202865491413,115.80837949501571,116.00929497838284,10258000
2021-06-01,115.86609649658203,115.90800294446868,115.06129058425338,115.53914689293889,11778500
2021-06-02,116.13433837890625,116.35230048314077,115.9582955079352,116.15110863060244,7347900
2021-06-03,115.69839477539062,116.11756150019495,115.56427114533771,116.11756150019495,10994000
2021-06-04,117.28289794921875,117.28289794921875,116.12600595989474,116.12600595989474,15773700
2021-06-07,116.92239379882812,117.1235984775404,116.79664886960558,117.02298974220618,7799800
2021-06-08,117.74394989013672,117.9200055720979,117.54275801584436,117.9200055720979,11230900
2021-06-09,118.78350067138672,119.16912699908545,118.41463180700933,118.8421773769249,12768300
2021-06-10,119.49605560302734,119.5128258553557,117.93675472730702,118.06251243183794,19698300
2021-06-11,119.30322265625,119.37866959126377,118.90920493968608,119.30322265625,8646700
2021-06-14,118.38949584960938,119.12723365955704,118.21344012970528,119.12723365955704,9401300
2021-06-15,118.24696350097656,118.28049121840523,117.76910718191324,118.03738008916766,18207300
2021-06-16,118.1463394165039,118.7667108399707,117.54275103750561,118.54035720287469,19676300
2021-06-17,119.91521453857422,121.49966429336484,118.74155279130473,118.92598717901188,35225800
2021-06-18,122.17034149169922,122.43022283874734,120.82062399952115,120.95476043411195,26616900
2021-06-21,120.12484741210938,121.13085822944848,119.8985064909711,121.04701973068391,16485000
2021-06-22,120.4182357788086,120.45176349378752,119.14396514636812,119.1858843840583,14530200
2021-06-23,120.10807800292969,120.30089118056502,119.63861315723095,119.97394153502786,12040900
2021-06-24,120.30086517333984,120.63619347864386,120.15835000398789,120.23379695388806,8788400
2021-06-25,119.0517807006836,120.21706419418126,118.51524756969098,120.09969797152534,15562200
2021-06-28,120.27574157714844,120.55239324379798,119.63022102163285,119.64699127802427,11460700
2021-06-29,120.47694396972656,120.48532270178295,119.9152491230146,119.965559891225,11217900
2021-06-30,121.01346588134766,121.49968813494544,120.77873348583282,120.92962740068258,15708900
2021-07-01,121.02020263671875,121.13772191756398,120.48296980876333,120.86070943943433,10810000
2021-07-02,121.75048065185547,121.75048065185547,120.9698197271428,121.070546863586,9650200
2021-07-06,123.17752838134766,123.38738514121245,122.32130921468008,122.32130921468008,20037200
2021-07-07,124.26876831054688,124.70527394000908,123.58044482624074,123.87424940174483,20964400
2021-07-08,124.75563049316406,125.4439667473892,124.37789092350732,124.97388969993735,17487800
2021-07-09,123.00123596191406,123.38737801356088,122.96766451807666,123.28663806476989,14483600
2021-07-12,122.84173583984375,123.58882530722614,122.69903479648292,123.47130604747964,10610400
2021-07-13,121.90153503417969,123.7818552779917,121.41466605653281,123.24462275242166,23340200
2021-07-14,123.28663635253906,123.32861026323242,122.39684580385241,122.56472863798663,16038600
2021-07-15,124.64652252197266,124.73886000630421,123.42095343981207,124.19322475938512,18462400
2021-07-16,124.41146850585938,124.52058529475812,123.66437906506846,123.68115838112168,12787900
2021-07-19,127.13961029052734,127.5509212946414,126.43448192457436,126.71149435251327,40203900
2021-07-20,125.91403198242188,128.1888844627049,125.71256492014044,128.03778096383436,25674800
2021-07-21,124.31909942626953,124.65486498290417,123.1187125844625,124.3862422906885,19988900
2021-07-22,125.49435424804688,125.75457460546623,124.28557714771317,124.32755106537724,18136900
2021-07-23,124.65495300292969,124.78926444387609,124.14290184188503,124.18487576826128,12639300
2021-07-26,124.2855453491211,125.12497225306885,124.13445465455678,125.07460868821407,10737700
2021-07-27,125.61182403564453,125.653797936769,125.06620174693522,125.35160378076358,13036500
2021-07-28,125.62023162841797,125.63702375299259,124.46183120553155,124.79759684519524,14346700
2021-07-29,124.92356872558594,125.25933450006556,124.68012765174143,124.88998446295201,11532000
2021-07-30,125.51115417480469,125.67903704725012,125.12501204040224,125.18377809051132,14342100
2021-08-02,126.63060760498047,127.10125758151075,125.37833241265878,125.60525751714661,21232700
2021-08-03,126.69783782958984,127.10125023984948,126.39527531583279,126.69783782958984,13361900
2021-08-04,126.95835876464844,127.59710889074604,125.83215898602575,127.32815876938966,18267900
2021-08-05,126.31123352050781,126.840721160583,126.06750864646139,126.70624607354007,15345400
2021-08-06,124.20169067382812,125.0253280213643,124.12605325731168,124.65554082142337,21144300
2021-08-09,123.7562255859375,124.85721270565467,123.73941300016257,124.51262523061857,12942400
2021-08-10,123.18473052978516,124.02518031060079,123.1763178244596,123.95794278922602,13716900
2021-08-11,123.10908508300781,123.73942244309347,122.46194796011062,123.05026026467462,17227600
2021-08-12,122.90739440917969,123.0754818194293,122.2266192376606,122.78131923330696,14709400
2021-08-13,124.84886169433594,124.85726157838863,123.38647394138695,123.40328653374281,18653800
2021-08-16,125.15135192871094,126.08425148959208,125.06730183974241,125.38667678873112,19170900
2021-08-17,125.10098266601562,125.62205754158094,124.9496950034087,125.12619513907532,14126900
2021-08-18,125.52120971679688,125.62205961069674,124.76479703980098,124.98332224224932,13144000
2021-08-19,126.44566345214844,126.45407615724068,125.90777612031349,126.32800099906721,15474300
2021-08-20,126.52974700927734,126.74825938727074,126.15994696632777,126.56335936579595,12388400
2021-08-23,126.44566345214844,126.48768850487293,126.00022610660913,126.23555101277158,10615000
2021-08-24,125.46239471435547,126.12635750040317,125.46239471435545,125.86580718703873,13835900
2021-08-25,124.42021942138672,125.53801952376062,124.0336195810168,125.40355726255586,16743800
2021-08-26,124.76476287841797,124.86562556894997,123.97473806118558,124.36135058902639,16657400
2021-08-27,125.61365509033203,125.63886756287623,124.66394254367235,124.8656551482744,15384700
2021-08-30,125.94141387939453,125.98342611207237,125.16818873987165,125.21862650272938,10596300
2021-08-31,125.08419036865234,126.14315288170418,124.80684029575168,125.79016537735357,15262400
2021-09-01,125.2937240600586,125.71448342796,124.95712170196023,125.61350528864187,10807100
2021-09-02,125.84071350097656,125.84913690678626,125.17591931045045,125.58826813783857,9765900
2021-09-03,124.69621276855469,124.97391543135103,124.49425653419667,124.77195919699301,12928000
2021-09-07,123.64430236816406,124.14080802321818,123.4171016269499,123.92200500353415,15547800
2021-09-08,124.48580932617188,124.70461232562496,124.03139504520674,124.25860860596511,14533700
2021-09-09,125.99217987060547,126.13523650769336,124.41854402208223,124.68782332702527,20324600
2021-09-10,124.88138580322266,125.52935887986847,124.67942950753105,125.30214520665744,14894600
2021-09-13,125.63867950439453,125.79857002919657,125.3441429754908,125.41987653759186,15036100
2021-09-14,127.16187286376953,127.54897705958047,125.87435046638464,126.00057311689122,19918400
2021-09-15,126.71587371826172,127.27968964557719,126.16887891793124,127.24603455105229,11940300
2021-09-16,126.13521575927734,126.60646409582759,125.80702403628311,125.95008064983915,13328900
2021-09-17,125.52928924560547,125.68917978470465,125.13377459853407,125.53769980640774,13782900
2021-09-20,127.08611297607422,127.38063671316314,126.42130624616,126.70743226235884,14660400
2021-09-21,126.97667694091797,127.03558937664452,126.39602734554859,126.82520983284682,10035800
2021-09-22,127.73406982421875,127.73406982421875,126.5980277104458,126.89255144043813,22277800
2021-09-23,124.84769439697266,126.60646511017227,124.8308604303741,126.58122058055153,23853300
2021-09-24,123.62748718261719,124.41851663520546,123.48443057701876,124.41009323216511,20203900
2021-09-27,123.1730728149414,123.593832113035,122.76073692076473,122.91220410461214,13464300
2021-09-28,121.25437927246094,122.07907652312053,120.87569857275675,121.45634830456048,26613500
2021-09-29,121.46478271484375,122.38203483969436,120.91780080126776,121.85188689223646,23569400
2021-09-30,121.44793701171875,121.60781471554736,120.88410840557347,121.26280194354743,22567600
2021-10-01,122.47000122070312,122.51212027683542,121.50101864942032,122.04870780454227,26151800
2021-10-04,122.15827178955078,122.56272284664722,121.41680389859111,121.8970718507126,28027600
2021-10-05,120.97866821289062,121.9223617353473,120.87756186601597,121.83811073190508,22659200
2021-10-06,121.66116333007812,121.93921864441347,121.35783142869958,121.52634629460763,18696500
2021-10-07,120.38883209228516,120.7764149041328,120.14447466768566,120.65003199958619,14856000
2021-10-08,119.54627990722656,119.94229693255245,119.25136923496744,119.8664543108916,17257800
2021-10-11,119.24288940429688,119.5630636506527,119.1839021560826,119.3102978921756,7213400
2021-10-12,121.28197479248047,121.34094919689298,120.05179211591582,120.1781878799837,17968700
2021-10-13,122.46158599853516,122.62167957844767,121.82122453574186,121.84650111605893,23584600
2021-10-14,122.91656494140625,122.983973427375,122.1329525417668,122.48683745046219,12946400
2021-10-15,122.20039367675781,122.29307876262132,121.72854700576447,122.17511709487299,11811500
2021-10-18,122.77336120605469,123.01770578655855,121.77068058809441,122.17511876062322,12115900
2021-10-19,121.07978820800781,121.94765206813504,121.03765627310756,121.88867764476383,12156300
2021-10-20,120.26243591308594,121.06289097176678,120.07706574915686,120.70058474208712,12782500
2021-10-21,120.11918640136719,120.61630958669889,119.8411311815573,120.48992669444702,13660000
2021-10-22,121.44210052490234,121.66958981809718,120.66692182282276,120.86913452788482,13740000
2021-10-25,121.2566909790039,121.58529937500975,121.02076766171031,121.05446548267088,8137900
2021-10-26,122.25935363769531,122.25935363769531,121.11343503966417,121.85490270413986,13671000
2021-10-27,124.48383331298828,124.854560868588,122.95873973321392,123.35475673226307,22092300
2021-10-28,124.06250762939453,124.980924322824,123.72546513396864,124.52592016821319,17497600
2021-10-29,124.44159698486328,124.70279673173253,123.28725764282207,123.41364046974296,19087300
2021-11-01,123.54570770263672,123.81567250408199,122.92139398485067,123.0057652265021,18035500
2021-11-02,124.09408569335938,124.49905221694486,123.59632882385222,123.59632882385222,9836700
2021-11-03,122.81167602539062,124.84488822654355,122.77792239339246,124.70991231826711,20639400
2021-11-04,124.1025390625,124.32188628956904,123.04796280558973,123.06482675696365,15922400
2021-11-05,125.95854187011719,126.19476583022936,124.97146042109692,125.30048757077034,21513000
2021-11-08,125.72237396240234,125.9417212022322,125.29209858567407,125.67175635884516,12083800
2021-11-09,127.35906219482422,128.04242550202207,127.08908451268736,127.22407335375578,23430200
2021-11-10,125.0305404663086,127.33373107571279,124.04345877656392,127.24937271123717,28170600
2021-11-11,124.84493255615234,125.41862864467899,124.76900616705484,125.29207178960651,5552500
2021-11-12,124.29655456542969,125.2920681891941,123.81566170181121,124.86180579009569,12712000
2021-11-15,122.73576354980469,123.98439074119726,122.51641638694782,123.9253283089426,15232700
2021-11-16,122.4236068725586,123.49505958515086,122.20425972101818,122.91293163206339,12998700
2021-11-17,123.3938217163086,123.41913050998623,121.8752426026827,121.96804580391468,14239900
2021-11-18,123.85786437988281,123.93379077725704,123.13231543406918,123.16606908173199,11054600
2021-11-19,125.16559600830078,125.36807936280039,124.50754119774003,124.50754119774003,14022100
2021-11-22,123.69755554199219,124.55809325408912,123.28416994486956,124.35561000617115,15266000
2021-11-23,121.90898895263672,123.26728339292106,121.90898895263672,123.11541775065864,15318500
2021-11-24,123.86631774902344,123.86631774902344,122.15367402655542,122.28023090412954,13769700
2021-11-26,126.99626159667969,127.1228055697768,125.4270519640634,125.56204078419526,20064800
2021-11-29,125.97540283203125,126.24536752107679,125.00518544996582,125.12329741515549,23234200
2021-11-30,127.89056396484375,128.29553050111826,126.76006134921157,127.24938625894299,31481100
2021-12-01,128.67945861816406,128.7385928232076,126.52550679945021,127.1167972943449,30826500
2021-12-02,128.83995056152344,129.2285117806078,127.34485277890609,129.1778197955128,17754200
2021-12-03,130.37738037109375,131.02777976563434,127.84332060014067,128.12205583271833,34427100
2021-12-06,128.58660888671875,130.37735284456127,128.3332003853466,130.12394434318912,30924200
2021-12-07,127.54763793945312,128.8400070146158,127.42938236685298,128.1558131382227,22115900
2021-12-08,125.3429946899414,127.10838589527687,125.3176551330334,127.09994367260407,33633900
2021-12-09,126.04405975341797,126.5677610063219,125.41898740497138,126.14541796007371,17544900
2021-12-10,125.7399673461914,126.90563823286989,125.6977304654346,126.63533250713547,14298700
2021-12-13,127.59828186035156,127.80945338809315,126.96476727712682,127.0323437126706,17860500
2021-12-14,127.29415130615234,127.48842543710128,126.12003852443718,127.01540343711284,14015500
2021-12-15,126.06935119628906,127.37016161122645,125.96799302831218,126.37343858910172,25383900
2021-12-16,126.11847686767578,126.74425376222793,125.7717621192044,125.78867849565567,18677900
2021-12-17,127.54762268066406,127.67446326066101,126.98104658431758,127.13325528031392,18093500
2021-12-20,126.59205627441406,127.70830507118534,126.50750018289371,127.47997910758812,17147300
2021-12-21,126.11006927490234,126.16925725807829,124.83314692585269,125.27288254361001,16598200
2021-12-22,126.69353485107422,126.72735470518431,126.01702163812593,126.61741759834803,12253900
2021-12-23,125.59417724609375,126.50746796447235,125.17980992189742,126.49900332508416,11642500
2021-12-27,125.8985824584961,126.00850661796764,125.4250272697878,125.54341606696487,7821800
2021-12-28,125.39967346191406,126.65967892930054,125.16289581619786,126.50747025851753,9174600
2021-12-29,124.02973937988281,124.57094725124273,123.80987811769121,124.23269717042284,11771200
2021-12-30,125.0698471069336,125.12904795681688,123.84367466537758,124.52018760315674,10355000
2021-12-31,125.31509399414062,126.02542679867054,124.67240087283227,124.99374743348645,13402300
2022-01-03,122.02562713623047,124.25811205894782,122.00871075479718,123.80992472660286,33860400
2022-01-04,121.51821899414062,121.88185016652787,120.70641346631793,121.44211464529778,21996400
2022-01-05,120.85857391357422,121.90716961374804,120.68099717050164,121.8902532418422,20911700
2022-01-06,121.17147827148438,121.29833172916054,120.32584016729717,120.57953417923602,18996400
2022-01-07,120.3005142211914,121.12924914422013,119.70856992146943,121.03622840401968,18756800
2022-01-10,120.59642791748047,120.76555292588928,119.53938048566167,119.78460981234278,13775800
2022-01-11,121.3997802734375,121.45898112271459,120.67253113086845,120.82475266943034,24388700
2022-01-12,120.9346694946289,121.7803073810694,120.92621776099215,121.68728669742455,14440600
2022-01-13,122.0086441040039,122.12703290252699,120.95159665168656,121.2560268340904,15166000
2022-01-14,120.1651840209961,121.31525239954713,119.90302536054864,121.28141964827022,22997500
2022-01-18,118.47389221191406,119.4971069940772,118.40623962164847,119.20114142800396,21171700
2022-01-19,119.29417419433594,119.83538206779639,118.65148097350487,118.83752238970192,17930500
2022-01-20,120.02984619140625,120.0721306673,119.31104881144387,119.54782639235634,13959000
2022-01-21,121.45897674560547,121.8564275942799,120.64715867715692,121.26447073648532,28916600
2022-01-24,120.46110534667969,122.08472841898336,120.44418897725936,122.02554048112597,25001600
2022-01-25,120.26663208007812,121.52663728965177,119.9114656841753,121.01924935069843,15599000
2022-01-26,118.81211853027344,120.56259508232762,118.80366679695783,120.30043650862804,23655500
2022-01-27,120.993896484375,121.23912584693083,120.3596679325021,120.42732052644476,21501800
2022-01-28,121.03614807128906,121.31521010667454,119.9537326692293,120.15667749248462,12826500
2022-01-31,120.41044616699219,120.88400158641585,120.04682786401239,120.2328564329996,13998400
2022-02-01,120.01072692871094,120.55268848194314,119.45182544280136,120.48494167261627,20806100
2022-02-02,120.41716003417969,121.57730604144368,120.18851623400664,120.20545616178437,18404600
2022-02-03,119.47723388671875,119.80749152015942,118.70662843489613,118.9268088047787,17234100
2022-02-04,117.71582794189453,118.67273367252612,117.52106397843701,118.4271628421997,23609800
2022-02-07,117.79204559326172,117.96986961889368,117.32629446668824,117.63114857486546,12962400
2022-02-08,117.00450897216797,117.35170646654181,116.70813126735021,117.03838883187203,16269200
2022-02-09,117.22463989257812,118.02064836994671,117.02141248312334,117.47022357417133,14349100
2022-02-10,115.36166381835938,116.71657369144087,115.03140631348525,116.5726166171499,30896200
2022-02-11,117.07231140136719,117.29247890854217,114.62501369073657,115.90370119249896,43210300
2022-02-14,115.61576843261719,116.64042130951734,115.14155361802638,116.1238631176128,23157400
2022-02-15,114.30316925048828,115.03143120360733,114.2693023109534,114.82820372363614,18198500
2022-02-16,114.98060607910156,115.22618980691877,113.90514678993215,115.12456316168661,16473700
2022-02-17,115.83589172363281,116.49641973074834,115.08222641188908,115.54797754192839,24508200
2022-02-18,117.05532836914062,117.173882048033,116.14924230647358,116.4540964695371,17522600
2022-02-22,117.36013793945312,117.42788471899048,116.41170886868402,116.59800928206752,19534000
2022-02-23,115.74276733398438,116.73355310513325,115.64963000856585,116.58958306076406,17757800
2022-02-24,115.81895446777344,118.02066691827636,115.37860680912145,117.7920360467077,28150400
2022-02-25,115.9036636352539,116.27626462003349,115.31935872015706,115.8952001297389,15025400
2022-02-28,118.44406127929688,118.58801834116034,117.1315077971956,117.22464508306867,25817700
2022-03-01,119.81351470947266,120.68688888660428,118.7111938927697,119.0164517660337,35664400
2022-03-02,115.71797943115234,119.06732845673484,115.66710527427414,118.5755233760895,30397400
2022-03-03,116.8966293334961,117.6088935153992,116.18436515159298,116.58289669257354,20649100
2022-03-04,118.91470336914062,119.40650843896279,118.12611513940209,119.01645168065785,25853100
2022-03-07,118.0074234008789,119.2538921709707,117.66825368239621,117.96502395144472,23710900
2022-03-08,116.82028198242188,117.22728811222193,116.37935112768507,116.59981008580768,28331300
2022-03-09,115.67557525634766,116.45567581972504,115.42967919532919,116.22674212313673,18819200
2022-03-10,114.01364135742188,114.6156695225578,113.38616317292593,114.32737398042244,26868900
2022-03-11,114.39521026611328,114.85309065920976,113.80165681636052,113.90340513960534,15583800
2022-03-14,111.72420501708984,112.68237822945368,111.69029322075187,112.5212680852337,24385000
2022-03-15,111.5291519165039,112.90280570807711,111.24085644344392,112.65690967246516,17518800
2022-03-16,112.62303161621094,112.88589009322659,110.50318849383228,111.78356908189058,25857700
2022-03-17,111.78355407714844,113.06393449334085,111.13912651230547,112.62301649878749,19330600
2022-03-18,113.14873504638672,113.23352099805064,112.41103386828966,112.41103386828966,55891700
2022-03-21,110.52862548828125,111.64789592798893,110.0198579639169,111.31720091870079,26122000
2022-03-22,109.11253356933594,109.6721751285272,108.82423807708321,109.34996784715345,21830900
2022-03-23,111.50373840332031,111.58853729613509,109.26518478105199,109.69762808202054,21266100
2022-03-24,110.63036346435547,111.23239160873335,109.89266226771139,109.93504877536198,17141600
2022-03-25,109.09558868408203,109.82481509621064,108.23917041509442,109.80785273169793,25684500
2022-03-28,110.0282974243164,110.7066495932858,109.41778176609309,109.71456488329578,17657800
2022-03-29,110.85928344726562,111.54611031866601,110.011346482378,110.70664806557039,19319700
2022-03-30,111.72420501708984,111.93618932506448,110.22336543234614,110.29120196351747,16310200
2022-03-31,111.9955062866211,112.49578594783607,111.63937434447703,111.91070742199577,19901000
2022-04-01,112.42184448242188,112.91440282390306,110.15438634791555,110.40914673289673,23489700
2022-04-04,111.64055633544922,112.08214967037885,111.00362941490043,112.03968528401333,13609900
2022-04-05,109.11833953857422,111.06308429890181,108.94848197000358,111.04609595038212,25196900
2022-04-06,108.23512268066406,108.95697844446364,107.34342879227756,107.36890483492343,22952000
2022-04-07,107.41987609863281,107.57273886095591,106.5027060038517,107.09716870224293,23458800
2022-04-08,106.25638580322266,106.85934244471555,105.52604249568928,106.5366286935257,26859200
2022-04-11,104.57490539550781,105.46660565819109,104.08234703175599,105.23730834302998,30020700
2022-04-12,104.43054962158203,105.4411425123151,104.1757762356162,105.34772603607138,23124200
2022-04-13,104.64285278320312,105.56002914656172,104.36260337009534,104.49848422947704,17189500
2022-04-14,102.54524993896484,104.39658473119069,102.23103027746292,104.33713846865321,34274500
2022-04-18,102.03568267822266,102.82547223148477,101.64503498767381,102.6471334909617,18784300
2022-04-19,101.27137756347656,101.67051945930147,100.77881920355834,101.18645527225233,26012300
2022-04-20,103.30956268310547,103.58131794916672,101.84038152401527,102.09515492057872,31423200
2022-04-21,102.54524993896484,102.68113081285433,101.20345546551123,102.6131903759096,23323200
2022-04-22,101.89981842041016,103.13121441841407,101.74695569235298,101.96775885047025,19773400
2022-04-25,102.91889190673828,103.76812773340227,102.86793335131293,103.08024230797892,25418900
2022-04-26,103.95496368408203,104.48148576531193,103.40295908481858,103.9804397229602,26931300
2022-04-27,102.62162780761719,103.87849935885903,102.56218157419617,103.76810106226385,14560500
2022-04-28,102.77450561523438,102.81696999357028,101.91678218940818,102.23948943563596,16892500
2022-04-29,101.44123077392578,102.73207303528535,101.15249366337402,101.32233826026847,26153400
2022-05-02,99.68284606933594,100.61008567407326,99.47017572070621,100.26130967721618,29233900
2022-05-03,100.35491180419922,101.49482206032765,100.28685571691778,101.26514087848493,21256700
2022-05-04,100.90784454345703,101.20558177831876,99.82747537529237,100.35490025575098,25575700
2022-05-05,98.14312744140625,99.07887579765925,96.99470221899344,98.97679168072473,48384500
2022-05-06,96.69696807861328,97.86240411264014,96.39072220821477,97.09678943664385,32790500
2022-05-09,97.54765319824219,97.58168123955885,95.80375988951418,96.00792164722884,26773000
2022-05-10,98.43238067626953,99.49573282231451,98.23672751590166,98.58550364490746,33640800
2022-05-11,100.3293685913086,100.3293685913086,97.35198362606717,97.60718415754879,34173600
2022-05-12,100.1422348022461,101.13753067497595,100.09119598524003,100.39743537746168,26405700
2022-05-13,98.66206359863281,99.65735960150937,98.59400750693541,99.51274527429199,20782700
2022-05-16,98.55997467041016,99.47871239310992,98.55146603681503,98.8577119443816,11050600
2022-05-17,97.36903381347656,98.12614006332632,97.28396693521451,97.58170425422507,15040800
2022-05-18,99.44469451904297,99.52976139313655,97.4966325984233,97.59020810698219,21337300
2022-05-19,99.68284606933594,100.99289619571718,99.40211965150054,100.9248401265115,21937500
2022-05-20,100.81426239013672,101.24810526502405,99.58077036987054,99.60628977543044,22780900
2022-05-23,99.15546417236328,100.59311842802528,99.13845339279338,100.13374949739624,15925200
2022-05-24,101.1120376586914,101.77556841370581,100.26135587222433,100.29538392250545,23388200
2022-05-25,101.51184844970703,101.75854692063278,100.8823393210608,101.75003828641154,14410800
2022-05-26,101.052490234375,101.30769087630681,100.21031708268218,101.24814341083736,14912900
2022-05-27,101.29916381835938,101.86061028467957,101.00992870707867,101.53735362165797,11190400
2022-05-31,99.15546417236328,99.7254258858505,98.61953699838946,99.68288920164555,28393700
2022-06-01,99.04209899902344,99.9965531902969,98.59043671183416,99.73237483403108,15544800
2022-06-02,99.09324645996094,99.45969061773495,98.39444672905849,99.3915134484438,9832000
2022-06-03,98.88018035888672,98.90574516745889,97.891637584284,98.07911501439041,15330400
2022-06-06,97.05648803710938,98.43704627783595,96.98831087668863,98.13025555767449,20815400
2022-06-07,98.10469055175781,98.66713586977444,97.64450447243591,97.6700692821096,14278700
2022-06-08,97.23545837402344,98.11321827559199,97.21841733300235,97.72973308615822,11476100
2022-06-09,97.5593032836914,97.75530452651962,96.87754456543756,97.01389240804853,15527300
2022-06-10,96.9542007446289,97.67004776645804,96.27244879716307,97.45699906380051,21917100
2022-06-13,93.91190338134766,95.16463129815489,93.0937968136177,95.01123591034721,36968300
2022-06-14,92.72733306884766,94.57660110431135,92.53984913423304,94.19310946485463,21865900
2022-06-15,94.4572982788086,94.58512883943968,92.91482728526202,93.81815197738555,25202800
2022-06-16,95.20722961425781,95.20722961425781,92.13932881232773,92.42054823038669,26067300
2022-06-17,95.51404571533203,96.15319215641149,94.55958468936251,95.4543923075673,21614300
2022-06-21,93.89482116699219,94.61066166171638,93.57950675761309,93.81812025585448,17663800
2022-06-22,96.47700500488281,96.56222321322379,95.76968152236097,96.03386642047026,23703800
2022-06-23,97.26953125,98.14729100982146,96.71560323114494,97.06500628211236,20669200
2022-06-24,95.92308807373047,97.29512284358839,95.87195844311546,96.69006504162205,18161300
2022-06-27,95.10498809814453,95.63335149098252,94.73002661130076,94.78115624547632,12053000
2022-06-28,95.54812622070312,95.59925585110821,94.48288224237545,94.84080265867756,13706600
2022-06-29,97.03948211669922,97.06504693567601,95.59074619125079,95.76970642582248,12925400
2022-06-30,97.89165496826172,98.6586253685546,97.78938921408073,97.88313119664679,25802100
2022-07-01,98.89666748046875,100.40803658694533,98.38433930104989,98.96497964161959,21858800
2022-07-05,99.67369079589844,100.54464793707987,99.19551224414285,99.81030858596759,16689700
2022-07-06,98.00009155273438,100.36534972335956,98.00009155273438,100.23726604557659,20205400
2022-07-07,97.13765716552734,98.34162788158439,96.92418657977348,98.28185637815751,13088000
2022-07-08,96.06177520751953,96.9156576538086,95.67753071253188,96.9156576538086,15320000
2022-07-11,97.71833038330078,98.01718800125064,97.08645254579822,97.1633053701896,13639900
2022-07-12,98.29894256591797,99.24675253500973,98.17085890516937,98.63195617510095,18547300
2022-07-13,99.42607116699219,99.60538569361536,96.87295803817183,97.1462001522556,20594800
2022-07-14,98.61490631103516,99.18701264278063,97.74394886663192,98.26481780898355,15665000
2022-07-15,99.1698989868164,99.75053926518459,98.70880172035294,98.91373166724595,16022600
2022-07-18,98.1366958618164,98.46970944736061,97.4962841181383,98.40993794520153,15838300
2022-07-19,97.60730743408203,98.32457212861257,97.05228901540079,98.11964215072094,9276800
2022-07-20,97.86344909667969,98.66610052836468,97.3852771022826,98.60632902906504,9117300
2022-07-21,99.55416107177734,99.66516997005472,98.20503162512489,98.35873074114943,14754900
2022-07-22,101.22779083251953,101.84258086866926,100.73253733167526,101.00577951927768,17715300
2022-07-25,100.23722076416016,100.36530438408231,99.4516507833895,99.6565806665028,24868100
2022-07-26,100.31411743164062,101.81694591813098,100.24580526918024,101.4924729183537,13536000
2022-07-27,99.75053405761719,101.17651599275426,99.65660647965197,100.76665612036533,15725600
2022-07-28,100.54460906982422,101.5436494817904,100.1774395362038,100.80077628476047,16637900
2022-07-29,100.27141571044922,101.87671236072666,100.18602876892705,100.5019611040197,16655900
2022-08-01,102.6863021850586,102.73762613861686,101.00965226223637,101.15507448161398,17974600
2022-08-02,100.51349639892578,103.24233298536707,100.3338560395988,102.78039783576473,17896300
2022-08-03,102.09603118896484,102.21579140877819,99.51262377042238,100.23118508930243,16731200
2022-08-04,102.06183624267578,102.26714511738783,101.40315488402887,101.77954796122366,11003000
2022-08-05,99.63240814208984,100.17988543007675,99.13625481033795,100.14566728377206,19492300
2022-08-08,101.2406234741211,101.39460187172548,100.56482975832647,100.63326605202712,17476300
2022-08-09,100.84709167480469,101.24914661107505,100.47925487422138,100.71022565849852,8223200
2022-08-10,100.18842315673828,101.71965065819114,99.8548044497313,100.71023837055797,14665300
2022-08-11,97.85309600830078,100.13710325160737,97.59646319439156,99.97457522747885,20663800
2022-08-12,98.8453598022461,98.86246560342768,97.88727177505828,98.46041074803243,12178400
2022-08-15,98.7598648071289,99.87193175415545,98.7598648071289,99.51265099641861,9031800
2022-08-16,99.17047119140625,99.24745712438839,97.72478553637566,98.58877576746885,11066000
2022-08-17,98.13539123535156,98.4604538114998,97.78466015654323,98.42623566772996,14131300
2022-08-18,98.28082275390625,98.92239832581866,98.0241899145636,98.34925904792352,10738200
2022-08-19,96.6982650756836,96.95489137290784,96.44163225201554,96.86079963243628,16330900
2022-08-22,96.37319946289062,96.62982575205783,95.9198139517857,96.54428365566875,10457200
2022-08-23,95.84284973144531,97.07467708307725,95.58621685770697,95.9711661683145,17813200
2022-08-24,95.14140319824219,95.69743679448716,94.83344633036639,95.37236758592618,13971600
2022-08-25,96.46730041503906,96.74103906549797,94.94462876395862,95.2269235828068,21429700
2022-08-26,97.19441986083984,97.51092628485914,95.81717050759227,96.06524716718063,18764400
2022-08-29,96.39031982421875,96.67261465872167,95.91982843338054,96.6127345295645,14278300
2022-08-30,96.62984466552734,97.10033607742245,95.9882690273676,96.33900017558847,14346600
2022-08-31,95.70597076416016,96.9549038453591,95.44934443392305,96.39887686662304,13623500
2022-09-01,93.95376586914062,94.51097473800235,93.38798928523954,94.18522498001326,22490400
2022-09-02,94.4852523803711,94.77671163856573,93.84232062115817,94.02234072890897,13024400
2022-09-06,92.14498138427734,93.41370298148263,92.08497467942414,93.35369627662942,24648500
2022-09-07,93.60228729248047,93.85088834022602,92.76218697457344,92.85648414924381,17050100
2022-09-08,92.64216613769531,93.88516473635856,92.62502417105901,93.30223976713793,14671400
2022-09-09,92.847900390625,93.26795377669902,92.26497543426167,92.86504889712215,12529800
2022-09-12,92.08494567871094,93.34509262400496,91.65632462467832,93.1222078446413,14806900
2022-09-13,92.29927062988281,92.35927732521544,91.07341396216808,91.34773121800862,22158900
2022-09-14,92.61644744873047,92.76217705209112,91.82778619970223,92.0163739886307,13077800
2022-09-15,92.55645751953125,92.74505188285472,92.2221335264542,92.45358608310751,10260200
2022-09-16,91.78491973876953,92.62501995093216,91.52774446926864,91.75062926682016,18903800
2022-09-19,91.9992904663086,92.42791183570813,91.55352711984001,91.69068255712148,11084400
2022-09-20,91.08200073242188,91.58777058540899,90.35334603461054,90.60194710379139,20133800
2022-09-21,92.6078872680664,92.61646152257848,90.84197017249664,91.46775340683898,23132900
2022-09-22,90.2419204711914,90.83341992429233,89.77901524903773,90.68769026027205,29030600
2022-09-23,90.61051177978516,91.23630155918414,89.63325604556533,90.3019040173747,23042200
2022-09-26,88.87889099121094,90.36192319918494,88.48456027781818,90.31905846371687,25104600
2022-09-27,86.53860473632812,88.27881204216914,86.49574654687478,88.047352966211,34609500
2022-09-28,89.43606567382812,89.5389305352579,87.85016917115284,88.40737127786517,39283100
2022-09-29,88.97315216064453,89.35034075130805,88.12448437188935,88.2102072678844,19127100
2022-09-30,87.82449340820312,89.89045101719749,87.63590554792735,89.38467453033408,26485700
2022-10-03,89.21996307373047,89.95035728673653,88.63564639215488,89.2371459661943,27192200
2022-10-04,88.97076416015625,89.92457526357501,88.76453668142751,89.49493085864236,13788700
2022-10-05,88.12008666992188,88.36927470256212,87.28657531843855,88.27475894706161,20522100
2022-10-06,87.63029479980469,88.36927730584816,87.24361081763666,88.15445505659528,13965700
2022-10-07,86.77958679199219,87.32094301106207,86.33275943509496,86.62491452309426,14814800
2022-10-10,85.43049621582031,86.36712447489697,84.89774132255722,86.35852975072554,15652600
2022-10-11,85.8085708618164,86.70223190438534,85.06098732612874,85.7054538568018,33246700
2022-10-12,86.22962951660156,86.39289648599704,85.23285792056089,85.31019076552512,21447600
2022-10-13,85.40470123291016,86.25539518899909,84.50244549813087,84.51963494297844,30292500
2022-10-14,84.70008850097656,86.09213858144875,84.42511637400271,86.09213858144875,18728200
2022-10-17,84.28763580322266,85.63672552177354,84.15874772705196,85.31878630356142,18969900
2022-10-18,84.48526763916016,84.60556753684608,83.2393016034762,84.16732844907436,16931500
2022-10-19,82.94713592529297,83.71190233242184,82.76668608768584,83.51426960564602,25431600
2022-10-20,81.52930450439453,82.7752769766234,81.4090046182279,82.4315602064964,25434900
2022-10-21,80.0599365234375,80.71299785197758,79.27798711861274,79.9310418912995,46280300
2022-10-24,79.39826202392578,80.38644515132621,78.92565070686649,79.75916163557946,31332600
2022-10-25,81.70976257324219,81.83006902739261,81.15123014079711,81.27153003909477,31213100
2022-10-26,82.88701629638672,83.08465565130402,82.29410478748963,82.29410478748963,24843900
2022-10-27,83.75486755371094,84.12436194333861,82.68075671826446,83.33381794185455,20270000
2022-10-28,83.17916107177734,83.89236581570299,82.8440389537324,83.23071630352165,22244100
2022-10-31,82.58625030517578,83.02448944586274,81.65821679166935,82.80107251353263,23956700
2022-11-01,83.35808563232422,83.91799970419514,82.87570135969342,83.8835427458654,17585100
2022-11-02,82.99625396728516,84.09884976849705,82.66030701447806,83.47864455930738,25010500
2022-11-03,82.54833984375,83.02210806007324,81.91089620638431,81.97981009777364,29097500
2022-11-04,81.16148376464844,82.4019075945684,81.16148376464844,81.91951689849353,23561400
2022-11-07,80.35176086425781,81.71278070726164,80.31730391699296,81.6610985723597,14522800
2022-11-08,81.23037719726562,81.79890026143457,80.77382768399211,80.79967531726314,20360600
2022-11-09,81.49742889404297,81.85060109896273,80.70493883091461,80.8169189794032,15637500
2022-11-10,84.63292694091797,84.78797989437633,83.24606623831525,83.32359600103929,45380900
2022-11-11,84.32283782958984,84.73631464516586,84.02134774114433,84.04718880986951,15943100
2022-11-14,84.11611938476562,84.40899365103803,83.63372857562236,84.34008631143956,13741100
2022-11-15,85.47711944580078,85.53741746125219,84.51234462658752,84.63294065749034,26608200
2022-11-16,87.34635925292969,87.3894255059576,85.91642558379874,86.15761763112434,28507700
2022-11-17,86.42467498779297,86.63141013177287,85.95090010368098,86.31268824864374,24528900
2022-11-18,85.83030700683594,86.90706216957925,85.75278378967455,86.65725418318377,14941300
2022-11-21,86.19207000732422,86.84673879535146,85.9681097306752,86.73475865702694,15534000
2022-11-22,87.41529083251953,87.53588688058477,86.59695299551488,86.70032385328153,18103100
2022-11-23,88.93995666503906,88.93995666503906,87.93211563410277,87.98379776738449,23234600
2022-11-25,88.63848114013672,88.66432221101624,88.23362017104667,88.38867316831538,9486100
2022-11-28,88.8883056640625,89.42237208699996,88.45760354389085,89.25009386772841,14563200
2022-11-29,87.84599304199219,88.69016537998736,87.78569501784968,87.99243016176804,16576400
2022-11-30,88.49203491210938,88.49203491210938,87.3205249582591,87.53587595606994,21581700
2022-12-01,91.31897735595703,91.36214614141917,89.02218452993161,89.06535990303077,53156800
2022-12-02,92.4673843383789,92.4760207321286,90.32601982313189,90.92180582673414,24479500
2022-12-05,91.17218780517578,91.5175710375332,90.5764084816874,91.38805150194452,20159700
2022-12-06,92.34651184082031,92.72643415802222,91.69029076810305,91.95795971651039,21754500
2022-12-07,94.52241516113281,94.70373991151774,93.42582367707917,93.57261602631904,30546700
2022-12-08,94.26336669921875,94.50513300911051,93.65895092448939,93.85754185576995,13377300
2022-12-09,91.81114959716797,93.399903252084,91.75933783006435,93.20131233903814,25872200
2022-12-12,92.1047592163086,93.34813673963579,91.75074603058572,93.13227295226037,16897100
2022-12-13,92.99408721923828,94.18565916047903,92.78685989418514,94.15112017503053,23854700
2022-12-14,93.39128875732422,93.52943812109439,92.29469730284386,92.95956129063018,19517500
2022-12-15,93.75566101074219,94.44809837355128,93.61717750032363,93.81624878472007,20246200
2022-12-16,92.7083740234375,93.33156646192046,92.01593651321787,92.26694494558315,20838300
2022-12-19,91.15038299560547,91.60911998962386,90.8647586620666,91.60046930927946,26126800
2022-12-20,89.53179931640625,89.85204610486554,89.2375111662972,89.47986222899219,28869000
2022-12-21,89.75685119628906,90.36273556042283,89.11635090604234,90.26752525468142,15894100
2022-12-22,89.73955535888672,90.12039663331186,89.47988965294718,89.73089807440255,11322500
2022-12-23,88.42394256591797,88.98654065627267,88.30276037947613,88.7874693145215,15408900
2022-12-27,86.67552185058594,87.4804775352636,86.56300357768978,86.97846074190063,26475700
2022-12-28,86.16484832763672,87.22946301430773,85.99173568505908,87.11694474931133,17302900
2022-12-29,87.14293670654297,87.41125313031964,86.37260337076717,86.43319116334816,16593000
2022-12-30,86.1734848022461,87.03037738371793,86.00903607337021,86.44180770311804,20810200
2023-01-03,87.81803894042969,88.57971481038302,87.28139961622486,88.45853925388073,25313200
2023-01-04,89.02117156982422,89.56646834760483,88.46722410929206,89.34142512814657,21678200
2023-01-05,89.39335632324219,89.40201360963464,88.09504071451134,88.17294308489402,14771100
2023-01-06,91.03785705566406,91.14172464320849,88.83937597943178,88.89130647141789,27473700
2023-01-09,91.52257537841797,91.68703077010514,90.25022527206085,90.37140744732793,21472200
2023-01-10,90.00788116455078,90.72628396973016,89.58376663047002,90.47527552200819,20545200
2023-01-11,91.47062683105469,91.50524935950412,90.62239139297377,90.85609180911442,18794000
2023-01-12,93.27095794677734,93.31423115431572,90.50121512501194,91.59180164998834,32029600
2023-01-13,92.39678955078125,93.30561307303834,92.07653600596484,92.6997285236755,17750800
2023-01-17,91.79954528808594,92.31887669239208,91.44467587228807,91.46198383743082,13911700
2023-01-18,94.02397918701172,94.14515473733223,92.71701337947297,93.87683839070426,35497200
2023-01-19,93.4354019165039,93.79893514192827,92.9939795629278,93.56523473961462,17194700
2023-01-20,91.92070007324219,92.8208659393361,91.8428043423509,92.57851486068998,22754100
2023-01-23,91.48796081542969,91.92073263878285,91.30619744205023,91.37544251864449,12961500
2023-01-24,92.80357360839844,93.00264491214104,91.21962744445273,91.85147709468835,16417200
2023-01-25,93.02859497070312,93.40077884656914,92.3015351790613,92.93338468127894,11906500
2023-01-26,92.5958480834961,93.175760653333,92.17172700683362,92.73433161195324,15549400
2023-01-27,92.36214447021484,92.57853034141398,91.84281970005144,91.91206476369261,11845500
2023-01-30,92.02458953857422,92.75164955100905,91.91207125489035,92.14576510671782,11459700
2023-01-31,92.7602767944336,92.85548708871467,91.63507443117688,92.59582805268843,13705300
2023-02-01,93.87539672851562,94.23117912932582,92.34811905874689,93.32870379141404,25305800
2023-02-02,93.99687194824219,94.89067423440524,93.79728188038526,94.51753276711216,19548400
2023-02-03,92.5910873413086,92.94687633825713,92.05307399839783,92.65183099681666,20619500
2023-02-06,91.90555572509766,92.25265854892841,91.70596564288918,91.76670929911576,15182400
2023-02-07,91.16792297363281,92.18321900428673,91.11585888713375,91.40222460399923,18290300
2023-02-08,91.60182189941406,91.61918101125164,90.58653233544,91.15058430005715,13530700
2023-02-09,90.73405456542969,92.52166576948747,90.58653521293101,92.39149890881625,20469900
2023-02-10,89.7187728881836,90.62993437274388,89.48447781474468,90.59522276546365,16598300
2023-02-13,90.47373962402344,90.61257943898724,89.8836555141618,89.99646327760505,13134300
2023-02-14,90.26546478271484,90.96836323618298,89.5018292928979,90.42166370342308,15440300
2023-02-15,89.42372131347656,90.20470919314334,88.9464450576258,89.85760641131864,15246900
2023-02-16,88.15676879882812,88.70346824560741,87.93115332039196,88.57330139539515,19267300
2023-02-17,88.84231567382812,88.84231567382812,87.61876306591755,87.73157081484044,19560900
2023-02-21,87.11546325683594,87.81835510844279,87.02000799049893,87.65348324704796,22728000
2023-02-22,87.91380310058594,88.24356003721519,87.60140527670647,87.63611688164438,15165400
2023-02-23,88.77289581298828,89.02454334972695,88.05264494422214,88.11338859456619,15829100
2023-02-24,87.61876678466797,88.33901771055501,87.26297778974958,88.02661987813562,21403600
2023-02-27,87.86173248291016,88.25222642349861,87.56669379367642,87.89644408527198,14209200
2023-02-28,88.26089477539062,88.2695743300196,87.01998328586173,87.27163740561909,14955700
2023-03-01,87.31269073486328,87.88682671088955,86.95602517772164,87.70414678047787,19000000
2023-03-02,86.53849029541016,86.68637313012144,86.0165399474596,86.17312372446989,23763600
2023-03-03,88.63497924804688,88.64368019163834,87.48670025836167,87.79986785890084,30877300
2023-03-06,87.94775390625,89.02643866008799,87.85206343389838,88.92205388070484,16631900
2023-03-07,88.48709106445312,89.05253290010239,87.75636449489294,88.26091300281843,23096500
2023-03-08,88.57410430908203,89.57450064982156,88.22613949879741,89.0786529521509,20252400
2023-03-09,88.79155731201172,89.18301346895832,88.14782690221344,88.33920782760953,21550400
2023-03-10,91.8536376953125,91.94063385705351,90.47048633038466,90.49658252415684,43921500
2023-03-13,92.06240844726562,94.90700602230629,91.37518000825364,94.12408712742715,51502500
2023-03-14,90.54876708984375,91.87103164633247,90.25300140347441,91.46217361421918,38417800
2023-03-15,92.29730224609375,93.69785563994,91.64487078822285,92.88884036670505,45164100
2023-03-16,91.57524871826172,93.97619761299018,91.37517351521083,93.41075586037537,43089300
2023-03-17,92.94969940185547,93.71522294418287,92.61043569991439,92.77572039871208,38129000
2023-03-20,92.13198852539062,93.04538823136662,91.96670382945874,92.97579397656651,24242800
2023-03-21,91.34039306640625,91.70575304582184,90.94023595034987,91.40998733968785,18934900
2023-03-22,92.55826568603516,92.60175712889064,90.8532458232217,91.04462675503625,26388500
2023-03-23,92.55826568603516,92.6887532883519,91.183808663799,91.6535600500142,25475100
2023-03-24,92.94969940185547,93.45424780259425,92.436456696771,93.15847553300225,23652700
2023-03-27,90.76626586914062,92.00154120315969,90.75757156114234,91.38390685458833,22224500
2023-03-28,90.93153381347656,91.06202141494808,90.48787862322345,90.67925955379833,17794300
2023-03-29,90.74883270263672,90.86191839125578,90.12249767086502,90.20948717263919,16804400
2023-03-30,91.16641235351562,91.38388947588864,90.70535527910978,90.8706400159133,14315800
2023-03-31,92.53217315673828,92.69745126513351,91.4099903513819,91.64486273535164,25396700
2023-04-03,92.96734619140625,93.403403168527,92.1824423018486,92.33942307976012,18234800
2023-04-04,93.42957305908203,94.01389451237138,92.2260581004794,92.25222045662481,18052400
2023-04-05,94.40634155273438,94.51099762923404,93.67376897834224,93.98772390043754,23047700
2023-04-06,94.65052032470703,94.94704251007487,94.52842491123235,94.55458726359106,16447300
2023-04-10,93.12432098388672,93.97899553173907,92.93245486169326,93.87433946862419,19134400
2023-04-11,93.3161849975586,93.39467205284555,92.88885106013873,93.35979335296304,13971200
2023-04-12,93.22025299072266,93.4644438148614,92.33941610047853,93.35979440663104,20563000
2023-04-13,92.4876937866211,93.65632337085162,92.33942934752314,93.35980780005947,22079400
2023-04-14,91.64173889160156,92.05163352802973,91.37137903246928,91.9120920970322,19801900
2023-04-17,90.55156707763672,91.21436869904444,90.44691103829363,91.06611096691636,19528800
2023-04-18,90.874267578125,91.21439147378905,90.52542733394733,90.53414368246096,15922600
2023-04-19,90.7870864868164,90.90918194197891,90.24637994358338,90.62138931406916,16093900
2023-04-20,91.563232421875,91.81614624006025,91.35392695822887,91.42369766401116,16450100
2023-04-21,91.04869079589844,91.97312938350599,90.9353117326403,91.83359462202792,15244700
2023-04-24,91.92953491210938,91.99929897148515,91.43242357171046,91.53707964132624,17034300
2023-04-25,93.28130340576172,93.42956117419426,92.6882656783304,92.73187403549343,21899900
2023-04-26,92.28710174560547,93.52550200901466,92.15628331694639,93.13305337673904,19610400
2023-04-27,91.37139129638672,91.80744834622931,91.23185650036241,91.74640062539945,20247600
2023-04-28,92.8452377319336,93.10687454294519,92.32197076361089,92.62720927399076,26954100
2023-05-01,90.16809844970703,92.17028048694495,89.91454631358586,92.03913191026244,32487300
2023-05-02,92.41510009765625,92.41510009765625,90.8325919577945,90.92876714899552,30057800
2023-05-03,92.9309310913086,93.20196657449618,92.0478711786579,92.67737897102302,23656200
2023-05-04,92.0129165649414,93.07083700453852,91.93423141008041,91.99543319847051,25110500
2023-05-05,91.70690155029297,91.71564656819666,91.0249369046779,91.23477064090694,15096500
2023-05-08,90.42164611816406,90.8150918287717,90.33421596152682,90.5090762748013,20587000
2023-05-09,90.0981674194336,90.61401009050488,90.05444899929444,90.4916065187085,19182500
2023-05-10,90.97246551513672,91.13858080563982,90.6139932141434,90.64022159314426,22886800
2023-05-11,91.9342269897461,92.25771928261346,91.55827125899928,92.06537557870324,19147200
2023-05-12,91.1648178100586,92.02164940461526,91.14733444590158,91.84678908107003,14198500
2023-05-15,90.22054290771484,90.46534997510498,90.15934114086731,90.39540319285285,20085300
2023-05-16,89.94952392578125,89.96701396108821,89.27630431733134,89.52985646533024,29251700
2023-05-17,89.68720245361328,90.1943065744627,89.48610714000344,90.12435979838173,21340900
2023-05-18,89.02276611328125,89.40746690436337,88.96156432110864,89.35500346071896,25536600
2023-05-19,88.39322662353516,89.0577077518844,88.24459470563245,88.53312019602664,29038000
2023-05-22,88.07850646972656,88.92659323372351,88.0173046759585,88.52440906460546,20131100
2023-05-23,88.33204650878906,88.5243968828754,87.67631023558258,87.80745882432274,21749500
2023-05-24,87.89485931396484,88.62054214552485,87.89485931396484,88.55059536574971,18473400
2023-05-25,87.67633056640625,88.13097822339886,87.4577517579856,88.0435413636339,22492800
2023-05-26,88.38450622558594,88.45445303131415,87.43150601189367,87.53642622048598,17030300
2023-05-30,89.2675552368164,89.38995879641813,88.52438886195063,88.65553743880781,23125200
2023-05-31,90.04570770263672,90.21182970143786,89.06647908779543,89.17139262767434,23787000
2023-06-01,90.39897918701172,90.84606007899201,89.9694214368348,90.5392378918814,21040400
2023-06-02,89.40837860107422,90.35514999653762,89.36455067927204,90.29378555543661,19136500
2023-06-05,89.2418212890625,89.80286951542725,88.72460098425043,88.8473298657538,14433200
2023-06-06,89.76781463623047,89.82917908482362,88.88240757376651,89.276892359262,14332100
2023-06-07,88.43531036376953,89.79410303505252,88.34764783070476,89.56617509850605,25251100
2023-06-08,89.4697494506836,89.53988215645747,88.36518943174838,88.42655387724477,23845100
2023-06-09,89.34698486328125,89.65380696817996,88.83853298189466,89.06646084048525,22147400
2023-06-12,89.6100082397461,89.68014094033691,88.64570701540082,89.62753807078258,19010300
2023-06-13,88.72459411621094,89.70643178045786,88.51420271966585,89.5135702135324,25910800
2023-06-14,89.4346694946289,89.67136566855808,88.94375400532678,89.0927809662618,29094200
2023-06-15,90.2938003540039,90.8460804144281,89.94314348100383,90.32009844903979,25732000
2023-06-16,89.9431381225586,90.144767986194,89.44345428197528,89.80287939464874,16759100
2023-06-20,90.5655517578125,90.87238068659566,90.39022667412775,90.39022667412775,17162900
2023-06-21,90.78469848632812,90.86359944447013,89.71519823926778,90.12721948410797,19720100
2023-06-22,89.68889617919922,90.51293863240322,89.592465394751,90.11845392382197,23630700
2023-06-23,90.58306121826172,91.12657282824932,90.27623906936206,91.02138048475301,22901900
2023-06-26,90.67951965332031,90.99511015652118,90.43406185932481,90.83731490492075,12894900
2023-06-27,90.44277954101562,91.12655640338106,90.08336128515022,90.8109660533324,18105700
2023-06-28,90.82854461669922,91.03016779088483,90.14476743776868,90.65321953582277,23826800
2023-06-29,89.189208984375,89.71519080492061,88.93498298866325,89.56616384860668,41091600
2023-06-30,90.2411880493164,90.34638041067545,89.30318492727156,89.46974172883083,32024900
2023-07-03,89.72962951660156,90.76686490368684,89.71204550480228,90.39767442559268,16011800
2023-07-05,88.8769760131836,89.65929679182113,88.55173889485431,89.56260485681337,28170300
2023-07-06,87.6199722290039,88.23527833832966,87.43538039620617,88.07705580931253,41375700
2023-07-07,87.09256744384766,87.54965103155345,87.01345282489194,87.18046735998334,28996500
2023-07-10,87.20683288574219,87.4881166289893,86.89038783629749,86.89917983943025,24665200
2023-07-11,87.6551513671875,87.87490455183996,87.27717562133186,87.52329811512902,20485500
2023-07-12,88.6308364868164,88.8857509295256,87.69907862917813,87.98915437843344,31928000
2023-07-13,89.5625991821289,89.63292180428523,88.80664775978423,89.05277023099703,32441500
2023-07-14,89.03519439697266,89.60655397533046,88.9912410808165,89.41317011437849,18569000
2023-07-17,89.07913208007812,89.210985308999,88.70994840416672,88.98244686562555,18822000
2023-07-18,89.48348999023438,89.72082045372116,89.28131413099177,89.48348999023438,15407400
2023-07-19,90.49433135986328,90.52070736735753,89.42194177675049,89.6592721935351,27192500
2023-07-20,89.39559936523438,89.93179771146725,89.02641559756647,89.85268977825362,56951200
2023-07-21,89.42193603515625,89.96691944105201,89.33402942848562,89.79991164230937,20657500
2023-07-24,89.09672546386719,89.79114628335321,89.04398684928215,89.65050103601374,17546700
2023-07-25,88.92969512939453,89.21977087080977,88.60446478871683,88.63083409133033,17160600
2023-07-26,89.01759338378906,89.3867837325083,88.71873235128604,89.37799172968963,19310700
2023-07-27,87.28595733642578,88.71874551716907,86.94314294528883,88.52536166445917,44794400
2023-07-28,87.7342529296875,87.77820624596326,87.15410805158747,87.3738612202973,27434000
2023-07-31,87.9452133178711,88.1913357728726,87.5672376315948,87.59360693658297,28663800
2023-08-01,86.50404357910156,87.19156190817809,86.29250102972794,87.12104548344809,34943400
2023-08-02,85.57855224609375,85.7107688894516,84.97918268253144,85.53448451485302,38121300
2023-08-03,83.60413360595703,84.01840925680322,83.33089082553397,83.90382509319748,59394800
2023-08-04,85.0849838256836,85.21720052064508,83.8509725474105,83.86860502664295,42071800
2023-08-07,84.24756622314453,84.79405166667493,84.17704980307094,84.71472573770411,35862900
2023-08-08,85.22596740722656,85.82534358245145,85.0056086181706,85.37580976982865,24010500
2023-08-09,85.66669464111328,85.75483682170714,85.35818692180877,85.39344513900977,20151100
2023-08-10,84.25639343261719,85.81653761162441,84.25639343261719,85.53447859689109,37253200
2023-08-11,84.06249237060547,84.50321004885687,83.91264324913826,84.000792164643,26753500
2023-08-14,83.87739562988281,84.55609792684247,83.64822054364959,83.92146336485409,19072000
2023-08-15,83.36614990234375,83.91263546882217,83.34851743095044,83.56006673876543,24125000
2023-08-16,82.7138900756836,83.55125769367775,82.60812213749094,83.10172378190481,23076700
2023-08-17,82.36132049560547,82.51116288976584,81.99111254116141,82.41420446417548,32244900
2023-08-18,82.65216064453125,83.02236847175512,82.23789182506435,82.35247595919574,24181700
2023-08-21,81.5504150390625,81.76196441529835,81.29480464454521,81.67382220427658,29254100
2023-08-22,82.17621612548828,82.22028385567683,81.49750717737159,81.65616580064922,21308700
2023-08-23,84.21231842041016,84.2211346552129,83.05764047947319,83.11934067345875,38294700
2023-08-24,83.65703582763672,84.22115393746311,83.63940335399434,83.85094596397465,22300800
2023-08-25,83.9302749633789,84.18589202143194,83.30445667289793,83.43667332014164,23865200
2023-08-28,84.01842498779297,84.31811653114545,83.63940748358812,84.30930029388897,16037300
2023-08-29,84.89102935791016,85.06732044816323,83.68346733255964,83.70990931489324,28478100
2023-08-30,84.80288696289062,84.9703618170074,84.51201170831436,84.75881923405079,17550100
2023-08-31,85.1819076538086,85.54329935811427,84.99680704604876,85.09376546794454,26959700
2023-09-01,83.85490417480469,84.71246201054568,83.65156975199324,84.69478339573149,32469700
2023-09-05,82.67906188964844,83.35980647030826,82.65254059988014,83.35096379205642,29435900
2023-09-06,82.88241577148438,83.20068478764594,82.62603202263266,83.18299942842125,23636300
2023-09-07,83.11225891113281,83.16530148650318,82.82051125662238,83.10341623357552,18091500
2023-09-08,83.43054962158203,83.89911047957254,83.25372974923474,83.43938555645805,17052100
2023-09-11,82.82937622070312,83.08575997895508,82.70560568154542,82.83821215565118,17061500
2023-09-12,83.30677795410156,83.31561388885781,82.73212518049284,83.0061875476803,20034300
2023-09-13,83.28910064697266,83.57200572125588,82.94431029847088,83.03271686949896,23332300
2023-09-14,82.68791198730469,83.28908600761443,82.57298413966747,83.05038763329472,27800600
2023-09-15,82.1839828491211,82.64370770529891,82.1839828491211,82.62602234814497,25642900
2023-09-18,82.65252685546875,82.68789081760815,82.0601956658525,82.08671695121052,17963400
2023-09-19,82.04254150390625,82.59950889734549,82.04254150390625,82.29008256765702,24941800
2023-09-20,82.29891967773438,82.74980190457168,82.25471976999783,82.47573954364519,29451200
2023-09-21,80.18595886230469,80.77829689086981,80.17712292910777,80.7075689553714,59958700
2023-09-22,80.83135223388672,80.99048674139308,80.15945023052784,80.28322076470076,29524500
2023-09-25,78.8421859741211,79.60249465125911,78.81566467642848,79.26654697217062,45587900
2023-09-26,78.56810760498047,79.2311668925082,78.42665171938039,79.06318971460506,38104100
2023-09-27,78.16143798828125,79.23117291068144,77.87852619559189,79.16044496250909,47111200
2023-09-28,78.40015411376953,78.44436077762249,77.00330717389085,77.46303219599797,60238000
2023-09-29,78.40899658203125,79.1162559868234,77.91390757918786,78.92175745838384,49010100
2023-10-02,77.09642028808594,77.98329961648156,76.90130575322253,77.88574234904986,44704300
2023-10-03,75.43792724609375,76.84806840583728,75.28715943667744,76.54652602065472,71362600
2023-10-04,76.50218963623047,76.54652952943542,75.71286781386969,76.0676140249103,56281600
2023-10-05,76.12083435058594,76.44011136610578,75.95232515729755,76.36915941457903,35758800
2023-10-06,75.19847869873047,75.99667123136241,74.55105398716498,74.67521651820212,62787900
2023-10-09,76.96337890625,76.98112028010125,75.34038828279087,75.82817456842665,29424900
2023-10-10,76.85696411132812,77.30926768682407,75.84591547474058,76.1385872704277,54743900
2023-10-11,78.46219635009766,78.46219635009766,77.69060908452103,77.91232886316769,58517700
2023-10-12,76.33366394042969,78.21384957751773,76.20950144014876,78.08968707723679,66986700
2023-10-13,77.69947052001953,77.89458498461606,77.30924159082646,77.69059983535155,44183800
2023-10-16,76.448974609375,76.59974919662392,76.1829149430278,76.44011069027542,38309800
2023-10-17,75.60645294189453,75.943464607098,74.94129353184854,75.28717588376433,52949100
2023-10-18,74.94125366210938,75.13636806786899,74.36478112682359,74.83482577723656,63724600
2023-10-19,73.40699005126953,75.0033753535723,73.38038475728973,74.391426526631,87696900
2023-10-20,73.82380676269531,74.08987317174825,73.4069725461423,73.60208701060115,52188800
2023-10-23,74.710693359375,75.26056083630407,73.09657367083868,73.44245597792856,70890400
2023-10-24,75.69512939453125,75.69512939453125,74.57765984040736,74.88807293669493,46267700
2023-10-25,74.01004791259766,74.61312588751784,73.72624691065579,74.51556865875504,60737200
2023-10-26,75.145263671875,75.22507953723978,73.96571293047282,74.03666487725266,49704100
2023-10-27,74.82597351074219,75.35809948525377,74.26723548610848,74.66633504175383,32362300
2023-10-30,74.48898315429688,74.94129344719562,73.82382374500224,74.3293446254121,45026900
2023-10-31,74.12535858154297,75.18074013476244,74.09875329052032,74.82599389932605,37269200
2023-11-01,75.7325668334961,75.75036912407504,74.77144682976872,74.78924912034765,72308500
2023-11-02,77.45899963378906,77.6992761693638,76.72926209480696,77.13862639330107,69739400
2023-11-03,77.98406219482422,79.24775983222688,77.93957005458417,79.03417311657425,77692300
2023-11-06,77.22764587402344,77.60141252895896,77.06745919482464,77.48572478993178,41341900
2023-11-07,78.36672973632812,78.75829859125643,77.94846423939714,77.9662665271212,37834200
2023-11-08,79.70161437988281,79.7550144522835,78.71379791026092,78.74050134125291,53893400
2023-11-09,77.86837005615234,79.2299530405152,77.19202574086708,79.14986311888588,88975100
2023-11-10,78.3044204711914,78.69598925192452,78.10863608082484,78.51800714590881,36516400
2023-11-13,78.12647247314453,78.25996250572562,77.33444021330449,77.61921578100446,25661500
2023-11-14,79.89738464355469,80.22665900493566,79.46132373546364,80.09316903196596,65666800
2023-11-15,78.7761001586914,79.32785569772909,78.58921686069088,79.21216797694323,56205300
2023-11-16,79.75501251220703,80.05758349358993,79.42573810048172,79.47023702813597,49473900
2023-11-17,80.1287841796875,80.47585411089139,79.77281310446766,80.23557753912851,44091400
2023-11-20,80.61824035644531,80.68054157643353,79.746118330782,79.75501947500655,40477800
2023-11-21,80.58262634277344,80.80510735775671,79.99527320421836,80.53812742394408,27721000
2023-11-22,80.86741638183594,81.2678795653305,80.4313486251793,81.08989743701802,31197500
2023-11-24,79.91519927978516,80.3245636144719,79.90629813632282,80.18217247740706,20199600
2023-11-27,81.25008392333984,81.28567491727244,80.28006299389381,80.36015970419957,39804400
2023-11-28,81.41027069091797,81.45476282819983,80.79622080601469,80.90301415674051,44989300
2023-11-29,82.43368530273438,82.4959797320286,81.67725100713778,81.97092765506066,61647800
2023-11-30,81.48146057128906,82.13110824856022,81.12549630988451,81.84633276568674,60520900
2023-12-01,83.0160903930664,83.07858207095124,81.35558945374694,81.51628331274824,64172200
2023-12-04,82.6857681274414,82.87324313381978,82.21260913677476,82.56970730605403,33766300
2023-12-05,84.46233367919922,84.47126300762488,83.53388104430586,83.58744339269599,73588600
2023-12-06,85.58718872070312,85.74788257329001,84.69444660879414,84.88192163496521,61606100
2023-12-07,85.09618377685547,85.77466973638683,84.86406890444802,84.97120041734736,47970200
2023-12-08,84.39983367919922,84.56052751960456,83.83740864332114,84.2927021819019,44809200
2023-12-11,84.22128295898438,84.31056261415468,83.4981640674585,83.92668325459917,33909700
2023-12-12,84.47126007080078,84.54267426247745,83.82848466813884,84.05167019344748,36996900
2023-12-13,86.45314025878906,86.57813041690827,84.82834993621832,84.9622626112105,70828500
2023-12-14,88.7020492553711,88.7020492553711,87.25114495314156,87.4660982940079,87798600
2023-12-15,88.80056762695312,88.9796885775759,88.29006540134934,88.38858397409973,59941300
2023-12-18,88.093017578125,88.21840359496821,87.78850379934478,88.21840359496821,34746000
2023-12-19,88.56769561767578,88.89907685783393,88.3617072294083,88.54082816120832,30018400
2023-12-20,89.16778564453125,89.28422043568865,88.2900832428781,88.76476000767406,51229400
2023-12-21,88.60353088378906,89.41854009575766,88.44231929428602,89.32897962003959,65231200
2023-12-22,88.20050811767578,89.00655925767241,87.9855547695186,89.00655925767241,29244200
2023-12-26,88.4512710571289,88.54978962327104,88.2004990098674,88.25423392484464,24019700
2023-12-27,90.01861572265625,90.036525085801,89.11403914074391,89.36481122293108,45082800
2023-12-28,89.36479187011719,90.07233113907888,89.16775475306136,89.64243135340934,36213000
2023-12-29,88.55874633789062,89.40062983382303,88.4871020578532,88.78265094144489,41616200
2024-01-02,88.04823303222656,88.35274680790398,87.77059354533495,87.97658876120721,47797400
2024-01-03,88.41545867919922,88.53188662334288,87.00933791919486,87.21532634598955,58159500
2024-01-04,87.0720443725586,87.44820255753723,86.93770021134398,87.25116536549284,52604500
2024-01-05,86.23908996582031,87.48399890004588,86.16743885936941,86.42716899548472,45894800
2024-01-08,87.0899429321289,87.21532897822999,86.05998026798974,86.18537314711786,39485800
2024-01-09,86.53466033935547,87.02724640548546,86.50778604510684,86.55256970249447,34374000
2024-01-10,86.13163757324219,86.91978630020729,86.08686074386397,86.80335151116334,48227800
2024-01-11,86.61524963378906,86.7227262954615,85.719631285596,86.13161490580171,78858900
2024-01-12,86.44509887695312,87.11681278508215,86.22119424091011,86.67796161168548,38883900
2024-01-16,84.92254638671875,85.79129743001612,84.64490683668525,85.639043924064,61716700
2024-01-17,84.78816986083984,85.08372549458899,84.33140951743587,84.72547686274375,55506800
2024-01-18,84.00006103515625,84.7076004793865,83.74928894515607,84.60012379808914,77339100
2024-01-19,84.26875305175781,84.34040418160403,83.5253947869438,83.92842043453005,47030900
2024-01-22,84.77027130126953,85.15538743377601,84.53740863595684,84.92252476846332,35756400
2024-01-23,84.09854888916016,84.1791512459115,83.67760724917122,84.08959079406851,35786700
2024-01-24,83.60595703125,84.67174486852431,83.38205248278226,84.64487741599211,54574900
2024-01-25,84.15231323242188,84.38517595509491,83.80302256492577,84.18813879229671,57019400
2024-01-26,83.99108123779297,84.25081135905704,83.73135111652888,84.12542534645027,29276900
2024-01-29,84.9583740234375,85.23601358025705,84.29561822666159,84.46578110034433,38243600
2024-01-30,85.72858428955078,85.83605411181316,84.85087535393124,85.51363781200071,40151400
2024-01-31,86.57048797607422,86.79439260233177,85.97937648290134,86.1764136472923,80646700
2024-02-01,88.26863861083984,88.65499388736119,87.32521771817918,87.5318688806144,84291200
2024-02-02,86.31888580322266,86.81306349414508,85.97745830631916,86.49858304264339,63823300
2024-02-05,84.57579040527344,85.22271140931626,84.47695487104413,85.02504034085761,53827400
2024-02-06,85.40242004394531,85.49226866484427,84.64767654737116,84.67463044813981,33411500
2024-02-07,84.9891357421875,85.56418221140494,84.92624099860303,84.97116875331176,40120200
2024-02-08,84.49495697021484,84.7285689342629,84.15352937276946,84.47698312797375,50087700
2024-02-09,84.32423400878906,84.46799731689072,84.15352364918316,84.24337228924077,27951300
2024-02-12,84.42305755615234,84.58478782724694,84.00974838669077,84.3691497507911,27890300
2024-02-13,82.9764633178711,83.61439741599646,82.95849633630861,83.43470018033106,49768500
2024-02-14,83.39876556396484,83.60542356985685,82.8686538808242,82.93154860348513,44191600
2024-02-15,83.83003997802734,84.20740827536655,83.56048727706509,84.06364500685069,49598500
2024-02-16,83.34487915039062,83.42574087670296,82.9675038625625,83.09330019518015,33116800
2024-02-20,83.41671752929688,83.73119794099608,83.30890194129432,83.37179665263228,24469300
2024-02-21,82.82376098632812,83.47068232301673,82.67101757489152,83.40778757389498,36343100
2024-02-22,83.22807312011719,83.34488253621907,82.90461249170266,82.95852716644687,45190700
2024-02-23,84.3421859741211,84.45898849039995,83.33586364345314,83.33586364345314,38406700
2024-02-26,84.0905990600586,84.4859411941918,83.73120459813018,84.45898729504815,27855000
2024-02-27,83.49761199951172,83.98280286119271,83.42573034851938,83.77614482834261,30242000
2024-02-28,84.0277099609375,84.09959160013243,83.47064439470289,83.63237465538626,34574200
2024-02-29,84.62073516845703,84.72855764249718,84.26133377666794,84.29727460134798,51038600
2024-03-01,85.14801025390625,85.18406400982323,83.8320791074152,84.2196483878342,45832800
2024-03-04,84.8055191040039,84.8686183462457,84.4359800696936,84.45400351279689,23864200
2024-03-05,86.01327514648438,86.23860595144986,85.59866729053395,85.83301325313217,37721900
2024-03-06,86.51803588867188,86.68027438445007,85.99527351476631,86.06737416446046,40571600
2024-03-07,86.4368896484375,86.88755121399083,86.05833558374465,86.85149746356059,39075000
2024-03-08,86.28368377685547,86.57210696194568,86.05835294861153,86.34677613370174,25023200
2024-03-11,86.23860168457031,86.53603998278031,85.9591937007337,86.49097107339695,17787900
2024-03-12,85.51753997802734,85.81497827479147,85.34629325161322,85.66175498611301,29566000
2024-03-13,85.10293579101562,85.39135894299496,84.91365874220578,85.17504329814805,38270100
2024-03-14,83.7960205078125,84.49905151617905,83.69687440390949,84.48102807753777,58365600
2024-03-15,83.76898193359375,83.99431273769612,83.63378207582224,83.87713631857062,34997700
2024-03-18,83.51660919189453,83.81404061523163,83.3723941822946,83.57970153945696,29519500
2024-03-19,83.75093841552734,84.06640011622979,83.54363795930117,83.68784607538684,26953100
2024-03-20,83.72392272949219,84.53511509362421,83.18313011225459,83.91319980169779,43460100
2024-03-21,83.9041748046875,84.21062827367071,83.57970477363234,84.06641325849029,34276600
2024-03-22,84.70636749267578,84.91366800260104,84.52609870518522,84.89564456212754,30262300
2024-03-25,84.2827377319336,84.49905338316033,84.09346067754139,84.46299962853078,24011800
2024-03-26,84.51705169677734,84.60718949483014,84.07540536782248,84.28271267617596,34423000
2024-03-27,85.35530853271484,85.35530853271484,84.67030781777709,84.71536985408711,50157800
2024-03-28,85.2831802368164,85.64370391655955,85.01278060046066,85.16600385200633,34540400
2024-04-01,83.69344329833984,84.37167215197533,83.61205224826723,84.36262716878934,48945400
2024-04-02,83.23223114013672,83.37691634921933,82.59921351491433,82.8072066958887,43086300
2024-04-03,83.2141342163086,83.24126915883507,82.33696425498808,82.52686745688008,45494400
2024-04-04,83.81099700927734,83.8833430731658,83.23224229677041,83.76577899452195,47957400
2024-04-05,82.64445495605469,83.35885692032406,82.63540997189139,82.9157492865423,42495900
2024-04-08,82.6353988647461,82.82530211084168,82.4093225861608,82.49975861703531,37879800
2024-04-09,83.404052734375,83.521609899991,83.0513674389278,83.07850238419265,32522000
2024-04-10,81.58641052246094,82.5630617257555,81.43268030508142,82.47262569266105,74368900
2024-04-11,81.21563720703125,81.78535382424613,80.94434982201011,81.73109082780171,65751200
2024-04-12,81.64970397949219,82.24654172622367,81.64065899716746,81.96620936785736,47900100
2024-04-15,80.38369750976562,80.71829295428417,80.04910206524708,80.68211991439281,55993100
2024-04-16,79.85013580322266,80.10334010422916,79.38893831250383,79.6240595488526,45103200
2024-04-17,80.73635864257812,80.82678777318675,79.99482873270671,80.36559713729262,57947000
2024-04-18,80.32942962646484,80.727319208351,80.11239141892597,80.70019115723387,43839500
2024-04-19,80.61882019042969,80.83585153416675,80.40178884669263,80.83585153416675,44826800
2024-04-22,80.483154296875,80.59167339315826,80.16664889017434,80.19377693942005,24969000
2024-04-23,80.51030731201172,80.97150499010543,80.07624459087857,80.23901983612913,27222700
2024-04-24,79.9405746459961,80.1485609617001,79.12669865143549,80.08525987875097,48986800
2024-04-25,79.3798828125,79.4884018839665,78.98198644975501,79.0905055212215,49282600
2024-04-26,79.7958755493164,80.13047090101561,79.62406228162222,79.80492053160557,31589800
2024-04-29,80.46507263183594,80.5012387652598,80.01292007173174,80.17569526934128,39228600
2024-04-30,79.7778091430664,80.23900674592024,79.66929003083567,79.9586674308162,41054700
2024-05-01,80.3658447265625,80.95570384061962,80.07545350596908,80.40214449457078,59679500
2024-05-02,80.71067810058594,80.77420095510597,79.88487406835362,80.04821954047256,58925400
2024-05-03,81.52739715576172,81.78149549300659,81.01013765673169,81.60907335217264,50066100
2024-05-06,81.84501647949219,81.89946266020966,81.373126501702,81.55462530987961,23868200
2024-05-07,82.34410858154297,82.79784513940122,82.22613956894918,82.48930760332341,30525800
2024-05-08,81.84501647949219,82.09003121619246,81.81779338913346,81.95390884092716,31171700
2024-05-09,82.24430084228516,82.37134654755852,81.5092497012791,81.5546261346503,39606700
2024-05-10,81.7814712524414,82.01740925331328,81.63627224562514,81.92666333578796,21913800
2024-05-13,81.99020385742188,82.22614883266178,81.95390409788719,82.17170265509534,23157500
2024-05-14,82.4530258178711,82.50747200116966,82.05373534442306,82.26245725285415,25746400
2024-05-15,83.57829284667969,83.72349190368159,83.15177927107675,83.3695778565796,65142900
2024-05-16,83.49661254882812,83.86867296721027,83.43308970064234,83.84144987848367,37902400
2024-05-17,82.93399810791016,83.30606554597458,82.8886216659847,83.16086647059149,24755000
2024-05-20,82.68898010253906,82.87047201622742,82.58915747296864,82.65268033510684,17922800
2024-05-21,83.11548614501953,83.27883163545654,82.97029399989367,83.24253879177958,15334400
2024-05-22,83.21531677246094,83.28791631373846,82.8160331423812,82.82510289243591,38073700
2024-05-23,82.67990112304688,83.30605997770556,82.41673300911022,83.30605997770556,51294700
2024-05-24,82.9249267578125,83.00660297382656,82.48934335064895,82.55286621933836,19164400
2024-05-28,81.73612976074219,82.90677129044431,81.69982999352592,82.87954819590028,45973700
2024-05-29,80.74697875976562,81.12811589111554,80.47473399538885,81.07366278415701,45508400
2024-05-30,81.52739715576172,81.6453731146362,81.16441337806972,81.30960550445216,29548600
2024-05-31,82.08094787597656,82.27152333994702,81.89945600601646,82.10817788759452,41308800
2024-06-03,83.40858459472656,83.47232450263716,82.50711819795421,82.53443430889747,42272100
2024-06-04,84.3829116821289,84.50129077742805,83.76372093184035,83.95494068525049,42581500
2024-06-05,85.00208282470703,85.00208282470703,84.12793260484806,84.6833833092056,43153900
2024-06-06,84.87460327148438,85.07493066671907,84.55590375503303,84.61053597295943,22891900
2024-06-07,83.31754302978516,83.61803419654808,83.22648699513492,83.61803419654808,35240500
2024-06-10,82.76207733154297,82.91687325737587,82.54354149818306,82.86224103581812,20586500
2024-06-11,83.6180191040039,83.65444290071575,82.78939335984931,82.88955706402469,30329200
2024-06-12,84.24629974365234,85.20240518074401,84.21898363638594,84.70158672376685,42554600
2024-06-13,85.48468780517578,85.5848515046793,84.63785367572788,84.88371255528325,33093800
2024-06-14,86.20404052734375,86.35883644293239,85.8124934221247,85.97639702307984,28776700
2024-06-17,85.34809112548828,85.42093175461748,84.9383287193912,85.1568645010333,31040200
2024-06-18,86.1312026977539,86.14031038415237,85.34811534571662,85.49380359244593,26881000
2024-06-20,85.55752563476562,85.59394942562335,84.99296729716254,85.05671414150939,30246300
2024-06-21,85.55752563476562,86.03102796878828,85.2206107796775,85.81248522364194,22596400
2024-06-24,85.903564453125,85.903564453125,85.35722133679889,85.6395040554856,56939100
2024-06-25,86.04924011230469,86.09477158962804,85.63037692001656,85.65769302755935,22890200
2024-06-26,84.81999206542969,85.11137554510027,84.7835682620796,84.93836421596987,38489100
2024-06-27,85.15686798095703,85.32987924485437,85.0658119804791,85.15686798095703,23140800
2024-06-28,83.57247924804688,85.38451953335414,83.57247924804688,85.34810268741984,55119600
2024-07-01,82.13011932373047,83.19887791910489,82.04790337142644,82.59598416629342,49735400
2024-07-02,82.7695541381836,82.95224543189839,82.28541593753589,82.83349678790638,34204700
2024-07-03,83.85657501220703,83.93878399268924,83.20800497646306,83.28108427193072,35563300
2024-07-05,84.55079650878906,84.70609173393908,83.94790982198514,84.28588932379705,34895500
2024-07-08,84.7334976196289,84.81570659231986,84.24022287580954,84.53253306075162,16095700
2024-07-09,84.3589859008789,84.6604327906805,83.92052403319087,84.46860485241378,30289800
2024-07-10,84.62388610839844,84.66042575587382,84.27676991122001,84.45032452519665,23572500
2024-07-11,85.44600677490234,85.99408752306248,85.38206413710407,85.57389205049888,49761800
2024-07-12,85.8114013671875,85.8114013671875,85.26331361720413,85.43687520264722,27796500
2024-07-15,84.8248519897461,85.22678114893297,84.75177269367116,84.9527372732646,37918900
2024-07-16,86.021484375,86.05802401816584,85.30897875632694,85.4368640227952,36383700
2024-07-17,86.0397720336914,86.23159996539309,85.58303687176583,85.79313114348531,29036800
2024-07-18,85.38207244873047,85.99409589426708,85.29985649542938,85.57390038079902,34553100
2024-07-19,84.87966918945312,85.09890710663838,84.7883235419057,84.98928814804576,32164700
2024-07-22,84.63301849365234,85.42773313617451,84.31330530590063,85.31812116850237,36160400
2024-07-23,84.5142593383789,84.98013108901023,84.48685634761668,84.77916653112125,23498000
2024-07-24,83.60079956054688,84.81571674336548,83.55513022666088,84.57821251179202,50757100
2024-07-25,84.28589630126953,84.82484736893137,84.00272275593655,84.06666539421255,44999100
2024-07-26,84.943603515625,85.08976211275905,84.68783293986591,84.90706386634149,34423800
2024-07-29,85.40032196044922,85.58302017110303,85.15368808759673,85.56474686542559,25801300
2024-07-30,85.72918701171875,85.91188525485347,85.22678252385536,85.63784137476408,28169800
2024-07-31,86.60611724853516,86.63352024256533,86.085439454286,86.35034667861983,47445300
2024-08-01,87.35307312011719,87.90298790739536,87.1789399637723,87.19726719353497,77254200
2024-08-02,90.07512664794922,90.1576166647657,88.80117088260248,88.90198812956866,91912900
2024-08-05,90.55171203613281,91.59653889103417,89.72684688951158,91.3674100721092,90686300
2024-08-06,88.52621459960938,90.19427925501144,88.52621459960938,89.95598330531726,61316900
2024-08-07,87.9029769897461,88.39788904889663,87.52720239794144,87.93963144471893,51337100
2024-08-08,87.36225128173828,87.43557419497763,86.92232079476003,87.17895099109776,37815800
2024-08-09,88.22377014160156,88.48039332253248,88.06795721678729,88.45289898064092,32141800
2024-08-12,88.5445556640625,88.73702306399024,87.87549632792134,88.0129750400005,24261400
2024-08-13,89.15861511230469,89.23193802094768,88.88366469357963,89.17694933569415,30366900
2024-08-14,89.71769714355469,89.96516023166538,89.36942378866547,89.40608524588401,31334100
2024-08-15,88.99363708496094,88.99363708496094,88.1779390012033,88.36124626255487,38723700
2024-08-16,89.30525207519531,89.39690220568345,88.91115022088526,89.30525207519531,28541000
2024-08-19,89.71769714355469,89.96516023166538,89.2777736418481,89.28693376180925,25322100
2024-08-20,90.43256378173828,90.60670392788217,89.92848455770334,90.11178482236025,25239300
2024-08-21,90.48755645751953,90.91831276443929,90.01096459726861,90.4325607859788,29230000
2024-08-22,89.58936309814453,90.09344926805777,89.29607850631945,90.02929348211029,33453800
2024-08-23,90.17594146728516,90.43256463721521,89.78183960133347,89.99264120089425,32005100
2024-08-26,89.94681549072266,90.4600618468603,89.89182680755282,90.4509017279701,23198700
2024-08-27,89.79103088378906,89.89184815518075,89.277784405765,89.35110033658357,21507700
2024-08-28,89.68102264404297,90.00180160748195,89.5710452808393,89.82766845159048,18501400
2024-08-29,89.38773345947266,89.48855069890209,89.02112595177077,89.24109465186586,24988200
2024-08-30,88.43456268310547,89.80933568509003,88.41623545309346,89.52521816893282,42896200
2024-09-03,89.88093566894531,90.16597782364092,89.57749962446796,89.70622879208621,48947900
2024-09-04,91.03949737548828,91.05788424847772,89.93609558537403,90.0004601636564,40885200
2024-09-05,91.55442810058594,91.65557345563586,90.82802373941564,91.34294044496868,47450900
2024-09-06,91.54521942138672,92.66700811345551,91.20500964820108,91.53602949226115,57406400
2024-09-09,91.94060516357422,92.04175050711012,91.17742713763946,91.39810469843907,26961400
2024-09-10,92.5842514038086,92.78654207649555,91.78428565687729,91.83026336074711,31703400
2024-09-11,92.51069641113281,93.08997763861747,92.27162496152397,92.40035412318723,39497100
2024-09-12,92.07852172851562,92.45551924539609,91.66475046799006,92.28081239462588,41618700
2024-09-13,92.32678985595703,92.51068663455219,91.96817921183536,92.37276054299961,25722100
2024-09-16,93.17273712158203,93.20951788463053,92.32680061710634,92.52908429105321,30866300
2024-09-17,92.72218322753906,93.45778449927182,92.63023482237588,93.30147150897304,31699400
2024-09-18,91.57280731201172,92.62104154163227,91.52683661870009,92.17048244676997,48897000
2024-09-19,91.2693862915039,91.31535698884701,90.81882715712901,90.95675327958635,39979800
2024-09-20,90.91997528076172,91.26019212448628,90.77285922348501,91.02112063929566,37067600
2024-09-23,90.72686767578125,91.11305515936392,90.12919256154342,90.57055469650443,35703900
2024-09-24,90.7084732055664,90.92915074695925,89.97287204730684,90.11079814138208,31005400
2024-09-25,89.95449829101562,90.4050503831558,89.91771752621857,90.349882743567,36738200
2024-09-26,90.16598510742188,90.34069199839413,89.57750686071053,90.17518205305569,33332300
2024-09-27,90.63491821289062,90.8096250789799,90.3038983693599,90.6073343951319,28317600
2024-09-30,90.20275115966797,90.76364549319135,90.00046048000866,90.69928091468275,34175500
2024-10-01,90.85401916503906,91.62889720542644,90.76177362253394,91.13998949605386,45254200
2024-10-02,90.08837890625,90.15295149271503,89.53489155039657,89.81163522832328,35810800
2024-10-03,89.23973083496094,89.95003655682946,89.23973083496094,89.79321133438533,39677800
2024-10-04,88.1419677734375,88.52017662690257,88.00359593421501,88.04049556053329,56954100
2024-10-07,87.47779846191406,87.88368032151816,87.41322586803035,87.61617031677484,42606600
2024-10-08,87.6253662109375,87.66226583143106,87.02575969421252,87.07188597930022,33709600
2024-10-09,87.12725067138672,87.55159287958806,86.92431327175349,87.33019510890445,35807700
2024-10-10,86.78594207763672,86.79516170640454,86.16788913173406,86.60144393401197,53667400
2024-10-11,86.4354019165039,86.77671821482454,86.1771115449682,86.23246450878642,27406400
2024-10-14,86.49996948242188,86.50919614883617,85.77122470703364,85.82657062975063,28795300
2024-10-15,87.55158996582031,87.63460884865037,87.05345555518714,87.1364744380172,46429100
2024-10-16,87.92057037353516,88.20654071919515,87.76375223945703,87.99436962647219,32281500
2024-10-17,86.52764892578125,87.11802889058421,86.40772337681906,86.97965704679632,43427200
2024-10-18,86.59220886230469,86.97041767298732,86.58298219729781,86.7582536430121,25258600
2024-10-21,85.0793685913086,85.87268591918095,85.0793685913086,85.8081133330326,49504700
2024-10-22,85.16238403320312,85.56827286568203,84.95021295134812,85.4668006575623,32096900
2024-10-23,84.93175506591797,85.20849869354237,84.55354628190629,84.71958401302156,33354200
2024-10-24,85.47603607177734,85.78967235596946,84.83030313238882,85.07937386431502,32507400
2024-10-25,84.99632263183594,85.82654642790145,84.88562377973307,85.78042014672133,28667100
2024-10-28,84.76573181152344,85.13472106271578,84.33216996921378,85.11626772931965,33156500
2024-10-29,84.89485931396484,84.92253227041144,83.9262706489187,84.10153505237479,46545200
2024-10-30,85.14395141601562,86.05719439789814,85.01480622818922,85.64207883312616,41951100
2024-10-31,85.28230285644531,85.73431798082368,84.74727589274886,85.05168548037284,52173800
2024-11-01,84.0799789428711,85.63495908353275,84.04296182715706,85.39431252319257,80402000
2024-11-04,85.38504791259766,85.68123424619746,84.81118380178087,85.41281427799152,49747600
2024-11-05,85.83856964111328,85.98666631794289,84.78340553443614,85.18140652636792,46986000
2024-11-06,83.48761749267578,83.96892480157389,82.88599394901424,82.96929306306926,98895700
2024-11-07,84.53351593017578,84.80193590741223,83.9041190673964,83.99667597570289,56221400
2024-11-08,85.607177734375,85.70899243887014,85.00554731553241,85.15364399903027,56756200
2024-11-11,85.19068145751953,85.43133507492021,84.80193819516124,85.38505308869867,22369200
2024-11-12,83.91337585449219,85.01481505470888,83.77453696290405,84.57053907559406,57908400
2024-11-13,83.11737060546875,84.72788332685808,83.04332225786395,84.70936770913733,49009100
2024-11-14,83.59867095947266,84.25583415748979,83.55238897668927,83.82080894122683,53328300
2024-11-15,83.37652587890625,83.90410795417766,82.84894380363484,83.22842919591992,73722400
2024-11-18,83.52462005615234,83.84857274080699,82.7656421685448,82.98778720514132,36010600
2024-11-19,83.95038604736328,84.29285434349643,83.87634476470754,84.06145856380509,29585100
2024-11-20,83.6819839477539,84.07072721296956,83.4043061516629,83.44133032858434,27755400
2024-11-21,83.61717224121094,84.0892215903062,83.30247738290645,83.71898694516557,28365700
2024-11-22,83.66345977783203,83.95038829259873,83.44132180064616,83.77453229724445,21547500
2024-11-25,85.82933044433594,85.87560536584333,85.14439381429048,85.33876543255555,56858000
2024-11-26,85.4961166381836,85.56090717510442,84.97778528117813,85.30174502742113,31122200
2024-11-27,86.08848571777344,86.43094694377135,85.77378379314878,86.11625208078532,39442200
2024-11-29,86.97705078125,86.9955593373514,86.48649283571335,86.80118772091079,31905700
2024-12-02,87.18601989746094,87.44608145524043,86.37796541194949,86.62873703233801,39406000
2024-12-03,86.4337158203125,87.33464868142526,86.3687004120955,87.24177053913641,32768900
2024-12-04,87.36250305175781,87.48325100270662,85.95073700013921,86.0157524021319,35851100
2024-12-05,87.5389633178711,87.66899410232689,86.99097745282828,87.04670290726754,23695800
2024-12-06,87.66899108886719,88.09623609255709,87.32533426396299,87.97549525004018,31761500
2024-12-09,86.86094665527344,87.3439242535633,86.8145111348416,87.2974816469846,30509600
2024-12-10,86.45228576660156,86.65662190784649,86.29439223423857,86.3965532187138,28706500
2024-12-11,85.63495635986328,86.64734730628535,85.55136815245653,86.44301112887089,38748400
2024-12-12,84.5947036743164,85.2169950162665,84.52039832676023,85.11482693491374,45368400
2024-12-13,83.73092651367188,84.38108061285106,83.66591110375396,84.33464508356582,39486000
2024-12-16,83.981689453125,84.16745280933416,83.63803964489612,84.10243740619784,23482300
2024-12-17,84.18601989746094,84.51109689111551,84.01883643127472,84.0745618912878,23839900
2024-12-18,83.13333129882812,84.26154182629688,83.11467919315763,83.88857796352104,61328400
2024-12-19,81.87457275390625,82.41536996873818,81.59485520787476,82.11700031808843,99083300
2024-12-20,82.34077453613281,82.90022384714773,82.32212954548928,82.54590500167915,45542400
2024-12-23,81.5855484008789,82.26620810613502,81.52960630121508,82.20093995196213,32764600
2024-12-24,81.93052673339844,81.94917172541074,81.100685871818,81.15662796154889,22377600
2024-12-26,81.88391876220703,82.01445507157355,81.30582431094436,81.31515036552635,19981800
2024-12-27,81.21258544921875,81.8466220032606,81.1752883444286,81.56690438787751,27262300
2024-12-30,81.86526489257812,82.08904038242137,81.74404753723817,81.8932359395967,48519600
2024-12-31,81.42703247070312,82.31281548604342,81.36176432340115,82.17295313791219,31917300
2025-01-02,81.65080261230469,82.16362881730348,81.31513584424985,81.86525914722074,27841300
2025-01-03,81.38973236083984,81.93984856580201,81.28716711691567,81.7906672833541,21962200
2025-01-06,81.02610778808594,81.33380357017796,80.81165121198366,81.16597015391827,30231500
2025-01-07,80.11231994628906,80.90486360508605,79.99110973004254,80.74635629606527,41757200
2025-01-08,80.21491241455078,80.37341977740179,79.5715497946672,79.69276716577309,44590800
2025-01-10,79.6834487915039,80.04708671248085,79.40373114428112,79.51561535769177,47115800
2025-01-13,79.65546417236328,79.86992073437078,79.29182631331598,79.74870337222504,33258900
2025-01-14,79.52491760253906,79.59018574538517,79.1519537375496,79.46897551258355,33412900
2025-01-15,80.89556884765625,81.10069936238368,80.55990202604684,80.83961963492455,54120700
2025-01-16,81.1566390991211,81.49230591095994,80.44800837260632,80.78367518444516,34651100
2025-01-17,81.2964859008789,81.5668845094379,81.15662357042514,81.52026136138876,29875600
2025-01-21,82.0237808227539,82.21025923153192,81.70675899139691,81.94918661376458,30548600
2025-01-22,81.59486389160156,82.03309591875266,81.41770444734192,81.93053067351754,25278400
2025-01-23,80.96083068847656,81.11001197884045,80.68110598771416,80.78367123708074,31949000
2025-01-24,81.32447052001953,81.3804126160622,80.74637611069758,80.85826741647774,21110400
2025-01-27,82.28482818603516,82.45266154790284,81.91186436925217,82.20091506194787,42864200
2025-01-28,82.2289047241211,82.23822366422344,81.73473057829703,81.90255686447601,25519100
2025-01-29,82.06107330322266,82.6298416657502,81.70675438733637,82.45268220780707,25342800
2025-01-30,82.36876678466797,82.71375966678596,82.2102594254632,82.43404205295909,25094900
2025-01-31,81.82796478271484,82.66713173088434,81.52026904943699,82.40605203635826,48790100
2025-02-03,82.49420928955078,83.37379329059495,82.15734490138071,82.88721536272423,70657200
2025-02-04,82.74685668945312,82.76556820536825,81.85791333244384,81.92341434675953,33414000
2025-02-05,84.11302185058594,84.38438522259693,83.64515544485832,83.70129712904169,48331200
2025-02-06,84.07559204101562,84.35631474128272,83.79487647982336,84.08495136811115,22509900
2025-02-07,83.53288269042969,83.70131491785106,83.22409622272076,83.50481184237218,31171200
2025-02-10,83.28021240234375,83.77614960361147,83.13985106598565,83.52350490942618,22736100
2025-02-11,82.74685668945312,82.98078990330558,82.70006719105258,82.84042854717907,21513000
2025-02-12,81.62397766113281,81.9701942382028,81.27775394498791,81.6801193462631,48536200
2025-02-13,82.98079681396484,83.17729987327671,82.4099991535027,82.42871067097613,42718100
2025-02-14,83.42057800292969,83.91651522954834,83.39250716203799,83.63579254248236,27460700
2025-02-18,82.43804931640625,83.13048951440906,82.38190763899557,82.84977398828173,29429200
2025-02-19,82.54100036621094,82.76557426902122,82.24156611610536,82.29770780703902,20584300
2025-02-20,82.84979248046875,83.05565486235525,82.76557280648085,82.76557280648085,27913400
2025-02-21,83.85101318359375,84.15044738119101,83.11178344660296,83.1585729402265,46912300
2025-02-24,84.09432220458984,84.2721066092879,83.523524537914,83.58902555839767,26218000
2025-02-25,85.54468536376953,85.61954569633541,84.96453563406965,85.12360848646644,50125100
2025-02-26,86.04999542236328,86.14356728323791,85.33883642938042,85.54469880674984,32220200
2025-02-27,85.44176483154297,85.89091974379838,85.28269195933643,85.44176483154297,53373600
2025-02-28,86.48977661132812,86.5365661035075,85.59147404626289,85.94704991397387,49388600
2025-03-03,86.89339447021484,87.0248087753938,85.76698409395455,85.80453206136889,42904200
2025-03-04,85.82332611083984,87.09992870849439,85.67313419980073,86.77139285502693,56722000
2025-03-05,85.1380844116211,86.17063585203464,85.05360683642954,85.94534799510213,50215900
2025-03-06,84.85650634765625,85.23197904065282,84.22759370477593,84.93160231856476,42827500
2025-03-07,84.58426666259766,85.5698813282824,84.4716227357484,85.55110375970216,36903600
2025-03-10,85.46663665771484,86.01106446699994,85.33522230772759,85.49479585249141,41440800
2025-03-11,84.85650634765625,85.87966209548729,84.6124480229766,85.39155260767393,40555700
2025-03-12,84.349609375,84.83771880545899,84.27451341291551,84.48102372787531,32734600
2025-03-13,85.0911636352539,85.14748202455431,83.8990385437326,84.08677844397548,38675400
2025-03-14,84.64057922363281,84.86586706183593,84.34959138454995,84.490394493041,24658000
2025-03-17,85.06301879882812,85.58867628514678,84.83773088050916,85.23198115679429,26700300
2025-03-18,85.14747619628906,85.43846406981652,84.59365964195686,84.61243004992387,23654700
2025-03-19,85.58865356445312,85.62620154087199,84.83770835916431,85.11931460153367,31378700
2025-03-20,85.6449966430664,86.58367483956245,85.5699078301219,86.54612685231706,35645800
2025-03-21,85.1380844116211,85.83271122818006,85.06299562085444,85.7294560841387,29192100
2025-03-24,84.26512145996094,84.72507883928103,84.19941428599304,84.66875328906222,27985600
2025-03-25,84.25574493408203,84.55612162775871,84.02107541834883,84.07739381043031,22333800
2025-03-26,83.7019271850586,84.10555906766987,83.6268312158412,83.90843751963355,25095600
2025-03-27,83.45785522460938,83.5704919888137,83.19501939786326,83.4015296809632,23674500
2025-03-28,84.6124267578125,84.800159476356,84.30266132682598,84.36836849447062,39869400
2025-03-31,85.44786071777344,85.73884861807859,84.81894815060967,85.63560062244217,38824300
2025-04-01,86.18830108642578,86.58396823092895,85.92452778161267,85.96221070905504,39800100
2025-04-02,86.13177490234375,87.01730567365092,85.40639835947174,87.01730567365092,43488400
2025-04-03,86.52743530273438,87.3564452845375,86.51801277459121,87.15860812994677,57467400
2025-04-04,87.46949005126953,88.63763202855577,87.44122965309634,88.22313420987679,92794200
2025-04-07,84.8317642211914,86.84775442112296,84.59625128019675,86.55571348693607,124987600
2025-04-08,83.23027801513672,84.97307246887719,83.10781386425899,84.10638650739227,73861900
2025-04-09,83.72013092041016,83.75781384807289,80.91281390144745,82.21284256303542,131353500
2025-04-10,81.41210174560547,83.0701146595512,81.34615841769599,82.65560963424385,78592000
2025-04-11,81.85487365722656,82.24111831365087,80.07439647528818,80.89398406192818,94814100
2025-04-14,82.43894958496094,82.6273570576018,81.78893158596652,82.33532331882314,37596400
2025-04-15,82.7309799194336,83.079541635489,81.99618074417242,82.09980700604609,22553900
2025-04-16,83.19257354736328,83.37156564925277,82.40125366228328,82.7121324116861,35607300
2025-04-17,82.45777893066406,83.08895180475656,82.17516775092652,82.9382272796866,31758400
2025-04-21,81.0164566040039,82.02445176495767,80.99761872998978,81.58168625913298,39343200
2025-04-22,81.4686279296875,81.97732948385963,81.39326207451994,81.78892203322428,32552100
2025-04-23,82.25994110107422,83.89910878648318,82.1186319310445,83.72953921990413,44082200
2025-04-24,83.12664794921875,83.23027422111656,82.67446711483262,82.92881793576422,24190800
2025-04-25,83.73896789550781,83.94622040179567,83.46577206333593,83.74839042414366,22513900
2025-04-28,84.26651763916016,84.34188349648528,83.47519769909746,83.52230315674662,20130500
2025-04-29,84.9730453491211,84.98246787688446,84.12520471977184,84.14404258801575,22129500
2025-04-30,84.28534698486328,84.8317385676879,84.15346035277216,84.5773806434533,42630600
2025-05-01,83.85799407958984,84.41584623933579,83.48924263514391,84.39693905329774,29932800
2025-05-02,82.95030975341797,83.27178245903626,82.77065899808366,82.93139535089281,32090400
2025-05-05,82.48698425292969,82.64772778747749,82.09932564308968,82.59099180492494,22862800
2025-05-06,82.76117706298828,82.76117706298828,81.91966674538425,82.07095306544865,21095200
2025-05-07,83.11103820800781,83.4041464957146,83.03539503255759,83.12994539500524,23161600
2025-05-08,82.18443298339844,83.26232305948395,82.15606859409051,83.22450146916313,25483700
2025-05-09,82.3073501586914,82.55317966085418,82.1844281938797,82.26007137011301,17007900
2025-05-12,81.54146575927734,82.05204631649173,81.49419419014771,81.67383769480743,32115000
2025-05-13,81.21053314208984,81.58874175083493,80.84178173233892,81.43745542184521,53912200
2025-05-14,80.67158508300781,81.19162280153216,80.55812034067642,81.07815805920077,42119800
2025-05-15,81.38072204589844,81.61710151125934,80.82286997023655,80.96469187847005,59448000
2025-05-16,81.59820556640625,82.15605771889983,81.50364799625565,82.13715053310759,31778200
2025-05-19,81.36180877685547,81.42799473365666,80.20827591798185,80.28391907253415,49361900
2025-05-20,80.77558898925781,80.93632529002569,80.42574479312012,80.77558898925781,35493100
2025-05-21,79.3951644897461,80.4257758662136,79.19660653318992,80.06648154678786,77053100
2025-05-22,79.8111801147461,79.83008730124322,78.76165452776861,78.96966243415734,61747900
2025-05-23,79.94355773925781,80.19884445061572,79.71662820279458,80.1515656604199,47139200
2025-05-27,81.05926513671875,81.34291622185755,80.51086293956146,80.69996366298733,56773400
2025-05-28,80.70941925048828,80.87961278366272,80.34066779756535,80.7566980372651,34806800
2025-05-29,81.45638275146484,81.56039031572473,80.97416651841725,81.09708126993786,38933200
2025-05-30,81.57928466796875,81.75893538046746,81.20107605868527,81.39963395547002,49042100
2025-06-02,80.82007598876953,81.11427543879877,80.46892933765545,80.94344831671421,46213100
2025-06-03,80.6777114868164,81.37050507831198,80.56382433562148,81.08579806120116,33731300
2025-06-04,81.98738098144531,82.23413285492283,81.28509498525398,81.41795970776087,57441500
2025-06-05,82.04431915283203,82.49986050622582,81.82604450228115,82.2626010439671,37664700
2025-06-06,81.0003662109375,81.55080981443315,80.9339338615903,81.41794511573876,38130100
2025-06-09,81.08580017089844,81.27560485391066,80.70618356428943,80.70618356428943,26560800
2025-06-10,81.50338745117188,81.78810177052378,81.16173316418394,81.71217698661849,24857000
2025-06-11,81.75010681152344,81.9968586406234,81.34202031133556,81.43692263311769,36334800
2025-06-12,82.72761535644531,82.75608532922224,82.18666415193435,82.46188595641651,43017800
2025-06-13,81.93045043945312,82.45241698339048,81.40847665493061,82.31006707905267,49374000
2025-06-16,81.10476684570312,82.0253346398522,81.10476684570312,81.69317286891788,36496600
2025-06-17,82.0917739868164,82.24362351822619,81.37999559964747,81.61725506203712,34521600
2025-06-18,82.23413848876953,82.65171025643424,81.94942421212941,82.4524131590201,38589000
2025-06-20,82.082275390625,82.36698962025417,81.56979412164266,81.75011361644671,26001900
2025-06-23,82.34801483154297,82.98387572301988,82.34801483154297,82.49986436998059,36851800
2025-06-24,82.94591522216797,83.12622750242703,82.02534728609056,82.06330967156212,32959100
2025-06-25,83.05030059814453,83.05030059814453,82.37648462339382,82.67068402686112,26345300
2025-06-26,83.46786499023438,83.46786499023438,82.75608669671702,83.12621083009938,30467500
2025-06-27,82.93640899658203,83.66717212412475,82.79405188492976,83.10723608244807,74993500
2025-06-30,83.75257873535156,83.93289821902052,83.14519517419453,83.38245460403972,53695200
2025-07-01,83.96024322509766,84.1221797773022,83.5030097520972,83.95071540802826,38960600
2025-07-02,83.42681121826172,83.43633176881652,82.96957042577715,83.0553062539412,39382200
2025-07-03,82.84573364257812,83.15055839951745,82.73142163337758,83.0362463903169,26729100
2025-07-07,82.05509185791016,82.45517298836235,81.84552347502697,82.43612462064364,38314700
2025-07-08,81.95030212402344,81.95982994103615,81.3882844693883,81.51211702017359,31407000
2025-07-09,82.80763244628906,82.80763244628906,82.0931987166596,82.10272653464813,29821900
2025-07-10,82.86477661132812,82.93145679545175,82.38848750541794,82.71236787658627,24525500
2025-07-11,81.72169494628906,82.1789284700431,81.57880674476749,82.1408317327268,40764800
2025-07-14,81.55022430419922,81.80741723313822,81.27397574046753,81.48354411761538,24609500
2025-07-15,80.97867584228516,81.83599768665962,80.87389165755079,81.81694205256518,40455000
2025-07-16,81.09298706054688,81.59785965808821,80.19756841157721,81.23587525730025,65987700
2025-07-17,81.07393646240234,81.43591358563772,80.95962445462494,81.17872065263279,31875500
2025-07-18,81.19776916503906,81.40733754587394,81.06440878952512,81.37876136077745,27534900
2025-07-21,81.92174530029297,82.40756233641945,81.88364129083239,82.13131371852779,40019500
2025-07-22,82.41705322265625,82.65519774536891,82.02649998455641,82.08365234437734,35190300
2025-07-23,81.95982360839844,82.11223233085099,81.72167907464586,81.96935142467498,31008500
2025-07-24,81.81694793701172,82.15034888169319,81.45497080672835,81.49307481006274,25164800
2025-07-25,82.33133697509766,82.34086479235502,81.65500730172812,81.7312153045967,27196200
2025-07-28,81.79789733886719,82.11224263951286,81.75979333657173,81.91220207815822,26812500
2025-07-29,83.17913055419922,83.19817892101186,82.11224032281355,82.14082377442517,47828300
2025-07-30,82.75047302246094,82.83620157426569,82.45516883074492,82.65520938588443,40670900
2025-07-31,82.79810333251953,83.26487192790815,82.7218953249954,82.99814390157368,49814100
2025-08-01,83.97520446777344,84.08038920676172,83.68833567137325,83.72658533058505,63434500
2025-08-04,84.20469665527344,84.29076021390544,83.81265040814917,84.10907615319752,36425200
2025-08-05,84.46287536621094,84.5776170442078,83.93695169080438,84.00388676809465,28586100
2025-08-06,83.97520446777344,84.19513818439711,83.11460537394944,83.99432564969106,42589300
2025-08-07,83.83177947998047,84.38638865774345,83.75528015296956,84.0708344053565,29213100
2025-08-08,83.46842193603516,83.56404245090921,83.33455175613597,83.53535702598477,21596300
2025-08-11,83.56403350830078,83.83177383944694,83.45884876458237,83.70746791295105,20100900
2025-08-12,83.14329528808594,83.16242376641392,82.76081326604942,83.09548868301985,41052300
2025-08-13,83.83177947998047,83.96564965456086,83.60228879432512,83.61185303404582,30817500
2025-08-14,83.21022033691406,83.67877315954541,83.0859144242803,83.67877315954541,33397400
2025-08-15,82.61738586425781,82.9807467341484,82.47395144614553,82.86600503596061,36343600
2025-08-18,82.37832641601562,82.75125150543487,82.22532776631688,82.71300184301018,26777500
2025-08-19,82.8564453125,82.95206583132796,82.66519697946613,82.66519697946613,28780600
2025-08-20,83.03811645507812,83.16242968692937,82.77037610244076,82.799061526598,25912500
2025-08-21,82.626953125,82.88512925073876,82.34008427828776,82.7703802529783,28643900
2025-08-22,83.23892974853516,83.47798467912213,82.92337548926974,83.02856024235822,49871900
2025-08-25,82.9998779296875,83.23893286923686,82.85644350688233,82.93294283842879,27011900
2025-08-26,82.9520492553711,82.9902989143346,82.4452540410135,82.72255859696655,30259300
2025-08-27,82.8564453125,82.86600955299619,82.23490099705135,82.34008575637549,38142800
2025-08-28,83.40147399902344,83.43972365815667,82.86599336191142,82.98073504393456,32205900
2025-08-29,82.80862426757812,83.05724343140307,82.65563290971632,82.96162292081726,41686400
2025-09-02,82.1923828125,82.39395148813793,82.04841041783908,82.1923828125,48760600
2025-09-03,83.09465026855469,83.32501342698637,82.44194855040428,82.4803436306617,52499500
2025-09-04,83.72816467285156,83.7377579513335,83.10425738519848,83.52658865491738,40501600
2025-09-05,85.00477600097656,85.05277169125677,84.60163856583385,84.67842874103651,69668000
2025-09-08,86.13739013671875,86.156591338662,85.54228469250967,85.59027305114205,54538700
2025-09-09,85.64785766601562,85.95501094724817,85.41748721275731,85.8110312447397,37126400
2025-09-10,86.13739013671875,86.45414406076654,85.6094742530853,85.8110429348122,40713600
2025-09-11,86.71330261230469,86.84768905797944,86.2909713655874,86.3005719666598,46694400
2025-09-12,86.33897399902344,86.36777580700239,85.89744147716341,86.22379605956422,32968600
2025-09-15,86.54053497314453,86.82848709477608,86.45414421047606,86.53093437215628,24820100
2025-09-16,86.72290802001953,86.86688775163385,86.4253552782997,86.47334364009559,26794200
2025-09-17,86.50214385986328,87.3852087903505,86.2621800859409,87.06845485122577,49121800
2025-09-18,85.60948181152344,85.87824007755457,85.33112294367305,85.67667137803122,55717900
2025-09-19,85.44629669189453,85.64787270466765,85.22553412264878,85.49429237552873,32509200
2025-09-22,85.1391372680664,85.34071326642396,84.98556427302331,85.25432250668321,24758200
2025-09-23,85.7342529296875,85.77264801053119,85.18713584311259,85.39830512619639,26689000
2025-09-24,85.40790557861328,85.58067978055286,85.13914001317505,85.50388961899908,28098000
2025-09-25,85.40790557861328,85.45589393724974,84.90877685162658,85.28311973531018,29882500
2025-09-26,85.33112335205078,85.8782404885507,85.12955465156277,85.41750679949698,30955100
2025-09-29,86.03181457519531,86.13739922768802,85.676672856005,85.70546733884598,32286200
2025-09-30,85.78225708007812,86.42535827069375,85.62867674154171,86.06061595134017,38584000
2025-10-01,86.0037841796875,86.34090135879927,85.81114054262123,86.15789174073716,39408900
2025-10-02,86.25422668457031,86.38907357099039,85.90747544846036,86.0230542947609,23208300
2025-10-03,86.09046936035156,86.41795987307746,85.98451719581702,86.331268398184,25884500
2025-10-06,85.4065933227539,85.87856468561377,85.38733263483849,85.44512204718754,28371000
2025-10-07,85.89784240722656,86.09047871899205,85.54145714699574,85.69557207529154,29103300
2025-10-08,85.96526336669922,86.32164861663004,85.84967717381797,86.30238057684781,22506200
2025-10-09,85.89784240722656,86.00379458327885,85.73410080736548,85.88820838705702,21578700
2025-10-10,87.28484344482422,87.38116159637835,86.59134099586821,86.66839845655308,59389400
2025-10-13,87.23667907714844,87.24631309670639,86.55281066060974,86.95735129879819,28035500
2025-10-14,87.5160140991211,87.5738035240444,87.10183940709382,87.31374376328513,29800000
2025-10-15,87.32337951660156,87.93982455669835,87.14036986924002,87.61233399555688,31333900
2025-10-16,87.97834014892578,88.13245507310486,87.12109609184074,87.18851953401807,39631200
2025-10-17,87.84349060058594,87.93018207995864,87.55453614941919,87.89165335008231,40240400
2025-10-20,88.18061065673828,88.19023732726399,87.92054358047534,88.09391918178282,28429300
2025-10-21,88.61404418945312,88.79705380618005,88.52736006485824,88.60441017051926,24514300
2025-10-22,88.67182922363281,88.78741539931694,88.44066422086748,88.60440579163446,30496200
2025-10-23,88.06501770019531,88.41176887614273,87.93017083717164,88.23839328816902,28275100
2025-10-24,88.10354614257812,88.22875898681198,87.80495771092662,88.21912496845465,28266000
2025-10-27,88.40214538574219,88.41177940527776,87.73753766125972,87.95907601895513,30033600
2025-10-28,88.63331604003906,88.78743096797491,88.43104570857642,88.4695744405604,23564500
2025-10-29,87.737548828125,88.50810881976102,87.6701253800022,88.49847479899928,39551600
2025-10-30,87.22705078125,87.62196477439772,87.0247804488832,87.0633091810394,42649200
2025-10-31,86.96697998046875,87.3233651962007,86.88028850697575,87.22703970374107,38247300
2025-11-03,86.74947357177734,86.82680939631467,86.4401376487782,86.63347721012151,40752300
2025-11-04,86.94282531738281,87.05882169529451,86.74948572894468,86.78815364663231,26383800
2025-11-05,85.9954833984375,86.56582598944297,85.91814755980091,86.52715807012468,44643400
2025-11-06,86.7688217163086,86.85581899807895,86.54648303764374,86.5754821315672,33027400
2025-11-07,86.58513641357422,86.87514205440755,86.38213541505081,86.38213541505081,28530100
2025-11-10,86.5658187866211,86.68181515977285,86.41114712221757,86.50781322489433,24093500
2025-11-11,86.962158203125,87.06849313617508,86.788156255875,86.95248937962461,18942300
2025-11-12,87.11681365966797,87.31014584277399,86.88480618976071,86.95247319136281,23594900
2025-11-13,86.40147399902344,86.9428174223411,86.40147399902344,86.8074834102993,33825900
2025-11-14,85.9084701538086,86.84613936628676,85.9084701538086,86.79781000747971,38550500
2025-11-17,86.12113952636719,86.32414792517591,86.01481197838982,86.1114780789197,25605800
2025-11-18,86.09214782714844,86.46915081419681,85.84081741921709,86.37248470536542,31967400
2025-11-19,85.91814422607422,86.333815123678,85.88914513149858,86.25648666319334,25782400
2025-11-20,86.25647735595703,86.44014072683558,86.02446987408348,86.02446987408348,32945000
2025-11-21,86.5174789428711,86.68181204903928,86.2274732700973,86.66248177925799,41938600
2025-11-24,87.0104751586914,87.06847333620175,86.7881365196522,86.95246960603133,30865700
2025-11-25,87.23281860351562,87.57115364481963,87.12648367979854,87.30048561177642,36503300
2025-11-26,87.6194839477539,87.6194839477539,86.83647899893624,87.14581492471669,34099000
2025-11-28,87.20381927490234,87.51315522256536,86.95248151269153,87.44548821448754,40704300
2025-12-01,86.11824798583984,86.33167730202963,86.06004268196564,86.19585999199764,47086600
2025-12-02,86.15705108642578,86.30257174269721,85.81750782278446,85.93392582809922,27605700
2025-12-03,86.39958190917969,86.49660061307569,86.0891413005811,86.2637646055108,23278600
2025-12-04,85.93392181396484,86.27346506174545,85.83691051481148,86.25406576250987,25541500
2025-12-05,85.53617095947266,85.90482428029276,85.41976035415105,85.90482428029276,32808100
2025-12-08,85.25483703613281,85.56527766752222,84.9443964047434,85.55558171761115,32255200
2025-12-09,85.34214782714844,85.71079374422357,85.2160264701713,85.70109039334346,25771800
2025-12-10,85.67198944091797,85.87571540451124,85.23543486200214,85.37125217106431,46833500
2025-12-11,85.5555648803711,86.17644602096121,85.52646223338829,86.04062873405006,26778700
2025-12-12,84.73094940185547,84.88617338590342,84.58543616866919,84.76975539786746,47030100
2025-12-15,84.78916931152344,85.25482650031726,84.77946596132303,85.09960990454852,28611800
2025-12-16,85.25483703613281,85.29364304024254,84.56604711653407,84.58545381933317,41018700
2025-12-17,85.1772232055664,85.36154245326713,84.96379390681933,85.01229585558787,24668300
2025-12-18,85.58467102050781,85.73988761124701,85.43915037816727,85.49735567450855,39048900
2025-12-19,85.26522827148438,85.46974705218365,85.12888241768485,85.32366008588652,37858100
2025-12-22,85.0802001953125,85.17758904762485,84.97307022868097,85.13863202064128,25547100
2025-12-23,85.21654510498047,85.29445915806107,84.75880933099826,84.79776635753856,33624100
2025-12-24,85.73271179199219,85.781409932223,85.36263118923415,85.46976115350755,25942000
2025-12-26,85.45027160644531,85.86905031356558,85.3139257418287,85.80087738125728,26522700
2025-12-29,85.77166748046875,85.77166748046875,85.49897573213211,85.65479640391325,29399800
2025-12-30,85.56714630126953,85.7424491961051,85.38210229275069,85.45027522794827,25106800
2025-12-31,84.88542175292969,85.61584928436375,84.85619841022614,85.39184823872834,36500000
