Date,Close,High,Low,Open,Volume
2008-01-02,53.58693313598633,53.78565907593225,52.916954334396486,52.945344992047666,2959600
2008-01-03,53.51314163208008,53.58695130246668,53.183828951633444,53.37119695931594,1256700
2008-01-04,53.52448272705078,53.81973000285913,53.484738401285036,53.65507370131344,2420200
2008-01-07,53.75727081298828,53.8140477990137,53.38821390611354,53.47338155105484,1315500
2008-01-08,53.69478988647461,53.77427849634736,53.33141214654081,53.620980272108305,1604800
2008-01-09,53.797035217285156,54.10931525469971,53.7232255410817,53.81974688653421,2203500
2008-01-10,53.070281982421875,53.91059213078507,52.979435300540324,53.86517312165252,2681800
2008-01-11,53.484745025634766,53.530168355509126,53.03052472231263,53.09865538531701,1872900
2008-01-14,53.68345642089844,53.68345642089844,53.371176527641964,53.484730489659235,906100
2008-01-15,54.28532028198242,54.29667394965834,53.978719273041605,54.0298216071022,1435300
2008-01-16,53.893550872802734,54.44429688147415,53.78567587001885,54.32506387936089,3505100
2008-01-17,54.591949462890625,54.67143817306466,53.89925841839425,53.91629109460156,2940500
2008-01-18,54.21720886230469,54.376186269760346,54.06391045706086,54.25127854376623,2676800
2008-01-22,54.79631805419922,54.85877405147991,54.10930641591885,54.73954105625511,5423500
2008-01-23,54.671390533447266,55.73313785388496,54.43859927663764,55.63093755388665,7636600
2008-01-24,53.5755729675293,54.36478463818671,53.564214973125296,54.25123068498065,5676700
2008-01-25,54.47834396362305,54.50673462062705,53.4449872930459,53.47905694781192,4371100
2008-01-28,54.273956298828125,54.5067476126914,54.143369641818026,54.32505862725471,1633500
2008-01-29,53.904903411865234,54.12065772738583,53.70050276271642,54.09794606283518,3100200
2008-01-30,53.552886962890625,53.8083856458935,53.13840660471754,53.762966641938306,3468000
2008-01-31,53.93331527709961,54.18313937362281,53.728914531182284,54.1093296777451,11441000
2008-02-01,54.257469177246094,54.354325945980705,53.875732144057665,54.12642434253457,4163700
2008-02-04,53.69911193847656,53.93271228380066,53.63074015150963,53.778876849840486,1729600
2008-02-05,54.109310150146484,54.47395082641556,53.99535722202506,54.36000224515388,2594600
2008-02-06,53.94410705566406,54.04096383001234,53.76178663171246,53.91561772350903,1339800
2008-02-07,52.78178787231445,53.85861804848536,52.4456365148322,53.85861804848536,5419700
2008-02-08,53.38571548461914,53.40281168151655,53.03816671097658,53.129329040326354,2832800
2008-02-11,53.60795974731445,53.955508790128,53.40285304114394,53.716214010543666,2960200
2008-02-12,53.28889083862305,53.35726262678092,52.96413245188115,53.169243469493054,2897700
2008-02-13,52.72483825683594,53.226218334574156,52.645073343260805,52.9470411370612,3697500
2008-02-14,51.949981689453125,52.474152427236355,51.6537125954033,52.303229454583025,7505000
2008-02-15,52.348812103271484,52.45706637407763,52.10951730693846,52.19498097616105,3687800
2008-02-19,51.81896209716797,52.24627625744213,51.642340301917926,51.92721640876737,2911600
2008-02-20,52.17784881591797,52.17784881591797,51.5966997915028,51.63088784090685,2550100
2008-02-21,52.73057174682617,52.90149481134298,52.445695625766845,52.46278749753206,4197200
2008-02-22,52.428585052490234,52.901480327220206,52.343125717062435,52.696369228466565,1959700
2008-02-25,51.89301300048828,52.49694872713246,51.64801946757102,52.38869445655934,3460900
2008-02-26,51.91008758544922,52.0411280670742,51.69358346323417,51.82462394485914,2618900
2008-02-27,51.955684661865234,52.172188850289224,51.62522746885282,52.092423920508665,2494400
2008-02-28,52.87866973876953,52.89576159939591,52.52542636085963,52.6108856639915,3410900
2008-02-29,53.687744140625,53.81878469388468,53.28321631048328,53.357286868021426,3822000
2008-03-03,53.54929733276367,53.869539493872374,53.326270918709795,53.566452539541324,2036900
2008-03-04,53.02894973754883,53.82384033498759,52.91457432170901,53.72090464221975,3401100
2008-03-05,52.39417266845703,53.21765372674634,52.32554742902653,53.21765372674634,3871200
2008-03-06,52.674400329589844,52.86311652156997,52.422778740283015,52.50855922418095,1342600
2008-03-07,52.74300765991211,53.383492414274244,52.462791216903504,53.349181977569174,3601300
2008-03-10,53.52073287963867,53.82953986634221,52.96030877867553,53.017494288144775,3579000
2008-03-11,53.063228607177734,53.20047466154549,52.73154664306336,53.1833194501212,3309200
2008-03-12,54.086891174316406,54.14407669432777,53.166189904314145,53.25768586373724,4752900
2008-03-13,53.66368865966797,54.43570816153213,53.33201102244564,54.34420787335089,5763500
2008-03-14,54.327030181884766,54.79023820096872,54.10972363182717,54.10972363182717,6174800
2008-03-17,54.744503021240234,55.07618058534414,54.50431699920048,54.66443810524504,3329300
2008-03-18,54.53290939331055,54.990401986186484,54.298443239644136,54.4985989758853,4022300
2008-03-19,55.436500549316406,55.73958778760472,54.3957081876403,54.3957081876403,5206400
2008-03-20,55.5737190246582,55.899681185440535,55.39644265950572,55.47078337583357,3905900
2008-03-24,54.498626708984375,55.17342622723137,54.44143683354274,55.17342622723137,5596200
2008-03-25,54.72735595703125,54.795981173723455,54.48717424306942,54.544359742159294,2038200
2008-03-26,54.498626708984375,55.013300684159674,54.45859641396019,54.773118914014546,1652000
2008-03-27,54.11545944213867,54.532921855763945,54.06399380423932,54.121179300674285,2405700
2008-03-28,54.6415901184082,54.64730561530535,54.184097314101884,54.378528919998494,1745500
2008-03-31,54.83602523803711,55.08192687258784,54.71021449064256,54.96183598543167,2546300
2008-04-01,53.94358444213867,54.47193532845693,53.857439228134524,54.44896297928732,3821800
2008-04-02,54.058448791503906,54.47768655034691,53.978047749785226,53.978047749785226,3794200
2008-04-03,54.17906188964844,54.368580548991744,54.052720498282,54.27095131776486,2839100
2008-04-04,54.67293930053711,54.87968606680652,54.5523377504679,54.6557111336026,1745200
2008-04-07,54.38578414916992,54.43172884246971,53.9263503607533,54.33984383739723,2231800
2008-04-08,54.19625473022461,54.69588888952162,54.13308189006795,54.661432569991035,1305200
2008-04-09,54.75905990600586,54.92560608073357,54.2996262619706,54.30536606068396,2883600
2008-04-10,54.57527542114258,54.845194882340486,54.31110013911534,54.736077385722204,1846500
2008-04-11,54.9428596496582,55.08643355135472,54.82800228091209,54.902659132444285,1987700
2008-04-14,54.62123107910156,54.960063232407634,54.55231405976479,54.75331655592312,3195300
2008-04-15,53.94358444213867,54.31687744847155,53.92635627564336,54.22498805179311,2821600
2008-04-16,53.415225982666016,54.018233632146035,53.08213353922355,53.86891995600449,4691100
2008-04-17,53.32331085205078,53.51282932817633,52.972990413706526,53.39797203559864,2020000
2008-04-18,53.27739715576172,53.34057001786309,52.73181812655257,52.83519150257958,2199700
2008-04-21,53.489864349365234,53.57026534153146,53.007458396367916,53.07063123043073,2805800
2008-04-22,53.673622131347656,53.79422358243185,53.35776243989596,53.35776243989596,1799700
2008-04-23,53.49565887451172,53.77131842664301,53.13959387301843,53.461198144348124,1221100
2008-04-24,53.04191970825195,53.099348367847305,52.726055508188686,52.984491048656594,3213600
2008-04-25,52.7318229675293,52.978770256179644,52.54804854677981,52.915597388278776,1742000
2008-04-28,52.892608642578125,53.036182501207016,52.496347772200366,52.56526042016531,1883900
2008-04-29,53.09360885620117,53.32907207723116,52.921322862265185,53.053408352796815,1269100
2008-04-30,53.47261428833008,53.52429874146983,52.74900127370796,53.076349288164025,2827500
2008-05-01,53.47613525390625,53.977583682011556,53.24558410084413,53.85654531606837,3226500
2008-05-02,52.80173110961914,53.262833017100384,52.761385022519065,52.89971383580596,2730800
2008-05-05,52.80173110961914,52.9515898891596,52.53083406877844,52.94582490603282,1309300
2008-05-06,52.42131423950195,53.072620924952375,52.329096508996784,53.03227484334516,4037500
2008-05-07,52.646148681640625,52.698024775724356,52.231161915956505,52.29456358794932,3876200
2008-05-08,53.11875534057617,53.14180648529122,52.692234407632405,52.70376437738495,2829500
2008-05-09,53.314701080322266,53.52796146770518,53.14755176005892,53.44726929894265,2064300
2008-05-12,53.2340202331543,53.69512220762838,53.22825524918993,53.464571220391335,1947400
2008-05-13,52.65187072753906,53.0553359836535,52.628815193127366,52.928532743085924,2123300
2008-05-14,52.67494201660156,53.03229631077438,52.28877159384061,53.026531326098805,2600900
2008-05-15,53.153350830078125,53.2167524886787,52.50204368216248,52.54815477885311,2164300
2008-05-16,52.93430709838867,53.53950294129249,52.899725986472355,52.95736263879779,1902600
2008-05-19,53.00346374511719,53.176378066948175,52.62305839344044,53.176378066948175,1348200
2008-05-20,53.28017807006836,53.31475920941516,52.968934623752645,53.28017807006837,1466000
2008-05-21,53.29167175292969,53.41271006559404,52.94584737426073,53.055360113174196,1762100
2008-05-22,52.66341781616211,52.98618660808224,52.35793518392914,52.98618660808224,2855900
2008-05-23,52.893959045410156,53.19944164648472,52.853612950535336,52.92854455344182,1802000
2008-05-27,52.53664779663086,52.772959555360124,52.43866497953331,52.669211749786896,1985800
2008-05-28,52.06974411010742,52.25418843334061,51.954470805481385,52.18502181212816,3250700
2008-05-29,51.69511795043945,51.93142960941452,51.37810967906276,51.879557927223374,3302400
2008-05-30,52.03517532348633,52.127397506947084,51.90837201992566,51.948718125840806,2514600
2008-06-02,52.235897064208984,52.4325749502339,51.84253687877872,52.050786648323005,3076400
2008-06-03,52.611881256103516,52.87798152459241,51.952425351400784,52.09704295178961,2447700
2008-06-04,52.143367767333984,52.86645640889717,52.004535983901036,52.86645640889717,2813000
2008-06-05,51.830963134765625,52.07970566093811,51.744191665006795,51.95822736862787,2632200
2008-06-06,52.50200271606445,52.69289469561556,52.183842061177195,52.3168922659613,3864800
2008-06-09,52.50200271606445,52.86643767344156,52.172274588900045,52.34003162389685,1812000
2008-06-10,52.16069030761719,52.47306494544159,51.888808433211864,52.43835812347673,1935300
2008-06-11,52.03923416137695,52.4788732179904,51.894616457144565,52.0912988298593,2265400
2008-06-12,51.518585205078125,51.85409917960561,51.37975351034882,51.80782047690251,4413100
2008-06-13,51.40867233276367,51.796246489018394,51.2987615310218,51.46651849717223,1983600
2008-06-16,51.42026901245117,51.588026073905375,51.26408383848041,51.547533294477255,1756800
2008-06-17,51.52439880371094,51.64009120919047,51.246730851824736,51.5706775312557,1712200
2008-06-18,51.95822525024414,52.044996716465214,51.53593980177095,51.651636561192426,2590000
2008-06-19,51.651611328125,51.91770712472996,51.501207821042904,51.7846570197385,1700500
2008-06-20,51.95242691040039,52.10283045506421,51.88301328469328,52.02763088942182,4580900
2008-06-23,52.062355041503906,52.311097581015204,51.96401609674795,52.108633749641015,1594100
2008-06-24,52.409461975097656,52.53094033291042,52.14336589416742,52.28219767261305,3118400
2008-06-25,52.432559967041016,52.50197800817894,51.9524284459402,52.4383459071473,3251600
2008-06-26,52.78543472290039,52.89534553350906,52.5193388144508,52.64081709352258,4052300
2008-06-27,53.4044303894043,53.473848482423826,52.90115914512336,53.063134695502235,4144800
2008-06-30,53.416011810302734,53.693679841489654,53.26561252290246,53.45650901850699,3743000
2008-07-01,53.2894172668457,53.85836160417735,53.22555553499948,53.8119203322667,3805100
2008-07-02,53.56805419921875,53.63191589718818,53.33583467493375,53.38808273910682,2413700
2008-07-03,53.451934814453125,53.58546500325154,53.14424001379474,53.242933736778994,1405100
2008-07-07,53.69579315185547,54.0789634506838,53.167487822952374,53.451959923130964,3528400
2008-07-08,54.04417037963867,54.07320006655468,53.65519737909094,53.70164310643322,2176600
2008-07-09,54.28217315673828,54.36345092262849,53.945448452732556,53.95706209317747,1582000
2008-07-10,54.2763786315918,54.43313180796465,53.95707431592232,54.18349163352129,2723600
2008-07-11,53.50425720214844,54.421535986700874,53.33008793343259,54.29381244688372,5466000
2008-07-14,53.97446060180664,54.14282289915093,53.57968111165909,53.631929188780795,4135400
2008-07-15,53.95702362060547,54.241495598386265,53.81768661045322,54.03249451246078,4541400
2008-07-16,52.98170852661133,53.5506527166004,52.95267886354252,53.4577657675287,3435900
2008-07-17,52.70885467529297,53.18491199782222,52.57532440331156,52.98171760942049,5899900
2008-07-18,52.51148986816406,52.94690853847822,52.424409677547445,52.69146593048986,3475200
2008-07-21,52.714656829833984,52.7727117314819,52.395348226812814,52.51145803010865,3657200
2008-07-22,52.45338439941406,52.69141516927568,52.26760612289182,52.62174665459102,2675200
2008-07-23,52.348934173583984,52.46504847636464,52.10510078170624,52.37796385660609,2871900
2008-07-24,52.859806060791016,52.9759158855301,52.45341281559246,52.45341281559246,2613300
2008-07-25,52.33153533935547,52.73792445941778,52.250257515343,52.56956641632712,3765300
2008-07-28,52.859806060791016,53.10363935032662,52.65660722353879,52.801746719115584,1275900
2008-07-29,52.64501190185547,52.824983506473814,52.43020379717995,52.63340268804112,1349100
2008-07-30,52.697242736816406,52.999135348731016,52.267631097574736,52.30246315690888,1667500
2008-07-31,53.21974563598633,53.44036048934808,52.98752157264503,53.24877530489359,3898700
2008-08-01,53.33750534057617,53.34915676121939,52.92381100388056,53.005384284614316,1804800
2008-08-04,53.21512985229492,53.395755714593456,53.02867605867445,53.07528617302275,2029900
2008-08-05,52.81889343261719,53.372426656289456,52.80141409119282,53.226759550543356,2191200
2008-08-06,52.603271484375,52.67902117685781,52.33524471155421,52.67902117685781,3139500
2008-08-07,53.459808349609375,53.547209470324745,52.690686489044296,52.80721835306102,2765600
2008-08-08,53.6054573059082,53.65207181394078,53.337430552827165,53.54136346871446,1035400
2008-08-11,53.09272384643555,53.47728251685313,52.78973391662268,53.47728251685313,3939400
2008-08-12,53.58798599243164,53.6229446559831,53.430663115640414,53.494756962421306,1315000
2008-08-13,53.401554107666016,53.80942016641563,53.290845700831134,53.780289416737304,1940300
2008-08-14,53.74532699584961,53.9550879560637,53.64627444391703,53.756982852198554,2605300
2008-08-15,54.21147155761719,54.30469619531605,53.937616682751845,53.995882636989556,1964900
2008-08-18,54.427066802978516,54.50281210774884,54.16486331032824,54.23478513078322,1262200
2008-08-19,54.21730041503906,54.49697877833203,54.124071330336456,54.44454075224238,1944700
2008-08-20,54.368778228759766,54.60184644032005,54.275553611379486,54.409564832377335,2500000
2008-08-21,54.26968002319336,54.555186008302655,54.04243993059987,54.555186008302655,2267000
2008-08-22,54.23476028442383,54.28719829168594,53.978384838949054,54.25223962017786,1990000
2008-08-25,54.776668548583984,54.96312229627812,54.683439452032914,54.84076244111085,2028300
2008-08-26,54.823272705078125,54.88736659065308,54.6018602928967,54.74752740640205,1270900
2008-08-27,54.916473388671875,54.93978064822709,54.44451360754293,54.473644347933046,1555300
2008-08-28,54.9223518371582,55.00975302953803,54.5902308624423,54.718418685211475,1886500
2008-08-29,54.67753982543945,54.863997774045934,54.48526284539282,54.78242019882951,1739100
2008-09-02,55.18632507324219,55.20971707772742,54.29159763256459,54.37347187904722,2916000
2008-09-03,55.420249938964844,55.49042596982392,55.12201184634574,55.12785650274001,2105000
2008-09-04,55.864688873291016,55.88223176550721,55.443641613823374,55.55475254661893,3049800
2008-09-05,55.83549118041992,56.320861229615986,55.79455624948597,56.15127238386879,4167800
2008-09-08,56.069393157958984,56.069393157958984,55.297474259569086,55.49630422059411,5426200
2008-09-09,56.624900817871094,56.654137477781596,55.87052539170775,56.04011408083613,3890200
2008-09-10,56.27406311035156,56.525521735175445,56.03429826412748,56.12786633921143,2407900
2008-09-11,56.24482727050781,56.64248270393628,56.139565406906996,56.60154778262328,3592000
2008-09-12,55.51970672607422,56.332560702040055,55.40859571329935,56.262384621091776,4138200
2008-09-15,57.320823669433594,57.40854261770454,56.18049072662452,56.30329546957542,5889900
2008-09-16,57.30915451049805,58.98164651946495,57.25652579586996,58.89392753351184,6684400
2008-09-17,57.595680236816406,58.11614039895445,57.151245253093435,57.847138868310076,4371300
2008-09-18,56.75358581542969,57.59567614585138,56.677560642414605,57.27989059885405,4188300
2008-09-19,54.952457427978516,55.56648135047984,54.79456237535492,54.88813047492039,7169200
2008-09-22,54.94660186767578,54.94660186767578,54.151290960854666,54.34427179741539,4726300
2008-09-23,54.7360954284668,55.02848910539405,54.461244658303436,54.74194455124591,2236000
2008-09-24,54.975833892822266,55.408575076900576,54.73606905172684,54.95244187455164,1014900
2008-09-25,54.86471176147461,55.31499575227143,54.47290557367382,55.31499575227143,1881200
2008-09-26,55.26237487792969,55.43196365368434,55.010916274096374,55.010916274096374,1992800
2008-09-29,56.87050247192383,57.26815757769667,55.64830049865576,55.65414515290479,4799800
2008-09-30,55.48459243774414,56.8939313377913,55.32085278131415,56.74773457861152,1358100
2008-10-01,56.18260192871094,56.839572791858224,55.69573971250128,56.3351139010081,1767800
2008-10-02,56.6342658996582,56.81023710609819,56.35270570400775,56.64599552332188,931900
2008-10-03,57.132877349853516,57.36164312958897,56.01250770657305,57.121143246906094,1903100
2008-10-06,58.17115783691406,58.575899610313314,57.84854140941984,57.91892816983584,2906200
2008-10-07,57.99514389038086,58.46440502462523,57.4730882493255,57.67252322444844,1972000
2008-10-08,57.16218185424805,58.62276832193072,56.7105175185221,58.47025636852766,3386300
2008-10-09,56.68119430541992,57.30883439993443,56.44069895764696,57.115266501811575,1785400
2008-10-10,56.28238296508789,56.845504041038254,56.02429065346797,56.669528145397145,2200000
2008-10-13,55.56081771850586,56.28230808518252,55.29099165269413,55.78958339332987,1532100
2008-10-14,55.20306396484375,55.87763210192841,55.07988265767641,55.28518483628865,2100000
2008-10-15,55.730934143066406,55.748530816635245,54.7982701666892,55.208878609368526,1449500
2008-10-16,55.44356155395508,55.883496727910845,55.24412642321609,55.71925497900768,1063200
2008-10-17,55.0622673034668,55.66644399941298,54.563670713374975,55.54326273399922,1691800
2008-10-20,55.50220489501953,55.68991032846837,54.76311279289261,54.81004027006746,1146800
2008-10-21,55.795467376708984,56.30578889455267,55.5725642077673,55.77786622501753,1243700
2008-10-22,56.92758560180664,57.18567773511435,56.22368698080874,56.382066072514455,1069800
2008-10-23,57.349952697753906,58.00692423036354,56.792703215138076,57.455537328436655,1802000
2008-10-24,56.739906311035156,58.10077223430219,56.575660091203915,57.96585681539664,1495400
2008-10-27,56.78096389770508,57.608039634331675,56.48180674923298,57.34994291994385,1534100
2008-10-28,55.95390319824219,56.839640842653445,55.813125157325224,56.41730224464931,1505500
2008-10-29,55.672325134277344,56.317562415233496,55.39076468836388,56.17677995465103,1745800
2008-10-30,55.1678581237793,55.60779318226158,55.021213104285195,55.43181736876833,1326000
2008-10-31,54.45225143432617,55.67820213822425,54.34666679916129,55.5139603669128,2282500
2008-11-03,54.599422454833984,54.83499415702052,54.38740837218176,54.60531298300669,1111600
2008-11-04,55.624168395996094,55.777290715491006,54.52876352029719,54.74666818676466,1608800
2008-11-05,56.283756256103516,56.342648060659194,55.59471270717305,55.88328569470555,1931700
2008-11-06,55.87741470336914,55.977535748592615,55.24726273866703,55.712515795695055,919700
2008-11-07,55.51225662231445,55.665374397158224,55.094119019029755,55.665374397158224,1277100
2008-11-10,55.78318405151367,56.00697476575884,55.17069923587873,55.24137211608356,1352100
2008-11-11,55.948089599609375,56.425119241542724,55.924531970072636,56.071763784808454,696000
2008-11-12,56.30729293823242,56.578198732975366,56.04227766970161,56.28962585275104,1199400
2008-11-13,54.958656311035156,56.09528537017811,54.9174316091245,55.895052387513644,1631900
2008-11-14,56.04817199707031,56.218961337256395,55.82438139259666,56.0128378208786,1059300
2008-11-17,56.2955322265625,56.554661555665035,56.1188568147571,56.348537995313755,490300
2008-11-18,57.019901275634766,57.12590829549697,56.51342379108822,56.76077200638149,924800
2008-11-19,58.480445861816406,58.521670567130634,57.2495862434527,57.40270850311524,2090400
2008-11-20,61.50166702270508,61.507557552726766,59.54053838917033,59.96456668757329,5459800
2008-11-21,60.61239242553711,61.23665837550326,59.746668635793,60.80673949938955,3249300
2008-11-24,59.664241790771484,60.24139270038469,59.4816757090796,60.158943212319954,1587300
2008-11-25,61.41923141479492,61.525238513282524,60.47105805975546,61.218993787358805,2632700
2008-11-26,61.50166702270508,62.20249182107431,61.30142944038906,61.672456448070605,2577600
2008-11-28,62.261383056640625,62.40861485369354,61.8020205687408,61.9845865592759,986400
2008-12-01,64.64573669433594,65.24255873500132,63.304364697574,63.67073155083064,4031600
2008-12-02,64.89389038085938,65.21889345724885,63.93070641274475,64.14934074750109,3289300
2008-12-03,65.07708740234375,65.47890743682278,64.14935644883592,65.15981465871026,2951000
2008-12-04,66.35940551757812,66.471675708441,65.218945415888,65.66803519593915,2825400
2008-12-05,65.28395080566406,66.77304685814043,65.24849302487404,66.15258753976684,4557600
2008-12-08,65.14209747314453,65.73891948767066,64.81709877840902,65.28391951172172,2119500
2008-12-09,66.43025207519531,66.49525268356659,65.14797554331781,65.34297736843165,2055500
2008-12-10,66.27071380615234,66.27071380615234,65.66207579104079,65.80980363969101,2414900
2008-12-11,66.40070343017578,66.43615666500129,65.51433649317494,66.28842884216782,2416900
2008-12-12,66.40070343017578,66.51297350988835,65.20114972179987,66.50115726771165,2547100
2008-12-15,67.1571044921875,67.3284693978225,66.21164683032003,66.3889176060027,1707700
2008-12-16,68.81755065917969,69.07755315393906,67.34618233118478,68.81755065917969,4015100
2008-12-17,70.68482971191406,71.57710276099384,70.47210122792636,71.36437427700614,6407500
2008-12-18,72.16799926757812,72.77073135014048,71.17526805067749,71.34663287774735,4442000
2008-12-19,72.24479675292969,72.67615935758434,71.66570185597422,71.76024980171968,2668500
2008-12-22,71.68942260742188,72.32169808141644,71.34078679378631,72.32169808141644,2221400
2008-12-23,71.59483337402344,71.79574110283914,70.85028368544873,70.99210117098315,1746400
2008-12-24,71.44117736816406,71.68935903320319,71.27572292480464,71.34072352873805,717200
2008-12-26,71.67757415771484,72.07348382162161,71.6184793949727,71.84893454311529,454400
2008-12-29,71.59159851074219,72.3386425443628,71.50859412071767,71.99476462946124,1416000
2008-12-30,72.27342224121094,72.28527807229916,71.18843049894319,71.43744366239484,2590500
2008-12-31,70.76158142089844,72.33274439648612,70.46513574714234,71.9829406726869,2738000
2009-01-02,68.9828872680664,71.41374017952947,68.9828872680664,71.17658732838238,3464200
2009-01-05,67.20418548583984,68.8702120620365,66.75951729181347,68.53819006791896,5395200
2009-01-06,66.5283203125,67.15085787534107,65.81092251082077,66.1785166793956,4109300
2009-01-07,66.7892074584961,66.80699347418026,66.04809331564417,66.38011100415326,2565600
2009-01-08,66.73578643798828,66.94922748606099,66.3978388657728,66.78321878720395,2603600
2009-01-09,66.83663940429688,67.20422912172712,65.9710141106151,66.08366490706719,2727900
2009-01-12,67.53025817871094,67.61919269700857,66.1488216282273,66.1488216282273,2462800
2009-01-13,67.60148620605469,67.63706277163537,66.97302266943447,67.29318461924188,1767400
2009-01-14,68.71605682373047,68.79906118859427,67.97494319216176,67.97494319216176,2494800
2009-01-15,68.82872009277344,69.32082075181624,68.52634891293728,68.89393847040078,2827200
2009-01-16,67.76747131347656,68.82874266457523,67.2101520940383,67.24572412135522,2994800
2009-01-20,67.75556182861328,67.96307270983958,66.54013836806043,66.57571036958552,3268300
2009-01-21,65.61526489257812,67.02041859806317,65.45518626650039,66.36230903554238,2838100
2009-01-22,64.35237884521484,65.67452301944873,63.96106867988375,65.57373265203869,4016600
2009-01-23,63.84846496582031,64.22198485301045,63.25557367119378,63.98482743047953,2676200
2009-01-26,63.291107177734375,63.92550029591014,63.02430806690674,63.69427319361983,2240900
2009-01-27,64.77926635742188,64.97491693281812,63.81285121552985,63.913646114647925,3420800
2009-01-28,63.160675048828125,65.1053567294214,62.68043480500089,64.80891124095537,4348100
2009-01-29,61.7081298828125,63.030274997841104,61.45911661317506,62.58560650631634,3724400
2009-01-30,61.5124626159668,62.1765023950406,61.32866778961461,61.98677739007679,2630000
2009-02-02,62.65686798095703,62.82928044118841,61.46782028489809,61.842368676248135,2700200
2009-02-03,61.16465377807617,62.32397879791476,61.0873672577643,62.00888166821087,2846400
2009-02-04,60.95063018798828,61.15871732491234,60.41556193835646,61.08737277489319,2305400
2009-02-05,61.00413131713867,61.75917508992014,60.76632071908172,61.37867994737296,2279500
2009-02-06,60.813926696777344,61.152805564193244,60.58206244727504,60.790145166589525,1667500
2009-02-09,61.010066986083984,61.0397904706459,60.08260627208616,60.457159371610715,2257300
2009-02-10,62.335838317871094,62.40123631845794,61.50350383974041,61.89589184326153,3782800
2009-02-11,63.144405364990234,63.316817901701704,62.74012878756378,62.8471433091137,2774200
2009-02-12,62.549903869628906,63.126593192282435,62.27047671033405,63.00769014128323,1818400
2009-02-13,60.8852653503418,61.80082922604774,60.778250742863314,61.80082922604774,2466800
2009-02-17,62.78172302246094,62.817397540894895,62.038568146399946,62.157475648084144,2813900
2009-02-18,62.246700286865234,63.35251598792179,62.00889416540616,63.05525380023693,2768600
2009-02-19,61.18844985961914,61.86620730942978,60.77823111001451,61.05171178837133,3219400
2009-02-20,61.78290939331055,62.5201221375488,61.41430755704784,61.9909918066615,4272000
2009-02-23,62.35368347167969,62.35368347167969,61.33704784579922,61.592693379969774,2688700
2009-02-24,62.28828811645508,63.423831327497325,62.28828811645508,62.84119571226738,4197100
2009-02-25,61.56892395019531,62.71635582364615,61.25382685377289,62.567724775457485,3908100
2009-02-26,60.92092514038086,61.390600031201004,60.629609410683976,61.15873584325791,2611100
2009-02-27,60.570098876953125,61.241913848768874,60.17176891587695,60.980321857204665,3267700
2009-03-02,61.57292556762695,61.57292556762696,60.863476181336985,60.940981807474216,3302000
2009-03-03,61.16153335571289,61.74578630574119,60.696518022246494,60.946914742801475,3084900
2009-03-04,60.88136291503906,60.958863989759344,60.30903574026487,60.50576993739357,3178400
2009-03-05,62.57444381713867,62.86060943596938,61.66826102966312,62.0140386106713,4562400
2009-03-06,62.15716552734375,63.17662355503774,62.05581238777436,62.15716552734375,3125900
2009-03-09,61.79351043701172,62.330068592959634,61.4775385641902,62.30622105842282,2070500
2009-03-10,60.60711669921875,61.25694488014061,60.517689592623114,61.06616917534733,2602600
2009-03-11,61.26286315917969,61.26286315917969,60.17186326207649,60.386486341783616,3101500
2009-03-12,61.55500411987305,61.984250396935465,60.99459875276939,61.203263422443825,3558900
2009-03-13,61.24498748779297,61.93058429008754,61.00651685947581,61.25690897240681,2504000
2009-03-16,60.279205322265625,60.48190247325772,59.9155385057675,60.10631416782795,3265600
2009-03-17,59.95127487182617,61.00650573140115,59.84992635152406,60.64283911295419,3076200
2009-03-18,62.222747802734375,64.42859211549501,60.15402110781185,60.285180254231946,8578800
2009-03-19,62.3001823425293,62.99174635848542,62.13325435204239,62.9678988529235,3650900
2009-03-20,61.95439147949219,62.598260392297135,61.87092749617814,62.371715944508416,3479700
2009-03-23,61.41786575317383,62.252510565564776,61.38805977143205,62.17500955489819,2097000
2009-03-24,62.00212478637695,62.693689130711185,60.76804421535529,60.923050800886884,5477100
2009-03-25,61.167423248291016,61.8351394574361,60.99453232230404,61.578784573861554,2549600
2009-03-26,61.876956939697266,62.037922066487084,60.90519406300498,61.072122208846515,2385300
2009-03-27,62.33601760864258,62.5566038583052,61.739842981020665,62.09158837651234,1853900
2009-03-30,62.57444381713867,63.11696452526315,61.966348131239684,62.86060943596938,2300100
2009-03-31,63.02155685424805,63.075214882726854,62.59827383413562,62.62212134140987,1094600
2009-04-01,63.596763610839844,63.710358184824976,63.094539935365525,63.44729298479701,2383400
2009-04-02,62.819580078125,63.417463206140454,62.68206495162748,63.30984406063823,1766300
2009-04-03,61.534061431884766,62.8733214209673,61.37861527719932,62.723850806590505,3316800
2009-04-06,61.270973205566406,61.93461828720939,61.11552254787193,61.90472691246624,1418100
2009-04-07,61.426414489746094,61.767207153181104,61.27096840570842,61.30683987718188,1312600
2009-04-08,61.970550537109375,62.09610537247337,61.55202985774582,61.62377743287535,1007800
2009-04-09,61.19327926635742,61.689522887232116,60.972065637917865,61.26502681588162,1088800
2009-04-13,61.75529098510742,61.88682587988113,61.540052895747166,61.55798864294686,946600
2009-04-14,62.078125,62.30531864905454,61.54002997699682,61.73135214501125,1336000
2009-04-15,61.970550537109375,62.3591752531314,61.510178245957825,62.257531714660345,1152500
2009-04-16,61.48021697998047,61.85090095987421,61.450321050611706,61.492172614840946,1055600
2009-04-17,60.80466842651367,61.4085312273633,60.607370603340385,61.26504065737828,2582800
2009-04-20,61.725425720214844,61.82108916815027,61.25309770937324,61.360716807558475,1714400
2009-04-21,61.115577697753906,62.30536313709255,61.115577697753906,62.20372416058519,909100
2009-04-22,60.744808197021484,61.3187743498897,60.45184730431821,61.25300696723503,2278100
2009-04-23,60.7389030456543,60.83456646991004,60.35028292869396,60.595412470753814,1688300
2009-04-24,60.1290283203125,60.374162275619405,59.84802288334327,60.26056316838153,2830000
2009-04-27,60.38610076904297,60.49969984402438,59.82409005468748,60.42795233959205,2294600
2009-04-28,59.399620056152344,60.73289991684911,59.244169343086654,60.68506822644719,2332500
2009-04-29,58.87347412109375,59.83606504313539,58.68215195679555,59.59093109684196,3752600
2009-04-30,58.64032745361328,58.80773385449063,58.22778699324959,58.58054010494027,2778100
2009-05-01,58.23672866821289,58.34467459414052,57.912890890429985,58.2427269350247,2772200
2009-05-04,58.42863464355469,58.66251673097748,58.044827906484606,58.38665592466693,2246700
2009-05-05,58.35663986206055,58.66848553892909,58.0268085436566,58.44659552174705,1369000
2009-05-06,58.21870422363281,58.770425487269804,58.17072726801195,58.24269270144325,2045900
2009-05-07,56.797454833984375,57.9908537874187,56.569571009185736,57.53508613782142,5755200
2009-05-08,56.93537902832031,57.20524153254311,56.75546764194738,56.983351432728035,2193400
2009-05-11,57.744972229003906,57.84092161500479,57.445122962829,57.601045862334225,2167400
2009-05-12,57.95487976074219,58.18276361080779,57.45113506838523,57.67901891845083,2304800
2009-05-13,58.58456039428711,58.72848678381647,58.31469326666495,58.386658749098345,1917500
2009-05-14,58.812416076660156,58.920361960976116,58.35065036756897,58.530557124538745,1704600
2009-05-15,58.79444885253906,58.8004471193845,58.44662258089606,58.77046036049433,2306600
2009-05-18,57.88291549682617,58.83643879229757,57.792964353672375,58.776469838415736,2234700
2009-05-19,57.57703399658203,57.852894660427225,57.39712267978372,57.68497987159405,1624300
2009-05-20,58.182735443115234,58.26669742653114,57.469097474432566,57.52906639801342,2825700
2009-05-21,56.71950149536133,58.55457796755773,56.58156878765388,58.50060728324031,4771700
2009-05-22,56.089813232421875,56.66552337947778,55.9818672938903,56.26372638757484,4483400
2009-05-26,55.244224548339844,56.43162495341615,55.244224548339844,56.401642775202106,3633100
2009-05-27,54.26670837402344,55.5200804424366,54.20074118224717,55.31618060185475,7490200
2009-05-28,55.05232238769531,55.16026829729221,54.11079595550865,55.03432758998223,9824300
2009-05-29,56.473609924316406,56.50959494763356,54.956373363318725,54.992353811299154,4746700
2009-06-01,54.80403137207031,55.58015667108025,54.491176904118944,55.556090236591224,6987000
2009-06-02,55.09880065917969,55.21311039999651,54.617481508773295,55.116849324034995,5063600
2009-06-03,55.61626434326172,55.71854325771681,54.948435635602124,55.32747168986696,6727200
2009-06-04,54.46710205078125,55.1830634480057,54.2926238703567,55.008585267581154,5438600
2009-06-05,54.05195999145508,54.68970888223183,53.87748641466542,54.09407968471005,8439600
2009-06-08,53.91361618041992,54.58746282464441,53.83540368206541,54.39493586775237,4084000
2009-06-09,53.90757751464844,54.33474639113668,53.69700195443633,54.26255167917993,6046300
2009-06-10,53.059261322021484,53.80530247035016,52.680220696259994,53.46838154985397,12142000
2009-06-11,53.64885330200195,53.859428800259465,52.75841845502688,52.80053355467838,10692800
2009-06-12,54.13018798828125,54.53930818225523,53.79928026146299,53.79928026146299,6606800
2009-06-15,54.61750411987305,54.84011512237966,54.437012806398755,54.47311015105331,4518700
2009-06-16,55.56814956665039,55.61026469750689,54.62958117030251,54.72584235931524,5376000
2009-06-17,55.25525665283203,56.151713961432144,55.25525665283203,55.62226167926248,7197200
2009-06-18,54.41897964477539,55.098843821569766,54.21442182923942,54.900299172229644,6794000
2009-06-19,55.16498947143555,55.17100263371819,54.274550302180366,54.3467495613741,4750700
2009-06-22,55.700469970703125,55.899014545313115,55.38761101855379,55.61623977363249,3952300
2009-06-23,56.35626220703125,56.440492403103434,55.70046931044044,55.814779096423315,5356900
2009-06-24,55.79071807861328,56.59692270718283,55.748602979959664,56.344232115261164,6550400
2009-06-25,56.81355667114258,56.85567179997882,55.75465610156818,56.08556396399917,7140000
2009-06-26,56.909793853759766,57.09630756583337,56.681169620814856,56.92784712153683,4050400
2009-06-29,56.994049072265625,57.37910296572328,56.903801061879264,57.19860694495054,4334900
2009-06-30,56.89777755737305,57.222667607828804,56.440524383745974,56.66915326566152,3743700
2009-07-01,56.78487777709961,56.790910269000925,56.27786755509491,56.386512273741936,3379900
2009-07-02,56.91769027709961,57.10479891395736,56.73661413468672,56.93579697034938,2645100
2009-07-06,56.809051513671875,56.91165918956461,56.36843530990004,56.76680102330675,1886700
2009-07-07,57.18925857543945,57.26772239116312,56.501177099234205,56.5072141942758,2592400
2009-07-08,58.24555206298828,58.43266065302426,57.27378652545797,57.412612147229346,7912900
2009-07-09,57.55145263671875,57.78081638464624,57.00822876657204,57.55145263671874,5241400
2009-07-10,58.082550048828125,58.142907174208254,57.59968383588009,57.71436559756979,3981900
2009-07-13,57.75664138793945,58.30589745633742,57.67817294605724,58.13689558913805,2604300
2009-07-14,56.796958923339844,57.418646482398664,56.555525654444885,57.19532450776001,3629100
2009-07-15,55.336299896240234,56.13302654035669,55.330262797546844,55.92781123435197,4664200
2009-07-16,55.933834075927734,56.24166158677195,55.83122644063175,56.01833502322517,4225200
2009-07-17,55.070709228515625,55.746721361749685,55.070709228515625,55.4690747547846,3845700
2009-07-20,55.36043930053711,55.825194554056154,54.805145993617636,54.83532227477999,4436500
2009-07-21,56.465003967285156,56.555537432638154,55.100909628156984,55.197480192852694,3895300
2009-07-22,55.957977294921875,56.45291338334755,55.74672492881754,56.374449534496286,1986700
2009-07-23,54.931880950927734,56.012290959561895,54.66630396859489,55.98814717889933,3818800
2009-07-24,55.19745635986328,55.19745635986329,54.787021275968456,54.92584687116393,1765300
2009-07-27,54.56371307373047,54.72064539364614,54.286066418468415,54.461105428190365,2755900
2009-07-28,55.04656982421875,55.42079159640043,54.5818146115511,54.7568536047511,3324800
2009-07-29,55.348384857177734,55.70450009965688,54.88966653816363,55.63206871009545,2910200
2009-07-30,56.13307189941406,56.22361003314721,55.06473481525312,55.251843581330384,4040700
2009-07-31,57.225486755371094,57.255667633440694,56.30200898788906,56.64604981508737,5697000
2009-08-03,56.3582649230957,56.84881390409028,56.0857413051185,56.81247403336038,4029300
2009-08-04,55.910099029541016,56.75795674414397,55.51645030985542,56.70344926211841,3832200
2009-08-05,55.074378967285156,56.17053565076535,55.03198629500843,55.298452540552965,4458300
2009-08-06,55.26212692260742,55.64971845686653,54.75946756333355,55.05016352425566,3228500
2009-08-07,54.80185317993164,55.06832405806182,54.63833989955036,54.759460505725016,3543200
2009-08-10,55.48619079589844,55.49830100676068,54.75340059669254,54.81396089191245,3150100
2009-08-11,56.128150939941406,56.24321876120912,55.710276953615846,55.952522809753205,3677800
2009-08-12,55.5285530090332,56.364295713781296,55.16518219610185,56.291620627104656,4729200
2009-08-13,56.31586456298828,56.41276471108952,55.41350388094895,55.5951893484121,3922300
2009-08-14,56.53389358520508,57.04866299140781,56.4491082533813,56.503615749813186,4410400
2009-08-17,57.36966323852539,57.381773453219445,56.84883621802066,56.89728169725268,3569700
2009-08-18,57.03657150268555,57.39388057258765,56.93361851174314,57.32726746467917,2557900
2009-08-19,57.50893783569336,57.757241072255944,57.1758538755043,57.636115851815156,3518200
2009-08-20,57.9813117980957,58.06004434263108,57.399924629883124,57.76329103245917,3282700
2009-08-21,56.788299560546875,57.97530449168124,56.77618933982262,57.92079694727679,6258300
2009-08-24,57.81779098510742,57.81779098510742,56.60050930598044,56.61867693066901,4460200
2009-08-25,58.14483642578125,58.19328189674313,57.47866384039138,57.757244935356056,3359700
2009-08-26,58.411258697509766,58.47182357639634,58.08423237787029,58.24774553769003,3225800
2009-08-27,58.181175231933594,58.514263855167385,57.975269261538386,58.24779295658035,2514000
2009-08-28,58.447662353515625,58.447662353515625,57.72092459759495,57.79965717791556,2072500
2009-08-31,58.50211715698242,58.659577567697596,57.99340530452956,58.35677157348915,2899800
2009-09-01,58.36056137084961,58.676486230597284,57.80162309306075,58.21475239298813,3304200
2009-09-02,59.2111930847168,59.33270457430763,58.46998922137558,58.61580300888457,4345000
2009-09-03,58.846641540527344,59.00460408868048,58.65830460996722,58.834488079414704,2703800
2009-09-04,57.84420394897461,58.688688866072845,57.753071516047065,58.59148433675473,3643000
2009-09-08,57.43709945678711,57.94136111595717,57.32774156245124,57.400648370403125,2468900
2009-09-09,57.37028121948242,57.37028121948242,56.81741490753439,57.04220746874154,3182400
2009-09-10,58.42738723754883,58.755460890464164,57.661886682596545,57.674035498548896,4417300
2009-09-11,58.749393463134766,59.34478751306944,58.68864010339063,58.82230027593827,4826200
2009-09-14,58.16613006591797,58.73114489691024,58.11145345413602,58.33624126059394,2119500
2009-09-15,57.86845397949219,58.18437420845574,57.759096085777124,57.83200289331513,2187900
2009-09-16,57.97172546386719,58.293722365137114,57.47354061686437,57.923120933627125,3732300
2009-09-17,58.70079803466797,58.76762812604017,57.81985802802728,58.135782939093104,2832000
2009-09-18,58.17831039428711,58.64611639578601,58.1236291220584,58.44562612292167,2813300
2009-09-21,58.31195831298828,58.621801794779756,57.93528011911303,58.38486048038223,3050200
2009-09-22,58.43343734741211,58.54887190470614,58.026384988255074,58.11144056673023,2068000
2009-09-23,58.60969543457031,58.676525559881206,57.838112946048845,58.287698268174324,5712000
2009-09-24,58.779754638671875,58.986316926209426,58.427378769737764,58.627868967770915,4658400
2009-09-25,59.52705001831055,59.57564992319167,58.791919096580834,59.15037178558148,3854500
2009-09-28,60.04952621459961,60.1042074751536,59.6060225804276,59.73360600814216,4263300
2009-09-29,59.99485397338867,60.25002084746426,59.63032920539727,59.733610373211114,3123200
2009-09-30,59.940242767333984,60.225784313213204,59.75797786680864,59.87948471036622,2744800
2009-10-01,60.761104583740234,60.98050313344267,60.212612859137636,60.310120742531225,5754400
2009-10-02,60.34062194824219,61.13289071526369,60.261391816781114,61.11460826943594,4827700
2009-10-05,60.34669876098633,60.73674432847229,60.194338882156714,60.62094933267234,2910100
2009-10-06,59.74943542480469,60.212610640404094,59.712870551086134,60.18823250804062,3936200
2009-10-07,60.450321197509766,60.535642377703326,60.09074938127494,60.13340997137173,3591000
2009-10-08,59.81645965576172,60.79765716016985,59.530022481851596,60.76718333967431,5871600
2009-10-09,58.44522476196289,59.54830831198838,58.20144813304582,59.49346101154958,8135900
2009-10-12,58.53660583496094,58.70724797610839,58.26235555127428,58.52441445365062,1939700
2009-10-13,58.841331481933594,59.024160374035,58.66459363148048,58.883992021722264,2886500
2009-10-14,57.96984100341797,58.567088636608446,57.835763675658676,58.207521848209176,5421000
2009-10-15,57.701717376708984,58.152701190153934,57.512792667627956,57.63467867677961,3736900
2009-10-16,58.17097854614258,58.21973480540635,57.732186161727064,58.01252767801453,3716800
2009-10-19,58.62805938720703,58.63415508217087,58.12831934218904,58.25630103851223,3163800
2009-10-20,58.94495391845703,59.26795591626723,58.83525468810152,59.127782869281795,2912400
2009-10-21,58.59149169921875,58.634152262608374,58.20754662871208,58.603683088560174,3355200
2009-10-22,58.305084228515625,58.402596794363944,58.09787700057053,58.12834619015683,2572200
2009-10-23,57.86625671386719,58.15269391415339,57.817505106098196,57.82359615103643,2996200
2009-10-26,57.116607666015625,57.59806489777248,57.01300418124054,57.555404365826895,4127400
2009-10-27,57.896728515625,57.963767204825814,57.238533012372876,57.26900683461051,4476300
2009-10-28,58.17097854614258,58.38428601800836,57.8723545950444,57.982053853561474,4585400
2009-10-29,57.53716278076172,57.93329458012455,57.256816629407396,57.787030459595925,4645300
2009-10-30,58.37215805053711,58.51233128580744,57.817570110215755,57.957738695828226,5118000
2009-11-02,58.11408233642578,58.43812643647165,57.96123099378884,58.395328247119416,3463800
2009-11-03,57.53326416015625,58.30363649726149,57.47212453507109,58.254722931331614,4470700
2009-11-04,57.007450103759766,57.51491781133106,56.7384348435029,57.23367182831244,5349500
2009-11-05,57.007450103759766,57.007450103759766,56.7384348435029,56.781233043861086,2852000
2009-11-06,57.062469482421875,57.13583514810509,56.530545082952486,57.09303695490548,3381100
2009-11-09,57.129730224609375,57.28869229275285,56.940191351586485,57.031903107609985,1697800
2009-11-10,57.02579879760742,57.53326656991262,56.80569707101287,57.50269908841693,2549900
2009-11-11,57.264217376708984,57.56991999862697,57.15416424623244,57.245871301086375,1771100
2009-11-12,57.160308837890625,57.22144846560148,56.524446447457635,57.007457436286195,3431300
2009-11-13,57.423194885253906,57.50879126932898,57.135833596722,57.36817063748554,1594200
2009-11-16,58.09577178955078,58.35867644627023,57.79006891730283,57.869554649466906,5175700
2009-11-17,58.407562255859375,58.57264434059325,57.96734958277363,58.07740275104507,3174400
2009-11-18,58.06520462036133,58.40759034647166,57.92457924590563,58.35256606819921,2413600
2009-11-19,58.16911315917969,58.58486904475677,58.02849252025625,58.230252770218286,2969800
2009-11-20,58.156883239746094,58.30973458951605,57.83283445992527,58.08351291258144,4136300
2009-11-23,58.08348083496094,58.14462040817291,57.6799512553911,57.80223506646549,3219300
2009-11-24,58.450382232666016,58.51152186789984,58.07742439368802,58.1507947547617,2895200
2009-11-25,58.719329833984375,58.83549826297064,58.06512674773172,58.38305525778699,2789300
2009-11-27,58.939483642578125,59.03730608452634,58.74994478970119,58.939483642578125,2249100
2009-11-30,59.08012008666992,59.14126437698391,58.69493624682572,58.81721549814483,3115800
2009-12-01,58.42197799682617,58.83905897180585,58.385178248290444,58.734789897941035,3979100
2009-12-02,58.47102355957031,58.85743479988843,58.26248081752033,58.44648884406334,2193900
2009-12-03,57.86381912231445,58.170496148859314,57.80248465290949,57.91902342044296,3947300
2009-12-04,57.25044250488281,57.44058536847251,56.98670485834145,57.219777622026434,6108100
2009-12-07,57.32403564453125,57.49577393002313,57.09709309326424,57.20749694529721,2774200
2009-12-08,57.4099235534668,57.8822086724676,57.26885477835039,57.685935613530845,2378600
2009-12-09,57.14626693725586,57.68602216884986,56.84572438845293,57.46521406129338,3494300
2009-12-10,56.48991775512695,56.91926847905798,56.39791369431881,56.85179914643341,4446300
2009-12-11,56.4837760925293,56.58804984461661,56.00536064943818,56.330437569511865,3053400
2009-12-14,56.55126190185547,56.73527005492336,56.45926250484324,56.643265978389415,2380400
2009-12-15,56.299766540527344,56.428570324290405,56.115758461140196,56.16482790624608,2993900
2009-12-16,56.23234558105469,56.58195748892727,56.03607231136349,56.38568421923607,3301600
2009-12-17,57.158477783203125,57.18301251205363,56.545123600503736,56.73526189969381,4428900
2009-12-18,56.913116455078125,57.34859722001935,56.8272472721049,57.16458915392272,3789500
2009-12-21,55.9011116027832,56.551265675840575,55.901111602783196,56.46539644655081,3524000
2009-12-22,55.58829116821289,55.73549954998818,55.459487343800504,55.69256494185072,3078800
2009-12-23,55.600555419921875,56.05443618707658,55.50855136021624,55.790693711664886,2336000
2009-12-24,55.02399444580078,55.42267553725911,54.999459720839624,55.40427566341832,1698900
2009-12-28,54.87071228027344,54.97498145880946,54.77257795915868,54.87071228027344,3170900
2009-12-29,55.232627868652344,55.331112221764954,54.90638641491243,54.94332215651897,2617000
2009-12-30,55.59572219848633,55.69421111765627,55.312573600187946,55.3495045967716,1919100
2009-12-31,55.331111907958984,55.466532001910096,54.814058490563426,55.251093077995286,3242400
2010-01-04,55.28180694580078,55.46031462937831,55.14023496323973,55.30027244820342,2829100
2010-01-05,55.63887405395508,55.786602906766866,55.39881290705508,55.429591903823,2841600
2010-01-06,54.8940315246582,55.55881796060491,54.857100510287516,55.503416742836485,4099600
2010-01-07,54.98637771606445,55.17719426703835,54.85711443673888,54.91866770838721,2793200
2010-01-08,54.96175765991211,55.1279519696114,54.63552108057416,55.09717768066683,2910700
2010-01-11,54.66017532348633,55.00487761719704,54.64170510385194,54.777125203871584,2181300
2010-01-12,55.59572219848633,55.638809926570644,55.300260137186626,55.497237975526524,4321200
2010-01-13,54.949398040771484,55.57109638839956,54.91862377767119,55.3556577618581,4755000
2010-01-14,55.718902587890625,55.71890258789063,55.11567359425057,55.208005904440974,4188800
2010-01-15,56.06357192993164,56.217457444871364,56.0020186631984,56.03279294845841,4142800
2010-01-19,55.903564453125,56.088229064404814,55.65734653682397,55.84201114810378,2496000
2010-01-20,56.46984100341797,56.48830651831483,56.18053541346221,56.211314402433224,2800500
2010-01-21,56.72835159301758,56.869923619691576,56.2974693857806,56.35287060646239,4363100
2010-01-22,56.62987518310547,56.82069173799929,56.488298428813685,56.68527171986289,3666900
2010-01-25,56.371341705322266,56.580623746800576,56.315940479145986,56.34671945993426,2419500
2010-01-26,56.389801025390625,56.69757201463685,56.205136553357846,56.642170794541975,3138100
2010-01-27,56.35905838012695,56.68529508764405,56.24210852224566,56.47601293422389,3325700
2010-01-28,56.32831954956055,56.445269481086314,56.051322488516334,56.09441029407184,3058200
2010-01-29,56.820701599121094,56.85148058902598,56.16822833982519,56.26671735054922,4930600
2010-02-01,56.30491638183594,56.66319344219972,56.24314561245092,56.650836460638146,3598500
2010-02-02,56.46552276611328,56.490227303014635,56.23696574091197,56.32344575848922,3047500
2010-02-03,55.81071853637695,56.19370469427026,55.76130005546057,56.09486773243751,5343700
2010-02-04,56.694068908691406,56.71877815571125,56.15047961267595,56.20607188386535,6095000
2010-02-05,56.8176383972168,57.08943080005594,56.3419934448327,56.44083047336251,6875800
2010-02-08,56.8917121887207,56.92259991159035,56.61374153411325,56.74963997425195,3386000
2010-02-09,56.323429107666016,56.96585527175419,56.29871986526192,56.669349075711146,4790000
2010-02-10,55.78600311279297,56.58285835622738,55.71805388726564,56.40989840499608,5068000
2010-02-11,55.483375549316406,55.767524981991244,55.21157839075367,55.71810645992353,5087500
2010-02-12,55.71189498901367,55.85396725283141,55.563639523108456,55.786018009159804,2833800
2010-02-16,55.81692886352539,55.86634737263084,55.427768708138906,55.427768708138906,2440900
2010-02-17,55.18064498901367,55.65010638177875,55.02621578309757,55.54509565282909,4368200
2010-02-18,54.95828628540039,55.28567556542585,54.67413701004231,55.26096631807205,5121800
2010-02-19,55.2547721862793,55.29183840322066,54.9150307351559,55.12505220899883,3502500
2010-02-22,55.02623748779297,55.174488264363355,54.92740049487457,55.05094673602257,3382600
2010-02-23,55.8848762512207,55.92811626702806,55.16214825295137,55.18685279386277,5474500
2010-02-24,56.02080154418945,56.13816466439679,55.705764299821325,55.93432147127436,4423200
2010-02-25,56.3358154296875,56.39141243690882,56.15050306883731,56.32346315742107,3707700
2010-02-26,56.626121520996094,56.86703079635842,56.46551847929263,56.49640150447846,4349100
2010-03-01,56.601314544677734,56.719054728403044,56.36583890498908,56.59512117651679,2415200
2010-03-02,56.52694320678711,56.56412231818581,56.20470848212877,56.316250544085754,2260600
2010-03-03,56.384429931640625,56.44020334087355,56.20472296729774,56.396826123808864,2156100
2010-03-04,56.681861877441406,56.8119934937267,56.28526893416407,56.36582525059951,2374700
2010-03-05,55.93827819824219,56.3100884296285,55.8453303681591,56.285300765685186,3823200
2010-03-08,55.64697265625,55.75231656646635,55.585001200585516,55.70893938415619,2850400
2010-03-09,55.65945053100586,55.77099270552754,55.399187033043816,55.75860123180986,2573700
2010-03-10,55.51688003540039,55.585044908023846,55.269012928873636,55.4549132587687,3216200
2010-03-11,55.72142028808594,55.85775014498449,55.380600373605425,55.39299184797535,2621000
2010-03-12,56.06843566894531,56.17377973443731,55.603677432964474,55.62846037845002,3099100
2010-03-15,55.994056701660156,56.06222160174468,55.80195819838407,55.987858603171404,1936800
2010-03-16,56.440181732177734,56.446375098128584,56.10555558818139,56.11794704784336,3932600
2010-03-17,56.681861877441406,56.681861877441406,56.43399010595287,56.582711277741666,3481200
2010-03-18,56.4959716796875,56.68807483503348,56.39682578175329,56.650890986516366,2750300
2010-03-19,56.551761627197266,56.75005820881975,56.310087816087474,56.55176162719727,2976300
2010-03-22,56.61371612548828,56.694272469106174,56.526961685357506,56.6075180289754,2452300
2010-03-23,56.347259521484375,56.58893330074301,56.33486805516259,56.43401396902528,2910000
2010-03-24,55.31861114501953,55.92589720597665,55.18847943076395,55.671827148788815,8049300
2010-03-25,54.96537399291992,55.30000029844054,54.760884079348344,55.231835417995825,8268400
2010-03-26,55.12028884887695,55.225637573238664,54.83523788455701,54.8662236377979,4110700
2010-03-29,54.90959167480469,55.05831286441803,54.72368664196698,55.01493565379075,3245100
2010-03-30,55.083091735839844,55.12027084537566,54.69889026884751,54.85380952892755,3254600
2010-03-31,55.461124420166016,55.47351588730671,55.120299976758076,55.28761551361766,4263900
2010-04-01,55.32552719116211,55.37528709707795,55.00209729344077,55.213569775534374,2912400
2010-04-05,54.405006408691406,54.82173504898613,54.36768884250591,54.72221995736914,5652000
2010-04-06,54.49207305908203,54.6413480395117,54.33035572881969,54.61025165566213,3584600
2010-04-07,55.1887092590332,55.30688313533364,54.29927087182607,54.3925647885456,6389900
2010-04-08,55.21356201171875,55.4374768114886,55.03319068252678,55.288201860097075,3797600
2010-04-09,55.34421157836914,55.393966757675706,54.989680419459056,55.11407548577685,2311300
2010-04-12,55.63652801513672,55.70494670991933,55.4126131495512,55.4623730630961,2939600
2010-04-13,55.8169059753418,55.947522193660774,55.68006858128382,55.91020462996012,3090900
2010-04-14,55.425079345703125,55.89778923701677,55.425079345703125,55.829370512798924,3570100
2010-04-15,55.48727035522461,55.66764653915318,55.15761912939131,55.26335541968349,3698000
2010-04-16,55.891517639160156,55.972373901491586,55.505885609207496,55.6054053893363,8303900
2010-04-19,55.75470733642578,55.99728098635091,55.680067465153975,55.8977659033551,3211500
2010-04-20,55.953731536865234,55.97239031476979,55.75469666360718,55.88531285430474,2285000
2010-04-21,56.41400909423828,56.49487014041301,56.140339059382484,56.14655548957549,4162200
2010-04-22,56.246055603027344,56.65656288411304,56.18385810533132,56.53838906210006,2841400
2010-04-23,56.04703903198242,56.20253519958966,55.897764039782075,56.10923654995203,4776000
2010-04-26,56.1092529296875,56.38292778308624,55.94131910760871,56.295850283435335,4753900
2010-04-27,56.89915084838867,57.17282083376767,56.41399889515059,56.50729753021044,13199200
2010-04-28,56.41400909423828,56.81830008901226,56.277176449493666,56.68146269890108,8379500
2010-04-29,56.65039825439453,56.73747577986129,56.302083407158264,56.51356078712699,4067200
2010-04-30,57.303443908691406,57.32832386405396,56.66902165572818,56.77475790699434,6924800
2010-05-03,57.228519439697266,57.43448605636045,56.97261473991969,57.05999567108676,4211800
2010-05-04,58.25838851928711,58.33953138696923,57.77155036081591,57.927588476321056,11054800
2010-05-05,58.601688385009766,59.20087432135949,58.26464540295558,58.70779318623798,12219100
2010-05-06,60.4117317199707,62.415261027525496,58.53303102970837,58.77021206923313,19578200
2010-05-07,59.656463623046875,61.22308209053528,59.46297321850736,59.84370641085231,18740600
2010-05-10,58.42066192626953,58.632876212061944,58.1023428785333,58.14603811664462,10240100
2010-05-11,58.270851135253906,58.68278912069476,58.03991310156964,58.65782722258615,7729100
2010-05-12,57.82770538330078,58.20843862666928,57.802738722533576,58.13353864436766,5530800
2010-05-13,58.20845031738281,58.3894550728707,57.546845578932846,58.20845031738281,6849700
2010-05-14,59.21959686279297,59.60657318835446,58.72651573828776,58.74524431625408,9796500
2010-05-17,59.001163482666016,59.737663977898436,58.96371583843812,59.11975403859831,6302200
2010-05-18,59.906150817871094,60.024736538488966,59.150922206115396,59.23206506759106,9904100
2010-05-19,60.10588836669922,60.511583686980025,59.87495022467778,59.881193083085314,14121200
2010-05-20,61.37289047241211,61.52268567563043,60.87356677914618,61.11074767630414,17666900
2010-05-21,61.43532180786133,62.25920279725863,61.079555125210334,62.171821840951715,18670600
2010-05-24,61.2231330871582,61.70997616954196,61.10454731800806,61.62883327485785,7721100
2010-05-25,61.522701263427734,62.346582232727876,61.41659649934401,62.19678699155645,12952700
2010-05-26,61.34794235229492,61.41659949991632,60.79244707565276,61.30425187307268,12644800
2010-05-27,59.956092834472656,60.53655490037263,59.84374518423699,60.43669296788874,7653200
2010-05-28,60.23072052001953,60.40548247050427,59.93112520354141,60.22447766124336,5805500
2010-06-01,60.654029846191406,60.929589181595865,60.278270156667666,60.892014646056595,5536200
2010-06-02,60.07789611816406,60.86699522384847,60.00900624825254,60.74173874307925,5656400
2010-06-03,59.639530181884766,60.06539280180107,59.55811224784115,59.62700214062524,8499500
2010-06-04,61.24272537231445,61.342925730229155,60.560091023217325,60.71039872715518,7479600
2010-06-07,61.71247863769531,61.74378918575611,60.9546945707339,61.07368229824161,5288200
2010-06-08,61.40561294555664,61.693695809985805,61.223994552711424,61.330459024295365,5510800
2010-06-09,61.33669662475586,61.44942506906578,60.87951882893053,61.123762995261,5598000
2010-06-10,60.24073791503906,60.92963195916632,60.17810727444355,60.87326533823977,6075100
2010-06-11,61.004798889160156,61.255302392851256,60.50378232568185,60.80438844133039,6266700
2010-06-14,60.69163513183594,60.77304825302509,60.259508676037676,60.32213452141746,5310400
2010-06-15,60.4411735534668,60.90461090009699,60.15309062026157,60.816933693384506,4920100
2010-06-16,60.78557205200195,60.88577722793823,60.36597362837177,60.86698995196162,4011100
2010-06-17,61.280338287353516,61.51832324527618,60.791849888739215,60.84195248809629,5650900
2010-06-18,61.18014907836914,61.44318060612581,61.10499516556106,61.3054008216682,4171700
2010-06-21,61.004798889160156,61.092476071061654,60.3785305738363,60.409841122773656,5740900
2010-06-22,61.73127746582031,61.750064753779576,61.011067833072644,61.17389895880097,5658900
2010-06-23,62.150848388671875,62.35751801998342,61.73124988489147,61.75630118366075,9137800
2010-06-24,61.7813606262207,62.37004950173419,61.59347824970849,62.2197464673528,6184600
2010-06-25,62.031864166259766,62.20721848941901,61.474485877054896,61.5746862996972,5148300
2010-06-28,62.614261627197266,62.626784881834055,62.263548382788734,62.376276786697815,5436000
2010-06-29,63.29693603515625,63.33451060367353,62.727034374436776,62.8272348164988,7334200
2010-06-30,63.7227897644043,63.747841065932874,63.12783688175405,63.509860868482214,7205700
2010-07-01,63.823246002197266,64.48912171964437,63.68504529116777,63.80440132208324,12893400
2010-07-02,63.31444549560547,63.72276463250886,62.91869267884199,63.515463484022185,6297600
2010-07-06,63.835819244384766,63.917481131288575,63.2830163402805,63.33955517940276,6620400
2010-07-07,63.088356018066406,63.76679413228227,63.03181711222284,63.735383096519044,5727800
2010-07-08,62.68632125854492,62.918750468144985,62.535558826922575,62.705165963416306,6260600
2010-07-09,62.328208923339844,62.59204417126747,62.30308107220661,62.44128185711562,4286000
2010-07-12,62.30311965942383,62.717717478283,62.21517452231277,62.39734796137153,4062100
2010-07-13,61.76914596557617,62.1209264017911,61.67491769369031,62.095798543111606,5842500
2010-07-14,62.39102554321289,62.497815314996586,61.80681618987314,62.01411736520443,5417300
2010-07-15,63.01295471191406,63.1888449604301,62.629763187939886,62.654891050963585,6996100
2010-07-16,63.320743560791016,63.52803996542645,62.987803095768484,63.0129309493163,7512400
2010-07-19,62.93125534057617,63.28931878866722,62.80562089279393,63.16996270842121,4305800
2010-07-20,63.02547073364258,63.383534108791544,62.93124252067791,63.23905020989291,5076600
2010-07-21,64.09345245361328,64.25049806083771,63.07579998609594,63.100923065718455,7894200
2010-07-22,63.3521614074707,63.773042248164266,63.33331671201411,63.766763878111334,5759700
2010-07-23,62.67999267578125,63.42753071170055,62.62345860213079,63.32074093304002,6259100
2010-07-26,62.57318878173828,62.69882322327476,62.189997504611256,62.585750308833234,4856400
2010-07-27,61.970149993896484,62.303085658788426,61.91989428793033,62.051811921605555,5328000
2010-07-28,62.171180725097656,62.30938154841153,61.731450397039985,61.86965122035386,5507200
2010-07-29,62.15237045288086,62.20262140429568,61.511621697663706,61.62469472548723,6305500
2010-07-30,63.11972427368164,63.20138620160704,62.72396657895965,62.94382930233413,7683200
2010-08-02,62.23366928100586,62.599194770993044,62.23366928100585,62.54247297723099,5769200
2010-08-03,62.59291076660156,62.80718622018555,62.34712746947811,62.517283287426814,4363500
2010-08-04,62.113914489746094,62.712620907784654,62.1139144897461,62.70631741904761,3820400
2010-08-05,62.403785705566406,62.69998704319961,62.29034699771009,62.605453985294176,3704200
2010-08-06,63.08441925048828,63.15374317383501,62.69998833307503,62.889054452775405,6042400
2010-08-09,62.85124969482422,63.008803208258584,62.77562227744113,62.857548373492406,2578500
2010-08-10,62.983619689941406,63.6579488094216,62.687418194890114,63.05924232993502,11251000
2010-08-11,63.82809066772461,63.89741461140202,63.21678215065244,63.21678215065244,6778300
2010-08-12,63.67053985595703,64.24403708586371,63.56970808419764,64.01715958921412,7590100
2010-08-13,64.46458435058594,64.56541608051448,63.954112598974,64.04234216571803,7843600
2010-08-16,66.07799530029297,66.10320445953656,65.5864287154319,65.67465836870667,7976200
2010-08-17,65.69979095458984,66.08422177072673,65.54223749906325,66.07791828622369,6756800
2010-08-18,65.87630462646484,66.5821464228672,65.8510954757197,66.17250613752792,7721600
2010-08-19,66.90355682373047,67.18715135423794,65.94562833176678,66.04016144465389,13128500
2010-08-20,66.82794952392578,67.32581958098824,66.70190373268227,67.0611306316098,7040300
2010-08-23,66.8404769897461,66.92240786451707,66.33000532820353,66.58209182077205,6360100
2010-08-24,67.91188049316406,68.14505665949085,67.22494454572633,67.45812552020566,9812100
2010-08-25,67.69133758544922,68.90764687973741,67.47706216840061,68.5673353018654,13299800
2010-08-26,68.32784271240234,68.37195752718414,67.61570218573792,67.78585795470934,7039900
2010-08-27,66.39306640625,68.27110687737864,66.29853331262909,67.9181836484041,13514000
2010-08-30,67.66612243652344,67.68502809938013,66.68928818492361,66.93507141836923,5535300
2010-08-31,68.41607666015625,68.47279845882962,67.82367836828973,68.20180606287899,8397000
2010-09-01,67.00145721435547,67.6651528232922,66.42625371028257,67.64618609585736,12480700
2010-09-02,66.2934799194336,66.55896091378384,65.99007995796966,66.4957481678947,8167600
2010-09-03,65.47178649902344,65.69933894818153,64.91554503554507,64.92818951741877,9210700
2010-09-07,66.81178283691406,66.86235109724805,66.24922420244887,66.42620829116314,6018400
2010-09-08,66.28083801269531,66.50206814842755,65.96479358380489,66.42621574940996,6698400
2010-09-09,64.97242736816406,65.6361179091581,64.8776130558917,65.54762583702556,8588900
2010-09-10,64.67533874511719,64.91553080102338,64.37825617816786,64.63109271317511,6910300
2010-09-13,64.99139404296875,65.13677664213277,64.32769863073713,64.34666535255064,7054800
2010-09-14,65.61719512939453,65.6235173733034,65.0862423800677,65.12416619860272,5978100
2010-09-15,64.64376068115234,65.26953246441036,64.56159082083165,64.9471656205312,7919100
2010-09-16,64.0053482055664,64.35931658376018,63.74618934120491,64.17601015292199,17116200
2010-09-17,64.26448059082031,64.57420763982164,64.04325042900211,64.36561713476911,9203600
2010-09-20,64.6374282836914,64.75752192518499,64.2771377142971,64.56789810166296,5277800
2010-09-21,65.53504943847656,65.74995758611331,64.63748337047443,64.89663759688703,12664000
2010-09-22,66.12281036376953,66.41357063575717,65.64242152105066,66.08488657860524,8229400
2010-09-23,66.31245422363281,66.66010025352085,65.88895096101662,66.62849869941611,7412200
2010-09-24,65.42121887207031,65.80679359131578,65.42121887207031,65.71197926614025,8942500
2010-09-27,66.55899047851562,66.65379999455175,66.04067756020198,66.07227912472817,7061600
2010-09-28,67.01406860351562,67.20369721819525,66.58424792303704,66.60953205982472,8262900
2010-09-29,66.7359619140625,67.17210007182648,66.59057931317005,67.10889213239977,5507100
2010-09-30,66.69166564941406,66.74222906940264,65.75617245405631,66.6221355216701,10618400
2010-10-01,66.3694076538086,66.70566331611565,65.96970834887676,66.12831987565855,9368400
2010-10-04,66.54068756103516,66.57241179378923,66.24250203916306,66.37573510394122,4422700
2010-10-05,66.1409683227539,66.49625638782602,65.93794587979315,66.44550440741348,8491800
2010-10-06,66.97213745117188,67.31473897044893,66.52802705976102,66.55340548790453,6476100
2010-10-07,66.4138412475586,66.85795173722998,66.40749542900863,66.72471859032856,5780700
2010-10-08,66.12197875976562,66.90869063320625,66.12197875976562,66.53436972680241,6128700
2010-10-11,66.13468933105469,66.25523569226016,65.94435832121849,66.05221304416985,1474200
2010-10-12,65.48114776611328,66.46454065217473,65.4621151673596,66.24248559932002,6122400
2010-10-13,65.37967681884766,65.42408785513581,64.73888486059873,64.93556161552625,8168400
2010-10-14,64.40260314941406,65.76031695624224,64.37722473315846,65.53191605037973,10945000
2010-10-15,63.615943908691406,64.110816209529,63.37485599836718,63.8253124005332,12694700
2010-10-18,64.12985229492188,64.36459439806049,63.93951641197036,64.20598277574842,5592200
2010-10-19,64.51683044433594,64.77060503159805,63.793562221670946,63.81259483167161,8017500
2010-10-20,64.65646362304688,64.89120579727401,64.21234804181309,64.31386183424735,5515800
2010-10-21,63.88874053955078,64.65642482292876,63.88239956166188,64.51684586231458,6836100
2010-10-22,64.32018280029297,64.3772855008786,63.70477377683319,63.72380639688089,4770700
2010-10-25,64.50414276123047,64.89750114028175,64.42801231656526,64.78964645004585,5632300
2010-10-26,63.50804138183594,64.11710893940415,63.47632198722306,63.99022168007527,8432000
2010-10-27,62.94975280761719,63.5524747621031,62.949752807617195,63.24159747908492,9245200
2010-10-28,63.12104034423828,63.336754532568996,62.91167681259084,63.178143009552706,8052600
2010-10-29,63.71110916137695,63.7364875993593,63.203554923056416,63.33044227252603,6753800
2010-11-01,63.43674850463867,64.1623214544243,63.32218409910072,64.15596027224082,5921000
2010-11-02,64.27053833007812,64.34054534001703,63.91411296165718,63.939572263391916,6537400
2010-11-03,62.95941925048828,65.09158627762942,62.647551261123574,64.74789779882434,25541800
2010-11-04,63.449493408203125,63.56405783690236,63.06124755849267,63.11852734490966,13246500
2010-11-05,62.361141204833984,62.88304480765965,62.36114120483399,62.59663127380219,12435000
2010-11-08,62.64114761352539,62.959381452069046,62.259267978445614,62.74934595322311,6795200
2010-11-09,61.260040283203125,62.704820395379585,61.2218537600203,62.68572713378817,15061700
2010-11-10,61.34275436401367,61.57188312144272,60.46443069777773,61.3236611102051,18540400
2010-11-11,61.31096649169922,61.50190398716856,61.19003601212931,61.38733954754067,3368100
2010-11-12,60.980018615722656,61.57193425466801,60.98001861572266,61.23460687494369,11739500
2010-11-15,59.70708084106445,60.9227374451387,59.70708084106445,60.67451523330929,14978700
2010-11-16,61.190086364746094,61.26009829412324,59.82167800310602,60.40723276297576,19901300
2010-11-17,60.85270690917969,61.58464609287049,60.68085782695603,60.9736373851248,9915600
2010-11-18,61.10091781616211,61.10091781616211,60.337158285805955,60.89724828434282,12424800
2010-11-19,61.47645568847656,61.47645568847657,60.96728408687658,61.15822161652661,8359500
2010-11-22,61.73740005493164,62.132011988961445,61.25368298351862,61.972894978510595,10413500
2010-11-23,62.04289627075195,62.34203212045751,61.890140470546804,62.16382187608315,9566900
2010-11-24,60.935462951660156,61.7310481865581,60.83363056664402,61.61648371849812,11467600
2010-11-26,61.78190612792969,61.81373144841515,61.45094513184677,61.5591434521179,4848900
2010-11-29,62.31022262573242,62.342043114487986,61.794680206887755,62.09382096521181,8950000
2010-11-30,62.63478088378906,63.1821385701965,62.443838655234366,63.1439520668306,11947600
2010-12-01,61.24247741699219,62.02166083218866,61.24247741699219,61.72787124284703,15441200
2010-12-02,61.08277893066406,61.65758648601074,61.01252440319415,61.287154408932246,9318700
2010-12-03,60.603816986083984,61.52350973537089,60.57826942385943,61.49157406441538,10194800
2010-12-06,61.45964813232422,61.472419478098054,60.87206390003508,61.00618495780879,7001800
2010-12-07,60.144004821777344,60.623010922376466,59.498946781315986,60.495277911297514,18533100
2010-12-08,59.562774658203125,59.90765941168828,58.82829813907913,59.85656429131295,19275900
2010-12-09,59.856597900390625,60.20786608663326,59.22431126699258,59.77995517679326,17477100
2010-12-10,59.49259567260742,59.946054478496094,59.486207556269534,59.582009810517576,7078500
2010-12-13,59.71607971191406,60.05457649642432,59.11572398228401,59.428678068798035,12399900
2010-12-14,58.847476959228516,59.40950885023932,58.400406690549524,59.01353371875234,23516400
2010-12-15,58.08108139038086,58.91135561411483,57.7809034882434,58.80917019132208,26084000
2010-12-16,58.483436584472656,58.48982469522829,57.84476194453184,58.13855169418052,17939000
2010-12-17,59.550018310546875,59.8885150687494,58.668649117149705,58.68142046515524,16849700
2010-12-20,59.486167907714844,60.182325943391255,59.16683052153527,59.87575990867007,13703500
2010-12-21,59.90129852294922,59.90129852294922,59.0710194940128,59.47977089735659,8985100
2010-12-22,59.47342300415039,59.74805347330136,59.35207318417318,59.696958299342114,6440900
2010-12-23,59.3520622253418,59.543666655958916,59.096591275419996,59.51173095995504,7091800
2010-12-27,59.88216018676758,59.95879805649172,58.94969541440233,59.24348528465142,5285900
2010-12-28,58.70934295654297,59.6450004873307,58.51708248349076,59.55528023707618,13972100
2010-12-29,59.70268249511719,59.93338822501928,58.619624581753364,58.80547507448004,13115400
2010-12-30,59.65782165527344,59.77958695991838,59.22204033209663,59.52324126616517,7029900
2010-12-31,60.31787872314453,60.689574631505884,59.882092761155874,59.92695286506421,8516000
2011-01-03,59.8629150390625,60.439686862729324,59.56811424953208,59.72832973152586,13799400
2011-01-04,59.93339920043945,60.093614665986316,59.54247796274206,59.86290889383578,10466900
2011-01-05,58.613216400146484,59.40147852188857,58.44018587504504,59.273303235343754,17568000
2011-01-06,58.86957550048828,59.03620096627761,58.42097411881127,58.66449988466617,9317500
2011-01-07,59.18360900878906,59.363049599483695,58.33767130309339,58.64528723670517,12694600
2011-01-10,59.50402069091797,59.59374095710277,59.0746444328353,59.330990145958076,8295200
2011-01-11,59.17076110839844,59.34379161365268,58.760610017275305,59.273296436485886,9495400
2011-01-12,58.70934295654297,59.06822395756102,58.606802733745276,58.79265322052589,9522900
2011-01-13,59.234832763671875,59.45272334193344,58.6067862986266,58.715736477142954,14502400
2011-01-14,58.856746673583984,59.53606352146991,58.80548144437878,59.45915834358067,8960700
2011-01-18,58.58121109008789,58.773466800179364,58.14542463540099,58.504305872417206,10663600
2011-01-19,59.00412368774414,59.00412368774414,58.54911256645308,58.58115760023674,8886900
2011-01-20,58.19023132324219,58.709327619736406,57.9274757380037,58.638832457325385,14203400
2011-01-21,58.651615142822266,58.65161514282226,58.00434884819665,58.1197040603033,9085600
2011-01-24,58.67731857299805,58.89521417846382,58.56196322643114,58.87598910226744,7700200
2011-01-25,59.234832763671875,59.536038471939214,58.523476058006395,58.92081197584202,13438100
2011-01-26,58.3376579284668,59.12592021617296,58.24793765368896,59.10028515346668,13322900
2011-01-27,58.600425720214844,58.735006160092226,58.10695921794185,58.363305008398925,10868700
2011-01-28,58.90799331665039,59.13870386898964,58.17100154608811,58.196636595168656,11993200
2011-01-31,58.45937728881836,58.946433318501036,58.35043202501883,58.74135786748482,8647600
2011-02-01,58.17002487182617,58.42084051540025,57.970659849139416,58.23434060123595,11508400
2011-02-02,58.18286895751953,58.52372061118812,57.81629200270245,58.4594098116166,13624600
2011-02-03,57.700523376464844,58.24717246427901,57.69409082533323,57.85487025743144,12785800
2011-02-04,57.11528778076172,57.65550926085825,57.089562481081,57.559040613705385,17172200
2011-02-07,57.411136627197266,57.43043428703657,56.96095602962384,57.04455959585876,8554800
2011-02-08,56.8837776184082,57.58477869718171,56.82589936122706,57.4368594178294,10454200
2011-02-09,57.37897872924805,57.66195216996582,56.68441023290447,57.038127033801686,13078600
2011-02-10,56.716552734375,57.32751259967574,56.71012018339113,57.17316572225428,10486800
2011-02-11,57.53327941894531,57.57829743864997,57.07023412678541,57.25673875316072,11333400
2011-02-14,57.57189178466797,57.835572385108506,57.43683766246615,57.43683766246615,8033500
2011-02-15,57.82914733886719,57.86130518924951,57.47543551765706,57.5976245545919,7298000
2011-02-16,57.642662048339844,58.08641501901165,57.45615724771837,57.79701389433049,8446300
2011-02-17,57.73272705078125,57.99640790629579,57.661988552568495,57.89350662416235,6732500
2011-02-18,57.55262756347656,57.591217979373354,57.28895173895301,57.50760950043104,6080700
2011-02-22,58.41442108154297,58.48516446856012,57.694127007641946,57.82275357794675,11905700
2011-02-23,58.62659454345703,58.877409979729535,58.356481460350544,58.58800415638627,14522600
2011-02-24,58.9996452331543,59.192582600003355,58.80671277290629,58.92890185908304,12110900
2011-02-25,59.346923828125,59.346923828125,58.93532873135487,58.99963954523759,6841700
2011-02-28,59.424129486083984,59.50130053872136,59.21833183471256,59.35981864001848,9682500
2011-03-01,59.59636688232422,59.615721848263796,59.015693292023656,59.04794992778206,8048700
2011-03-02,58.680198669433594,59.351198805632244,58.67375029487158,59.254419040545486,8526400
2011-03-03,58.10600280761719,58.57054193803904,58.05439117723452,58.40924390233287,10607600
2011-03-04,58.58981704711914,58.61562528834228,58.06721369900211,58.13173184085059,9316200
2011-03-07,58.21569061279297,58.622159900473335,57.97051444227182,58.080195927807324,7522300
2011-03-08,57.86079025268555,58.28661420324941,57.84143528980835,58.13822287290969,8498700
2011-03-09,58.42213439941406,58.596334064096574,57.970497070461995,58.12534176378245,8904800
2011-03-10,59.40278625488281,59.4221412139399,58.48016213460111,58.62855835807367,13385800
2011-03-11,59.06734848022461,59.40929956211725,58.925405407191626,59.38349128316344,8407600
2011-03-14,59.0415153503418,59.30604148403236,58.91892730751573,59.02216037987954,6765200
2011-03-15,59.92542266845703,60.03510903390563,59.58992504202071,59.87381105683702,14893800
2011-03-16,60.60284423828125,61.2544891008751,60.05443238943024,60.241538535023366,24294200
2011-03-17,60.138309478759766,60.396387107678976,59.84797522273901,60.15766443950498,10528500
2011-03-18,60.299617767333984,60.31252435833468,59.80282230709576,59.84153223525344,7260900
2011-03-21,59.94478225708008,60.118981905565924,59.725414449717,60.08672034134607,10542900
2011-03-22,60.14478302001953,60.189946251102334,59.83508877657813,59.880252007660935,6904700
2011-03-23,60.0673713684082,60.57062031696703,59.95768991498878,60.55126534547232,8358000
2011-03-24,59.615753173828125,59.925442636435406,59.60929987431644,59.84802273199622,9477600
2011-03-25,59.467342376708984,59.97704462098446,59.370562597239754,59.912526408812994,6447200
2011-03-28,59.55118179321289,59.78989951539843,59.357622360027065,59.43504711778557,3996800
2011-03-29,59.093116760253906,59.68024368248789,59.08021508964812,59.344746100084876,6487200
2011-03-30,59.56404113769531,59.56404113769531,59.07369453179399,59.17692746879106,5048300
2011-03-31,59.44148635864258,59.82215187279058,59.105988971398006,59.789890331408166,9654300
2011-04-01,59.7304801940918,59.78230893854748,59.2315896015373,59.283423289125494,7860400
2011-04-04,59.795249938964844,59.98314328661318,59.69158259827713,59.73693582404529,4469100
2011-04-05,59.555511474609375,59.85354760710874,59.39353499326429,59.7110124557542,9951600
2011-04-06,58.66144943237305,59.47133247908164,58.66144943237305,59.45837158217936,9090900
2011-04-07,58.5447998046875,58.80396325196472,58.39577921598533,58.654942663262545,9265100
2011-04-08,58.23381042480469,58.518890749040324,58.21437402872176,58.26620771369774,7605700
2011-04-11,58.28564453125,58.45410153707394,58.08479517943104,58.20141849990418,5734000
2011-04-12,58.91410827636719,59.11495760740323,58.67438121377477,58.706778499549785,7686500
2011-04-13,59.28339767456055,59.28339767456055,58.59661891171709,58.66140852164244,7959300
2011-04-14,59.23809814453125,59.45838400656253,59.10203835742931,59.30936826298487,7609600
2011-04-15,60.04149627685547,60.06741313094159,59.65275335183259,59.77585717295805,10222900
2011-04-18,60.17755889892578,60.32009913157217,59.25105232985899,59.60092246186338,12036700
2011-04-19,60.43669891357422,60.43669891357422,60.09978981232701,60.16457945374384,5295100
2011-04-20,60.04791259765625,60.42369916587994,60.002559387224366,60.30059547622375,6754100
2011-04-21,59.99613571166992,60.40431993489965,59.97021886073994,60.18402917356182,3365600
2011-04-25,60.22290802001953,60.23586891835171,59.9313520682924,60.01557813491406,3626900
2011-04-26,60.805946350097656,60.81890723169391,60.37185073605471,60.43015987385392,7506300
2011-04-27,60.184024810791016,60.62460135839519,60.09331831067841,60.54037530632878,8869300
2011-04-28,60.6440315246582,60.6440315246582,60.235852316115896,60.397828898683436,8110200
2011-04-29,60.8319091796875,60.8513455736544,60.48203925888814,60.55978977788747,5900000
2011-05-02,60.92953109741211,60.95555883173969,60.623711424416484,60.72131418707422,5285100
2011-05-03,61.274356842041016,61.274356842041016,60.8904591373968,61.137715033729684,6486600
2011-05-04,61.547630310058594,61.63222162812212,61.339413546353285,61.365441262351354,7406300
2011-05-05,62.133270263671875,62.22436482968271,61.690808815498606,61.762383826547335,9600000
2011-05-06,61.859989166259766,62.13327287578122,61.39149997034769,61.49561088689781,9451500
2011-05-09,61.794960021972656,61.94461335045342,61.71036860960245,61.74941270926745,3731200
2011-05-10,61.35248947143555,61.74289566200681,61.352489471435554,61.61926513201703,5458300
2011-05-11,61.70381164550781,61.87298439430995,61.28086984494159,61.37196439099826,6078700
2011-05-12,61.313411712646484,61.886006767115866,61.1051948779048,61.78189586760457,8015800
2011-05-13,61.866493225097656,62.133268743522024,61.50861817860976,61.586701360829316,8380000
2011-05-16,62.21141815185547,62.328540567724794,61.65834200747292,61.834023149133564,6053600
2011-05-17,62.84906005859375,62.855568236298446,62.45215057573822,62.4846815356916,9826900
2011-05-18,62.016143798828125,62.718877515891855,61.99662424517878,62.64079433701326,7707600
2011-05-19,61.99015808105469,62.0226940020395,61.463109918235745,61.463109918235745,8052400
2011-05-20,62.022708892822266,62.08127257179833,61.63230256869624,61.827503248616374,5602300
2011-05-23,62.32197570800781,62.58875623208209,62.198345224726346,62.28944476691628,6300000
2011-05-24,62.55625534057617,62.55625534057617,62.1137935869637,62.2309159618695,5549100
2011-05-25,62.26340866088867,62.64730647839584,62.16580592217755,62.56272008579634,5664500
2011-05-26,62.79698181152344,62.82300954656865,62.393559364746906,62.445614834837336,8307900
2011-05-27,62.77094268798828,62.7969704183113,62.38703987107617,62.54970946238358,5390600
2011-05-31,62.91408920288086,62.9596364873275,62.523678234159135,62.582241865180066,7003900
2011-06-01,63.76436996459961,63.81661562606114,63.27457809884382,63.29416897628677,12746400
2011-06-02,62.54970169067383,63.28765814535907,62.54970169067383,63.013370843946106,15738700
2011-06-03,62.90886306762695,63.08518593199451,62.41253929091741,63.072127008953245,10644100
2011-06-06,62.432106018066406,62.686797269427714,62.17741476670511,62.347210595085365,8776900
2011-06-07,62.719486236572266,62.7325451616829,62.11867603306561,62.190512577226286,7399200
2011-06-08,63.20928955078125,63.24193936066329,62.804393045354146,62.86317067501665,7401800
2011-06-09,62.95460891723633,63.561951288382815,62.64767175363011,63.41174619340137,9963000
2011-06-10,63.4378547668457,63.60111875481523,63.21581813476947,63.287654688069786,7710800
2011-06-13,63.11787033081055,63.5358258181347,63.1113383750148,63.176642985704994,5540000
2011-06-14,62.16438674926758,62.6280557958773,62.1252000109821,62.52356447034352,8672400
2011-06-15,63.29417419433594,63.30723810198858,62.2819405777765,62.28846754918191,12979100
2011-06-16,63.581520080566406,63.69253838299754,63.21581038671282,63.41172415881114,10961200
2011-06-17,63.2811164855957,63.44438045744583,63.111320559793675,63.25499365220916,9622900
2011-06-20,63.35943603515625,63.58147747364606,63.07862199914763,63.56188660780646,6613800
2011-06-21,63.07866287231445,63.36600904393422,62.8696851972512,63.1504994152194,7894900
2011-06-22,63.11787033081055,63.38562072936707,62.9611382686696,63.32031611867688,5503700
2011-06-23,63.60112762451172,63.82969624306051,63.444395569281426,63.50316822158446,8586800
2011-06-24,63.33332443237305,63.79699323838551,63.33332443237305,63.581483728115224,7960900
2011-06-27,62.4648323059082,63.261561740811615,62.399527676350715,63.2484978254458,9331300
2011-06-28,61.961917877197266,62.48436438678271,61.857431564731684,62.35375525059594,12634300
2011-06-29,61.5505485534668,62.1709499676676,61.40034343104343,62.00768591314912,11084900
2011-06-30,61.45254898071289,61.58969009903087,60.82561601879345,61.53744942235279,11555600
2011-07-01,61.354270935058594,61.74744553847281,61.17734636306041,61.681913104955264,6637200
2011-07-05,61.49188995361328,61.708135020446385,61.39360128634693,61.62294984234102,4615600
2011-07-06,61.806373596191406,61.891558698367255,61.49183514303138,61.72118849401556,5652700
2011-07-07,61.6229133605957,61.68844076645453,61.30182557229305,61.48530430846599,6823700
2011-07-08,62.49447250366211,62.65173935347165,62.140618342023366,62.14716758617413,12129300
2011-07-11,63.431522369384766,63.43152236938476,62.74347185320982,62.933504900528824,9760800
2011-07-12,63.64776611328125,63.76571749440048,63.274254239640825,63.75916825058807,9083900
2011-07-13,63.82466125488281,63.844318974561325,62.979344312766074,63.372513704596635,13112200
2011-07-14,62.91389083862305,64.15237862780866,62.913890838623054,63.313614939833855,11471500
2011-07-15,63.018680572509766,63.03833829868289,62.409266064034355,62.44203227393737,7086200
2011-07-18,62.409236907958984,63.01865113173092,62.38302495216651,62.94656950315644,8206500
2011-07-19,63.70671463012695,63.739475832197705,62.36338035971539,62.46167396476851,15249400
2011-07-20,62.953189849853516,63.45775678030726,62.82213493268815,63.37912582977789,9673300
2011-07-21,62.468231201171875,62.815530956186365,62.18645885286227,62.40925303554302,11099200
2011-07-22,62.94002151489258,62.96622847178662,62.59927108223626,62.70411890749035,4974500
2011-07-25,62.25205993652344,62.94011101980301,62.140662713341506,62.23240219118858,10869400
2011-07-26,62.677974700927734,62.8221381167712,62.40930560786947,62.448626084551705,7682800
2011-07-27,62.68449020385742,62.80243656273097,62.3175276450376,62.47479445629079,11224200
2011-07-28,62.92042922973633,63.110462376163376,62.71729259019451,62.979407447315445,7081600
2011-07-29,64.16544342041016,64.56516728051886,63.41841964892701,63.4905013285809,19582400
2011-08-01,64.81299591064453,65.04968405888106,64.00431056815854,64.03060980863674,14348200
2011-08-02,66.75911712646484,66.77884030947325,65.01683073040073,65.2337957756311,20850600
2011-08-03,66.89058685302734,67.99512989102647,66.64075158845714,66.77881884119861,21179700
2011-08-04,69.27063751220703,69.39555769224539,67.23906439632702,67.31138607781565,34076600
2011-08-05,67.27195739746094,69.36270061180556,67.2456581412721,68.00832152253741,41677700
2011-08-08,69.3955307006836,69.55332111889088,67.68611527518135,67.83733464567742,38259500
2011-08-09,69.6059799194336,71.90711266145463,67.71904926519066,69.04055833010842,39881400
2011-08-10,71.67696380615234,71.7098391229878,70.30943790539932,70.76308617810032,46221000
2011-08-11,68.06095123291016,70.88148400502364,67.8505620875253,70.5724738504737,37790100
2011-08-12,69.40868377685547,69.46785832381025,68.42248480019309,68.66574902022073,15590800
2011-08-15,68.70523071289062,69.34954991612058,68.68550752578348,68.99451749998204,10051700
2011-08-16,69.84264373779297,70.11220229885784,68.79069369792843,68.81042189943327,15993200
2011-08-17,71.0655288696289,71.07210493702762,69.54020727765966,69.901815743543,15906600
2011-08-18,72.52510833740234,73.72827290990075,71.84791882866159,72.3804649440655,27274600
2011-08-19,73.11026000976562,73.24833236476553,72.47252182977822,72.74865650763715,15708400
2011-08-22,72.92620849609375,73.14974979267735,72.57775193172554,72.62377440218789,13157700
2011-08-23,71.92020416259766,73.09049282088903,71.89390492109963,72.16346838440384,16017800
2011-08-24,69.87552642822266,71.93339941863933,69.7900576041623,71.85450164684254,14621600
2011-08-25,70.63162994384766,70.94064001737979,69.9281409531545,70.1451061132181,10565900
2011-08-26,71.32850646972656,71.84132930197805,70.56584828783357,71.46000271906607,11504800
2011-08-29,70.34233093261719,70.6118945727661,70.08591942987934,70.15166506872251,6764300
2011-08-30,71.47321319580078,71.76250018472683,71.17077907832056,71.28912329960183,9508700
2011-08-31,70.36859893798828,71.63750876676593,70.36859893798828,71.53888784426714,12186000
2011-09-01,71.86030578613281,71.8669016984021,69.95449466806872,70.87113025643005,10686600
2011-09-02,74.19476318359375,74.24092450864748,72.97478099471044,73.45617695152693,16557100
2011-09-06,74.96630096435547,75.7906137366451,74.77505979743958,75.45429271681328,14016200
2011-09-07,73.53530883789062,74.10243653290865,73.40341575113827,74.04308338606839,11524300
2011-09-08,74.19476318359375,74.27389400871039,73.42320242025694,74.05627920843254,11480900
2011-09-09,74.98613739013672,75.2960800195707,73.99696135468845,74.21458128997735,11492700
2011-09-12,75.06525421142578,75.34222222348825,74.58385311609113,74.89379566677408,7602200
2011-09-13,73.99689483642578,74.90693415973824,73.93095083291705,74.78164206243314,9282400
2011-09-14,74.6234359741211,74.7487281730495,73.73976951051479,73.8386881116123,11948500
2011-09-15,73.48250579833984,74.18152111317669,73.48250579833984,73.84520527181387,8884000
2011-09-16,74.0167236328125,74.24753030444457,73.36386903842234,73.40343445892837,10053500
2011-09-19,75.42788696289062,75.96204486834651,75.25643359041726,75.30918576514533,13033500
2011-09-20,75.7444839477539,75.75107986141512,75.21033065897973,75.42135461526651,6360600
2011-09-21,78.2503662109375,78.33609292906013,75.30921377631314,75.59277757466455,18687100
2011-09-22,81.19152069091797,81.68610840339167,79.94516005798073,80.06386131022268,25041400
2011-09-23,79.681396484375,81.34980526351255,79.681396484375,81.19153856940821,15173800
2011-09-26,78.40203094482422,79.50990744065987,78.19760300045161,79.21315687423474,15110100
2011-09-27,77.20182037353516,77.35349610509392,76.66766742073284,76.99079654997827,13589600
2011-09-28,77.17549133300781,77.22824858058183,76.33799141040456,77.08976457910607,12642600
2011-09-29,77.70960235595703,78.35586570916053,77.21501474921737,77.55793164069851,12341800
2011-09-30,79.66158294677734,79.73412286833647,78.46797471188974,79.1472075853929,13546400
2011-10-03,81.85386657714844,81.85386657714844,80.06883148856012,80.57789540689662,15882000
2011-10-04,80.8159408569336,82.66048072048407,80.77627496007817,82.22414072311975,17301400
2011-10-05,80.23408508300781,80.51175621560824,79.7712998620071,80.43242448856847,14275000
2011-10-06,78.75323486328125,80.00276107544138,78.75323486328125,79.75814293801888,9681600
2011-10-07,78.17143249511719,78.70694727029905,77.25246898514362,77.84748259979882,11564600
2011-10-10,77.06737518310547,77.29216040553926,76.55831092698224,77.23265650631227,3567600
2011-10-11,76.80949401855469,77.5896216321217,76.62437984651893,77.54334308911277,7520200
2011-10-12,75.69219970703125,76.10871168446171,75.02446708985192,75.83103535151358,14033400
2011-10-13,76.44589233398438,77.05413125015758,76.00293973428045,76.04921828881692,11263300
2011-10-14,75.33516693115234,75.77151170861438,75.11038692626471,75.28888839814714,8411000
2011-10-17,76.63761138916016,76.67066965787495,75.51370086862804,75.56659208097824,9664000
2011-10-18,76.16161346435547,77.23263799790479,75.56660487859033,76.78307270475891,12495600
2011-10-19,76.1351318359375,76.51858037365237,75.47400705810817,75.72523265784987,6629300
2011-10-20,75.5930404663086,76.47233804769101,75.414538911133,75.6723772930445,7832100
2011-10-21,74.79308319091797,75.50048686927195,74.79308319091797,75.27570674904003,9906300
2011-10-24,74.91866302490234,75.42111929119068,74.7401615461323,75.32194956121532,6344500
2011-10-25,76.82268524169922,76.92185495177678,74.93848092614962,74.95831385936894,11791200
2011-10-26,75.48060607910156,76.8293010775728,75.41449461764321,76.28717902324446,12747000
2011-10-27,72.92211151123047,74.60797774330524,72.60476919616588,74.3898052169474,19471400
2011-10-28,73.68898010253906,74.01954254964035,73.22619469419034,73.31875177586008,10127900
2011-10-31,76.61114501953125,76.61114501953125,75.01122410943128,75.11039384471466,15242100
2011-11-01,79.17570495605469,79.2022189850767,77.66444070103763,78.68520806173234,24400600
2011-11-02,78.18804931640625,78.4531844408111,77.16728237451831,77.30647717699868,13181100
2011-11-03,77.11430358886719,77.78376906772516,76.88231210323376,77.11430358886719,8386700
2011-11-04,77.20709228515625,77.58490837180204,76.57739543605712,76.70333581728379,7583700
2011-11-07,77.69751739501953,78.44651910410892,77.10096489984544,77.31307189179294,9279700
2011-11-08,76.70332336425781,77.9096837483085,76.55749874799344,77.38604310673794,7539400
2011-11-09,78.29412841796875,78.96358860913814,77.59814914382363,78.38692498025031,13004500
2011-11-10,77.12751007080078,77.95605413304553,76.36524852212929,77.40589966202742,11644600
2011-11-11,76.65686798095703,77.00153995235482,76.55744172056335,76.77617848202351,2483900
2011-11-14,77.88977813720703,77.94943088730516,77.02809021755472,77.14740077478301,9252600
2011-11-15,77.7837142944336,78.51946181437305,77.3661299143456,78.0157056167047,7587500
2011-11-16,78.49293518066406,78.49956494795799,77.67102103229392,78.18803162654338,7470000
2011-11-17,79.12269592285156,79.64633671015007,78.24112326611986,78.24112326611986,9907900
2011-11-18,79.10277557373047,79.24197546032154,78.42668567915736,78.99672453755736,6792600
2011-11-21,79.57334899902344,80.0240770309075,79.48055249749113,79.79208072004668,7345600
2011-11-22,80.46156311035156,80.4748226460562,79.44079631343477,79.77221390761433,7866300
2011-11-23,81.2503890991211,81.56192264039011,80.22299189583404,80.3091637603757,10129300
2011-11-25,80.07051849365234,80.77975217070711,80.03074493079514,80.73335389490101,4311900
2011-11-28,80.03075408935547,80.30251906234339,78.59903208847197,78.63217082810706,7661900
2011-11-29,79.37454986572266,80.15006617473105,78.93045130145633,79.56014299365286,8952800
2011-11-30,78.13501739501953,78.5857455669867,77.72406277680615,78.43992100296326,11806800
2011-12-01,77.74299621582031,77.90246760910954,76.94563417986998,77.27122308644087,9647200
2011-12-02,78.83272552490234,78.8593049349726,77.45062661827393,77.49049826813136,7764900
2011-12-05,78.67324829101562,78.95897059117043,77.66325106137381,77.7429892856625,7862800
2011-12-06,77.92237091064453,78.6001329429149,77.59013601194398,78.28118520958138,8506300
2011-12-07,78.20147705078125,78.56693251435293,77.6433196065844,77.96226744176886,6588300
2011-12-08,79.17829895019531,79.29125770672493,78.01547569654932,78.22145990781006,8800500
2011-12-09,77.55030822753906,79.15832472470274,77.49714940048288,79.118458139163,9855100
2011-12-12,78.41407775878906,78.7330204045123,78.1482888410184,78.34763179672188,5734600
2011-12-13,79.14505767822266,79.49058000294,77.84934262365005,77.92907581500462,8901800
2011-12-14,80.64009094238281,80.66002423406454,79.39753004267547,79.59687309850172,11247700
2011-12-15,80.34110260009766,80.61353277404775,79.98228804675624,80.17498503296768,5438700
2011-12-16,81.2779312133789,81.47727414556833,80.59352825276397,80.65332809072,9321900
2011-12-19,82.30793762207031,82.40760411114584,81.23814003694055,81.27800663257075,7845100
2011-12-20,80.25466918945312,81.51051682414034,80.14171052949777,81.50387577555666,13945400
2011-12-21,79.13836669921875,80.28790189490256,79.11843341267853,80.15500486879574,11600100
2011-12-22,79.47059631347656,80.0154614100982,79.30447884414676,79.73638527830482,5247400
2011-12-23,78.58690643310547,78.87927501072103,78.23473795707207,78.7796034438515,5409700
2011-12-27,78.96022033691406,78.96022033691406,78.40693602513747,78.62025174537432,4270300
2011-12-28,80.42005157470703,80.69336486896658,78.96017002482586,79.15348806777523,8302300
2011-12-29,80.56669616699219,80.72001402076323,80.03340473493739,80.31338553398037,4305000
2011-12-30,80.82667541503906,81.16664883463557,80.58669477601143,80.73335017606655,5948800
2012-01-03,79.61345672607422,80.1267456339311,79.2801507873543,79.60678918326322,9076900
2012-01-04,78.6668472290039,79.51344184041761,78.44686414995184,79.50011184434337,8417100
2012-01-05,78.52687072753906,79.39346300116966,78.37354777839714,78.77351383436852,6465800
2012-01-06,79.14680480957031,79.30012264364672,78.46685806675167,78.49352314351351,7348500
2012-01-09,79.00679779052734,79.6867444120455,78.86014752326423,78.9734702649031,5582400
2012-01-10,78.87347412109375,79.24011248807508,78.44684315906578,78.48017576909763,8932500
2012-01-11,79.90011596679688,80.03343633452742,79.313499228598,79.35349432174797,8634500
2012-01-12,79.78673553466797,80.12004129917294,79.48675729510809,79.96005087040406,7205400
2012-01-13,80.580078125,81.08670480355816,80.53341547604381,80.72673361767583,9819000
2012-01-17,80.95335388183594,81.08000668933994,80.54672020030458,80.62671037644492,5449900
2012-01-18,79.9734115600586,81.0666544108719,79.93341648297937,81.01332425087028,5804000
2012-01-19,78.87347412109375,79.70007097429266,78.60682849836572,79.54675317416755,8625700
2012-01-20,77.98023986816406,78.63351649417078,77.97357232704539,78.46686356710977,6548200
2012-01-23,77.4869384765625,77.75358415959697,77.02697988631752,77.41361078658194,7274800
2012-01-24,77.6269302368164,77.80025070241983,77.18030161953419,77.80025070241983,5776500
2012-01-25,77.44031524658203,79.013519982128,77.25366469928777,77.36698751930986,12867600
2012-01-26,78.4668960571289,78.4668960571289,77.72028880385145,77.7602889812823,7638500
2012-01-27,78.71354675292969,78.88019975414143,78.00027211117731,78.54689375171796,5165300
2012-01-30,79.64009857177734,80.25338009945814,79.55343579805833,79.88674163951661,8388400
2012-01-31,80.56005096435547,80.60005113865002,79.45347780188436,79.50014043369015,7998300
2012-02-01,79.63722229003906,80.11833402955418,79.38998289666748,80.01810156748273,7925200
2012-02-02,79.6038589477539,79.83773653641734,79.27643746087821,79.49026446631265,5596900
2012-02-03,77.89321899414062,78.04690949682501,77.49229411927386,77.81971550564414,12467400
2012-02-06,78.66834259033203,78.71511707276328,77.73952627113502,77.97340378132752,6180600
2012-02-07,77.69268035888672,78.10028837305273,77.35857576353959,77.92655765405495,8794800
2012-02-08,77.75286865234375,78.0401989812663,77.49895084228635,77.64595267040298,7613400
2012-02-09,77.17159271240234,77.5391103527689,76.59025311514502,77.4188323157434,11477700
2012-02-10,78.17384338378906,78.40103730954131,77.85978404120988,78.04688702043198,7193100
2012-02-13,78.27409362792969,78.42778412126385,77.79966529342973,77.91325973309111,6422900
2012-02-14,78.6883544921875,79.03582119940631,78.33420426232003,78.47452764973728,8271200
2012-02-15,78.54806518554688,79.02917196627901,78.507969130292,78.62156867247184,6846100
2012-02-16,77.9199447631836,78.58147103414517,77.59920181778747,78.36096057781259,9036200
2012-02-17,77.89991760253906,77.91996308545808,77.3519856445907,77.4188056203332,6338000
2012-02-21,77.03790283203125,77.45887314001851,76.8107088656316,77.35864065772559,8338300
2012-02-22,78.00679779052734,78.0201648392284,77.38536257484715,77.4388205735807,7736800
2012-02-23,78.00679779052734,78.32754068489322,77.46554957294747,77.6058729960965,5163900
2012-02-24,78.51465606689453,78.56811407753267,78.14713861630298,78.33424165353645,5676900
2012-02-27,79.20958709716797,79.41673049541072,78.92894021605792,79.18285809448568,8180700
2012-02-28,78.94892883300781,79.61045460433377,78.80860549351638,79.43004033871117,6615700
2012-02-29,78.46786499023438,79.12939116338438,78.15380561668813,79.09598373732685,14235000
2012-03-01,77.7291259765625,78.14436182533598,77.3808674428167,77.80279693537153,12265600
2012-03-02,78.45917510986328,78.68018809417447,78.05733657180471,78.09082013601129,6669600
2012-03-05,77.83625030517578,78.6533241254293,77.83625030517578,78.33185053185518,6921900
2012-03-06,78.78063201904297,79.10210586681518,78.65338631879547,78.66007996483508,6299700
2012-03-07,78.29841613769531,78.7672267666556,78.23143881099872,78.66676588626336,5567500
2012-03-08,77.51481628417969,78.07069532891117,77.44784407497576,77.90326225107533,7982100
2012-03-09,77.66886901855469,77.68226141861321,76.95225553858208,77.34739521096895,6975600
2012-03-12,77.65547943115234,78.03722674242604,77.60190471579979,77.90328228956464,5280000
2012-03-13,76.2891845703125,77.29378270196486,76.27578706715295,77.20001550879901,14413600
2012-03-14,74.36712646484375,75.51236887407686,74.30684785927598,75.47888019213305,24515300
2012-03-15,74.48095703125,74.83591446882215,74.25994406118112,74.27334157372378,14154000
2012-03-16,74.62826538085938,74.63496413411198,73.80449245894253,74.00541417930809,13427200
2012-03-19,73.737548828125,74.6617829683585,73.46296115418644,74.58141322713928,14011400
2012-03-20,74.0322494506836,74.2532624565953,73.57013227644181,73.95857844871303,9443800
2012-03-21,74.86941528320312,74.93638752781663,74.2130750228194,74.24656369995353,10242000
2012-03-22,75.11051940917969,75.25786141303915,74.92299508050571,75.20428157351667,8009800
2012-03-23,75.82047271728516,75.94102486230814,75.4521226311341,75.47221380369504,8465300
2012-03-26,75.43194580078125,75.6864473405429,74.87607188476113,75.56589532424839,8118600
2012-03-27,75.97444152832031,76.1485682652048,75.47883589661144,75.5324157124155,6972300
2012-03-28,75.8673095703125,76.30933554745211,75.57932434238485,75.62620542090077,7886000
2012-03-29,76.43660736083984,76.47679480589593,76.06825736380887,76.36293633950244,7692900
2012-03-30,75.14397430419922,76.53032018751796,75.13728065905403,76.4901378780357,9467500
2012-04-02,75.56027221679688,76.07730530189764,75.33868660889655,75.875862908735,8944000
2012-04-03,74.25091552734375,76.17131397381699,74.24419941448389,75.88258259556002,14774300
2012-04-04,75.27159881591797,75.28503105134865,74.80828915149544,75.05001303738291,10095600
2012-04-05,75.8154525756836,75.92288478927992,75.42599991524679,75.87588223528887,6364100
2012-04-09,77.58811950683594,77.73583814467572,77.37996096994173,77.58140339328615,14374600
2012-04-10,78.4677505493164,78.75648199297922,77.74256388296877,77.85671221297879,14421300
2012-04-11,77.52771759033203,77.93059748488545,77.4538556786594,77.6955846399706,8713000
2012-04-12,77.20542907714844,77.72245742538531,77.0979916878076,77.66873873071489,9008500
2012-04-13,78.45431518554688,78.49460674733011,77.97086255019465,77.99100576963923,8607700
2012-04-16,78.34015655517578,78.9646218902856,78.27301079156155,78.36029977197072,7735000
2012-04-17,78.29317474365234,78.44761465147126,78.05816194731464,78.2461721843848,5398600
2012-04-18,78.52153015136719,78.64239468954948,78.38052237730423,78.59539209819515,4074400
2012-04-19,78.5953598022461,78.87737523448786,78.57521145174641,78.72965140153374,5374300
2012-04-20,78.60877227783203,78.64905872553867,78.11188730550113,78.26632210364004,5043300
2012-04-23,79.17951965332031,79.50854272132132,79.09223064177252,79.30710023572459,5170100
2012-04-24,78.6221923828125,79.07207987467528,78.61548139072264,78.97135864148527,4336600
2012-04-25,78.21928405761719,78.77660357158553,77.68211288125742,78.1655705260062,8859500
2012-04-26,78.6893310546875,78.87062514793175,78.2864461845555,78.84376581506336,5133000
2012-04-27,78.75650787353516,78.80351044386116,78.42077376466489,78.57520858592348,3112900
2012-04-30,78.77667236328125,79.06540397975805,78.68938331565704,78.94453946302596,4198400
2012-05-01,78.3680419921875,79.16902250455108,78.12572864618308,79.04113347880416,7214300
2012-05-02,78.91997528076172,78.96709147850319,78.61708617174942,78.89978335819829,3565700
2012-05-03,78.89982604980469,79.00079085253292,78.45558297191376,78.50943155140656,3522900
2012-05-04,79.51902770996094,79.55268433835822,79.02094144842032,79.07478999974377,6367300
2012-05-07,79.5324478149414,79.73437206624777,79.43821033533196,79.64013972191594,3228200
2012-05-08,79.95658874511719,80.44121574281104,79.86908864536613,79.88928058105608,6051600
2012-05-09,80.01042938232422,80.48159161923083,79.7209996838578,80.40081874921115,5828900
2012-05-10,79.7748031616211,79.84211642055534,79.04786823676957,79.43825740807256,6300000
2012-05-11,80.4344482421875,80.50175637684013,80.07097815272542,80.42771588813778,5234300
2012-05-14,81.55851745605469,81.64602266084516,81.17485540469896,81.35659303366229,8789400
2012-05-15,81.88833618164062,81.93545239378786,81.32293650059177,81.5046689945077,6766400
2012-05-16,82.1239242553711,82.23834861817397,81.25563529855393,81.43064058802344,6462300
2012-05-17,83.57778930664062,83.65182979928085,82.13064122587498,82.13737358028276,14863400
2012-05-18,83.59795379638672,83.75949943746085,82.8642866004754,82.97197855924473,10137700
2012-05-21,83.42296600341797,83.76623898685862,83.20757691888858,83.39604172594169,9583500
2012-05-22,82.49409484863281,82.70948392910128,82.1575490894458,82.62198388041372,12475500
2012-05-23,83.06624603271484,83.81337306710996,83.03258939486989,83.1604784563424,11744900
2012-05-24,82.74983978271484,83.32196631722175,82.62195080213519,82.94503686112849,10256200
2012-05-25,83.05950927734375,83.1537416959786,82.88450401332976,83.07970120486812,4723600
2012-05-29,82.80374908447266,83.33549221055668,82.79028950830468,83.05279489348399,5874100
2012-05-30,84.90376281738281,85.02491949481781,84.33836841287334,84.3518279835747,17170800
2012-05-31,85.88652038574219,86.88269859895765,85.26054474997112,85.50285823061046,31174500
2012-06-01,87.92546081542969,87.93895333511495,86.69115770454289,86.92047908030712,23526000
2012-06-04,87.23074340820312,87.80404683529595,86.96769588476599,87.21725088880775,11681200
2012-06-05,86.06391906738281,86.76538110260456,86.05717280520935,86.69118765636735,12482800
2012-06-06,84.34395599365234,86.06388159492406,84.34395599365234,86.03690170386761,20806700
2012-06-07,84.47210693359375,84.80934786450416,83.89879838022368,84.0741651051458,18898200
2012-06-08,84.4518814086914,85.62547852007948,84.02021338735582,85.49058419312038,11239600
2012-06-11,84.83633422851562,85.12636165705986,84.15510605525803,84.16859857522117,10693800
2012-06-12,84.0606689453125,84.73515077791967,83.97298815959324,84.2899954442607,10921700
2012-06-13,84.89031219482422,85.17359342404812,83.8920764852246,84.20908387568981,11100000
2012-06-14,84.7823486328125,85.17354925844494,84.43836666678916,84.95096905980368,7688200
2012-06-15,85.25447845458984,85.55799312757574,85.07911179118938,85.37588535296149,6421400
2012-06-18,85.71314239501953,85.88850394573763,85.16006756346752,85.76035591188786,6698400
2012-06-19,84.593505859375,85.23426665492605,84.53280496758885,85.17356061725215,8227900
2012-06-20,85.01173400878906,85.32874145458399,83.69649067916488,84.02024438756348,13720300
2012-06-21,85.46359252929688,85.8278133369958,84.91051763150696,84.95098489484417,9776600
2012-06-22,84.3237075805664,85.1330887821103,84.3169664679886,84.91725482420942,7830400
2012-06-25,85.55126190185547,85.67266882155835,85.16680751377758,85.22751354657268,6113800
2012-06-26,85.2140884399414,85.62552304074586,84.94429964574753,85.05896039786907,5359700
2012-06-27,85.34890747070312,85.51752788095521,85.00492039294063,85.36239483933322,5860700
2012-06-28,85.5580062866211,85.98293306921991,85.51753902956871,85.86152615217557,5257800
2012-06-29,84.4451904296875,84.73521805381279,84.06073568569742,84.33052966212199,8881900
2012-07-02,85.31645202636719,85.98562572652277,84.74190874211358,84.7959795819355,7818500
2012-07-03,84.66075134277344,85.16770194961639,84.63371335823895,85.13390317970622,5773100
2012-07-05,85.09335327148438,85.38400517435647,84.66075581004243,84.72834819646114,5974700
2012-07-06,85.88417053222656,85.98556166142706,85.58000230159212,85.6205566904855,5818300
2012-07-09,86.6412582397461,86.69533422430005,85.91801386345827,86.10051386511572,5647000
2012-07-10,86.81697845458984,87.01976074971361,86.33030507186723,86.42493543440018,4288000
2012-07-11,86.92513275146484,87.51319214077604,86.69530730997435,86.91836680928391,5960900
2012-07-12,87.54023742675781,87.57403620066411,87.12791713855161,87.22931346027048,6421000
2012-07-13,87.31043243408203,87.35775278584899,86.92515524570915,87.35098684191718,4175300
2012-07-16,87.7159652709961,88.28374740227721,87.6078133467706,88.0742094952998,5283500
2012-07-17,87.02653503417969,87.74978963525115,86.95218185382596,87.37125779003519,5590900
2012-07-18,87.0738525390625,87.42533091294926,87.05356502332111,87.37125493682719,4011000
2012-07-19,86.85076141357422,87.26308155682922,86.59390319891021,86.83048421914644,5246300
2012-07-20,87.91200256347656,88.07423048848312,87.47940507739673,87.60107859963605,6365900
2012-07-23,88.40543365478516,88.84479709389639,88.21617289496237,88.75692234328656,6141100
2012-07-24,89.10163879394531,89.25033480842812,88.06069449501408,88.1080148331182,6748800
2012-07-25,89.33146667480469,89.36526544771606,88.87182605387237,88.97322237260647,5328000
2012-07-26,88.5135498046875,89.07457622792658,88.47975104397504,88.90559273829795,6606200
2012-07-27,86.84400177001953,87.87818001656275,85.81658430776484,87.79707123297028,14685100
2012-07-30,87.492919921875,87.51995275032859,86.68855661571759,86.78318698621041,6025300
2012-07-31,87.66865539550781,87.79032890326124,86.91161246348257,87.74300856304146,7448600
2012-08-01,87.23041534423828,87.88068545743658,86.80367525946149,87.06107535322435,7972000
2012-08-02,87.72486877441406,88.52415875668245,87.46747906460803,87.7790588016603,7972000
2012-08-03,86.3092041015625,86.72239408694536,85.86891909787708,86.59369404196981,9084800
2012-08-06,86.34306335449219,86.79689322657697,86.27532840114077,86.47853326119504,3673600
2012-08-07,85.23222351074219,85.43542844214954,84.96127843435156,85.32027846423395,6613600
2012-08-08,84.77837371826172,85.61152356174274,84.69708866393705,85.45573366742835,7250700
2012-08-09,84.71739196777344,84.87318699928213,83.82327721750057,84.51418195586562,7553500
2012-08-10,85.14415740966797,85.56412250697137,85.07642243728925,85.48283743940864,4670500
2012-08-13,85.00187683105469,85.60472661818065,85.00187683105469,85.42184175253865,3543700
2012-08-14,83.85041046142578,84.27037559918833,83.82331543629455,83.96556044234777,7994000
2012-08-15,82.67181396484375,83.45077405573818,82.57020890190373,83.32884901377979,11191000
2012-08-16,81.96732330322266,82.97658811162432,81.63541322992708,82.78015311962672,13240000
2012-08-17,82.3669662475586,82.71919630426777,82.17730629449032,82.23149632903728,6341100
2012-08-20,82.53629302978516,82.76659805585454,82.29921812636469,82.33308818450132,4427100
2012-08-21,82.90210723876953,82.9427471935159,81.73027708890201,82.27893714936901,9532700
2012-08-22,84.27029418945312,84.33802910292172,83.45745972430203,83.66743950640748,11384400
2012-08-23,84.62255096435547,84.76479588699091,84.43289106750821,84.49385096241858,7139100
2012-08-24,84.54129791259766,85.04931790037692,84.44646792830657,84.98835798240977,5001400
2012-08-27,85.0357666015625,85.21188163112411,84.85287652567456,84.9002915142666,3906100
2012-08-28,85.23897552490234,85.59120560073711,85.06963553363273,85.17801560861156,3412600
2012-08-29,84.8664321899414,85.09673210169476,84.63612711034155,85.083187175999,3762700
2012-08-30,85.3067398071289,85.64541988555283,85.1644947943326,85.53026473132431,3886400
2012-08-31,86.51240539550781,86.51240539550781,85.16446067047505,85.19832556403966,9192600
2012-09-04,86.42550659179688,86.63593461652121,86.04537721064985,86.15398338574568,6009300
2012-09-05,86.01821899414062,86.33725835288828,85.9028233219178,86.08609849669088,3466700
2012-09-06,84.58598327636719,85.2104833112884,84.54525658940004,85.2104833112884,6505100
2012-09-07,84.1922378540039,85.65167058507545,84.11756884132994,85.62451774602359,7335300
2012-09-10,84.39588165283203,84.39588165283203,83.83926139882624,83.96144658526042,4912100
2012-09-11,83.86649322509766,84.23983346163446,83.69000219427552,84.18552773232312,3523300
2012-09-12,82.82109069824219,83.0926140330034,82.59708355864842,82.96363928374454,7040900
2012-09-13,82.49520111083984,83.55413564240617,81.63990504672002,83.0789740394913,12280200
2012-09-14,80.30267333984375,81.35481850357493,80.13297200580256,81.29372850917949,16871600
2012-09-17,81.2665786743164,81.38876384649163,80.64207898492039,80.68959515305109,5573300
2012-09-18,81.67388153076172,82.06758998286723,81.42951112454969,81.93861527434555,5366200
2012-09-19,82.21012115478516,82.39339633128596,81.8707184599603,82.36624349423508,5903300
2012-09-20,82.41378784179688,83.03149822574312,82.12190123563803,82.90931301435396,4604200
2012-09-21,82.50880432128906,82.56989432578284,81.91145221224109,81.96575789104082,4144300
2012-09-24,83.15369415283203,83.28945321459229,82.93647654668989,82.9839927361936,3627400
2012-09-25,83.97502136230469,83.99538469712759,82.9025075113855,83.35731109755348,5893500
2012-09-26,84.87787628173828,84.91181346378349,84.47737817413834,84.55204722506582,7193400
2012-09-27,84.27368927001953,84.71491380440295,84.0157399101997,84.54521245878426,5147700
2012-09-28,84.32121276855469,85.01359204015365,84.04290005169045,84.68097882391612,7173400
2012-10-01,84.6341323852539,84.6681459278067,83.92669325600711,84.32803126123062,4842600
2012-10-02,84.51851654052734,84.70217622457479,84.21921389568335,84.28724099841284,3540100
2012-10-03,84.54573822021484,84.55254196939141,84.0899856304456,84.25323928250293,3800900
2012-10-04,83.49131774902344,84.21236411945088,83.37568004829674,83.98108352826135,6214800
2012-10-05,82.40978240966797,82.77030311564513,82.25332738400013,82.6954774759437,8340700
2012-10-08,83.10362243652344,83.17164433684381,82.77711523909034,82.97438238283624,1568400
2012-10-09,82.95388793945312,83.11034282403065,82.56615778780713,82.62738106950552,4752700
2012-10-10,83.53894805908203,83.64098347906648,82.48459589187478,82.62063965869602,5429800
2012-10-11,84.11714935302734,84.11714935302734,82.91314070566456,82.96075654433365,5194100
2012-10-12,84.32803344726562,84.87901756068588,84.19878820990014,84.39605534439657,4934900
2012-10-15,84.13756561279297,84.44366672857409,83.960704537809,84.19878376005407,3036100
2012-10-16,82.97435760498047,83.62737699457996,82.94714781503006,83.60016720462956,5398700
2012-10-17,82.2057113647461,82.48460787390135,82.0152479876341,82.42338453712233,6932500
2012-10-18,81.70231628417969,82.66824034489547,81.53906275596735,82.38934911710506,8558600
2012-10-19,82.81111145019531,82.85872729241058,81.81797731989293,81.85878941615243,7616700
2012-10-22,82.28052520751953,82.87912504829698,82.2669229067065,82.60023376886485,6910600
2012-10-23,83.45730590820312,83.48451569365706,83.00154848901958,83.05596805992745,5760600
2012-10-24,82.63423156738281,83.18521546577131,82.63423156738281,82.892716751497,6824500
2012-10-25,82.2125015258789,82.67505758946108,81.85198088024252,82.00843068998736,5292500
2012-10-26,83.42330932617188,83.4301130713515,82.49139344656804,82.6070363556738,5889400
2012-10-31,83.91313934326172,84.14441495882961,83.41656936021751,83.450582922385,5025600
2012-11-01,83.22607421875,83.58659500576854,83.04241454621301,83.51176934924707,3659700
2012-11-02,83.16485595703125,83.19886431648408,82.47101899553465,82.4982287969403,3527800
2012-11-05,83.63420104980469,83.83827194178552,83.52536704655638,83.54577309780679,2935700
2012-11-06,82.84514617919922,83.57299149049774,82.83834243150328,83.36212201957372,4484600
2012-11-07,84.3484115600586,84.70893216620748,84.18515802306852,84.31439802788982,10071000
2012-11-08,85.60005187988281,85.61365937201813,83.96070197973833,84.2055849407974,8579500
2012-11-09,85.69528198242188,85.69528198242188,85.15109651424923,85.45719759651057,5036900
2012-11-12,85.83817291259766,85.96741300460519,85.56608004090094,85.60008840627562,2072200
2012-11-13,86.12387084960938,86.2667184441317,85.70212662549105,86.25311613549435,2863800
2012-11-14,86.20543670654297,86.24624879210201,85.43677449693965,85.51840385779394,4694600
2012-11-15,86.03540802001953,86.40272729158374,85.70889565783831,85.7769175529525,5549600
2012-11-16,85.96058654785156,86.5183744184232,85.8993632064627,85.95378280108876,4591100
2012-11-19,85.47761535644531,85.57964559849417,85.23273239605275,85.34156638415075,3621600
2012-11-20,84.62057495117188,85.48446437885795,84.60696745104036,85.35522426605274,4659300
2012-11-21,84.5728988647461,84.63411700252882,84.36202428077475,84.47766719059271,2422800
2012-11-23,84.4912338256836,84.65448731392833,84.42321197139285,84.55245712735963,987200
2012-11-26,84.8926010131836,85.38236164767382,84.85858747938138,85.13748392529702,2799000
2012-11-27,85.22594451904297,85.29396642298708,84.8246064632171,84.98786526036929,2544400
2012-11-28,85.1034927368164,85.84494022280704,85.08988524382801,85.68849038160626,3569700
2012-11-29,85.11713409423828,85.32800881441005,84.79743051865339,84.93347437253036,2761000
2012-11-30,84.88583374023438,85.3960058280467,84.83141413866375,85.35519372173815,3702300
2012-12-03,84.96424865722656,85.05285060363833,84.25541748608272,84.32357322947254,5427800
2012-12-04,85.45491790771484,85.47536929747079,85.08687089130592,85.2095532301089,2586300
2012-12-05,85.41399383544922,85.74796027829403,85.31175772439009,85.46852045467335,1978200
2012-12-06,85.59805297851562,85.93202477074958,85.54353153483903,85.78207910075832,2301200
2012-12-07,84.80745697021484,85.16868696747633,84.746113182029,84.85516649438243,4020900
2012-12-10,85.18229675292969,85.25045245359082,84.88240543008472,85.16866249282947,2134300
2012-12-11,84.53474426269531,84.72558216832044,84.39843295866106,84.69150694228334,3777900
2012-12-12,83.55337524414062,84.74611862488297,83.53974617919519,84.39852286931524,7119700
2012-12-13,83.61471557617188,83.95549938513899,83.23985130632873,83.34890462117338,6381500
2012-12-14,84.24178314208984,84.31675601973656,83.88737015680987,83.96234303445658,3832800
2012-12-17,82.9808120727539,84.18718380834075,82.95354875896243,84.17355475141771,6870000
2012-12-18,82.13568115234375,83.0012693814563,81.7199246612109,82.74227566564653,12024200
2012-12-19,82.40834045410156,82.91269901870177,82.27884094699482,82.44923284584134,4880500
2012-12-20,82.42192077636719,82.90583285892751,82.21063661072753,82.66728538160129,4567900
2012-12-21,83.32160186767578,83.44428418885302,83.11712959906514,83.3624942414196,6087700
2012-12-24,83.1716537475586,83.20573419129147,83.0626056875155,83.15120756129711,1071100
2012-12-26,83.4708251953125,83.47765732776523,83.20442935494754,83.3000583637252,2247800
2012-12-27,83.75093078613281,84.21541702877066,83.2181388160409,83.25228907407146,4262700
2012-12-28,84.22908020019531,84.24957139829223,83.86705513676775,84.11295993671726,3928200
2012-12-31,82.77416229248047,83.99685436965834,82.58973626594704,83.9285486269198,6423000
2013-01-02,81.66754913330078,81.89979479464893,81.56509317678548,81.80416576097365,7472700
2013-01-03,80.56097412109375,81.61972550759519,80.53365079860849,81.54458767360846,10004300
2013-01-04,80.87517547607422,80.90249879550653,80.16478480500513,80.36970709505229,9574600
2013-01-07,80.9094009399414,81.10066435378907,80.60202243048491,80.85475946166581,4193100
2013-01-08,81.44215393066406,81.4831363198688,81.1620937073855,81.31236941632596,4380900
2013-01-09,81.36700439453125,81.65389150056139,81.196237515505,81.45580129552394,3870300
2013-01-10,81.14161682128906,81.48998282513713,80.84789748694524,81.03232348228055,5602800
2013-01-11,81.86565399169922,81.87248612715393,80.84105255197484,80.95717279774276,4770700
2013-01-14,81.64024353027344,82.15937640534102,81.53778755151694,81.99544162793802,3064600
2013-01-15,82.01593780517578,82.44626857626837,81.94763207805849,82.38479498528068,5357800
2013-01-16,82.1866683959961,82.43257307402439,81.97491917212363,82.39841761986855,4286100
2013-01-17,81.36700439453125,81.66072363491207,81.11426753747143,81.51044794754633,7019200
2013-01-18,81.99543762207031,82.11155786658306,81.59925715225845,81.67439500727077,4660000
2013-01-22,82.1525650024414,82.173061414758,81.5446350552309,81.66076054611584,3874100
2013-01-23,82.02960968017578,82.36431665470424,81.93398060499443,82.20037663034158,2848800
2013-01-24,81.74272155761719,81.9476439801249,81.46266647234323,81.87933824308689,4178900
2013-01-25,80.6224365234375,81.01178469500086,80.44483755757292,80.88883236653926,8750700
2013-01-28,80.32872772216797,80.41069768884465,79.91888831156632,79.93254736698367,6059900
2013-01-29,79.88478088378906,80.65665086939529,79.83013941787758,80.34244029197984,5553900
2013-01-30,79.74816131591797,79.89160492075497,79.34515383728926,79.69351464415335,9586800
2013-01-31,80.13748168945312,80.15114074691778,79.61152198910209,79.93939148217007,6789200
2013-02-01,79.0969467163086,80.67833629878295,79.07641000323264,80.59618944647909,10928600
2013-02-04,80.11009216308594,80.28808563166852,79.69934242425145,79.8157205593774,9291900
2013-02-05,79.39813232421875,79.70619333653025,79.3159802835513,79.59665728230698,6676500
2013-02-06,80.04851531982422,80.07589934352251,79.44608246736733,79.76783299414313,5892000
2013-02-07,79.8705062866211,80.50032304062516,79.83628018086264,79.93896372110545,5951700
2013-02-08,80.1785659790039,80.20594999513793,79.56928598318113,79.95949907289872,5603400
2013-02-11,80.11692810058594,80.35653164565096,80.04162338314185,80.13062271628426,3679900
2013-02-12,79.91841888427734,80.11010177052381,79.72673599803088,79.88419278200016,4513700
2013-02-13,79.2680892944336,79.59668713440831,79.10379037444623,79.27493660613221,6586400
2013-02-14,79.98686218261719,80.12378223644069,79.40496631702386,79.61034378627609,7096000
2013-02-15,79.75413513183594,79.91843403362502,79.45976343702289,79.86367121500727,5861800
2013-02-19,79.3570327758789,80.02792787374895,79.30226476320274,80.00054386741088,7383600
2013-02-20,79.5966796875,79.66514235214396,79.11747237280035,79.1996244365923,9603900
2013-02-21,80.06217956542969,80.3086304783133,79.91841740340871,80.02795346378669,8297400
2013-02-22,80.11692810058594,80.32914763721988,80.01423937471077,80.08270200727125,5316900
2013-02-25,81.69149780273438,81.70518719934927,79.61035957847866,79.65143299129039,15948700
2013-02-26,81.21912384033203,81.92424520615701,81.18489251806294,81.28073917582311,9822100
2013-02-27,80.97953033447266,81.83526126806507,80.78100013112316,81.80102994153452,7459600
2013-02-28,81.130126953125,81.23281569347056,80.76729793047484,81.0753589285452,6023400
2013-03-01,81.57195281982422,81.78462822688353,81.32497256392982,81.53078595438511,7786800
2013-03-04,81.13971710205078,81.61995871033456,81.13286032112357,81.49646860925404,4511400
2013-03-05,80.90646362304688,81.09169616374108,80.7349498788476,81.00251090106373,6539300
2013-03-06,80.17240142822266,80.61147628456976,80.16553941147765,80.34391520755153,6514900
2013-03-07,79.554931640625,79.93226395806366,79.52063203352033,79.86365950967041,8526700
2013-03-08,78.72480773925781,79.14330168932977,78.63562247754138,78.8071362198927,15423600
2013-03-11,78.80030059814453,79.05414290615316,78.71797208993439,78.97867641550697,5815800
2013-03-12,79.36976623535156,79.43837074176864,79.05418131848234,79.06790012609042,9264200
2013-03-13,79.28738403320312,79.40401213860851,78.91691366822297,79.06098460446223,7371500
2013-03-14,79.0472412109375,79.33538299376198,78.88258951134968,78.95805072993242,9352100
2013-03-15,79.41777038574219,79.5000936795254,79.10218554647008,79.12276636991588,9673400
2013-03-18,80.0214614868164,80.18611323504211,79.68529597421838,80.15181362267847,9152200
2013-03-19,80.56346130371094,80.87904606352824,80.06263871114464,80.11752438263957,11986200
2013-03-20,79.66471862792969,80.26158320404988,79.63727579633331,80.06948861706017,8543900
2013-03-21,80.4331283569336,80.43999037605614,79.94602968297207,80.17242920633343,6119400
2013-03-22,80.49488830566406,80.61151647755418,80.11069368916165,80.4743074793526,6323800
2013-03-25,80.41941833496094,80.80360770078696,80.04208575481927,80.11069025097571,5839800
2013-03-26,80.51541137695312,80.89274370262247,80.11749823973527,80.1792459085648,5093200
2013-03-27,81.20149230957031,81.48277221431658,81.07800216660749,81.16033067331126,7742900
2013-03-28,80.78986358642578,81.26323812554374,80.73497791301949,81.03684388256815,5826400
2013-04-01,81.39828491210938,81.4189103804497,80.77949463419313,80.80012010253346,6113800
2013-04-02,81.06832122802734,81.2264534215827,80.95831166247162,81.17832554803827,5438000
2013-04-03,81.79708862304688,82.01710243432966,81.30205623627485,81.34330718665817,9527400
2013-04-04,82.77346801757812,82.78722184277254,82.1409284428668,82.2234304118438,9365700
2013-04-05,84.44412994384766,84.86353208465815,84.31349494228745,84.48538089358543,18626200
2013-04-08,83.79781341552734,84.47848536716856,83.72906010353954,84.34097349765148,8020300
2013-04-09,83.59154510498047,84.04532111507179,83.45403324923997,83.90093760069996,7176100
2013-04-10,82.44342803955078,82.95908619267618,82.43655112875624,82.91095306266033,10765200
2013-04-11,82.60154724121094,82.84218662560698,82.42966121727875,82.62217272479558,7501800
2013-04-12,83.83224487304688,83.83912178218841,83.12407535226578,83.4197194988151,9253000
2013-04-15,84.56103515625,84.58853754573649,83.79098923280651,83.96974689615193,12948400
2013-04-16,83.86662292480469,84.23789208420541,83.79786432550229,83.82536671611432,6553500
2013-04-17,84.42354583740234,84.93232703380045,84.08665067652817,84.08665067652817,9020900
2013-04-18,84.62980651855469,84.71919061479502,84.29291135534835,84.4372949967225,7009500
2013-04-19,84.45103454589844,84.55416719960759,84.313522592438,84.5266648089155,5474300
2013-04-22,84.5129165649414,84.7673097614635,84.34103054593744,84.45791177992933,4519400
2013-04-23,84.21728515625,85.11109468864665,84.14165487679125,84.74669711246128,8042900
2013-04-24,84.43040466308594,84.44415323494296,84.08663266567197,84.20351388586207,3673600
2013-04-25,84.06600189208984,84.13476048796932,83.94912067196577,84.05225332024058,4297800
2013-04-26,84.83601379394531,84.9185209234915,84.57474908536203,84.70537881688269,4898800
2013-04-29,84.52670288085938,85.0698635391993,84.402944689775,84.96673083903781,4916000
2013-04-30,84.57474517822266,85.04227506630171,84.34097761141227,84.74663108934669,4477400
2013-05-01,85.44361877441406,85.61587024063158,85.043994111182,85.06466344605649,10724600
2013-05-02,85.3333511352539,85.41603370802292,85.09909173078582,85.15420818926907,4171800
2013-05-03,83.32146453857422,84.18961324483004,83.25256501575635,84.16894391365435,11283600
2013-05-06,83.11479949951172,83.54198515104628,82.90120930209399,83.47308559607595,5121900
2013-05-07,82.79093170166016,83.02519112851796,82.71514065021873,82.8116010326539,5049200
2013-05-08,82.92186737060547,83.25259254888333,82.79784608583857,82.86674563144277,5732900
2013-05-09,82.708251953125,83.59017848370107,82.66691328972199,83.03208550097331,7527000
2013-05-10,81.81947326660156,82.53604023169824,81.19936673366219,82.51537089005015,11689000
2013-05-13,81.1924819946289,81.43363835190016,81.047791334286,81.22004287136562,8050800
2013-05-14,80.3105239868164,81.60585841027971,80.29674618211259,81.54384514736822,9236100
2013-05-15,80.84794616699219,81.10977176156909,80.21406202894912,80.97885896428063,14608600
2013-05-16,81.68855285644531,81.95037851092033,81.2544809519666,81.28204182384286,8458400
2013-05-17,80.65501403808594,81.40603306351304,80.59989757138145,81.26822875500963,7435500
2013-05-20,80.55855560302734,81.07530994487199,80.46898674285185,81.0477490825033,5839800
2013-05-21,81.1924819946289,81.21315659470625,80.21409452562466,80.56548913314299,7781800
2013-05-22,79.98670959472656,81.68166909882079,79.78690246668762,81.316491477728,18361500
2013-05-23,80.36566162109375,80.77906418107925,79.76622449226058,80.71705616259587,9207100
2013-05-24,80.47588348388672,80.90306373652122,80.41387022536722,80.5999047442284,5357600
2013-05-28,78.43644714355469,80.11073207527602,78.42266933533804,79.98671077453004,13567500
2013-05-29,79.31835174560547,79.35969041258667,78.8636053820233,78.97384883623614,11298600
2013-05-30,79.12544250488281,79.49062008199402,78.91185233785605,79.40793747377478,10011800
2013-05-31,78.85673522949219,79.24946844237267,77.97480838349382,79.2150212961157,18158800
2013-06-03,79.27458190917969,79.76495376121026,78.5286619359391,78.583916438259,15564500
2013-06-04,78.54252624511719,79.07433666454659,78.5010879777068,78.7082845841213,7504300
2013-06-05,79.6268081665039,79.64752728373291,78.82563383792616,78.93614282229208,8056100
2013-06-06,79.57844543457031,80.6627895911681,79.0190083070249,79.34361652577424,8925200
2013-06-07,78.15564727783203,79.30905646502542,78.15564727783203,78.88775042933233,10459300
2013-06-10,77.78272247314453,78.12805509868252,77.61695901894876,77.83797168851876,7892600
2013-06-11,78.70823669433594,78.70823669433594,77.43741475292774,77.54101035842126,12841200
2013-06-12,77.58245849609375,78.61845676767899,77.54101498206575,78.04520312608884,10193200
2013-06-13,78.79801177978516,78.853266275606,77.96921541990754,78.09353540082506,12506300
2013-06-14,78.61156463623047,79.19172652646047,78.61156463623047,78.80495017652021,6679100
2013-06-17,78.19715881347656,78.79113164144232,78.04521154083041,78.74968812294593,5982100
2013-06-18,78.23858642578125,78.51485367763648,77.85181543479965,77.94160005217479,5192700
2013-06-19,77.43054962158203,78.59086847169338,77.0921248271969,78.55633307111106,17138200
2013-06-20,76.1596908569336,76.80891818550597,75.47593341112747,76.4912126524106,27898500
2013-06-21,74.8681411743164,76.25638030326193,74.84742205243596,76.07680579803207,19781000
2013-06-24,75.17892456054688,75.55188449311599,74.42610183563858,74.47444820082205,24588900
2013-06-25,74.50897216796875,75.29633020428095,74.49516118020809,75.21345373900061,11078000
2013-06-26,74.99248504638672,75.31709877746958,74.61952492574011,75.28256338376922,13582200
2013-06-27,75.75907135009766,75.95245677289427,75.24797528201226,75.6554705109259,12026000
2013-06-28,76.27703857421875,76.30466580447259,75.08909402008058,75.28938748740437,12017000
2013-07-01,76.43077850341797,76.49307802283913,75.75237603061647,75.96005165817485,5500400
2013-07-02,76.3823013305664,76.70073863887562,76.31307789539858,76.49306305196258,5333900
2013-07-03,76.15389251708984,76.59692900271716,76.15389251708984,76.36156289893367,3839000
2013-07-05,73.55796813964844,74.41635061209986,73.49566333233707,74.26405584024002,14511900
2013-07-08,74.27098846435547,74.4578923453461,74.03562234899908,74.11869367466812,8044200
2013-07-09,74.34711456298828,74.49940930905187,74.1186724438929,74.40941407833598,4700400
2013-07-10,73.76564025878906,74.34020499120706,73.5856603254189,74.34020499120706,10792200
2013-07-11,74.63090515136719,74.67244342791625,74.02865559619319,74.3816966177061,10035500
2013-07-12,74.56864166259766,75.08782547816746,74.30558514927266,74.99783023669906,4730800
2013-07-15,74.96321868896484,74.98398519587981,74.55479135446464,74.62402008606213,4574800
2013-07-16,75.21932220458984,75.28854562803342,74.9493418747652,75.06010357740183,3650200
2013-07-17,75.3577880859375,75.70391057199035,75.21934120408037,75.58623019427078,5932000
2013-07-18,74.41633605957031,75.22626142635464,74.40249348365874,75.18472841720984,9066400
2013-07-19,75.59319305419922,75.60011698676475,74.93556205862869,74.9770950911956,8523800
2013-07-22,75.70391845703125,75.93236058915822,75.54469977304291,75.70391845703125,3972600
2013-07-23,75.38550567626953,75.4547291421359,74.98400218026794,75.22628695150618,5015500
2013-07-24,74.43016052246094,74.68629300647946,73.92482476280857,74.52015572892063,8853100
2013-07-25,74.40247344970703,74.4855394456299,73.93866541969999,74.04942712280874,6443400
2013-07-26,74.85942840576172,74.95634235384189,74.51330565364283,74.79020491162076,6795500
2013-07-29,74.3124771118164,74.63783300797365,74.11864941574194,74.52015266127253,6397800
2013-07-30,74.28477478027344,74.59628805452901,74.10479496642739,74.56167370803136,3635400
2013-07-31,74.55477905273438,74.7070737868627,73.27412695065235,73.41949775648125,10483100
2013-08-01,73.11825561523438,73.90245671186773,72.86842060672224,73.90245671186773,13568600
2013-08-02,73.92326354980469,73.98572493925106,73.54851639186325,73.5693350901173,9568400
2013-08-05,73.35418701171875,73.73588074757963,73.24315220335784,73.69424335627973,6611800
2013-08-06,73.56935119628906,73.56935119628906,73.10437722318913,73.2362360672443,4589000
2013-08-07,74.1175537109375,74.21471112652988,73.68034004608977,73.68034004608977,7183400
2013-08-08,74.31885528564453,74.6727891380493,74.11066295075429,74.24252180246474,5510900
2013-08-09,74.43681335449219,74.44374939052706,73.89550604146874,73.9787808313591,3623400
2013-08-12,73.93023681640625,74.69361941869032,73.88859940191203,74.67974204542107,7562800
2013-08-13,72.86148071289062,73.11825705856484,72.72962716862345,73.09743835655871,11485600
2013-08-14,72.9725112915039,73.11824748114262,72.77819637198562,72.8267751018652,6431600
2013-08-15,71.987060546875,72.61164276051963,71.95930051376202,72.24383158747136,11846300
2013-08-16,71.7372055053711,72.15359529638673,71.25141300361665,72.14665396637615,10175900
2013-08-19,71.11263275146484,71.48738522861805,70.93219519697969,71.43186516651731,9022000
2013-08-20,71.66085052490234,71.73024792523607,71.3763143004471,71.40407431951705,10050100
2013-08-21,70.87667846679688,71.61924212457753,70.86280109796158,71.32082839511325,13248800
2013-08-22,71.5984115600586,71.64005424903381,70.95300547512373,71.10568298043708,8751200
2013-08-23,72.37567901611328,72.44507644061758,71.30000040490218,71.48737927521631,17441200
2013-08-26,72.73655700683594,72.79207707057707,72.40344721375857,72.56306077865844,5879100
2013-08-27,73.65258026123047,73.73586031543698,72.89613962391243,73.06963576583111,11573300
2013-08-28,73.0557861328125,73.26398371509914,72.82677514591853,73.15294888731486,7497900
2013-08-29,73.63871002197266,73.77750483105919,72.72265051582681,72.78510659151098,6672400
2013-08-30,73.55548095703125,74.03433238133637,73.38198467804374,73.57629966335995,8987600
2013-09-03,72.51797485351562,72.83109006167687,72.02394592288096,72.77542348419935,12084300
2013-09-04,72.35794830322266,72.81718969031654,72.33011500927836,72.67802322059507,4579600
2013-09-05,71.34901428222656,72.08657796734428,71.34205463180342,71.99612374647482,12290600
2013-09-06,71.70389556884766,72.2396719613536,71.53689577934603,71.84305675144019,9478400
2013-09-09,71.7386703491211,72.23269936001333,71.72475635681982,72.22574501819163,6874900
2013-09-10,71.23767852783203,71.90566161047852,71.22376453614795,71.48121850589345,8069000
2013-09-11,71.87091064453125,71.88482464331408,71.10551330362762,71.61345654343606,8962400
2013-09-12,71.77345275878906,72.36489555495875,71.7108265309802,72.26052204771537,6254400
2013-09-13,72.05179595947266,72.24662371727307,71.82913490646386,72.02396266426427,6106200
2013-09-16,71.5716781616211,72.65019574777378,71.56471851092142,72.59452915949252,8231600
2013-09-17,72.1631088256836,72.18398246558473,71.64820624304564,71.92653382859434,8795300
2013-09-18,73.0537338256836,73.4433944674276,71.65514722999656,72.10742346647865,19749200
2013-09-19,72.62238311767578,73.1233666287833,72.47626226335365,73.09553863538251,11627800
2013-09-20,73.00508880615234,73.18600263932579,72.67805409918275,72.84505393380144,8421000
2013-09-23,73.5408706665039,73.56870397227915,73.13729569575325,73.20687630586123,10242100
2013-09-24,74.33409118652344,74.3410455305258,73.6452289068017,73.74960246209223,11446600
2013-09-25,74.48712921142578,74.64716397076153,74.02788795352703,74.13226144929097,8130900
2013-09-26,73.96530151367188,74.18796259770244,73.88876126834958,74.09054870523025,5117100
2013-09-27,74.14619445800781,74.32710820982956,73.93049307111204,73.95832636436599,6460000
2013-09-30,74.03485870361328,74.38276686922363,73.88177826135956,74.21577243615471,8438800
2013-10-01,73.81024932861328,73.97070340710579,73.62188371334592,73.88001220285203,7592500
2013-10-02,73.92185974121094,74.28463515859315,73.78233400995038,73.9009314137784,5967200
2013-10-03,73.80327606201172,74.23581442546005,73.740485745472,73.775369846057,6648900
2013-10-04,73.74742126464844,73.79625578387375,73.49627078790014,73.71951506472492,5545300
2013-10-07,74.04741668701172,74.20089814692064,73.93579719416422,74.089273331509,5761100
2013-10-08,74.068359375,74.3055594924732,73.831164580092,73.93581153419589,5904000
2013-10-09,73.47533416748047,73.90787223358255,73.46138373037651,73.85903771987448,8439000
2013-10-10,73.59392547607422,73.62183167055623,72.91024234023304,73.1125582583059,9944100
2013-10-11,73.57304382324219,74.11022909323707,73.53816504994019,74.06139455256168,6500800
2013-10-14,72.98002624511719,73.69859366225653,72.78468814988287,73.52418388828819,4205600
2013-10-15,72.93116760253906,73.4613746303781,72.92418972357007,73.35672773609167,8291000
2013-10-16,73.84510040283203,73.85207828440812,72.74282930663152,72.88236032533267,14460200
2013-10-17,74.51483917236328,74.7311109376807,74.15206914040063,74.31252317129322,11303400
2013-10-18,74.67522430419922,74.98218694176812,74.63336769818865,74.72405878539797,9487800
2013-10-21,74.43807220458984,74.59155362183618,74.27064035057685,74.58458106473421,6161600
2013-10-22,75.26829528808594,75.428754651186,75.03807306725037,75.06597927485754,9708500
2013-10-23,75.56129455566406,75.85430704351197,75.37293432728585,75.39386265015406,9163100
2013-10-24,75.26829528808594,75.81245303001374,75.25434484556479,75.7705963798854,7631400
2013-10-25,75.54735565185547,75.65897516505339,75.40085204684031,75.43573081609242,4429500
2013-10-28,75.2892074584961,75.61012079327361,75.28223490001405,75.35199774278068,6466400
2013-10-29,75.38690185546875,75.39387973886119,75.00320342993274,75.07994417955304,5270500
2013-10-30,74.93346405029297,75.49157247761076,74.79393295153814,75.29623426192119,10199300
2013-10-31,75.0938949584961,75.35202341951185,74.74507530323643,75.28226055297303,11452100
2013-11-01,74.28107452392578,74.84767672404627,74.24609683931658,74.82669224801889,11349500
2013-11-04,74.35099029541016,74.61680243067974,74.30202476162779,74.47690243039952,4733200
2013-11-05,73.46260070800781,74.02920792185908,73.4416162439471,74.00122685749734,8753400
2013-11-06,73.49760437011719,73.54656991585966,73.23179216992146,73.40666988140806,5643000
2013-11-07,74.12016296386719,74.18312171037729,73.42764877331894,73.48361091758484,7893700
2013-11-08,72.33644104003906,72.82609664570154,72.3224478302511,72.72816552456904,16889900
2013-11-11,72.06358337402344,72.45531295924465,72.02161444365218,72.42033529270687,4927200
2013-11-12,72.39939880371094,72.46235224098453,72.1755554653279,72.1965399444191,4839500
2013-11-13,72.66515350341797,72.77707775231762,72.56722245405173,72.65816224049318,5782900
2013-11-14,73.11286163330078,73.53257235502308,72.85404606999468,72.96596501543539,8895500
2013-11-15,73.2597885131836,73.26677978057236,72.96598984065018,73.21082295723558,6344800
2013-11-18,73.700439453125,73.73541711891087,73.20378755265216,73.20378755265216,5451300
2013-11-19,73.140869140625,73.54658680528658,73.03594675911377,73.41367800624509,7251100
2013-11-20,71.8957290649414,73.33671980347145,71.8047945696901,73.04292650787993,14190900
2013-11-21,72.0146255493164,72.18251196245227,71.46201678415122,71.70684446558703,8903000
2013-11-22,72.68614959716797,72.84003744746843,72.38535982325487,72.39235108678508,7950700
2013-11-25,72.89598846435547,73.04288502873251,72.63716765844835,72.63716765844835,3755500
2013-11-26,73.16881561279297,73.3996554166224,73.08487774728621,73.0918690115165,6659200
2013-11-27,73.04293823242188,73.23880046092187,72.72116380890824,73.22481258896278,6063000
2013-11-29,73.06389617919922,73.16882385975214,72.71414080191853,72.80508061559136,5084400
2013-12-02,72.49561309814453,72.90253836278455,72.41843743234278,72.82536269698281,7527800
2013-12-03,72.76222229003906,72.9376205711411,72.58682400893703,72.75520486003037,5076900
2013-12-04,72.0676040649414,72.29913094401587,71.82905975999958,72.08865098981589,8502700
2013-12-05,71.86417388916016,72.15884167551464,71.71683999598292,71.89925568156283,7445700
2013-12-06,72.20792388916016,72.25703516710475,71.81503366560345,71.95535007323718,7352000
2013-12-09,72.37632751464844,72.42543880447658,72.14480056857467,72.19391185840281,5678800
2013-12-10,72.89554595947266,72.9306224133237,72.5798257584203,72.85344672102637,7040400
2013-12-11,72.33425903320312,72.80432520024023,72.27813029162905,72.64997919000868,8190900
2013-12-12,72.06065368652344,72.37637391157922,72.00452493281584,72.28516334862124,6208600
2013-12-13,72.41143798828125,72.47458416358965,72.11677011079311,72.36232667536656,6471300
2013-12-16,72.14482879638672,72.748199366199,72.07467054814299,72.67102368731153,6376400
2013-12-17,72.46755981445312,72.5447354920562,71.976441379458,71.9904762405119,6014400
2013-12-18,72.10272216796875,72.76923883973183,71.88523001490715,72.14482139478086,12973200
2013-12-19,72.0325927734375,72.27113731179918,71.87824136968574,72.16589723172,6708400
2013-12-20,73.14109802246094,73.16916239544486,72.4745865604713,72.7692544477047,12425700
2013-12-23,72.7271957397461,73.25339094404694,72.7271957397461,73.00081681776378,6378600
2013-12-24,72.14482879638672,72.50965489889285,72.12378185718673,72.42546714209287,4897000
2013-12-26,71.86679077148438,72.04980271471521,71.80344358165043,72.04276234799154,4645300
2013-12-27,71.66266632080078,72.01460948964113,71.5782033972241,71.84567827226121,4755000
2013-12-30,72.1553726196289,72.20464443660332,71.85270135243609,71.90197316941048,4491700
2013-12-31,71.69784545898438,72.18352863308442,71.21216228488434,72.00051672585138,7218600
2014-01-02,71.9160385131836,72.07089430788442,71.57817620676774,71.59929192964067,8580800
2014-01-03,71.9160385131836,72.11312575363026,71.62744801687941,71.66263909825943,4083800
2014-01-06,72.21873474121094,72.50029034085176,72.05684389632029,72.06387889289716,7796200
2014-01-07,72.40174102783203,72.49324430821748,72.190573002049,72.37358493304589,4428100
2014-01-08,72.20465087890625,72.28207879394941,71.86678312506108,72.11314223191393,8513000
2014-01-09,72.62696838378906,72.64808410766095,72.15536598323405,72.47915294646099,6991100
2014-01-10,73.49275207519531,73.58425533715115,72.98595321157094,73.04226001957652,13197400
2014-01-13,73.85875701904297,74.006572432263,73.53497010862425,73.56312619260291,9667400
2014-01-14,73.52088165283203,73.7883617373992,73.47865021641547,73.66166205792616,10343100
2014-01-15,73.44352722167969,73.56319202823941,73.15493650051499,73.23236445819475,7507500
2014-01-16,73.9361801147461,73.95729583380535,73.71093682774142,73.80244006707272,7137700
2014-01-17,74.24593353271484,74.27408426052554,73.76025023946823,73.80952206847684,7588600
2014-01-21,74.30221557617188,74.42891528996756,74.1895965918117,74.22478767495092,6436000
2014-01-22,74.11922454833984,74.43597121392575,74.07698772142938,74.16849637121378,4646700
2014-01-23,75.1679916381836,75.37915423024624,74.52745275741083,74.52745275741083,12960600
2014-01-24,75.65364074707031,75.66067573782203,75.30873287224624,75.44951324060972,11122200
2014-01-27,75.12577819824219,75.73815576923133,75.10465710077217,75.47068094042663,9218200
2014-01-28,75.30877685546875,75.30877685546875,74.9990706046326,75.25247004545996,5661500
2014-01-29,75.92821502685547,76.12530232620091,75.3087916629399,75.57627188653112,11709400
2014-01-30,75.70999145507812,75.78741936005027,75.39324484035579,75.64664428022368,5956900
2014-01-31,76.21681213378906,76.30832079505153,75.91414079239152,76.16049993766241,14690900
2014-02-03,77.14550018310547,77.15961151713078,75.93877922580069,76.06580276783016,20780300
2014-02-04,76.32688903808594,76.68678449680749,76.19280717074905,76.58093067438095,9573500
2014-02-05,75.62118530273438,76.05870643040679,75.51533150657411,75.99519738307927,10312200
2014-02-06,75.29659271240234,75.52241171313727,75.16956918799208,75.48713069099254,5708700
2014-02-07,75.36009979248047,75.66354454977078,75.113111125837,75.12722245652414,7039200
2014-02-10,75.5718002319336,75.59297530337678,75.20484641948691,75.2330744641288,4370500
2014-02-11,75.1342544555664,75.28950595840595,74.91549391099097,75.2330498875648,5904900
2014-02-12,74.7461166381836,74.95076583221598,74.53441447411141,74.92253780021704,6723300
2014-02-13,75.16958618164062,75.31778481358069,75.01433995799782,75.21898393097035,6874600
2014-02-14,75.21192169189453,75.25426107640506,74.99315564270628,75.20486333315938,4989100
2014-02-18,75.38124084472656,75.64939909750758,75.24010605567277,75.26833409027294,4855800
2014-02-19,75.063720703125,75.63532387073371,75.01432296498535,75.63532387073371,5522500
2014-02-20,74.8802490234375,75.24720291939634,74.5838625631688,75.02844225357185,5103200
2014-02-21,75.27540588378906,75.28246424019085,74.76731190182976,74.76731190182976,5250700
2014-02-24,75.08486938476562,75.32479965032682,74.92255949974917,75.2965716101523,3816700
2014-02-25,75.75525665283203,75.76231500782025,75.43064231468935,75.4447590246658,6225400
2014-02-26,76.15751647949219,76.15751647949219,75.67765051094007,75.72704824076386,7203900
2014-02-27,76.57388305664062,76.6091640772843,76.28454961403557,76.41157313304154,5394700
2014-02-28,76.61624908447266,76.73621428749769,76.05875707847525,76.41159971133807,8462600
2014-03-03,77.12767791748047,77.23378879984907,76.8517928615363,77.02156703511186,11089400
2014-03-04,75.96753692626953,76.64663894985974,75.9463158313172,76.64663894985974,8068100
2014-03-05,76.13023376464844,76.24341472600447,75.83312227241576,75.93215763748579,4798500
2014-03-06,75.38038635253906,75.67042234319086,75.35208976342504,75.52186929810917,7418200
2014-03-07,74.90642547607422,75.10449618922641,74.70127926687455,74.72957585404231,8270300
2014-03-10,75.01261901855469,75.06213675142841,74.82869369772597,74.94188017116768,3744300
2014-03-11,75.21060180664062,75.2247474007288,74.82860600199875,74.97008892798932,3815700
2014-03-12,75.73409271240234,75.8755756712204,75.53602196708009,75.63505733974122,6430500
2014-03-13,76.75273132324219,76.77395241307995,75.44404527870186,75.47941196275754,11815500
2014-03-14,76.7668685913086,77.09227659026672,76.6253910763869,77.08520109541426,9232800
2014-03-17,76.19386291503906,76.61123067833648,76.16556633811888,76.52634094757595,7381900
2014-03-18,76.46980285644531,76.50517495232056,76.11610348578921,76.17269668037997,4819500
2014-03-19,75.87554168701172,76.38486931658582,75.5572092200176,76.3424217494409,11557600
2014-03-20,75.7412109375,76.13735265161999,75.68461772204684,75.75535654285025,5224400
2014-03-21,76.56175231933594,76.6254156023214,75.95338909581216,75.9816856872578,8986200
2014-03-24,77.1064453125,77.1701085942054,76.3636746437998,76.43441881950295,7536400
2014-03-25,76.81642150878906,76.9791255829256,76.51931535291229,76.68909492514793,5032000
2014-03-26,77.4177017211914,77.44599831181446,76.73859973730656,76.7881174216412,7147200
2014-03-27,77.80677795410156,78.08973850060424,77.40356092936787,77.55918949979552,9772200
2014-03-28,77.3681411743164,77.73598585458171,77.12054749278917,77.71476477262676,6027000
2014-03-31,77.17716979980469,78.57074560954305,76.63954546674857,76.92250592609504,7488400
2014-04-01,76.51760864257812,76.85094231271202,76.48214554157725,76.78002152161982,9067300
2014-04-02,76.07791900634766,76.2765048695743,76.00699818922246,76.1630272334448,6887200
2014-04-03,76.4112319946289,76.55307900117062,76.19846960118137,76.25520299288803,4937400
2014-04-04,76.921875,77.08499771455809,76.48925107324852,76.5034384802068,8977500
2014-04-07,77.3828353881836,77.51049494191216,77.02113241746801,77.03531981838677,7562500
2014-04-08,77.56721496582031,77.6381357205393,77.1062219437868,77.32607790668767,4213800
2014-04-09,77.18428039550781,77.55307177681705,77.04952709709202,77.2197380876263,5771500
2014-04-10,77.90056610107422,78.17007262400965,77.23390431639491,77.24808630717177,12706400
2014-04-11,78.53179168701172,78.57434307895944,78.10625612389667,78.39703839796465,10267000
2014-04-14,78.32609558105469,78.51048850157989,78.22680542049252,78.35446497134501,4142600
2014-04-15,78.81546020507812,79.08496673310175,78.2622705688947,78.44666891792534,7752000
2014-04-16,78.91478729248047,78.91478729248047,78.28358288299493,78.31904599355924,5523000
2014-04-17,78.04952239990234,79.04242428044108,77.80129151885824,78.98569089505989,8622500
2014-04-21,77.98571014404297,78.45379721857748,77.90060192751555,78.2764924923285,4316300
2014-04-22,78.24813842773438,78.36161066110685,77.73749985027848,77.77296296684533,5748700
2014-04-23,78.69490051269531,78.75873300467164,78.38993627769675,78.43958136660773,5748600
2014-04-24,78.84391021728516,78.87227963929102,78.33327144300738,78.33327144300738,6337800
2014-04-25,78.95732116699219,79.42540270716037,78.95022746475814,79.07079334818985,5976500
2014-04-28,78.5743179321289,78.92183348060559,78.40410700790267,78.80126763473315,7606000
2014-04-29,78.46790313720703,78.53173559044146,78.04237328896473,78.13456970929712,5235200
2014-04-30,78.79422760009766,78.90770523414129,78.28358906872408,78.52472633561112,7721400
2014-05-01,79.6395492553711,79.68220937202507,78.80063928178099,78.82907755153518,11556500
2014-05-02,80.13005828857422,80.40732449457974,79.1276355647179,79.29825967055764,12702100
2014-05-05,79.64662170410156,80.20115413631828,79.54709052006486,80.16561038432958,8043000
2014-05-06,79.96652221679688,80.12292443836427,79.65370692558014,79.70347250154272,6522600
2014-05-07,79.68215942382812,80.03051851787126,79.58262825410151,79.845672592361,8199200
2014-05-08,79.34088897705078,80.16558183571362,79.24135782845917,79.86698296589799,10878800
2014-05-09,79.08497619628906,79.49021184140541,78.90013567328342,79.29114947875775,6000600
2014-05-12,78.76506805419922,79.00678512677648,78.58733299823001,78.92147577129907,4563800
2014-05-13,79.4475326538086,79.4475326538086,79.14893920198021,79.22714302375063,5501000
2014-05-14,80.30780792236328,80.49976482238765,80.0234307448731,80.07319634413062,8851400
2014-05-15,80.9476547241211,81.33867401880092,80.76280874626849,80.89077820415976,12627900
2014-05-16,80.72015380859375,81.04718566125395,80.63483902892625,80.76991940738893,5019200
2014-05-19,80.1229476928711,81.01873374422709,80.06607660672286,80.99740640891619,7403300
2014-05-20,80.30072784423828,80.67753086796509,80.04478882859716,80.05189975237764,6549800
2014-05-21,79.81018829345703,79.90971953732118,79.53292191068606,79.78175002034642,8224600
2014-05-22,79.69638061523438,79.90966480545801,79.47599092963429,79.81013362976492,6495700
2014-05-23,80.1229476928711,80.27224988813255,79.94521266655678,79.9949782569631,3835000
2014-05-27,80.59219360351562,80.62063186666965,79.9096915599513,80.22961252835692,6658300
2014-05-28,81.5875244140625,81.64439552559475,81.11119020865944,81.11830113161783,10361000
2014-05-29,81.15380096435547,81.89317920503223,81.13957912708844,81.66567862513489,10692000
2014-05-30,81.11824798583984,81.3315321424958,80.91207474748347,81.01871682581144,6518900
2014-06-02,80.51527404785156,81.02847426093184,80.22303836088169,80.57229750220624,11728200
2014-06-03,79.5245361328125,80.21593074906843,79.48177124951663,80.12327168924159,12694100
2014-06-04,79.50308227539062,79.70265880223957,79.31062959732022,79.65989395735836,7882000
2014-06-05,79.53872680664062,79.80958535625194,79.13244442027677,79.21085027010604,6915600
2014-06-06,79.53872680664062,80.123208755569,79.4674502444467,79.9236267681516,7832800
2014-06-09,79.4247055053711,79.57438795529444,79.26076447656676,79.43895864619758,5162800
2014-06-10,79.13247680664062,79.31067100408114,78.99705291446347,79.14673538774686,5986000
2014-06-11,79.2750244140625,79.50311273757674,79.01129508078948,79.30353613425861,5569700
2014-06-12,79.98066711425781,80.08045541005168,79.11820802172267,79.33204319159768,9775900
2014-06-13,79.93790435791016,80.2729102617665,79.49598086630432,79.52449258557448,5412500
2014-06-16,80.13748931884766,80.28004249202257,79.90227168885954,79.98067756552224,5184600
2014-06-17,79.50308227539062,79.89510604225747,79.46031743050943,79.8808529066479,6668800
2014-06-18,80.11612701416016,80.37272714078435,79.5173915726849,79.6884619491386,11256500
2014-06-19,79.08969116210938,80.23013263851699,78.93287943946822,80.19449707122376,14215500
2014-06-20,79.68844604492188,79.68844604492188,79.04694585639194,79.09684001338564,7319100
2014-06-23,79.43896484375,79.95929425241027,79.41045855987306,79.88801766660809,5821700
2014-06-24,80.24440002441406,80.29429417454466,79.7026882243858,79.93790583416768,9698300
2014-06-25,80.45110321044922,80.80036224962485,80.32280319470348,80.61503879620226,5699300
2014-06-26,80.83600616455078,81.11398863565377,80.69344756523225,80.69344756523225,6628900
2014-06-27,80.7148666381836,81.12827860680444,80.664972465285,81.02849026100726,7216500
2014-06-30,80.91437530517578,81.11395726703884,80.60788123273733,80.94288701401337,5593100
2014-07-01,80.2369613647461,80.5656835696795,80.17979086334573,80.39417751755752,8019200
2014-07-02,79.37943267822266,79.80105289619148,79.30082459485905,79.77246764296112,9382500
2014-07-03,79.09358978271484,79.22222070301736,78.85061784344127,78.87920309818404,6173900
2014-07-07,79.67240905761719,79.90108559428283,79.48661311988045,79.5151929163948,5928900
2014-07-08,80.5656967163086,80.65145248240266,80.20838920236991,80.20838920236991,6352100
2014-07-09,80.6299819946289,80.8515108181879,80.30840209208952,80.50849879797254,6395200
2014-07-10,80.65144348144531,81.22313762077628,80.62285822927082,81.13738186425283,7196900
2014-07-11,81.16600036621094,81.23746079988135,80.9516136131181,81.00163646189554,4676500
2014-07-14,80.81578826904297,81.04447024796298,80.70145273166143,80.95156683100711,4743300
2014-07-15,80.65144348144531,81.08735903596732,80.3941816639543,80.63000590533429,7720000
2014-07-16,81.08020782470703,81.16596357749144,80.70861046679956,80.75148561715218,4615800
2014-07-17,82.10211181640625,82.21645282630551,81.42322978938752,81.63046878077037,10901000
2014-07-18,81.83766174316406,82.15209391240523,81.54467259170666,82.09492343580199,6677900
2014-07-21,82.2450180053711,82.63091066705886,82.18785296266357,82.18785296266357,5724100
2014-07-22,82.41649627685547,82.50939420438709,81.93055817115875,82.24498486161455,5753200
2014-07-23,82.30935668945312,82.63093126163488,82.3022090128038,82.54518095016232,3489600
2014-07-24,81.69477844238281,81.8805798504531,81.64475561544995,81.8376992473112,6609000
2014-07-25,82.6594467163086,82.66659438692224,82.29499729614137,82.42362265473554,7041800
2014-07-28,82.54515075683594,82.82385007133891,82.26645144233296,82.60231579288124,5138300
2014-07-29,82.84532165527344,82.94536732452588,82.48086645895094,82.8024464976167,6579300
2014-07-30,81.69477844238281,82.45226852224592,81.5875851126469,82.28791014178618,12251200
2014-07-31,81.45181274414062,81.88058061500864,81.08735760046714,81.13023275193015,18254000
2014-08-01,82.08233642578125,82.30445540864154,81.00042406760583,81.38016864716772,14951200
2014-08-04,81.86737823486328,82.26145037234122,81.86737823486328,82.06083103450271,5183800
2014-08-05,82.13248443603516,82.25429372610532,81.45181086510863,81.73124573877045,8032000
2014-08-06,82.1825942993164,82.73430267260392,82.11094535208102,82.73430267260392,7289200
2014-08-07,82.94927978515625,82.94927978515625,82.08948117163494,82.28293394641405,9745500
2014-08-08,82.77014923095703,83.41500088235775,82.66983958145758,83.06391710910965,9536700
2014-08-11,82.76300048828125,82.98511396433332,82.60536945374105,82.86331015272198,6668800
2014-08-12,82.22561645507812,82.71283711769492,82.20412231012631,82.69134297274312,8122400
2014-08-13,82.76300048828125,82.77016155969365,82.23995255244029,82.30444046041887,8210500
2014-08-14,83.4293441772461,83.47233247045085,82.67701624736355,83.06392728560601,9028200
2014-08-15,84.33930969238281,84.80503631219429,83.60848127140022,83.62280888235513,17606700
2014-08-18,83.50098419189453,84.04552620205966,83.39350800395239,83.98103830270797,7595300
2014-08-19,83.24305725097656,83.93806385225396,83.09975928774008,83.8879090184745,5936900
2014-08-20,83.10691833496094,83.19290039068851,82.80598933961457,83.14274555813078,7275600
2014-08-21,83.57264709472656,83.65862915270819,83.12841466152183,83.1642418856309,6790700
2014-08-22,84.03836822509766,84.13867788633671,83.26454615285367,83.64429065132529,10149900
2014-08-25,84.3536376953125,84.38945945377853,83.98105423529002,84.15301288874123,5760700
2014-08-26,84.08136749267578,84.53992756575482,83.98105781834394,84.50410580576046,5487600
2014-08-27,84.7978286743164,84.84082241927798,84.11715542128059,84.33210228022966,7265800
2014-08-28,85.2420654296875,85.52866672321603,85.02711309292485,85.35670266721992,9463600
2014-08-29,85.2994155883789,85.57168390262372,85.08446317902411,85.2062669933073,8512900
2014-09-02,83.8279800415039,84.29476384870539,83.80643136886994,84.22295137674674,10506000
2014-09-03,84.29476165771484,84.29476165771484,83.52635672195473,83.59099178029581,6553900
2014-09-04,83.26779174804688,83.93565784356358,83.25343145176107,83.74894659715868,12528900
2014-09-05,83.10981750488281,83.7345918358451,82.90155756824916,83.61969301363195,6886000
2014-09-08,83.1457290649414,83.75614315701274,82.9087430300036,83.59815794599339,9326400
2014-09-09,83.08110046386719,83.22472537698611,82.90874399339738,82.93747007180902,5353100
2014-09-10,82.55682373046875,82.67172799485803,82.4347420587578,82.5640066167273,8729400
2014-09-11,82.28397369384766,82.97338317325523,82.2767908041521,82.77230609329546,9274800
2014-09-12,81.42218780517578,81.80998156972103,81.30728899286876,81.64481349972878,11114900
2014-09-15,81.54425048828125,81.91767836477321,81.40780305315126,81.75968775124089,5510700
2014-09-16,81.21392059326172,81.7668878570794,81.20674318490707,81.58735402733505,9304700
2014-09-17,81.00569152832031,81.74537026176844,80.9554222594143,81.52992740706304,12917000
2014-09-18,81.2641830444336,81.49398609262018,81.04155740351698,81.27854333791038,7031200
2014-09-19,82.29832458496094,82.35577673807782,81.292933821171,81.56582880900676,13236900
2014-09-22,82.39888000488281,82.6143228837666,82.18344260493903,82.34143331892848,6617200
2014-09-23,82.90874481201172,82.923110590829,82.42041243207079,82.52095644697386,6362400
2014-09-24,82.44911193847656,82.9805360046589,82.32703025257152,82.79381929278571,5223300
2014-09-25,83.4258041381836,83.43298702766693,82.80820713716129,82.80820713716129,8947800
2014-09-26,83.30368041992188,83.51194027844407,83.0307910254462,83.31804071271046,7799600
2014-09-29,83.97158813476562,84.14393912866866,83.77769395149213,84.02185740294316,6791800
2014-09-30,83.49760437011719,84.05057172163967,83.39706584782921,83.7776822295635,7277500
2014-10-01,85.11670684814453,85.13830371214449,84.10881108495624,84.15200481295616,17194900
2014-10-02,84.37518310546875,85.09510789473927,84.3319893757414,84.82873923796693,8251800
2014-10-03,84.73516845703125,84.78556298622975,84.1088372359345,84.2312231650463,8561500
2014-10-06,84.78556823730469,85.08794092381441,84.49040183160184,84.67758387704272,4485500
2014-10-07,85.9302749633789,85.98066950923045,85.08076298145762,85.17435128301231,8837700
2014-10-08,85.95182037353516,86.04540861904948,85.31828853467375,85.99501410337405,9391300
2014-10-09,85.57748413085938,86.15342081782998,85.51268802667755,85.86544972804883,10291700
2014-10-10,86.4269790649414,86.4485759312834,85.8942307297493,86.04541428673389,8774400
2014-10-13,86.95248413085938,87.2332542590444,86.42694229813901,86.5061344360977,6450700
2014-10-14,87.52128601074219,87.67246960850696,86.88055317100917,87.33410396430348,11285400
2014-10-15,88.21236419677734,91.91997714659114,87.71561444353831,89.68821188801816,37407500
2014-10-16,87.65087890625,89.36429862745366,87.42770388801974,89.35710333128607,18096600
2014-10-17,87.16133117675781,87.62208279891591,86.73657800644656,87.24772416563468,8524300
2014-10-20,87.47811126708984,87.72288319494359,87.06775412899896,87.6724886514094,7742500
2014-10-21,86.77976989746094,87.2837152569765,86.77256910872715,86.99574412614227,9754700
2014-10-22,86.87333679199219,87.0029234943331,86.54937278243548,86.72935400832057,9260200
2014-10-23,86.10298919677734,86.52054682245088,85.71422921693537,86.4197578083351,10936300
2014-10-24,86.18941497802734,86.68616494588427,86.00943374243761,86.34059855681176,5704900
2014-10-27,86.34777069091797,86.5853416686925,86.1461926527628,86.31177225870901,3391900
2014-10-28,85.80785369873047,86.13901850562259,85.72866151745286,86.01663258640858,5141300
2014-10-29,86.00221252441406,86.26138588150141,85.25349010311619,85.64225013874722,9105100
2014-10-30,86.07421875,86.72215225448062,86.03822580077895,86.62136320851597,7024400
2014-10-31,85.8510513305664,86.18221615247899,85.54868416611468,85.91584194040969,6664200
2014-11-03,85.85102081298828,85.995360063909,85.3097610104893,85.80772179070178,9726600
2014-11-04,86.11804962158203,86.5366252161596,85.93762967626202,86.18299815902695,3664800
2014-11-05,85.9953842163086,86.14693634285524,85.75001017381808,85.81496423147006,4799600
2014-11-06,85.43968200683594,85.82938980938611,85.381946294018,85.59123412349757,5901900
2014-11-07,86.42115020751953,86.42115020751953,85.64895309396292,85.67782094472891,8550500
2014-11-10,85.62731170654297,86.29847415908704,85.5623576596619,86.29847415908704,4787300
2014-11-11,85.68505096435547,85.74278116777758,85.40359075751381,85.50463100195817,2416500
2014-11-12,85.61287689208984,86.2623898451515,85.48297430147751,86.0242341780322,4040800
2014-11-13,85.81497192382812,86.00982310228835,85.47578144097008,85.66341427771503,4475900
2014-11-14,86.23355102539062,86.30571793203342,85.64899192380732,85.76445787323938,5191200
2014-11-17,86.01708221435547,86.45008932082258,85.79335756299326,86.44287097568598,4726200
2014-11-18,86.25517272949219,86.29847726429779,85.99537305055993,86.11083896275424,4471200
2014-11-19,85.70669555664062,86.29847277907803,85.70669555664062,85.79329360979051,5792500
2014-11-20,86.15412139892578,86.56547861148285,85.92318411303373,86.52939792973737,5683600
2014-11-21,86.67371368408203,86.71701820156191,86.25513821963763,86.29122439987452,3640100
2014-11-24,86.74591827392578,86.79643564464615,86.27683076265684,86.3634288233315,4033900
2014-11-25,87.46759033203125,87.51810769823933,86.82529574482288,86.86860027727263,6770000
2014-11-26,87.70577239990234,87.95114647107246,87.66247336039417,87.78515764298841,4339100
2014-11-28,88.39857482910156,88.5284774393052,88.13876960869428,88.13876960869428,4562200
2014-12-01,87.8828353881836,88.83037695033023,87.85390210526452,88.73634791968787,7728600
2014-12-02,87.02930450439453,87.4126607649279,87.00760592639578,87.4054260661089,5757200
2014-12-03,87.36929321289062,87.37652791416103,86.89190226132716,87.0148701090833,4868600
2014-12-04,88.09983825683594,88.09983825683594,87.24632566714556,87.34035470419812,4250500
2014-12-05,87.58628845214844,87.95518097478465,87.173998756894,87.93348238847553,8030700
2014-12-08,88.6567611694336,88.8520538834785,87.62242001055424,87.824947423181,6021800
2014-12-09,89.11245727539062,89.66941323749484,88.93886312026794,89.40178454623423,6639700
2014-12-10,89.76348114013672,89.98047806688577,89.02570152241991,89.09803199184924,6439200
2014-12-11,90.13235473632812,90.13235473632812,89.17757839283249,89.50306819598285,7863500
2014-12-12,91.35475158691406,91.3909140515231,90.42890309388004,90.73992898550677,9317400
2014-12-15,91.16674041748047,91.64412606135559,90.72551725900321,90.8774129419845,9387400
2014-12-16,92.29508209228516,92.38188196281443,91.39817217065944,92.12148786968747,7426400
2014-12-17,91.4632797241211,91.99853738368715,90.92079287992475,91.7960098448077,11558800
2014-12-18,89.8357925415039,90.48677766511537,89.8357925415039,90.36381534133874,12758200
2014-12-19,91.04376220703125,91.10162327730191,90.00942038690333,90.11068415795404,7894500
2014-12-22,91.16674041748047,91.27523891059927,90.64595206528026,90.73998114946984,4118800
2014-12-23,89.35840606689453,90.84843437330112,89.32223808105638,90.7399359342465,7406100
2014-12-24,89.84474182128906,89.92447539676746,89.10540065701981,89.19962873252102,4871400
2014-12-26,90.17823028564453,90.30869745459032,89.89553482916183,90.27970843714314,2921300
2014-12-29,90.85233306884766,91.08428945032078,90.46816498978568,90.54065412406828,4070700
2014-12-30,91.0987777709961,91.48294582396257,90.9900496071023,91.31623409878368,4372600
2014-12-31,91.27275085449219,91.45396264011347,91.07704455928493,91.11328359832228,4993300
2015-01-02,92.28750610351562,92.53395692256416,91.43943656678572,91.54091468929307,9432000
2015-01-05,93.7372055053711,93.96190627254019,92.75140775840327,92.78764678496508,9789500
2015-01-06,95.42613983154297,96.03501995156715,94.36786899824016,94.73753712872949,18331300
2015-01-07,95.23765563964844,95.65806826551763,94.35334133355957,94.73750939404049,9762900
2015-01-08,93.97645568847656,94.49834667188131,93.80974389275622,94.49110217999537,8055300
2015-01-09,95.00569152832031,95.03468053872098,93.5342420988297,93.65022026100499,9398800
2015-01-12,95.54935455322266,95.90452257044755,94.89698549617309,94.95497459415235,6658100
2015-01-13,95.54935455322266,96.12197892279741,95.05645275054368,95.23766453412031,8260800
2015-01-14,96.27420806884766,97.21650055767222,96.18721888596812,96.92656610884778,12324500
2015-01-15,97.78913879394531,97.87611691899697,96.17272156813131,96.29595532567527,11454200
2015-01-16,96.54240417480469,97.62241946714485,96.42642596372531,97.36872957323605,9390500
2015-01-20,97.82536315917969,97.93408579303635,97.18024972429082,97.22373877783349,7758700
2015-01-21,96.69464111328125,98.28205872795752,96.37571754008658,97.99936867741886,9803900
2015-01-22,96.34662628173828,97.259929182276,95.88272481571039,97.12946207946348,10200000
2015-01-23,97.68763732910156,97.94132715342653,97.23822464950982,97.3469583401816,7334600
2015-01-26,97.39044189453125,97.992066222698,97.16574109756397,97.73836535240682,5966500
2015-01-27,97.54269409179688,98.67345396665701,97.23824853137394,98.38350844727579,8079600
2015-01-28,99.13729858398438,99.60120008726099,97.63686041946332,97.67310497102704,12230300
2015-01-29,98.48493957519531,99.06481927670251,98.18776076766899,98.66615129064847,8881400
2015-01-30,100.23189544677734,100.39136275619549,99.4345588996866,99.81873818895276,14871200
2015-02-02,99.85340881347656,100.17298798881883,99.2578385088671,99.28688612360465,13689900
2015-02-03,97.73987579345703,98.62596682338433,97.59460443127816,98.52428351944847,14008700
2015-02-04,97.90695190429688,98.04495308731849,96.68674083363645,96.95548406260299,11360400
2015-02-05,96.83196258544922,97.49289836539721,96.6794321238327,97.32584963707157,8334600
2015-02-06,95.117919921875,96.12749417246975,94.84917667578387,95.90959813711169,13685600
2015-02-09,94.96533203125,95.85869304587918,94.96533203125,95.85143391272305,8025500
2015-02-10,94.20997619628906,94.76196957145146,94.01386876613871,94.52228517518915,8290700
2015-02-11,94.3842544555664,94.61667964545492,93.66521257496527,94.20267643195714,6506400
2015-02-12,94.0719985961914,94.8128293705668,94.02115140125328,94.17368190341838,12548300
2015-02-13,93.10600280761719,94.07925891512734,93.03336712326293,94.06472956172661,8325200
2015-02-17,91.70420837402344,92.91714879441056,91.45725926792197,92.82273017399403,14968800
2015-02-18,92.2489242553711,92.77912911675095,91.85671495912305,92.11092314891633,14009200
2015-02-19,91.63883972167969,92.56851876330785,91.63883972167969,92.08189075578751,8584800
2015-02-20,91.9075698852539,92.97524443675212,91.51536053229948,92.27799075326482,12502500
2015-02-23,92.960693359375,93.09142977201131,92.35785846791173,92.37964694646409,7500500
2015-02-24,94.18092346191406,94.26807739965774,92.37240721652577,92.71377491621814,11958300
2015-02-25,94.58765411376953,94.70386674945296,93.75239934541966,94.02840158450606,8019800
2015-02-26,93.29481506347656,94.63849728530907,93.25849723103447,94.20270546129679,11020500
2015-02-27,94.0792236328125,94.14458907462782,93.16407419946223,93.70880837988042,9225100
2015-03-02,92.326904296875,93.92791011144786,92.25412701502349,93.87696379330096,11324000
2015-03-03,91.99213409423828,92.69075257339924,91.97029758215808,92.3414405577557,8599000
2015-03-04,92.02124786376953,92.45061047843512,91.81021152762015,92.37783875368086,6478900
2015-03-05,91.9048080444336,92.33416507814701,91.62099445045745,92.0794612825436,6045000
2015-03-06,89.87442016601562,90.8422998695442,89.48872516214516,90.72586070876267,20022900
2015-03-09,90.70406341552734,90.87144338323634,90.3329203929565,90.73317321652573,8889100
2015-03-10,91.89749145507812,92.01393060073552,91.51907533593972,91.671897550522,9277900
2015-03-11,92.56702423095703,92.7562351163499,91.78108199956651,91.88296350274909,6663100
2015-03-12,92.50154113769531,93.29476228949441,92.21772755566388,93.29476228949441,10295900
2015-03-13,92.21771240234375,92.85083234185913,92.05033248428066,92.24682219470799,7247200
2015-03-16,93.10555267333984,93.25836938514726,92.61797053359945,93.10555267333984,6374600
2015-03-17,93.8769302368164,93.95698077653718,93.35296508668951,93.54945479404964,6314000
2015-03-18,95.68897247314453,95.71807671145923,93.59311197849809,94.53916073534542,13981900
2015-03-19,95.20143127441406,95.78360509056387,94.80117844762076,95.4779605058091,9543800
2015-03-20,95.70358276367188,95.84185297229452,95.43432673904276,95.49254635868687,5953800
2015-03-23,95.58712005615234,95.87820694483393,95.3251374146377,95.84181830768547,5555500
2015-03-24,96.51128387451172,96.52584154371141,95.68167439809822,95.93638363997657,6713000
2015-03-25,95.69627380371094,96.61320748673256,95.66716955686626,96.58410323988788,5635800
2015-03-26,94.20440673828125,95.43426908769929,94.0079170287129,95.36877621925994,9536300
2015-03-27,95.37608337402344,95.42702969262454,94.59013536088756,94.62652400213774,7907900
2015-03-30,94.90304565429688,95.332402665403,94.67016727957703,95.25962539724003,7010600
2015-03-31,95.10679626464844,95.3032859796367,94.53916918068292,94.77932080916842,6844300
2015-04-01,96.35600280761719,96.6112341522843,95.75072273641486,95.77259939088647,9273900
2015-04-02,95.3350830078125,96.2393592296776,95.24757635416398,96.2101829267953,6663400
2015-04-06,94.80265045166016,95.88193904879736,94.5984610178096,95.84547426543342,5923800
2015-04-07,95.59758758544922,95.69239385227654,94.69332274185105,94.97043077739109,4764900
2015-04-08,95.62674713134766,95.79447185078409,94.8172775688582,95.54652902596604,5378900
2015-04-09,94.38699340820312,95.47358188552582,94.16822691326551,95.43711709387217,6484200
2015-04-10,94.52558898925781,95.13086915356946,94.47454716347056,95.03607401210847,4843000
2015-04-13,94.65682220458984,94.78808209911205,94.35782649707787,94.45992123531465,4010600
2015-04-14,95.3277587890625,96.15910506982488,95.15273441982488,95.75801451167307,6075500
2015-04-15,95.24757385253906,95.72888268996302,95.03609573594309,95.56844641082169,4425200
2015-04-16,94.77354431152344,95.42986631077015,94.3724536997631,95.40798965262837,7085500
2015-04-17,95.86012268066406,96.04243558463166,94.58393235289087,94.63498530720015,7268800
2015-04-20,95.01419067382812,95.53925274148084,94.75165964000176,95.48821091330463,4949400
2015-04-21,94.58393859863281,95.13087734665208,94.4818438107691,94.97044109036665,4563800
2015-04-22,93.14004516601562,94.47457735807058,93.00877961329302,94.43811254085597,9707600
2015-04-23,93.54112243652344,93.96408977483311,93.05981362456777,93.1983732335397,6843400
2015-04-24,94.12451934814453,94.38703926962465,93.774470531176,93.8109353405474,4773000
2015-04-27,94.12451934814453,94.43809222824413,93.61403427193979,94.12451934814453,4334900
2015-04-28,92.82644653320312,93.88386480196579,92.80456987311644,93.46818600532379,7464300
2015-04-29,91.68879699707031,92.20656491392553,91.36063047145946,91.74713289081986,11554800
2015-04-30,91.84920501708984,92.00964120378285,90.79908685975188,91.18558918383253,12876000
2015-05-01,90.61279296875,91.37277190137894,90.38626277038166,91.14624170301062,12378500
2015-05-04,89.75782012939453,91.00009007994552,89.67743736581174,90.83202108348507,9144700
2015-05-05,89.63355255126953,89.90392574375285,88.92472609769959,89.77969992152188,13935500
2015-05-06,88.09905242919922,89.19517536649087,87.96021398159093,89.14402318575738,14355000
2015-05-07,89.2828369140625,89.5678283350446,88.67631442318564,88.73477563137881,11933700
2015-05-08,89.52397918701172,90.28395811683502,89.37782617637227,90.15972666399966,11716400
2015-05-11,87.34638977050781,88.89557899587886,87.32446820189855,88.8736574272696,13738600
2015-05-12,87.57289123535156,88.15018317765305,86.82753027229022,87.06136955238478,15861700
2015-05-13,86.87136840820312,88.21594837293718,86.69599035199187,88.1647962075769,15760000
2015-05-14,87.10519409179688,87.56556908341696,86.73251647735881,86.90058546226217,9128400
2015-05-15,88.8517074584961,89.08555233070949,87.90173775338795,87.96750244232152,12630600
2015-05-18,87.3609848022461,88.00404147074808,87.30252358460902,87.92365869028926,10208300
2015-05-19,86.58637237548828,87.57288155511526,86.32330251756541,86.42560684285013,8435300
2015-05-20,86.73253631591797,87.28790113020877,86.35985304106808,86.790991955465,7789700
2015-05-21,87.94552612304688,88.13552217584136,87.28785176734687,87.38285258132667,11760700
2015-05-22,87.98210144042969,88.23786224494678,87.54365355051934,88.16478852582296,5417900
2015-05-26,89.4874496459961,89.55321990200282,88.2305614883982,88.30363521438619,10469700
2015-05-27,89.69206237792969,89.77975419819438,88.8663186439845,89.28284503369748,6490300
2015-05-28,89.47285461425781,89.90399358445094,89.31208904056918,89.51669774338416,6237600
2015-05-29,89.67011260986328,90.29855651948868,89.52396519722937,90.05010480297774,7912000
2015-06-01,88.70639038085938,89.62179523919595,88.38417167001265,89.4240702481579,13108100
2015-06-02,87.46880340576172,88.0693090205749,87.22713508112966,88.00339693786152,10076200
2015-06-03,86.0627212524414,86.85363257981737,85.82837777623992,86.69984519735912,14810900
2015-06-04,87.18316650390625,87.35892268350504,86.51674904267902,86.60462992607252,10859300
2015-06-05,86.12127685546875,86.8316318279367,85.96016472721575,86.29703300120514,11200200
2015-06-08,86.0261001586914,86.53140550062831,85.9528688769934,86.38493735004366,5334000
2015-06-09,85.34501647949219,85.77708484043733,85.03011702142531,85.72582239783048,12393900
2015-06-10,84.59807586669922,85.04479400566093,84.40767562731736,84.89100661822665,12183600
2015-06-11,86.37762451171875,86.39227412240098,85.12535098348138,85.35969446969207,13849300
2015-06-12,86.37762451171875,87.19782950705087,86.08469934434747,86.11398739133305,7863100
2015-06-15,86.5167236328125,87.19046011272236,86.22379302805577,87.06596642153639,8194200
2015-06-16,87.19779205322266,87.20511685541756,86.3702681951829,86.86092378568823,7046400
2015-06-17,86.52405548095703,86.87556776554312,85.86496296337432,86.78036768579835,13626100
2015-06-18,86.09935760498047,86.22385138041814,85.49885197306837,85.9528949970762,10123300
2015-06-19,87.20513916015625,87.28569524334324,86.77306511513613,86.78771472327293,10439200
2015-06-22,85.42559051513672,86.51675164427367,85.38164727852447,86.29705222277757,9769000
2015-06-23,84.91299438476562,85.65264344021683,84.72259410291926,84.75188774332423,8945100
2015-06-24,85.645263671875,85.80637579711595,85.06673280350911,85.32304500858014,8600400
2015-06-25,85.34501647949219,85.74047200268227,85.08870426645804,85.38162931724725,8287800
2015-06-26,84.38569641113281,84.85438332100726,84.12937854310478,84.70791516967857,11673000
2015-06-29,86.6192855834961,86.90489150891025,85.28645606916702,85.6526180850507,17132900
2015-06-30,86.0187759399414,86.92685613099341,85.92357583180478,85.97483828806122,13469000
2015-07-01,84.85769653320312,85.40080769621362,84.71824687803611,85.00448151796652,12451500
2015-07-02,85.13653564453125,85.62093586267518,85.04846135046381,85.37139482922643,6682100
2015-07-06,86.71454620361328,87.08151423189815,85.91455299021862,86.64115371785385,10605800
2015-07-07,87.5291976928711,88.43193572128546,87.30167375442402,87.82277317508608,16160100
2015-07-08,88.28518676757812,88.49068800905103,87.70537649371448,88.08702085652291,9951800
2015-07-09,86.5457534790039,87.42648025955413,86.49437817010012,87.11822280664276,11108900
2015-07-10,85.17327880859375,85.66501460647542,84.9604366872373,85.16593788041249,13636600
2015-07-13,84.90911102294922,85.47423963452943,84.68892784470242,84.68892784470242,8006700
2015-07-14,85.18795013427734,85.33473509248066,84.88703929011439,85.1512510949829,4227800
2015-07-15,86.09066772460938,86.27415166639287,85.16590709016462,85.21728236988457,8720400
2015-07-16,86.68518829345703,86.721887336167,85.77510914902491,85.78978540641624,7306500
2015-07-17,87.13285827636719,87.25762601735143,86.86864094282072,86.8759818686097,7404900
2015-07-20,86.76593017578125,87.08152293562901,86.53107083818443,86.81730548089655,5941000
2015-07-21,87.23563385009766,87.28700914637855,86.35491288542879,86.36958914172877,5627500
2015-07-22,87.77875518798828,87.99893825464272,87.30169560989565,87.34573558291933,6228900
2015-07-23,88.87232971191406,88.95306314000334,87.66867481975046,87.77876636709846,9087700
2015-07-24,89.09246063232422,89.20989304058834,88.74750993240512,89.17319401313445,7307900
2015-07-27,89.5695571899414,89.75304120444075,89.15855478929893,89.67964871853856,8172000
2015-07-28,88.91638946533203,89.2246413868699,88.73290537877521,88.9237303966515,9128200
2015-07-29,88.5860824584961,88.93103331140004,88.38058125238001,88.82094177969846,6706400
2015-07-30,89.26862335205078,89.49614729341903,88.91633724845906,88.96037161153636,6146600
2015-07-31,89.92918395996094,90.20074231623742,89.58423311805201,89.86313240273806,9178400
2015-08-03,90.87582397460938,91.02292949476305,89.97110875168826,89.97110875168826,11753700
2015-08-04,90.15501403808594,90.70666828216619,90.0741043000168,90.58898496152199,6448800
2015-08-05,89.47831726074219,89.66955896515886,89.13997000629239,89.56657834607525,7574400
2015-08-06,90.2726821899414,90.37565717619447,89.73573638015108,89.73573638015108,6118100
2015-08-07,91.45686340332031,91.5745522685331,90.64777209598128,90.69190822629305,8317000
2015-08-10,90.32417297363281,90.89053541865762,90.11821738190773,90.7728521208165,7461700
2015-08-11,91.75845336914062,92.03795605658074,91.32448822719032,91.42746319686377,11145700
2015-08-12,91.2583236694336,92.46460718266273,91.20683616380981,91.89088765950707,8455200
2015-08-13,90.96407318115234,91.51572722737191,90.63308299810667,91.08176207130246,7691400
2015-08-14,91.17739868164062,91.47897231537068,90.61838756284607,90.81698620255032,4324700
2015-08-17,91.58928680419922,92.01590064521706,91.493668782612,91.72904096873985,7880300
2015-08-18,90.86847686767578,91.42013104564003,90.7507879494195,91.05971855398401,5024300
2015-08-19,91.76585388183594,91.89089417411311,90.4639466146373,90.51543412391129,10736000
2015-08-20,92.69264221191406,92.75148669136009,92.07479201288616,92.21454624864086,9078300
2015-08-21,92.97212219238281,93.22220273581428,92.37633184107737,92.79559441985961,10718300
2015-08-24,92.9426498413086,94.82562669738414,92.54545835853384,94.37694774156712,16663400
2015-08-25,91.44957733154297,91.78792464295927,90.88320908395201,91.61139683085467,15354800
2015-08-26,89.68423461914062,90.84638712107058,89.26497778131969,90.47126080984712,16429900
2015-08-27,89.73577880859375,90.37569990720156,89.47834122124067,89.6033815334238,9127000
2015-08-28,90.00051879882812,90.81696723214242,89.90490078483924,90.58159506471853,9946200
2015-08-31,89.30912780761719,90.81698472835852,89.25028335149584,90.73607500412072,8617600
2015-09-01,89.9526596069336,89.9968859448785,89.178670573405,89.66517716249462,15298200
2015-09-02,89.17864990234375,89.91578535802097,89.0901916230595,89.50298567859163,9515200
2015-09-03,89.61360168457031,89.68731414201416,88.97966442753327,89.473544078697,7042500
2015-09-04,90.43180084228516,90.61608475290085,89.79786373985532,90.26225717000332,7951300
2015-09-08,89.09758758544922,89.60620735710268,89.0165022144511,89.4735227158238,7049500
2015-09-09,89.5251235961914,89.71678044235193,88.13193764965646,88.18353692086521,7441900
2015-09-10,88.92069244384766,89.33349232962942,88.78800777054282,89.20817496535815,6789700
2015-09-11,89.48085021972656,89.98947535706209,89.43662390305245,89.53982239122259,5890900
2015-09-14,89.62092590332031,90.04109286865514,89.39978302729274,89.89366241000444,4221700
2015-09-15,87.9034194946289,89.23026581203167,87.80759389211026,89.11232141764108,11895000
2015-09-16,87.57169342041016,88.04345965694068,87.38740955851864,87.68963216759421,6949800
2015-09-17,88.64054870605469,88.72900699547893,87.52010515950361,87.63067099141159,19843600
2015-09-18,90.0042724609375,90.0779849099379,89.28924989544493,89.34822210420499,14963300
2015-09-21,88.53732299804688,89.2744583119103,88.29406699473687,89.20074590530317,10085600
2015-09-22,89.76837921142578,90.21803241111483,89.29661284189935,89.51775578807056,9968200
2015-09-23,89.76103210449219,89.9821751142864,89.18606702770767,89.65046622349544,6769900
2015-09-24,90.37279510498047,91.16890265315072,90.2917097644874,90.79296204030979,9605800
2015-09-25,89.59141540527344,89.87889769145575,89.3923857462885,89.67250072946798,8383700
2015-09-28,91.12474060058594,91.23530648478858,90.07800336429653,90.07800336429653,9833400
2015-09-29,91.3826675415039,91.61855062158426,90.85192920534905,91.06569912540566,9006100
2015-09-30,91.0656967163086,91.25735347127127,90.75610123637387,90.9698711507753,9832600
2015-10-01,91.4542236328125,91.97867574759205,91.34342825583863,91.65366658251268,9069400
2015-10-02,92.00825500488281,93.22705529492053,91.72756389313814,92.76908024731817,13000400
2015-10-05,90.75993347167969,91.46905246811461,90.69345057186374,91.38779872143778,11362700
2015-10-06,91.15141296386719,91.29914395410476,90.4201349817119,90.52354780199342,5687800
2015-10-07,90.84854888916016,91.09969831253545,90.49399229043397,90.71558875574395,6712800
2015-10-08,90.08771514892578,91.12923703499165,89.86611870452825,91.07014239558897,12882300
2015-10-09,90.32408905029297,90.59000929491322,90.0433979634494,90.09510436459361,9038100
2015-10-12,91.01103210449219,91.17353951711469,90.78943569820387,90.87807200648959,4241000
2015-10-13,91.16618347167969,91.29914361663245,90.70821402229038,91.24743720668282,6147200
2015-10-14,91.96397399902344,92.00090957614574,91.0775765038664,91.37303857853351,9738100
2015-10-15,91.51335906982422,91.93439859681688,91.43210533342422,91.82359753485542,6924300
2015-10-16,91.54286193847656,91.9417421864798,91.4985437894451,91.77923479259995,8048300
2015-10-19,91.29171752929688,91.57241418314763,90.78943011835065,91.43945409331667,6238400
2015-10-20,90.73036193847656,90.83377474564593,90.52353632413781,90.70820285630816,6431300
2015-10-21,91.63154602050781,91.75711792423937,91.2031182642256,91.30653108324876,6603800
2015-10-22,91.78670501708984,92.1708091347985,91.23270511704682,91.66851566666969,6934100
2015-10-23,91.00367736816406,91.19573216610769,90.74514531453384,90.92981187220916,7058200
2015-10-26,91.609375,91.74233513468232,91.45425578213323,91.49857958407773,5859800
2015-10-27,91.83837890625,92.259418455665,91.71280699260856,91.97133906056928,7156800
2015-10-28,91.46904754638672,91.84576329462531,91.07755531650552,91.79405688002925,8468700
2015-10-29,90.01385498046875,91.01844136730925,89.89566569468735,90.9888940458639,12108000
2015-10-30,90.69345092773438,90.71561001590104,90.1320629400126,90.29457043400392,11861400
2015-11-02,90.27667999267578,90.446946003096,90.07680790448255,90.1508343946334,8751000
2015-11-03,89.53641510009766,90.12123404748782,89.41797383047403,90.05461189229824,8921600
2015-11-04,89.64000701904297,89.97313456646972,89.35129986665395,89.64741135952542,5980800
2015-11-05,89.40314483642578,89.617825589711,89.05521980302414,89.6104268949436,7268400
2015-11-06,88.09285736083984,88.48520279668875,87.90038399024772,88.45559107445469,10604700
2015-11-09,87.59684753417969,88.01880456611934,87.35255513467335,87.42658159419916,9159500
2015-11-10,87.85597229003906,88.24831773954973,87.6338871894797,87.72272235927518,6712500
2015-11-11,87.67088317871094,87.78192570356165,87.55243631277486,87.6116597457429,2857900
2015-11-12,88.09285736083984,88.418580657556,87.87077226801365,87.90778833277086,6805700
2015-11-13,88.5962142944336,88.7590758857166,88.25568807986757,88.32971453558078,7906600
2015-11-16,88.51476287841797,88.83308164690024,88.18903977173234,88.67762443176079,5485300
2015-11-17,88.66285705566406,88.92935687657226,87.84115586369796,88.09284700130134,5122900
2015-11-18,88.84790802001953,88.97375921112304,88.35932887947334,88.52219047560764,5233900
2015-11-19,89.44013977050781,89.68443218872174,89.33650158966383,89.48455452005315,6643000
2015-11-20,89.16625213623047,89.60301796305677,89.04040655732697,89.52158714191727,5971000
2015-11-23,89.44013977050781,89.66222481394907,89.07000179667723,89.2254590679432,5436300
2015-11-24,89.43276977539062,89.72147705402503,89.26250940484184,89.49939757315364,3371500
2015-11-25,89.64000701904297,89.8842994242512,89.53636884371649,89.69923044718865,3280900
2015-11-27,89.55116271972656,89.81025811520806,89.54375838046823,89.75843903611175,2570600
2015-11-30,89.90650939941406,89.96573282927346,89.6178022386709,89.6474139536006,5179800
2015-12-01,91.12092590332031,91.13576032979599,89.95622816068669,89.95622816068669,12766600
2015-12-02,91.15061950683594,91.2767319677134,90.64616400349027,90.99483252695745,7345800
2015-12-03,88.6728515625,90.06010562141877,88.27225404292182,90.03043110220901,16612200
2015-12-04,89.45179748535156,89.71144246919496,88.62834792242235,88.67285687398518,11843800
2015-12-07,90.31974029541016,90.84645021672063,89.61498893896936,89.62240332304988,9016700
2015-12-08,90.36425018310547,90.82419669348448,90.09718519770286,90.71291867292751,7257500
2015-12-09,90.26778411865234,90.61645249981217,89.39982601650988,90.02297368168904,8993900
2015-12-10,90.38648223876953,90.52743474050683,90.12683736175384,90.34939334767233,5606900
2015-12-11,91.81085205078125,92.06307694523078,91.15060963903377,91.26930204235262,12300000
2015-12-14,90.6239242553711,91.35835032552237,90.31976463106233,91.3064213237912,10661100
2015-12-15,90.08975982666016,90.20845221689996,89.63723341546213,89.77818027513224,8795500
2015-12-16,89.89688110351562,90.63130691658623,89.39242569477825,89.81527760652615,10988600
2015-12-17,90.91317749023438,91.083798802997,90.2380953001901,90.34195322791498,9923000
2015-12-18,91.41767120361328,91.63280153032565,91.11351167302861,91.30639318852535,10171700
2015-12-21,91.39541625976562,91.82568825727988,91.18770030505814,91.5660433138955,7494900
2015-12-22,90.73515319824219,91.09866169613846,90.497762781164,90.98738370004438,5445800
2015-12-23,90.05265045166016,90.2158574137372,89.66689317206922,89.9339580809528,7287100
2015-12-24,90.56855773925781,90.5982944639817,90.24889503810135,90.30093288844309,3364600
2015-12-28,90.8362045288086,91.19303396827603,90.58344514345927,90.68752086927908,7586600
2015-12-29,89.32711029052734,90.50168013081269,89.215598951999,90.46451346577143,7787500
2015-12-30,89.2379150390625,89.6096157819751,88.96285444749401,89.1487048189503,5508900
2015-12-31,89.63932800292969,89.84747945455248,89.39400421850212,89.6318924020284,7897700
2016-01-04,90.28611755371094,91.02951911667836,90.18947739233856,90.64295279948499,10591900
2016-01-05,89.92182159423828,90.32325898142662,89.69880460471268,89.8623481283507,6242600
2016-01-06,91.13353729248047,91.15584408950454,90.73210569325084,90.91795596654984,8916900
2016-01-07,91.29713439941406,91.38634461927235,90.53886738157982,91.20049424834498,10202200
2016-01-08,91.70600128173828,91.78777589315187,90.86595970377469,91.01463772177969,9577200
2016-01-11,90.70242309570312,91.28227538695154,90.59091173083914,90.7247242343352,10040300
2016-01-12,92.01081085205078,92.41968398880363,90.80650392507685,90.94774636819734,12897700
2016-01-13,92.91773223876953,93.29686851163444,91.63908102181503,91.8323669589994,15577600
2016-01-14,92.04791259765625,92.90282489132586,91.69107761821431,92.53112438726947,12873800
2016-01-15,93.48275756835938,93.63887123438987,92.98467982363763,93.22256812497521,13976300
2016-01-19,93.19281768798828,93.72063210180248,92.88802033358232,93.0218328379087,8926600
2016-01-20,94.1740951538086,95.09591135630177,93.98080919028968,94.39711785569217,17283300
2016-01-21,93.53474426269531,94.62754499849099,93.42323294179141,94.36735569751616,11001600
2016-01-22,93.17789459228516,93.319142621445,92.5683058946434,92.85823755231372,10164300
2016-01-25,93.68343353271484,93.86928386605135,93.40837866926616,93.63139566624871,5738200
2016-01-26,93.72804260253906,94.01053307081278,93.4827187983607,93.661133532444,5692600
2016-01-27,93.70577239990234,93.88418719287634,93.06644658073286,93.48274965490685,7957800
2016-01-28,93.83955383300781,93.97336630134578,93.26713162390014,93.3266050924286,10575400
2016-01-29,94.63495635986328,95.05125913479411,94.35246032970313,94.71673092946754,13170700
2016-02-01,94.34522247314453,94.64314805531995,94.0621962954297,94.43460185253451,9948400
2016-02-02,96.09558868408203,96.11047673223274,95.33587772627257,95.41036342671512,10400000
2016-02-03,95.29861450195312,96.78079325047256,95.27627106958167,95.54440362295905,13309000
2016-02-04,95.7603988647461,95.77528690871505,94.97089498500775,95.49971035134163,9953500
2016-02-05,95.8720932006836,96.08063941580365,95.03045295507424,95.25389857553613,9200800
2016-02-08,97.93523406982422,98.03950718886036,96.5871161784687,96.61691499243196,14452200
2016-02-09,98.0395278930664,98.35979133884081,97.54050562051468,98.3448919287127,15232100
2016-02-10,98.90352630615234,98.94076915873883,97.65224828669163,98.0916843984125,12797100
2016-02-11,99.5961685180664,100.73572890442762,99.0673474914605,100.13243356634446,21620200
2016-02-12,97.94266510009766,99.15671089742715,97.51811729431394,98.79174934674901,13888400
2016-02-16,96.90740966796875,97.38408849933428,96.68396397968995,97.36174506699838,11766000
2016-02-17,96.31156921386719,96.69887435982804,95.86468915153183,96.55735836236613,13157300
2016-02-18,97.49580383300781,97.57028951601077,96.34879932323155,96.38604216473301,10196700
2016-02-19,97.57769775390625,98.18100428917403,97.36915155588112,97.52556688685767,8188700
2016-02-22,97.52558135986328,97.65219790138903,97.34682257863552,97.64475388068179,5054300
2016-02-23,97.92034149169922,98.12144372276414,96.6616085895332,96.73609426471826,8320700
2016-02-24,97.72669219970703,99.35037532082964,97.53303399504308,98.61300806866991,9091200
2016-02-25,98.07678985595703,98.73222772628196,97.80866857983159,97.92782980313505,6097200
2016-02-26,97.13086700439453,97.42878704788029,96.85527903100298,97.05638131106251,9245000
2016-02-29,97.55540466308594,97.69692066295602,97.1383120518402,97.17555489889885,8016100
2016-03-01,95.83758544921875,97.64345835193119,95.75551170375695,97.62107253289984,13729100
2016-03-02,96.23307800292969,96.2405361458102,95.67340985199405,95.75549496959039,7047700
2016-03-03,96.5837631225586,96.96434463519692,96.09126395530915,96.3151334239539,6394800
2016-03-04,95.96441650390625,96.35991433585866,95.3375853471752,96.0763455557889,8687000
2016-03-07,95.9345932006836,96.01667832829955,95.55402291072548,95.85250807306764,5493300
2016-03-08,96.99423217773438,97.74792601470112,96.97184635945608,97.27034291396544,7175400
2016-03-09,96.40470886230469,96.77782097253176,96.12114001485918,96.32262374259562,7194700
2016-03-10,96.00923919677734,96.88977857059125,95.45702901196573,96.63606499371076,10091600
2016-03-11,95.03913879394531,96.17340305529507,94.92720399676418,96.12863141371874,8927000
2016-03-14,95.33763885498047,95.80775821645283,95.26301754743196,95.38241050086141,5177000
2016-03-15,95.42716217041016,96.00922191122052,95.2256841128817,95.88982328954467,6413200
2016-03-16,95.71068572998047,95.90471125649127,95.0465525215279,95.33011559074512,9728900
2016-03-17,96.10623931884766,96.51666503259777,95.88238109905775,95.89729738938964,7805500
2016-03-18,96.30770874023438,96.64350740632088,96.03906753006927,96.29278106564757,8198600
2016-03-21,95.56896209716797,95.9793763982078,95.3301648293451,95.703277020458,5514800
2016-03-22,95.54655456542969,96.27786257925213,95.45701129291233,96.13607814011351,4997900
2016-03-23,96.62857055664062,96.87482589576463,95.73309245565258,95.82264709763761,10628200
2016-03-24,96.66590881347656,97.4867602509306,96.26295262648722,97.4419886064297,6343300
2016-03-28,96.79275512695312,97.12855377134889,96.47187276970118,96.54649975133523,5058700
2016-03-29,97.8075942993164,97.8225105824507,97.02405674869024,97.29269786929133,9396700
2016-03-30,96.77778625488281,97.06135500060209,96.24796223837687,97.03149966606644,8478700
2016-03-31,97.46434783935547,97.61359040913723,96.8524385008286,96.99422292738863,7832300
2016-04-01,97.7186050415039,98.05511076225217,97.13534519363974,97.94293838531347,9341400
2016-04-04,97.7784423828125,97.93547916955536,97.41204223052837,97.80087457948012,5145100
2016-04-05,98.84771728515625,98.97483681486766,98.5411288493475,98.7131127530671,6482800
2016-04-06,98.1298599243164,98.45888057010838,97.7634599042834,98.3541932200896,6393700
2016-04-07,99.34125518798828,99.44594253803922,98.71311967761724,98.84772421914869,5963300
2016-04-08,98.71308898925781,99.00471876016981,98.43641780943567,98.83273489785294,5584800
2016-04-11,98.58599090576172,98.84022995920778,98.04012201805357,98.19715873345515,4805500
2016-04-12,97.90553283691406,98.36915805359544,97.60642936362669,98.01770519694642,4276000
2016-04-13,98.24951171875,98.39158986153295,97.59895539133971,97.72607493749655,5207900
2016-04-14,97.7784423828125,98.1897183385014,97.57655261280392,97.89061477622012,6967000
2016-04-15,98.61589813232422,98.82527279166588,98.14479944377389,98.17470521936704,5831100
2016-04-18,98.1897201538086,98.28693394787855,97.70367400359825,98.20467875522006,4486600
2016-04-19,97.88304138183594,98.18962967286896,97.42690144470802,98.0176458503628,5212200
2016-04-20,96.8062973022461,98.44390381617993,96.6642191941275,98.0775038637302,10920700
2016-04-21,96.23051452636719,96.51467075219544,95.93139970705754,96.04357204307253,11154200
2016-04-22,95.98377227783203,96.39504812249557,95.89404351538414,96.35018374127162,5826400
2016-04-25,95.58747100830078,96.10343429875545,95.58747100830078,95.75945496842955,5539500
2016-04-26,95.15376281738281,95.53512723630016,95.05655474022254,95.53512723630016,7840000
2016-04-27,96.10343170166016,96.32776504928263,95.43043736382673,95.65476500641519,8380100
2016-04-28,96.49974822998047,96.56704481070649,95.74449301271757,95.87162398973507,7974600
2016-04-29,96.74651336669922,96.9932789050688,95.86413858615936,96.05108113855438,7416300
2016-05-02,95.7724380493164,96.58165161541773,95.75745504772162,96.40183273019633,11035200
2016-05-03,96.9787368774414,97.4208181771937,96.91880488961453,97.06865772525872,10736700
2016-05-04,97.51074981689453,97.53322717571233,96.79894011056817,97.16607792661969,7211200
2016-05-05,98.1626205444336,98.20758669715138,97.18107105469858,97.45081080579719,7870400
2016-05-06,97.74303436279297,98.05024021156218,97.62314748038902,98.04275156880284,7232500
2016-05-09,98.05023956298828,98.07271692416003,97.64563562885427,97.75053379200325,4950800
2016-05-10,98.05770111083984,98.24502002420695,97.89285955243365,98.04272382955865,4331900
2016-05-11,98.61222076416016,98.90443796446063,97.90041080784314,98.02778636355923,9256000
2016-05-12,98.1626205444336,98.28250741893112,97.84792607365881,97.90038086864209,6087400
2016-05-13,99.11420440673828,99.1441818419968,98.32746251030646,98.51478146502633,8707300
2016-05-16,98.260009765625,98.64963631075226,98.1401229158875,98.63464759627524,5137000
2016-05-17,98.4248275756836,98.7769879661611,98.31244082682333,98.31244082682333,4449100
2016-05-18,97.02369689941406,98.04271212378777,96.58911570032433,98.01273469872625,12681000
2016-05-19,97.44332885742188,97.65312518568373,97.14361165058892,97.1660890119711,6209400
2016-05-20,97.51822662353516,97.70554554631033,97.0686680686986,97.14358877798483,5348900
2016-05-23,97.73555755615234,97.95284255291139,97.34593085767554,97.675614107691,6979700
2016-05-24,97.30093383789062,97.54819616793003,96.83638660553471,97.38335461457042,5968200
2016-05-25,96.93382263183594,97.59318910354699,96.88886790568169,97.27849458742398,6367400
2016-05-26,97.43577575683594,97.7429814392668,97.25595696363636,97.26344560234095,5419300
2016-05-27,97.29344940185547,97.600643734538,97.18105119259565,97.45829096233842,5267600
2016-05-31,97.52574157714844,97.73553788802218,96.64159018157352,96.67156761629347,8344300
2016-06-01,97.92142486572266,98.55962307128459,97.68867373040158,98.0791012722704,9874900
2016-06-02,98.6271743774414,98.87494499243134,98.25927047217613,98.28179403203512,5835400
2016-06-03,100.03118133544922,100.03118133544922,99.55817519313112,99.75338316801324,11077200
2016-06-06,99.28791046142578,99.7759362714213,99.18279668127862,99.69334605440976,7573700
2016-06-07,99.52816009521484,99.8435014181506,99.51314056844396,99.58822674575624,4680200
2016-06-08,100.06127166748047,100.18139354468512,99.64081645590099,99.76093833310564,5313200
2016-06-09,100.70695495605469,101.01478081278046,100.55678258901604,100.84961183081553,6820300
2016-06-10,101.19498443603516,101.60793554722743,100.80455688940397,101.20248847204101,6984600
2016-06-13,101.64547729492188,101.6529813308284,101.1874790606697,101.42773423165558,7283300
2016-06-14,101.57040405273438,102.276173040358,101.52535691846816,102.2536494732249,9012500
2016-06-15,101.96080780029297,102.28365315806631,101.59290386224559,101.75058025184937,7953200
2016-06-16,102.45635986328125,103.28225061726556,102.24612083615692,102.66658743386223,10372700
2016-06-17,101.8181381225586,102.31367933432463,101.55534799180792,102.26111672555821,8489900
2016-06-20,100.7294921875,101.022310012488,100.61686289693867,100.78955885115711,7365900
2016-06-21,100.26396179199219,101.04481683358235,100.20390659483242,100.82707378184283,6005800
2016-06-22,100.42915344238281,100.6018493872694,100.04624137087266,100.23394538845405,5773700
2016-06-23,99.28034973144531,100.09874749312014,99.1677319670824,99.56566334321475,9029100
2016-06-24,101.94584655761719,102.56902552412153,101.5854579051799,102.56902552412153,17155000
2016-06-27,104.49108123779297,104.8064226430412,103.91294959989864,103.94298866128142,16577100
2016-06-28,104.70874786376953,105.03909710190257,104.27327344411722,104.69372834404724,14006400
2016-06-29,103.90544891357422,105.21187316877095,103.80783914575021,104.87399672831721,12999800
2016-06-30,104.2883071899414,105.06916201628364,103.6801482415927,104.22073651935591,14698500
2016-07-01,105.73627471923828,105.92432385705216,104.69823980567097,105.91679454587016,15430200
2016-07-05,107.0601806640625,107.4964562210031,106.58629296852794,106.69912938430977,8840800
2016-07-06,107.23318481445312,107.56415327633692,106.78187357538623,107.40618688221477,14352800
2016-07-07,107.22566986083984,107.7070754153572,106.64647503696912,106.87965423839903,9676400
2016-07-08,108.01545715332031,108.03049282433732,107.0827290577505,107.50395739845575,10355300
2016-07-11,107.0677261352539,107.91771248088558,106.9925133162666,107.60179109485998,8099000
2016-07-12,105.30758666992188,105.95447658999889,105.036795273666,105.62350805261771,15810600
2016-07-13,106.54866027832031,106.63893168905645,106.0221248724055,106.33804611595438,8181700
2016-07-14,104.99911499023438,105.187164130117,104.62301671046913,104.76593589319731,10817000
2016-07-15,104.09648132324219,104.63806376383899,103.9385149957312,104.47257960267837,9958600
2016-07-18,103.99871063232422,104.7509073252525,103.60004730328109,104.60799959478909,5955900
2016-07-19,104.58550262451172,104.78859909969624,104.10409683425095,104.51028978461999,8073900
2016-07-20,104.01378631591797,104.1867883890233,103.73547713601627,103.9761741754306,6942500
2016-07-21,104.22440338134766,104.26953336012186,103.04346018550456,103.08106084940695,10398400
2016-07-22,104.40495300292969,104.73592154187895,103.70540377694762,103.7505337636014,5811400
2016-07-25,104.32969665527344,104.75092503812323,104.2469545459556,104.51022802404303,4243800
2016-07-26,104.49515533447266,104.94647790728358,104.14915130924612,104.94647790728358,5243400
2016-07-27,105.79643249511719,105.7964324951172,104.85618687579476,104.96902323667805,8508100
2016-07-28,105.60090637207031,105.93939263039097,105.08941806662793,105.15711302276964,7336100
2016-07-29,106.48098754882812,106.57124750078859,105.47304649322484,105.64604856035355,8766700
2016-08-01,105.32649230957031,105.87659524319247,105.20591833824943,105.33402387081532,9809300
2016-08-02,104.24137878417969,104.94219362911134,103.6159140685195,103.86459364211235,10051200
2016-08-03,104.30169677734375,104.5805141857747,103.92491152332421,104.44487701364292,4930600
2016-08-04,105.08537292480469,105.62041288133864,104.9497357941332,105.09291598666637,5646000
2016-08-05,103.99269104003906,104.88189838614072,103.85705391886523,104.7839420759271,7778600
2016-08-08,104.1886215209961,104.39962027697436,103.48027512510899,103.69127388108724,5185200
2016-08-09,105.21343994140625,105.28880154099078,104.45986993982376,104.52769997887611,5503200
2016-08-10,105.62046813964844,105.88421097568408,105.10050253623336,105.42453240585381,5843500
2016-08-11,104.67847442626953,105.56015047679095,104.39964553952261,105.54507584812481,7624600
2016-08-12,105.56011962890625,106.14790349081883,105.40186482059015,105.80879918564915,7989600
2016-08-15,104.5654296875,105.22104378664937,104.55789812261683,105.00250192074213,5108600
2016-08-16,104.28657531738281,104.85928450682928,104.16600133058306,104.73117895781765,6182700
2016-08-17,104.9120101928711,105.0777965030742,104.3694389046728,104.46740667849235,5002000
2016-08-18,105.07781982421875,105.3189562844001,104.58799234497285,104.89695885515707,3805200
2016-08-19,104.52777099609375,104.7839822110485,104.06809252287563,104.47501554082885,5516300
2016-08-22,105.4094009399414,105.60532504815266,105.02507278730022,105.23607151877957,5549700
2016-08-23,105.52245330810547,105.94445085680572,105.25116752700234,105.70331432836448,6841400
2016-08-24,105.2737808227539,105.64303445207511,105.0401758424254,105.57521587686456,6027800
2016-08-25,104.87442016601562,105.33409869697223,104.7161767774916,104.94223876109734,5855500
2016-08-26,104.26394653320312,106.01976602773684,104.15844719226214,105.29633376230885,12962500
2016-08-29,105.65811157226562,105.76361096905055,104.90454116706704,105.03264675612218,7310400
2016-08-30,105.25115966796875,105.69576337368176,105.25115966796875,105.62794480811264,5161800
2016-08-31,105.40186309814453,105.6279364640863,105.00247180102731,105.24361979098362,7349700
2016-09-01,105.5181655883789,105.76729763952929,104.6122381875087,104.6499760429472,9149100
2016-09-02,104.65753173828125,104.97460574930486,104.31025361983154,104.90666378683375,8397000
2016-09-06,105.41999816894531,105.75217416987716,104.56691085014214,104.71790831928539,8542600
2016-09-07,105.34447479248047,106.00882663894077,105.34447479248047,105.97107728048519,5421800
2016-09-08,104.0233383178711,105.14065953890689,103.62322042097584,104.83113089580287,14301500
2016-09-09,102.30963897705078,102.76259680451733,102.22659498075856,102.72485895851187,13347700
2016-09-12,102.36247253417969,102.54366256563921,102.03785335390572,102.15864670821206,9096600
2016-09-13,101.19984436035156,102.67197702109516,100.67893322205332,102.57383100388371,15645400
2016-09-14,101.35086822509766,101.84913224138465,101.19988227093218,101.19988227093218,7037700
2016-09-15,100.91299438476562,101.19987574281707,100.42983245090956,100.8676997533868,9874500
2016-09-16,101.72827911376953,101.77357372146355,101.3281613864948,101.59994055214209,7507900
2016-09-19,101.3960952758789,101.81886027355274,101.35080067176845,101.55463790974771,7105900
2016-09-20,101.7509994506836,102.35495486556121,101.66795543714429,102.03032407827429,6054800
2016-09-21,102.57390594482422,102.58900800146398,101.29805286687413,101.61513845883894,10698100
2016-09-22,103.38916778564453,103.64584496131445,103.04944663908311,103.17778522691808,12426200
2016-09-23,103.29112243652344,103.68368380183277,103.20807839395889,103.4496537326496,5928800
2016-09-26,103.94788360595703,104.05357494158086,103.442074248365,103.47982362240744,8661300
2016-09-27,104.7103500366211,104.78584877011298,104.1441440939002,104.62730603757579,9450400
2016-09-28,104.4838638305664,105.05006976502285,104.3479799356517,104.5593625629563,7958700
2016-09-29,104.74808502197266,104.9896717203865,103.76665921877013,103.8497032064139,8319800
2016-09-30,103.81201934814453,104.66510707590382,103.32885716593907,104.59716509391284,11747100
2016-10-03,103.46932220458984,104.19537472829631,103.43150492540067,104.12729900967048,7588800
2016-10-04,102.25934600830078,103.4921073771075,102.22152869362529,103.32572042471472,12048700
2016-10-05,101.78279876708984,102.16094855674011,101.43489588291668,102.1155724284166,8917700
2016-10-06,101.215576171875,101.8659942851078,101.10212430850862,101.321457653554,7839900
2016-10-07,101.28367614746094,101.56350340356713,100.65594587709244,101.2912349916027,9953200
2016-10-10,100.68619537353516,100.7088834441614,100.21728165341514,100.47443235421092,6089100
2016-10-11,100.45931243896484,101.00384926490759,100.26267862857112,100.48200051169412,9670400
2016-10-12,100.55762481689453,100.60300095770643,100.01308804671385,100.33829141601177,7582400
2016-10-13,100.93576049804688,101.29121073109614,100.86768475619571,101.07188890131461,7080600
2016-10-14,99.52154541015625,100.55011419401274,99.47616924237558,100.03583557219739,11415100
2016-10-17,100.15677642822266,100.39123905872745,99.89963726727824,99.90720765097717,10595900
2016-10-18,100.48197174072266,100.50465980695566,99.70298402614466,99.72567209237768,7151000
2016-10-19,100.5651626586914,100.79205485558666,100.07357251559881,100.11137826490094,6941300
2016-10-20,100.67103576660156,101.15506702759227,100.51220777992881,101.07187361366188,6082300
2016-10-21,100.82234191894531,101.13242766019695,100.48956810298952,100.98116998209554,9222700
2016-10-24,100.38371276855469,100.9282497839889,100.05093886576442,100.89800285656439,6507500
2016-10-25,100.64837646484375,101.01139712927234,100.2021623627108,100.23240927632199,5134700
2016-10-26,99.96773529052734,100.43664916991479,99.82404797449719,100.17950992200026,5842500
2016-10-27,98.8786392211914,99.12821953803555,98.36434936036191,99.12821953803555,10044700
2016-10-28,98.6593246459961,99.02234538512847,98.56857234626831,98.6139484961322,7541000
2016-10-31,99.26435089111328,99.29459780606929,98.85595406800066,98.99208249563173,7047500
2016-11-01,99.27191162109375,99.71898880250642,98.41566984724226,98.62783697370467,12622400
2016-11-02,99.70381927490234,100.1054221155436,99.28705833775389,99.49165217276129,8666200
2016-11-03,98.9384765625,99.30218984560722,98.83996630493974,99.0748647078264,6085400
2016-11-04,99.82510375976562,99.86298167392805,99.36287989698442,99.4689634935779,7622600
2016-11-07,98.97637939453125,99.26432541243824,98.83999121483197,99.07488967691832,5386700
2016-11-08,98.5748062133789,99.42348642613025,98.28687167109545,99.27951337386693,7576500
2016-11-09,94.39202880859375,96.51371115083634,94.12681996109325,96.4000485644449,31233500
2016-11-10,92.9977798461914,94.68754311560558,92.99020079919629,93.93737933442095,22961200
2016-11-11,92.4749755859375,93.2402977933202,92.17945621715911,93.17209790299822,10040200
2016-11-14,91.92179107666016,92.9447486357817,91.4823045800511,91.89905971421207,21174400
2016-11-15,92.37645721435547,93.05842132865571,92.27794691877651,92.61135570789797,11963700
2016-11-16,93.20997619628906,93.30848071369614,92.5734690144688,92.67197931299667,9149500
2016-11-17,91.83848571777344,92.52803489623953,91.67936031838647,92.40679319320797,11221600
2016-11-18,91.57328033447266,92.42195494583476,91.18682961720422,92.16431920728154,13577700
2016-11-21,91.80056762695312,92.05062420992628,91.60355282390273,91.84603035799537,6488100
2016-11-22,91.7702865600586,92.26282083463347,91.59600306679465,92.18704766495786,9989900
2016-11-23,91.41411590576172,91.61870975508756,90.3608535884779,90.92158179496732,13563500
2016-11-25,91.55052185058594,91.90666203544332,91.23227113348318,91.8308888810552,3126300
2016-11-28,92.22489166259766,92.2400497586816,91.75508896303181,91.9975722514166,8555000
2016-11-29,92.61134338378906,92.74773734472282,91.84602139293185,92.02030481344937,8363000
2016-11-30,91.11100769042969,91.69447298015248,90.53512722979075,90.90641964435633,21163500
2016-12-01,90.14904022216797,90.34644824534332,89.3214245503844,89.98199820807429,21715700
2016-12-02,90.80960083007812,91.27276063475084,90.46033382526122,90.4831112266667,12487500
2016-12-05,90.71085357666016,91.41698164769956,89.93638754115854,90.30084316836383,12100100
2016-12-06,90.64256286621094,91.06776228508744,90.44515485001942,90.61219106537486,11526600
2016-12-07,91.41702270507812,91.58406470120168,90.97664031399387,90.97664031399387,10392200
2016-12-08,90.33882141113281,90.58937853341709,90.18696246584157,90.46789717001053,12041100
2016-12-09,89.2151107788086,90.24772869465338,89.04806879347666,90.08068670932144,14646400
2016-12-12,89.38214874267578,89.44289233330495,88.74435262672472,89.0404703900074,9496300
2016-12-13,89.70104217529297,89.96678813813894,89.16955024960103,89.89845594461892,12189200
2016-12-14,88.6988296508789,90.51350307393939,88.68364664418853,90.41479904837763,16618400
2016-12-15,89.14678955078125,89.81495178150124,88.85826034322031,89.26067656131465,12400500
2016-12-16,88.94176483154297,89.53400034766543,88.68361326516242,89.29862617916228,14924600
2016-12-19,89.89846801757812,90.03513821579989,89.39734202648887,89.57957281933678,10868300
2016-12-20,89.4504623413086,89.51880031476628,89.1239728505865,89.31379218721966,7030600
2016-12-21,89.8453140258789,89.89846322275103,89.38974865371384,89.53400744932217,4624700
2016-12-22,89.68468475341797,89.82932705384263,89.44869431208906,89.47153134731512,5177800
2016-12-23,89.86738586425781,90.12621332126562,89.7912546752609,90.01202234576454,4461600
2016-12-27,89.57814025878906,89.60097730222634,89.24318727504773,89.38782381948273,5276600
2016-12-28,90.23280334472656,90.49924512158955,89.60095155388353,89.72275682787527,7578600
2016-12-29,90.55254364013672,90.79614840746605,90.33178172024097,90.43835844294782,8581400
2016-12-30,90.68953704833984,91.08539827405886,90.37742128190136,90.42309534333296,10613900
2017-01-03,91.07782745361328,91.34426928575681,89.96638023381716,90.14147389950939,13217300
2017-01-04,91.42796325683594,91.5345399363978,90.93313964001675,91.16913583732668,6699600
2017-01-05,92.85916900634766,92.89722879686259,91.48127449062156,91.69442790308884,13265800
2017-01-06,92.00654602050781,92.52420677721938,91.9228063533931,92.21208514379278,8369300
2017-01-09,92.74494171142578,92.87435540290504,92.46327149350684,92.78300148704123,8839100
2017-01-10,92.68404388427734,92.80584911171545,92.32624828866902,92.53179315797261,8417900
2017-01-11,92.99623107910156,93.39970101585322,92.4252817403782,92.82875167712986,9402500
2017-01-12,92.79066467285156,93.7422466846808,92.74499059484238,93.48341916530117,9977600
2017-01-13,92.34912872314453,92.68408744804515,91.82385940490887,92.36435728772855,9820000
2017-01-17,93.3159408569336,93.58999694407844,92.86679112211453,93.49102869661206,7853300
2017-01-18,92.12074279785156,92.84394272333574,92.0446174069577,92.6993004150409,9064700
2017-01-19,91.48886108398438,91.79336835592304,91.00926605107634,91.7248514609401,11795600
2017-01-20,91.30622100830078,91.5878856343993,90.81139708159104,91.23008978265537,16953200
2017-01-23,92.21971130371094,92.77543772905635,91.36709176871378,91.61069652042791,13118400
2017-01-24,91.58783721923828,92.21207460676553,91.19959605206473,91.93801860170537,8395000
2017-01-25,90.43830108642578,91.04730971451421,90.25559327080636,90.80370510168042,11115100
2017-01-26,90.74284362792969,90.78852350653614,90.08054637208087,90.52208174797657,7827900
2017-01-27,91.07019805908203,91.22245465789742,90.78091923332587,90.89511023043856,7197800
2017-01-30,90.7961196899414,91.2604920382879,90.74283134544233,90.92553921914826,6569500
2017-01-31,91.42796325683594,91.65634517475047,90.78088890006936,90.84179151924569,13298500
2017-02-01,90.86267852783203,91.19073041697246,90.46596745797622,90.86267852783203,10975500
2017-02-02,90.8244857788086,91.65605532397409,90.78633793045196,91.49584483785627,6978600
2017-02-03,90.78636932373047,91.45010369905698,90.38202760172733,91.12205187960316,10275600
2017-02-06,91.33568572998047,91.64847614438706,90.87794039493184,91.36620286172341,8433800
2017-02-07,92.00701904296875,92.31981518911032,91.14493214305855,91.38143257123168,8418400
2017-02-08,93.2582015991211,93.28108798865223,92.62499014675518,92.63261506290111,15734200
2017-02-09,92.18247985839844,92.76228766488059,92.05278646646524,92.62496935851274,16890600
2017-02-10,92.12909698486328,92.2740460586692,91.63320386993561,91.63320386993561,7978500
2017-02-13,91.83919525146484,91.86208746353894,91.45773987122368,91.74001894799912,11536800
2017-02-14,91.17543029785156,91.77813025702984,90.65665095454273,91.73235167166342,13210500
2017-02-15,90.75587463378906,90.95423308588937,90.51937413125849,90.60329479097216,8481000
2017-02-16,91.25175476074219,91.70950004406242,90.8779301250945,90.95422003555669,10005800
2017-02-17,91.79340362548828,92.08330755956445,91.6484487481772,92.01464839907771,7886400
2017-02-21,91.63321685791016,92.01467225876048,91.24413071928953,91.30516498035698,8703800
2017-02-22,91.7857894897461,92.17487559784423,91.23649282432449,92.15961994404788,8101500
2017-02-23,92.06043243408203,92.1138359500641,91.80104559089676,91.98414252847147,5330800
2017-02-24,93.082763671875,93.18193999681586,92.51058047761558,92.57923966706346,11336000
2017-02-27,92.53345489501953,92.99883096508167,92.48768210797988,92.9301659639745,11039800
2017-02-28,92.8767318725586,93.13612449502673,92.55631082763834,92.6936349641107,8410500
2017-03-01,91.32048797607422,91.38163978134956,90.92300707354161,91.29755750703525,10717100
2017-03-02,90.99180603027344,91.12174924511892,90.67076779415261,90.96887556080155,8201200
2017-03-03,91.22875213623047,91.22875213623047,90.61725163325623,91.13703026825047,9515200
2017-03-06,90.79307556152344,91.05296785155703,90.59433508464573,91.05296785155703,4489200
2017-03-07,90.51787567138672,90.71661609872594,90.3879324746388,90.56374243569972,7080100
2017-03-08,90.02864074707031,90.15858389733572,89.608235408255,89.66938135253885,11336300
2017-03-09,89.31014251708984,89.79935100625623,89.2566361586779,89.69233245767668,10575400
2017-03-10,89.6235580444336,89.6770644129809,89.18786166290363,89.53947577503686,9218500
2017-03-13,89.05792999267578,89.5012660330203,89.04263912439224,89.3025313993946,6993100
2017-03-14,89.48595428466797,89.69997972269,89.21077705528086,89.25663798292678,9869200
2017-03-15,90.57901000976562,90.8312567537179,89.76112382353837,89.86049110217625,14600500
2017-03-16,90.12040710449219,90.31150211284277,89.91402122968971,90.18919850825512,8018200
2017-03-17,90.68606567382812,90.77014796163849,90.21979328933716,90.28094510442799,7266800
2017-03-20,91.07592010498047,91.13707193276123,90.57907170984046,90.61729306014325,5497800
2017-03-21,91.83258819580078,91.95489176236445,90.97648072512024,90.99941701766721,12540700
2017-03-22,92.19951629638672,92.61992179093525,92.0542822324347,92.27595312887222,11661400
2017-03-23,92.06953430175781,92.50523050586116,91.7714266795689,92.36000232566299,6746500
2017-03-24,92.39824676513672,92.5664112881433,92.03134765290075,92.13071494751543,5819600
2017-03-27,92.81866455078125,93.23143045467222,92.63521498185969,93.12441772015492,6878500
2017-03-28,92.19951629638672,93.11676994972578,92.1001431655747,93.09383948315578,6811200
2017-03-29,92.74988555908203,92.78046146520856,92.39827138626374,92.44413816133242,6291000
2017-03-30,92.00077056884766,92.55876466244177,91.9701946712628,92.54347962952743,7042400
2017-03-31,92.268310546875,92.34474738172214,91.88612054088259,91.93962690845126,5144800
2017-04-03,93.19900512695312,93.35220828251408,92.22618992657804,92.26448633239116,12996500
2017-04-04,92.69342041015625,93.1376948124442,92.64745655577397,92.96918016004588,6976700
2017-04-05,92.97685241699219,93.08409168939582,92.1955368831797,92.34873417401289,8555200
2017-04-06,92.8389663696289,92.99983111168363,92.31808743354682,92.86960699458687,6497000
2017-04-07,92.46363067626953,93.64326846083111,92.44831328555392,93.32920643219444,10270000
2017-04-10,92.89257049560547,93.16067445820731,92.68575361679048,92.79299286419095,5314500
2017-04-11,93.77350616455078,93.9496883368419,93.23730971688732,93.2985909806497,11297400
2017-04-12,94.28673553466797,94.36334004611948,93.673940351782,93.84246092640934,11532500
2017-04-13,94.57781219482422,94.78462916695273,94.14885501168168,94.56248895593866,8396700
2017-04-17,94.28673553466797,94.63909992385446,94.11055918417844,94.57015703236885,8015000
2017-04-18,95.51994323730469,95.73442757506602,94.63905025892693,94.8765077563226,11529700
2017-04-19,94.99908447265625,95.11398535972053,94.7539653075,95.06036572497078,7344000
2017-04-20,94.63138580322266,94.92246291529868,94.32498545971605,94.61606257179207,7932900
2017-04-21,94.63138580322266,95.16758202128388,94.59308356874666,94.84586429044715,9798500
2017-04-24,94.16416931152344,94.34035148829679,93.8041491828889,93.8730920674013,8066400
2017-04-25,93.03046417236328,93.804123866967,92.97684454070371,93.61262434759688,8122300
2017-04-26,93.54368591308594,93.55900330299954,93.015145377494,93.0840823982574,5766200
2017-04-27,93.5130615234375,93.71987846573352,93.13006242399102,93.26028071521823,4978300
2017-04-28,93.71986389160156,93.78880675771408,93.10706893424282,93.14536533177062,8166300
2017-05-01,92.94073486328125,93.75438658577173,92.65672159396574,93.40896994864431,8795900
2017-05-02,93.41663360595703,93.47804282474789,92.83326359636018,92.85629058933038,6727800
2017-05-03,93.47809600830078,93.946331319445,93.30155172421553,93.81584104750219,8932900
2017-05-04,93.01750183105469,93.0482064458751,92.62602531247744,92.88701161029776,9707200
2017-05-05,93.10194396972656,93.2401118170389,92.79490365833173,93.17102496522931,5605400
2017-05-08,92.59534454345703,92.98682116285006,92.5185859147918,92.96379415988129,8057800
2017-05-09,92.58769226074219,92.59536402580729,92.21924256679496,92.40346448561397,5536700
2017-05-10,92.48021697998047,92.92541940463308,92.23458583467583,92.8102843805125,6517000
2017-05-11,92.48021697998047,92.54929799445281,92.04268631939692,92.11176733386927,7479800
2017-05-12,93.17868041992188,93.25543901543598,92.86396842142234,92.88699541444603,7463900
2017-05-15,92.92543029785156,93.04057119177801,92.68747674503024,92.92543029785156,5173200
2017-05-16,93.27081298828125,93.56249805236241,92.96377268822883,92.96377268822883,6722700
2017-05-17,94.62948608398438,94.82906321552113,93.94632429219796,94.13054618329664,11236400
2017-05-18,94.73697662353516,95.13613100155446,94.56043230181547,94.99028545693471,8350500
2017-05-19,94.95953369140625,95.01326530912705,94.42221751419815,94.6908756028022,11277400
2017-05-22,94.69857025146484,94.84440989361565,94.61413400038946,94.72927487515663,4062900
2017-05-23,94.06144714355469,94.89045427908361,94.01539314368327,94.8060180417812,7901300
2017-05-24,94.59110260009766,94.61412960271916,94.06145811457145,94.26103523113765,7355200
2017-05-25,94.62178802490234,94.62946564346296,94.23031732291616,94.42988855503603,6464800
2017-05-26,94.78298950195312,94.98256073569178,94.60643941146895,94.83672111969923,2963800
2017-05-30,95.25120544433594,95.28958767575175,94.98254739334418,95.205151451682,4819400
2017-05-31,95.48918151855469,95.6810809967446,95.20516818256301,95.2205234203503,8000200
2017-06-01,95.49919128417969,95.5299609582557,95.12227304700019,95.15303685236096,9037300
2017-06-02,96.62996673583984,96.74534569548773,96.19150908302944,96.32227581644113,13245000
2017-06-05,96.02994537353516,96.27610274909838,95.98379379997448,96.07610281581069,6775500
2017-06-06,96.55303192138672,96.82226512238434,96.4607287610133,96.68380451310853,12841500
2017-06-07,96.09149932861328,96.55303274054307,95.99150228112181,96.33765087289022,12852400
2017-06-08,95.837646484375,96.06072222110654,95.61457661635875,96.06072222110654,8758600
2017-06-09,95.69151306152344,95.87612526758407,95.36844023373826,95.44536149720383,5130500
2017-06-12,95.66073608398438,96.14534528868901,95.49150579604174,95.54535126323114,4335800
2017-06-13,95.67608642578125,95.7837773246343,95.3760895120172,95.39147727968984,4742600
2017-06-14,97.15299987792969,97.46837868674868,96.71454240410854,96.86069098290642,20212300
2017-06-15,96.99917602539062,97.17610018380138,96.79148806167953,96.99148213970791,5863700
2017-06-16,97.19144439697266,97.26067760383886,96.92991107233206,96.9837565138,6672500
2017-06-19,97.05304718017578,97.29151074974514,96.94535622697032,97.16843202110071,5641300
2017-06-20,97.9222640991211,97.9991853619463,97.52995802938148,97.52995802938148,8405700
2017-06-21,98.12223052978516,98.1837698701724,97.6222395281038,97.77608201035737,5914800
2017-06-22,98.3376235961914,98.36070525301162,97.929935689762,98.23762655816454,6608100
2017-06-23,98.29141235351562,98.38372131861604,97.99910943376508,98.05295486289576,4329900
2017-06-26,98.66067504882812,98.8991443701031,98.58375968424107,98.66837480148631,5541600
2017-06-27,97.60684967041016,98.06838297601115,97.39916173693975,98.02223140606537,8354200
2017-06-28,97.2838134765625,97.46842569438785,96.90689515346007,97.43765601329753,7357900
2017-06-29,96.46842956542969,96.70688723844937,96.07612349956173,96.16073864844925,9115800
2017-06-30,96.24531555175781,96.45300346367765,96.03762177112421,96.2991610006788,10189800
2017-07-03,95.93549346923828,96.3825669248433,95.5963334848699,96.35173366436953,11021100
2017-07-05,95.95857238769531,96.0819053723229,95.67337515221473,95.73503576368813,11394500
2017-07-06,95.1646728515625,95.30341957343406,94.75614247073037,95.21091979857212,10853100
2017-07-07,94.59427642822266,94.8332268393863,94.49406686417882,94.68677032630254,9401800
2017-07-10,94.7330322265625,94.88719265868464,94.56345222272203,94.70990874982853,3859200
2017-07-11,94.89482879638672,95.06440866861574,94.58650229059202,94.7021254653699,4425600
2017-07-12,95.55006408691406,95.61173059337423,95.1877807125127,95.49610736397184,7839900
2017-07-13,94.9488296508789,95.31111302260878,94.66362647123499,95.27256998614494,7449300
2017-07-14,95.06446838378906,95.70424525604496,94.90259818975612,95.6579924285765,6566800
2017-07-17,95.3265380859375,95.57319825855656,95.0182113999531,95.06446422539831,4737300
2017-07-18,96.15902709960938,96.1744407889282,95.75820648804762,95.91236690460762,9163000
2017-07-19,96.19757843017578,96.35944864575939,96.03570233374873,96.18215885868585,5140900
2017-07-20,96.47504425048828,96.9144078184967,96.32858776753822,96.72940829871501,12239100
2017-07-21,96.88357543945312,97.14564927357942,96.79107567872758,96.91440869302829,6201500
2017-07-24,96.50586700439453,96.86044645991917,96.47503963341467,96.69857041764679,5378500
2017-07-25,95.2494888305664,95.72739564315305,95.17240860423806,95.68885258956672,9743300
2017-07-26,95.40357208251953,95.65023213567918,94.87171483464256,95.01816538190513,8459500
2017-07-27,94.93344116210938,95.10301527737032,94.67136138244565,94.89489811541543,6390800
2017-07-28,95.49610900878906,95.57318920277103,95.01049849394498,95.01820239675389,5491800
2017-07-31,95.6117172241211,95.619427006561,95.11839700310345,95.16464393606107,5464600
2017-08-01,96.28302764892578,96.33710164270933,95.13974723932422,95.15519442599525,9676800
2017-08-02,96.33708190917969,96.69242606605819,96.31390818710837,96.38342935332233,5745600
2017-08-03,97.33360290527344,97.3490500903184,96.7619627606473,96.78513648502607,10324500
2017-08-04,96.50702667236328,96.70014887366925,96.12850880801771,96.67697515249203,8485500
2017-08-07,96.61516571044922,96.63833942948617,96.25982160009963,96.43749070846376,4684600
2017-08-08,96.26754760742188,96.54564402157614,95.90447696151928,96.46066978982782,6197400
2017-08-09,96.79291534423828,97.29502869351487,96.71566169638724,97.27958150012017,9221800
2017-08-10,97.61944580078125,97.67351979988267,96.96282537703341,97.04007899885589,10378200
2017-08-11,97.66581726074219,97.68899099553443,96.9860288344603,97.15597152081178,5717800
2017-08-14,97.16368103027344,97.54992559210065,97.1250601102653,97.32590303900595,5111000
2017-08-15,96.75421905517578,96.97824150712896,96.3370744094997,96.35252748542567,7473200
2017-08-16,97.10958099365234,97.349050671827,96.41433979002288,96.42979286878281,5283800
2017-08-17,97.83572387695312,97.85889760180567,96.95508697081974,97.10185585942676,9364700
2017-08-18,97.81255340576172,98.22197160810308,97.53445691103494,98.09064990048849,8382500
2017-08-21,98.05204772949219,98.12156892382855,97.71987716031688,97.92844663695045,7669800
2017-08-22,97.67350006103516,97.95931718697157,97.54217246665127,97.94387000190312,6140700
2017-08-23,98.3378677368164,98.3455883846386,97.92072290307043,98.13701891457777,7446400
2017-08-24,97.97476196289062,98.34555330933787,97.88978771815852,98.0133828691002,5569400
2017-08-25,98.35330200195312,98.4537234530644,98.00568429965571,98.12155293800585,7303300
2017-08-28,98.2914810180664,98.40735552593455,97.89751594238594,98.04428481830477,4448500
2017-08-29,98.60821533203125,99.28028283809414,98.34556602518418,99.23393538720116,7659400
2017-08-30,98.57730865478516,98.67773008972884,98.36873335208796,98.461434141467,4735200
2017-08-31,98.87085723876953,98.90175750343501,98.54641330021634,98.6004872899752,7978400
2017-09-01,98.11459350585938,98.57129765467268,97.8668882594714,98.54807621059862,14128600
2017-09-05,99.67046356201172,99.70143335378654,98.84220471051425,98.84220471051425,15215700
2017-09-06,99.05899047851562,99.85629170769421,98.88094953042486,99.63955031402547,9066400
2017-09-07,100.07300567626953,100.29749536559633,99.33763244845741,99.33763244845741,13618900
2017-09-08,99.85630798339844,99.98016360325941,99.52345929298436,99.94145724561261,9808500
2017-09-11,98.66417694091797,99.12088693811079,98.50936339603528,98.9815523854131,17856700
2017-09-12,98.14556884765625,98.37778922124197,97.94430646594094,98.34683122937156,7557400
2017-09-13,97.75851440429688,98.24618243127014,97.75077195460432,98.23844588733633,6740000
2017-09-14,98.16101837158203,98.17650326862764,97.78946352309721,97.82042741143059,6674500
2017-09-15,98.19975280761719,98.31586594565286,97.9520475358289,98.3081234949146,9769200
2017-09-18,97.63467407226562,97.97527104279744,97.41019024221144,97.92108569800916,6863000
2017-09-19,97.39469146728516,97.7739888037755,97.32502714060178,97.7507673615477,5554900
2017-09-20,97.46435546875,97.57272612939043,97.0153879285207,97.51079835023646,8037000
2017-09-21,97.41016387939453,97.96750207824299,97.39468488754122,97.65787499511211,6147800
2017-09-22,97.68881225585938,98.09907927491716,97.58044161860089,97.92103842470289,5660700
2017-09-25,98.30034637451172,98.5170876726638,97.68882290857839,97.78171456739675,9679000
2017-09-26,98.12234497070312,98.22297320618874,97.86689725090179,98.1300815155993,7251900
2017-09-27,96.64381408691406,96.9921533682189,96.45803668033919,96.65929898248704,12145700
2017-09-28,96.3574447631836,96.48903689631538,95.96266245802876,96.1484399345536,8883700
2017-09-29,96.5741958618164,96.78319480573319,96.1948925141095,96.5741958618164,11285500
2017-10-02,96.39729309082031,96.95575921070758,96.3662665377477,96.80838456304014,7860700
2017-10-03,96.49040985107422,96.575731425403,96.11809698875662,96.11809698875662,6219800
2017-10-04,96.49813842773438,96.63774905093386,96.08704100559784,96.59121217653403,7447000
2017-10-05,96.13359069824219,96.41282380010544,95.93967915070996,96.3895494435245,8180300
2017-10-06,95.86212158203125,96.25770284458552,95.42776155582986,95.62943124701403,10375000
2017-10-09,96.16461181640625,96.22665901064664,95.90088904947032,96.0094790365291,3590900
2017-10-10,96.31977844238281,96.85497639791208,96.19567216724616,96.28875187359866,6666800
2017-10-11,96.50592803955078,96.6920874447369,96.38182768713938,96.62227618836393,4385900
2017-10-12,96.91700744628906,96.94028180727834,96.36629925711482,96.60675364564189,7141600
2017-10-13,97.61510467529297,97.68491593309396,97.08766485190183,97.40568273731556,7746900
2017-10-16,97.5452651977539,97.6538551894747,97.25051586218827,97.36686397266361,5737300
2017-10-17,97.66938018798828,97.80123863807898,97.25828859787514,97.25828859787514,4969600
2017-10-18,97.02555847167969,97.09536969117099,96.7075466784914,96.99453783824973,5943800
2017-10-19,97.19621276855469,97.73916859963374,97.16518621383216,97.52974083468418,8966500
2017-10-20,96.16461181640625,96.39730210965627,95.90088904947032,96.18012213553872,12326900
2017-10-23,96.33528137207031,96.56021954020189,96.19566478211665,96.30426072338057,6871100
2017-10-24,95.738037109375,95.93970683395902,95.52085706030569,95.69150021820658,6842800
2017-10-25,95.28043365478516,95.3890296323724,94.9546634751667,95.03998508188312,9961400
2017-10-26,94.96234893798828,95.45100383351982,94.96234893798828,95.45100383351982,8179400
2017-10-27,95.59064483642578,95.66045607806613,95.21057982037493,95.35795450561791,10480900
2017-10-30,96.50592803955078,96.5369546070818,95.83887163191555,96.07156792954186,9051600
2017-10-31,96.53694915771484,96.69208198661292,96.49041226790159,96.59124416840108,4424300
2017-11-01,96.96676635742188,97.26990847923011,96.6169888107946,96.65584968806307,8940400
2017-11-02,97.39431762695312,97.56531623178918,97.09894400081566,97.16112854634405,7222700
2017-11-03,97.65855407714844,97.70518950256142,97.26990971806069,97.52641641831676,10984100
2017-11-06,98.0239028930664,98.10940514582266,97.72076069883731,97.88399065494193,6246700
2017-11-07,98.43585205078125,98.54467200713826,98.03943310677052,98.11716673009083,6422700
2017-11-08,98.21819305419922,98.56020195357887,98.101598572116,98.39696612051733,3356200
2017-11-09,97.93840789794922,98.12495558585792,97.58863024183988,97.83736246913284,6280400
2017-11-10,96.46154022216797,97.03673228161999,96.35272026308901,96.93568687111612,11981000
2017-11-13,96.66364288330078,97.01342049740477,96.62477606829218,97.00565187859773,5880800
2017-11-14,97.31657409667969,97.34766636628622,96.98233961121454,96.98233961121454,6195900
2017-11-15,98.37364959716797,98.45915182304459,97.65854546278331,97.98500527236217,9568200
2017-11-16,97.51866149902344,98.19490495483623,97.51088694980899,97.94617275216545,5894900
2017-11-17,98.24154663085938,98.28041344915728,97.9073121563265,97.9928144123868,6938800
2017-11-20,98.20267486572266,98.23376713274597,97.86844633826999,97.86844633826999,4232300
2017-11-21,98.51358795166016,98.94109919456916,98.17935350636131,98.78563786521892,5818400
2017-11-22,98.83228302001953,98.87114390616516,98.33481860750436,98.42032085936575,4140700
2017-11-24,98.5602035522461,98.73897662146396,98.47470132601433,98.6612489422283,3141400
2017-11-27,98.42030334472656,98.75453774336599,98.26484203707886,98.60685098366129,6079900
2017-11-28,98.55243682861328,98.8555789528659,98.30370467716901,98.53688773338673,5983000
2017-11-29,97.5807876586914,97.68960756162278,97.23877886077003,97.59633081757877,14547100
2017-11-30,97.25436401367188,97.56527474863029,96.72580746190357,97.40204483370448,9630000
2017-12-01,98.5667953491211,99.45471383057419,97.43742118070837,98.03715924243379,24583100
2017-12-04,98.61351013183594,98.66024079942734,97.99040683296771,98.07608368512092,9609200
2017-12-05,99.10420989990234,99.30671938368114,98.48889696475626,98.50447781708374,10958900
2017-12-06,99.4469223022461,99.87530068494989,99.43134739149595,99.59491069496697,11834200
2017-12-07,98.66804504394531,99.77405385145819,98.37207420382457,99.6416403708147,13056800
2017-12-08,98.67581176757812,98.71475200588652,98.32531396868538,98.5979194062556,4786100
2017-12-11,98.47331237792969,98.98736754949375,98.45773746948679,98.80822936180986,3863800
2017-12-12,98.43438720703125,98.45775848821508,97.88138573277517,98.2708238928728,7502400
2017-12-13,99.17433166503906,99.22106234664986,98.59795886084812,98.76931261656136,8532900
2017-12-14,99.59491729736328,99.68059416805465,98.75372944458702,98.95623895188977,6885000
2017-12-15,99.9687728881836,100.15569558467546,99.35345398634168,99.54817305165975,7239400
2017-12-18,99.05747985839844,99.6961581337486,98.84718588947086,99.67279279746265,7239700
2017-12-19,97.77230834960938,98.43435179513334,97.41402608429468,98.38762113428656,11045800
2017-12-20,96.6896743774414,97.13363349745724,96.54168602331852,96.82208188252356,10005800
2017-12-21,97.25324249267578,97.45618030257219,96.7849295086186,96.80834426458307,7026900
2017-12-22,97.38592529296875,97.44056170584118,97.19860129953791,97.33128888009632,3974300
2017-12-26,97.67472076416016,97.97912448533562,97.54203318414467,97.54984008735804,3168400
2017-12-27,98.94698333740234,99.1108985489509,98.11182324606862,98.11963015017166,9059700
2017-12-28,98.8611068725586,98.99379443502761,98.63475434868238,98.7596350089704,5297100
2017-12-29,99.0172119140625,99.2201496919072,98.72061512715237,98.73622297702269,7580500
2018-01-02,97.94789123535156,98.744028531067,97.62007279825539,98.72841472648814,16238200
2018-01-03,98.41619110107422,98.50204915011868,97.94787825941772,98.34594685454013,8605100
2018-01-04,98.40059661865234,98.47084682964896,97.8542325549972,98.07277818045927,9217900
2018-01-05,98.11962127685547,98.48646832252335,97.84643920718445,98.24450791151794,10915400
2018-01-08,98.05712890625,98.36933938179976,97.69808894358961,98.33811773875283,8850600
2018-01-09,96.74589538574219,97.43275994748213,96.6366225609058,97.41714614112131,16226400
2018-01-10,96.62882995605469,96.73029588647174,95.73903347417343,95.8561072573766,14302600
2018-01-11,97.02690124511719,97.24544693284264,96.24637752899868,96.4024858451764,12511000
2018-01-12,97.19083404541016,97.40157883455053,96.71471994181762,96.86301543444159,9987100
2018-01-16,97.59664154052734,97.78396547934139,97.22198770797863,97.69810743344316,9125900
2018-01-17,97.46395874023438,98.06495913583977,97.25321408826038,97.62786793903584,8327000
2018-01-18,96.55854034423828,96.99563150303157,96.42585280745037,96.73025642945576,10843900
2018-01-19,96.05123138427734,96.44149318051436,95.98879402262047,96.31661250227818,11374300
2018-01-22,96.14492797851562,96.55860466578592,95.9966265415982,96.35566679762383,8984700
2018-01-23,96.55854034423828,96.9409951081824,96.19169342671373,96.63659148617702,12325700
2018-01-24,96.03557586669922,96.10582009679439,95.645314264163,95.88727455216123,9038900
2018-01-25,96.82391357421875,96.901964709871,95.84825949126581,96.12924834354985,12173300
2018-01-26,96.46490478515625,96.71467804331638,96.08244990471245,96.69125733417219,6462900
2018-01-29,95.79364013671875,95.98096408658175,95.45801483429868,95.98096408658175,12223000
2018-01-30,95.23167419433594,95.51266313159113,94.98970785924736,95.44241291981646,12064400
2018-01-31,95.79364013671875,95.94974243578442,95.17702593204368,95.90291293704892,18045100
2018-02-01,94.40531921386719,95.83665236540622,94.35056905892237,95.79754852177098,18632800
2018-02-02,93.52934265136719,94.06120400420171,93.26340899128942,93.97516717011665,23944400
2018-02-05,94.41315460205078,95.28134000531762,92.79410727626237,93.2086450698849,28606200
2018-02-06,93.82654571533203,94.53830380849357,93.63883172143063,94.18633335669315,10935400
2018-02-07,92.93487548828125,94.11592127920906,92.73151522721976,93.95948801403911,16271100
2018-02-08,92.83319854736328,93.21644960507184,92.17619076682968,92.3013373792433,15155100
2018-02-09,92.24657440185547,93.14604019240798,92.1292509608605,92.37953818356799,15661600
2018-02-12,92.65332794189453,93.31033590791574,92.44215043297523,92.731541613075,10944600
2018-02-13,93.06787109375,93.08351740927351,92.59858307250069,92.77065673933365,8157600
2018-02-14,92.03541564941406,92.71588701546989,91.8789883310958,92.65331370121471,12043300
2018-02-15,92.34828186035156,92.91925294478752,92.2857085422972,92.4421418374331,8222400
2018-02-16,92.84886932373047,93.23994366472873,92.55947216315623,93.10697982094634,8454100
2018-02-20,92.44214630126953,92.69243361825276,92.12146250624582,92.51253681198966,8268800
2018-02-21,91.30804443359375,92.52037739669063,91.12815356076557,92.48126757182114,12054300
2018-02-22,91.5817642211914,92.02759459102344,91.51137372110388,91.6990876886567,9317900
2018-02-23,92.39521026611328,92.53599725021016,92.0745324490327,92.19967311971874,9072900
2018-02-26,92.42646789550781,93.00526196351349,92.32479075955354,92.82536521971318,8771600
2018-02-27,92.2935562133789,92.80977727346304,91.71476778594167,92.70027095412144,12525700
2018-02-28,92.88014221191406,92.94271552935047,92.48906792891653,92.66114156820665,9311600
2018-03-01,93.51415252685547,93.74927263423358,92.59719487091576,92.81663711548053,12287700
2018-03-02,92.75396728515625,93.20852978246579,92.57371366062792,93.14583026986698,10064300
2018-03-05,92.5031509399414,93.10662312647462,92.18965943856664,93.06743444654536,5658200
2018-03-06,92.58935546875,93.01256807226719,92.57368358536908,92.76177608270359,5452000
2018-03-07,92.48748016357422,93.01257499653954,92.4482914831755,92.92636468314485,4461800
2018-03-08,93.02043914794922,93.2555533560257,92.68343673495366,92.72261944662236,7086700
2018-03-09,92.40912628173828,92.69126211249551,92.1583282466576,92.47181981115419,6570400
2018-03-12,92.9420166015625,92.99688313407535,92.62853114312931,92.72257438891853,5801300
2018-03-13,93.41230773925781,93.55337866430042,92.62858170665555,92.72262500378055,7455300
2018-03-14,94.23519134521484,94.36059034706692,93.55335370554312,93.57686452355199,10175000
2018-03-15,94.23519134521484,94.43112280109357,93.99223825331835,94.18033077674293,6757900
2018-03-16,93.8981704711914,94.05491919257226,93.69440610242482,93.89033751963662,6084300
2018-03-19,93.60035705566406,94.02356963520513,93.42009752055584,93.42793645147854,8491200
2018-03-20,93.2242202758789,93.43582967829259,93.13017696756688,93.19287649267878,5446000
2018-03-21,93.32608795166016,93.59255190568528,92.56587282028157,92.99692448632752,9742400
2018-03-22,94.2508773803711,94.68976196619155,93.78847599514967,94.29006008733134,12136600
2018-03-23,94.18034362792969,94.29006477984528,93.74929795379114,93.79631959622515,7250400
2018-03-26,93.81981658935547,94.39977201819464,93.78846683923531,94.04709779321148,8237900
2018-03-27,94.82301330566406,94.92490151915598,93.89821632563307,93.91389419510348,9168500
2018-03-28,95.07381439208984,95.33244544860757,94.79167250849882,95.1835355713357,7412500
2018-03-29,95.53620147705078,95.8418541415216,95.23054881257998,95.25405963610005,9694300
2018-04-02,95.72464752197266,96.10164254320074,95.15916397832939,95.30838605595225,12036500
2018-04-03,94.9864273071289,95.41054469321357,94.90003269188189,95.31629438781613,9855000
2018-04-04,94.79010009765625,95.39485655962218,94.71941085334798,95.30846192332172,6654300
2018-04-05,94.08319854736328,94.46018772000541,94.06748716975787,94.32667097103361,7603700
2018-04-06,95.11205291748047,95.15132536145033,94.42090224540004,94.76648057750708,8831200
2018-04-09,95.26918029785156,95.26918029785156,94.52304546591724,94.75081256247805,6307500
2018-04-10,95.09638977050781,95.33200656257091,94.8607669863084,95.19063409047853,6046000
2018-04-11,95.43412780761719,95.73257818875186,95.24562715329681,95.7011614130318,5901300
2018-04-12,94.73507690429688,95.0885049803017,94.57014340268564,95.06494390751932,6622800
2018-04-13,94.95500183105469,95.13564074299822,94.64084016734184,94.65654555406658,4964000
2018-04-16,94.9864273071289,95.0099883854443,94.38952069055021,94.42879314916647,4491300
2018-04-17,95.24561309814453,95.48909157601119,94.89218490968855,94.97072384133028,5590400
2018-04-18,94.48377227783203,95.30058430048153,94.46806089731803,95.26131783346844,8138400
2018-04-19,93.71405029296875,93.87898378956682,93.31349409143955,93.79258919723436,9875800
2018-04-20,93.03860473632812,93.56482198515754,93.01504366431102,93.3763274168865,7579400
2018-04-23,93.0621566772461,93.16426263548075,92.74014540438384,92.93649564143979,7073200
2018-04-24,92.63805389404297,93.03075442940073,92.48883176525857,92.8422598502267,8190800
2018-04-25,92.01760864257812,92.40245355769164,91.84481941763124,92.213958945084,6603800
2018-04-26,92.66162872314453,92.77943409991438,92.35531676713748,92.46527843901458,6528600
2018-04-27,93.37637329101562,93.42349545820008,93.0229450528577,93.04650613644992,5401800
2018-04-30,93.54127502441406,93.90255883149139,93.41561395732138,93.52556963807817,8321100
2018-05-01,93.20436096191406,93.54282216726001,93.06267687359386,93.48772313321017,7979200
2018-05-02,93.1020278930664,93.56643917465341,93.08628788596673,93.3853960636141,4644000
2018-05-03,93.51923370361328,93.91280005167036,93.41690861504296,93.54284672364136,6345300
2018-05-04,93.66090393066406,93.84982007354698,93.2673376410088,93.84982007354698,4283500
2018-05-07,93.51134490966797,93.68450901797031,93.46411287527233,93.64515599554252,3647800
2018-05-08,93.42477416992188,93.66878336453914,93.11779292335648,93.31457608168535,6091200
2018-05-09,92.86589813232422,93.21223236040025,92.86589813232422,92.97609620562268,7832500
2018-05-10,93.61373138427734,93.65309043786885,93.15719278614888,93.3146229951665,7101500
2018-05-11,93.84980773925781,93.95213279919584,93.5270805415896,93.92064677952008,4273400
2018-05-14,93.35391998291016,93.66090119946193,93.34604697585003,93.51135009738852,4996200
2018-05-15,92.291259765625,92.55101485912607,91.85833460978989,92.53526885054514,12901000
2018-05-16,91.9371337890625,92.51173749723588,91.92926077782303,92.4251523896457,6518000
2018-05-17,91.47267150878906,91.95282283733602,91.3782134423169,91.80326573342461,7330300
2018-05-18,92.25984191894531,92.32281398910983,91.70885131837356,91.70885131837356,9606500
2018-05-21,92.30706024169922,92.39364532959046,92.05517798747378,92.19686213080976,4448500
2018-05-22,92.16534423828125,92.3700003757639,91.97643411425203,92.32277434609273,4700700
2018-05-23,92.83442687988281,92.96823798941291,92.6140306982225,92.68486975432236,9634000
2018-05-24,93.5743408203125,93.7160249580432,93.3854306384537,93.42478967879138,8204100
2018-05-25,94.15681457519531,94.32997872257005,94.03874347058166,94.10958253014235,8482800
2018-05-29,96.2191390991211,96.43953538481782,94.79443024847558,95.07779861732804,21668100
2018-05-30,95.57364654541016,95.62087858884755,95.038396094103,95.24305226807665,11616300
2018-05-31,95.41621398925781,96.01443644209239,95.2036848259208,95.6838361886065,10769900
2018-06-01,94.91207122802734,95.23554231425415,94.557034940063,94.80950238027609,8718800
2018-06-04,94.2257080078125,94.78587016345503,94.17837222599226,94.76220227254491,7156500
2018-06-05,94.44659423828125,94.80163057671972,94.37559058217322,94.6438346420917,5635900
2018-06-06,93.68131256103516,93.96533926060779,93.4288450524484,93.94956267476495,7813300
2018-06-07,94.588623046875,95.0619988896164,93.63398005854474,93.6418713613922,13238300
2018-06-08,94.3045883178711,94.55705581381713,94.2335846561831,94.32825620510043,6790600
2018-06-11,94.13104248046875,94.19416087718002,93.83913042945694,93.94169330963655,6844200
2018-06-12,94.15467071533203,94.24934827051962,93.79964041715198,93.83119960221451,6048200
2018-06-13,94.10733795166016,94.39136460699106,93.59451171179606,94.24145997798328,8834700
2018-06-14,94.88839721679688,94.9120711180726,94.2651229270699,94.50180776614002,10078800
2018-06-15,94.97520446777344,95.53536653587655,94.91209210830962,95.33024083384436,7992800
2018-06-18,94.88839721679688,95.11719677474032,94.7069394421063,95.0540844292341,4893700
2018-06-19,95.4406967163086,95.64582844135744,95.22767368894633,95.4406967163086,6133300
2018-06-20,94.60437774658203,95.29866170985251,94.5964864460623,95.28287910881305,6879100
2018-06-21,95.1014404296875,95.26712165808122,94.8489729360447,94.95942708830718,7235800
2018-06-22,95.0935287475586,95.1645384126802,94.72271587901987,94.74638376096088,4082500
2018-06-25,95.30657196044922,95.55114815150296,95.18033520422804,95.1961178084056,8363700
2018-06-26,95.4406967163086,95.4880324915891,95.19612051829266,95.28290076654024,5450000
2018-06-27,96.34010314941406,96.39533022161196,95.89828657183091,96.0560764868822,8173400
2018-06-28,96.3637466430664,96.45053288016703,96.1191705308544,96.35585534352147,7109500
2018-06-29,96.03241729736328,96.64780644880646,95.97719022016454,96.38744764802667,11164700
2018-07-02,95.9572982788086,96.27359878324516,95.90985531466873,96.26568961157841,9662000
2018-07-03,96.47127532958984,96.49499680907428,96.09962272985464,96.09962272985464,3808800
2018-07-05,96.74800872802734,96.890343597773,96.47915732569,96.51869110271892,3860400
2018-07-06,97.06432342529297,97.19874914628862,96.85082410564864,97.06432342529297,4679900
2018-07-09,96.43963623046875,96.6373232527597,96.39219327565624,96.5266190029111,5952700
2018-07-10,96.4317398071289,96.57407472331002,96.32103554264692,96.36848453666059,5759700
2018-07-11,96.80338287353516,96.90618398964823,96.542434547458,96.82710435173684,6869100
2018-07-12,96.79547119140625,96.84291414362156,96.58196584057977,96.60568731668742,4824700
2018-07-13,97.04060363769531,97.15921705419689,96.84291662116902,96.95362086778943,4079000
2018-07-16,96.6373062133789,96.7005674972606,96.18658012334608,96.6373062133789,5517100
2018-07-17,96.4554672241211,96.77967084608548,96.39220592078611,96.70059723338171,3764300
2018-07-18,96.0679702758789,96.50288407748388,95.98889668456755,96.48706573946463,6330000
2018-07-19,96.67683410644531,96.827072095984,96.28936331513056,96.3130908183573,6166700
2018-07-20,95.49075317382812,96.1470695869152,95.44330418000587,96.13916644871976,10469500
2018-07-23,94.31253051757812,95.19026145901182,94.24136607888714,95.19026145901182,11571800
2018-07-24,94.63673400878906,94.74743826151105,94.20972930560598,94.32043355832796,9053500
2018-07-25,94.48649597167969,95.0953754334653,94.304627273277,94.90559153131073,7357900
2018-07-26,94.30460357666016,94.79486345171067,94.22552998709668,94.66043774615993,6821100
2018-07-27,94.46280670166016,94.78701645369124,94.41536372640945,94.77119810665317,4542000
2018-07-30,94.1385498046875,94.42321956124823,94.07528851813437,94.0911008233085,7111200
2018-07-31,94.65255737304688,94.77907998118239,94.5418531073933,94.72372784835561,6797400
2018-08-01,93.88140106201172,94.18255482552944,93.57232044917619,93.74667485568125,13312600
2018-08-02,94.01618194580078,94.10335919975341,93.75465623036082,94.00826113829086,4451100
2018-08-03,94.48373413085938,94.53920999470179,94.15879975234259,94.17465345424938,6162400
2018-08-06,94.53921508789062,94.97509517115911,94.52336138512973,94.73734404748976,4200200
2018-08-07,94.0478286743164,94.38861063820843,93.96857832033524,94.33313478578017,5346900
2018-08-08,94.14292907714844,94.33313112861225,94.00027602694702,94.0399042256085,5640900
2018-08-09,94.93547821044922,94.96717957129253,94.40449402076045,94.49167125147548,7144100
2018-08-10,95.62496948242188,95.93405019352255,95.3238095767428,95.39513915045177,8457900
2018-08-13,95.42684173583984,95.65666602434254,95.2683349291285,95.30003629047076,7923200
2018-08-14,95.21288299560547,95.54573830375693,95.12570574160132,95.5298906423098,4251200
2018-08-15,95.76762390136719,95.99745425101084,95.55364725661858,95.62497683581266,7649800
2018-08-16,95.75967407226562,95.83892443347102,95.32378801601347,95.74382037217555,5400400
2018-08-17,95.87857818603516,96.2035065674854,95.69629686491677,95.9657493740991,3537600
2018-08-20,96.52046966552734,96.61557370834022,96.32234077781087,96.4015911236147,5603700
2018-08-21,96.19559478759766,96.31447340291713,95.94991674997692,96.18767398061588,4695000
2018-08-22,96.57598876953125,96.72656872649438,96.35408528332233,96.6869405126357,5309600
2018-08-23,96.72652435302734,96.78992100113477,96.51254177062185,96.68689615734819,5328700
2018-08-24,96.91675567626953,96.94845703310956,96.28274063230009,96.38577155363407,6092200
2018-08-27,96.36199951171875,96.58390902919763,96.30652364395306,96.51257945840396,6407400
2018-08-28,95.78345489501953,95.96573013317553,95.64080181687271,95.8944066173098,4929300
2018-08-29,95.91029357910156,96.01332453946458,95.59329198344946,95.84689688782186,5613300
2018-08-30,96.11632537841797,96.25897847929716,95.95782462029281,96.14009988749511,5302900
2018-08-31,95.89442443847656,96.6235376194308,95.80724720527373,96.59976310972394,9677500
2018-09-04,95.34000396728516,95.39560482748779,95.11760052647462,95.28440310708253,18343600
2018-09-05,95.0858154296875,95.23673462785737,94.95873036283798,95.12553292184963,9422600
2018-09-06,95.43531799316406,95.63389335059468,95.06994006269639,95.12554092037541,9566000
2018-09-07,94.6251220703125,94.83958683846635,94.51392036091372,94.78398598376695,11212600
2018-09-10,94.97460174560547,94.99842981388218,94.65688002849461,94.65688002849461,6386400
2018-09-11,94.25183868408203,94.6569281708896,94.20417646324994,94.58544392970266,5440000
2018-09-12,94.47418212890625,94.65686800250963,94.44240935522808,94.56155574151202,3347200
2018-09-13,94.6171875,94.97462071561903,94.50598578580568,94.79192872227755,4833000
2018-09-14,94.16443634033203,94.45038533808221,93.96586098411879,94.05323462565573,5579500
2018-09-17,94.16443634033203,94.37889505862519,93.82288648524371,93.87054263152243,5433000
2018-09-18,93.17949676513672,93.78316753547334,93.06035640128772,93.77522282453712,10182300
2018-09-19,92.62347412109375,93.02062476699159,92.28986903294869,93.02062476699159,13379600
2018-09-20,93.05239868164062,93.17154508887182,92.51227355422544,92.59964718219246,8657300
2018-09-21,93.0127182006836,93.15569273424049,92.80619808331463,92.83003222227447,6173800
2018-09-24,92.77442932128906,93.14774598292473,92.71088373886757,92.7267671044528,5505500
2018-09-25,92.67911529541016,92.72677145444177,92.45671180654182,92.52025739194437,6650900
2018-09-26,93.33039855957031,93.3939441151263,92.66318840634554,92.87764708129987,9512700
2018-09-27,93.39397430419922,93.44957516827395,93.01270690765845,93.12390863580791,5758500
2018-09-28,93.14773559570312,93.65609413834605,93.10802415614826,93.60843192682475,12807700
2018-10-01,92.4638900756836,93.0052200166496,92.44000885489262,92.86988904979701,22442400
2018-10-02,93.02909088134766,93.24402791809501,92.82211020160781,92.87783506843527,8266900
2018-10-03,91.41309356689453,92.63108467844108,90.94340718697416,92.55943492705525,20829200
2018-10-04,90.76828002929688,91.06282935311857,90.52149923614425,90.85584858303962,16207400
2018-10-05,89.98809814453125,90.52942806053326,89.65374892176526,90.26672249683625,18096500
2018-10-08,89.68562316894531,90.04385373361195,89.66969830134916,89.94832274870738,5855900
2018-10-09,90.59314727783203,90.63294730015113,90.01201107524408,90.06773596533682,11530800
2018-10-10,90.34637451171875,90.418024280764,89.7891255238488,90.06775001778377,15290100
2018-10-11,91.4449234008789,91.66782290739,90.58516295557375,90.75233758545708,16086800
2018-10-12,91.12648010253906,91.55636026467238,90.97522428431942,91.06279280291446,6794100
2018-10-15,91.08672332763672,91.40515392457282,90.98323596489483,91.27778532993345,7146300
2018-10-16,91.29365539550781,91.32549904555961,90.87970009194488,91.0627934877987,4762300
2018-10-17,90.7523193359375,91.38121771630259,90.736400548769,91.27773041582029,5880700
2018-10-18,90.72049713134766,91.06280883515227,90.39411029203046,90.44983517062394,5728800
2018-10-19,90.52149200439453,90.7125478911345,90.28267366435885,90.63294177778928,10892400
2018-10-22,90.40206146240234,90.81602288552997,90.37818024059804,90.7125294929701,3244200
2018-10-23,90.68862915039062,91.56430818207058,90.62494185663637,91.35733358770115,10330700
2018-10-24,91.37327575683594,91.40511941186188,90.94339552431998,91.03892648939781,16008000
2018-10-25,90.99118041992188,91.34144854113495,90.93545553198635,91.18223631090694,12613200
2018-10-26,91.54045104980469,91.8031566504935,91.38123884708455,91.49268860369989,18582500
2018-10-29,91.3334732055664,91.56432906936696,90.95931786135253,91.42103566250964,7679900
2018-10-30,90.8797378540039,91.18224354485936,90.76828199573322,90.95934397543347,9939500
2018-10-31,90.41799926757812,90.72050490965704,90.12344998486884,90.54536782661674,8706400
2018-11-01,90.50179290771484,90.6214888438643,90.0469239971554,90.05490575566465,6100200
2018-11-02,89.37660217285156,90.38209065201954,89.2968028528568,90.31026700221575,11314800
2018-11-05,89.72772979736328,89.94318857812844,89.65590614490951,89.75965074419851,4760200
2018-11-06,89.67184448242188,89.9591268349713,89.63992354455013,89.855382264814,3159900
2018-11-07,89.79157257080078,90.49382127907593,89.70379757056494,90.32624086140987,9313100
2018-11-08,89.78357696533203,90.15065866847453,89.70377765391797,90.14267691084396,6905100
2018-11-09,90.45386505126953,90.5735670182919,89.95112409572951,89.975063271475,6465300
2018-11-12,91.04440307617188,91.21996518028155,90.90076799640508,90.9326828441559,6840000
2018-11-13,90.98857879638672,90.98857879638672,90.55766121077563,90.74119905496212,6525800
2018-11-14,91.04440307617188,91.38754552830551,90.41398437620862,90.55762554427145,8690800
2018-11-15,91.00452423095703,91.40352687696002,90.7172418387711,91.32372756541886,7879600
2018-11-16,91.53121185302734,91.61899292920815,90.90876864978,91.13220917522287,9236700
2018-11-19,91.78656768798828,91.78656768798828,91.29979005218676,91.29979005218676,7027200
2018-11-20,91.8184814453125,92.13768476063767,91.71474295535798,91.96212263279398,6332600
2018-11-21,91.78656768798828,91.84242781591944,91.40352855025967,91.6828291899154,4951100
2018-11-23,91.88236236572266,92.37712801911135,91.84245965124153,92.3053043507052,3027900
2018-11-26,91.67485046386719,91.81849166734006,91.59505114822616,91.65889303605799,6599000
2018-11-27,91.778564453125,91.9700839644671,91.5790631863908,91.61895978676034,5967200
2018-11-28,91.33165740966797,91.786519954355,91.25983989180409,91.65086058397158,7814000
2018-11-29,91.6907958984375,91.97009649225146,91.44341015394829,91.70675332309987,7295600
2018-11-30,92.03394317626953,92.10576072344716,91.75464256786212,92.01797966247673,9127800
2018-12-03,92.68744659423828,92.68744659423828,91.71162597359711,91.72762043191788,9763800
2018-12-04,94.2391357421875,94.91901285804926,93.28730411852689,93.43127859855602,18100500
2018-12-06,94.53511047363281,95.34296173270046,94.48711489906401,94.81505923184562,15319400
2018-12-07,94.71107482910156,94.80705376814038,93.99919645082247,94.2311557242078,8608400
2018-12-10,95.1030044555664,95.4069479376617,94.73507094489578,95.07900972045691,8777700
2018-12-11,95.08698272705078,95.48691116296904,94.87102405672132,95.15897301877636,8071900
2018-12-12,94.6630859375,94.95903525941287,94.57510116888875,94.84705575434862,6182200
2018-12-13,94.43914031982422,94.84706920464991,94.36715610025709,94.75108414280086,5564200
2018-12-14,94.76704406738281,94.99899718814194,94.55907957376665,94.82303380384599,8169200
2018-12-17,95.3189697265625,95.422955055752,94.84705696383466,94.85505114113737,9726800
2018-12-18,95.88980865478516,96.04214392220014,95.36065402186401,95.46487987399554,10018800
2018-12-19,97.15657806396484,97.54142278670324,96.14636601906349,96.29870128052859,23046300
2018-12-20,96.80377960205078,97.8380430319214,96.74765706478173,97.82201064280072,18543700
2018-12-21,96.78780364990234,97.1806616398612,96.52322319840088,97.12453906986708,9945100
2018-12-24,97.26882934570312,97.34900355060408,96.94011327053934,97.11649407456152,8377500
2018-12-26,96.22653198242188,97.32493738816471,96.18644794439842,97.00423449948298,11700400
2018-12-27,96.24259948730469,97.31694745363647,96.19449618042437,97.22074083987582,12146500
2018-12-28,97.05237579345703,97.05237579345703,96.44304071646631,96.53123419275053,9879100
2018-12-31,97.42118835449219,97.46127240825966,96.57934370565904,96.73167901391868,17409000
2019-01-02,97.93428802490234,97.94230728055706,97.28486288866685,97.54143013441902,19841500
2019-01-03,99.04874420166016,99.30530537765469,97.9984478431983,98.04655115216575,21187000
2019-01-04,97.90221405029297,98.26300102374788,97.53340782143474,98.08661410627228,12970200
2019-01-07,97.61359405517578,98.3351742079165,97.5093681896856,98.31112255564187,8498100
2019-01-08,97.35704803466797,97.76594453759137,97.32497712101699,97.56550591494872,7737100
2019-01-09,97.2046890258789,97.35702429935694,96.8519212955243,97.22072753724493,9349200
2019-01-10,96.57933044433594,97.34100076414781,96.48311771808275,97.23676878148176,8222900
2019-01-11,96.95614624023438,97.2287397618955,96.75570766834245,96.87597203485757,5786900
2019-01-14,96.5953598022461,97.02028859834897,96.40293436797701,96.93209513686726,6730500
2019-01-15,96.24259948730469,96.66752834314937,96.17043841008352,96.65950908636908,8997400
2019-01-16,96.33880615234375,96.52320622837537,95.81766459864953,95.88180029815167,6048400
2019-01-17,96.36279296875,96.63538632970162,96.12226437752524,96.38684460449323,8153400
2019-01-18,95.85772705078125,96.3067135475474,95.72143030930711,96.08221724071487,14106400
2019-01-22,96.50714874267578,96.787761470357,96.26662005214978,96.45903933443137,8881100
2019-01-23,96.46708679199219,96.70761555283983,96.07422885838152,96.1143129072558,5776800
2019-01-24,97.10045623779297,97.22072059685335,96.77975331926507,96.94010783697871,7121900
2019-01-25,96.63544464111328,96.81183156552672,96.46707697241861,96.68354794162609,6460800
2019-01-28,96.53923797607422,96.96416677538852,96.53923797607422,96.64346383274948,6435800
2019-01-29,97.02830505371094,97.04434356556483,96.52320203451382,96.63544714989095,5750100
2019-01-30,96.95614624023438,96.99623640137267,96.47509489107372,96.8839851735654,10571300
2019-01-31,97.78998565673828,97.95835334758834,97.41316010806881,97.45325027503816,11843400
2019-02-01,97.1993637084961,97.68953956528128,97.10293356051884,97.61722155234087,12024600
2019-02-04,96.76542663574219,96.86989415061818,96.44399897509469,96.78150139067205,8966200
2019-02-05,97.2073745727539,97.41630343768927,96.95827108849515,97.01452046012525,6983300
2019-02-06,97.25558471679688,97.56094369759435,97.0145186132806,97.52076294831419,5184000
2019-02-07,97.89842987060547,97.96271661056538,97.41629158234812,97.60110829633165,8781000
2019-02-08,98.31632232666016,98.41275247672297,98.09132477390379,98.24400431215568,5885400
2019-02-11,97.93062591552734,98.17972950345865,97.83419575371963,97.92258853602897,4352800
2019-02-12,97.6815414428711,97.8342210391793,97.39225701340601,97.76190299717594,7939600
2019-02-13,97.31184387207031,97.5448787537395,97.15917049704184,97.35202462539067,4757700
2019-02-14,97.86629486083984,98.19575370251664,97.69754675207054,98.1475417087887,5868900
2019-02-15,98.01898193359375,98.05111917808493,97.66541093697117,97.68147955921677,5527200
2019-02-19,98.26805114746094,98.46894257442098,97.99483561882097,98.37251248242102,5872800
2019-02-20,97.98684692382812,98.0993456813175,97.70559389938218,97.99487817027558,4455800
2019-02-21,97.1109390258789,97.3600486269426,96.99040291319923,97.28772450704625,7382500
2019-02-22,97.68952941894531,97.99488232640668,97.56899327917384,97.60917403600524,6374600
2019-02-25,97.40023803710938,97.47256216799026,97.16720315206118,97.36809466013145,6293500
2019-02-26,97.88240814208984,97.89044552161883,97.520805762701,97.81812749803078,6028900
2019-02-27,96.7734375,97.33593115398361,96.65290139394035,97.32789990944173,7737300
2019-02-28,96.4439926147461,96.92613713928192,96.1948891062656,96.87791900839497,9533400
2019-03-01,95.55255889892578,96.25313413161795,95.53645019031663,96.09208390755987,13541100
2019-03-04,96.30147552490234,96.4464232254975,95.87468677972605,96.05990011969308,9808500
2019-03-05,96.50282287597656,96.52698595367666,96.04382269849083,96.0518770577242,5595200
2019-03-06,96.85706329345703,97.05032475435938,96.54301111561405,96.56716803026796,7766700
2019-03-07,97.48519897460938,97.64625536350705,97.12283285101745,97.14698977343383,8187200
2019-03-08,97.89588928222656,97.99252311970659,97.31609854469296,97.53352314310472,7517600
2019-03-11,97.60599517822266,97.77509978824897,97.42078800024434,97.75899722029696,5157800
2019-03-12,98.29046630859375,98.42736578039626,97.64625915898209,97.67847043801366,6422300
2019-03-13,98.10523223876953,98.20991425916921,97.93612767796776,97.9683389481688,4386300
2019-03-14,97.39661407470703,98.048881662004,97.37245715363542,97.99251346494601,8188400
2019-03-15,98.04082489013672,98.20187512242562,97.75898391179486,98.03277053542051,4302000
2019-03-18,97.98445892333984,98.13746094806545,97.85561381963981,97.89587945046425,3893300
2019-03-19,97.76708221435547,97.93618687737579,97.34834159229771,97.50939189698127,5220200
2019-03-20,98.78974151611328,98.92663485754255,98.02474353172721,98.03279174451207,10123700
2019-03-21,99.0071792602539,99.11991569792201,98.83807460375175,99.01523361828022,7182600
2019-03-22,100.54520416259766,100.88341336841295,99.90099088551537,100.02178164292744,13077000
2019-03-25,100.70623016357422,101.41486582648524,100.26333901792648,100.5049143309148,9736300
2019-03-26,100.63377380371094,100.89145786061773,100.35193282641798,100.41634923289028,7502000
2019-03-27,101.55982208251953,101.73697486959557,100.90755455170363,100.99613401707774,14207200
2019-03-28,101.91415405273438,102.0188422473468,101.47126278152462,101.66452431544026,9143200
2019-03-29,101.81751251220703,101.8416694327024,101.1732992951921,101.2055105704101,10841400
2019-04-01,100.37132263183594,101.17028856248493,100.22605553924416,101.1137961463221,16501500
2019-04-02,100.55692291259766,100.6699077280478,100.27446087397226,100.46008230347503,9725000
2019-04-03,99.6853256225586,99.9677938329461,99.56427485491935,99.75796224035312,10407000
2019-04-04,99.96781921386719,99.98395726791273,99.62079255836882,99.74991546237081,7503400
2019-04-05,100.096923828125,100.20990865743683,99.73375918493865,99.76604144434366,6321800
2019-04-08,99.7417984008789,100.03233250044883,99.68530600136307,99.93549190539869,4446400
2019-04-09,100.05657196044922,100.34709997004029,99.88708856547193,100.25025935258033,7020300
2019-04-10,100.29869079589844,100.49237820953162,100.1534236963706,100.29061869114359,7519900
2019-04-11,99.70953369140625,100.08883632734141,99.59654887947484,100.01620587276142,8679300
2019-04-12,98.99933624267578,99.31408052641719,98.9670539882907,99.17688556318846,7005500
2019-04-15,99.24956512451172,99.25763107369065,99.03973345881057,99.08815378273655,3070000
2019-04-16,98.62808990478516,98.96704430685459,98.57159750444025,98.87020371038324,8927300
2019-04-17,98.6684799194336,98.91865976035244,98.54742297288148,98.56356102572279,6118500
2019-04-18,99.18498229980469,99.3463874546064,99.08813551259647,99.11234567009552,27589400
2019-04-22,98.70880126953125,98.91863284264147,98.65230886414123,98.83793028597151,6241200
2019-04-23,98.91863250732422,99.0235452149185,98.77336544292656,98.95091476132485,6239700
2019-04-24,99.7256851196289,99.74182317040834,99.33830417159828,99.35444837958902,7302000
2019-04-25,99.58043670654297,99.76605818997527,99.34639490448156,99.66113928999562,5380900
2019-04-26,99.91936492919922,100.08884215696744,99.7821699577503,100.05656605785896,5950700
2019-04-29,99.28182220458984,99.54814624955809,99.14462720828934,99.45130562026922,10246000
2019-04-30,99.79027557373047,99.8629060569323,99.20920707926426,99.22534513423815,7957400
2019-05-01,100.20188903808594,100.64668790494947,99.95926698697123,100.03205607035967,14371900
2019-05-02,99.7247543334961,100.1291203877818,99.5063993790418,100.02398743491659,6612800
2019-05-03,100.00779724121094,100.18571308968585,99.77326423214625,100.00779724121094,6191700
2019-05-06,100.28274536132812,100.59006123070327,100.22613438091338,100.53345025028852,4482500
2019-05-07,101.05106353759766,101.20472459600325,100.59817558036308,100.71139756967172,8984900
2019-05-08,100.61432647705078,101.33409728742441,100.5253654851948,101.21278628306318,6907600
2019-05-09,101.02679443359375,101.33411652567175,100.533467446965,101.18045547963276,9411900
2019-05-10,100.88931274414062,101.45542265220595,100.75991266793413,101.00253472575369,6037800
2019-05-13,101.68185424804688,101.84359814368239,101.2936602603339,101.41497126712758,10501600
2019-05-14,101.38264465332031,101.61717767521644,101.25324457083877,101.50395568811287,5690400
2019-05-15,102.0053482055664,102.11857017338238,101.71420423971547,102.07004823578539,9566300
2019-05-16,101.66571044921875,101.76276052141645,101.52013842599031,101.7465824243154,7666400
2019-05-17,101.89215850830078,102.14286966226915,101.64954257334176,102.12669156452336,4747100
2019-05-20,101.68185424804688,102.20752499392934,101.61715422173903,101.99725916363,6043100
2019-05-21,101.52012634277344,101.67378739626321,101.3341214392036,101.5767373356167,4021800
2019-05-22,102.10243225097656,102.16713230274064,101.67380520577846,101.71423811052861,5675300
2019-05-23,103.25080871582031,103.59047466102838,102.61190972166119,102.61999876896668,9743700
2019-05-24,103.3397445678711,103.3397445678711,103.02433967122913,103.1618225912764,4981900
2019-05-28,104.08380126953125,104.24554519423175,103.5904742780189,103.73605244843867,8098600
2019-05-29,104.39921569824219,105.05428667379118,104.32643277657486,104.86828176055084,13260600
2019-05-30,105.2968978881836,105.3211588595694,104.23746100343581,104.59330503745467,13024800
2019-05-31,106.61515808105469,106.67176291316088,105.790247853934,105.8630307839018,18933600
2019-06-03,107.3282699584961,107.4417242926038,106.60702189904106,106.89876338183157,17822400
2019-06-04,106.10455322265625,106.77717965192767,105.79661286107621,106.47733875373899,14250000
2019-06-05,105.50486755371094,106.12076061985756,105.44813421527496,105.77229822292516,8815200
2019-06-06,105.84526062011719,106.63944102516461,105.61025246756091,106.13700212726057,9621100
2019-06-07,106.76097869873047,107.0284093726847,106.51785878008184,106.8014883805113,11378500
2019-06-10,105.75613403320312,105.91820992641794,105.6102694389892,105.90199862741706,8288700
2019-06-11,105.8209228515625,105.96678738510981,105.61022551457431,105.69125724468074,5115100
2019-06-12,105.90198516845703,105.95871852495095,105.59404472016409,105.66697700800218,5278700
2019-06-13,106.26665496826172,106.36389800373202,105.99111242510496,105.99922425512385,5560400
2019-06-14,106.53409576416016,106.73669368429422,106.23424243375665,106.24235426454327,5838800
2019-06-17,106.72045135498047,106.7771723260143,106.26663412434138,106.47733144839749,6046400
2019-06-18,107.25533294677734,107.66862821016353,106.93116888820484,107.57138517538901,10320700
2019-06-19,107.40935516357422,107.55523216037462,106.63138573264268,106.85829451379782,11962500
2019-06-20,107.69300842285156,108.19544758068184,107.44988831352637,107.7092197276339,10721500
2019-06-21,106.50978088378906,107.40121674763562,106.46927118910241,107.38500545040294,14495000
2019-06-24,107.3039321899414,107.40117520453016,107.03650153423045,107.10133433248691,6378800
2019-06-25,107.63623809814453,107.8550349672678,107.55519397696028,107.61191496931184,9604600
2019-06-26,106.94735717773438,107.53893945468515,106.87442491734149,107.52272816384502,12766800
2019-06-27,107.7010726928711,107.85504912397354,106.96362550192534,107.2229444656781,9724200
2019-06-28,107.62809753417969,107.84690671048624,107.33635608763544,107.44171094392998,8149200
2019-07-01,107.37641906738281,107.79052509894154,106.84862375163108,107.64437440186867,14131200
2019-07-02,108.20460510253906,108.31016661826769,107.55503008533017,107.64434850867379,10494300
2019-07-03,108.97599792480469,109.04094551512718,108.40760119576336,108.4157289369407,5380300
2019-07-05,107.53070068359375,107.6281468856007,106.91359922353533,107.62001914135193,12180100
2019-07-08,107.6768569946289,108.17216615823006,107.6768569946289,108.03413080310885,6490000
2019-07-09,107.63623046875,107.75803508784179,107.31144293087263,107.73366425214313,6215700
2019-07-10,107.04350280761719,107.53881192648146,106.78366282860871,107.46573657857988,9470000
2019-07-11,105.6144027709961,106.70245462747731,105.362678186422,106.6212515498921,14126800
2019-07-12,105.7362060546875,105.92295828484261,105.29772921363465,105.49260918630829,6992000
2019-07-15,106.3451919555664,106.41015194641172,105.92295820999757,105.92295820999757,6055500
2019-07-16,106.0285415649414,106.04478466345847,105.52511701959773,105.69562618953816,6172700
2019-07-17,107.17338562011719,107.19774406096809,106.41012143386104,106.4182367841954,9662200
2019-07-18,107.18153381347656,107.44137378197135,106.5644324730789,106.75118470677725,5724900
2019-07-19,106.92980194091797,107.12466949163345,106.783638888032,106.84859886822028,5804800
2019-07-22,107.13274383544922,107.57933573299638,106.97035016084385,107.5630926485829,5204100
2019-07-23,106.5481948852539,106.97042866095815,106.34519954556852,106.85675176632841,8108900
2019-07-24,107.01100158691406,107.10032001842302,106.75117403424737,106.85673555962624,6389700
2019-07-25,106.49946594238281,106.70246125911204,105.97167068497632,106.57254128284113,8893100
2019-07-26,106.75117492675781,107.00288712951924,106.5725380622464,106.93792714334685,6188400
2019-07-29,106.78362274169922,107.14089638378815,106.694304331177,107.03534727306004,6231800
2019-07-30,107.04350280761719,107.26274124117407,106.7187028338566,107.18153815027088,5678500
2019-07-31,107.90420532226562,108.26147911260246,106.90547169189868,106.93794549563266,15798700
2019-08-01,110.04723358154297,110.1530052678259,108.42003798712084,108.52580967340377,26664800
2019-08-02,111.0641860961914,111.0641860961914,110.16109240843363,110.37263569579898,15143100
2019-08-05,112.98429870605469,113.00057413469005,111.99985252762028,112.39037591326696,18543000
2019-08-06,113.88735961914062,113.88735961914062,112.34966104263967,112.43915725246823,12747400
2019-08-07,113.92807006835938,116.39326978444917,113.72467066990633,115.85629239304976,32582000
2019-08-08,114.17213439941406,114.25348669766726,112.2601753800374,113.20395142426213,14746000
2019-08-09,113.9443359375,115.16473222583913,113.79788192735253,114.44876243070267,10626000
2019-08-12,116.32002258300781,116.69427043910233,115.13216490322637,115.30302582153821,14094300
2019-08-13,115.92139434814453,117.08484548988443,115.49018856950038,117.00348075581309,15974900
2019-08-14,118.53299713134766,118.56553556220094,117.73567522308674,118.10179153910889,15068900
2019-08-15,119.85103607177734,120.90058371425039,118.44351598636811,118.74454306444393,23588700
2019-08-16,118.89102935791016,119.20018802509628,117.84148143030107,118.83407156306416,17150500
2019-08-19,117.19064331054688,117.6950824816566,116.7594373900063,116.80826369522556,13614700
2019-08-20,118.40290832519531,118.47612916099719,117.84152375500862,118.19950883828821,7451500
2019-08-21,117.61361694335938,118.61433808879322,117.39394220891965,117.74379548336135,9372000
2019-08-22,116.83265686035156,117.72760705150145,116.73501667594903,117.15809103631187,13878800
2019-08-23,118.75267791748047,119.0048911165594,116.69426514431238,116.76749834284392,16191800
2019-08-26,118.27272033691406,119.02122889989796,118.20763101650002,118.67951927861304,12174500
2019-08-27,120.09514617919922,120.18464241472086,119.17577688834199,119.29782398106124,11332300
2019-08-28,120.24971008300781,121.14465986271797,120.13580693233516,121.04703213771636,10095900
2019-08-29,119.79409790039062,119.87545020000645,118.89100419742196,119.80222940599849,8884900
2019-08-30,119.8266372680664,119.98935428307432,119.07812906742001,119.28152843980801,13550800
2019-09-03,119.98153686523438,121.17148327241624,119.45991396692092,119.88372402172688,15660800
2019-09-04,120.16081237792969,120.3156712862074,119.38653027300974,119.4272845809463,7962200
2019-09-05,117.98469543457031,118.83234047517692,117.2756175620502,118.71823584699584,19382900
2019-09-06,118.82416534423828,119.01977858051357,118.24549639618763,118.3921969960416,9466400
2019-09-09,116.71316528320312,117.36519664072212,116.70501939945225,117.22664199817468,15862700
2019-09-10,114.66752624511719,116.78661440526497,114.64307613670398,116.41985034259268,13851400
2019-09-11,114.46370697021484,115.04237581422404,114.42295266542614,114.43109855179678,10941700
2019-09-12,113.71390533447266,115.57218771271405,113.33898304152488,115.32767425526733,19163300
2019-09-13,111.28509521484375,113.05373563374903,111.28509521484375,112.70326341831898,18922200
2019-09-16,112.70323944091797,112.93960697611305,111.8637528913684,112.37722983513011,10971600
2019-09-17,113.31452941894531,113.77910621730761,112.49134698880293,112.76845642828009,9081200
2019-09-18,113.7953872680664,114.64303215612237,113.72203697096623,114.04804658239114,10984600
2019-09-19,114.13773345947266,114.91202827001172,114.0806873577068,114.72456087563225,13176200
2019-09-20,115.64554595947266,115.71889627080174,114.46374534321816,114.73270892123006,11519800
2019-09-23,115.62110900878906,116.6806592266965,115.49070014949851,115.9308269404858,15246700
2019-09-24,117.01485443115234,117.24306376965531,116.06940863651084,116.07755452843017,12421600
2019-09-25,115.30316162109375,116.99843825379921,115.03419820741573,116.76207081308321,14147100
2019-09-26,116.04491424560547,116.54208706545667,115.65368772618484,115.95525972279718,9636500
2019-09-27,116.33009338378906,116.53385239882795,115.8492250930485,115.99593805083742,10386900
2019-09-30,116.61543273925781,116.62357862774518,115.60478292563026,115.63739135252169,8006900
2019-10-01,116.96644592285156,117.49715417096628,115.23554892620685,115.33352046692785,16613700
2019-10-02,117.25226593017578,117.79113456450236,116.95017857073734,117.1298014488462,12891500
2019-10-03,118.32183837890625,118.93418574231656,117.50537522769251,117.5543610234471,13470500
2019-10-04,119.1954345703125,119.22808760778854,118.55042184147449,118.67289876304142,11516200
2019-10-07,118.20752716064453,118.81987448843827,118.15038122166769,118.51778712669628,11013900
2019-10-08,118.52590942382812,119.14641669954644,118.07685236852936,119.05661774672097,14529700
2019-10-09,117.85645294189453,118.06872886198065,117.40739574725258,118.06056871598285,8608800
2019-10-10,116.10105895996094,116.90118936914045,115.71732027777259,116.85220357281669,15054200
2019-10-11,114.6640396118164,115.20290805912812,114.06802524579616,115.10492404983172,26294000
2019-10-14,115.4968032836914,115.53761644654368,115.1865435133394,115.51312356554014,5936900
2019-10-15,114.10066986083984,115.08042267390172,113.93737980170168,114.8518140994617,11832300
2019-10-16,114.23950958251953,114.35381391231218,113.77413211773433,114.01090092293424,7729500
2019-10-17,113.96192932128906,114.61510234067038,113.73332063324148,113.91294352502732,6219300
2019-10-18,113.96192932128906,114.49262539177687,113.85578512389584,114.14971235970549,6456100
2019-10-21,113.10462188720703,113.480200360433,112.8596804879933,113.13728738482862,8038000
2019-10-22,113.76593017578125,113.92106011011708,113.1944086742027,113.79859566629109,6683300
2019-10-23,113.88025665283203,114.55792244318282,113.78228507869252,114.32931379803277,5995400
2019-10-24,113.65167999267578,114.50080873497782,113.51288273750416,114.04357885776271,6161700
2019-10-25,113.09642791748047,113.93738358528938,112.92496525184012,113.92105084136331,5669800
2019-10-28,112.0677261352539,112.32900032006408,111.84729005733902,112.32900032006408,11402100
2019-10-29,112.1412124633789,112.45963257602304,111.99424262618408,112.36164853181371,5296600
2019-10-30,113.78230285644531,113.85578154853052,112.48412946331838,112.48412946331838,10914100
2019-10-31,115.31723022460938,115.67646345358428,114.65588477775196,114.69671041643242,15834100
2019-11-01,114.96226501464844,115.5429706308943,114.33248814519335,115.10130439206554,11425500
2019-11-04,113.44917297363281,113.80085858455439,113.30194674396489,113.66181921651757,11124300
2019-11-05,112.17324829101562,112.41044261813015,111.82973709171922,112.23050639755049,13493000
2019-11-06,112.85214233398438,113.20384053763337,112.3286947006268,112.88486483105572,9351900
2019-11-07,110.80741882324219,111.52716397153999,109.96499551556433,111.51898958757316,19209800
2019-11-08,110.3411865234375,111.19178388503651,110.23485717324863,110.53747150228384,10222900
2019-11-11,110.41477966308594,110.73375519402498,110.12033975145228,110.72558081424623,4577000
2019-11-12,110.9218978881836,111.1918022586677,110.24304977090044,110.6438191355537,5772900
2019-11-13,111.64163208007812,112.01786578193838,111.37172773569453,111.89517518177956,6672400
2019-11-14,112.79485321044922,113.2283325297521,112.5985557436065,112.7048850981427,10213300
2019-11-15,112.6722183227539,112.99938092925235,112.40231385238418,112.44321073819366,4657600
2019-11-18,112.87667083740234,113.36740842266913,112.81123832736843,113.04025835247475,5943900
2019-11-19,113.8172607421875,113.88269325889763,113.1711224396602,113.1711224396602,7893100
2019-11-20,114.99501037597656,114.99501037597656,114.31616211828913,114.43066589187644,7905500
2019-11-21,114.27523803710938,114.56967802481338,113.78450056427855,114.2098055420671,5980900
2019-11-22,114.42245483398438,114.73325607370765,114.24251858782591,114.58604231592675,4664800
2019-11-25,114.75780487060547,114.93774113741497,114.65147549113418,114.74963048755926,4157300
2019-11-26,115.4284439086914,115.57565763902213,115.27304331780653,115.32211456125009,4281100
2019-11-27,115.09312438964844,115.24852500387108,114.84775565561125,114.99498188802247,4095700
2019-11-29,114.84774017333984,115.0603863915207,114.32429276861188,115.01131514732285,6251100
2019-12-02,113.3165054321289,113.611451653216,113.0215592110418,113.17722700848073,17702200
2019-12-03,115.69245910644531,116.1512615394669,114.64375175770195,114.73387455714752,13062400
2019-12-04,114.53728485107422,115.11078805640688,114.05390447096757,114.9796980376359,8586300
2019-12-05,113.98013305664062,114.24231303560647,113.55410934296535,113.60326496366407,7273800
2019-12-06,113.34925079345703,113.98009773215249,112.9477925131208,113.08707089574547,7931100
2019-12-09,113.59503936767578,113.97191988027178,113.52950688858904,113.8736086602149,4016900
2019-12-10,113.60324096679688,114.16855548827753,113.39841758953152,114.02926459048147,4947600
2019-12-11,114.49627685546875,114.81580084896179,114.0702406970021,114.12759724781183,6256700
2019-12-12,112.61189270019531,114.11120135363598,111.92368913838136,114.03746793660457,14857000
2019-12-13,113.9145736694336,114.38157700992721,112.4316542923763,113.1608250772829,11335100
2019-12-16,112.89042663574219,113.43936418849714,112.5954805259233,113.39019608567351,9156600
2019-12-17,112.73482513427734,113.34109450908086,112.41530107145562,113.2345948224273,6179700
2019-12-18,111.8089828491211,112.61188696367022,111.65331508681099,112.4889979415446,6244700
2019-12-19,111.98793029785156,112.30796564681826,111.40529542079183,111.6022450668616,6591100
2019-12-20,112.1356201171875,112.16845131510324,111.54478376903634,111.70891471574862,5455700
2019-12-23,111.97148132324219,112.39819916849031,111.60221180317963,112.26689944357844,5175000
2019-12-24,112.29151153564453,112.4720455189358,111.5119398013034,111.53655693344035,4667400
2019-12-26,112.56230926513672,112.60334199132537,112.02070733087864,112.34895661895779,5290200
2019-12-27,112.68537902832031,112.93976433654065,112.66074938167385,112.78384752919867,7300500
2019-12-30,112.27510070800781,112.34073804155312,111.32319659301707,111.51193210017625,7979700
2019-12-31,111.17549133300781,111.97969273803211,111.09343839794842,111.77454161823766,10707400
2020-01-02,112.43096923828125,112.85768689907141,112.15196683452156,112.25043532492485,11034100
2020-01-03,114.1624984741211,114.19532966739958,113.14495686825403,113.46499213484633,12366000
2020-01-06,113.51419830322266,114.64663628380126,113.36648301289884,114.63022069122565,11369800
2020-01-07,112.95619201660156,113.6290936430203,112.94799048021704,113.42394254054088,8381200
2020-01-08,112.20948791503906,113.49783074534082,111.86483545365707,113.18599696157125,10621700
2020-01-09,112.60330200195312,112.78383591592525,111.52831257329906,111.60216394135341,7411500
2020-01-10,113.6044921875,113.62910932147982,112.93980452718229,112.97262319867826,8776000
2020-01-13,113.25984191894531,113.31727772550056,112.74285705279034,113.14495778440327,5966900
2020-01-14,113.84246826171875,113.91633218915892,113.35831457153371,113.39113324483777,13920300
2020-01-15,114.5974349975586,114.68770201041502,114.08046257977476,114.4907649070434,6290500
2020-01-16,114.2363510131836,114.49893792608414,113.85066591990417,114.27737121854634,6798600
2020-01-17,113.25984191894531,113.35831045671519,112.71823991834786,112.89877391854702,9693100
2020-01-21,114.44974517822266,114.59744802253906,113.87532435904538,113.90814303952632,6794900
2020-01-22,114.85175323486328,114.9994559598651,114.54812120887404,114.65480374676956,6317000
2020-01-23,115.65596771240234,116.01703559430348,115.52466802417875,115.58211633331186,9747400
2020-01-24,116.59150695800781,116.97719213458207,115.95143635038096,116.04990489880574,8585000
2020-01-27,118.40501403808594,118.40501403808594,117.75674201308794,118.12601152208329,10935200
2020-01-28,117.47776794433594,118.24092427962931,117.19876536077278,118.10962452685831,10612900
2020-01-29,118.6265869140625,118.7414710455271,117.69929980346373,117.70751386234556,9566800
2020-01-30,118.64306640625,119.53752280589813,118.40508395627222,118.90565348183056,14711800
2020-01-31,119.7262191772461,119.80008311558328,119.0615313822484,119.12718125997377,14538100
2020-02-03,119.62920379638672,119.81003773950232,118.46201087224468,119.14424574086533,15309000
2020-02-04,118.01815032958984,118.47845033802756,117.59072351794002,118.3551601722798,11388300
2020-02-05,116.72762298583984,117.29478267850429,116.6372060414697,116.96600063110257,10782600
2020-02-06,117.25369262695312,117.44275423680718,116.71941861497469,116.86736678731371,6683100
2020-02-07,118.71678924560547,118.97160976884187,118.2564893389866,118.54418305173928,11374800
2020-02-10,119.04562377929688,119.39084882504798,118.92232105723406,119.26755864522116,6699300
2020-02-11,118.445556640625,118.95517262715722,118.31403879176753,118.84831280718149,7784100
2020-02-12,117.84549713134766,117.99345782925859,117.53315795527952,117.84549713134766,5595500
2020-02-13,118.29761505126953,118.5277650528642,117.76334094947501,117.90307398314074,7883400
2020-02-14,118.81549835205078,119.25114046729577,118.73329652032062,118.98810463955012,7137400
2020-02-18,119.62920379638672,120.04841545644328,119.11958770700728,119.46481272325481,6909200
2020-02-19,119.62101745605469,119.69499157545341,119.1689324893326,119.2840075224766,5707700
2020-02-20,120.55809783935547,120.7800328083523,120.00738054330112,120.07313951716098,9332900
2020-02-21,121.68412017822266,122.37458273372891,121.36355320475835,121.48685591285052,13860300
2020-02-24,123.50067901611328,124.08428175334188,123.29518703771708,123.97742191106066,15929300
2020-02-25,124.15821838378906,124.74180840265196,123.41022479803912,123.46776855489584,20802900
2020-02-26,123.50067901611328,124.70897285246171,122.94996201907968,123.25408613359085,22589500
2020-02-27,124.84049224853516,125.82685124839747,123.97742342031744,125.51449942391758,30687900
2020-02-28,127.6597900390625,128.21050684363811,126.71453228567148,126.95289737872666,44935200
2020-03-02,126.7205581665039,128.8279007310421,126.57237896953507,127.84008547400887,28152400
2020-03-03,128.68792724609375,131.46204405912232,125.41989665521034,126.61350696415221,38608000
2020-03-04,127.32154846191406,129.52768258074292,126.92642464986992,128.75388955161847,23463700
2020-03-05,130.49075317382812,130.73771017056802,129.08310708493892,129.34653123099605,17786200
2020-03-06,137.281982421875,139.389325054455,135.09231661490395,137.71826761249105,76288300
2020-03-09,141.00277709960938,147.92573768256895,140.22075705647387,147.4318362367357,41552800
2020-03-10,133.77520751953125,142.3527563751197,133.38008395648586,139.64449504063438,37728300
2020-03-11,128.85260009765625,137.49600590853225,128.1117417667395,136.17891047495473,29519300
2020-03-12,129.65113830566406,136.94452982643205,128.1364867521036,134.59845658516926,24361800
2020-03-13,126.7205581665039,130.22730672523517,125.27999058644433,127.59312851956246,19812900
2020-03-16,134.9276580810547,136.77157626601,129.90624682220198,132.02182892067373,30496700
2020-03-17,125.93037414550781,136.3436335935267,125.70812405754579,134.5902519794883,18570900
2020-03-18,118.82627868652344,126.88522168180799,114.43047903743098,125.81508300227979,47061000
2020-03-19,122.06141662597656,126.31726573341047,119.56717636147236,120.9665831423635,21175300
2020-03-20,131.2398223876953,131.2398223876953,125.21414025334327,126.19372826203546,20863100
2020-03-23,136.64813232421875,137.2161295827568,128.8855366195406,129.65108940400273,19971800
2020-03-24,134.10455322265625,136.19542951734886,132.04659867400864,132.73806838777236,11948600
2020-03-25,133.79994201660156,137.2079135999927,133.04261639370966,134.6642852751566,10750600
2020-03-26,134.45846557617188,136.38470730569767,133.57766788716776,135.0017683903724,10576200
2020-03-27,138.047607421875,138.50035999642233,135.48751111208134,136.25307684009036,12550000
2020-03-30,136.91159057617188,140.03144378821474,136.59877750112702,138.54148687519591,13473200
2020-03-31,135.80026245117188,137.40546397502953,135.46275499825074,136.40118147071783,11464800
2020-04-01,137.70291137695312,139.28571459479673,137.17531449730586,138.89000750088493,11334700
2020-04-02,138.57675170898438,139.5000430809918,137.8842706010773,139.17853893688908,5771200
2020-04-03,138.90646362304688,140.41506352082436,138.60968966645297,138.94768467402633,6570800
2020-04-06,138.5437774658203,138.71690089706516,137.2824909402866,137.66994628644684,9434800
2020-04-07,137.09288024902344,137.19180072965585,134.9577626826976,135.98822628562337,13811400
2020-04-08,136.09535217285156,137.00216494994945,135.30396336638273,136.11184310849833,10147100
2020-04-09,136.34268188476562,136.67242516298967,135.0154444347292,135.42762982195916,14259100
2020-04-13,135.09793090820312,136.6065314303382,135.09793090820312,135.8151296922544,8750300
2020-04-14,135.06491088867188,135.806852167194,134.76813689304308,135.06491088867188,9019100
2020-04-15,138.64268493652344,138.98893176650606,137.45560146662996,137.5050617055129,10027800
2020-04-16,140.2172393798828,140.40685373830695,139.33516908296255,139.53301004284677,8265400
2020-04-17,138.33763122558594,140.83547318877405,137.8924766271226,139.99462421624352,8612100
2020-04-20,139.45062255859375,139.55778225121492,138.46137972412893,138.85707434213384,6462600
2020-04-21,141.20645141601562,141.915410719905,140.78602688817023,141.7340481599171,7850700
2020-04-22,139.7637939453125,140.4645140267597,139.07957737779304,140.11827986451803,6230200
2020-04-23,140.505859375,140.90979329884448,139.82162962327106,140.0359616526802,5968600
2020-04-24,140.83551025390625,140.83551025390625,139.7885683515921,139.821537650234,6211800
2020-04-27,138.2140655517578,139.93699818052187,138.03270289831897,139.8628077983619,9039500
2020-04-28,139.80499267578125,140.0193370602602,138.86521079146155,138.9476528745528,9905400
2020-04-29,139.0796356201172,140.35740059482515,138.4613573760057,139.75561329264949,8619600
2020-04-30,137.4556121826172,139.5082877296909,137.43088206124776,139.10435402805575,11606100
2020-05-01,138.63270568847656,138.764779168687,137.38629528144386,138.26126004620247,10209400
2020-05-04,137.9805450439453,138.40976474932614,137.41923932851904,138.31071598580965,8300900
2020-05-05,137.0973663330078,137.24595212560683,136.42051188624347,136.6681464770962,7831800
2020-05-06,134.88516235351562,135.07501003942517,133.76256337538044,134.73657659416614,14721500
2020-05-07,137.13856506347656,137.32841268693457,134.82733115170285,135.0089289116058,9164800
2020-05-08,135.35568237304688,136.52780596210604,135.10804779052043,135.77666494190723,8129800
2020-05-11,134.29908752441406,135.55375987016495,133.8038310740073,135.09151547836595,8713500
2020-05-12,135.6775665283203,136.13981090545028,134.65402900616527,134.67879119813907,10057300
2020-05-13,136.6268768310547,137.26245676953175,136.05732103029507,136.27193096592407,13305600
2020-05-14,137.96408081054688,138.79777091625567,137.8897942120143,138.11266660283053,10080000
2020-05-15,137.6092071533203,139.07849040500497,137.2955356967054,138.9216546766975,7225600
2020-05-18,134.58802795410156,136.247158231994,134.0679965944439,136.13984697486643,10073100
2020-05-19,135.0915985107422,135.12461058964044,134.11757214773675,134.15059682185776,8639100
2020-05-20,135.49600219726562,135.94999682096616,134.4477022241599,134.68707433744686,10927300
2020-05-21,135.8344268798828,136.49478150828506,135.61155451631345,136.08206143993576,8920000
2020-05-22,136.65167236328125,136.75897105965834,135.8757563060428,135.96655526157545,4956700
2020-05-26,134.81915283203125,135.19884828043854,134.53024371654107,135.13282414653847,8098900
2020-05-27,134.5715789794922,135.2979707323993,134.2083831030386,134.37346870272918,8047400
2020-05-28,134.0762176513672,134.19179134664992,133.4406378986038,133.68827242595273,10272600
2020-05-29,135.03375244140625,135.44647252045834,134.01021470629615,134.30737366702235,14632700
2020-06-01,134.12460327148438,134.25684647991324,133.62043707433006,133.97583912055677,13341400
2020-06-02,133.63699340820312,133.9675888742226,133.27333082873653,133.62045985147955,11517100
2020-06-03,131.8599853515625,132.5129283097221,131.36409223807325,132.38894557279494,12255700
2020-06-04,129.9507598876953,131.42193078545222,129.91770539386724,131.3475487157849,14038600
2020-06-05,129.02508544921875,129.06641302593098,126.58690976006534,127.78533381628591,17778500
2020-06-08,129.52105712890625,129.63676683580312,128.14906159612042,128.16559515750916,10346700
2020-06-09,130.9922332763672,131.94270500034713,130.8351959663468,131.4550721197457,9095300
2020-06-10,132.9344940185547,132.98408208915657,131.4550619294816,131.61209922732863,13135500
2020-06-11,135.44703674316406,135.73630463060005,134.4139101207306,134.92633688980675,17086400
2020-06-12,134.14114379882812,135.26518590609467,133.9345185041939,134.23205943292348,9716100
2020-06-15,134.21551513671875,135.72801368576302,134.008889858621,135.45526680530526,7759800
2020-06-16,132.15750122070312,133.256749033839,131.16570257026152,131.75252381314007,13698900
2020-06-17,132.7030029296875,132.87657369444415,131.694670667437,132.463323180781,7113900
2020-06-18,134.10809326171875,134.28992455237926,133.57087247384547,133.92626197105824,7691400
2020-06-19,134.21551513671875,134.306430763538,132.9922970215738,133.0666790949515,8565500
2020-06-22,134.2320556640625,135.06681729084048,133.95104829798757,134.87672555630823,9319700
2020-06-23,133.31468200683594,133.94281854799436,133.1659051928129,133.4634462094481,9088600
2020-06-24,134.74452209472656,134.79411016084995,133.49650952211584,133.50476999599957,11436500
2020-06-25,135.13296508789062,135.83549625064825,135.0503099117747,135.7197865709315,10968000
2020-06-26,136.579345703125,136.63720685009156,135.69498322058735,135.7528443675539,12119300
2020-06-29,136.14950561523438,136.5958232157078,135.86023783331692,136.24869431056425,7274400
2020-06-30,135.48829650878906,136.61233832041705,135.11637359854973,136.56275028057232,14841700
2020-07-01,135.22520446777344,135.3410498129129,134.17431357716816,134.72044704405238,13181000
2020-07-02,135.3659210205078,135.49004919411053,134.24884321528424,134.62947264478555,7599800
2020-07-06,134.8115234375,134.8942755570649,133.84338424435416,134.32331876018898,7972700
2020-07-07,136.70635986328125,136.81392240548863,135.04313664930157,135.22518110681372,12791900
2020-07-08,136.1602783203125,136.46643837621696,135.56449852825097,135.9699636336312,7253900
2020-07-09,138.32821655273438,138.55990724006654,136.201624324108,136.2512705247941,13373100
2020-07-10,137.63323974609375,139.18888911729246,137.49257120472853,138.97373859715395,8478000
2020-07-13,138.0883331298828,138.15453230997895,136.72299871452998,136.94641936907908,8054000
2020-07-14,138.2867889404297,139.13081191592843,138.17094363996443,138.95703765213514,11344600
2020-07-15,137.6414031982422,138.1461605735521,137.21939790132188,137.29386719615587,7840300
2020-07-16,138.2950897216797,138.8246701107625,138.22060781253634,138.51849757053245,9107400
2020-07-17,138.00550842285156,138.5185360160486,137.74899462625305,138.41097345288543,8549900
2020-07-20,138.3447265625,138.7005326411301,138.0220137319923,138.60951042605402,6907200
2020-07-21,138.42752075195312,138.78333959752166,138.25375903474247,138.43580353690373,8454400
2020-07-22,138.8412628173828,139.39567913619516,138.75852334716697,139.2301749433691,6592100
2020-07-23,140.463134765625,140.5707099843271,139.41224356517964,139.77633265044886,10471800
2020-07-24,140.4547576904297,140.60369622492223,139.7348502284798,139.8506955195928,7520700
2020-07-27,139.93345642089844,140.91814777075518,139.83416405828785,140.8767717442706,6146400
2020-07-28,140.90162658691406,140.95127277940705,140.1982718567476,140.28929408504922,8520700
2020-07-29,140.6616668701172,140.99264990676184,139.8259138693702,140.71131306299455,6733700
2020-07-30,141.58837890625,141.7124943441163,141.29048922918193,141.5387327311035,9376100
2020-07-31,141.49742126464844,141.87806315807904,140.62030476705874,140.79406645934625,8886000
2020-08-03,140.7850341796875,140.81817689498877,139.97321461819877,140.19688370563424,9066200
2020-08-04,142.12698364257812,142.13526299822857,141.4228465649235,141.51397003802896,9878900
2020-08-05,140.88442993164062,141.29033333535125,140.56963738162787,140.8761379338568,6954100
2020-08-06,141.67138671875,142.69030378122991,141.34002284135528,141.9696078882855,9481800
2020-08-07,140.72703552246094,142.06902459621875,140.47851575022116,141.88677760592563,8176900
2020-08-10,140.0974884033203,141.03357432181753,140.05607896358555,141.00872360187904,6408500
2020-08-11,138.432373046875,138.74716556380994,137.41345600553186,138.48207446739332,19234200
2020-08-12,137.17324829101562,137.57088503034888,136.67622132721237,137.26437179708256,11744800
2020-08-13,135.70692443847656,137.16488702468632,135.16846308226118,136.941218072405,12744700
2020-08-14,135.17677307128906,135.98031297063434,135.16021436013375,135.69866319814398,6398100
2020-08-17,135.5164794921875,136.23718825136186,135.38393389966768,135.8312721143612,6901500
2020-08-18,136.48574829101562,136.5768718411301,135.9307276276815,136.15439682164396,8140600
2020-08-19,135.6324462890625,137.18982531517307,135.27624424896936,136.99100693729426,12497700
2020-08-20,136.85842895507812,137.22291023421548,136.62646793709825,137.00753320923815,10319900
2020-08-21,137.67855834960938,137.7862532062441,136.69277120415984,137.32235634726584,6836000
2020-08-24,137.454833984375,138.31636721040178,137.39685322044727,137.77791842431228,6490600
2020-08-25,136.40283203125,136.75903400759404,135.71526615107848,136.146032905934,10518300
2020-08-26,135.8809051513672,136.1294248521804,135.25961221945266,135.89747650215128,8276600
2020-08-27,133.56971740722656,136.53535754987467,133.50344463618967,136.48564349141805,19860100
2020-08-28,133.47032165527344,134.24073167222244,133.0726976105284,134.00878325943447,8415400
2020-08-31,134.35662841796875,135.23472013731123,133.83473846996085,133.8678811613888,11388100
2020-09-01,135.89346313476562,136.06762729638325,133.67086116905807,134.1518721366703,10587000
2020-09-02,137.18719482421875,137.3033000337192,135.58660067506813,135.60317809462623,15167700
2020-09-03,137.57696533203125,138.69656110986443,137.2037709575927,137.46086013432776,16416600
2020-09-04,134.964599609375,136.59007246818922,134.72408783705407,136.34957335038646,13780300
2020-09-08,135.79391479492188,137.0544818627567,135.79391479492188,136.31638184302452,13790400
2020-09-09,135.42898559570312,136.21684303976377,134.98114231287965,135.9597539147612,9558900
2020-09-10,136.11740112304688,136.29985401718642,134.30946225962455,134.73242699354884,8847700
2020-09-11,136.40760803222656,136.48225702856152,136.0758825211358,136.26662405728715,5458200
2020-09-14,136.39930725097656,136.90519683605035,136.20026436922893,136.66468510545744,4274900
2020-09-15,136.0675506591797,136.39927606506512,135.8353276896442,136.15047568339452,6928500
2020-09-16,135.66122436523438,136.74764000727504,135.16362342552043,136.65641359014472,8815200
2020-09-17,136.07591247558594,136.80572394605983,135.8437020358024,136.7559537193749,7813900
2020-09-18,135.65289306640625,136.20854010374163,135.46213892851213,136.150481195379,7246300
2020-09-21,136.34127807617188,137.1706046159406,136.12565773145874,136.7476526362853,11086900
2020-09-22,136.23336791992188,136.73925722058547,135.90162997017836,136.37435180312204,10524100
2020-09-23,136.41592407226562,136.4490915651363,135.57829618668887,136.2583500084633,6224800
2020-09-24,136.93838500976562,136.93838500976562,136.52372176770163,136.80570238973874,8278100
2020-09-25,136.93838500976562,137.1871854859076,136.59837076870676,136.9300963005508,5140300
2020-09-28,136.54864501953125,136.75597670808477,136.3164345407131,136.7310979178201,4470100
2020-09-29,136.7061309814453,137.0378690619443,136.47392065235297,136.67296350065234,10297600
2020-09-30,135.39581298828125,136.009519032223,134.80699837656073,136.009519032223,12971000
2020-10-01,135.6192169189453,135.9346917257515,134.57318687670232,134.91355358823762,11523900
2020-10-02,135.11276245117188,135.87653199990442,134.63955038240016,135.82672287006153,8828800
2020-10-05,132.4727783203125,133.6184263190379,132.4312664892239,133.6184263190379,14726000
2020-10-06,133.18678283691406,134.00037453655128,131.7339568030961,132.27358550195396,22419400
2020-10-07,132.21539306640625,133.1784116864884,131.88332379557895,132.46445135334207,9429200
2020-10-08,132.92935180664062,133.03728001879998,132.5474734165284,132.80482899848025,8431500
2020-10-09,132.9044647216797,133.05390477875378,131.84182772687458,132.4312653208149,8441500
2020-10-12,133.32786560058594,133.39426932755723,132.92106993400287,133.18672284478396,3962000
2020-10-13,134.2825164794922,134.3489328454705,133.80930462225675,133.83422184367183,7914300
2020-10-14,134.58975219726562,135.1127734384118,134.46522936253237,134.76409683352543,6954800
2020-10-15,134.3572235107422,135.4779790464271,134.191188937803,135.35344361600326,9458800
2020-10-16,133.983642578125,134.75572171048466,133.742894347465,134.2077962188263,8416300
2020-10-19,133.47731018066406,133.64334485474285,132.87127791984133,133.24485910342702,9286600
2020-10-20,132.20713806152344,132.83807494498504,131.95807969491355,132.71355209549745,11189000
2020-10-21,131.75045776367188,132.3066806191024,131.47649498395938,131.82517143060414,10453700
2020-10-22,130.3806610107422,131.69235587943444,130.31424463753433,131.41008312639408,12664900
2020-10-23,131.17764282226562,131.34369010260335,130.13161336133433,130.18142247838406,8783800
2020-10-26,132.3980712890625,132.8463788620663,132.00788282159533,132.17393017019475,7227300
2020-10-27,133.28631591796875,133.41083870521615,132.7466876154304,133.0206504150031,6062300
2020-10-28,133.4108428955078,134.04179215105452,132.99575003480766,133.97537577322703,11765800
2020-10-29,132.1157684326172,133.51878446916186,131.55954546367067,133.4357608216528,11932400
2020-10-30,130.81240844726562,132.2901384499933,130.81240844726562,132.02447286101045,13095400
2020-11-02,131.792236328125,132.2991939751895,131.5844670085286,131.89196154353675,10810500
2020-11-03,131.02764892578125,131.29358706503191,130.5123723814022,131.18555564028935,16228700
2020-11-04,133.86997985839844,134.77585138894503,133.42119085783787,134.33538128028522,21570800
2020-11-05,134.10264587402344,134.41845933484052,133.45440653536102,134.33534652476203,18537500
2020-11-06,132.48204040527344,132.90588527892592,132.09143304512494,132.65655954332823,12408400
2020-11-09,129.69790649414062,129.7727003990436,128.5094721787989,129.62311258923768,23245000
2020-11-10,128.9499053955078,129.49010035220454,128.63409208968181,128.78369253815714,12561000
2020-11-11,129.4153289794922,129.59816695874977,128.7920211450859,128.83357753695907,5888200
2020-11-12,131.61770629882812,131.64263760301802,130.23812763579915,130.42927186166608,15999700
2020-11-13,131.44325256347656,131.72581593902814,131.23548313770522,131.60946556784575,7344600
2020-11-16,131.12738037109375,131.54291903691197,130.9860987464636,131.0858239682652,6310400
2020-11-17,131.98333740234375,132.27421942717433,131.80049944637517,131.95009990181708,7444600
2020-11-18,132.36563110351562,132.61495672801283,131.60104182129143,132.50691266511083,10333300
2020-11-19,133.04714965820312,133.57073236696925,132.83938035234127,132.94742444938367,10637200
2020-11-20,134.22732543945312,134.25225675050766,133.29652267678594,133.41287302211933,7246800
2020-11-23,133.61227416992188,133.79511215360748,133.2050418096711,133.65383056280146,11300000
2020-11-24,132.28260803222656,132.98902900043572,132.14963258483056,132.96409768920356,10891700
2020-11-25,131.8752899169922,132.8975237392141,131.8254273268796,132.34900988551868,9145800
2020-11-27,133.15521240234375,133.1967688055821,132.62332341210077,132.64825471779704,4708200
2020-11-30,132.98892211914062,133.41276675068627,132.77283402047988,132.99722832246357,13071600
2020-12-01,131.0281524658203,132.05974375989496,130.34596805502144,131.90167602109204,13662800
2020-12-02,129.98822021484375,130.55392285602093,129.34763471125962,130.5123367808819,12114300
2020-12-03,131.03646850585938,131.29437585268258,130.26278454788425,130.56227797868604,9626500
2020-12-04,129.11471557617188,129.60554812034476,128.75699403541793,129.5223632638309,12734500
2020-12-07,130.2793731689453,130.51231099802018,129.92995373117336,130.07139205768848,9316100
2020-12-08,130.89508056640625,131.50239497529043,130.77861157051328,131.08643246221996,7397200
2020-12-09,130.46243286132812,130.87839519638783,129.7885632154344,130.23780964603023,7750100
2020-12-10,131.6188201904297,131.68536299951836,130.470759974104,130.81185216796368,10025100
2020-12-11,132.0845947265625,132.60038361352144,131.71023141524861,131.98475520116546,8135900
2020-12-14,131.7186279296875,132.0181213036594,130.70367886756958,131.0198142884739,7535900
2020-12-15,131.27781677246094,131.76864965993954,130.87016879967862,131.26117471185253,6847500
2020-12-16,130.92831420898438,131.35259123887514,130.1047041806703,130.26277190577574,9954200
2020-12-17,130.58187866210938,131.96431739020477,130.27373676747214,131.68949431480704,9422700
2020-12-18,130.19039916992188,131.06483347451376,130.06547272218026,130.84829938138824,6505000
2020-12-21,130.7067413330078,131.03152980280063,130.29034520725284,130.9149393958853,8988200
2020-12-22,131.38131713867188,131.43961870298142,130.81502443773672,131.21476120942054,7370800
2020-12-23,130.4735870361328,130.49024644262116,129.46591532315512,130.43194487361384,9266600
2020-12-24,130.98988342285156,131.10647382600555,130.62346551822537,130.6650949635368,3117100
2020-12-28,131.04823303222656,131.123181310151,129.9989190190675,130.2320999108806,7791100
2020-12-29,130.88168334960938,130.98993774267205,130.2154467521351,130.24042951264235,9030900
2020-12-30,131.16485595703125,131.18983872252562,130.48195981376227,130.59856299594753,9097300
2020-12-31,131.35633850097656,131.64782091685277,131.1231576512369,131.13149370777256,7742100
2021-01-04,131.1981201171875,131.73110678962894,130.36532764728497,130.47359473474177,13152900
2021-01-05,130.22373962402344,130.706760726455,129.63246415386635,130.706760726455,10458100
2021-01-06,127.55049133300781,128.12512014156087,126.82595327955202,128.1001373853111,22827300
2021-01-07,126.42627716064453,126.726083086962,125.96823856385254,126.40961774601297,14651900
2021-01-08,126.01813507080078,126.55112162661783,125.46848911115767,126.15137217920365,13622500
2021-01-11,125.8099365234375,125.92652693497557,125.32691547352212,125.75163496396756,8370700
2021-01-12,125.71001434326172,125.88490634422995,124.86056250945202,125.57676450513394,12186300
2021-01-13,127.1258316040039,127.47561580590691,126.22642645097437,126.30137476249162,12533300
2021-01-14,125.93488311767578,127.1174469451449,125.57677573411115,127.06748142823011,14835500
2021-01-15,126.43463134765625,126.88433394789793,126.14314873316181,126.74276067175866,11624700
2021-01-19,126.84265899658203,126.88430117466994,126.1764222694013,126.26802997823125,9575600
2021-01-20,126.96758270263672,126.98422940757416,126.40960040202329,126.57616911066462,5368900
2021-01-21,126.07646942138672,126.37627526143993,125.83496516206355,126.1181115922787,8162700
2021-01-22,126.48448944091797,126.59274379105385,126.10139941937248,126.4595066903173,9507200
2021-01-25,127.9752426147461,127.99190202550957,127.11746721783034,127.21739826759695,8712600
2021-01-26,127.73373413085938,127.91694952099597,127.35064394037192,127.50055321748674,7690300
2021-01-27,128.05853271484375,128.66646780725046,127.858657898923,128.30837305789277,7895200
2021-01-28,127.35063171386719,127.80034679462929,126.71771396796389,127.75036856878478,10667800
2021-01-29,126.58451080322266,126.99258386666388,126.00155836074248,126.10148943447903,14965900
2021-02-01,126.731201171875,127.03135452564119,126.3059892215962,126.4477265383558,8165500
2021-02-02,125.91412353515625,125.97247997353308,125.49724457881618,125.6806723373767,9177500
2021-02-03,124.796875,125.5555977340116,124.71350684419366,125.42219341815853,9633100
2021-02-04,124.46337127685547,124.63846602372325,124.06317106961723,124.36332440557972,8262600
2021-02-05,123.42115020751953,124.70514417841085,123.41281721056201,124.31327704515088,10258900
2021-02-08,123.96315002441406,124.44673125618243,123.42954534145225,123.64633059280932,11574800
2021-02-09,124.05480194091797,124.78851278418958,123.94642209153126,124.41332436556489,5218300
2021-02-10,124.8802719116211,124.8802719116211,124.34666730183379,124.46339291265798,8079800
2021-02-11,124.19656372070312,124.88857147824655,124.02146899027201,124.79685761414149,11962700
2021-02-12,122.65415954589844,123.46290595328215,122.587457368552,123.14607379142146,14088400
2021-02-16,120.78649139404297,121.44516719668408,120.61140937611995,121.0783117200943,17789100
2021-02-17,121.5535888671875,122.04551581932692,120.87824683580752,121.6869932176707,11199100
2021-02-18,121.06163787841797,121.39514865335983,120.32793961781631,120.56972379778084,10755300
2021-02-19,119.45246887207031,120.32791699879162,119.10229216580836,120.11113185529648,12741700
2021-02-22,118.5437240600586,119.84439742115298,118.16020244710485,119.25242355489044,13203900
2021-02-23,118.20185852050781,118.81049821230974,117.67658698364367,117.9934190499599,12658500
2021-02-24,117.42647552490234,117.7099501960752,116.02576816936282,116.18418422741168,17363100
2021-02-25,115.50882720947266,116.65941731544874,113.89968038324224,116.32591920578425,52621700
2021-02-26,119.32743835449219,119.47752140681601,116.45930885986708,117.36811472938919,45423300
2021-03-01,117.75143432617188,118.04360589447748,116.94171479538508,117.41753488020609,22048000
2021-03-02,117.75977325439453,117.80985689038371,117.10864777419846,117.20047201932715,12482200
2021-03-03,116.48258209228516,116.99178697683693,115.8314693202283,116.3490299694514,19763700
2021-03-04,115.73126983642578,116.8164617336669,115.16363844437379,116.55768784979364,22366600
2021-03-05,115.95667266845703,116.31561384361302,115.18869395044142,115.33894484121998,20598000
2021-03-08,115.05509185791016,115.94827936237053,115.05509185791016,115.88985272513368,15236600
2021-03-09,116.6495361328125,116.71631855814138,116.00676643428658,116.25719734490858,14463400
2021-03-10,116.8832778930664,116.991788197911,116.26554996090906,116.69962939262628,12387600
2021-03-11,116.0401611328125,116.3490314683697,115.58105261803563,116.17372599481311,14150700
2021-03-12,113.57759857177734,113.91151066995387,113.23534344768797,113.86141430214428,20402700
2021-03-15,114.24540710449219,114.43739859512357,113.86976714892857,113.93654956685336,11366500
2021-03-16,113.78631591796875,114.46247056359783,113.31885160679047,114.37900207228581,15567900
2021-03-17,112.934814453125,113.13516168635228,111.9831873858198,112.81794841810304,27107500
2021-03-18,111.7911605834961,112.25028155363607,111.18178878900402,111.28195600523875,21615100
2021-03-19,112.4840316772461,112.55081407797778,111.69101136689834,111.92474340073892,18685000
2021-03-22,113.74452209472656,113.86974387928751,113.00158536111998,113.26871497823036,17047500
2021-03-23,114.77130126953125,114.81302913204779,113.65271178285882,114.0200086825922,16768400
2021-03-24,115.38899993896484,115.43074053300786,114.3205069661568,114.41233117807504,13863000
2021-03-25,114.47911071777344,115.7479508677879,114.43737012477442,115.5225618555457,20782000
2021-03-26,114.0784683227539,114.56263134586274,113.71117135781306,113.87812104984661,8433300
2021-03-29,113.11011505126953,114.23704749177557,112.66769274202007,114.22034870535805,13968100
2021-03-30,113.70278930664062,113.95320739002081,112.7010660233572,112.9431538205456,15020800
2021-03-31,113.06836700439453,114.01999396842325,112.67602834280504,113.81130373300081,19271300
2021-04-01,114.94495391845703,115.03690370823928,113.9335189857128,114.14249462113968,14885900
2021-04-05,114.44349670410156,114.49364884941977,113.63266967513965,114.14257107732324,8243000
2021-04-06,115.22081756591797,115.33784342606441,114.52701683974195,114.65240988945307,9282400
2021-04-07,114.41834259033203,115.43814469912463,114.41834259033203,114.89480040074737,11052700
2021-04-08,115.36294555664062,115.41311044077943,114.8196138163545,114.84468988099141,7847900
2021-04-09,114.94495391845703,115.51337427934565,114.59387638152312,114.93659948478975,8717800
2021-04-12,114.89479064941406,114.96166437683989,114.60223244114277,114.90315783712936,7659000
2021-04-13,115.75579071044922,115.78086676854421,114.68583638219057,114.76943174574834,13232800
2021-04-14,115.38802337646484,115.55521414974069,114.99516077288924,115.37966893974715,7293200
2021-04-15,117.3189697265625,117.84557984708036,116.57501670262168,116.60009276765275,23896700
2021-04-16,116.40782928466797,116.80070465463295,116.13197980650965,116.27409451893578,15238400
2021-04-19,116.07345581054688,116.4496094952443,115.81432800008562,115.97315156259121,13886800
2021-04-20,116.60845184326172,116.82578200046524,115.71402963868753,115.73075126766187,11476500
2021-04-21,116.84249114990234,116.95116259433016,116.24900731079131,116.64186988823509,11902200
2021-04-22,117.35244750976562,117.35244750976562,116.3577206798721,117.02644577814989,14156400
2021-04-23,117.07654571533203,117.41926892914846,116.60008774539855,117.34404073729549,12302200
2021-04-26,116.90937805175781,117.45270982527278,116.90102361465625,117.15178427636113,9103500
2021-04-27,115.88954162597656,116.87591337478212,115.79759182528166,116.68364658387145,14137300
2021-04-28,115.9648208618164,116.09856840441843,115.32118472842106,115.89794709051539,15263700
2021-04-29,115.62210845947266,115.65553896715085,114.62738185405252,114.89486418008043,17178200
2021-04-30,115.88954162597656,115.96476980249183,115.33784282180712,115.78087020110202,15692000
2021-05-03,115.95907592773438,116.9050227120844,115.7581604328854,116.10975296869303,16447700
2021-05-04,116.74596405029297,117.33195153502375,116.49482290724573,116.77107688724078,18639700
2021-05-05,116.93849182128906,117.07243545795555,116.29389924670377,116.38598390021595,11127900
2021-05-06,117.13101959228516,117.35704786659542,116.52828604316933,116.57014502338491,21907600
2021-05-07,116.55338287353516,117.70025746085031,116.28550842935644,117.28169326329902,18346900
2021-05-10,115.37303161621094,116.57011898688377,115.26420084667177,116.3189779352512,15146200
2021-05-11,114.7200927734375,115.08843138531462,114.49407725815959,114.87914924434519,15158600
2021-05-12,113.51463317871094,114.51918485469905,113.31371773408628,114.4103540588314,20859400
2021-05-13,113.6904525756836,114.15924262812678,113.5397755332144,113.79090393732973,13073900
2021-05-14,114.75357818603516,114.75357818603516,114.03364715334051,114.29315494880589,17566700
2021-05-17,114.51083374023438,114.8289467462435,114.32667717070204,114.54432604274626,6113800
2021-05-18,114.2177963256836,114.32662710082815,113.90806291773698,114.18430403783981,11423100
2021-05-19,113.94161224365234,114.9377976535391,113.5314144944128,114.30157153034529,14296000
2021-05-20,114.87913513183594,115.09679670678881,114.41034523742454,114.4856837332621,13310500
2021-05-21,115.24750518798828,115.27261802679583,114.73685617628499,115.2391384995758,10171600
2021-05-24,115.67442321777344,116.00928232018092,115.43166154540059,115.51537951439462,6868700
2021-05-25,116.74596405029297,116.77944357503367,116.04276629504687,116.05114575640891,12346900
2021-05-26,116.54505157470703,117.12267238648164,116.26043089960837,116.85478508739855,9793700
2021-05-27,116.07624053955078,116.1013533725927,115.5153659790029,115.9422969142825,10695200
2021-05-28,115.89205932617188,116.61199027096936,115.80834137559962,116.00925679283351,10258000
2021-06-01,115.86610412597656,115.90801057662262,115.06129816065415,115.53915450080488,11778500
2021-06-02,116.13435363769531,116.3523157705677,115.95831074359417,116.15112389159495,7347900
2021-06-03,115.69841766357422,116.11758447130076,115.56429400698813,116.11758447130076,10994000
2021-06-04,117.28287506103516,117.28287506103516,116.12598329748282,116.12598329748282,15773700
2021-06-07,116.92243194580078,117.12363669015785,116.79668697555282,117.02302792199914,7799800
2021-06-08,117.74397277832031,117.92002849450488,117.54278086491838,117.92002849450488,11230900
2021-06-09,118.78350830078125,119.16913465324853,118.41463941271162,118.8421850100882,12768300
2021-06-10,119.49609375,119.51286400768196,117.93679237650085,118.06255012117767,19698300
2021-06-11,119.30323028564453,119.3786772254831,118.90921254388333,119.30323028564453,8646700
2021-06-14,118.38947296142578,119.12721062874695,118.21341727555844,119.12721062874695,9401300
2021-06-15,118.24696350097656,118.28049121840523,117.76910718191324,118.03738008916766,18207300
2021-06-16,118.1463623046875,118.76673384833724,117.5427738087576,118.54038016739034,19676300
2021-06-17,119.91523742675781,121.49968748397193,118.74157545547183,118.92600987838193,35225800
2021-06-18,122.17034149169922,122.43022283874734,120.82062399952115,120.95476043411195,26616900
2021-06-21,120.12484741210938,121.13085822944848,119.8985064909711,121.04701973068391,16485000
2021-06-22,120.41825103759766,120.45177875682505,119.14398024368805,119.18589948669003,14530200
2021-06-23,120.10801696777344,120.30083004742717,119.63855236064201,119.97388056803555,12040900
2021-06-24,120.3008804321289,120.63620877996549,120.15836524470053,120.23381220417029,8788400
2021-06-25,119.05175018310547,120.21703337789587,118.51521718964705,120.09966718532546,15562200
2021-06-28,120.27572631835938,120.55237794991149,119.63020584473779,119.64697609900166,11460700
2021-06-29,120.47691345214844,120.48529218208246,119.91521874771738,119.96552950318373,11217900
2021-06-30,121.01346588134766,121.49968813494544,120.77873348583282,120.92962740068258,15708900
2021-07-01,121.02018737792969,121.13770664395753,120.48295461771107,120.86069420075489,10810000
2021-07-02,121.7504653930664,121.7504653930664,120.96980456619269,121.07053169001192,9650200
2021-07-06,123.177490234375,123.38734692924903,122.3212713328708,122.3212713328708,20037200
2021-07-07,124.26874542236328,124.7052509714286,123.58042206483456,123.87422658622488,20964400
2021-07-08,124.75559997558594,125.44393606143105,124.3778604983314,124.9738591289689,17487800
2021-07-09,123.001220703125,123.38736270686937,122.96764926345226,123.28662277057556,14483600
2021-07-12,122.84170532226562,123.58879460404853,122.69900431435602,123.47127537349736,10610400
2021-07-13,121.90156555175781,123.78188626630073,121.41469645222517,123.2446536062366,23340200
2021-07-14,123.28661346435547,123.32858736725636,122.39682308085858,122.56470588382533,16038600
2021-07-15,124.64653015136719,124.73886764135055,123.42096099419167,124.19323236103409,18462400
2021-07-16,124.41146850585938,124.52058529475812,123.66437906506846,123.68115838112168,12787900
2021-07-19,127.13959503173828,127.55090598648842,126.43446675041197,126.71147914510496,40203900
2021-07-20,125.91399383544922,128.18884562654188,125.71252683420433,128.03774217344974,25674800
2021-07-21,124.3190689086914,124.65483438290306,123.11868236155269,124.38621175662828,19988900
2021-07-22,125.49430084228516,125.75452108896434,124.28552425636234,124.32749815616386,18136900
2021-07-23,124.6548843383789,124.78919570534161,124.14283345939094,124.1848073626464,12639300
2021-07-26,124.2855224609375,125.12494921029803,124.13443179419774,125.0745856547181,10737700
2021-07-27,125.6118392944336,125.65381320065688,125.06621693944443,125.35161900794222,13036500
2021-07-28,125.62023162841797,125.63702375299259,124.46183120553155,124.79759684519524,14346700
2021-07-29,124.92350769042969,125.25927330086088,124.68006673552561,124.88992344420436,11532000
2021-07-30,125.51116180419922,125.67904468684969,125.12501964632452,125.18378570000579,14342100
2021-08-02,126.6305923461914,127.10124226600911,125.37831730476691,125.60524238191063,21232700
2021-08-03,126.69781494140625,127.10122727878873,126.39525248230763,126.69781494140624,13361900
2021-08-04,126.95836639404297,127.59711655852543,125.8321665477428,127.32816642100683,18267900
2021-08-05,126.31119537353516,126.84068285370095,126.06747057309552,126.70620780727054,15345400
2021-08-06,124.2016830444336,125.02532034137583,124.12604563256338,124.65553316415,21144300
2021-08-09,123.75627899169922,124.8572665865364,123.739466398669,124.512678962797,12942400
2021-08-10,123.18477630615234,124.0252263992854,123.17636359770057,123.95798885292467,13716900
2021-08-11,123.10903930664062,123.73937643234429,122.4619024243722,123.05021451018061,17227600
2021-08-12,122.90738677978516,123.07547417960085,122.22661165052473,122.78131161173845,14709400
2021-08-13,124.84884643554688,124.85724631857296,123.38645886132812,123.40327145162918,18653800
2021-08-16,125.15139770507812,126.08429760718414,125.06734758536676,125.38672265117263,19170900
2021-08-17,125.10099792480469,125.62207286392645,124.94971024374496,125.1262104009396,14126900
2021-08-18,125.52116394042969,125.62201379755058,124.76475153929016,124.98327666204447,13144000
2021-08-19,126.44568634033203,126.45409904694706,125.90779891113301,126.32802386595249,15474300
2021-08-20,126.52972412109375,126.74823645956006,126.15992414503795,126.56333647153217,12388400
2021-08-23,126.44568634033203,126.48771140066356,126.00024891416321,126.2355738629223,10615000
2021-08-24,125.46243286132812,126.12639584925442,125.46243286132812,125.86584545666936,13835900
2021-08-25,124.42021179199219,125.53801182582306,124.0336119753284,125.40354957286347,16743800
2021-08-26,124.76475524902344,124.86561793338765,123.97473048010124,124.3613429843006,16657400
2021-08-27,125.61369323730469,125.63890571750554,124.66398040223163,124.86569306809076,15384700
2021-08-30,125.94140625,125.98341848013277,125.16818115731826,125.21861891712051,10596300
2021-08-31,125.08411407470703,126.14307594185446,124.80676417097348,125.79008865280532,15262400
2021-09-01,125.29369354248047,125.71445280789824,124.95709126636775,125.61347469317518,10807100
2021-09-02,125.8406753540039,125.84909875726015,125.17588136500149,125.58823006739144,9765900
2021-09-03,124.69625854492188,124.97396130966372,124.49430223642509,124.77200500116695,12928000
2021-09-07,123.6443099975586,124.1408156832493,123.41710924232517,123.92201265006416,15547800
2021-09-08,124.48585510253906,124.7046581824512,124.03144065447509,124.25865429878525,14533700
2021-09-09,125.99214935302734,126.13520595546436,124.4185138856671,124.68779312538584,20324600
2021-09-10,124.8813247680664,125.5292975280186,124.67936857107995,125.30208396585714,14894600
2021-09-13,125.63871002197266,125.79860058561204,125.34417342152614,125.41990700202285,15036100
2021-09-14,127.16183471679688,127.54893879648138,125.87431270565261,126.00053531829396,19918400
2021-09-15,126.71588897705078,127.27970497225947,126.16889411085263,127.24604987368191,11940300
2021-09-16,126.13519287109375,126.60644112213245,125.80700120765239,125.95005779524972,13328900
2021-09-17,125.529296875,125.68918742381697,125.13378220389009,125.53770743631345,13782900
2021-09-20,127.08612060546875,127.3806443602389,126.42131383564401,126.70743986901992,14660400
2021-09-21,126.97675323486328,127.03566570598737,126.39610329061054,126.82528603578311,10035800
2021-09-22,127.73406982421875,127.73406982421875,126.5980277104458,126.89255144043813,22277800
2021-09-23,124.84776306152344,126.60653474202324,124.83092908566643,126.58129019851837,23853300
2021-09-24,123.62752532958984,124.41855502626122,123.48446867984931,124.4101316206217,20203900
2021-09-27,123.17306518554688,123.59382445757845,122.76072931691046,122.91219649137592,13464300
2021-09-28,121.25443267822266,122.07913029211518,120.87575181173081,121.45640179927823,26613500
2021-09-29,121.46479797363281,122.38205021371152,120.91781599134323,121.85190219965477,23569400
2021-09-30,121.4479751586914,121.60785291273785,120.88414637544675,121.2628400323689,22567600
2021-10-01,122.47001647949219,122.51213554087218,121.50103378748184,122.04872301084151,26151800
2021-10-04,122.15823364257812,122.56268457337463,121.41676598316033,121.89703378530616,28027600
2021-10-05,120.97862243652344,121.92231560190179,120.87751612790579,121.83806463033878,22659200
2021-10-06,121.66111755371094,121.93917276342488,121.35778576646439,121.52630056896685,18696500
2021-10-07,120.38883972167969,120.77642255808959,120.14448228159453,120.65003964553372,14856000
2021-10-08,119.54618835449219,119.94220507653435,119.25127790808601,119.86636251295644,17257800
2021-10-11,119.24295043945312,119.56312484969196,119.18396316104587,119.31035896183525,7213400
2021-10-12,121.2820053100586,121.34097972931053,120.05182232394921,120.17821811982142,17968700
2021-10-13,122.46160125732422,122.62169485718448,121.8212397147415,121.84651629820803,23584600
2021-10-14,122.91658020019531,122.98398869453212,122.1329677032787,122.48685265590515,12946400
2021-10-15,122.20039367675781,122.29307876262132,121.72854700576447,122.17511709487299,11811500
2021-10-18,122.77336120605469,123.01770578655855,121.77068058809441,122.17511876062322,12115900
2021-10-19,121.07975006103516,121.94761364773625,121.03761813940883,121.8886392429453,12156300
2021-10-20,120.26242065429688,121.0628756114167,120.07705051388739,120.70056942770613,12782500
2021-10-21,120.11920928955078,120.61633256960712,119.84115401675871,120.48994965327356,13660000
2021-10-22,121.44204711914062,121.66953631229406,120.66686875795608,120.86908137409246,13740000
2021-10-25,121.25672149658203,121.58532997529122,121.02079811991184,121.05449594935341,8137900
2021-10-26,122.2593765258789,122.2593765258789,121.11345771332023,121.85492551660616,13671000
2021-10-27,124.48380279541016,124.85453026012492,122.95870958951697,123.35472649148139,22092300
2021-10-28,124.0624771118164,124.98089357932868,123.72543469929808,124.5258895366423,17497600
2021-10-29,124.44166564941406,124.70286554040847,123.28732567042995,123.41370856708653,19087300
2021-11-01,123.54570770263672,123.81567250408199,122.92139398485067,123.0057652265021,18035500
2021-11-02,124.09406280517578,124.49902925406835,123.59630602747598,123.59630602747598,9836700
2021-11-03,122.81172180175781,124.84493476076268,122.77796815717844,124.70995880217583,20639400
2021-11-04,124.1025390625,124.32188628956904,123.04796280558973,123.06482675696365,15922400
2021-11-05,125.9585952758789,126.19481933614881,124.9715134083413,125.3005406975205,21513000
2021-11-08,125.72235107421875,125.94169827411571,125.29207577582356,125.67173347987666,12083800
2021-11-09,127.35911560058594,128.04247919434005,127.08913780523872,127.22412670291233,23430200
2021-11-10,125.03052520751953,127.33371553584121,124.04344363823881,127.24935718166073,28170600
2021-11-11,124.84497833251953,125.41867463140092,124.76905191558242,125.29211772992436,5552500
2021-11-12,124.29659271240234,125.29210664169277,123.81569970119645,124.86184411054559,12712000
2021-11-15,122.73577880859375,123.98440615521851,122.51643161846715,123.92534371562105,15232700
2021-11-16,122.42357635498047,123.49502880048257,122.2042292581186,122.91290099250712,12998700
2021-11-17,123.39382934570312,123.41913814094559,121.87525013818406,121.96805334515402,14239900
2021-11-18,123.85783386230469,123.93376024097127,123.13228509526046,123.16603873460664,11054600
2021-11-19,125.16552734375,125.36801058716932,124.5074728941913,124.5074728941913,14022100
2021-11-22,123.69760131835938,124.55813934891279,123.28421556825643,124.35565602606248,15266000
2021-11-23,121.90898895263672,123.26728339292106,121.90898895263672,123.11541775065864,15318500
2021-11-24,123.86627960205078,123.86627960205078,122.15363640702375,122.28019324562229,13769700
2021-11-26,126.99627685546875,127.1228208437703,125.4270670343096,125.56205587066057,20064800
2021-11-29,125.97543334960938,126.24539810405393,125.00521573250849,125.12332772631083,23234200
2021-11-30,127.89055633544922,128.2955228475652,126.7600537872579,127.24937866779834,31481100
2021-12-01,128.6794891357422,128.73862335480996,126.52553680619782,127.11682744132277,30826500
2021-12-02,128.8399658203125,129.22852708541498,127.34486786062756,129.17783509431644,17754200
2021-12-03,130.37725830078125,131.027657086363,127.8432009024289,128.12193587403112,34427100
2021-12-06,128.58656311035156,130.37730643069574,128.33315469919194,130.12389801953609,30924200
2021-12-07,127.547607421875,128.83997618782007,127.42935187756916,128.15578247513005,22115900
2021-12-08,125.34294128417969,127.10833173732266,125.31760173806829,127.09988951824688,33633900
2021-12-09,126.04401397705078,126.56771503975821,125.41894185561641,126.14537214689553,17544900
2021-12-10,125.73992919921875,126.90559973225618,125.69769233127577,126.63529408852708,14298700
2021-12-13,127.5982894897461,127.80946103011411,126.96477486864207,127.03235130822638,17860500
2021-12-14,127.29420471191406,127.48847892436994,126.12009143760449,127.01545672592698,14015500
2021-12-15,126.06941986083984,127.37023098427268,125.96806163765751,126.37350741927582,25383900
2021-12-16,126.11841583251953,126.74419242422636,125.77170125184108,125.78861762010567,18677900
2021-12-17,127.54759216308594,127.67443271273449,126.98101620230082,127.13322486187907,18093500
2021-12-20,126.59207153320312,127.70832046452159,126.5075154314908,127.47999447340308,17147300
2021-12-21,126.10993957519531,126.16912749749852,124.83301853941474,125.27275370491965,16598200
2021-12-22,126.6935043334961,126.72732417945976,126.01699128350438,126.6173870991048,12253900
2021-12-23,125.59420013427734,126.50749101909332,125.17983273456704,126.49902637816255,11642500
2021-12-27,125.89859008789062,126.00851425402352,125.4250348704851,125.54342367483649,7821800
2021-12-28,125.3996353149414,126.6596403990303,125.1628577412537,126.50743177454963,9174600
2021-12-29,124.02967834472656,124.57088594975757,123.80981719072891,124.23263603539085,11771200
2021-12-30,125.06987762451172,125.12907848884028,123.84370488376439,124.5202179866156,10355000
2021-12-31,125.31513214111328,126.0254651618745,124.6724388241637,124.99378548263849,13402300
2022-01-03,122.02555847167969,124.2580421381644,122.00864209976532,123.80985505801713,33860400
2022-01-04,121.5181884765625,121.88181955762893,120.70638315261326,121.44208414683219,21996400
2022-01-05,120.85855865478516,121.90715422257034,120.68098193413222,121.89023785280025,20911700
2022-01-06,121.17146301269531,121.29831645439715,120.32582501499695,120.57951899498883,18996400
2022-01-07,120.30047607421875,121.12921073445784,119.70853196220074,121.03619002375402,18756800
2022-01-10,120.596435546875,120.76556056598331,119.5393880481833,119.78461739037856,13775800
2022-01-11,121.3998031616211,121.45900402205966,120.67255388193966,120.82477544920074,24388700
2022-01-12,120.9346694946289,121.7803073810694,120.92621776099215,121.68728669742455,14440600
2022-01-13,122.00862884521484,122.12701762893187,120.95158152509522,121.25601166942606,15166000
2022-01-14,120.16519927978516,121.31526780437392,119.90304058604832,121.28143504880086,22997500
2022-01-18,118.473876953125,119.49709160350366,118.40622437157268,119.20112607554917,21171700
2022-01-19,119.29415130615234,119.83535907577482,118.65145820863057,118.83749958913307,17930500
2022-01-20,120.02987670898438,120.07216119562894,119.31107914626782,119.54785678738097,13959000
2022-01-21,121.45901489257812,121.8564658660811,120.64719656915952,121.26450882236892,28916600
2022-01-24,120.46109771728516,122.0847206867568,120.44418134893624,122.02553275264808,25001600
2022-01-25,120.26665496826172,121.52666041762949,119.91148850476647,121.01927238211412,15599000
2022-01-26,118.81207275390625,120.56254863153042,118.80362102384696,120.30039015883627,23655500
2022-01-27,120.99388122558594,121.2391105572154,120.3596527536969,120.42730533910776,21501800
2022-01-28,121.03620147705078,121.31526363556908,119.95378559738809,120.1567305101904,12826500
2022-01-31,120.4103775024414,120.88393265181816,120.04675940681643,120.2327878697201,13998400
2022-02-01,120.01065826416016,120.55261950730718,119.451757098028,120.48487273674189,20806100
2022-02-02,120.41716003417969,121.57730604144368,120.18851623400664,120.20545616178437,18404600
2022-02-03,119.47716522216797,119.80742266580685,118.70656021321865,118.92674045656176,17234100
2022-02-04,117.7158432006836,118.67274905535308,117.52107921198001,118.42717819319479,23609800
2022-02-07,117.79206085205078,117.96988490071809,117.32630966514388,117.63116381281192,12962400
2022-02-08,117.00450897216797,117.35170646654181,116.70813126735021,117.03838883187203,16269200
2022-02-09,117.22468566894531,118.02069445715618,117.02145818012995,117.47026944643923,14349100
2022-02-10,115.36167907714844,116.71658912944271,115.03142152859145,116.57263203611068,30896200
2022-02-11,117.07223510742188,117.2924024711176,114.62493899165169,115.90362566011616,43210300
2022-02-14,115.6156997680664,116.64035203642214,115.14148523511321,116.12379415130307,23157400
2022-02-15,114.30316162109375,115.0314235256035,114.2692946838194,114.82819605919713,18198500
2022-02-16,114.9806137084961,115.2261974526087,113.90515434796592,115.12457080063324,16473700
2022-02-17,115.83592987060547,116.49645809524549,115.08226431066535,115.5480155940854,24508200
2022-02-18,117.05535888671875,117.17391259651934,116.14927258782538,116.45412683036764,17522600
2022-02-22,117.36016082763672,117.4279076203864,116.41173157190005,116.59803202161683,19534000
2022-02-23,115.74275970458984,116.73354541042929,115.64962238531064,116.58957537555014,17757800
2022-02-24,115.81897735595703,118.02069024156314,115.37862961028337,117.79205932481237,28150400
2022-02-25,115.90365600585938,116.27625696611238,115.31935112922459,115.89519250090149,15025400
2022-02-28,118.444091796875,118.58804889582956,117.13153797658916,117.22467528645942,25817700
2022-03-01,119.81353759765625,120.68691194163006,118.71121657037504,119.01647450195297,35664400
2022-03-02,115.71797180175781,119.0673206065146,115.66709764823378,118.57551555829443,30397400
2022-03-03,116.89656829833984,117.60883210834895,116.18430448833072,116.58283582122628,20649100
2022-03-04,118.91473388671875,119.40653908275492,118.12614545460153,119.01648222434808,25853100
2022-03-07,118.00740814208984,119.25387675100869,117.66823846746303,117.96500869813806,23710900
2022-03-08,116.82032012939453,117.22732639210004,116.37938913067435,116.59984816078654,28331300
2022-03-09,115.67559051513672,116.45569118141732,115.42969442168203,116.22675745463032,18819200
2022-03-10,114.01362609863281,114.61565418319748,113.38614799811417,114.32735867964558,26868900
2022-03-11,114.39520263671875,114.85308299927766,113.80164922655203,113.90339754301091,15583800
2022-03-14,111.72419738769531,112.68237053462765,111.69028559367308,112.52126040140952,24385000
2022-03-15,111.52914428710938,112.9027979847148,111.24084883377085,112.65690196592391,17518800
2022-03-16,112.6230239868164,112.8858824460253,110.50318100804176,111.78356150936354,25857700
2022-03-17,111.78352355957031,113.06390362621121,111.13909617065991,112.62298575203111,19330600
2022-03-18,113.14875030517578,113.2335362682736,112.41104902759528,112.41104902759528,55891700
2022-03-21,110.52861785888672,111.64788822133518,110.01985036964079,111.31719323487374,26122000
2022-03-22,109.11255645751953,109.67219813410499,108.82426090479198,109.34999078514286,21830900
2022-03-23,111.50370788574219,111.58850675534825,109.26515487614601,109.69759805875869,21266100
2022-03-24,110.63033294677734,111.2323609250847,109.8926319536294,109.93501844958762,17141600
2022-03-25,109.0955810546875,109.82480741581904,108.23916284559189,109.80784505249255,25684500
2022-03-28,110.02833557128906,110.70668797544415,109.41781970139907,109.7146029214969,17657800
2022-03-29,110.85930633544922,111.54613334865296,110.01136919549518,110.70667092224063,19319700
2022-03-30,111.72419738769531,111.936181681194,110.22335790544055,110.29119443197948,16310200
2022-03-31,111.99552917480469,112.49580893826031,111.63939715987902,111.91073029284928,19901000
2022-04-01,112.42185974121094,112.91441814954608,110.1544012989471,110.40916171850641,23489700
2022-04-04,111.64057922363281,112.08217264909648,111.00365217250334,112.03970825402504,13609900
2022-04-05,109.11835479736328,111.0630998296383,108.94849720504027,111.04611147874301,25196900
2022-04-06,108.2351303100586,108.95698612474112,107.34343635881741,107.36891240325905,22952000
2022-04-07,107.41989135742188,107.57275414145883,106.50272113235849,107.09718391519202,23458800
2022-04-08,106.25637817382812,106.85933477202768,105.5260349187347,106.53662104400925,26859200
2022-04-11,104.57491302490234,105.46661335264074,104.0823546252153,105.23731602075097,30020700
2022-04-12,104.43058013916016,105.44117332521724,104.1758066787423,105.34775682167457,23124200
2022-04-13,104.64286041259766,105.56003684282656,104.3626109790572,104.49849184834584,17189500
2022-04-14,102.54523468017578,104.39656919692199,102.23101506542992,104.33712294323016,34274500
2022-04-18,102.03567504882812,102.82546454303622,101.64502738748871,102.64712581584787,18784300
2022-04-19,101.27139282226562,101.67053477823016,100.77883438813252,101.18647051824597,26012300
2022-04-20,103.30958557128906,103.58134089755757,101.8404040867025,102.09517753971087,31423200
2022-04-21,102.54523468017578,102.68111553384612,101.2034404063819,102.61317510701095,23323200
2022-04-22,101.89983367919922,103.13122986159613,101.74697092825191,101.9677741194329,19773400
2022-04-25,102.91891479492188,103.76815081044784,102.86795622816382,103.0802652320453,25418900
2022-04-26,103.95496368408203,104.48148576531193,103.40295908481858,103.9804397229602,26931300
2022-04-27,102.62167358398438,103.87854569587815,102.5622273240462,103.76814735003767,14560500
2022-04-28,102.77452087402344,102.81698525866398,101.91679732085223,102.2395046149919,16892500
2022-04-29,101.44122314453125,102.73206530880658,101.15248605569539,101.32233063981583,26153400
2022-05-02,99.68287658691406,100.61011647552277,99.470206173176,100.26134037188903,29233900
2022-05-03,100.35491180419922,101.49482206032765,100.28685571691778,101.26514087848493,21256700
2022-05-04,100.90785217285156,101.20558943022448,99.82748292300283,100.35490784333875,25575700
2022-05-05,98.14312744140625,99.07887579765925,96.99470221899344,98.97679168072473,48384500
2022-05-06,96.6969985961914,97.86243499803005,96.39075262914166,97.09682008040566,32790500
2022-05-09,97.54763793945312,97.58166597544698,95.80374490351178,96.00790662929066,26773000
2022-05-10,98.43238830566406,99.4957405341284,98.23673513013131,98.5855112861704,33640800
2022-05-11,100.32941436767578,100.32941436767578,97.35202804397004,97.60722869188969,34173600
2022-05-12,100.14221954345703,101.1375152645325,100.0911807342278,100.39742007978741,26405700
2022-05-13,98.66207122802734,99.65736730786871,98.59401513106727,99.5127529694685,20782700
2022-05-16,98.55997467041016,99.47871239310992,98.55146603681503,98.8577119443816,11050600
2022-05-17,97.36900329589844,98.1261093084546,97.2839364442982,97.5816736699914,15040800
2022-05-18,99.44467163085938,99.52973848537398,97.4966101586055,97.59018564562706,21337300
2022-05-19,99.68287658691406,100.99292711436287,99.40215008313518,100.92487102432206,21937500
2022-05-20,100.81429290771484,101.24813591393116,99.58080051405717,99.60631992734207,22780900
2022-05-23,99.15545654296875,100.59311068801222,99.13844576470771,100.13374179272876,15925200
2022-05-24,101.11201477050781,101.77554537532237,100.26133317660496,100.29536121918333,23388200
2022-05-25,101.51183319091797,101.75853162476115,100.88232415689662,101.75002299181888,14410800
2022-05-26,101.05248260498047,101.3076832276448,100.21030951687115,101.24813576667114,14912900
2022-05-27,101.2991714477539,101.8606179563597,101.00993631468933,101.53736126899187,11190400
2022-05-31,99.15545654296875,99.72541821260097,98.61952941023118,99.68288153166894,28393700
2022-06-01,99.0421142578125,99.99656859613268,98.59045190103848,99.73239019916656,15544800
2022-06-02,99.09324645996094,99.45969061773495,98.39444672905849,99.3915134484438,9832000
2022-06-03,98.88019561767578,98.90576043019301,97.89165269052515,98.07913014956232,15330400
2022-06-06,97.05647277832031,98.43703080200166,96.98829562861808,98.13024013007247,20815400
2022-06-07,98.10469818115234,98.66714354290917,97.64451206604275,97.67007687770455,14278700
2022-06-08,97.2354736328125,98.11323367212457,97.21843258911723,97.72974842251193,11476100
2022-06-09,97.55924987792969,97.75525101346321,96.87749153288314,97.01383930085478,15527300
2022-06-10,96.9542236328125,97.67007082363317,96.27247152440403,97.45702207068076,21917100
2022-06-13,93.91190338134766,95.16463129815489,93.0937968136177,95.01123591034721,36968300
2022-06-14,92.72734832763672,94.57661666740756,92.5398643621706,94.1931249648452,21865900
2022-06-15,94.4572982788086,94.58512883943968,92.91482728526202,93.81815197738555,25202800
2022-06-16,95.20724487304688,95.20724487304688,92.13934357942671,92.42056304255648,26067300
2022-06-17,95.51402282714844,96.15316911506822,94.55956202989795,95.45436943367855,21614300
2022-06-21,93.89484405517578,94.61068472439617,93.57952956893435,93.81814312534115,17663800
2022-06-22,96.47697448730469,96.56219266868945,95.76965122852319,96.03383604306559,23703800
2022-06-23,97.2695541381836,98.1473141045479,96.7156259889855,97.06502912216983,20669200
2022-06-24,95.92308044433594,97.2951151050669,95.8719508177876,96.6900573512248,18161300
2022-06-27,95.10494995117188,95.6333131320813,94.72998861472658,94.78111822839386,12053000
2022-06-28,95.54814147949219,95.59927111806253,94.4828973310478,94.84081780450887,13706600
2022-06-29,97.0394515991211,97.06501641005809,95.59071612928012,95.76967630757129,12925400
2022-06-30,97.89167785644531,98.65864843606461,97.78941207835342,97.88315408283744,25802100
2022-07-01,98.89665985107422,100.40802884095606,98.38433171117897,98.96497200695512,21858800
2022-07-05,99.6736831665039,100.54464024101905,99.19550465134988,99.81030094611583,16689700
2022-07-06,98.00008392333984,100.36534190982756,98.00008392333984,100.23725824201603,20205400
2022-07-07,97.13768005371094,98.34165105345511,96.9242094176578,98.2818795359445,13088000
2022-07-08,96.06177520751953,96.9156576538086,95.67753071253188,96.9156576538086,15320000
2022-07-11,97.71830749511719,98.01716504306681,97.08642980561692,97.16328261200736,13639900
2022-07-12,98.29894256591797,99.24675253500973,98.17085890516937,98.63195617510095,18547300
2022-07-13,99.42607116699219,99.60538569361536,96.87295803817183,97.1462001522556,20594800
2022-07-14,98.61489868164062,99.18700496912479,97.74394130461947,98.2648102066738,15665000
2022-07-15,99.16992950439453,99.75056996144329,98.70883209603748,98.91376210599365,16022600
2022-07-18,98.13670349121094,98.46971710264445,97.4962916977456,98.40994559583858,15838300
2022-07-19,97.60731506347656,98.3245798140715,97.05229660141276,98.11964982016168,9276800
2022-07-20,97.86348724365234,98.66613898820921,97.38531506286478,98.60636746561077,9117300
2022-07-21,99.5541763305664,99.66518524585825,98.20504667713122,98.35874581671342,14754900
2022-07-22,101.22777557373047,101.8425655172085,100.7325221475393,101.00576429395397,17715300
2022-07-25,100.23725128173828,100.36533494065594,99.45168106179804,99.65661100730298,24868100
2022-07-26,100.31412506103516,101.8169536618232,100.24581289337928,101.4924806373681,13536000
2022-07-27,99.75054168701172,101.17652373121466,99.65661410186247,100.7666638274777,15725600
2022-07-28,100.544677734375,101.54371882861207,100.17750795000488,100.80084512425456,16637900
2022-07-29,100.27140045166016,101.8766968576518,100.18601352313173,100.50194581014742,16655900
2022-08-01,102.68630981445312,102.73763377182466,101.00965976705905,101.15508199724124,17974600
2022-08-02,100.51348114013672,103.2423173123178,100.33384080808065,102.78038223284108,17896300
2022-08-03,102.0960464477539,102.21580668546605,99.5126386431076,100.23120006938044,16731200
2022-08-04,102.06185913085938,102.26716805161358,101.4031776244979,101.77957078610184,11003000
2022-08-05,99.63240814208984,100.17988543007675,99.13625481033795,100.14566728377206,19492300
2022-08-08,101.24063110351562,101.39460951272369,100.56483733679384,100.6332736356518,17476300
2022-08-09,100.84711456298828,101.24916959050874,100.47927767892101,100.7102485156191,8223200
2022-08-10,100.18844604492188,101.7196738961858,99.85482726169926,100.71026137795099,14665300
2022-08-11,97.85309600830078,100.13710325160737,97.59646319439156,99.97457522747885,20663800
2022-08-12,98.84539031982422,98.86249612628707,97.8873019968357,98.46044114676116,12178400
2022-08-15,98.75985717773438,99.87192403885156,98.75985717773438,99.51264330886987,9031800
2022-08-16,99.17046356201172,99.24744948907117,97.7247780182008,98.58876818282538,11066000
2022-08-17,98.1353988647461,98.46046146616585,97.78466775867068,98.42624331973576,14131300
2022-08-18,98.28082275390625,98.92239832581866,98.0241899145636,98.34925904792352,10738200
2022-08-19,96.69828796386719,96.95491432183408,96.44165507945493,96.8608225590913,16330900
2022-08-22,96.37319946289062,96.62982575205783,95.9198139517857,96.54428365566875,10457200
2022-08-23,95.84282684326172,97.07465390072157,95.58619403080974,95.97114324948771,17813200
2022-08-24,95.14136505126953,95.69739842457267,94.83340830686912,95.37232934634828,13971600
2022-08-25,96.46727752685547,96.74101611236614,94.94460623704965,95.22690098891954,21429700
2022-08-26,97.19442749023438,97.51093393909822,95.81717802887792,96.06525470793936,18764400
2022-08-29,96.39031982421875,96.67261465872167,95.91982843338054,96.6127345295645,14278300
2022-08-30,96.62979888916016,97.10029007816979,95.98822355493344,96.33895453700278,14346600
2022-08-31,95.70596313476562,96.95489611640335,95.449336824986,96.39886918199211,13623500
2022-09-01,93.95377349853516,94.51098241264431,93.38799686869092,94.18523262820314,22490400
2022-09-02,94.48524475097656,94.77670398563674,93.84231304367839,94.02233313689314,13024400
2022-09-06,92.14496612548828,93.41368751259905,92.08495943057191,93.35368081768269,24648500
2022-09-07,93.60226440429688,93.85086539125304,92.76216429181615,92.85646144342842,17050100
2022-09-08,92.64218139648438,93.88518019987787,92.62503942702467,93.30225513464558,14671400
2022-09-09,92.84789276123047,93.26794611278832,92.2649678527666,92.86504126631851,12529800
2022-09-12,92.08494567871094,93.34509262400496,91.65632462467832,93.1222078446413,14806900
2022-09-13,92.29927062988281,92.35927732521544,91.07341396216808,91.34773121800862,22158900
2022-09-14,92.61649322509766,92.76222290048624,91.82783158626773,92.01641946840712,13077800
2022-09-15,92.55646514892578,92.74505952779502,92.22214112829053,92.45359370402238,10260200
2022-09-16,91.78492736816406,92.62502765015795,91.52775207728612,91.75063689336439,18903800
2022-09-19,91.999267578125,92.42788884088932,91.55350434255634,91.69065974571537,11084400
2022-09-20,91.08198547363281,91.58775524188928,90.35333089789157,90.60193192542476,20133800
2022-09-21,92.6078872680664,92.61646152257848,90.84197017249664,91.46775340683898,23132900
2022-09-22,90.24188995361328,90.83338920668378,89.77898488800267,90.68765959194565,29030600
2022-09-23,90.61051177978516,91.23630155918414,89.63325604556533,90.3019040173747,23042200
2022-09-26,88.87889862060547,90.36193095588347,88.48456787336322,90.31906621673588,25104600
2022-09-27,86.53858947753906,88.27879647654065,86.49573129564263,88.04733744139418,34609500
2022-09-28,89.43608856201172,89.53895344976634,87.85019165347903,88.40739390278867,39283100
2022-09-29,88.9731674194336,89.35035607478451,88.1244994851329,88.21022239582933,19127100
2022-09-30,87.82445526123047,89.89041197286664,87.63586748286869,89.38463570568958,26485700
2022-10-03,89.21994018554688,89.9503342111801,88.63562365386989,89.23712307360267,27192200
2022-10-04,88.97074890136719,89.92455984120409,88.76452145800717,89.49491550995691,13788700
2022-10-05,88.12004852294922,88.36923644771657,87.28653753229095,88.2747207331317,20522100
2022-10-06,87.63029479980469,88.36927730584816,87.24361081763666,88.15445505659528,13965700
2022-10-07,86.77958679199219,87.32094301106207,86.33275943509496,86.62491452309426,14814800
2022-10-10,85.43048095703125,86.3671090488162,84.8977261589238,86.35851432617987,15652600
2022-10-11,85.80858612060547,86.70224732208844,85.0610024519798,85.70546909725422,33246700
2022-10-12,86.22962951660156,86.39289648599704,85.23285792056089,85.31019076552512,21447600
2022-10-13,85.40472412109375,86.2554183051659,84.50246814451285,84.51965759396714,30292500
2022-10-14,84.70008087158203,86.09213082666474,84.42510876937641,86.09213082666474,18728200
2022-10-17,84.28768157958984,85.63677203082739,84.15879343342041,85.31883263994342,18969900
2022-10-18,84.48528289794922,84.60558281736236,83.23931663723275,84.16734365044078,16931500
2022-10-19,82.94713592529297,83.71190233242184,82.76668608768584,83.51426960564602,25431600
2022-10-20,81.5293197631836,82.77529246860507,81.40901985450198,82.43157563414904,25434900
2022-10-21,80.0599136352539,80.71297477709153,79.2779644539792,79.93101903996536,46280300
2022-10-24,79.3982925415039,80.38647604872318,78.92568104279137,79.75919229187325,31332600
2022-10-25,81.70977020263672,81.83007666802038,81.15123771804042,81.27153762757071,31213100
2022-10-26,82.88699340820312,83.08463270854486,82.29408206303093,82.29408206303093,24843900
2022-10-27,83.75489807128906,84.12439259554861,82.68078684447117,83.33384830601575,20270000
2022-10-28,83.17913055419922,83.8923350364574,82.84400855910712,83.23068576702845,22244100
2022-10-31,82.58625793457031,83.02449711574221,81.65822433533127,82.80108016277264,23956700
2022-11-01,83.35804748535156,83.91796130099029,82.87566343347319,83.883504358429,17585100
2022-11-02,82.99626922607422,84.0988652299974,82.66032221150358,83.47865990678355,25010500
2022-11-03,82.54833984375,83.02210806007324,81.91089620638431,81.97981009777364,29097500
2022-11-04,81.16150665283203,82.40193083256138,81.16150665283203,81.91954000044849,23561400
2022-11-07,80.35177612304688,81.7127962245082,80.31731916923864,81.66111407979183,14522800
2022-11-08,81.23043823242188,81.7989617237696,80.77388837610464,80.79973602879714,20360600
2022-11-09,81.49742126464844,81.85059343650593,80.70493127570917,80.81691141371472,15637500
2022-11-10,84.6329345703125,84.7879875377484,83.24607374268861,83.32360351240173,45380900
2022-11-11,84.32283020019531,84.73630697836062,84.02134013902813,84.04718120541526,15943100
2022-11-14,84.1161117553711,84.40898599507959,83.63372098998103,84.34007866173107,13741100
2022-11-15,85.47712707519531,85.53742509602871,84.51235216986956,84.63294821153636,26608200
2022-11-16,87.34638977050781,87.38945603858248,85.91645560177834,86.15764773337303,28507700
2022-11-17,86.4246597290039,86.6313948364835,85.9508849285397,86.3126730096266,24528900
2022-11-18,85.8302993774414,86.90705444447272,85.752776167171,86.6572464802825,14941300
2022-11-21,86.19208526611328,86.8467541700381,85.96812494981603,86.73477401188948,15534000
2022-11-22,87.4153060913086,87.5359021604245,86.59696811145885,86.70033898726942,18103100
2022-11-23,88.93998718261719,88.93998718261719,87.93214580586482,87.98382795687999,23234600
2022-11-25,88.63845825195312,88.66429931615998,88.23359738740606,88.38865034463707,9486100
2022-11-28,88.88832092285156,89.4223874374682,88.45761872874452,89.25010918862294,14563200
2022-11-29,87.84600830078125,88.69018078540859,87.78571026616501,87.99244544599314,16576400
2022-11-30,88.4920425415039,88.4920425415039,87.32053248665117,87.53588350302864,21581700
2022-12-01,91.3189926147461,91.36216140742144,89.02219940494197,89.06537478525546,53156800
2022-12-02,92.46739959716797,92.47603599234283,90.32603472855712,90.92182083047483,24479500
2022-12-05,91.17221069335938,91.517594012423,90.57643122030447,91.38807444431929,20159700
2022-12-06,92.34649658203125,92.72641883645704,91.69027561774406,91.95794452192337,21754500
2022-12-07,94.52239990234375,94.70372462345736,93.42580859531328,93.57260092085642,30546700
2022-12-08,94.26336669921875,94.50513300911051,93.65895092448939,93.85754185576995,13377300
2022-12-09,91.8111572265625,93.39991101350203,91.75934545515338,93.20132008395349,25872200
2022-12-12,92.10474395751953,93.34812127485915,91.75073083044522,93.13225752324541,16897100
2022-12-13,92.99411010742188,94.18568234193845,92.78688273136488,94.15114334798903,23854700
2022-12-14,93.39131164550781,93.52946104313538,92.29471992227661,92.9595840730067,19517500
2022-12-15,93.75567626953125,94.44811374503492,93.61719273657441,93.81626405336984,20246200
2022-12-16,92.70836639404297,93.33155878124059,92.01592894080717,92.26693735251582,20838300
2022-12-19,91.15039825439453,91.60913532520658,90.86477387304149,91.60048464341405,26126800
2022-12-20,89.53182983398438,89.85207673160215,89.23754158356503,89.47989272886717,28869000
2022-12-21,89.75686645507812,90.36275092221308,89.11636605594546,90.26754060028577,15894100
2022-12-22,89.73954772949219,90.1203889715393,89.47988204562866,89.73089044574402,11322500
2022-12-23,88.42390441894531,88.98650226658957,88.30272228478267,88.78743101071977,15408900
2022-12-27,86.67550659179688,87.48046213476614,86.56298833870899,86.9784454297807,26475700
2022-12-28,86.16484069824219,87.22945529064778,85.99172807099268,87.11693703561423,17302900
2022-12-29,87.14292907714844,87.41124547743391,86.37259580881559,86.43318359609209,16593000
2022-12-30,86.17350769042969,87.03040049949722,86.00905891787525,86.44183066256977,20810200
2023-01-03,87.81803894042969,88.57971481038302,87.28139961622486,88.45853925388073,25313200
2023-01-04,89.02116394042969,89.56646067147665,88.46721652737257,89.3414174713053,21678200
2023-01-05,89.39335632324219,89.40201360963464,88.09504071451134,88.17294308489402,14771100
2023-01-06,91.03787231445312,91.14173991940673,88.83939086973503,88.89132137042516,27473700
2023-01-09,91.52256774902344,91.68702312700147,90.25021774873044,90.37139991389567,21472200
2023-01-10,90.00786590576172,90.72626858915224,89.58375144357994,90.47526018398305,20545200
2023-01-11,91.47066497802734,91.50528752091577,90.62242918619772,90.85612969980097,18794000
2023-01-12,93.27096557617188,93.31423878724992,90.50122252784655,91.59180914203094,32029600
2023-01-13,92.39676666259766,93.30558995972443,92.07651319711326,92.69970556044902,17750800
2023-01-17,91.79949951171875,92.31883065705733,91.44463027287854,91.46193822939057,13911700
2023-01-18,94.02398681640625,94.14516237655931,92.71702090281629,93.87684600815933,35497200
2023-01-19,93.4354019165039,93.79893514192827,92.9939795629278,93.56523473961462,17194700
2023-01-20,91.92071533203125,92.82088134755224,91.84281958820932,92.57853022867596,22754100
2023-01-23,91.4879379272461,91.9207096423297,91.30617459933966,91.37541965861038,12961500
2023-01-24,92.80358123779297,93.00265255790126,91.21963494363082,91.8514846458109,16417200
2023-01-25,93.02863311767578,93.40081714615819,92.30157302789841,92.93342278921001,11906500
2023-01-26,92.59587097167969,93.17578368486153,92.1717497901814,92.7343545343677,15549400
2023-01-27,92.36213684082031,92.57852269414533,91.84281211355471,91.91205717147605,11845500
2023-01-30,92.02458190917969,92.75164186133685,91.91206363482426,92.14575746727711,11459700
2023-01-31,92.76030731201172,92.85551763761642,91.63510457857014,92.59585851616391,13705300
2023-02-01,93.8753662109375,94.23114849608783,92.34808903766537,93.32867345155815,25305800
2023-02-02,93.99687957763672,94.89068193634654,93.79728949357977,94.51754043876689,19548400
2023-02-03,92.59107208251953,92.94686102083487,92.05305882827207,92.65181572801717,20619500
2023-02-06,91.90555572509766,92.25265854892841,91.70596564288918,91.76670929911576,15182400
2023-02-07,91.16790771484375,92.18320357556742,91.11584363705867,91.40220930599507,18290300
2023-02-08,91.60181427001953,91.61917338041128,90.58652479060758,91.1505767082456,13530700
2023-02-09,90.73404693603516,92.52165798978122,90.58652759594067,92.3914911400551,20469900
2023-02-10,89.71875,90.6299112521136,89.48445498633218,90.59519965368865,16598300
2023-02-13,90.47372436523438,90.61256415678224,89.88364035489299,89.99644809931071,13134300
2023-02-14,90.26547241210938,90.96837092498772,89.50183685774863,90.42167134601983,15440300
2023-02-15,89.42371368408203,90.20470149711701,88.94643746895122,89.85759874490618,15246900
2023-02-16,88.15677642822266,88.70347592231522,87.93116093026094,88.57330906083787,19267300
2023-02-17,88.84231567382812,88.84231567382812,87.61876306591755,87.73157081484044,19560900
2023-02-21,87.11544799804688,87.81833972653806,87.01999274842942,87.65346789402152,22728000
2023-02-22,87.91380310058594,88.24356003721519,87.60140527670647,87.63611688164438,15165400
2023-02-23,88.77289581298828,89.02454334972695,88.05264494422214,88.11338859456619,15829100
2023-02-24,87.61875915527344,88.33901001844471,87.26297019133534,88.02661221322732,21403600
2023-02-27,87.86174011230469,88.25223408680132,87.56670139745154,87.89645171768066,14209200
2023-02-28,88.26090240478516,88.2695819601644,87.01999080799014,87.27164494950084,14955700
2023-03-01,87.3127212524414,87.88685742913998,86.95605557063783,87.70417743487792,19000000
2023-03-02,86.53849792480469,86.6863807725536,86.01654753083803,86.17313132165303,23763600
2023-03-03,88.63497924804688,88.64368019163834,87.48670025836167,87.79986785890084,30877300
2023-03-06,87.9477310180664,89.02641549117938,87.852040570618,88.9220307389621,16631900
2023-03-07,88.48709869384766,89.05254057824956,87.7563720612839,88.26092061271179,23096500
2023-03-08,88.57410430908203,89.57450064982156,88.22613949879741,89.0786529521509,20252400
2023-03-09,88.79154205322266,89.18299814289769,88.14781175404916,88.33919264655653,21550400
2023-03-10,91.85363006591797,91.94062622043306,90.47047881587515,90.49657500747978,43921500
2023-03-13,92.06241607666016,94.90701388743827,91.37518758069618,94.12409492767709,51502500
2023-03-14,90.54878997802734,91.87105486874738,90.25302421689675,91.46219673328626,38417800
2023-03-15,92.29728698730469,93.69784014960844,91.64485563729517,92.88882501012165,45164100
2023-03-16,91.57527160644531,93.97622110126342,91.37519635338793,93.41077920732293,43089300
2023-03-17,92.94973754882812,93.71526140532981,92.6104737076517,92.77575847428298,38129000
2023-03-20,92.13199615478516,93.04539593639923,91.96671144516614,92.97580167583607,24242800
2023-03-21,91.34037780761719,91.70573772599788,90.94022075840871,91.40997206927278,18934900
2023-03-22,92.55825805664062,92.60174949591119,90.85323833436858,91.04461925040798,26388500
2023-03-23,92.55825805664062,92.68874564820155,91.18380114769825,91.65355249519278,25475100
2023-03-24,92.94973754882812,93.45428615663583,92.43649463310655,93.15851376565756,23652700
2023-03-27,90.76624298095703,92.00151800348142,90.75754867515116,91.38388381065656,22224500
2023-03-28,90.93154907226562,91.06203669563365,90.48789380756484,90.67927477025445,17794300
2023-03-29,90.74885559082031,90.86194130796125,90.12252040107775,90.20950992479194,16804400
2023-03-30,91.16642761230469,91.38390477107747,90.70537046073036,90.87065522519806,14315800
2023-03-31,92.53215026855469,92.69742833606776,91.40996774077446,91.64484006664765,25396700
2023-04-03,92.96735382080078,93.4034108337067,92.18244986682974,92.33943065762395,18234800
2023-04-04,93.4295654296875,94.01388683526156,92.22605056936308,92.25221292337208,18052400
2023-04-05,94.40634155273438,94.51099762923404,93.67376897834224,93.98772390043754,23047700
2023-04-06,94.6505355834961,94.94705781666681,94.52844015033817,94.55460250691456,16447300
2023-04-10,93.12435150146484,93.97902632940082,92.93248531639534,93.87437023198932,19134400
2023-04-11,93.31617736816406,93.39466441703404,92.88884346568238,93.35978572000315,13971200
2023-04-12,93.22026824951172,93.46445911362092,92.3394312150875,93.359809688261,20563000
2023-04-13,92.4876937866211,93.65632337085162,92.33942934752314,93.35980780005947,22079400
2023-04-14,91.6417465209961,92.05164119154895,91.3713866393557,91.91209974893428,19801900
2023-04-17,90.55158996582031,91.21439175476047,90.44693390002394,91.06613398515816,19528800
2023-04-18,90.87427520751953,91.21439913173884,90.5254349340548,90.53415128330022,15922600
2023-04-19,90.78704833984375,90.90914374370412,90.24634202380513,90.62135123671924,16093900
2023-04-20,91.56324768066406,91.81616154099679,91.35394218213769,91.42371289954708,16450100
2023-04-21,91.04869842529297,91.97313709036354,90.93531935253426,91.8336023171932,15244700
2023-04-24,91.92952728271484,91.99929133630077,91.43241598357207,91.53707204450227,17034300
2023-04-25,93.28130340576172,93.42956117419426,92.6882656783304,92.73187403549343,21899900
2023-04-26,92.28707885742188,93.5254788136946,92.15626046120714,93.13303027875044,19610400
2023-04-27,91.37138366699219,91.80744068042456,91.23184888261886,91.7463929646921,20247600
2023-04-28,92.84526824951172,93.10690514652151,92.32200110919483,92.62723971990447,26954100
2023-05-01,90.16807556152344,92.17025709052939,89.9145234897637,92.03910854713752,32487300
2023-05-02,92.41507720947266,92.41507720947266,90.83256946154619,90.92874462892776,30057800
2023-05-03,92.93091583251953,93.20195127120446,92.0478560648628,92.67736375386593,23656200
2023-05-04,92.01290893554688,93.07082928742486,91.9342237872102,91.99542557052564,25110500
2023-05-05,91.70690155029297,91.71564656819666,91.0249369046779,91.23477064090694,15096500
2023-05-08,90.42167663574219,90.81512247913894,90.334246449597,90.50910682188736,20587000
2023-05-09,90.09815216064453,90.61399474435406,90.05443374790941,90.49159119328762,19182500
2023-05-10,90.97248077392578,91.13859609229135,90.614008412806,90.64023679620612,22886800
2023-05-11,91.93421173095703,92.25770397013274,91.5582560626095,92.06536029814677,19147200
2023-05-12,91.1648178100586,92.02164940461526,91.14733444590158,91.84678908107003,14198500
2023-05-15,90.22057342529297,90.46538057549039,90.1593716377436,90.39543376957839,20085300
2023-05-16,89.94951629638672,89.96700633021021,89.27629674503838,89.52984887153134,29251700
2023-05-17,89.68721008300781,90.1943142469949,89.48611475229146,90.1243674649638,21340900
2023-05-18,89.02275085449219,89.40745157963536,88.96154907280977,89.35498814498335,25536600
2023-05-19,88.39324188232422,89.05772312537883,88.24460993876409,88.5331354789647,29038000
2023-05-22,88.07849884033203,88.92658553086737,88.01729705186528,88.52440139658668,20131100
2023-05-23,88.33203887939453,88.52438923686721,87.67630266282514,87.80745124023777,21749500
2023-05-24,87.89488220214844,88.62056522267925,87.89488220214844,88.55061842468967,18473400
2023-05-25,87.6762924194336,88.13093987861419,87.4577137061141,88.04350305689202,22492800
2023-05-26,88.38451385498047,88.45446066674651,87.43151355902475,87.53643377667383,17030300
2023-05-30,89.2675552368164,89.38995879641813,88.52438886195063,88.65553743880781,23125200
2023-05-31,90.04568481445312,90.2118067710287,89.06645644851615,89.1713699617277,23787000
2023-06-01,90.39899444580078,90.84607541324557,89.96943662311716,90.53925317434526,21040400
2023-06-02,89.40839385986328,90.35516541690646,89.36456593058126,90.29380096533275,19136500
2023-06-05,89.24182891845703,89.8028771927865,88.72460856942715,88.84733746142278,14433200
2023-06-06,89.7677993774414,89.82916381560379,88.8823924654795,89.2768771839202,14332100
2023-06-07,88.43529510498047,89.7940875418149,88.34763258704115,89.56615964459553,25251100
2023-06-08,89.46976470947266,89.53989742720745,88.36520450215814,88.42656895812006,23845100
2023-06-09,89.34703063964844,89.65385290174554,88.83857849775971,89.0665064731277,22147400
2023-06-12,89.6100082397461,89.68014094033691,88.64570701540082,89.62753807078258,19010300
2023-06-13,88.72457885742188,89.7064163528131,88.51418749705974,89.51355481905583,25910800
2023-06-14,89.43467712402344,89.67137331814445,88.94376159284285,89.09278856649088,29094200
2023-06-15,90.29377746582031,90.84605738624944,89.94312068170673,90.32007555419001,25732000
2023-06-16,89.94313049316406,90.14476033969629,89.44344669496625,89.80287177715161,16759100
2023-06-20,90.56553649902344,90.87236537611103,90.39021144487805,90.39021144487805,17162900
2023-06-21,90.7846908569336,90.86359180844488,89.71519069975226,90.12721190996687,19720100
2023-06-22,89.68890380859375,90.512946331895,89.59247301594264,90.11846158975688,23630700
2023-06-23,90.58307647705078,91.12658817859335,90.27625427646669,91.0213958173773,22901900
2023-06-26,90.67949676513672,90.99508718868019,90.43403903309658,90.83729197690846,12894900
2023-06-27,90.44280242919922,91.12657946460678,90.08338408237651,90.81098903469226,18105700
2023-06-28,90.82849884033203,91.03012191290227,90.14472200601601,90.65317384781707,23826800
2023-06-29,89.189208984375,89.71519080492061,88.93498298866325,89.56616384860668,41091600
2023-06-30,90.2412109375,90.34640332553934,89.30320757754619,89.46976442134984,32024900
2023-07-03,89.72959899902344,90.76683403333882,89.71201499320458,90.39764368080854,16011800
2023-07-05,88.876953125,89.65927370216914,88.55171609042792,89.56258179206212,28170300
2023-07-06,87.61997985839844,88.23528602130116,87.43538800952761,88.07706347850701,41375700
2023-07-07,87.09257507324219,87.54965870098896,87.01346044735594,87.180474997078,28996500
2023-07-10,87.20681762695312,87.48810132098336,86.89037263287759,86.89916463447197,24665200
2023-07-11,87.6551513671875,87.87490455183996,87.27717562133186,87.52329811512902,20485500
2023-07-12,88.63082885742188,88.88574327818789,87.69907107998988,87.9891468042753,31928000
2023-07-13,89.56257629394531,89.63289889813034,88.80662506478791,89.05274747310285,32441500
2023-07-14,89.03517150878906,89.60653094026806,88.99121820393192,89.41314712902907,18569000
2023-07-17,89.07913970947266,89.21099294968641,88.70995600194163,88.98245448673924,18822000
2023-07-18,89.4834976196289,89.72082810335057,89.28132174314872,89.4834976196289,15407400
2023-07-19,90.49435424804688,90.52073026221224,89.42196439370107,89.65929487051224,27192500
2023-07-20,89.39557647705078,89.93177468599944,89.02639280390594,89.85266677304,56951200
2023-07-21,89.42195892333984,89.966942468728,89.3340522941689,89.79993462723853,20657500
2023-07-24,89.0967025756836,89.79112321677887,89.04396397464664,89.65047800556995,17546700
2023-07-25,88.92969512939453,89.21977087080977,88.60446478871683,88.63083409133033,17160600
2023-07-26,89.01761627197266,89.38680671561804,88.71875516262655,89.37801471053876,19310700
2023-07-27,87.28597259521484,88.71876102642928,86.94315814414921,88.5253771399132,44794400
2023-07-28,87.73422241210938,87.77817571309636,87.15407773580758,87.37383082807823,27434000
2023-07-31,87.94522094726562,88.19134342361868,87.56724522819931,87.59361453547507,28663800
2023-08-01,86.50405883789062,87.19157728824122,86.29251625120219,87.12106085107254,34943400
2023-08-02,85.57855224609375,85.7107688894516,84.97918268253144,85.53448451485302,38121300
2023-08-03,83.60414123535156,84.01841692400298,83.33089842999341,83.90383274994072,59394800
2023-08-04,85.08496856689453,85.21718523814482,83.85095750992393,83.86858998599423,42071800
2023-08-07,84.2475814819336,84.7940670244426,84.17706504908818,84.71474108110438,35862900
2023-08-08,85.2259750366211,85.82535126550191,85.0056162278387,85.375817412637,24010500
2023-08-09,85.66668701171875,85.75482918446276,85.35817931988963,85.39343753395057,20151100
2023-08-10,84.25637817382812,85.81652207029404,84.25637817382812,85.53446310664147,37253200
2023-08-11,84.06249237060547,84.50321004885687,83.91264324913826,84.000792164643,26753500
2023-08-14,83.87740325927734,84.55610561797101,83.64822815219861,83.92147099825698,19072000
2023-08-15,83.36613464355469,83.912620110008,83.3485021753887,83.56005144448312,24125000
2023-08-16,82.71388244628906,83.5512499870458,82.60811451785226,83.10171611673712,23076700
2023-08-17,82.36133575439453,82.51117817631567,81.99112773136336,82.41421973276218,32244900
2023-08-18,82.65217590332031,83.02238379888992,82.23790700737337,82.35249116265867,24181700
2023-08-21,81.5503921508789,81.76194146774068,81.294781828102,81.67379928145715,29254100
2023-08-22,82.17621612548828,82.22028385567683,81.49750717737159,81.65616580064922,21308700
2023-08-23,84.21232604980469,84.22114228540615,83.05764800425722,83.11934820383263,38294700
2023-08-24,83.6570053100586,84.22112321409813,83.63937284284843,83.85091537565928,22300800
2023-08-25,83.93026733398438,84.18588436880141,83.30444910039127,83.43666573561627,23865200
2023-08-28,84.01840209960938,84.3180935613203,83.63938469865595,84.30927732646552,16037300
2023-08-29,84.89103698730469,85.06732809340154,83.6834748534272,83.7099168381372,28478100
2023-08-30,84.80290222167969,84.97037710593062,84.51202691476554,84.75883448491064,17550100
2023-08-31,85.18190002441406,85.54329169635136,84.99679943323292,85.09375784644453,26959700
2023-09-01,83.85489654541016,84.71245430312773,83.65156214109874,84.69477568992198,32469700
2023-09-05,82.67906951904297,83.35981416252,82.65254822682736,83.35097148345218,29435900
2023-09-06,82.88240051269531,83.20066947026302,82.62601681104427,83.18298411429426,23636300
2023-09-07,83.11231231689453,83.16535492634867,82.8205644749147,83.10346963365517,18091500
2023-09-08,83.43055725097656,83.89911815181512,83.2537373624598,83.4393931866606,17052100
2023-09-11,82.82936096191406,83.08574467293512,82.7055904455573,82.83819689523435,17061500
2023-09-12,83.30681610107422,83.31565203987653,82.73216306432647,83.00622555700971,20034300
2023-09-13,83.28910064697266,83.57200572125588,82.94431029847088,83.03271686949896,23332300
2023-09-14,82.68791961669922,83.28909369247769,82.57299175845792,83.05039529613391,27800600
2023-09-15,82.18399047851562,82.64371537737114,82.18399047851562,82.6260300185754,25642900
2023-09-18,82.65255737304688,82.68792134824362,82.06022596472572,82.08674725987612,17963400
2023-09-19,82.04254913330078,82.59951657853418,82.04254913330078,82.29009022007118,24941800
2023-09-20,82.29891967773438,82.74980190457168,82.25471976999783,82.47573954364519,29451200
2023-09-21,80.18598175048828,80.77831994812965,80.17714581476923,80.70759199244276,59958700
2023-09-22,80.83134460449219,80.99047909697839,80.15944266455183,80.28321318704248,29524500
2023-09-25,78.84217834472656,79.60248694829109,78.81565704960036,79.26653930171155,45587900
2023-09-26,78.568115234375,79.23117458628941,78.42665933503876,79.06319739207477,38104100
2023-09-27,78.16146087646484,79.23119611211783,77.87854900092981,79.16046814323407,47111200
2023-09-28,78.40013885498047,78.44434551022962,77.00329218696595,77.46301711959816,60238000
2023-09-29,78.40897369384766,79.1162328921854,77.91388483552453,78.92173442052145,49010100
2023-10-02,77.09638977050781,77.98326874784422,76.90127531287787,77.88571151902924,44704300
2023-10-03,75.43792724609375,76.84806840583728,75.28715943667744,76.54652602065472,71362600
2023-10-04,76.50218963623047,76.54652952943542,75.71286781386969,76.0676140249103,56281600
2023-10-05,76.12083435058594,76.44011136610578,75.95232515729755,76.36915941457903,35758800
2023-10-06,75.19850158691406,75.99669436249211,74.55107667829172,74.67523924712025,62787900
2023-10-09,76.96334075927734,76.98108212433507,75.34035094025508,75.82813698411911,29424900
2023-10-10,76.85692596435547,77.30922931535632,75.845877829589,76.13854948001222,54743900
2023-10-11,78.4621810913086,78.4621810913086,77.69059397578495,77.91231371131308,58517700
2023-10-12,76.33367156982422,78.213857394833,76.20950905713349,78.08969488214227,66986700
2023-10-13,77.69947814941406,77.8945926331691,77.309249181904,77.69060746387505,44183800
2023-10-16,76.44898223876953,76.59975684106533,76.18292254587031,76.44011831878535,38309800
2023-10-17,75.6064453125,75.94345694369585,74.94128596957478,75.28716828658783,52949100
2023-10-18,74.9412612915039,75.13637571712714,74.36478869753033,74.8348333957962,63724600
2023-10-19,73.40697479248047,75.00335976294963,73.380369504031,74.39141106321144,87696900
2023-10-20,73.82381439208984,74.08988082863968,73.40698013245868,73.60209461708183,52188800
2023-10-23,74.71070098876953,75.2605685218506,73.09658113540063,73.44246347781173,70890400
2023-10-24,75.69512939453125,75.69512939453125,74.57765984040736,74.88807293669493,46267700
2023-10-25,74.01006317138672,74.61314127064459,73.72626211093306,74.51558402176825,60737200
2023-10-26,75.14527130126953,75.22508717473791,73.9657204401092,74.03667239409269,49704100
2023-10-27,74.82600402832031,75.3581302198581,74.26726577580675,74.66636549422381,32362300
2023-10-30,74.48896026611328,74.94127042003093,73.82380106120176,74.32932178628054,45026900
2023-10-31,74.12537384033203,75.18075561080299,74.09876854383265,74.82600930234169,37269200
2023-11-01,75.73253631591797,75.7503385993232,74.77141669948837,74.7892189828936,72308500
2023-11-02,77.458984375,77.69926086324223,76.72924697977022,77.13861119762291,69739400
2023-11-03,77.98406219482422,79.24775983222688,77.93957005458417,79.03417311657425,77692300
2023-11-06,77.22762298583984,77.60138953000106,77.06743635411604,77.48570182526058,41341900
2023-11-07,78.36672973632812,78.75829859125643,77.94846423939714,77.9662665271212,37834200
2023-11-08,79.70162200927734,79.75502208678974,78.71380544509725,78.7405088786454,53893400
2023-11-09,77.86837768554688,79.22996080331505,77.19203330399469,79.14987087383867,88975100
2023-11-10,78.30441284179688,78.69598158437847,78.10862847050608,78.517999495704,36516400
2023-11-13,78.12646484375,78.2599548632952,77.3344326612554,77.61920820114578,25661500
2023-11-14,79.89740753173828,80.22668198744638,79.46134649872896,80.09319197623586,65666800
2023-11-15,78.77608489990234,79.32784033206597,78.58920163810077,79.21215263368862,56205300
2023-11-16,79.75501251220703,80.05758349358993,79.42573810048172,79.47023702813597,49473900
2023-11-17,80.1287841796875,80.47585411089139,79.77281310446766,80.23557753912851,44091400
2023-11-20,80.61822509765625,80.68052630585258,79.74610323706136,79.75500437960117,40477800
2023-11-21,80.58264923095703,80.80513030913241,79.99529592557386,80.53815029948848,27721000
2023-11-22,80.86743927001953,81.26790256685858,80.43137138994113,81.08992038817121,31197500
2023-11-24,79.91520690917969,80.32457128294789,79.90630576486757,80.18218013228916,20199600
2023-11-27,81.25009155273438,81.28568255000897,80.28007053220323,80.36016725003009,39804400
2023-11-28,81.41028594970703,81.45477809532808,80.79623594971191,80.9030293204541,44989300
2023-11-29,82.43368530273438,82.4959797320286,81.67725100713778,81.97092765506066,61647800
2023-11-30,81.48146057128906,82.13110824856022,81.12549630988451,81.84633276568674,60520900
2023-12-01,83.0160903930664,83.07858207095124,81.35558945374694,81.51628331274824,64172200
2023-12-04,82.68578338623047,82.87325842720539,82.2126243082473,82.56972254342529,33766300
2023-12-05,84.46231842041016,84.47124774722268,83.53386595324912,83.5874282919628,73588600
2023-12-06,85.58718872070312,85.74788257329001,84.69444660879414,84.88192163496521,61606100
2023-12-07,85.09615325927734,85.774638975487,84.86403847011196,84.97116994459132,47970200
2023-12-08,84.39984893798828,84.56054280744574,83.83742380042843,84.29271742132248,44809200
2023-12-11,84.22128295898438,84.31056261415468,83.4981640674585,83.92668325459917,33909700
2023-12-12,84.47126007080078,84.54267426247745,83.82848466813884,84.05167019344748,36996900
2023-12-13,86.45314025878906,86.57813041690827,84.82834993621832,84.9622626112105,70828500
2023-12-14,88.70204162597656,88.70204162597656,87.25113744854146,87.46609077091934,87798600
2023-12-15,88.80057525634766,88.97969622235979,88.29007298688353,88.38859156809826,59941300
2023-12-18,88.0930404663086,88.21842651572938,87.7885266084101,88.21842651572938,34746000
2023-12-19,88.56769561767578,88.89907685783393,88.3617072294083,88.54082816120832,30018400
2023-12-20,89.16777038574219,89.28420515697476,88.29006813428538,88.76474481785255,51229400
2023-12-21,88.6035385131836,89.41854779533028,88.44232690979908,89.32898731190042,65231200
2023-12-22,88.20049285888672,89.00654385943558,87.98553954791672,89.00654385943558,29244200
2023-12-26,88.45127868652344,88.54979726116333,88.2005066176315,88.25424153724366,24019700
2023-12-27,90.01859283447266,90.03650219306377,89.11401648255848,89.36478850098419,45082800
2023-12-28,89.36479949951172,90.0723388288786,89.16776236563412,89.64243900650695,36213000
2023-12-29,88.55874633789062,89.40062983382303,88.4871020578532,88.78265094144489,41616200
2024-01-02,88.04824829101562,88.35276211946538,87.770608756009,87.97660400758029,47797400
2024-01-03,88.41545867919922,88.53188662334288,87.00933791919486,87.21532634598955,58159500
2024-01-04,87.07201385498047,87.44817190812073,86.93766974085166,87.2511347851352,52604500
2024-01-05,86.23908996582031,87.48399890004588,86.16743885936941,86.42716899548472,45894800
2024-01-08,87.08993530273438,87.21532133785118,86.05997272882367,86.18536559696692,39485800
2024-01-09,86.53463745117188,87.02722338701417,86.50776316403143,86.55254680957388,34374000
2024-01-10,86.13162994384766,86.91977860099988,86.08685311843568,86.80334382226953,48227800
2024-01-11,86.61528778076172,86.72276448976888,85.71966903812161,86.13165283977261,78858900
2024-01-12,86.44509887695312,87.11681278508215,86.22119424091011,86.67796161168548,38883900
2024-01-16,84.92253112792969,85.79128201513083,84.64489162778216,85.63902853653546,61716700
2024-01-17,84.78816223144531,85.08371783859982,84.33140192914146,84.72546923899044,55506800
2024-01-18,84.00006866455078,84.70760817304405,83.74929655177395,84.600131481985,77339100
2024-01-19,84.26871490478516,84.34036600219616,83.52535697647627,83.92838244161995,47030900
2024-01-22,84.770263671875,85.15537976972072,84.53740102752015,84.92251712536586,35756400
2024-01-23,84.09855651855469,84.17915888261824,83.67761484037806,84.08959842265037,35786700
2024-01-24,83.60598754882812,84.67177577513289,83.38208291863147,84.64490831279362,54574900
2024-01-25,84.15228271484375,84.38514535306983,83.80299217401684,84.18810826172657,57019400
2024-01-26,83.99108123779297,84.25081135905704,83.73135111652888,84.12542534645027,29276900
2024-01-29,84.95835876464844,85.23599827160307,84.29560308690554,84.4657659300265,38243600
2024-01-30,85.72859191894531,85.83606175077193,84.85088290521428,85.51364542226614,40151400
2024-01-31,86.57047271728516,86.7943773040776,85.97936132830074,86.17639845796221,80646700
2024-02-01,88.26862335205078,88.6549785617838,87.32520262247702,87.53185374918897,84291200
2024-02-02,86.31888580322266,86.81306349414508,85.97745830631916,86.49858304264339,63823300
2024-02-05,84.57581329345703,85.22273447257177,84.4769777324805,85.02506335061874,53827400
2024-02-06,85.40242767333984,85.49227630226541,84.64768410934096,84.67463801251752,33411500
2024-02-07,84.98912811279297,85.56417453038904,84.9262333748545,84.9711611255301,40120200
2024-02-08,84.49493408203125,84.72854598279797,84.15350657707253,84.47696024465895,50087700
2024-02-09,84.32422637939453,84.46798967448892,84.15351603523396,84.24336466716235,27951300
2024-02-12,84.42304229736328,84.58477253922644,84.00973320260404,84.36913450174544,27890300
2024-02-13,82.97647857666016,83.61441279209713,82.95851159179367,83.43471552338666,49768500
2024-02-14,83.3987808227539,83.60543886645644,82.86866904262307,82.93156377679134,44191600
2024-02-15,83.83006286621094,84.2074312665833,83.56051009165249,84.06366795881564,49598500
2024-02-16,83.34486389160156,83.42572560310973,82.96748867286334,83.09328498245017,33116800
2024-02-20,83.41674041748047,83.73122091546796,83.30892479989508,83.37181952849032,24469300
2024-02-21,82.82372283935547,83.470643878085,82.67097949826943,83.40774915793132,36343100
2024-02-22,83.22806549072266,83.34487489611679,82.90460489195928,82.95851956176122,45190700
2024-02-23,84.34219360351562,84.45899613036015,83.33587118181813,83.33587118181813,38406700
2024-02-26,84.09062194824219,84.48596418998152,83.73122738849206,84.45901028350143,27855000
2024-02-27,83.49763488769531,83.98282588237578,83.42575321699893,83.77616779287703,30242000
2024-02-28,84.0277328491211,84.09961450789575,83.47066713114822,83.63239743588505,34574200
2024-02-29,84.62075805664062,84.72858055984454,84.26135656764077,84.29729740204209,51038600
2024-03-01,85.14800262451172,85.18405637719822,83.83207159593015,84.21964084162234,45832800
2024-03-04,84.80548858642578,84.86858780596107,84.43594968509545,84.45397312171293,23864200
2024-03-05,86.01325225830078,86.23858300330559,85.59864451267775,85.83299041291637,37721900
2024-03-06,86.51799774169922,86.68023616594427,85.99523559828665,86.06733621619065,40571600
2024-03-07,86.4368896484375,86.88755121399083,86.05833558374465,86.85149746356059,39075000
2024-03-08,86.28368377685547,86.57210696194568,86.05835294861153,86.34677613370174,25023200
2024-03-11,86.23861694335938,86.53605529419718,85.95920891008518,86.49098637683946,17787900
2024-03-12,85.51754760742188,85.81498593072178,85.34630086573007,85.6617626283736,29566000
2024-03-13,85.1029281616211,85.39135128774357,84.91365112977975,85.17503566228915,38270100
2024-03-14,83.79603576660156,84.49906690298614,83.6968896446446,84.48104346106291,58365600
2024-03-15,83.76898956298828,83.99432038761302,83.63378969290324,83.87714395781549,34997700
2024-03-18,83.51660919189453,83.81404061523163,83.3723941822946,83.57970153945696,29519500
2024-03-19,83.75096130371094,84.0664230906255,83.5436607908319,83.68786894632802,26953100
2024-03-20,83.72393035888672,84.53512279693915,83.18313769236906,83.91320744834032,43460100
2024-03-21,83.9041748046875,84.21062827367071,83.57970477363234,84.06641325849029,34276600
2024-03-22,84.70636749267578,84.91366800260104,84.52609870518522,84.89564456212754,30262300
2024-03-25,84.28272247314453,84.49903808520885,84.09344545301958,84.46298433710658,24011800
2024-03-26,84.51708221435547,84.60722004495538,84.0754357259301,84.28274310913851,34423000
2024-03-27,85.35531616210938,85.35531616210938,84.67031538594354,84.71537742628139,50157800
2024-03-28,85.2831802368164,85.64370391655955,85.01278060046066,85.16600385200633,34540400
2024-04-01,83.69343566894531,84.37166446075426,83.61204462629222,84.3626194783928,48945400
2024-04-02,83.23223114013672,83.37691634921933,82.59921351491433,82.8072066958887,43086300
2024-04-03,83.21414947509766,83.2412844225998,82.33697935293246,82.52688258964658,45494400
2024-04-04,83.81098937988281,83.88333543718555,83.23223472006046,83.76577136924367,47957400
2024-04-05,82.6444320678711,83.35883383428856,82.63538708621277,82.91572632322439,42495900
2024-04-08,82.63539123535156,82.82529446391415,82.40931497763899,82.49975100016391,37879800
2024-04-09,83.40404510498047,83.52160225984292,83.05135984179519,83.07849478457787,32522000
2024-04-10,81.5864028930664,82.56305400503133,81.43267269006267,82.47261798039382,74368900
2024-04-11,81.21563720703125,81.78535382424613,80.94434982201011,81.73109082780171,65751200
2024-04-12,81.64970397949219,82.24654172622367,81.64065899716746,81.96620936785736,47900100
2024-04-15,80.38368225097656,80.71827763198071,80.0490868699724,80.6821045989559,55993100
2024-04-16,79.85015106201172,80.10335541140374,79.38895348316134,79.62407476444011,45103200
2024-04-17,80.73634338378906,80.82677249730702,79.99481361406328,80.36558194857574,57947000
2024-04-18,80.32941436767578,80.72730387398175,80.11237620136389,80.70017582801766,43839500
2024-04-19,80.61878967285156,80.83582093443323,80.4017584112699,80.83582093443323,44826800
2024-04-22,80.48314666748047,80.59166575347668,80.16664129078292,80.19376933745703,24969000
2024-04-23,80.51028442382812,80.97148197080847,80.07622182609417,80.23899702506955,27222700
2024-04-24,79.94055938720703,80.14854566321132,79.12668354799636,80.08524459234489,48986800
2024-04-25,79.37992095947266,79.48844008308933,78.98202440551371,79.09054352913037,49282600
2024-04-26,79.79588317871094,80.13047856240127,79.62406989458944,79.80492816186491,31589800
2024-04-29,80.46505737304688,80.50122349961246,80.01290489868548,80.17568006542756,39228600
2024-04-30,79.77779388427734,80.23899139891972,79.66927479280264,79.95865213743508,41054700
2024-05-01,80.3658447265625,80.95570384061962,80.07545350596908,80.40214449457078,59679500
2024-05-02,80.71068572998047,80.77420859050517,79.88488161968681,80.0482271072464,58925400
2024-05-03,81.52740478515625,81.78150314617983,81.01014523772069,81.6090809892105,50066100
2024-05-06,81.84500885009766,81.8994550257398,81.37311891629591,81.55461770755464,23868200
2024-05-07,82.3441162109375,82.79785281083561,82.22614718741357,82.489315246171,30525800
2024-05-08,81.84500885009766,82.09002356395824,81.81778576227659,81.95390120138192,31171700
2024-05-09,82.24431610107422,82.37136182991837,81.50926482369408,81.55464126548398,39606700
2024-05-10,81.78150177001953,82.01743985893404,81.6363027090208,81.92669390754598,21913800
2024-05-13,81.99021911621094,82.22616413536139,81.95391934992068,82.17171794766224,23157500
2024-05-14,82.45304870605469,82.50749490446701,82.05375812176737,82.2624800881377,25746400
2024-05-15,83.57829284667969,83.72349190368159,83.15177927107675,83.3695778565796,65142900
2024-05-16,83.49662780761719,83.8686882939924,83.43310494782276,83.84146520029086,37902400
2024-05-17,82.9339828491211,83.30605021872988,82.88860641554432,83.16085117006156,24755000
2024-05-20,82.68898010253906,82.87047201622742,82.58915747296864,82.65268033510684,17922800
2024-05-21,83.115478515625,83.2788239910681,82.97028638382672,83.24253115072254,15334400
2024-05-22,83.21528625488281,83.28788576953589,82.81600277123249,82.82507251796103,38073700
2024-05-23,82.67991638183594,83.30607535205385,82.41674821933093,83.30607535205385,51294700
2024-05-24,82.92491912841797,83.00659533691751,82.48933576132967,82.55285862417475,19164400
2024-05-28,81.73612976074219,82.90677129044431,81.69982999352592,82.87954819590028,45973700
2024-05-29,80.74697875976562,81.12811589111554,80.47473399538885,81.07366278415701,45508400
2024-05-30,81.52740478515625,81.64538075507102,81.16442097349596,81.30961311346559,29548600
2024-05-31,82.08094024658203,82.27151569283856,81.89944839349154,82.10817025566897,41308800
2024-06-03,83.40858459472656,83.47232450263716,82.50711819795421,82.53443430889747,42272100
2024-06-04,84.38288879394531,84.50126785713508,83.76369821160725,83.95491791315058,42581500
2024-06-05,85.00210571289062,85.00210571289062,84.12795525765259,84.68340611157419,43153900
2024-06-06,84.8746109008789,85.07493831412107,84.55591135577959,84.61054357861688,22891900
2024-06-07,83.31753540039062,83.61802653963754,83.2264793740784,83.61802653963754,35240500
2024-06-10,82.76204681396484,82.91684268271851,82.54351106118754,82.86221048130577,20586500
2024-06-11,83.6180191040039,83.65444290071575,82.78939335984931,82.88955706402469,30329200
2024-06-12,84.24632263183594,85.20242832868402,84.21900651714826,84.70160973564361,42554600
2024-06-13,85.48468780517578,85.5848515046793,84.63785367572788,84.88371255528325,33093800
2024-06-14,86.20403289794922,86.35882879983781,85.81248582738363,85.97638941383266,28776700
2024-06-17,85.34809875488281,85.42093939052336,84.93833631215644,85.15687211333379,31040200
2024-06-18,86.13118743896484,86.14029512374981,85.34810022565736,85.4937884465769,26881000
2024-06-20,85.55753326416016,85.59395705826589,84.99297487621389,85.0567217262452,30246300
2024-06-21,85.55753326416016,86.03103564040629,85.22061837902842,85.8124928757719,22596400
2024-06-24,85.90355682373047,85.90355682373047,85.35721375592698,85.63949644954319,56939100
2024-06-25,86.04923248291016,86.09476395619654,85.63036932775975,85.6576854328806,22890200
2024-06-26,84.8199691772461,85.11135257828852,84.78354538372476,84.93834129584424,38489100
2024-06-27,85.1568832397461,85.32989453464437,85.06582722295235,85.1568832397461,23140800
2024-06-28,83.57249450683594,85.38453512298824,83.57249450683594,85.3481182704049,55119600
2024-07-01,82.13014221191406,83.19890110513224,82.04792623669793,82.59600718430514,49735400
2024-07-02,82.76956939697266,82.95226072436708,82.28543110707277,82.83351205848344,34204700
2024-07-03,83.85657501220703,83.93878399268924,83.20800497646306,83.28108427193072,35563300
2024-07-05,84.55079650878906,84.70609173393908,83.94790982198514,84.28588932379705,34895500
2024-07-08,84.73350524902344,84.81571422911648,84.24023046078966,84.53254067205133,16095700
2024-07-09,84.35897827148438,84.66042513402324,83.92051644345067,84.46859721310535,30289800
2024-07-10,84.62389373779297,84.66043338856264,84.27677750931976,84.45033213894348,23572500
2024-07-11,85.44601440429688,85.99409520139463,85.38207176078922,85.57389969131216,49761800
2024-07-12,85.81140899658203,85.81140899658203,85.26332119786882,85.43688279874306,27796500
2024-07-15,84.8248519897461,85.22678114893297,84.75177269367116,84.9527372732646,37918900
2024-07-16,86.02149963378906,86.05803928343643,85.30899388872929,85.43687917788229,36383700
2024-07-17,86.0397720336914,86.23159996539309,85.58303687176583,85.79313114348531,29036800
2024-07-18,85.3820571899414,85.99408052610215,85.29984125133328,85.57388508772802,34553100
2024-07-19,84.8796615600586,85.09889945753768,84.78831592072174,84.98928050879813,32164700
2024-07-22,84.63304138183594,85.42775623928101,84.31332810762086,85.31814424196538,36160400
2024-07-23,84.51426696777344,84.9801387604606,84.48686397453744,84.77917418442986,23498000
2024-07-24,83.60081481933594,84.81573222390081,83.5551454771144,84.57822794897817,50757100
2024-07-25,84.28590393066406,84.82485504711069,84.00273035969876,84.06667300376272,44999100
2024-07-26,84.943603515625,85.08976211275905,84.68783293986591,84.90706386634149,34423800
2024-07-29,85.40032958984375,85.58302781681924,85.15369569495778,85.56475450950931,25801300
2024-07-30,85.72918701171875,85.91188525485347,85.22678252385536,85.63784137476408,28169800
2024-07-31,86.60612487792969,86.63352787437387,86.08544703781246,86.35035428548277,47445300
2024-08-01,87.35308074951172,87.9029955848193,87.17894757795807,87.19727480932144,77254200
2024-08-02,90.07511901855469,90.15760902838424,88.80116336111246,88.90198059953939,91912900
2024-08-05,90.55171966552734,91.59654660846013,89.72685444940745,91.36741777023,90686300
2024-08-06,88.52622985839844,90.19429480131586,88.52622985839844,89.95599881054788,61316900
2024-08-07,87.9029769897461,88.39788904889663,87.52720239794144,87.93963144471893,51337100
2024-08-08,87.36224365234375,87.43556655917978,86.92231320378488,87.17894337771095,37815800
2024-08-09,88.2237777709961,88.48040097411922,88.06796483270747,88.45290662985,32141800
2024-08-12,88.54454803466797,88.73701541801185,87.87548875617595,88.01296745640934,24261400
2024-08-13,89.15860748291016,89.23193038527883,88.88365708771289,89.17694170473074,30366900
2024-08-14,89.71768188476562,89.96514493078888,89.3694085891092,89.40607004009253,31334100
2024-08-15,88.99363708496094,88.99363708496094,88.1779390012033,88.36124626255487,38723700
2024-08-16,89.30525207519531,89.39690220568345,88.91115022088526,89.30525207519531,28541000
2024-08-19,89.71768188476562,89.96514493078888,89.27775845787927,89.28691857628252,25322100
2024-08-20,90.43254089355469,90.60668099562427,89.92846179710054,90.11176201536475,25239300
2024-08-21,90.487548828125,90.91830509872585,90.01095700805759,90.43255316122118,29230000
2024-08-22,89.58936309814453,90.09344926805777,89.29607850631945,90.02929348211029,33453800
2024-08-23,90.17595672607422,90.43257993942781,89.78185479343604,89.99265642866685,32005100
2024-08-26,89.94681549072266,90.4600618468603,89.89182680755282,90.4509017279701,23198700
2024-08-27,89.791015625,89.89183287925916,89.27776923419535,89.35108515255484,21507700
2024-08-28,89.6810302734375,90.00180926416597,89.57105290087777,89.82767609346055,18501400
2024-08-29,89.38773345947266,89.48855069890209,89.02112595177077,89.24109465186586,24988200
2024-08-30,88.4345474243164,89.80932018909313,88.41622019746664,89.5252027219585,42896200
2024-09-03,89.88091278076172,90.16595486287133,89.57747681355437,89.70620594839173,48947900
2024-09-04,91.03948974609375,91.0578766175423,89.93608804844801,90.00045262133644,40885200
2024-09-05,91.55440521240234,91.65555054216638,90.82800103282977,91.34291760965601,47450900
2024-09-06,91.54522705078125,92.66701583634011,91.20501724924247,91.5360371208898,57406400
2024-09-09,91.94062042236328,92.04176578268563,91.17744226976879,91.39811986719283,26961400
2024-09-10,92.5842514038086,92.78654207649555,91.78428565687729,91.83026336074711,31703400
2024-09-11,92.51068878173828,93.0899699614494,92.27161735184576,92.40034650289267,39497100
2024-09-12,92.07853698730469,92.45553456665928,91.66476565821104,92.28082768693753,41618700
2024-09-13,92.32678985595703,92.51068663455219,91.96817921183536,92.37276054299961,25722100
2024-09-16,93.17273712158203,93.20951788463053,92.32680061710634,92.52908429105321,30866300
2024-09-17,92.7221908569336,93.45779218919331,92.63024244420468,93.30147918603274,31699400
2024-09-18,91.57281494140625,92.62104925836051,91.52684424426458,92.17049012595984,48897000
2024-09-19,91.26937103271484,91.31534172237238,90.81881197366627,90.95673807306454,39979800
2024-09-20,90.91995239257812,91.26016915065655,90.7728363723364,91.02109772564975,37067600
2024-09-23,90.72685241699219,91.11303983562438,90.12917740327362,90.57053946400468,35703900
2024-09-24,90.7084732055664,90.92915074695925,89.97287204730684,90.11079814138208,31005400
2024-09-25,89.95449829101562,90.4050503831558,89.91771752621857,90.349882743567,36738200
2024-09-26,90.16597747802734,90.34068435421679,89.5774992811101,90.17517442288298,33332300
2024-09-27,90.63493347167969,90.80964036718166,90.30391357242031,90.60734964927711,28317600
2024-09-30,90.20276641845703,90.76366084686187,90.00047570457802,90.69929625746529,34175500
2024-10-01,90.85401916503906,91.62889720542644,90.76177362253394,91.13998949605386,45254200
2024-10-02,90.08837890625,90.15295149271503,89.53489155039657,89.81163522832328,35810800
2024-10-03,89.23970031738281,89.95000579634595,89.23970031738281,89.79318062753181,39677800
2024-10-04,88.14197540283203,88.5201842890341,88.00360355163237,88.04050318114459,56954100
2024-10-07,87.4778060913086,87.88368798631177,87.41323349179316,87.61617795823751,42606600
2024-10-08,87.62535858154297,87.66225819882374,87.02575211702474,87.07187839809629,33709600
2024-10-09,87.12722778320312,87.55156987993048,86.92429043688122,87.3301721674077,35807700
2024-10-10,86.78591918945312,86.79513881578944,86.16786640655047,86.60142109448634,53667400
2024-10-11,86.4354019165039,86.77671821482454,86.1771115449682,86.23246450878642,27406400
2024-10-14,86.49996185302734,86.50918851862784,85.77121714191523,85.82656305975064,28795300
2024-10-15,87.55158996582031,87.63460884865037,87.05345555518714,87.1364744380172,46429100
2024-10-16,87.92057800292969,88.20654837340504,87.76375985524352,87.99437726227073,32281500
2024-10-17,86.52765655517578,87.11803657203426,86.40773099563941,86.97966471604572,43427200
2024-10-18,86.59223937988281,86.97044832385707,86.58301271162418,86.75828421910916,25258600
2024-10-21,85.07936096191406,85.87267821864661,85.07936096191406,85.80810563828872,49504700
2024-10-22,85.16239166259766,85.56828053143872,84.95022056173501,85.46680831422844,32096900
2024-10-23,84.9317626953125,85.20850634779669,84.55355387732644,84.71959162335682,33354200
2024-10-24,85.47602844238281,85.78966469858047,84.83029556063092,85.07936627032564,32507400
2024-10-25,84.99633026123047,85.82655413181809,84.88563139919111,85.7804278464976,28667100
2024-10-28,84.76573181152344,85.13472106271578,84.33216996921378,85.11626772931965,33156500
2024-10-29,84.8948745727539,84.92254753417437,83.92628573361607,84.10155016857374,46545200
2024-10-30,85.1439208984375,86.05716355299242,85.01477575689972,85.64204813700755,41951100
2024-10-31,85.2823257446289,85.73434099031972,84.74729863734117,85.05170830666303,52173800
2024-11-01,84.0799789428711,85.63495908353275,84.04296182715706,85.39431252319257,80402000
2024-11-04,85.3850326538086,85.68121893447824,84.81116864554456,85.41279901424045,49747600
2024-11-05,85.83857727050781,85.98667396050035,84.78341307004692,85.18141409735331,46986000
2024-11-06,83.48760223388672,83.96890945481768,82.88597880018216,82.96927789901284,98895700
2024-11-07,84.53350067138672,84.8019206001718,83.9041039222171,83.99666081381655,56221400
2024-11-08,85.60718536376953,85.7090000773385,85.00555489130906,85.15365158800543,56756200
2024-11-11,85.190673828125,85.43132742397356,84.80193060058127,85.38504544189686,22369200
2024-11-12,83.91336822509766,85.01480732517162,83.77452934613274,84.57053138645033,57908400
2024-11-13,83.11737823486328,84.72789110408256,83.04332988046154,84.70937548466225,49009100
2024-11-14,83.59867095947266,84.25583415748979,83.55238897668927,83.82080894122683,53328300
2024-11-15,83.37653350830078,83.90411563184874,82.84895138475281,83.2284368117628,73722400
2024-11-18,83.52462768554688,83.84858039979235,82.76564972861196,82.9877947854999,36010600
2024-11-19,83.95037841796875,84.29284668297845,83.87633714204185,84.0614509243163,29585100
2024-11-20,83.68197631835938,84.0707195481328,83.40429854758462,83.44132272113052,27755400
2024-11-21,83.61717224121094,84.0892215903062,83.30247738290645,83.71898694516557,28365700
2024-11-22,83.66345977783203,83.95038829259873,83.44132180064616,83.77453229724445,21547500
2024-11-25,85.82933044433594,85.87560536584333,85.14439381429048,85.33876543255555,56858000
2024-11-26,85.4961166381836,85.56090717510442,84.97778528117813,85.30174502742113,31122200
2024-11-27,86.08849334716797,86.43095460351573,85.77379139465359,86.11625971264057,39442200
2024-11-29,86.97704315185547,86.99555170633333,86.48648524934924,86.80118010694248,31905700
2024-12-02,87.18604278564453,87.44610441169571,86.37798808800162,86.62875977422301,39406000
2024-12-03,86.43370819091797,87.33464097250652,86.36869278843979,87.24176283841591,32768900
2024-12-04,87.36249542236328,87.48324336276714,85.95072949403466,86.01574489034952,35851100
2024-12-05,87.53898620605469,87.6690170245087,86.99100019773394,87.04672566674333,23695800
2024-12-06,87.66899108886719,88.09623609255709,87.32533426396299,87.97549525004018,31761500
2024-12-09,86.86094665527344,87.3439242535633,86.8145111348416,87.2974816469846,30509600
2024-12-10,86.4522933959961,86.65662955527362,86.29439984969903,86.39656084318995,28706500
2024-12-11,85.63494110107422,86.6473318671043,85.55135290856157,86.4429957260993,38748400
2024-12-12,84.5947036743164,85.2169950162665,84.52039832676023,85.11482693491374,45368400
2024-12-13,83.73092651367188,84.38108061285106,83.66591110375396,84.33464508356582,39486000
2024-12-16,83.98168182373047,84.16744516306379,83.63803204672078,84.10242976583383,23482300
2024-12-17,84.1860122680664,84.51108923226073,84.01882881703126,84.0745542719942,23839900
2024-12-18,83.13333892822266,84.26154955923066,83.1146868208404,83.88858566222682,61328400
2024-12-19,81.87458801269531,82.41538532831446,81.59487041453346,82.11701562205819,99083300
2024-12-20,82.34078979492188,82.90023920960984,82.32214480082318,82.54592029848148,45542400
2024-12-23,81.58553314208984,82.26619272004348,81.52959105288876,82.20092457807756,32764600
2024-12-24,81.93053436279297,81.94917935654149,81.1006934239375,81.15663551887775,22377600
2024-12-26,81.88390350341797,82.0144397884595,81.30580915988122,81.31513521272532,19981800
2024-12-27,81.21257019042969,81.84660662534432,81.17527309264717,81.56688906251652,27262300
2024-12-30,81.8652572631836,82.08903273217219,81.74403991914043,81.89322830759544,48519600
2024-12-31,81.42704010009766,82.31282319843235,81.3617719466803,82.17296083719657,31917300
2025-01-02,81.65081787109375,82.1636441719288,81.31515104030997,81.86527444608714,27841300
2025-01-03,81.38973999023438,81.9398562467639,81.28717473669583,81.79067495033188,21962200
2025-01-06,81.02608489990234,81.33378059507672,80.81162838437956,81.16594722622646,30231500
2025-01-07,80.11231994628906,80.90486360508605,79.99110973004254,80.74635629606527,41757200
2025-01-08,80.21489715576172,80.37340448846085,79.57153465826106,79.69275200630851,44590800
2025-01-10,79.68343353271484,80.04707138405782,79.40371593905591,79.51560013104155,47115800
2025-01-13,79.65544891357422,79.86990543450045,79.29181112418533,79.74868809557509,33258900
2025-01-14,79.52490997314453,79.590178109729,79.15194614393616,79.46896788855595,33412900
2025-01-15,80.89556884765625,81.10069936238368,80.55990202604684,80.83961963492455,54120700
2025-01-16,81.15663146972656,81.49229825000995,80.44800080982893,80.78366759011232,34651100
2025-01-17,81.29650115966797,81.56689981897891,81.156638802963,81.52027666217893,29875600
2025-01-21,82.02377319335938,82.2102515847922,81.70675139148997,81.94917899130839,30548600
2025-01-22,81.5948715209961,82.03310358912337,81.41771206017144,81.93053833429805,25278400
2025-01-23,80.9608383178711,81.11001962229317,80.68111359074867,80.78367884978053,31949000
2025-01-24,81.32447052001953,81.3804126160622,80.74637611069758,80.85826741647774,21110400
2025-01-27,82.28485107421875,82.45268448277062,81.9118871536929,82.20093792679036,42864200
2025-01-28,82.2289047241211,82.23822366422344,81.73473057829703,81.90255686447601,25519100
2025-01-29,82.06108856201172,82.62985703029851,81.70676958024184,82.45269753941356,25342800
2025-01-30,82.36875915527344,82.71375200543652,82.2102518107504,82.43403441751845,25094900
2025-01-31,81.82796478271484,82.66713173088434,81.52026904943699,82.40605203635826,48790100
2025-02-03,82.49421691894531,83.37380100133693,82.15735249962067,82.88722302846554,70657200
2025-02-04,82.74688720703125,82.76559872984731,81.8579435221739,81.92344456064677,33414000
2025-02-05,84.1130142211914,84.38437756858865,83.64514785790118,83.70128953699228,48331200
2025-02-06,84.07559204101562,84.35631474128272,83.79487647982336,84.08495136811115,22509900
2025-02-07,83.53287506103516,83.70130727307294,83.22408862152895,83.50480421554147,31171200
2025-02-10,83.28021240234375,83.77614960361147,83.13985106598565,83.52350490942618,22736100
2025-02-11,82.74688720703125,82.98082050715979,82.70009769137444,82.84045909926711,21513000
2025-02-12,81.62396240234375,81.970178914692,81.27773875092193,81.6801040769789,48536200
2025-02-13,82.98079681396484,83.17729987327671,82.4099991535027,82.42871067097613,42718100
2025-02-14,83.42058563232422,83.9165229042998,83.39251478886524,83.63580019155978,27460700
2025-02-18,82.43807983398438,83.13052028832026,82.38193813579072,82.84980465827539,29429200
2025-02-19,82.5409927368164,82.76556661886896,82.241558514388,82.29770020013238,20584300
2025-02-20,82.84980010986328,83.05566251070704,82.76558042811983,82.76558042811983,27913400
2025-02-21,83.85102844238281,84.15046269446962,83.11179857087069,83.15858807300876,46912300
2025-02-24,84.09430694580078,84.27209131824013,83.52350938269532,83.58901039129393,26218000
2025-02-25,85.5447006225586,85.61956096847746,84.96455078937615,85.12362367014711,50125100
2025-02-26,86.04998016357422,86.14355200785624,85.3388212966974,85.54468363756233,32220200
2025-02-27,85.44176483154297,85.89091974379838,85.28269195933643,85.44176483154297,53373600
2025-02-28,86.48979187011719,86.5365813705513,85.5914891465707,85.94706507701343,49388600
2025-03-03,86.89341735839844,87.02483169819261,85.76700668543563,85.80455466274032,42904200
2025-03-04,85.82332611083984,87.09992870849439,85.67313419980073,86.77139285502693,56722000
2025-03-05,85.1380844116211,86.17063585203464,85.05360683642954,85.94534799510213,50215900
2025-03-06,84.85649108886719,85.23196371434673,84.22757855907713,84.93158704627203,42827500
2025-03-07,84.58427429199219,85.56988904657814,84.4716303549826,85.55111147630417,36903600
2025-03-10,85.46663665771484,86.01106446699994,85.33522230772759,85.49479585249141,41440800
2025-03-11,84.85649108886719,85.87964665271566,84.61243280807379,85.39153725267353,40555700
2025-03-12,84.34960174560547,84.83771113191511,84.27450579031338,84.4810160865944,32734600
2025-03-13,85.0911636352539,85.14748202455431,83.8990385437326,84.08677844397548,38675400
2025-03-14,84.64059448242188,84.86588236123931,84.34960659088047,84.49040972475514,24658000
2025-03-17,85.0630111694336,85.58866860860546,84.83772327132094,85.23197351224533,26700300
2025-03-18,85.1474838256836,85.43847172528419,84.59366722172825,84.61243763137713,23654700
2025-03-19,85.58866119384766,85.62620917361356,84.83771592161939,85.1193221890912,31378700
2025-03-20,85.64498901367188,86.58366712654896,85.56990020741641,86.5461191426484,35645800
2025-03-21,85.1380844116211,85.83271122818006,85.06299562085444,85.7294560841387,29192100
2025-03-24,84.26512145996094,84.72507883928103,84.19941428599304,84.66875328906222,27985600
2025-03-25,84.25572967529297,84.55610631457118,84.02106020205862,84.07737858394079,22333800
2025-03-26,83.70191192626953,84.10554373529908,83.62681597074206,83.90842222319783,25095600
2025-03-27,83.45785522460938,83.5704919888137,83.19501939786326,83.4015296809632,23674500
2025-03-28,84.61243438720703,84.80016712267815,84.30266892828936,84.36837610185874,39869400
2025-03-31,85.44786071777344,85.73884861807859,84.81894815060967,85.63560062244217,38824300
2025-04-01,86.18830871582031,86.58397589534798,85.92453538765798,85.96221831843604,39800100
2025-04-02,86.13178253173828,87.01731338148413,85.40640592461374,87.01731338148413,43488400
2025-04-03,86.52745819091797,87.3564683920103,86.51803566028237,87.15863118508781,57467400
2025-04-04,87.46949005126953,88.63763202855577,87.44122965309634,88.22313420987679,92794200
2025-04-07,84.83174896240234,86.84773879971537,84.59623606376967,86.55569791805821,124987600
2025-04-08,83.23027038574219,84.9730646797275,83.10780624609028,84.1063787976883,73861900
2025-04-09,83.72014617919922,83.75782911373001,80.91282864857632,82.21285754710686,131353500
2025-04-10,81.412109375,83.07012244432356,81.34616604091077,82.65561738017158,78592000
2025-04-11,81.85487365722656,82.24111831365087,80.07439647528818,80.89398406192818,94814100
2025-04-14,82.4389419555664,82.62734941077092,81.78892401672856,82.33531569901882,37596400
2025-04-15,82.73098754882812,83.07954929702765,81.99618830580428,82.09981457723428,22553900
2025-04-16,83.19258117675781,83.37157329506225,82.40126121910774,82.71213999702051,35607300
2025-04-17,82.4577865600586,83.08895949255029,82.1751753541725,82.93823495353456,31758400
2025-04-21,81.01644134521484,82.02443631632094,80.99760347474867,81.58167089388752,39343200
2025-04-22,81.4686279296875,81.97732948385963,81.39326207451994,81.78892203322428,32552100
2025-04-23,82.25994873046875,83.89911656790623,82.11863954733299,83.72954698560004,44082200
2025-04-24,83.12662506103516,83.2302513044004,82.67444435115301,82.92879510205137,24190800
2025-04-25,83.73895263671875,83.94620510524138,83.4657568543282,83.74837516363765,22513900
2025-04-28,84.26651000976562,84.34187586026722,83.47519014134815,83.52229559473243,20130500
2025-04-29,84.97306060791016,84.98248313736553,84.12521982631236,84.14405769793903,22129500
2025-04-30,84.28536987304688,84.83176160424735,84.15348320514114,84.57740361094035,42630600
2025-05-01,83.85799407958984,84.41584623933579,83.48924263514391,84.39693905329774,29932800
2025-05-02,82.95030212402344,83.27177480007411,82.77065138521259,82.93138772323793,32090400
2025-05-05,82.48698425292969,82.64772778747749,82.09932564308968,82.59099180492494,22862800
2025-05-06,82.76119232177734,82.76119232177734,81.91968184902294,82.07096819698019,21095200
2025-05-07,83.11103820800781,83.4041464957146,83.03539503255759,83.12994539500524,23161600
2025-05-08,82.18443298339844,83.26232305948395,82.15606859409051,83.22450146916313,25483700
2025-05-09,82.3073501586914,82.55317966085418,82.1844281938797,82.26007137011301,17007900
2025-05-12,81.54145812988281,82.05203863932493,81.49418656517614,81.67383005302757,32115000
2025-05-13,81.21053314208984,81.58874175083493,80.84178173233892,81.43745542184521,53912200
2025-05-14,80.67159271240234,81.19163048010849,80.5581279593402,81.07816572704634,42119800
2025-05-15,81.38072204589844,81.61710151125934,80.82286997023655,80.96469187847005,59448000
2025-05-16,81.59819030761719,82.15604235579293,81.50363275514877,82.13713517353632,31778200
2025-05-19,81.36183166503906,81.42801764045926,80.20829848166095,80.2839416574927,49361900
2025-05-20,80.77558898925781,80.93632529002569,80.42574479312012,80.77558898925781,35493100
2025-05-21,79.3951644897461,80.4257758662136,79.19660653318992,80.06648154678786,77053100
2025-05-22,79.8111801147461,79.83008730124322,78.76165452776861,78.96966243415734,61747900
2025-05-23,79.94356536865234,80.19885210437349,79.71663581053215,80.15157330966564,47139200
2025-05-27,81.05924224853516,81.34289325358122,80.51084020622666,80.69994087625737,56773400
2025-05-28,80.70941925048828,80.87961278366272,80.34066779756535,80.7566980372651,34806800
2025-05-29,81.45636749267578,81.56037503745247,80.97415134995917,81.09706607845482,38933200
2025-05-30,81.57928466796875,81.75893538046746,81.20107605868527,81.39963395547002,49042100
2025-06-02,80.82006072998047,81.11426012446499,80.46891414516269,80.94343303463252,46213100
2025-06-03,80.67771911621094,81.37051277322145,80.56383195424611,81.08580572918694,33731300
2025-06-04,81.98738098144531,82.23413285492283,81.28509498525398,81.41795970776087,57441500
2025-06-05,82.04431915283203,82.49986050622582,81.82604450228115,82.2626010439671,37664700
2025-06-06,81.00037384033203,81.55081749567377,80.9339414847276,81.4179527844649,38130100
2025-06-09,81.08580017089844,81.27560485391066,80.70618356428943,80.70618356428943,26560800
2025-06-10,81.50336456298828,81.78807880238531,81.1617103719454,81.71215403980159,24857000
2025-06-11,81.7500991821289,81.99685098820055,81.34201272002602,81.43691503295132,36334800
2025-06-12,82.7276382446289,82.7561082252826,82.1866868904534,82.46190877108096,43017800
2025-06-13,81.93045043945312,82.45241698339048,81.40847665493061,82.31006707905267,49374000
2025-06-16,81.10476684570312,82.0253346398522,81.10476684570312,81.69317286891788,36496600
2025-06-17,82.09178161621094,82.24363116173322,81.3800031628912,81.6172626473311,34521600
2025-06-18,82.23412322998047,82.65169492016351,81.94940900616994,82.45239785972953,38589000
2025-06-20,82.08226776123047,82.36698196439599,81.5697865398823,81.750106017926,26001900
2025-06-23,82.34800720214844,82.98386803471399,82.34800720214844,82.49985672651748,36851800
2025-06-24,82.9458999633789,83.12621221046759,82.02533219664983,82.0632945751378,32959100
2025-06-25,83.05029296875,83.05029296875,82.37647705589922,82.67067643233996,26345300
2025-06-26,83.4678726196289,83.4678726196289,82.75609426105135,83.12621842826496,30467500
2025-06-27,82.93643188476562,83.66719521397901,82.79407473382668,83.10725901777528,74993500
2025-06-30,83.75257873535156,83.93289821902052,83.14519517419453,83.38245460403972,53695200
2025-07-01,83.96025848388672,84.12219506552132,83.50302492778944,83.95073066508576,38960600
2025-07-02,83.42679595947266,83.43631650828614,82.96955525061757,83.0552910631005,39382200
2025-07-03,82.84574127197266,83.15056605698378,82.73142925224494,83.03625403725606,26729100
2025-07-07,82.0550765991211,82.45515765517506,81.8455082552088,82.43610929099853,38314700
2025-07-08,81.95030212402344,81.95982994103615,81.3882844693883,81.51211702017359,31407000
2025-07-09,82.80763244628906,82.80763244628906,82.0931987166596,82.10272653464813,29821900
2025-07-10,82.86478424072266,82.93146443098556,82.38849509096033,82.71237549194845,24525500
2025-07-11,81.72169494628906,82.1789284700431,81.57880674476749,82.1408317327268,40764800
2025-07-14,81.55021667480469,81.80740957968212,81.27396813691732,81.48353649445909,24609500
2025-07-15,80.97869110107422,81.83601310699359,80.87390689659539,81.81695746930852,40455000
2025-07-16,81.0929946899414,81.59786733498218,80.19757595672891,81.235882900138,65987700
2025-07-17,81.0739517211914,81.43592891255389,80.95963969189954,81.17873593114311,31875500
2025-07-18,81.19776916503906,81.40733754587394,81.06440878952512,81.37876136077745,27534900
2025-07-21,81.92172241210938,82.40753931250303,81.88361841329471,82.1312907717927,40019500
2025-07-22,82.41706085205078,82.65520539680861,82.02650757779719,82.08365994290875,35190300
2025-07-23,81.95982360839844,82.11223233085099,81.72167907464586,81.96935142467498,31008500
2025-07-24,81.81694793701172,82.15034888169319,81.45497080672835,81.49307481006274,25164800
2025-07-25,82.33134460449219,82.34087242263247,81.65501486844923,81.73122287837978,27196200
2025-07-28,81.79789733886719,82.11224263951286,81.75979333657173,81.91220207815822,26812500
2025-07-29,83.17913055419922,83.19817892101186,82.11224032281355,82.14082377442517,47828300
2025-07-30,82.75048065185547,82.83620921156418,82.45517643291312,82.65521700649587,40670900
2025-07-31,82.79811096191406,83.26487960031287,82.72190294736778,82.99815154940086,49814100
2025-08-01,83.97520446777344,84.08038920676172,83.68833567137325,83.72658533058505,63434500
2025-08-04,84.20469665527344,84.29076021390544,83.81265040814917,84.10907615319752,36425200
2025-08-05,84.462890625,84.57763232372574,83.93696685458178,84.00390194396432,28586100
2025-08-06,83.97520446777344,84.19513818439711,83.11460537394944,83.99432564969106,42589300
2025-08-07,83.83177185058594,84.38638097787485,83.75527253053713,84.07082675420598,29213100
2025-08-08,83.46841430664062,83.56403481277452,83.33454413897778,83.53534939047205,21596300
2025-08-11,83.56404876708984,83.83178914712538,83.45886400416471,83.70748319793123,20100900
2025-08-12,83.143310546875,83.16243902871352,82.76082845464386,83.09550393303525,41052300
2025-08-13,83.83177185058594,83.96564201298303,83.60228118581618,83.61184542466646,30817500
2025-08-14,83.21023559570312,83.678788504256,83.0859296602746,83.678788504256,33397400
2025-08-15,82.61738586425781,82.9807467341484,82.47395144614553,82.86600503596061,36343600
2025-08-18,82.3783187866211,82.75124384150222,82.22532015109218,82.71299418261998,26777500
2025-08-19,82.85643005371094,82.95205055492949,82.66518175589724,82.66518175589724,28780600
2025-08-20,83.03812408447266,83.16243732774558,82.7703837072358,82.79906913402858,25912500
2025-08-21,82.62693786621094,82.88511394427209,82.34006907247502,82.77036496770243,28643900
2025-08-22,83.23892211914062,83.47797702781665,82.92336788879784,83.02855263224544,49871900
2025-08-25,82.99986267089844,83.23891756649967,82.8564282744624,82.93292759194514,27011900
2025-08-26,82.95205688476562,82.99030654724709,82.44526162379628,82.72256620525401,30259300
2025-08-27,82.85643005371094,82.86599429244578,82.23488585272548,82.34007059267886,38142800
2025-08-28,83.40148162841797,83.43973129105018,82.86600094232128,82.98074263484075,32205900
2025-08-29,82.80862426757812,83.05724343140307,82.65563290971632,82.96162292081726,41686400
2025-09-02,82.19239807128906,82.39396678434767,82.04842564990007,82.19239807128906,48760600
2025-09-03,83.09465026855469,83.32501342698637,82.44194855040428,82.4803436306617,52499500
2025-09-04,83.7281494140625,83.73774269079614,83.10424224011153,83.52657343286394,40501600
2025-09-05,85.00476837158203,85.0527640575545,84.60163097262192,84.67842114093247,69668000
2025-09-08,86.13739013671875,86.156591338662,85.54228469250967,85.59027305114205,54538700
2025-09-09,85.64788055419922,85.95503391751416,85.41751003937765,85.81105417652913,37126400
2025-09-10,86.13739013671875,86.45414406076654,85.6094742530853,85.8110429348122,40713600
2025-09-11,86.71330261230469,86.84768905797944,86.2909713655874,86.3005719666598,46694400
2025-09-12,86.3389663696289,86.36776817506278,85.89743388678517,86.22378844034746,32968600
2025-09-15,86.54052734375,86.82847943999576,86.45413658869771,86.53092674360813,24820100
2025-09-16,86.722900390625,86.8668801095728,86.4253476750822,86.47333603265633,26794200
2025-09-17,86.50213623046875,87.3852010830706,86.2621724777109,87.06844717188322,49121800
2025-09-18,85.60948181152344,85.87824007755457,85.33112294367305,85.67667137803122,55717900
2025-09-19,85.4462890625,85.64786505727464,85.22552651296587,85.49428474184873,32509200
2025-09-22,85.13914489746094,85.3407209138819,84.98557188865603,85.25433014639958,24758200
2025-09-23,85.73426055908203,85.77265564334245,85.18714342381979,85.3983127256953,26689000
2025-09-24,85.40790557861328,85.58067978055286,85.13914001317505,85.50388961899908,28098000
2025-09-25,85.40790557861328,85.45589393724974,84.90877685162658,85.28311973531018,29882500
2025-09-26,85.33112335205078,85.8782404885507,85.12955465156277,85.41750679949698,30955100
2025-09-29,86.03182220458984,86.13740686644591,85.67668045390518,85.70547493929968,32286200
2025-09-30,85.7822494506836,86.42535058410239,85.62866912580647,86.06060829718867,38584000
2025-10-01,86.0037841796875,86.34090135879927,85.81114054262123,86.15789174073716,39408900
2025-10-02,86.25422668457031,86.38907357099039,85.90747544846036,86.0230542947609,23208300
2025-10-03,86.0904769897461,86.41796753149441,85.984524815822,86.33127604891828,25884500
2025-10-06,85.40660858154297,85.8785800287255,85.38734789018642,85.44513731286015,28371000
2025-10-07,85.89783477783203,86.09047107248767,85.54144954925515,85.69556446386252,29103300
2025-10-08,85.96525573730469,86.32164095560643,85.84966955468168,86.30237291753423,22506200
2025-10-09,85.89783477783203,86.00378694447372,85.73409319251438,85.88820075851817,21578700
2025-10-10,87.28483581542969,87.38115395856484,86.59133342709136,86.66839088104078,59389400
2025-10-13,87.2366714477539,87.2463054664693,86.55280309102378,86.95734369383263,28035500
2025-10-14,87.51599884033203,87.57378825517951,87.10182422051788,87.31372853976276,29800000
2025-10-15,87.3233642578125,87.93980919019238,87.14035464242986,87.61231868627624,31333900
2025-10-16,87.97833251953125,88.13244743034565,87.12108853678556,87.18851197311601,39631200
2025-10-17,87.84349060058594,87.93018207995864,87.55453614941919,87.89165335008231,40240400
2025-10-20,88.18061828613281,88.19024495749142,87.92055118736884,88.0939268036768,28429300
2025-10-21,88.61405944824219,88.79706909648225,88.52737530872085,88.6044254276494,24514300
2025-10-22,88.67183685302734,88.78742303865661,88.4406718303724,88.60441341522784,30496200
2025-10-23,88.0650405883789,88.41179185444729,87.93019369030841,88.23841622141309,28275100
2025-10-24,88.10356140136719,88.22877426728685,87.80497291800269,88.219140247261,28266000
2025-10-27,88.40213775634766,88.41177177505178,87.737530089223,87.95906842779894,30033600
2025-10-28,88.63330841064453,88.78742332531445,88.43103809659296,88.46956682526043,23564500
2025-10-29,87.73753356933594,88.50809342696078,87.67011013293903,88.49845940787453,39551600
2025-10-30,87.22705078125,87.62196477439772,87.0247804488832,87.0633091810394,42649200
2025-10-31,86.96697998046875,87.3233651962007,86.88028850697575,87.22703970374107,38247300
2025-11-03,86.74947357177734,86.82680939631467,86.4401376487782,86.63347721012151,40752300
2025-11-04,86.94282531738281,87.05882169529451,86.74948572894468,86.78815364663231,26383800
2025-11-05,85.99547576904297,86.56581830944847,85.91813993726751,86.52715039356075,44643400
2025-11-06,86.7688217163086,86.85581899807895,86.54648303764374,86.5754821315672,33027400
2025-11-07,86.58514404296875,86.87514970935574,86.38214302655804,86.38214302655804,28530100
2025-11-10,86.56581115722656,86.68180752015509,86.41113950645487,86.50780560061206,24093500
2025-11-11,86.96215057373047,87.06848549745153,86.78814864174606,86.95248175107834,18942300
2025-11-12,87.1168212890625,87.3101534890999,86.88481379883682,86.95248080636497,23594900
2025-11-13,86.40147399902344,86.9428174223411,86.40147399902344,86.8074834102993,33825900
2025-11-14,85.9084701538086,86.84613936628676,85.9084701538086,86.79781000747971,38550500
2025-11-17,86.12113189697266,86.32414027779704,86.01480435841474,86.11147045038108,25605800
2025-11-18,86.09214782714844,86.46915081419681,85.84081741921709,86.37248470536542,31967400
2025-11-19,85.91813659667969,86.33380745737254,85.88913750467911,86.25647900375454,25782400
2025-11-20,86.2564697265625,86.440133081196,86.02446226521003,86.02446226521003,32945000
2025-11-21,86.51747131347656,86.68180440515331,86.22746566627643,86.66247413707663,41938600
2025-11-24,87.01049041748047,87.06848860516179,86.78815173945034,86.95248485464812,30865700
2025-11-25,87.23282623291016,87.571161303805,87.126491299893,87.30049324708912,36503300
2025-11-26,87.6194839477539,87.6194839477539,86.83647899893624,87.14581492471669,34099000
2025-11-28,87.20382690429688,87.51316287902345,86.95248912009673,87.44549586502549,40704300
2025-12-01,86.11824035644531,86.33166965372695,86.06003505772763,86.1958523557273,47086600
2025-12-02,86.15705871582031,86.30257938497792,85.8175154221117,85.93393343773552,27605700
2025-12-03,86.39958190917969,86.49660061307569,86.0891413005811,86.2637646055108,23278600
2025-12-04,85.93392181396484,86.27346506174545,85.83691051481148,86.25406576250987,25541500
2025-12-05,85.53616333007812,85.90481661801621,85.41975273513975,85.90481661801621,32808100
2025-12-08,85.25482940673828,85.56527001034658,84.94438880312998,85.55557406130319,32255200
2025-12-09,85.34215545654297,85.7108014065742,85.21603408829087,85.70109805482664,25771800
2025-12-10,85.67200469970703,85.87573069958533,85.23545004303773,85.37126737628994,46833500
2025-12-11,85.55557250976562,86.17645370572265,85.52646986018759,86.04063640670003,26778700
2025-12-12,84.73096466064453,84.88618867264603,84.58545140125347,84.7697706636449,47030100
2025-12-15,84.78916931152344,85.25482650031726,84.77946596132303,85.09960990454852,28611800
2025-12-16,85.25482940673828,85.29363540737529,84.56603954877886,84.58544624984127,41018700
2025-12-17,85.17723083496094,85.3615500991713,84.96380151709684,85.01230347020973,24668300
2025-12-18,85.58467864990234,85.73989525447824,85.43915799458945,85.49736329611942,39048900
2025-12-19,85.2652359008789,85.4697546998782,85.12889003487938,85.32366772050943,37858100
2025-12-22,85.0802001953125,85.17758904762485,84.97307022868097,85.13863202064128,25547100
2025-12-23,85.21654510498047,85.29445915806107,84.75880933099826,84.79776635753856,33624100
2025-12-24,85.73271179199219,85.781409932223,85.36263118923415,85.46976115350755,25942000
2025-12-26,85.45027160644531,85.86905031356558,85.3139257418287,85.80087738125728,26522700
2025-12-29,85.77165985107422,85.77165985107422,85.49896812699353,85.6547887849144,29399800
2025-12-30,85.56714630126953,85.7424491961051,85.38210229275069,85.45027522794827,25106800
2025-12-31,84.88542175292969,85.61584928436375,84.85619841022614,85.39184823872834,36500000
2026-01-02,84.7588119506836,85.12889999910844,84.74907083617418,85.11915888459902,40731300
2026-01-05,85.17758178710938,85.23601360745744,84.83671711792479,84.90489005176171,30178000
2026-01-06,85.00228118896484,85.06071301088929,84.6322005996222,84.87567643136431,39015200
2026-01-07,85.49897766113281,85.7132375911722,85.19706999441897,85.54766837140983,39930900
2026-01-08,85.0704574584961,85.26524258969893,84.97306860804119,85.05098266052232,28204900
2026-01-09,85.63532257080078,85.70349550865276,84.8464632284717,85.02176613013293,57348800
2026-01-12,85.3821029663086,85.61584511479505,85.12889345088733,85.21654118385023,36103100
2026-01-13,85.52819061279297,85.61584577672627,85.2554988677432,85.58662243521998,30451400
2026-01-14,86.02488708496094,86.1222759366151,85.59636722133095,85.61584944983764,39233500
2026-01-15,86.0053939819336,86.3462660650629,86.0053939819336,86.32678383901955,37988900
2026-01-16,85.50871276855469,86.01513921556024,85.42105760774473,85.8300952107445,46382400
2026-01-20,84.38873291015625,84.75881353520626,84.28160293942982,84.3692506807732,66009500
2026-01-21,85.031494140625,85.1970633474699,84.3595059210026,84.53480881096768,51220100
2026-01-22,85.40159606933594,85.46976901375282,84.86594619870777,84.99255097254094,42419300
2026-01-23,85.63532257080078,85.73271142054747,85.21654382962633,85.53793372105409,35968800
2026-01-26,86.04434967041016,86.18069552943224,85.89826269851734,86.09304780447178,38882400
2026-01-27,85.50871276855469,85.94696628172694,85.39184169757225,85.81062041406035,35180100
2026-01-28,85.31392669677734,85.4113155396947,85.01201905464582,85.22627896723945,38750300
2026-01-29,85.33341217041016,85.45027581424058,84.80750348229509,84.8756764179604,43855000
2026-01-30,84.85619354248047,85.27497226702462,84.85619354248047,85.09966937232491,45832200
2026-02-02,84.6137466430664,85.11233179002436,84.6137466430664,85.07322575637237,38171400
2026-02-03,84.81905364990234,84.83860293873713,84.49643444377504,84.55508976899318,27438200
2026-02-04,84.60396575927734,84.83859449551316,84.5257536942944,84.69194873834839,37872900
2026-02-05,85.52294158935547,85.52294158935547,84.80926952649179,84.98524294892987,50268900
2026-02-06,85.58160400390625,85.58160400390625,85.24920641898923,85.4936135560376,33461800
2026-02-09,85.56204223632812,85.62070501770357,85.08300636425716,85.24920141760843,24708900
2026-02-10,86.54945373535156,86.54945373535156,86.24639127375063,86.26594056278036,37253700
2026-02-11,86.0899658203125,86.50057547084481,85.97265517048648,86.07041653157941,37014000
2026-02-12,87.23379516601562,87.2826721162521,86.3734773042614,86.38325567779414,48454900
2026-02-13,87.71282196044922,87.80080493698836,87.51729180361863,87.62483152519725,56785200
2026-02-17,87.8594741821289,88.10388130212722,87.75193445263258,87.91812950414021,32356700
2026-02-18,87.52706909179688,87.84968825253591,87.46841377483078,87.68349321532347,35415400
2026-02-19,87.61507415771484,87.71283552188878,87.37066701792301,87.3999946813038,28658600
2026-02-20,87.40975952148438,87.73237122743627,86.94049460390724,87.69326519607877,49610800
2026-02-23,87.73238372802734,87.9865692387124,87.52708262818268,87.54663937600439,33614600
2026-02-24,87.88880920410156,88.03545498012528,87.7519418021365,87.93768615696679,24933900
2026-02-25,87.8985824584961,88.06477751424305,87.70305228228183,87.70305228228183,23625800
2026-02-26,88.25051879882812,88.29940320586539,88.0354468005188,88.0452177149556,29447100
2026-02-27,88.78821563720703,88.82732167029954,88.52425923722404,88.66112662369125,51272000
2026-03-02,87.8966064453125,88.26933793517392,87.65138658746564,88.2595345289917,55465500
2026-03-03,87.72003173828125,87.95544066319617,87.23940300055479,87.27863906862642,51850400
2026-03-04,87.44539642333984,87.72985233570523,87.39634946194333,87.56309715706648,47069500
2026-03-05,87.09228515625,87.23941856689324,86.81764011425787,86.93534085595957,45768900
2026-03-06,86.76858520507812,87.2394105793249,86.33699590231153,86.6312626966552,58136900
2026-03-09,87.52387237548828,87.61214792962328,86.52337119419603,86.61165423184697,52478700
2026-03-10,86.59203338623047,87.24922079692662,86.58222249671553,87.10209487178273,48651500
2026-03-11,85.47383117675781,86.131018585322,85.41498080689117,86.07216821545536,54679900
2026-03-12,85.30707550048828,85.58172051221949,85.12070603530697,85.24822513612168,48977000
2026-03-13,84.88529968261719,85.48363668363957,84.81663842759079,85.26784202969503,43460000
2026-03-16,85.54249572753906,85.67000736166175,85.29727586563801,85.51307054147355,37341500
2026-03-17,85.77789306640625,85.89560127822106,85.65038144957667,85.6896175201816,19578100
2026-03-18,85.29727172851562,85.80733320729972,85.2678465438773,85.68962498523048,37596600
2026-03-19,85.817138671875,86.05255512166099,85.30708466437092,85.39536022040357,60307400
2026-03-20,84.18888854980469,85.19919322866681,84.12022728474173,85.15014626068614,78948500
2026-03-23,84.73817443847656,85.06186645054387,84.29678168276024,84.53219065357453,69686700
2026-03-24,84.36544036865234,84.64008540680327,83.92404014289605,84.08098444099146,51799400
2026-03-25,85.1795654296875,85.21880150459647,84.8264557225389,85.09128987377937,37861000
2026-03-26,84.46353149414062,84.95397122759469,84.2869728907565,84.6891295807603,39537000
2026-03-27,84.00250244140625,84.45370602024617,83.81613298015155,83.86517993843388,39928900
2026-03-30,85.12071228027344,85.28745998055595,84.83625635910664,84.97357887504705,36473200
2026-03-31,85.03243255615234,85.49344704427351,84.91472434104199,85.26784150285755,47112200
2026-04-01,84.94872283935547,85.39187917007767,84.91918008576286,84.96841550394505,31157600
2026-04-02,85.47067260742188,85.52975811996613,84.8404020955592,84.89948760810346,33310600
2026-04-06,85.33280181884766,85.52975853723419,85.07675207421141,85.18508052334916,14660300
2026-04-07,85.32294464111328,85.36233748420166,84.604045916646,85.20476611184816,22747200
2026-04-08,85.59868621826172,86.04185006374452,85.41157960713551,86.03199997471161,22244900
2026-04-09,85.38203430175781,85.8054979937831,85.07674914474548,85.37219172556944,18909100
2026-04-10,85.17522430419922,85.36233843259373,85.01766044351173,85.28355274554166,13247700
2026-04-13,85.43128204345703,85.4805249808375,84.93888272332184,85.12599686926677,12719700
2026-04-14,85.88428497314453,85.91382772898706,85.31309998213224,85.38203558357048,16606900
2026-04-15,85.51005554199219,85.74640507819078,85.41157719469413,85.69716214783361,15119600
2026-04-16,84.96842193603516,85.64793537377025,84.8896362448798,85.5986924384439,20001000
2026-04-17,85.74641418457031,85.88428538811294,85.56915013524163,85.72672151838583,29604100
2026-04-20,85.7267074584961,85.80548562373085,85.391872080939,85.78579296077612,14623500
2026-04-21,85.25401306152344,85.7661050189707,85.21462021657874,85.64793399755352,19798700
2026-04-22,85.42142486572266,85.83504597051451,85.39188211111254,85.72671752799958,13676800
2026-04-23,85.23431396484375,85.71686313052847,84.92902131791084,85.51005634523501,21106700
2026-04-24,85.39187622070312,85.50020465574545,84.9388698166244,85.14567659804624,22285700
2026-04-27,84.96842193603516,85.30325736673689,84.87979366854816,85.17522874025518,19250100
2026-04-28,85.05706024169922,85.05706024169922,84.63359653094076,84.81086058459354,14553600
2026-04-29,84.39723205566406,84.6828245344934,84.24951828507699,84.6828245344934,29020800
2026-04-30,84.3184585571289,84.59420096206748,84.09195157397677,84.58435087234338,28516200
2026-05-01,84.61992645263672,85.00541552439633,84.35304476224249,84.51119799227774,21281000
2026-05-04,83.97743225097656,84.37280773828542,83.77974827790223,84.36292127728365,27226000
2026-05-05,84.44200897216797,84.50131266364617,84.10593712441536,84.16524835705475,18226500
2026-05-06,85.0844955444336,85.17345108401756,84.92634230806915,85.05484369790561,22530700
2026-05-07,84.65946960449219,85.29206747850932,84.61004483198774,85.28218101577613,21178300
2026-05-08,85.0844955444336,85.28217954872777,84.99553246368825,85.06472261930735,30797600
2026-05-11,84.57050323486328,84.9263404678113,84.50131308074346,84.88680215957694,17713700
2026-05-12,84.00709533691406,84.21466579877284,83.93790518296113,84.20478687760898,27680600
2026-05-13,83.81929779052734,84.06640656049805,83.6117197875301,83.95767809841804,26295100
2026-05-14,83.93790435791016,84.39258358529752,83.92802543684341,84.27397620320758,25247200
2026-05-15,82.6924819946289,82.9988944547087,82.62328429986388,82.9000524554405,50796000
2026-05-18,82.59363555908203,82.94947280275325,82.35641324368837,82.7320158714918,26166200
2026-05-19,82.05987548828125,82.26745348741964,81.81276672290426,82.0005717977623,35346600
2026-05-20,82.93959045410156,83.0285459907629,82.07964922723636,82.09941461055185,44498000
2026-05-21,83.2459945678711,83.28553287169957,82.36628804587843,82.65293509276464,24887000
2026-05-22,83.70067596435547,83.70067596435547,83.1669201602917,83.63148581611539,27987700
2026-05-26,84.1158218383789,84.39258244773968,83.91813784345293,84.35304414052229,22531200
2026-05-27,84.31350708007812,84.49142567869347,84.16524032437192,84.2640823144559,23589600
2026-05-28,84.74842071533203,84.85714917622877,84.28385502625707,84.37281810388218,25417300
2026-05-29,84.76819610595703,84.96588010906906,84.56062564034099,84.81761333615437,33118600
2026-06-01,84.81383514404297,84.88329744066357,84.14898065198554,84.27797989690306,26322400
2026-06-02,84.99246215820312,85.16115524265898,84.84361220157956,85.14131211482669,20319000
2026-06-03,84.65506744384766,84.7741489219402,84.4466805353031,84.63522431624384,15372000
2026-06-04,84.8436050415039,85.05199193486152,84.76421739522787,84.95276116242779,15866500
2026-06-05,84.406982421875,84.69475696786394,84.26805782323521,84.3375201225551,26461200
2026-06-08,83.97036743164062,84.6749157897616,83.97036743164062,84.575685012853,22922700
2026-06-09,84.4665298461914,84.52606679884806,84.12913611588318,84.31767989372669,22617700
2026-06-10,84.22836303710938,84.6451443990908,84.04974461649526,84.46652597847668,21258300
2026-06-11,85.3199234008789,85.37946035021127,84.38713748361768,84.5161367307787,35190500
2026-06-12,85.11153411865234,85.17107864243278,84.7543048300853,84.98253486363711,23092600
2026-06-15,85.06192016601562,85.44892549119821,85.0123009927059,85.30007554209193,17632700
2026-06-16,85.52831268310547,85.71684888486452,85.27030661075489,85.30007508625248,26472500
2026-06-17,85.66724395751953,85.92524247914956,85.27031325470422,85.66724395751953,34507500
2026-06-18,86.08401489257812,86.51071405885553,85.98478411291846,86.40155792998294,32350900
2026-06-22,85.42906951904297,85.66723245123768,85.30999562376805,85.63746397741896,28595100
2026-06-23,85.5382308959961,85.76646849400962,85.43900012022526,85.45885081787317,19145500
2026-06-24,86.70916748046875,86.7984804733566,86.45116899173159,86.48093746575337,41837000
2026-06-25,86.67940521240234,87.11602971817607,86.61986826009613,86.90764281428126,28380000
2026-06-26,86.6893310546875,86.69925640373603,86.33209419717129,86.34201954621982,21650800
2026-06-29,86.77863311767578,86.8679461140021,86.62979074183657,86.68932769217226,19457200
2026-06-30,85.75653839111328,86.51070587264417,85.71684456884087,86.48093739864547,31079500
2026-07-01,85.1768798828125,85.4458008648752,85.08724462131457,85.13704705466972,28109800
2026-07-02,85.16692352294922,85.43583690006334,85.02748583129237,85.03744023870766,20816300
2026-07-06,85.1071548461914,85.13704086330179,84.83824148246919,85.08723843356839,17940900
2026-07-07,84.21077728271484,84.8282848976807,84.20081527637477,84.77849006354909,24816400
2026-07-08,84.02153778076172,84.11117304213558,83.72273837861331,83.9717353474755,25806600
2026-07-09,84.15100860595703,84.34024872296722,83.92193566316114,83.94185207605399,18625300
2026-07-10,84.13109588623047,84.29044999272065,83.94185576091307,84.1709363125491,14454100
2026-07-13,83.63310241699219,83.94185622418513,83.59326199045368,83.85222096356179,18742500
2026-07-14,83.74266052246094,84.16097359710518,83.70282009647802,83.8422577880261,23793500
2026-07-15,83.90201568603516,84.07133939829467,83.7426615788775,83.7426615788775,17837800
2026-07-16,83.87213134765625,83.88209335327078,83.4538182972521,83.50361312775706,20817800
2026-07-17,84.1808853149414,84.4796846937536,84.15100689681695,84.2804901737347,22065600
2026-07-20,83.55342102050781,84.00161251827844,83.48370217421495,83.97173409826497,24289000
2026-07-21,83.32434844970703,83.43390012399696,83.09526789724684,83.40402170384658,14287500
2026-07-22,83.105224609375,83.3641759667048,83.04546017409714,83.27454071196385,15988400
2026-07-23,82.8363037109375,82.91598455884633,82.62714718426474,82.65702560253459,29152800
2026-07-24,82.91598510742188,83.32434375656841,82.89606869470485,82.9757419443569,15106000
2026-07-27,83.41397857666016,83.53349984869041,83.18489803829814,83.39406216404706,23816200
2026-07-28,83.90201568603516,84.00161295285675,83.51358102628191,83.52354303259939,25366900
2026-07-29,82.51759338378906,83.81238065232647,82.36819368376023,83.76257821938873,41445200
2026-07-30,82.4677963256836,82.5673935900888,82.18891334705116,82.47775073297518,40407300
2026-07-31,81.91999816894531,82.11919269336835,81.56144194595663,82.11919269336835,50359800
2026-08-03,82.19000244140625,82.3499984741211,82.01000213623047,82.23999786376953,32050800
2026-08-04,82.81999969482422,82.83999633789062,82.56999969482422,82.6500015258789,38408600
2026-08-05,83.0,83.1500015258789,82.80000305175781,82.94999694824219,29450900
