date,asset,fold_year,actual_return,actual_target,pred_bnh,pred_baseline,pred_msopt
2016-01-04,SPY,2016,-0.014078094717724947,-1,1,1,-1
2016-01-05,SPY,2016,0.001689745087594501,-1,1,-1,-1
2016-01-06,SPY,2016,-0.012694306464804702,-1,1,1,-1
2016-01-07,SPY,2016,-0.024284066039247616,0,1,1,-1
2016-01-08,SPY,2016,-0.011037342031794163,-1,1,1,-1
2016-01-11,SPY,2016,0.0009894472500929154,-1,1,1,-1
2016-01-12,SPY,2016,0.008035778179161452,-1,1,1,-1
2016-01-13,SPY,2016,-0.02525684559518949,0,1,1,-1
2016-01-14,SPY,2016,0.01628377038403736,0,1,1,-1
2016-01-15,SPY,2016,-0.02169983977486598,0,1,1,-1
2016-01-19,SPY,2016,0.0013301832850692466,0,1,1,-1
2016-01-20,SPY,2016,-0.012897579067505929,0,1,0,1
2016-01-21,SPY,2016,0.005586141518537462,0,1,1,1
2016-01-22,SPY,2016,0.02030787353805688,1,1,1,-1
2016-01-25,SPY,2016,-0.015232140207700645,1,1,1,-1
2016-01-26,SPY,2016,0.013550849526184214,0,1,1,1
2016-01-27,SPY,2016,-0.010943141683704314,1,1,1,1
2016-01-28,SPY,2016,0.0051954863347439375,1,1,1,1
2016-01-29,SPY,2016,0.024085385197149606,-1,1,-1,1
2016-02-01,SPY,2016,-0.0003615474137698131,-1,1,-1,1
2016-02-02,SPY,2016,-0.018186411792186417,-1,1,1,1
2016-02-03,SPY,2016,0.005976886748081498,-1,1,1,1
2016-02-04,SPY,2016,0.0015668759607112262,-1,1,-1,1
2016-02-05,SPY,2016,-0.019233521766199028,0,1,1,1
2016-02-08,SPY,2016,-0.013552720871391144,1,1,-1,1
2016-02-09,SPY,2016,5.4173536592087974e-05,1,1,-1,1
2016-02-10,SPY,2016,-0.0008635143576694892,1,1,-1,1
2016-02-11,SPY,2016,-0.0130932808809061,1,1,1,1
2016-02-12,SPY,2016,0.02040721497850041,1,1,-1,1
2016-02-16,SPY,2016,0.016737594349565805,1,1,1,1
2016-02-17,SPY,2016,0.016202814172984633,0,1,1,1
2016-02-18,SPY,2016,-0.004104312839207282,1,1,-1,1
2016-02-19,SPY,2016,-0.00046877589657737446,1,1,-1,1
2016-02-22,SPY,2016,0.014375359479251115,-1,1,-1,1
2016-02-23,SPY,2016,-0.012710100080245406,1,1,-1,1
2016-02-24,SPY,2016,0.0045651223098217755,1,1,-1,1
2016-02-25,SPY,2016,0.012038991604090114,1,1,1,1
2016-02-26,SPY,2016,-0.0023038980263028375,1,1,-1,1
2016-02-29,SPY,2016,-0.007873401877436893,1,1,1,1
2016-03-01,SPY,2016,0.023234937076879472,0,1,-1,1
2016-03-02,SPY,2016,0.004482566795130668,0,1,-1,1
2016-03-03,SPY,2016,0.0039118891510678405,0,1,1,1
2016-03-04,SPY,2016,0.0032483035765023607,1,1,1,1
2016-03-07,SPY,2016,0.0007980458456343463,1,1,1,1
2016-03-08,SPY,2016,-0.010977923091113753,1,1,1,1
2016-03-09,SPY,2016,0.004927479111138484,1,1,1,1
2016-03-10,SPY,2016,0.0008018840211464534,1,1,1,1
2016-03-11,SPY,2016,0.016008285945981443,1,1,1,1
2016-03-14,SPY,2016,-0.0012832011936343177,1,1,1,1
2016-03-15,SPY,2016,-0.0016308053744990179,1,1,1,1
2016-03-16,SPY,2016,0.005770591967465713,0,1,1,1
2016-03-17,SPY,2016,0.006324072409346306,0,1,1,1
2016-03-18,SPY,2016,0.003921825499269247,-1,1,1,1
2016-03-21,SPY,2016,0.0014179786472704404,0,1,1,1
2016-03-22,SPY,2016,-0.0005375141053061943,1,1,1,1
2016-03-23,SPY,2016,-0.006621660507783426,1,1,1,1
2016-03-24,SPY,2016,-0.0004427941660034531,1,1,1,1
2016-03-28,SPY,2016,0.000590407726375637,1,1,1,1
2016-03-29,SPY,2016,0.009207981498527725,0,1,0,1
2016-03-30,SPY,2016,0.0043779838620783456,0,1,1,1
2016-03-31,SPY,2016,-0.002430002368785729,-1,1,1,1
2016-04-01,SPY,2016,0.0067888159825196,-1,1,0,1
2016-04-04,SPY,2016,-0.0032432315275918353,-1,1,1,1
2016-04-05,SPY,2016,-0.01003832324075877,1,1,1,1
2016-04-06,SPY,2016,0.010862308536280502,0,1,1,1
2016-04-07,SPY,2016,-0.012038062622293524,1,1,1,1
2016-04-08,SPY,2016,0.0026934095766772068,1,1,1,1
2016-04-11,SPY,2016,-0.002350290671930518,1,1,1,1
2016-04-12,SPY,2016,0.009269655648768967,1,1,1,1
2016-04-13,SPY,2016,0.01005050112258122,1,1,1,1
2016-04-14,SPY,2016,4.778522826193461e-05,1,1,1,1
2016-04-15,SPY,2016,-0.001106137939150597,1,1,1,1
2016-04-18,SPY,2016,0.007002175939067512,0,1,1,1
2016-04-19,SPY,2016,0.003149092563863968,-1,1,1,1
2016-04-20,SPY,2016,0.0009526275618535362,0,1,1,1
2016-04-21,SPY,2016,-0.005393228898875194,-1,1,1,1
2016-04-22,SPY,2016,0.0,-1,1,1,1
2016-04-25,SPY,2016,-0.0017238911557590085,0,1,1,1
2016-04-26,SPY,2016,0.0014846610137574726,-1,1,1,1
2016-04-27,SPY,2016,0.0020564058402742103,-1,1,1,1
2016-04-28,SPY,2016,-0.009117431706399901,-1,1,0,1
2016-04-29,SPY,2016,-0.005413527371331298,0,1,1,1
2016-05-02,SPY,2016,0.007916887389896632,-1,1,1,1
2016-05-03,SPY,2016,-0.008741057696155278,1,1,1,1
2016-05-04,SPY,2016,-0.005593986537086807,1,1,1,1
2016-05-05,SPY,2016,-0.00019500632778273215,1,1,1,1
2016-05-06,SPY,2016,0.0036522438385256204,0,1,1,1
2016-05-09,SPY,2016,0.0008261948764763969,1,1,1,1
2016-05-10,SPY,2016,0.01235722873707965,-1,1,1,1
2016-05-11,SPY,2016,-0.009398925473696381,-1,1,1,1
2016-05-12,SPY,2016,0.00029076426960481205,-1,1,1,1
2016-05-13,SPY,2016,-0.008752353520318997,0,1,1,1
2016-05-16,SPY,2016,0.009816605369673034,0,1,1,1
2016-05-17,SPY,2016,-0.00937735695216069,1,1,1,1
2016-05-18,SPY,2016,0.00029284229316012755,1,1,0,1
2016-05-19,SPY,2016,-0.0034709269958645692,1,1,1,1
2016-05-20,SPY,2016,0.006297557027813148,1,1,1,1
2016-05-23,SPY,2016,-0.0013637912822350054,1,1,1,1
2016-05-24,SPY,2016,0.0128794092489079,1,1,1,1
2016-05-25,SPY,2016,0.006759991032575834,1,1,1,1
2016-05-26,SPY,2016,0.00028647231479728965,1,1,1,1
2016-05-27,SPY,2016,0.004290263466073292,1,1,1,1
2016-05-31,SPY,2016,-0.0019043782523691251,1,1,1,1
2016-06-01,SPY,2016,0.0020471418815603366,1,1,1,1
2016-06-02,SPY,2016,0.0030390997982331453,1,1,1,1
2016-06-03,SPY,2016,-0.002992001692356096,0,1,1,1
2016-06-06,SPY,2016,0.00507579836810731,-1,1,1,1
2016-06-07,SPY,2016,0.0015601942668035424,-1,1,1,1
2016-06-08,SPY,2016,0.003254541472919096,-1,1,1,1
2016-06-09,SPY,2016,-0.001366616004239132,-1,1,1,1
2016-06-10,SPY,2016,-0.009522701791902096,-1,1,1,1
2016-06-13,SPY,2016,-0.007741628845086836,0,1,1,1
2016-06-14,SPY,2016,-0.001968869507448804,1,1,1,1
2016-06-15,SPY,2016,-0.0013947331626277017,1,1,1,1
2016-06-16,SPY,2016,0.0029796445461701244,1,1,1,1
2016-06-17,SPY,2016,-0.003730867399527654,-1,1,1,1
2016-06-20,SPY,2016,0.006419361785713771,-1,1,1,1
2016-06-21,SPY,2016,0.0028344423065428084,-1,1,1,1
2016-06-22,SPY,2016,-0.0016326423303422576,-1,1,1,1
2016-06-23,SPY,2016,0.012938588978331717,-1,1,1,1
2016-06-24,SPY,2016,-0.036569713146352774,1,1,0,1
2016-06-27,SPY,2016,-0.01807227955343298,1,1,0,1
2016-06-28,SPY,2016,0.017875182051499357,1,1,1,1
2016-06-29,SPY,2016,0.016884520740094264,1,1,1,1
2016-06-30,SPY,2016,0.013553261950368998,1,1,0,1
2016-07-01,SPY,2016,0.0020985138549385655,1,1,1,1
2016-07-05,SPY,2016,-0.007219564065495351,1,1,1,1
2016-07-06,SPY,2016,0.0059799179137108565,1,1,0,1
2016-07-07,SPY,2016,-0.0006201433451160861,1,1,1,1
2016-07-08,SPY,2016,0.014780591364526845,1,1,1,1
2016-07-11,SPY,2016,0.0035210261738511267,1,1,1,1
2016-07-12,SPY,2016,0.007237030266276377,0,1,1,1
2016-07-13,SPY,2016,-0.00013976602090784313,1,1,1,1
2016-07-14,SPY,2016,0.005568000038571443,0,1,1,1
2016-07-15,SPY,2016,-0.0013425751595792397,1,1,1,1
2016-07-18,SPY,2016,0.0026837641017931685,0,1,1,1
2016-07-19,SPY,2016,-0.0010173232359157785,1,1,1,1
2016-07-20,SPY,2016,0.004154364342691234,0,1,1,1
2016-07-21,SPY,2016,-0.0037843013337296545,0,1,1,1
2016-07-22,SPY,2016,0.00447488311938963,0,1,1,1
2016-07-25,SPY,2016,-0.002719468355005253,0,1,1,1
2016-07-26,SPY,2016,0.00046143085382261003,-1,1,1,1
2016-07-27,SPY,2016,-0.001061808011920182,0,1,1,1
2016-07-28,SPY,2016,0.0011541182203996779,0,1,1,1
2016-07-29,SPY,2016,0.0016130195075046813,1,1,1,1
2016-08-01,SPY,2016,-0.0008292633093893766,1,1,1,1
2016-08-02,SPY,2016,-0.00642767160096525,1,1,1,1
2016-08-03,SPY,2016,0.002918460134127133,1,1,1,1
2016-08-04,SPY,2016,0.00106355966899041,1,1,1,1
2016-08-05,SPY,2016,0.008145385354827828,0,1,1,1
2016-08-08,SPY,2016,-0.0005959192847003394,1,1,1,1
2016-08-09,SPY,2016,0.000595919284700404,0,1,-1,1
2016-08-10,SPY,2016,-0.002478155067506355,0,1,1,1
2016-08-11,SPY,2016,0.004629901357291318,0,1,-1,1
2016-08-12,SPY,2016,-0.0008692119426432568,0,1,-1,1
2016-08-15,SPY,2016,0.0028798044432189474,-1,1,-1,1
2016-08-16,SPY,2016,-0.005171322841920921,1,1,-1,1
2016-08-17,SPY,2016,0.001879393050174273,0,1,0,1
2016-08-18,SPY,2016,0.0022414685814974872,-1,1,-1,1
2016-08-19,SPY,2016,-0.0014633707048626195,-1,1,1,1
2016-08-22,SPY,2016,-4.5329382935869394e-05,0,1,-1,1
2016-08-23,SPY,2016,0.002011203799949129,-1,1,-1,1
2016-08-24,SPY,2016,-0.0051278693702295425,0,1,0,1
2016-08-25,SPY,2016,-0.0006889763890148613,0,1,1,1
2016-08-26,SPY,2016,-0.0018851000852035255,0,1,1,1
2016-08-29,SPY,2016,0.004912116668807921,0,1,1,1
2016-08-30,SPY,2016,-0.0016498668516550933,1,1,1,1
2016-08-31,SPY,2016,-0.0028479117015194687,1,1,1,1
2016-09-01,SPY,2016,4.573398912549591e-05,-1,1,0,1
2016-09-02,SPY,2016,0.004497901446040852,-1,1,1,1
2016-09-06,SPY,2016,0.0030179885748743817,-1,1,0,1
2016-09-07,SPY,2016,-9.14394741248044e-05,-1,1,1,1
2016-09-08,SPY,2016,-0.002285347309706865,-1,1,-1,1
2016-09-09,SPY,2016,-0.02422618939700062,0,1,0,1
2016-09-12,SPY,2016,0.014245408503211014,0,1,-1,1
2016-09-13,SPY,2016,-0.014479766986577972,0,1,1,1
2016-09-14,SPY,2016,-0.00037525593424159366,1,1,1,1
2016-09-15,SPY,2016,0.009943193181666298,1,1,1,1
2016-09-16,SPY,2016,-0.003873063622543399,1,1,1,1
2016-09-19,SPY,2016,0.00018751229168812879,0,1,-1,1
2016-09-20,SPY,2016,4.676818872078686e-05,1,1,-1,1
2016-09-21,SPY,2016,0.01118296946271085,0,1,0,1
2016-09-22,SPY,2016,0.006281386319058581,-1,1,-1,1
2016-09-23,SPY,2016,-0.005494093157986442,0,1,-1,1
2016-09-26,SPY,2016,-0.008135291109897622,1,1,1,1
2016-09-27,SPY,2016,0.0061889213733549685,0,1,1,1
2016-09-28,SPY,2016,0.00495115230715848,0,1,0,1
2016-09-29,SPY,2016,-0.009088725958034984,0,1,0,1
2016-09-30,SPY,2016,0.007518084278125835,-1,1,1,1
2016-10-03,SPY,2016,-0.0024071000124899684,0,1,1,1
2016-10-04,SPY,2016,-0.005110984265635935,0,1,1,1
2016-10-05,SPY,2016,0.004416082871939549,-1,1,1,1
2016-10-06,SPY,2016,0.0006949013936963886,-1,1,1,1
2016-10-07,SPY,2016,-0.003434919397089651,-1,1,1,1
2016-10-10,SPY,2016,0.005194304974753283,-1,1,1,1
2016-10-11,SPY,2016,-0.012709589043102145,0,1,0,1
2016-10-12,SPY,2016,0.001311062431958609,0,1,1,1
2016-10-13,SPY,2016,-0.0032813866739953984,0,1,1,1
2016-10-14,SPY,2016,0.0005165500445009182,0,1,1,1
2016-10-17,SPY,2016,-0.0034782856481250773,1,1,1,1
2016-10-18,SPY,2016,0.006243122277619536,0,1,1,1
2016-10-19,SPY,2016,0.0026634767462896335,0,1,1,1
2016-10-20,SPY,2016,-0.0018683302158695244,0,1,1,1
2016-10-21,SPY,2016,0.0004673057874035312,-1,1,1,1
2016-10-24,SPY,2016,0.004243646643163764,-1,1,1,1
2016-10-25,SPY,2016,-0.003356208701515214,-1,1,1,1
2016-10-26,SPY,2016,-0.0020095390484750906,-1,1,1,1
2016-10-27,SPY,2016,-0.0026704653410699556,-1,1,-1,1
2016-10-28,SPY,2016,-0.002959843507727064,-1,1,1,1
2016-10-31,SPY,2016,4.695962429159908e-05,1,1,-1,1
2016-11-01,SPY,2016,-0.007271486210427939,1,1,1,1
2016-11-02,SPY,2016,-0.0060371835148799935,1,1,1,1
2016-11-03,SPY,2016,-0.004587248008105705,1,1,1,1
2016-11-04,SPY,2016,-0.0011022044519330134,1,1,1,1
2016-11-07,SPY,2016,0.021817190575025815,1,1,0,1
2016-11-08,SPY,2016,0.004493578151126383,1,1,1,1
2016-11-09,SPY,2016,0.010546585613636878,0,1,0,1
2016-11-10,SPY,2016,0.002492215280759477,0,1,0,1
2016-11-11,SPY,2016,-0.0023075582986976815,1,1,1,1
2016-11-14,SPY,2016,0.0007848645852982656,1,1,1,1
2016-11-15,SPY,2016,0.007772654674381076,1,1,1,1
2016-11-16,SPY,2016,-0.0018798725562381884,1,1,1,1
2016-11-17,SPY,2016,0.005127496005600384,1,1,1,1
2016-11-18,SPY,2016,-0.002240203188987536,1,1,1,1
2016-11-21,SPY,2016,0.007523070127778927,0,1,1,1
2016-11-22,SPY,2016,0.0019513282353164157,0,1,1,1
2016-11-23,SPY,2016,0.0005438909760731866,-1,1,1,1
2016-11-25,SPY,2016,0.0037084641349281,-1,1,1,1
2016-11-28,SPY,2016,-0.004705513791089187,0,1,1,1
2016-11-29,SPY,2016,0.0019480064418592447,0,1,1,1
2016-11-30,SPY,2016,-0.0024016940684529987,1,1,1,1
2016-12-01,SPY,2016,-0.0036822238828903035,1,1,1,1
2016-12-02,SPY,2016,0.0005006340806702035,1,1,1,1
2016-12-05,SPY,2016,0.005990721406016832,1,1,1,1
2016-12-06,SPY,2016,0.003162455992507357,1,1,1,1
2016-12-07,SPY,2016,0.012995956321865544,0,1,0,1
2016-12-08,SPY,2016,0.0024458415569249,1,1,1,1
2016-12-09,SPY,2016,0.006022425579899202,0,1,1,1
2016-12-12,SPY,2016,-0.0011486948382895181,0,1,1,1
2016-12-13,SPY,2016,0.0066520405811466825,0,1,1,1
2016-12-14,SPY,2016,-0.008288550862122322,0,1,1,1
2016-12-15,SPY,2016,0.004108464846261469,0,1,1,1
2016-12-16,SPY,2016,-0.0019575949951925113,0,1,1,1
2016-12-19,SPY,2016,0.0021749302908993344,1,1,1,1
2016-12-20,SPY,2016,0.0038502142689465246,-1,1,-1,1
2016-12-21,SPY,2016,-0.002786534327966486,-1,1,-1,1
2016-12-22,SPY,2016,-0.0017285635495454456,-1,1,-1,1
2016-12-23,SPY,2016,0.0014627888669831062,-1,1,-1,1
2016-12-27,SPY,2016,0.002478003752603531,0,1,0,1
2016-12-28,SPY,2016,-0.008298770186207949,1,1,-1,1
2016-12-29,SPY,2016,-0.00022301055175606363,1,1,1,1
2016-12-30,SPY,2016,-0.0036615857111338902,1,1,0,0
2017-01-03,SPY,2017,0.0076209086977726895,0,1,-1,1
2017-01-04,SPY,2017,0.005931603286253771,0,1,1,1
2017-01-05,SPY,2017,-0.0007948402770033606,0,1,1,1
2017-01-06,SPY,2017,0.003571348663411716,0,1,-1,1
2017-01-09,SPY,2017,-0.003306149135210059,0,1,-1,1
2017-01-10,SPY,2017,0.0,0,1,-1,1
2017-01-11,SPY,2017,0.002821982758325591,-1,1,-1,1
2017-01-12,SPY,2017,-0.0025132848843328363,0,1,0,1
2017-01-13,SPY,2017,0.002293004040583217,-1,1,-1,1
2017-01-17,SPY,2017,-0.003529699074206157,1,1,-1,1
2017-01-18,SPY,2017,0.0022076191823286718,1,1,-1,1
2017-01-19,SPY,2017,-0.003711463366937619,1,1,-1,1
2017-01-20,SPY,2017,0.003667311823046608,1,1,-1,1
2017-01-23,SPY,2017,-0.002605811957705315,1,1,-1,1
2017-01-24,SPY,2017,0.006391378071674868,0,1,-1,1
2017-01-25,SPY,2017,0.00861836074029157,-1,1,-1,1
2017-01-26,SPY,2017,-0.0010459867903696903,-1,1,-1,1
2017-01-27,SPY,2017,-0.0015708410042339894,0,1,-1,1
2017-01-30,SPY,2017,-0.006221174123272862,1,1,0,1
2017-01-31,SPY,2017,-8.776095603245715e-05,1,1,1,1
2017-02-01,SPY,2017,0.0003956810245963057,1,1,0,1
2017-02-02,SPY,2017,0.0006584983130765992,1,1,1,1
2017-02-03,SPY,2017,0.0068692496671366645,1,1,1,1
2017-02-06,SPY,2017,-0.0017893218270739147,1,1,-1,1
2017-02-07,SPY,2017,4.388397989711261e-05,1,1,0,1
2017-02-08,SPY,2017,0.0013092866228336473,1,1,1,1
2017-02-09,SPY,2017,0.005915312170301808,1,1,-1,1
2017-02-10,SPY,2017,0.003938171717346423,1,1,1,0
2017-02-13,SPY,2017,0.0054278670730121764,1,1,0,1
2017-02-14,SPY,2017,0.003987360854673686,1,1,0,1
2017-02-15,SPY,2017,0.005206768273233229,1,1,0,1
2017-02-16,SPY,2017,-0.0008516843955474058,1,1,0,1
2017-02-17,SPY,2017,0.0015750500178234987,1,1,1,1
2017-02-21,SPY,2017,0.0059376575697494905,0,1,1,1
2017-02-22,SPY,2017,-0.0008880967295830094,1,1,-1,1
2017-02-23,SPY,2017,0.0006765632062947279,1,1,1,1
2017-02-24,SPY,2017,0.0012681562378558451,1,1,0,1
2017-02-27,SPY,2017,0.0015616210479845085,0,1,0,1
2017-02-28,SPY,2017,-0.002702986677437627,0,1,1,1
2017-03-01,SPY,2017,0.013900572859057268,-1,1,0,1
2017-03-02,SPY,2017,-0.006317125696942933,-1,1,1,1
2017-03-03,SPY,2017,0.0006291489290293423,-1,1,-1,1
2017-03-06,SPY,2017,-0.0029822802118302065,0,1,1,1
2017-03-07,SPY,2017,-0.0029914998695413034,0,1,0,1
2017-03-08,SPY,2017,-0.0018579413944984264,1,1,1,1
2017-03-09,SPY,2017,0.001267213781378383,1,1,0,1
2017-03-10,SPY,2017,0.003498068608995793,0,1,0,1
2017-03-13,SPY,2017,0.0005043999837749257,0,1,0,1
2017-03-14,SPY,2017,-0.003833717773300441,-1,1,0,1
2017-03-15,SPY,2017,0.008616207849567662,-1,1,0,1
2017-03-16,SPY,2017,-0.001968694155737791,-1,1,0,1
2017-03-17,SPY,2017,-0.0017576013699669153,-1,1,0,1
2017-03-20,SPY,2017,-0.001097845608954191,-1,1,0,1
2017-03-21,SPY,2017,-0.012922359965785205,0,1,0,1
2017-03-22,SPY,2017,0.0023502684177952172,1,1,0,1
2017-03-23,SPY,2017,-0.0010676944952115915,1,1,-1,1
2017-03-24,SPY,2017,-0.00072673827172315,1,1,-1,1
2017-03-27,SPY,2017,-0.0010269455976076487,1,1,0,1
2017-03-28,SPY,2017,0.007250765821875004,0,1,0,1
2017-03-29,SPY,2017,0.0009343718236200409,-1,1,-1,1
2017-03-30,SPY,2017,0.0031791897225240326,-1,1,1,1
2017-03-31,SPY,2017,-0.0023306265874841934,0,1,-1,1
2017-04-03,SPY,2017,-0.0017402026263359858,0,1,-1,1
2017-04-04,SPY,2017,0.0006368701398921622,0,1,-1,1
2017-04-05,SPY,2017,-0.002977014780019231,0,1,1,1
2017-04-06,SPY,2017,0.002806932659166318,-1,1,-1,1
2017-04-07,SPY,2017,-0.001019975525799755,0,1,-1,1
2017-04-10,SPY,2017,0.0005953182993383723,-1,1,-1,1
2017-04-11,SPY,2017,-0.0011904658387595563,-1,1,-1,1
2017-04-12,SPY,2017,-0.0043914792386862385,1,1,1,1
2017-04-13,SPY,2017,-0.006516409924424667,1,1,-1,1
2017-04-17,SPY,2017,0.008821326907964831,1,1,-1,1
2017-04-18,SPY,2017,-0.0029888824472508696,1,1,-1,1
2017-04-19,SPY,2017,-0.0018401290556596228,1,1,-1,1
2017-04-20,SPY,2017,0.008106039596815998,1,1,-1,1
2017-04-21,SPY,2017,-0.003192044058444118,1,1,1,1
2017-04-24,SPY,2017,0.010937933110862826,0,1,1,1
2017-04-25,SPY,2017,0.0058016711182257525,0,1,1,1
2017-04-26,SPY,2017,-0.0006289675020360641,0,1,1,1
2017-04-27,SPY,2017,0.0008385354556184555,0,1,-1,1
2017-04-28,SPY,2017,-0.0021816119776364375,1,1,-1,1
2017-05-01,SPY,2017,0.0025168737283465946,1,1,-1,1
2017-05-02,SPY,2017,0.0003772660626602811,1,1,-1,1
2017-05-03,SPY,2017,-0.001215372364277154,1,1,1,1
2017-05-04,SPY,2017,0.0011731817990936167,0,1,-1,1
2017-05-05,SPY,2017,0.0039294491021260505,-1,1,-1,1
2017-05-08,SPY,2017,-0.00016701390114868048,1,1,-1,1
2017-05-09,SPY,2017,-0.0009182280612351553,0,1,1,1
2017-05-10,SPY,2017,0.0017942803401596317,-1,1,-1,1
2017-05-11,SPY,2017,-0.0020449731733376136,-1,1,-1,1
2017-05-12,SPY,2017,-0.0016720815213204594,-1,1,-1,1
2017-05-15,SPY,2017,0.005507974524432297,-1,1,-1,1
2017-05-16,SPY,2017,-0.0009160017676602191,0,1,-1,1
2017-05-17,SPY,2017,-0.01790302173444557,1,1,0,1
2017-05-18,SPY,2017,0.0040199917857718735,1,1,0,1
2017-05-19,SPY,2017,0.006482973941964275,1,1,-1,1
2017-05-22,SPY,2017,0.00506494332745627,1,1,-1,1
2017-05-23,SPY,2017,0.002210402220289967,1,1,-1,1
2017-05-24,SPY,2017,0.0023300361654493046,1,1,-1,1
2017-05-25,SPY,2017,0.004768202740352766,1,1,-1,1
2017-05-26,SPY,2017,-0.0002067553995027909,1,1,-1,1
2017-05-30,SPY,2017,-0.0008693803719175982,1,1,0,1
2017-05-31,SPY,2017,-0.00024840801641043663,1,1,1,1
2017-06-01,SPY,2017,0.007920566143625383,0,1,0,1
2017-06-02,SPY,2017,0.0033230970122618336,0,1,1,1
2017-06-05,SPY,2017,-0.0007375443952381539,-1,1,-1,1
2017-06-06,SPY,2017,-0.003201794637906726,1,1,-1,1
2017-06-07,SPY,2017,0.001848312014219194,0,1,0,1
2017-06-08,SPY,2017,0.000492591431363573,0,1,1,1
2017-06-09,SPY,2017,-0.0015192351401554739,0,1,0,1
2017-06-12,SPY,2017,-0.00020542628454430094,1,1,0,1
2017-06-13,SPY,2017,0.004878222843218357,0,1,0,1
2017-06-14,SPY,2017,-0.001268538136610739,0,1,0,1
2017-06-15,SPY,2017,-0.001926057270395484,0,1,0,1
2017-06-16,SPY,2017,0.0002183943479715667,0,1,1,1
2017-06-19,SPY,2017,0.008290820896044264,-1,1,1,1
2017-06-20,SPY,2017,-0.006767368009990705,-1,1,1,1
2017-06-21,SPY,2017,-0.00024682239772658626,0,1,1,1
2017-06-22,SPY,2017,-0.00045269011489791654,-1,1,-1,1
2017-06-23,SPY,2017,0.001193552301109142,-1,1,0,1
2017-06-26,SPY,2017,0.0006577629727915553,-1,1,0,1
2017-06-27,SPY,2017,-0.008088872833249052,1,1,0,1
2017-06-28,SPY,2017,0.008910612805583503,-1,1,1,1
2017-06-29,SPY,2017,-0.008827828096701126,0,1,0,1
2017-06-30,SPY,2017,0.0018628794122517655,0,1,1,1
2017-07-03,SPY,2017,0.0016940920790851812,0,1,1,1
2017-07-05,SPY,2017,0.002309586225145373,1,1,0,1
2017-07-06,SPY,2017,-0.009186514654934601,1,1,0,1
2017-07-07,SPY,2017,0.006464189037532803,1,1,0,1
2017-07-10,SPY,2017,0.0010730725225292542,1,1,0,1
2017-07-11,SPY,2017,-0.0007428963777357029,1,1,-1,1
2017-07-12,SPY,2017,0.007486630647259251,1,1,-1,1
2017-07-13,SPY,2017,0.001678761734097207,1,1,-1,1
2017-07-14,SPY,2017,0.004653236552191043,1,1,-1,1
2017-07-17,SPY,2017,-0.00012197901747236568,1,1,0,1
2017-07-18,SPY,2017,0.0005292782716793567,1,1,-1,1
2017-07-19,SPY,2017,0.005399344663475304,0,1,-1,-1
2017-07-20,SPY,2017,0.0004451566898536122,0,1,1,-1
2017-07-21,SPY,2017,-0.0008905116324424926,0,1,-1,-1
2017-07-24,SPY,2017,-0.00024295277063629412,0,1,-1,-1
2017-07-25,SPY,2017,0.002427939987048038,0,1,0,1
2017-07-26,SPY,2017,4.023246417677201e-05,0,1,0,1
2017-07-27,SPY,2017,-0.0009298046483018932,0,1,0,1
2017-07-28,SPY,2017,-0.0011736763592729248,0,1,1,1
2017-07-31,SPY,2017,-0.0005674343351293752,1,1,1,1
2017-08-01,SPY,2017,0.0022262815558800587,0,1,-1,1
2017-08-02,SPY,2017,0.0004850774897275284,0,1,1,1
2017-08-03,SPY,2017,-0.001941652269571827,-1,1,-1,1
2017-08-04,SPY,2017,0.001820387214489102,-1,1,1,1
2017-08-07,SPY,2017,0.0018576654579902994,-1,1,-1,1
2017-08-08,SPY,2017,-0.0024639983974910737,0,1,0,1
2017-08-09,SPY,2017,-4.054414791396821e-05,0,1,1,1
2017-08-10,SPY,2017,-0.014215898827436114,0,1,0,1
2017-08-11,SPY,2017,0.001475682317325923,-1,1,1,1
2017-08-14,SPY,2017,0.00986484947302401,-1,1,1,1
2017-08-15,SPY,2017,-0.00012199259862605501,-1,1,1,1
2017-08-16,SPY,2017,0.0017427321536420371,-1,1,0,1
2017-08-17,SPY,2017,-0.015713547571368402,0,1,0,1
2017-08-18,SPY,2017,-0.0015643979706621858,1,1,0,1
2017-08-21,SPY,2017,0.0007827217386519865,1,1,1,1
2017-08-22,SPY,2017,0.010402463456219577,0,1,0,1
2017-08-23,SPY,2017,-0.003591985786805896,1,1,-1,1
2017-08-24,SPY,2017,-0.0023333171067994275,1,1,0,1
2017-08-25,SPY,2017,0.0023333171067993256,1,1,1,1
2017-08-28,SPY,2017,4.113367126467295e-05,1,1,1,1
2017-08-29,SPY,2017,0.0011441012261158407,1,1,0,1
2017-08-30,SPY,2017,0.004726227875223098,0,1,0,1
2017-08-31,SPY,2017,0.005998176030598732,0,1,0,0
2017-09-01,SPY,2017,0.001413364373682964,1,1,0,0
2017-09-05,SPY,2017,-0.0072080998607914285,1,1,1,0
2017-09-06,SPY,2017,0.0034078016880082704,1,1,-1,0
2017-09-07,SPY,2017,-0.00012138806952234151,1,1,-1,0
2017-09-08,SPY,2017,-0.0011755311024985874,1,1,-1,0
2017-09-11,SPY,2017,0.010609548645176528,1,1,1,0
2017-09-12,SPY,2017,0.003364940332939386,1,1,0,0
2017-09-13,SPY,2017,0.00047985295912756926,1,1,0,0
2017-09-14,SPY,2017,-0.0003199231874735819,1,1,-1,0
2017-09-15,SPY,2017,0.0013451914702800561,0,1,-1,0
2017-09-18,SPY,2017,0.0021248342945789835,-1,1,-1,0
2017-09-19,SPY,2017,0.0010004503140186758,-1,1,0,0
2017-09-20,SPY,2017,0.00035999547878950923,0,1,1,0
2017-09-21,SPY,2017,-0.0026828156214912693,1,1,-1,0
2017-09-22,SPY,2017,0.0002006731206560934,1,1,0,0
2017-09-25,SPY,2017,-0.0020470032526089506,1,1,0,0
2017-09-26,SPY,2017,0.0006024494906396083,1,1,-1,0
2017-09-27,SPY,2017,0.003886873945786258,1,1,1,0
2017-09-28,SPY,2017,0.0011991440552051446,1,1,-1,0
2017-09-29,SPY,2017,0.003508586105608045,1,1,1,1
2017-10-02,SPY,2017,0.004329581803232431,1,1,0,1
2017-10-03,SPY,2017,0.0021377461280687065,1,1,0,1
2017-10-04,SPY,2017,0.0011856880326019674,1,1,1,1
2017-10-05,SPY,2017,0.005907512156749002,0,1,0,-1
2017-10-06,SPY,2017,-0.0011393464950830167,1,1,1,1
2017-10-09,SPY,2017,-0.0016524663813361849,1,1,0,1
2017-10-10,SPY,2017,0.002634842890775126,1,1,0,1
2017-10-11,SPY,2017,0.0015696882337069011,1,1,0,1
2017-10-12,SPY,2017,-0.0014913373724730933,1,1,0,1
2017-10-13,SPY,2017,0.0012169430756039596,1,1,0,1
2017-10-16,SPY,2017,0.0013325563658662823,1,1,-1,1
2017-10-17,SPY,2017,0.000705002185729957,1,1,0,1
2017-10-18,SPY,2017,0.0009780118993299514,-1,1,0,1
2017-10-19,SPY,2017,0.00027356820090937385,0,1,0,1
2017-10-20,SPY,2017,0.005147004068232584,0,1,1,1
2017-10-23,SPY,2017,-0.0038968520388535668,0,1,0,1
2017-10-24,SPY,2017,0.0017559395069727875,1,1,0,1
2017-10-25,SPY,2017,-0.004962673822321134,1,1,0,1
2017-10-26,SPY,2017,0.001291760076138335,1,1,-1,1
2017-10-27,SPY,2017,0.00814300819270021,0,1,0,1
2017-10-30,SPY,2017,-0.0037320685785466223,1,1,0,1
2017-10-31,SPY,2017,0.0015567442495266653,1,1,0,1
2017-11-01,SPY,2017,0.0013212314607978447,1,1,1,1
2017-11-02,SPY,2017,0.0003882774713200386,0,1,0,1
2017-11-03,SPY,2017,0.0033334236492336172,0,1,0,1
2017-11-06,SPY,2017,0.0015463770030155648,0,1,-1,1
2017-11-07,SPY,2017,-0.0006955906297353239,-1,1,1,1
2017-11-08,SPY,2017,0.001699336886298918,-1,1,0,1
2017-11-09,SPY,2017,-0.0036342485737703746,0,1,0,1
2017-11-10,SPY,2017,-0.0003101014663033129,0,1,1,1
2017-11-13,SPY,2017,0.0009296779302991807,0,1,1,1
2017-11-14,SPY,2017,-0.0023254445939507847,1,1,1,1
2017-11-15,SPY,2017,-0.005017612975602354,1,1,1,1
2017-11-16,SPY,2017,0.008465015972160803,1,1,0,1
2017-11-17,SPY,2017,-0.002943019652092207,1,1,-1,1
2017-11-20,SPY,2017,0.0017048734010609305,1,1,0,1
2017-11-21,SPY,2017,0.006521298116816977,1,1,0,1
2017-11-22,SPY,2017,-0.0008845972337155928,1,1,0,1
2017-11-24,SPY,2017,0.0023070231995781735,1,1,0,1
2017-11-27,SPY,2017,-0.0004996732093588066,1,1,-1,1
2017-11-28,SPY,2017,0.010093812976587237,0,1,0,1
2017-11-29,SPY,2017,-0.0006088726269252909,0,1,1,1
2017-11-30,SPY,2017,0.008716865584977387,0,1,0,1
2017-12-01,SPY,2017,-0.0020776850226109328,0,1,0,1
2017-12-04,SPY,2017,-0.001210655981471866,1,1,0,1
2017-12-05,SPY,2017,-0.003603150504456657,1,1,0,1
2017-12-06,SPY,2017,0.00018995303796800992,1,1,-1,1
2017-12-07,SPY,2017,0.00314814617136018,1,1,1,1
2017-12-08,SPY,2017,0.005438278752843569,1,1,1,1
2017-12-11,SPY,2017,0.0030086447502422832,1,1,-1,1
2017-12-12,SPY,2017,0.0017633299669750529,1,1,-1,1
2017-12-13,SPY,2017,-0.00011231102740085363,1,1,1,1
2017-12-14,SPY,2017,-0.004094889853366919,1,1,1,1
2017-12-15,SPY,2017,0.008293086036027983,0,1,0,1
2017-12-18,SPY,2017,0.006321008636433164,-1,1,0,1
2017-12-19,SPY,2017,-0.0038477881001387974,0,1,1,1
2017-12-20,SPY,2017,-0.0005242260416627929,0,1,1,1
2017-12-21,SPY,2017,0.002057908303921076,0,1,-1,1
2017-12-22,SPY,2017,-0.000261741952320353,1,1,0,1
2017-12-26,SPY,2017,-0.001196673706257156,1,1,0,1
2017-12-27,SPY,2017,0.0004860714990190118,1,1,-1,1
2017-12-28,SPY,2017,0.0020552885038947087,1,1,0,1
2017-12-29,SPY,2017,-0.0037776987781426782,1,1,0,1
2018-01-02,SPY,2018,0.0071320422857435554,1,1,0,1
2018-01-03,SPY,2018,0.006305232140520081,1,1,0,1
2018-01-04,SPY,2018,0.004205634576650257,1,1,1,1
2018-01-05,SPY,2018,0.006642108467729245,1,1,0,1
2018-01-08,SPY,2018,0.0018272619651699836,1,1,1,1
2018-01-09,SPY,2018,0.0022606052818735616,1,1,1,1
2018-01-10,SPY,2018,-0.0015312303791129786,1,1,1,1
2018-01-11,SPY,2018,0.00726979990485294,1,1,1,1
2018-01-12,SPY,2018,0.0064980125946421646,1,1,1,1
2018-01-16,SPY,2018,-0.0034245057667240844,1,1,0,1
2018-01-17,SPY,2018,0.009486417062482082,1,1,0,1
2018-01-18,SPY,2018,-0.0016818212124215055,1,1,0,1
2018-01-19,SPY,2018,0.004539022410657643,1,1,0,1
2018-01-22,SPY,2018,0.008098304449478495,1,1,0,1
2018-01-23,SPY,2018,0.0021201804640854235,-1,1,1,1
2018-01-24,SPY,2018,-0.00038819971552337003,0,1,0,1
2018-01-25,SPY,2018,0.0004233548464381503,-1,1,1,1
2018-01-26,SPY,2018,0.011511652404001501,-1,1,1,1
2018-01-29,SPY,2018,-0.006652216523503326,-1,1,1,1
2018-01-30,SPY,2018,-0.010310022275434049,-1,1,0,1
2018-01-31,SPY,2018,0.0004967036899573925,-1,1,0,1
2018-02-01,SPY,2018,-0.0011359235414217883,-1,1,-1,1
2018-02-02,SPY,2018,-0.022010262870394072,-1,1,0,1
2018-02-05,SPY,2018,-0.04272224213201929,0,1,0,1
2018-02-06,SPY,2018,0.019510391609200217,0,1,0,1
2018-02-07,SPY,2018,-0.005439584385990614,0,1,0,1
2018-02-08,SPY,2018,-0.038230326415388226,1,1,0,1
2018-02-09,SPY,2018,0.014909581496910766,1,1,0,1
2018-02-12,SPY,2018,0.014578017413708665,1,1,1,1
2018-02-13,SPY,2018,0.0024844395189563113,1,1,1,1
2018-02-14,SPY,2018,0.013405573912333426,0,1,1,1
2018-02-15,SPY,2018,0.012679327257045445,0,1,1,1
2018-02-16,SPY,2018,0.0002931723516062861,1,1,1,1
2018-02-20,SPY,2018,-0.0062807890354469485,1,1,1,1
2018-02-21,SPY,2018,-0.004986662858740412,0,1,1,1
2018-02-22,SPY,2018,0.001295152006334512,-1,1,1,1
2018-02-23,SPY,2018,0.01581397321072159,-1,1,1,1
2018-02-26,SPY,2018,0.011545244748738958,-1,1,1,1
2018-02-27,SPY,2018,-0.01256517229012984,0,1,1,1
2018-02-28,SPY,2018,-0.010181718456056497,0,1,-1,1
2018-03-01,SPY,2018,-0.01464741811975792,1,1,1,1
2018-03-02,SPY,2018,0.005141693169636481,1,1,1,1
2018-03-05,SPY,2018,0.011491313979092727,1,1,1,1
2018-03-06,SPY,2018,0.002532189010422515,1,1,1,1
2018-03-07,SPY,2018,-0.00036675584547156344,1,1,1,1
2018-03-08,SPY,2018,0.004827437680183454,0,1,1,1
2018-03-09,SPY,2018,0.0172527986809757,-1,1,1,1
2018-03-12,SPY,2018,-0.0012560395536282162,-1,1,1,1
2018-03-13,SPY,2018,-0.006483782246937366,-1,1,1,1
2018-03-14,SPY,2018,-0.00514483271722044,-1,1,1,1
2018-03-15,SPY,2018,-0.0010904223387102516,-1,1,-1,1
2018-03-16,SPY,2018,0.0010839825971712526,-1,1,-1,1
2018-03-19,SPY,2018,-0.01362256025035461,-1,1,1,1
2018-03-20,SPY,2018,0.0016993144229541736,-1,1,1,1
2018-03-21,SPY,2018,-0.0019212300550238615,-1,1,1,1
2018-03-22,SPY,2018,-0.02531485180542877,0,1,-1,1
2018-03-23,SPY,2018,-0.021544827566182426,0,1,0,1
2018-03-26,SPY,2018,0.02699112846091885,-1,1,1,1
2018-03-27,SPY,2018,-0.0171579708394145,0,1,0,1
2018-03-28,SPY,2018,-0.0029591695742042412,1,1,1,1
2018-03-29,SPY,2018,0.012696511183918388,0,1,1,1
2018-04-02,SPY,2018,-0.021820752028634594,0,1,0,1
2018-04-03,SPY,2018,0.012735604328037813,1,1,1,1
2018-04-04,SPY,2018,0.010642340287618169,0,1,1,1
2018-04-05,SPY,2018,0.007861046855508515,0,1,1,1
2018-04-06,SPY,2018,-0.02253798586728936,1,1,1,1
2018-04-09,SPY,2018,0.004916153962709385,1,1,1,1
2018-04-10,SPY,2018,0.01577511786414129,1,1,1,1
2018-04-11,SPY,2018,-0.005255908257106249,1,1,1,1
2018-04-12,SPY,2018,0.00819348362919236,1,1,1,1
2018-04-13,SPY,2018,-0.0029375753720861323,0,1,1,1
2018-04-16,SPY,2018,0.00818852599523072,0,1,1,1
2018-04-17,SPY,2018,0.010641614140539563,-1,1,1,1
2018-04-18,SPY,2018,0.0007398849480875321,-1,1,1,1
2018-04-19,SPY,2018,-0.005563106397675239,-1,1,1,1
2018-04-20,SPY,2018,-0.008515675134415411,0,1,1,1
2018-04-23,SPY,2018,-0.00014974506353040515,-1,1,1,1
2018-04-24,SPY,2018,-0.013559185792517272,0,1,1,1
2018-04-25,SPY,2018,0.002468747036784286,0,1,1,1
2018-04-26,SPY,2018,0.010114533719727007,-1,1,1,1
2018-04-27,SPY,2018,0.0009382379606036952,0,1,1,1
2018-04-30,SPY,2018,-0.007720186871777116,1,1,1,1
2018-05-01,SPY,2018,0.0017751997396292859,0,1,1,1
2018-05-02,SPY,2018,-0.00674013453393232,1,1,1,1
2018-05-03,SPY,2018,-0.002206042173901992,1,1,1,1
2018-05-04,SPY,2018,0.012863231596165032,1,1,1,1
2018-05-07,SPY,2018,0.003377735657082098,1,1,1,1
2018-05-08,SPY,2018,0.0,1,1,1,1
2018-05-09,SPY,2018,0.00961920363265774,1,1,1,1
2018-05-10,SPY,2018,0.009307064034117305,0,1,1,1
2018-05-11,SPY,2018,0.0030467441106176232,-1,1,1,1
2018-05-14,SPY,2018,0.00047637570717533746,0,1,1,1
2018-05-15,SPY,2018,-0.006911111769665911,1,1,1,1
2018-05-16,SPY,2018,0.0041966679849455065,1,1,1,1
2018-05-17,SPY,2018,-0.0008454611488769118,0,1,1,1
2018-05-18,SPY,2018,-0.002503036428086041,1,1,1,1
2018-05-21,SPY,2018,0.007490961698286082,-1,1,1,1
2018-05-22,SPY,2018,-0.002784543464660397,0,1,1,1
2018-05-23,SPY,2018,0.002747686714684593,-1,1,1,1
2018-05-24,SPY,2018,-0.0020508553329746052,0,1,1,1
2018-05-25,SPY,2018,-0.0023856627138592497,1,1,1,1
2018-05-29,SPY,2018,-0.0115672951602466,1,1,1,1
2018-05-30,SPY,2018,0.013256126492395916,1,1,1,1
2018-05-31,SPY,2018,-0.006144736448311932,1,1,1,1
2018-06-01,SPY,2018,0.009769903500047517,1,1,1,1
2018-06-04,SPY,2018,0.004740260957571196,1,1,-1,1
2018-06-05,SPY,2018,0.0007271499471422346,1,1,1,1
2018-06-06,SPY,2018,0.00832609411364977,0,1,1,1
2018-06-07,SPY,2018,-0.00010840614118640109,1,1,1,1
2018-06-08,SPY,2018,0.002952159250423944,0,1,1,1
2018-06-11,SPY,2018,0.0013288963296368595,-1,1,1,1
2018-06-12,SPY,2018,0.0012916933528441623,-1,1,1,1
2018-06-13,SPY,2018,-0.0031961904213256022,0,1,1,1
2018-06-14,SPY,2018,0.002514964585885854,-1,1,1,1
2018-06-15,SPY,2018,-0.0012765294852918956,-1,1,1,1
2018-06-18,SPY,2018,-0.002059365219545285,-1,1,1,1
2018-06-19,SPY,2018,-0.0038399433013363163,-1,1,1,1
2018-06-20,SPY,2018,0.0017043890241998556,-1,1,-1,1
2018-06-21,SPY,2018,-0.006288544446686977,-1,1,-1,1
2018-06-22,SPY,2018,0.0018217445303632986,-1,1,1,1
2018-06-25,SPY,2018,-0.01370648349943573,0,1,0,1
2018-06-26,SPY,2018,0.0022114807706081503,0,1,1,1
2018-06-27,SPY,2018,-0.008318599718901821,1,1,1,1
2018-06-28,SPY,2018,0.005701301401979853,1,1,1,1
2018-06-29,SPY,2018,0.001438827489587848,1,1,1,1
2018-07-02,SPY,2018,0.0021354758560411776,1,1,0,1
2018-07-03,SPY,2018,-0.0035374040353813607,1,1,1,1
2018-07-05,SPY,2018,0.008124620120847335,1,1,1,1
2018-07-06,SPY,2018,0.00842289006402812,1,1,1,1
2018-07-09,SPY,2018,0.008963766271501604,1,1,1,1
2018-07-10,SPY,2018,0.003592320774480415,1,1,1,1
2018-07-11,SPY,2018,-0.007341626257797058,1,1,1,1
2018-07-12,SPY,2018,0.009025131405198271,0,1,1,1
2018-07-13,SPY,2018,0.0007872804456541194,0,1,1,1
2018-07-16,SPY,2018,-0.0008944409283265819,1,1,-1,1
2018-07-17,SPY,2018,0.004037010520776875,0,1,1,1
2018-07-18,SPY,2018,0.0021013873667849953,1,1,1,1
2018-07-19,SPY,2018,-0.0037787764407428703,1,1,-1,1
2018-07-20,SPY,2018,-0.0011429116740309078,1,1,1,1
2018-07-23,SPY,2018,0.0018570761410692815,0,1,1,1
2018-07-24,SPY,2018,0.005019193147565239,0,1,1,1
2018-07-25,SPY,2018,0.008486684902479204,-1,1,1,1
2018-07-26,SPY,2018,-0.002362030762042165,-1,1,1,1
2018-07-27,SPY,2018,-0.006799231923593334,0,1,1,1
2018-07-30,SPY,2018,-0.005237231374217007,1,1,1,1
2018-07-31,SPY,2018,0.004917567873829454,1,1,1,1
2018-08-01,SPY,2018,-0.0016724410170497592,1,1,1,1
2018-08-02,SPY,2018,0.005433019138897402,1,1,1,1
2018-08-03,SPY,2018,0.0042758092169983535,0,1,1,1
2018-08-06,SPY,2018,0.0036606646342360774,-1,1,1,1
2018-08-07,SPY,2018,0.0032965711054387813,-1,1,1,1
2018-08-08,SPY,2018,-0.00042023168047360083,-1,1,-1,1
2018-08-09,SPY,2018,-0.001367064535311135,-1,1,-1,1
2018-08-10,SPY,2018,-0.006722769855398771,1,1,1,1
2018-08-13,SPY,2018,-0.0037503939689686595,1,1,-1,1
2018-08-14,SPY,2018,0.006360539014213007,1,1,-1,1
2018-08-15,SPY,2018,-0.007496038447528657,1,1,1,1
2018-08-16,SPY,2018,0.008059163324135605,1,1,1,1
2018-08-17,SPY,2018,0.00351437435430812,1,1,1,1
2018-08-20,SPY,2018,0.0021378115155777375,1,1,-1,1
2018-08-21,SPY,2018,0.002342546256366463,1,1,1,1
2018-08-22,SPY,2018,-0.0005939902046456368,1,1,-1,1
2018-08-23,SPY,2018,-0.0013285730203892948,1,1,1,1
2018-08-24,SPY,2018,0.006000214302838125,1,1,-1,1
2018-08-27,SPY,2018,0.007864561888726121,0,1,-1,1
2018-08-28,SPY,2018,0.000482926316864506,-1,1,-1,1
2018-08-29,SPY,2018,0.005366034326001825,-1,1,1,1
2018-08-30,SPY,2018,-0.004056493525989998,-1,1,1,1
2018-08-31,SPY,2018,3.419474405748716e-05,-1,1,1,1
2018-09-04,SPY,2018,-0.0017234213702071407,0,1,1,1
2018-09-05,SPY,2018,-0.0026951763362396686,0,1,1,1
2018-09-06,SPY,2018,-0.0030141293491350403,1,1,1,1
2018-09-07,SPY,2018,-0.0019453436869687813,1,1,1,1
2018-09-10,SPY,2018,0.0017364134029784497,1,1,-1,1
2018-09-11,SPY,2018,0.0032922254310236107,1,1,-1,1
2018-09-12,SPY,2018,0.00024251949977416898,1,1,1,1
2018-09-13,SPY,2018,0.005896822312295135,1,1,1,1
2018-09-14,SPY,2018,0.00017207245193328187,1,1,1,1
2018-09-17,SPY,2018,-0.005308630467402981,1,1,1,1
2018-09-18,SPY,2018,0.0054118360311156384,0,1,1,1
2018-09-19,SPY,2018,0.0010647295777651057,0,1,1,1
2018-09-20,SPY,2018,0.008071240663189257,0,1,0,1
2018-09-21,SPY,2018,-0.0009138456821830968,-1,1,0,1
2018-09-24,SPY,2018,-0.0033279032983849974,0,1,1,1
2018-09-25,SPY,2018,-0.000927999321084509,1,1,1,1
2018-09-26,SPY,2018,-0.0029968940138091274,0,1,1,1
2018-09-27,SPY,2018,0.0027904631304495244,-1,1,1,1
2018-09-28,SPY,2018,0.00010316175441729632,-1,1,1,1
2018-10-01,SPY,2018,0.0034680143335010837,-1,1,1,1
2018-10-02,SPY,2018,-0.0005829737366319178,-1,1,1,1
2018-10-03,SPY,2018,0.0005488635456563012,-1,1,1,1
2018-10-04,SPY,2018,-0.007846421833296464,-1,1,0,1
2018-10-05,SPY,2018,-0.005612938417577689,-1,1,0,1
2018-10-08,SPY,2018,0.0,-1,1,0,1
2018-10-09,SPY,2018,-0.001459925943516287,-1,1,-1,1
2018-10-10,SPY,2018,-0.03217592180421334,0,1,1,1
2018-10-11,SPY,2018,-0.022272296824620355,0,1,0,1
2018-10-12,SPY,2018,0.013792935280442419,0,1,0,1
2018-10-15,SPY,2018,-0.005632696503857842,0,1,1,1
2018-10-16,SPY,2018,0.021629775261795964,-1,1,0,1
2018-10-17,SPY,2018,0.00017870824940923504,-1,1,0,1
2018-10-18,SPY,2018,-0.014546264939127897,-1,1,0,1
2018-10-19,SPY,2018,-0.0005432102654962895,-1,1,1,1
2018-10-22,SPY,2018,-0.004498690517601388,-1,1,1,1
2018-10-23,SPY,2018,-0.005104069112366059,-1,1,0,1
2018-10-24,SPY,2018,-0.030766609016686524,0,1,0,1
2018-10-25,SPY,2018,0.01778117126038197,0,1,0,1
2018-10-26,SPY,2018,-0.017743861073930636,1,1,0,1
2018-10-29,SPY,2018,-0.0055555069845887135,1,1,0,1
2018-10-30,SPY,2018,0.014709846957398718,1,1,1,1
2018-10-31,SPY,2018,0.010623837498069246,1,1,1,1
2018-11-01,SPY,2018,0.010585864300311783,1,1,1,1
2018-11-02,SPY,2018,-0.0059404463337198316,1,1,1,1
2018-11-05,SPY,2018,0.005501509850430055,0,1,1,1
2018-11-06,SPY,2018,0.0063082586557070145,-1,1,1,1
2018-11-07,SPY,2018,0.02118287100226275,-1,1,1,1
2018-11-08,SPY,2018,-0.001816453111408583,-1,1,1,1
2018-11-09,SPY,2018,-0.009816425230601316,-1,1,1,1
2018-11-12,SPY,2018,-0.01886193697049429,0,1,1,1
2018-11-13,SPY,2018,-0.0018727514546183917,-1,1,1,1
2018-11-14,SPY,2018,-0.006860365334583419,-1,1,1,1
2018-11-15,SPY,2018,0.010382766384864876,-1,1,-1,1
2018-11-16,SPY,2018,0.0025971893751646057,-1,1,1,1
2018-11-19,SPY,2018,-0.0170594202951663,0,1,-1,1
2018-11-20,SPY,2018,-0.01867930144346892,1,1,1,1
2018-11-21,SPY,2018,0.0034014822686703077,1,1,1,1
2018-11-23,SPY,2018,-0.006700842440399387,1,1,1,1
2018-11-26,SPY,2018,0.016015418732849694,1,1,1,1
2018-11-27,SPY,2018,0.0033584469164080386,0,1,1,1
2018-11-28,SPY,2018,0.022764730230754954,-1,1,-1,1
2018-11-29,SPY,2018,-0.0021877286859501724,-1,1,1,1
2018-11-30,SPY,2018,0.006076649447354297,-1,1,1,1
2018-12-03,SPY,2018,0.013154662981161542,-1,1,1,1
2018-12-04,SPY,2018,-0.032939298007003834,0,1,0,1
2018-12-06,SPY,2018,-0.0015182923179637277,0,1,1,1
2018-12-07,SPY,2018,-0.023509868795759507,0,1,0,1
2018-12-10,SPY,2018,0.001895400947198831,-1,1,-1,1
2018-12-11,SPY,2018,0.0002271081522032434,-1,1,1,1
2018-12-12,SPY,2018,0.005022540607615688,-1,1,1,1
2018-12-13,SPY,2018,-0.00033903913789829463,-1,1,1,1
2018-12-14,SPY,2018,-0.018637234497890117,-1,1,1,1
2018-12-17,SPY,2018,-0.01981353898671623,-1,1,1,-1
2018-12-18,SPY,2018,-0.0010970051263290343,-1,1,-1,1
2018-12-19,SPY,2018,-0.015088921460517955,0,1,0,1
2018-12-20,SPY,2018,-0.016412036727574523,0,1,1,1
2018-12-21,SPY,2018,-0.020702175697495065,1,1,0,1
2018-12-24,SPY,2018,-0.026778300901240584,1,1,1,1
2018-12-26,SPY,2018,0.049289726427858484,0,1,0,1
2018-12-27,SPY,2018,0.007648033170947776,0,1,0,1
2018-12-28,SPY,2018,-0.001290674453791538,1,1,-1,1
2018-12-31,SPY,2018,0.008720558173441079,1,1,-1,1
2019-01-02,SPY,2019,0.0010398558890847233,1,1,-1,1
2019-01-03,SPY,2019,-0.024151991223044164,1,1,-1,1
2019-01-04,SPY,2019,0.03294683861799993,1,1,-1,1
2019-01-07,SPY,2019,0.007853964597950618,1,1,-1,1
2019-01-08,SPY,2019,0.009351332053468714,1,1,-1,1
2019-01-09,SPY,2019,0.004662581921962187,1,1,-1,1
2019-01-10,SPY,2019,0.0035213522311918137,1,1,-1,1
2019-01-11,SPY,2019,0.00038642091322305117,1,1,-1,1
2019-01-14,SPY,2019,-0.0061196781093267654,1,1,-1,1
2019-01-15,SPY,2019,0.011395374639790623,1,1,-1,1
2019-01-16,SPY,2019,0.0024169539250158403,1,1,-1,1
2019-01-17,SPY,2019,0.007558360041241015,1,1,-1,1
2019-01-18,SPY,2019,0.013222070487522882,-1,1,-1,1
2019-01-22,SPY,2019,-0.013602641690168608,0,1,1,1
2019-01-23,SPY,2019,0.0020901859817275344,1,1,-1,1
2019-01-24,SPY,2019,0.0005312975447155436,1,1,-1,1
2019-01-25,SPY,2019,0.008425821241249146,1,1,1,1
2019-01-28,SPY,2019,-0.007629371484861542,1,1,1,1
2019-01-29,SPY,2019,-0.0013277473011030672,1,1,1,1
2019-01-30,SPY,2019,0.01570655718066439,1,1,1,1
2019-01-31,SPY,2019,0.008744342543582254,0,1,1,1
2019-02-01,SPY,2019,0.0004813935792429795,0,1,-1,1
2019-02-04,SPY,2019,0.00701111443712598,0,1,1,1
2019-02-05,SPY,2019,0.0041828448186419865,0,1,-1,0
2019-02-06,SPY,2019,-0.0013193317358904013,1,1,1,0
2019-02-07,SPY,2019,-0.009578199325857746,1,1,1,1
2019-02-08,SPY,2019,0.0012207189520871682,1,1,1,1
2019-02-11,SPY,2019,0.0005545576476354308,1,1,1,1
2019-02-12,SPY,2019,0.012777156056530209,1,1,1,1
2019-02-13,SPY,2019,0.003241966783024528,1,1,1,1
2019-02-14,SPY,2019,-0.002220814513942706,1,1,1,1
2019-02-15,SPY,2019,0.01083802384947349,1,1,1,1
2019-02-19,SPY,2019,0.0017294721704882914,1,1,1,1
2019-02-20,SPY,2019,0.002013127522877713,0,1,1,1
2019-02-21,SPY,2019,-0.0035620044239364637,1,1,1,1
2019-02-22,SPY,2019,0.006180920876982037,0,1,1,1
2019-02-25,SPY,2019,0.0013601950347974874,0,1,1,1
2019-02-26,SPY,2019,-0.0007157418423089547,0,1,1,1
2019-02-27,SPY,2019,-0.000429813316347805,-1,1,1,1
2019-02-28,SPY,2019,-0.0018639480272408312,-1,1,1,1
2019-03-01,SPY,2019,0.006224534041100353,-1,1,1,1
2019-03-04,SPY,2019,-0.0036442923864026576,0,1,0,1
2019-03-05,SPY,2019,-0.001361451884562444,0,1,1,1
2019-03-06,SPY,2019,-0.006075214548182294,1,1,1,1
2019-03-07,SPY,2019,-0.008400485072599401,1,1,1,1
2019-03-08,SPY,2019,-0.0020017467482718364,1,1,1,1
2019-03-11,SPY,2019,0.014396869830385173,1,1,1,1
2019-03-12,SPY,2019,0.0037641291600444497,1,1,1,1
2019-03-13,SPY,2019,0.006597310178083177,1,1,1,1
2019-03-14,SPY,2019,-0.0006398245437359487,1,1,1,1
2019-03-15,SPY,2019,0.0049282555159619055,-1,1,1,1
2019-03-18,SPY,2019,0.0036192676750588194,-1,1,1,1
2019-03-19,SPY,2019,0.00024796747837839444,0,1,1,1
2019-03-20,SPY,2019,-0.0030145380498395923,0,1,1,1
2019-03-21,SPY,2019,0.01123121490584712,-1,1,0,1
2019-03-22,SPY,2019,-0.01943374049883662,1,1,1,1
2019-03-25,SPY,2019,-0.0007523618734122339,1,1,1,1
2019-03-26,SPY,2019,0.007426624972327362,1,1,0,1
2019-03-27,SPY,2019,-0.00524301138889799,1,1,0,1
2019-03-28,SPY,2019,0.003782951839700824,1,1,1,1
2019-03-29,SPY,2019,0.006285935754126675,1,1,1,1
2019-04-01,SPY,2019,0.011789469973314412,1,1,1,1
2019-04-02,SPY,2019,0.0004899218052606209,1,1,1,1
2019-04-03,SPY,2019,0.0015720916033388464,1,1,1,1
2019-04-04,SPY,2019,0.002649996354900554,1,1,1,1
2019-04-05,SPY,2019,0.004828569311833368,1,1,1,1
2019-04-08,SPY,2019,0.000761925416175643,1,1,1,1
2019-04-09,SPY,2019,-0.005137984604581771,1,1,1,1
2019-04-10,SPY,2019,0.003405045733770201,1,1,1,1
2019-04-11,SPY,2019,-0.00027725214669486,1,1,1,1
2019-04-12,SPY,2019,0.006743080938821128,0,1,1,1
2019-04-15,SPY,2019,-0.0006550122191279381,1,1,1,1
2019-04-16,SPY,2019,0.0006550122191278788,1,1,1,1
2019-04-17,SPY,2019,-0.0024496519487664944,1,1,1,1
2019-04-18,SPY,2019,0.0019672748600985286,1,1,1,1
2019-04-22,SPY,2019,0.0008610907634238675,1,1,1,1
2019-04-23,SPY,2019,0.00895185707309275,0,1,0,1
2019-04-24,SPY,2019,-0.0022221817293301906,0,1,-1,1
2019-04-25,SPY,2019,-0.0006159469052739127,0,1,1,1
2019-04-26,SPY,2019,0.004646150194486186,0,1,1,1
2019-04-29,SPY,2019,0.0015663539976353345,-1,1,-1,1
2019-04-30,SPY,2019,0.0005104837030498414,-1,1,1,1
2019-05-01,SPY,2019,-0.007545190218491201,-1,1,1,1
2019-05-02,SPY,2019,-0.0021609343417988967,-1,1,1,1
2019-05-03,SPY,2019,0.009740201449422272,-1,1,0,1
2019-05-06,SPY,2019,-0.0041237539379704894,-1,1,0,1
2019-05-07,SPY,2019,-0.016840942822138886,-1,1,1,1
2019-05-08,SPY,2019,-0.0013898283673487988,-1,1,1,1
2019-05-09,SPY,2019,-0.003030575833973918,0,1,1,1
2019-05-10,SPY,2019,0.00501050273329432,0,1,1,1
2019-05-13,SPY,2019,-0.02545123879303029,1,1,1,1
2019-05-14,SPY,2019,0.009002946983981065,1,1,1,1
2019-05-15,SPY,2019,0.005840907171417315,0,1,0,1
2019-05-16,SPY,2019,0.009218140624796985,-1,1,1,1
2019-05-17,SPY,2019,-0.006485768124368947,-1,1,1,1
2019-05-20,SPY,2019,-0.00663413985116766,-1,1,1,1
2019-05-21,SPY,2019,0.0089750554030817,-1,1,1,1
2019-05-22,SPY,2019,-0.0030762226381438585,-1,1,1,1
2019-05-23,SPY,2019,-0.012293560717266795,-1,1,1,1
2019-05-24,SPY,2019,0.0022657682711775128,-1,1,1,1
2019-05-28,SPY,2019,-0.009343996509970715,0,1,0,1
2019-05-29,SPY,2019,-0.006733394463837507,1,1,1,1
2019-05-30,SPY,2019,0.002727199151355481,1,1,1,1
2019-05-31,SPY,2019,-0.013566614859042762,1,1,1,1
2019-06-03,SPY,2019,-0.002546209462105128,1,1,1,1
2019-06-04,SPY,2019,0.02147442833141997,1,1,0,1
2019-06-05,SPY,2019,0.008624960022294936,1,1,1,1
2019-06-06,SPY,2019,0.006481206722938959,1,1,1,1
2019-06-07,SPY,2019,0.009957615515372035,0,1,1,1
2019-06-10,SPY,2019,0.004578251603123163,0,1,1,1
2019-06-11,SPY,2019,-0.00024180003255218824,1,1,1,1
2019-06-12,SPY,2019,-0.0017672552721778982,1,1,1,1
2019-06-13,SPY,2019,0.004117770406763906,1,1,1,1
2019-06-14,SPY,2019,-0.0011054642033019198,1,1,1,1
2019-06-17,SPY,2019,0.0003803612491556196,1,1,1,1
2019-06-18,SPY,2019,0.010416184331036164,0,1,1,1
2019-06-19,SPY,2019,0.0022546171052817694,0,1,1,1
2019-06-20,SPY,2019,0.009509282991709118,-1,1,1,1
2019-06-21,SPY,2019,-0.00145486520829625,0,1,1,1
2019-06-24,SPY,2019,-0.0012250184338528551,1,1,1,1
2019-06-25,SPY,2019,-0.009856525760930506,1,1,1,1
2019-06-26,SPY,2019,-0.0009980104008048738,1,1,1,-1
2019-06-27,SPY,2019,0.0035396494883724963,1,1,1,-1
2019-06-28,SPY,2019,0.005132851157073516,1,1,1,0
2019-07-01,SPY,2019,0.009037706234839788,0,1,1,0
2019-07-02,SPY,2019,0.0026009399665210937,1,1,1,1
2019-07-03,SPY,2019,0.007963281122653211,0,1,1,1
2019-07-05,SPY,2019,-0.001138395781871286,1,1,1,1
2019-07-08,SPY,2019,-0.005510265220699415,1,1,1,1
2019-07-09,SPY,2019,0.0012455673444765562,1,1,1,1
2019-07-10,SPY,2019,0.004766937927176955,0,1,1,1
2019-07-11,SPY,2019,0.002340984410979528,0,1,1,1
2019-07-12,SPY,2019,0.004467410536257848,-1,1,1,1
2019-07-15,SPY,2019,0.00033260336624924344,-1,1,-1,1
2019-07-16,SPY,2019,-0.0032302197002178233,0,1,1,1
2019-07-17,SPY,2019,-0.006828332800137885,1,1,-1,1
2019-07-18,SPY,2019,0.0036538149716201034,0,1,-1,1
2019-07-19,SPY,2019,-0.0055703025849953725,1,1,1,1
2019-07-22,SPY,2019,0.002453526756597154,1,1,-1,1
2019-07-23,SPY,2019,0.007124386419798543,0,1,-1,-1
2019-07-24,SPY,2019,0.004688620293381406,-1,1,-1,1
2019-07-25,SPY,2019,-0.00478866294678541,-1,1,1,1
2019-07-26,SPY,2019,0.006677916749595021,-1,1,-1,1
2019-07-29,SPY,2019,-0.0018229883207273828,-1,1,-1,1
2019-07-30,SPY,2019,-0.002457337158863952,-1,1,1,1
2019-07-31,SPY,2019,-0.011001076037011039,-1,1,0,1
2019-08-01,SPY,2019,-0.008746125596420498,0,1,1,1
2019-08-02,SPY,2019,-0.007557916534441239,0,1,1,1
2019-08-05,SPY,2019,-0.030534253429723882,0,1,0,1
2019-08-06,SPY,2019,0.013925332660320637,1,1,1,1
2019-08-07,SPY,2019,0.0005905600500563185,0,1,0,1
2019-08-08,SPY,2019,0.019430177450213332,-1,1,0,1
2019-08-09,SPY,2019,-0.006834734298518326,-1,1,1,1
2019-08-12,SPY,2019,-0.012248197027630562,1,1,0,1
2019-08-13,SPY,2019,0.015432100478275744,0,1,0,1
2019-08-14,SPY,2019,-0.030013395130674674,1,1,0,1
2019-08-15,SPY,2019,0.002638002717510758,1,1,1,1
2019-08-16,SPY,2019,0.014647189871494588,-1,1,0,1
2019-08-19,SPY,2019,0.011975668656724479,-1,1,1,1
2019-08-20,SPY,2019,-0.007691799207265175,-1,1,1,1
2019-08-21,SPY,2019,0.00810228990314985,-1,1,1,1
2019-08-22,SPY,2019,-0.00030793893157787827,0,1,1,1
2019-08-23,SPY,2019,-0.026023061252221685,1,1,0,1
2019-08-26,SPY,2019,0.010997801116735748,1,1,1,1
2019-08-27,SPY,2019,-0.003931555586640823,1,1,1,1
2019-08-28,SPY,2019,0.007017131852208675,1,1,1,1
2019-08-29,SPY,2019,0.012692140614168826,1,1,1,1
2019-08-30,SPY,2019,-0.00044451781267286164,1,1,1,1
2019-09-03,SPY,2019,-0.005864442999558216,1,1,1,1
2019-09-04,SPY,2019,0.011286935664587832,1,1,1,1
2019-09-05,SPY,2019,0.012773377743214832,1,1,1,1
2019-09-06,SPY,2019,0.0007716674775337007,1,1,1,1
2019-09-09,SPY,2019,0.0005033843063320095,1,1,1,1
2019-09-10,SPY,2019,-0.0002346543970944776,1,1,1,1
2019-09-11,SPY,2019,0.0070854743858156715,0,1,1,1
2019-09-12,SPY,2019,0.0034578690107672574,0,1,1,1
2019-09-13,SPY,2019,-0.0006640123251777613,-1,1,1,1
2019-09-16,SPY,2019,-0.0030932316426842276,0,1,1,1
2019-09-17,SPY,2019,0.0025286371582194348,-1,1,1,1
2019-09-18,SPY,2019,0.0005978224126762454,-1,1,1,1
2019-09-19,SPY,2019,-6.668148479907321e-05,-1,1,1,1
2019-09-20,SPY,2019,-0.004735747915592335,-1,1,1,1
2019-09-23,SPY,2019,-0.00023497967556502028,-1,1,1,1
2019-09-24,SPY,2019,-0.00787757263435901,0,1,0,1
2019-09-25,SPY,2019,0.005897400355886237,-1,1,1,1
2019-09-26,SPY,2019,-0.002085142811304484,-1,1,1,1
2019-09-27,SPY,2019,-0.005401988825189579,0,1,0,1
2019-09-30,SPY,2019,0.004627185607911294,-1,1,1,1
2019-10-01,SPY,2019,-0.01196655063546223,-1,1,0,1
2019-10-02,SPY,2019,-0.017822165306938084,0,1,0,1
2019-10-03,SPY,2019,0.008159569334366311,0,1,0,1
2019-10-04,SPY,2019,0.01344108778020469,0,1,1,1
2019-10-07,SPY,2019,-0.004323740363410488,1,1,1,1
2019-10-08,SPY,2019,-0.015646477706739017,1,1,1,1
2019-10-09,SPY,2019,0.0094515170463307,1,1,1,1
2019-10-10,SPY,2019,0.006740209216185954,1,1,1,1
2019-10-11,SPY,2019,0.010313853678192436,0,1,1,1
2019-10-14,SPY,2019,-0.0011143824648169652,1,1,1,1
2019-10-15,SPY,2019,0.009851743631033189,0,1,1,1
2019-10-16,SPY,2019,-0.001607307232761633,1,1,1,1
2019-10-17,SPY,2019,0.00294474054710606,0,1,1,1
2019-10-18,SPY,2019,-0.0043870593114601255,1,1,1,1
2019-10-21,SPY,2019,0.006756497710653532,1,1,1,1
2019-10-22,SPY,2019,-0.003272113735371905,1,1,1,1
2019-10-23,SPY,2019,0.002905533508584031,1,1,1,1
2019-10-24,SPY,2019,0.0016324244618501653,1,1,1,1
2019-10-25,SPY,2019,0.0040870661238507685,1,1,1,1
2019-10-28,SPY,2019,0.005620298362582518,1,1,1,1
2019-10-29,SPY,2019,-0.0002965549226635828,1,1,1,1
2019-10-30,SPY,2019,0.003062159393714963,1,1,1,1
2019-10-31,SPY,2019,-0.002666772370238218,1,1,1,1
2019-11-01,SPY,2019,0.009221267824801963,1,1,1,1
2019-11-04,SPY,2019,0.004009860667102028,1,1,1,1
2019-11-05,SPY,2019,-0.0011066983644213066,1,1,1,1
2019-11-06,SPY,2019,0.0002279014743585702,1,1,1,1
2019-11-07,SPY,2019,0.0035102358213536574,1,1,1,1
2019-11-08,SPY,2019,0.0024633691161766802,1,1,1,1
2019-11-11,SPY,2019,-0.0019115495820823541,1,1,1,1
2019-11-12,SPY,2019,0.002105813737515723,1,1,1,1
2019-11-13,SPY,2019,0.0003237623168730906,1,1,1,1
2019-11-14,SPY,2019,0.0014543303907982319,0,1,1,1
2019-11-15,SPY,2019,0.007210311922476583,0,1,1,1
2019-11-18,SPY,2019,0.0007373844072056592,1,1,-1,1
2019-11-19,SPY,2019,-0.00028869738098993744,1,1,1,1
2019-11-20,SPY,2019,-0.0037253762635463383,1,1,1,1
2019-11-21,SPY,2019,-0.0016102820540746096,1,1,1,1
2019-11-22,SPY,2019,0.0022215575955934,0,1,1,1
2019-11-25,SPY,2019,0.007720388203029401,-1,1,1,1
2019-11-26,SPY,2019,0.0022630221043769597,-1,1,1,1
2019-11-27,SPY,2019,0.0044477126456718375,-1,1,1,1
2019-11-29,SPY,2019,-0.0037155957087749015,0,1,1,1
2019-12-02,SPY,2019,-0.008531065445304332,0,1,0,1
2019-12-03,SPY,2019,-0.006729360025663793,1,1,1,1
2019-12-04,SPY,2019,0.006151501764334575,1,1,1,1
2019-12-05,SPY,2019,0.0017961945653478062,1,1,1,1
2019-12-06,SPY,2019,0.00909265108525559,1,1,1,1
2019-12-09,SPY,2019,-0.003149182168895557,1,1,1,1
2019-12-10,SPY,2019,-0.0011157102376668673,1,1,1,1
2019-12-11,SPY,2019,0.002834723910314222,1,1,1,1
2019-12-12,SPY,2019,0.00858221178124425,1,1,0,1
2019-12-13,SPY,2019,0.0005985960111836749,1,1,1,1
2019-12-16,SPY,2019,0.006846955328564533,1,1,1,1
2019-12-17,SPY,2019,0.00021900751567610532,1,1,1,1
2019-12-18,SPY,2019,6.253468887555016e-05,1,1,1,1
2019-12-19,SPY,2019,0.004090674043784275,1,1,1,1
2019-12-20,SPY,2019,0.0043747914053351355,0,1,1,1
2019-12-23,SPY,2019,0.0015264269091474368,1,1,1,1
2019-12-24,SPY,2019,3.10592572090294e-05,1,1,1,1
2019-12-26,SPY,2019,0.005309126335040239,0,1,1,1
2019-12-27,SPY,2019,-0.0002478072698389636,0,1,1,1
2019-12-30,SPY,2019,-0.005528351971988008,0,1,1,1
2019-12-31,SPY,2019,0.002426296747700063,1,1,1,1
2020-01-02,SPY,2020,0.009308672373002053,1,1,1,1
2020-01-03,SPY,2020,-0.007601289002769645,1,1,1,1
2020-01-06,SPY,2020,0.0038078152093301535,1,1,1,1
2020-01-07,SPY,2020,-0.002815675903381484,1,1,1,1
2020-01-08,SPY,2020,0.005315472246748983,1,1,1,1
2020-01-09,SPY,2020,0.006757504442981681,1,1,1,1
2020-01-10,SPY,2020,-0.0028818932592046043,1,1,1,1
2020-01-13,SPY,2020,0.006853864969791727,1,1,1,1
2020-01-14,SPY,2020,-0.0015255475420095864,1,1,1,1
2020-01-15,SPY,2020,0.0022571518325603212,1,1,1,1
2020-01-16,SPY,2020,0.008283696231405341,-1,1,1,1
2020-01-17,SPY,2020,0.0031080316681867544,-1,1,1,1
2020-01-21,SPY,2020,-0.001959981639433334,-1,1,1,0
2020-01-22,SPY,2020,0.00012075478118950606,-1,1,1,0
2020-01-23,SPY,2020,0.0011460904945105167,-1,1,1,-1
2020-01-24,SPY,2020,-0.008932864758559094,-1,1,0,-1
2020-01-27,SPY,2020,-0.016159316548426703,0,1,-1,-1
2020-01-28,SPY,2020,0.010424835940134356,0,1,0,-1
2020-01-29,SPY,2020,-0.0008263541547696072,1,1,-1,-1
2020-01-30,SPY,2020,0.0032399235201038797,1,1,0,-1
2020-01-31,SPY,2020,-0.018324674318953335,1,1,0,-1
2020-02-03,SPY,2020,0.007401016671497375,1,1,1,1
2020-02-04,SPY,2020,0.015126264482042644,1,1,-1,1
2020-02-05,SPY,2020,0.011481580522990819,1,1,-1,1
2020-02-06,SPY,2020,0.0033592401922041366,1,1,1,1
2020-02-07,SPY,2020,-0.0053439923981612,1,1,1,1
2020-02-10,SPY,2020,0.0074379265545303445,0,1,1,1
2020-02-11,SPY,2020,0.001731416111978566,1,1,1,1
2020-02-12,SPY,2020,0.006421765672857253,0,1,1,1
2020-02-13,SPY,2020,-0.0010672193260908604,-1,1,1,1
2020-02-14,SPY,2020,0.0016008980356131146,-1,1,1,1
2020-02-18,SPY,2020,-0.002580366251588962,-1,1,1,1
2020-02-19,SPY,2020,0.004769929019317823,-1,1,1,1
2020-02-20,SPY,2020,-0.004116611781151829,-1,1,1,1
2020-02-21,SPY,2020,-0.01035172897733155,-1,1,1,1
2020-02-24,SPY,2020,-0.033727591760316276,-1,1,0,1
2020-02-25,SPY,2020,-0.03077090583162529,-1,1,0,1
2020-02-26,SPY,2020,-0.003685018828161112,0,1,0,1
2020-02-27,SPY,2020,-0.04595153338449176,0,1,0,1
2020-02-28,SPY,2020,-0.004210296073181188,0,1,0,1
2020-03-02,SPY,2020,0.04239504168719924,-1,1,0,1
2020-03-03,SPY,2020,-0.02905059246143836,-1,1,0,1
2020-03-04,SPY,2020,0.041173592112142506,-1,1,0,1
2020-03-05,SPY,2020,-0.03380686861994416,-1,1,1,1
2020-03-06,SPY,2020,-0.01666935376562921,-1,1,1,1
2020-03-09,SPY,2020,-0.08131205163715287,-1,1,0,1
2020-03-10,SPY,2020,0.05045046639598807,-1,1,0,1
2020-03-11,SPY,2020,-0.04997675932606298,-1,1,0,1
2020-03-12,SPY,2020,-0.10056898242421715,0,1,0,1
2020-03-13,SPY,2020,0.08202814367400504,-1,1,0,1
2020-03-16,SPY,2020,-0.1158863782999381,-1,1,0,1
2020-03-17,SPY,2020,0.052584827909011894,0,1,0,1
2020-03-18,SPY,2020,-0.05195974422816336,0,1,0,1
2020-03-19,SPY,2020,0.0021225336433228965,1,1,0,1
2020-03-20,SPY,2020,-0.04405020544515522,1,1,0,1
2020-03-23,SPY,2020,-0.025900777417902976,1,1,0,1
2020-03-24,SPY,2020,0.08673115792121237,1,1,0,1
2020-03-25,SPY,2020,0.014859131363253467,0,1,0,1
2020-03-26,SPY,2020,0.05674863705748876,-1,1,0,1
2020-03-27,SPY,2020,-0.03023837952904019,0,1,0,1
2020-03-30,SPY,2020,0.031959659425063125,0,1,1,1
2020-03-31,SPY,2020,-0.015017509708751407,1,1,1,1
2020-04-01,SPY,2020,-0.04604909337821772,1,1,0,1
2020-04-02,SPY,2020,0.02281313240384729,1,1,1,1
2020-04-03,SPY,2020,-0.014559439027448155,1,1,1,1
2020-04-06,SPY,2020,0.06500659808989538,1,1,0,1
2020-04-07,SPY,2020,0.0010186409649212411,1,1,0,1
2020-04-08,SPY,2020,0.03301765443397578,0,1,1,1
2020-04-09,SPY,2020,0.015102659728424108,1,1,1,1
2020-04-13,SPY,2020,-0.009171932456125308,1,1,1,1
2020-04-14,SPY,2020,0.029066161999941886,-1,1,1,1
2020-04-15,SPY,2020,-0.021477317946264278,0,1,1,1
2020-04-16,SPY,2020,0.004812845224795445,0,1,1,1
2020-04-17,SPY,2020,0.0266568706799228,-1,1,1,1
2020-04-20,SPY,2020,-0.01777499471077379,1,1,1,1
2020-04-21,SPY,2020,-0.030833837955772162,1,1,1,1
2020-04-22,SPY,2020,0.02195196198662306,1,1,1,1
2020-04-23,SPY,2020,-7.137690434268252e-05,1,1,1,1
2020-04-24,SPY,2020,0.01384212765539788,0,1,1,1
2020-04-27,SPY,2020,0.014315560623318528,-1,1,1,1
2020-04-28,SPY,2020,-0.00460905182399199,0,1,1,1
2020-04-29,SPY,2020,0.025841608581876837,-1,1,1,1
2020-04-30,SPY,2020,-0.009354355942969819,0,1,1,1
2020-05-01,SPY,2020,-0.026829959005677726,1,1,1,1
2020-05-04,SPY,2020,0.0027542506958179646,1,1,1,1
2020-05-05,SPY,2020,0.009197028428410773,0,1,1,1
2020-05-06,SPY,2020,-0.006801799450277237,0,1,1,1
2020-05-07,SPY,2020,0.01199462354105504,-1,1,1,1
2020-05-08,SPY,2020,0.016410665888702602,-1,1,1,1
2020-05-11,SPY,2020,0.0002051881658352792,0,1,1,1
2020-05-12,SPY,2020,-0.02013279033570946,1,1,1,1
2020-05-13,SPY,2020,-0.01784450271010802,1,1,1,1
2020-05-14,SPY,2020,0.011896723121259641,1,1,0,1
2020-05-15,SPY,2020,0.004586203957077554,1,1,1,1
2020-05-18,SPY,2020,0.03000508360123814,1,1,1,1
2020-05-19,SPY,2020,-0.010324614380472594,1,1,1,1
2020-05-20,SPY,2020,0.016845734620950716,1,1,1,1
2020-05-21,SPY,2020,-0.006928285588749043,1,1,1,1
2020-05-22,SPY,2020,0.0018974113804546252,1,1,1,1
2020-05-26,SPY,2020,0.012245521479992982,1,1,1,1
2020-05-27,SPY,2020,0.014769449890096823,1,1,1,1
2020-05-28,SPY,2020,-0.0018466824599333903,1,1,-1,1
2020-05-29,SPY,2020,0.004445790537004426,1,1,-1,1
2020-06-01,SPY,2020,0.00403381674574481,1,1,1,1
2020-06-02,SPY,2020,0.008246048615436968,1,1,1,1
2020-06-03,SPY,2020,0.01322017311841645,1,1,1,1
2020-06-04,SPY,2020,-0.0026298973266781966,-1,1,1,1
2020-06-05,SPY,2020,0.02530671978793823,-1,1,-1,1
2020-06-08,SPY,2020,0.012014855172260454,-1,1,1,1
2020-06-09,SPY,2020,-0.007484646841287347,-1,1,1,1
2020-06-10,SPY,2020,-0.005595464740040828,-1,1,1,1
2020-06-11,SPY,2020,-0.0593773803018887,1,1,0,1
2020-06-12,SPY,2020,0.01190423489757502,0,1,0,1
2020-06-15,SPY,2020,0.009292586068682518,0,1,0,1
2020-06-16,SPY,2020,0.01906469615692935,0,1,1,1
2020-06-17,SPY,2020,-0.004162473432245674,-1,1,1,1
2020-06-18,SPY,2020,0.00038482031694019443,-1,1,1,1
2020-06-19,SPY,2020,-0.005731112160603006,-1,1,1,1
2020-06-22,SPY,2020,0.006394696708898958,-1,1,1,1
2020-06-23,SPY,2020,0.004592980372126554,-1,1,1,1
2020-06-24,SPY,2020,-0.025839825065426005,1,1,1,1
2020-06-25,SPY,2020,0.010663515299542339,1,1,1,1
2020-06-26,SPY,2020,-0.024038307775300666,1,1,-1,1
2020-06-29,SPY,2020,0.01459087311738972,1,1,1,1
2020-06-30,SPY,2020,0.012727850702428264,1,1,-1,1
2020-07-01,SPY,2020,0.006980674146799824,1,1,1,1
2020-07-02,SPY,2020,0.005491908063160119,1,1,1,1
2020-07-06,SPY,2020,0.015319520066683707,-1,1,1,1
2020-07-07,SPY,2020,-0.010367575410490602,1,1,1,1
2020-07-08,SPY,2020,0.007619921541812799,1,1,1,1
2020-07-09,SPY,2020,-0.005709569877640977,1,1,1,1
2020-07-10,SPY,2020,0.010158629946941451,1,1,1,1
2020-07-13,SPY,2020,-0.00869662783100801,1,1,1,1
2020-07-14,SPY,2020,0.012876009925703548,1,1,-1,1
2020-07-15,SPY,2020,0.009145290618647963,1,1,1,1
2020-07-16,SPY,2020,-0.0032989872043480157,1,1,1,1
2020-07-17,SPY,2020,0.0028947792967499533,0,1,1,1
2020-07-20,SPY,2020,0.008049292417434998,0,1,1,1
2020-07-21,SPY,2020,0.0021252891076467425,-1,1,1,1
2020-07-22,SPY,2020,0.005675734273707436,0,1,1,1
2020-07-23,SPY,2020,-0.012003428277364172,0,1,-1,1
2020-07-24,SPY,2020,-0.006461343595609414,1,1,1,1
2020-07-27,SPY,2020,0.007266186481105918,1,1,1,1
2020-07-28,SPY,2020,-0.006362539781166349,1,1,1,1
2020-07-29,SPY,2020,0.01222364033836917,1,1,1,1
2020-07-30,SPY,2020,-0.003574216296907151,1,1,1,1
2020-07-31,SPY,2020,0.007871163382610024,1,1,0,1
2020-08-03,SPY,2020,0.006928178414375548,1,1,1,1
2020-08-04,SPY,2020,0.003855088512069606,1,1,1,1
2020-08-05,SPY,2020,0.006191697553832746,1,1,1,1
2020-08-06,SPY,2020,0.006662204506436879,1,1,1,1
2020-08-07,SPY,2020,0.0007177582550860995,1,1,1,1
2020-08-10,SPY,2020,0.0029846985140698948,1,1,1,1
2020-08-11,SPY,2020,-0.008289171210170693,1,1,0,1
2020-08-12,SPY,2020,0.013846103344593491,0,1,1,1
2020-08-13,SPY,2020,-0.001809494997597038,0,1,1,1
2020-08-14,SPY,2020,2.971123240247843e-05,1,1,1,-1
2020-08-17,SPY,2020,0.003171756555607857,1,1,1,0
2020-08-18,SPY,2020,0.002157826373744498,1,1,1,-1
2020-08-19,SPY,2020,-0.004171925943164719,1,1,1,-1
2020-08-20,SPY,2020,0.003108436029795365,1,1,1,-1
2020-08-21,SPY,2020,0.0035406093567430423,1,1,1,-1
2020-08-24,SPY,2020,0.010082324775995388,1,1,1,-1
2020-08-25,SPY,2020,0.003493364281313843,1,1,1,-1
2020-08-26,SPY,2020,0.00997584304388781,1,1,1,-1
2020-08-27,SPY,2020,0.0021838274463628093,-1,1,1,-1
2020-08-28,SPY,2020,0.006438889562839878,-1,1,1,1
2020-08-31,SPY,2020,-0.0036291290660803764,-1,1,1,-1
2020-09-01,SPY,2020,0.009374326392937803,-1,1,1,1
2020-09-02,SPY,2020,0.014360356910832968,-1,1,0,1
2020-09-03,SPY,2020,-0.03502025532366195,-1,1,0,1
2020-09-04,SPY,2020,-0.008198315350632741,0,1,0,1
2020-09-08,SPY,2020,-0.027703178065735207,1,1,0,1
2020-09-09,SPY,2020,0.01955510775967593,0,1,1,1
2020-09-10,SPY,2020,-0.01751593862644939,0,1,0,1
2020-09-11,SPY,2020,0.0005086224310529142,0,1,1,1
2020-09-14,SPY,2020,0.013085332894732234,-1,1,1,1
2020-09-15,SPY,2020,0.005039396492595076,-1,1,1,1
2020-09-16,SPY,2020,-0.003976471680117206,-1,1,1,1
2020-09-17,SPY,2020,-0.008834136962792226,-1,1,1,1
2020-09-18,SPY,2020,-0.011579362780968036,0,1,1,1
2020-09-21,SPY,2020,-0.01119188004986618,1,1,1,1
2020-09-22,SPY,2020,0.010132904041430765,0,1,1,1
2020-09-23,SPY,2020,-0.023464037960548897,1,1,1,1
2020-09-24,SPY,2020,0.0026617907773812304,1,1,0,1
2020-09-25,SPY,2020,0.016037537342057453,0,1,1,1
2020-09-28,SPY,2020,0.016473017437889363,1,1,1,1
2020-09-29,SPY,2020,-0.005460976284316733,1,1,-1,1
2020-09-30,SPY,2020,0.007553489500776971,1,1,-1,1
2020-10-01,SPY,2020,0.006399574166949952,1,1,1,1
2020-10-02,SPY,2020,-0.009540136567487149,1,1,-1,-1
2020-10-05,SPY,2020,0.017577840102211216,1,1,1,-1
2020-10-06,SPY,2020,-0.01431793058250615,1,1,-1,0
2020-10-07,SPY,2020,0.01725663801703315,1,1,1,-1
2020-10-08,SPY,2020,0.008823802644997514,1,1,1,0
2020-10-09,SPY,2020,0.008890325538394084,0,1,1,0
2020-10-12,SPY,2020,0.015959707216097498,-1,1,-1,0
2020-10-13,SPY,2020,-0.006547524485370787,-1,1,1,0
2020-10-14,SPY,2020,-0.006303196287138385,-1,1,1,0
2020-10-15,SPY,2020,-0.001236565020815753,0,1,1,0
2020-10-16,SPY,2020,-0.0006044578234584553,0,1,-1,0
2020-10-19,SPY,2020,-0.015320207218674832,0,1,-1,0
2020-10-20,SPY,2020,0.003997698610697526,-1,1,1,0
2020-10-21,SPY,2020,-0.0018948124346286732,-1,1,1,0
2020-10-22,SPY,2020,0.0054704789403259195,-1,1,1,0
2020-10-23,SPY,2020,0.0033892146784250438,-1,1,1,0
2020-10-26,SPY,2020,-0.018652768739655236,-1,1,1,0
2020-10-27,SPY,2020,-0.0034535268495506674,-1,1,1,1
2020-10-28,SPY,2020,-0.03477671399388636,1,1,0,1
2020-10-29,SPY,2020,0.010111967289151457,1,1,0,1
2020-10-30,SPY,2020,-0.010479017614436438,1,1,0,1
2020-11-02,SPY,2020,0.011145961815931131,1,1,0,1
2020-11-03,SPY,2020,0.017501878626487267,1,1,-1,1
2020-11-04,SPY,2020,0.02210341931572109,1,1,0,1
2020-11-05,SPY,2020,0.019314888516314084,1,1,1,1
2020-11-06,SPY,2020,-0.00022836689167642828,1,1,1,1
2020-11-09,SPY,2020,0.012487466801932556,1,1,0,1
2020-11-10,SPY,2020,-0.0014679995012178667,1,1,1,1
2020-11-11,SPY,2020,0.007401275865287538,0,1,1,1
2020-11-12,SPY,2020,-0.009748324503227879,1,1,1,1
2020-11-13,SPY,2020,0.013749694476753501,0,1,1,1
2020-11-16,SPY,2020,0.012405190673523109,-1,1,1,1
2020-11-17,SPY,2020,-0.005392900102291179,1,1,1,1
2020-11-18,SPY,2020,-0.012107803563494168,1,1,1,1
2020-11-19,SPY,2020,0.004201336875531908,1,1,1,1
2020-11-20,SPY,2020,-0.006871298902035618,1,1,1,1
2020-11-23,SPY,2020,0.005976414854204827,1,1,1,1
2020-11-24,SPY,2020,0.01598528908827627,1,1,1,1
2020-11-25,SPY,2020,-0.001543001144025673,1,1,1,1
2020-11-27,SPY,2020,0.002781353494691213,1,1,1,1
2020-11-30,SPY,2020,-0.004436948326541539,1,1,1,1
2020-12-01,SPY,2020,0.010877819157316537,1,1,1,1
2020-12-02,SPY,2020,0.0021018669198066965,0,1,1,1
2020-12-03,SPY,2020,-0.0002728768854391763,0,1,1,1
2020-12-04,SPY,2020,0.008580489433095913,-1,1,1,1
2020-12-07,SPY,2020,-0.002057005466982312,-1,1,1,1
2020-12-08,SPY,2020,0.0029221913452311893,0,1,1,1
2020-12-09,SPY,2020,-0.009009575883484222,0,1,1,1
2020-12-10,SPY,2020,-0.0003271917421374574,1,1,1,1
2020-12-11,SPY,2020,-0.0011732268628916764,1,1,1,1
2020-12-14,SPY,2020,-0.004487113668531354,1,1,0,1
2020-12-15,SPY,2020,0.013428803450158679,0,1,1,1
2020-12-16,SPY,2020,0.0015683047068861128,0,1,1,1
2020-12-17,SPY,2020,0.005576053635295226,-1,1,1,1
2020-12-18,SPY,2020,-0.004000678970976377,1,1,1,1
2020-12-21,SPY,2020,-0.003581994986809083,0,1,0,1
2020-12-22,SPY,2020,-0.001686899196424097,1,1,1,1
2020-12-23,SPY,2020,0.0008983944142183829,1,1,1,1
2020-12-24,SPY,2020,0.0038827926802976584,0,1,1,1
2020-12-28,SPY,2020,0.008554371337986486,0,1,1,1
2020-12-29,SPY,2020,-0.0019098362874333176,0,1,1,1
2020-12-30,SPY,2020,0.001425695082052484,1,1,1,1
2020-12-31,SPY,2020,0.005068093936480277,1,1,1,1
2021-01-04,SPY,2021,-0.013707542196247098,1,1,0,1
2021-01-05,SPY,2021,0.006863583418794302,1,1,1,1
2021-01-06,SPY,2021,0.005960821315060123,1,1,0,1
2021-01-07,SPY,2021,0.014748345694343088,0,1,1,1
2021-01-08,SPY,2021,0.005681348416602836,-1,1,1,1
2021-01-11,SPY,2021,-0.006763542339697479,0,1,1,1
2021-01-12,SPY,2021,0.00021087506199378453,1,1,1,1
2021-01-13,SPY,2021,0.002689569213400457,1,1,1,1
2021-01-14,SPY,2021,-0.003508065130352628,1,1,1,1
2021-01-15,SPY,2021,-0.00731934499774195,1,1,1,1
2021-01-19,SPY,2021,0.007821251249223242,1,1,1,1
2021-01-20,SPY,2021,0.0137437032529406,-1,1,1,1
2021-01-21,SPY,2021,0.0009114530201757547,-1,1,1,1
2021-01-22,SPY,2021,-0.0035458202689233977,-1,1,1,1
2021-01-25,SPY,2021,0.003936298756262801,-1,1,0,1
2021-01-26,SPY,2021,-0.0015623158100135416,-1,1,1,1
2021-01-27,SPY,2021,-0.024744057427761104,1,1,0,1
2021-01-28,SPY,2021,0.00856332199253782,1,1,0,1
2021-01-29,SPY,2021,-0.020222524311708446,1,1,0,1
2021-02-01,SPY,2021,0.0165084807515194,1,1,1,1
2021-02-02,SPY,2021,0.014041091845447272,1,1,1,1
2021-02-03,SPY,2021,0.0007858769193625349,1,1,1,1
2021-02-04,SPY,2021,0.011301800828934363,1,1,1,1
2021-02-05,SPY,2021,0.003928057654516864,1,1,1,1
2021-02-08,SPY,2021,0.007195932747203907,1,1,1,1
2021-02-09,SPY,2021,-0.0006657752865457022,1,1,1,1
2021-02-10,SPY,2021,-0.00043592381854010235,0,1,1,1
2021-02-11,SPY,2021,0.001613694253620803,0,1,1,1
2021-02-12,SPY,2021,0.004927726929748863,-1,1,1,1
2021-02-16,SPY,2021,-0.0008664761106607407,-1,1,1,1
2021-02-17,SPY,2021,0.00022952554741040976,0,1,1,1
2021-02-18,SPY,2021,-0.004265120401298085,-1,1,1,1
2021-02-19,SPY,2021,-0.0017673415260353554,-1,1,1,1
2021-02-22,SPY,2021,-0.007721756063397208,1,1,1,1
2021-02-23,SPY,2021,0.0012137722100563897,0,1,0,1
2021-02-24,SPY,2021,0.010959169555004464,-1,1,0,1
2021-02-25,SPY,2021,-0.024391011917708774,0,1,0,1
2021-02-26,SPY,2021,-0.005165927097892261,0,1,0,1
2021-03-01,SPY,2021,0.023951069061310136,-1,1,1,1
2021-03-02,SPY,2021,-0.007833758742825958,0,1,1,1
2021-03-03,SPY,2021,-0.01333427042879291,1,1,1,1
2021-03-04,SPY,2021,-0.012451938126345688,1,1,0,1
2021-03-05,SPY,2021,0.018229399392037996,1,1,0,1
2021-03-08,SPY,2021,-0.004991230529531913,1,1,1,1
2021-03-09,SPY,2021,0.014176585206290107,1,1,1,1
2021-03-10,SPY,2021,0.006205213229168408,1,1,1,1
2021-03-11,SPY,2021,0.010088193028970249,0,1,1,1
2021-03-12,SPY,2021,0.0013456259158714343,-1,1,1,1
2021-03-15,SPY,2021,0.005946082333004143,0,1,1,1
2021-03-16,SPY,2021,-0.0012622634201278626,-1,1,1,1
2021-03-17,SPY,2021,0.0034041717840037375,-1,1,1,1
2021-03-18,SPY,2021,-0.01465655535540675,0,1,1,1
2021-03-19,SPY,2021,-0.001852218228726935,1,1,1,1
2021-03-22,SPY,2021,0.007953445093220348,1,1,1,1
2021-03-23,SPY,2021,-0.007901971597097133,1,1,1,1
2021-03-24,SPY,2021,-0.005096514960406258,1,1,1,1
2021-03-25,SPY,2021,0.0056096752024809345,1,1,1,1
2021-03-26,SPY,2021,0.015986745940806377,1,1,1,1
2021-03-29,SPY,2021,-0.0005051024222387188,1,1,1,1
2021-03-30,SPY,2021,-0.0026564794829044944,1,1,1,1
2021-03-31,SPY,2021,0.004044897705947595,1,1,1,1
2021-04-01,SPY,2021,0.010741127561977055,1,1,1,1
2021-04-05,SPY,2021,0.014251394756581414,1,1,1,1
2021-04-06,SPY,2021,-0.0005908428722213291,1,1,1,1
2021-04-07,SPY,2021,0.0011566828294047983,1,1,1,1
2021-04-08,SPY,2021,0.004735373440968949,1,1,1,1
2021-04-09,SPY,2021,0.007243802517035546,1,1,1,1
2021-04-12,SPY,2021,0.0003647874819090864,1,1,1,1
2021-04-13,SPY,2021,0.002959223626784889,0,1,1,1
2021-04-14,SPY,2021,-0.003421060778894865,1,1,1,1
2021-04-15,SPY,2021,0.010685330037290773,-1,1,1,1
2021-04-16,SPY,2021,0.0033366365732670515,0,1,1,1
2021-04-19,SPY,2021,-0.004925149665975567,1,1,1,1
2021-04-20,SPY,2021,-0.007348421577678362,1,1,1,1
2021-04-21,SPY,2021,0.009417484803209775,0,1,0,1
2021-04-22,SPY,2021,-0.009175023926652488,1,1,0,1
2021-04-23,SPY,2021,0.010784074605665108,0,1,0,1
2021-04-26,SPY,2021,0.0020854788146707558,0,1,1,1
2021-04-27,SPY,2021,-0.0002155078499445481,-1,1,1,1
2021-04-28,SPY,2021,-0.0002875207087291903,-1,1,1,1
2021-04-29,SPY,2021,0.006352840377978043,0,1,1,1
2021-04-30,SPY,2021,-0.0065923994648178505,1,1,1,1
2021-05-03,SPY,2021,0.0021545169246052517,0,1,1,1
2021-05-04,SPY,2021,-0.006188612640873568,0,1,1,1
2021-05-05,SPY,2021,0.0003129421461241454,-1,1,1,1
2021-05-06,SPY,2021,0.00795379766889144,-1,1,1,1
2021-05-07,SPY,2021,0.0072516134657174,-1,1,1,1
2021-05-10,SPY,2021,-0.009951740946387195,0,1,1,1
2021-05-11,SPY,2021,-0.008964758673881811,0,1,1,1
2021-05-12,SPY,2021,-0.021474046348034202,0,1,1,1
2021-05-13,SPY,2021,0.011940698130117257,1,1,1,1
2021-05-14,SPY,2021,0.01523886419446217,0,1,1,1
2021-05-17,SPY,2021,-0.002547954830907734,1,1,1,1
2021-05-18,SPY,2021,-0.008652923192290277,1,1,1,1
2021-05-19,SPY,2021,-0.0026254068976978196,1,1,0,1
2021-05-20,SPY,2021,0.010700515815053957,1,1,1,1
2021-05-21,SPY,2021,-0.000819069795155913,1,1,1,1
2021-05-24,SPY,2021,0.010142912764373603,0,1,1,1
2021-05-25,SPY,2021,-0.002221347560223637,1,1,1,1
2021-05-26,SPY,2021,0.001982643874854432,0,1,1,1
2021-05-27,SPY,2021,0.0005250104118447335,1,1,1,1
2021-05-28,SPY,2021,0.001786860353919759,1,1,1,1
2021-06-01,SPY,2021,-0.0008811270662814378,1,1,1,1
2021-06-02,SPY,2021,0.0015713326572936984,1,1,1,1
2021-06-03,SPY,2021,-0.0037182948010879395,1,1,1,1
2021-06-04,SPY,2021,0.009104261948456187,0,1,1,1
2021-06-07,SPY,2021,-0.000970678393917535,1,1,1,1
2021-06-08,SPY,2021,0.0002132018834390702,1,1,1,1
2021-06-09,SPY,2021,-0.0014927470865871912,0,1,1,1
2021-06-10,SPY,2021,0.004637387690631795,0,1,1,1
2021-06-11,SPY,2021,0.001651232490280082,-1,1,1,1
2021-06-14,SPY,2021,0.0022363640545377743,-1,1,1,1
2021-06-15,SPY,2021,-0.0018360592741489695,0,1,1,1
2021-06-16,SPY,2021,-0.005598878972515552,0,1,1,1
2021-06-17,SPY,2021,-0.00033151597527932464,1,1,1,1
2021-06-18,SPY,2021,-0.013582359209279927,1,1,1,1
2021-06-21,SPY,2021,0.01421440332253619,1,1,1,1
2021-06-22,SPY,2021,0.0053319981581132405,1,1,1,1
2021-06-23,SPY,2021,-0.0012060680755643734,1,1,1,1
2021-06-24,SPY,2021,0.0058984877109390385,1,1,1,1
2021-06-25,SPY,2021,0.0035456403781919826,1,1,-1,1
2021-06-28,SPY,2021,0.002014066569559229,1,1,1,1
2021-06-29,SPY,2021,0.0005379065394162648,1,1,-1,1
2021-06-30,SPY,2021,0.0008411015399814684,1,1,-1,1
2021-07-01,SPY,2021,0.005521520908058233,1,1,-1,1
2021-07-02,SPY,2021,0.007614193210831441,1,1,1,1
2021-07-06,SPY,2021,-0.0018229223911849295,0,1,1,1
2021-07-07,SPY,2021,0.003527847219513408,0,1,1,1
2021-07-08,SPY,2021,-0.0081815002591886,1,1,1,1
2021-07-09,SPY,2021,0.010618148619970394,-1,1,1,1
2021-07-12,SPY,2021,0.0035756356295226295,-1,1,-1,1
2021-07-13,SPY,2021,-0.0034147575979629665,-1,1,-1,1
2021-07-14,SPY,2021,0.0014910502312879608,0,1,-1,1
2021-07-15,SPY,2021,-0.0034213441758120812,0,1,-1,1
2021-07-16,SPY,2021,-0.007874466096095805,1,1,1,1
2021-07-19,SPY,2021,-0.014878102118833489,1,1,0,1
2021-07-20,SPY,2021,0.014228620774270024,1,1,1,1
2021-07-21,SPY,2021,0.008063821823884246,1,1,1,1
2021-07-22,SPY,2021,0.0020919575381508466,1,1,1,1
2021-07-23,SPY,2021,0.010235455025391603,0,1,1,1
2021-07-26,SPY,2021,0.002451719269101041,-1,1,1,1
2021-07-27,SPY,2021,-0.004568017922608907,0,1,1,1
2021-07-28,SPY,2021,-0.00041004720357646864,0,1,1,1
2021-07-29,SPY,2021,0.004138645930058257,0,1,1,1
2021-07-30,SPY,2021,-0.0048681003402056,1,1,1,1
2021-08-02,SPY,2021,-0.0021002995225633857,1,1,1,1
2021-08-03,SPY,2021,0.008102666947689621,0,1,1,1
2021-08-04,SPY,2021,-0.004931071367504172,1,1,1,1
2021-08-05,SPY,2021,0.006312803123059483,1,1,1,1
2021-08-06,SPY,2021,0.0016510458932051863,1,1,1,1
2021-08-09,SPY,2021,-0.0008138089889434787,1,1,1,1
2021-08-10,SPY,2021,0.001243331076611708,1,1,1,1
2021-08-11,SPY,2021,0.0024815926627063728,-1,1,1,1
2021-08-12,SPY,2021,0.002992457985580963,-1,1,1,1
2021-08-13,SPY,2021,0.001818191247181543,-1,1,1,1
2021-08-16,SPY,2021,0.0023518941525089354,0,1,1,1
2021-08-17,SPY,2021,-0.006576821011147669,1,1,1,1
2021-08-18,SPY,2021,-0.011005202889893687,1,1,1,1
2021-08-19,SPY,2021,0.0015469445846583306,1,1,1,1
2021-08-20,SPY,2021,0.007925666368951105,1,1,1,1
2021-08-23,SPY,2021,0.008758049697457485,1,1,1,1
2021-08-24,SPY,2021,0.0015862981508996024,1,1,1,1
2021-08-25,SPY,2021,0.0020960526908358405,1,1,1,1
2021-08-26,SPY,2021,-0.005920471962606945,1,1,1,1
2021-08-27,SPY,2021,0.0089010472803945,1,1,1,1
2021-08-30,SPY,2021,0.00438788395544583,0,1,1,1
2021-08-31,SPY,2021,-0.0014825438591064735,0,1,-1,1
2021-09-01,SPY,2021,0.0005311880440169358,-1,1,-1,1
2021-09-02,SPY,2021,0.003071995747173074,-1,1,1,1
2021-09-03,SPY,2021,-0.000242979693151655,-1,1,1,1
2021-09-07,SPY,2021,-0.003581856837949811,-1,1,-1,1
2021-09-08,SPY,2021,-0.0012189190488114774,-1,1,1,1
2021-09-09,SPY,2021,-0.004289263882739384,0,1,1,1
2021-09-10,SPY,2021,-0.007916006335882587,0,1,1,1
2021-09-13,SPY,2021,0.0025559528662511422,-1,1,1,1
2021-09-14,SPY,2021,-0.005411139046392526,-1,1,1,1
2021-09-15,SPY,2021,0.008318012461917013,-1,1,1,1
2021-09-16,SPY,2021,-0.0015865443383406143,0,1,1,1
2021-09-17,SPY,2021,-0.00978888810390707,0,1,1,1
2021-09-20,SPY,2021,-0.016814624575756113,1,1,0,1
2021-09-21,SPY,2021,-0.0009449937979997108,0,1,1,1
2021-09-22,SPY,2021,0.009707518908841686,0,1,1,1
2021-09-23,SPY,2021,0.012076769184737867,-1,1,1,1
2021-09-24,SPY,2021,0.0016458611607991591,-1,1,1,1
2021-09-27,SPY,2021,-0.0028650697493269616,-1,1,1,1
2021-09-28,SPY,2021,-0.020357788629430978,0,1,0,1
2021-09-29,SPY,2021,0.00168187946725137,0,1,1,1
2021-09-30,SPY,2021,-0.012297660621865941,1,1,0,1
2021-10-01,SPY,2021,0.011814103556851066,0,1,0,1
2021-10-04,SPY,2021,-0.012979976026155977,1,1,0,1
2021-10-05,SPY,2021,0.010351282790754205,0,1,0,1
2021-10-06,SPY,2021,0.0041475183154428535,0,1,0,1
2021-10-07,SPY,2021,0.00860838672476349,1,1,1,1
2021-10-08,SPY,2021,-0.0018253061738200097,1,1,1,1
2021-10-11,SPY,2021,-0.007266062267212959,1,1,0,1
2021-10-12,SPY,2021,-0.0024645750143786195,1,1,1,1
2021-10-13,SPY,2021,0.0035910450474593465,1,1,1,1
2021-10-14,SPY,2021,0.016680846159970116,1,1,1,1
2021-10-15,SPY,2021,0.007586877118970915,1,1,1,1
2021-10-18,SPY,2021,0.0029561447351053914,1,1,1,1
2021-10-19,SPY,2021,0.00768522515232609,1,1,1,1
2021-10-20,SPY,2021,0.003920079105076506,1,1,1,1
2021-10-21,SPY,2021,0.0026048269454363284,1,1,1,1
2021-10-22,SPY,2021,-0.0010366919488282726,1,1,1,1
2021-10-25,SPY,2021,0.00534852115684905,1,1,1,1
2021-10-26,SPY,2021,0.0008994720502318638,1,1,1,1
2021-10-27,SPY,2021,-0.004440007906450685,1,1,1,1
2021-10-28,SPY,2021,0.009602703811229367,1,1,1,1
2021-10-29,SPY,2021,0.0020272066854383586,1,1,1,1
2021-11-01,SPY,2021,0.0017185738611598417,1,1,1,1
2021-11-02,SPY,2021,0.004034917567699035,1,1,1,0
2021-11-03,SPY,2021,0.0060867301394431405,0,1,1,0
2021-11-04,SPY,2021,0.004701461906939331,-1,1,1,0
2021-11-05,SPY,2021,0.00346354215347016,0,1,1,0
2021-11-08,SPY,2021,0.000853394935103719,-1,1,1,0
2021-11-09,SPY,2021,-0.0033107087980560838,0,1,1,0
2021-11-10,SPY,2021,-0.008077336788569811,1,1,1,0
2021-11-11,SPY,2021,0.00032330496285194613,1,1,1,0
2021-11-12,SPY,2021,0.007518555633581225,0,1,1,1
2021-11-15,SPY,2021,0.00034229626385467196,0,1,1,1
2021-11-16,SPY,2021,0.003949890967580538,0,1,1,1
2021-11-17,SPY,2021,-0.0024321764083458574,1,1,-1,1
2021-11-18,SPY,2021,0.003390713000907445,-1,1,-1,1
2021-11-19,SPY,2021,-0.0017896373186931382,-1,1,1,1
2021-11-22,SPY,2021,-0.0028192813794356685,-1,1,1,1
2021-11-23,SPY,2021,0.0013249914226577879,-1,1,1,1
2021-11-24,SPY,2021,0.0026663598117256117,-1,1,1,1
2021-11-26,SPY,2021,-0.022555769107998128,-1,1,0,1
2021-11-29,SPY,2021,0.012192207852188287,-1,1,1,1
2021-11-30,SPY,2021,-0.0196495427334328,1,1,0,1
2021-12-01,SPY,2021,-0.011169360663365067,1,1,1,1
2021-12-02,SPY,2021,0.015200329544886511,1,1,0,1
2021-12-03,SPY,2021,-0.008739368268392719,1,1,0,1
2021-12-06,SPY,2021,0.011773711538969929,1,1,0,1
2021-12-07,SPY,2021,0.0204738400154757,0,1,0,1
2021-12-08,SPY,2021,0.00264428881652639,0,1,1,1
2021-12-09,SPY,2021,-0.006774305401713201,0,1,1,1
2021-12-10,SPY,2021,0.009369375728743296,-1,1,1,1
2021-12-13,SPY,2021,-0.008897829073520176,-1,1,1,1
2021-12-14,SPY,2021,-0.006903678392593275,0,1,1,1
2021-12-15,SPY,2021,0.015504015791715571,0,1,0,1
2021-12-16,SPY,2021,-0.008857364858451209,1,1,0,1
2021-12-17,SPY,2021,-0.010700072266686237,1,1,0,1
2021-12-20,SPY,2021,-0.010690402966470522,1,1,1,1
2021-12-21,SPY,2021,0.01760311346023749,1,1,1,1
2021-12-22,SPY,2021,0.009949164405075863,1,1,1,1
2021-12-23,SPY,2021,0.006202639222126148,1,1,1,1
2021-12-27,SPY,2021,0.014052984079399042,0,1,1,1
2021-12-28,SPY,2021,-0.0008173971215845451,0,1,1,1
2021-12-29,SPY,2021,0.0012783202710148836,-1,1,1,1
2021-12-30,SPY,2021,-0.002768390468104258,-1,1,1,1
2021-12-31,SPY,2021,-0.0025232437348862934,-1,1,1,1
2022-01-03,SPY,2022,0.005773052985807546,-1,1,1,1
2022-01-04,SPY,2022,-0.00033491092171529383,-1,1,1,1
2022-01-05,SPY,2022,-0.019388881941574326,0,1,1,1
2022-01-06,SPY,2022,-0.0009398430518042176,0,1,1,1
2022-01-07,SPY,2022,-0.003961385060083911,0,1,1,1
2022-01-10,SPY,2022,-0.0012450596729908269,-1,1,1,1
2022-01-11,SPY,2022,0.009067001461006965,-1,1,1,1
2022-01-12,SPY,2022,0.0027000081492941875,-1,1,1,1
2022-01-13,SPY,2022,-0.013874488716066174,-1,1,1,1
2022-01-14,SPY,2022,0.0004089258702591127,-1,1,1,1
2022-01-18,SPY,2022,-0.017868303826167723,-1,1,1,1
2022-01-19,SPY,2022,-0.010437875325865296,-1,1,1,1
2022-01-20,SPY,2022,-0.011129689976800345,-1,1,0,1
2022-01-21,SPY,2022,-0.019825982805256617,0,1,1,1
2022-01-24,SPY,2022,0.0042375864609262084,0,1,0,1
2022-01-25,SPY,2022,-0.01228390300654689,1,1,0,1
2022-01-26,SPY,2022,-0.0025118124575435065,1,1,0,1
2022-01-27,SPY,2022,-0.0049502693144176935,1,1,-1,1
2022-01-28,SPY,2022,0.02453203802750137,0,1,0,1
2022-01-31,SPY,2022,0.017850518229683185,0,1,1,1
2022-02-01,SPY,2022,0.006734369405486184,0,1,1,1
2022-02-02,SPY,2022,0.009667078901218224,0,1,1,1
2022-02-03,SPY,2022,-0.023785379560952606,0,1,1,1
2022-02-04,SPY,2022,0.004691080785080926,-1,1,1,1
2022-02-07,SPY,2022,-0.0032144948354399776,-1,1,1,1
2022-02-08,SPY,2022,0.008194291867373112,-1,1,1,1
2022-02-09,SPY,2022,0.014529987897068412,-1,1,1,1
2022-02-10,SPY,2022,-0.0181288870596402,-1,1,1,1
2022-02-11,SPY,2022,-0.019915850252694888,0,1,1,1
2022-02-14,SPY,2022,-0.003274729503694676,-1,1,1,1
2022-02-15,SPY,2022,0.01599840527900324,-1,1,1,1
2022-02-16,SPY,2022,0.0011201958229437833,-1,1,1,1
2022-02-17,SPY,2022,-0.02159295338685799,0,1,1,1
2022-02-18,SPY,2022,-0.006496088195692051,0,1,1,1
2022-02-22,SPY,2022,-0.010789767750070563,0,1,1,1
2022-02-23,SPY,2022,-0.0178977231904073,1,1,1,1
2022-02-24,SPY,2022,0.014936875500551802,0,1,0,1
2022-02-25,SPY,2022,0.02182418155130841,0,1,1,1
2022-02-28,SPY,2022,-0.002561825474435225,-1,1,1,1
2022-03-01,SPY,2022,-0.015347455446448117,-1,1,1,1
2022-03-02,SPY,2022,0.01822908517407186,-1,1,1,1
2022-03-03,SPY,2022,-0.0049909390326022375,-1,1,1,1
2022-03-04,SPY,2022,-0.008157824747117591,-1,1,1,1
2022-03-07,SPY,2022,-0.02992244928987767,0,1,1,1
2022-03-08,SPY,2022,-0.00761038190424664,1,1,1,1
2022-03-09,SPY,2022,0.02645765490953374,1,1,1,1
2022-03-10,SPY,2022,-0.004525961455751314,1,1,1,1
2022-03-11,SPY,2022,-0.012796401267965602,1,1,1,1
2022-03-14,SPY,2022,-0.007335036285210022,1,1,1,1
2022-03-15,SPY,2022,0.021751966183582355,1,1,1,1
2022-03-16,SPY,2022,0.02193191886674754,1,1,1,1
2022-03-17,SPY,2022,0.012433171507201753,1,1,1,1
2022-03-18,SPY,2022,0.01089339374231357,1,1,1,1
2022-03-21,SPY,2022,-0.00029237542361823483,1,1,1,1
2022-03-22,SPY,2022,0.011633379664460085,1,1,1,1
2022-03-23,SPY,2022,-0.01296218550281172,1,1,1,1
2022-03-24,SPY,2022,0.014962005621560285,0,1,1,1
2022-03-25,SPY,2022,0.004871813420781671,0,1,1,1
2022-03-28,SPY,2022,0.007087602084431912,0,1,1,1
2022-03-29,SPY,2022,0.012295046772821911,-1,1,1,1
2022-03-30,SPY,2022,-0.006193968742381141,-1,1,1,1
2022-03-31,SPY,2022,-0.015510898442268106,0,1,1,1
2022-04-01,SPY,2022,0.002830063336761684,-1,1,1,1
2022-04-04,SPY,2022,0.00853022334769453,-1,1,1,1
2022-04-05,SPY,2022,-0.012711834862517294,-1,1,1,1
2022-04-06,SPY,2022,-0.010049701525339176,0,1,1,1
2022-04-07,SPY,2022,0.005026199694700705,-1,1,1,1
2022-04-08,SPY,2022,-0.0026772404336906936,-1,1,-1,1
2022-04-11,SPY,2022,-0.017240213343183274,1,1,1,1
2022-04-12,SPY,2022,-0.0037122220425614555,1,1,1,1
2022-04-13,SPY,2022,0.011388533093570692,-1,1,1,1
2022-04-14,SPY,2022,-0.012529988153287378,-1,1,1,1
2022-04-18,SPY,2022,0.00041099715531396066,-1,1,1,1
2022-04-19,SPY,2022,0.016013775152708562,-1,1,1,1
2022-04-20,SPY,2022,-0.0007416229438887636,-1,1,1,1
2022-04-21,SPY,2022,-0.015066495527341866,-1,1,0,1
2022-04-22,SPY,2022,-0.027822692091834855,-1,1,0,1
2022-04-25,SPY,2022,0.005780782184586855,-1,1,1,1
2022-04-26,SPY,2022,-0.029388362496151434,0,1,1,1
2022-04-27,SPY,2022,0.0028078354872041783,1,1,1,1
2022-04-28,SPY,2022,0.024945735189514515,-1,1,1,1
2022-04-29,SPY,2022,-0.03765591008032168,0,1,0,1
2022-05-02,SPY,2022,0.0060013735811353065,-1,1,1,1
2022-05-03,SPY,2022,0.004573438001718094,-1,1,1,1
2022-05-04,SPY,2022,0.029998637306840083,-1,1,0,1
2022-05-05,SPY,2022,-0.03618989468648176,-1,1,0,1
2022-05-06,SPY,2022,-0.005986752019179944,-1,1,1,1
2022-05-09,SPY,2022,-0.032541121583561795,0,1,1,1
2022-05-10,SPY,2022,0.0023078574573906453,1,1,1,1
2022-05-11,SPY,2022,-0.01601373026310995,0,1,1,1
2022-05-12,SPY,2022,-0.0010441857365357963,0,1,1,1
2022-05-13,SPY,2022,0.0236264370889263,-1,1,1,1
2022-05-16,SPY,2022,-0.00406577833835095,0,1,1,1
2022-05-17,SPY,2022,0.020361501385668647,-1,1,1,1
2022-05-18,SPY,2022,-0.041146555943821994,0,1,1,1
2022-05-19,SPY,2022,-0.0061434053862982965,1,1,1,1
2022-05-20,SPY,2022,0.0004365120161783599,1,1,0,1
2022-05-23,SPY,2022,0.018537191569367752,1,1,1,1
2022-05-24,SPY,2022,-0.0076631233936259955,1,1,1,1
2022-05-25,SPY,2022,0.00879608717221405,1,1,1,1
2022-05-26,SPY,2022,0.019784458053048994,0,1,1,1
2022-05-27,SPY,2022,0.024252402514728447,0,1,1,1
2022-05-31,SPY,2022,-0.005626679430306447,0,1,1,1
2022-06-01,SPY,2022,-0.008121276688991161,0,1,1,1
2022-06-02,SPY,2022,0.018864298222035707,-1,1,1,0
2022-06-03,SPY,2022,-0.016547782821527673,-1,1,1,0
2022-06-06,SPY,2022,0.003040240855119883,-1,1,1,0
2022-06-07,SPY,2022,0.009546562832501807,-1,1,1,0
2022-06-08,SPY,2022,-0.01093173362014518,-1,1,1,1
2022-06-09,SPY,2022,-0.024070262330031438,-1,1,1,1
2022-06-10,SPY,2022,-0.029424393172038665,-1,1,1,1
2022-06-13,SPY,2022,-0.03870770168975598,0,1,1,1
2022-06-14,SPY,2022,-0.0030176719695814776,0,1,1,1
2022-06-15,SPY,2022,0.014155430159228955,0,1,1,1
2022-06-16,SPY,2022,-0.03365604441084837,1,1,1,1
2022-06-17,SPY,2022,0.002153383424422441,1,1,1,1
2022-06-21,SPY,2022,0.024862044533758572,1,1,1,1
2022-06-22,SPY,2022,-0.001814660497081752,1,1,1,1
2022-06-23,SPY,2022,0.009754843331811014,0,1,1,1
2022-06-24,SPY,2022,0.03129882959487112,-1,1,1,1
2022-06-27,SPY,2022,-0.0038268351934918348,-1,1,1,1
2022-06-28,SPY,2022,-0.020644596153319587,0,1,1,-1
2022-06-29,SPY,2022,-0.0008147248613735439,1,1,1,-1
2022-06-30,SPY,2022,-0.008157424980550077,1,1,1,-1
2022-07-01,SPY,2022,0.01052082570003682,0,1,1,-1
2022-07-05,SPY,2022,0.0018867745474242066,0,1,1,-1
2022-07-06,SPY,2022,0.0033717757672787054,-1,1,1,1
2022-07-07,SPY,2022,0.014865990511663872,-1,1,1,-1
2022-07-08,SPY,2022,-0.000823010559296813,-1,1,1,1
2022-07-11,SPY,2022,-0.011489265884189349,-1,1,1,1
2022-07-12,SPY,2022,-0.0088880968087197,1,1,1,1
2022-07-13,SPY,2022,-0.005265454110902514,1,1,1,1
2022-07-14,SPY,2022,-0.0024316105886357194,1,1,1,1
2022-07-15,SPY,2022,0.018924997337812003,1,1,1,1
2022-07-18,SPY,2022,-0.008291286415055067,1,1,1,1
2022-07-19,SPY,2022,0.0266603504797408,0,1,1,1
2022-07-20,SPY,2022,0.0063530585522290385,1,1,1,1
2022-07-21,SPY,2022,0.010131816030019657,1,1,1,1
2022-07-22,SPY,2022,-0.00932127307474131,1,1,1,1
2022-07-25,SPY,2022,0.0012140549096016332,1,1,1,1
2022-07-26,SPY,2022,-0.011901453065632091,1,1,1,1
2022-07-27,SPY,2022,0.025634865840270592,1,1,1,1
2022-07-28,SPY,2022,0.012464390006349217,1,1,1,1
2022-07-29,SPY,2022,0.014473627371831952,0,1,1,1
2022-08-01,SPY,2022,-0.0029658701193104905,0,1,1,1
2022-08-02,SPY,2022,-0.006619032358796554,0,1,1,1
2022-08-03,SPY,2022,0.015538001976416653,1,1,1,1
2022-08-04,SPY,2022,-0.0006756516808456218,1,1,1,1
2022-08-05,SPY,2022,-0.0016916352287366155,1,1,-1,1
2022-08-08,SPY,2022,-0.0011616211989211537,1,1,1,1
2022-08-09,SPY,2022,-0.003978967155415961,1,1,1,1
2022-08-10,SPY,2022,0.02078641677681292,1,1,1,1
2022-08-11,SPY,2022,0.0,1,1,1,1
2022-08-12,SPY,2022,0.01678730028009096,-1,1,1,1
2022-08-15,SPY,2022,0.004112340195880818,-1,1,1,1
2022-08-16,SPY,2022,0.00195679603367439,-1,1,1,1
2022-08-17,SPY,2022,-0.007123260914856991,-1,1,1,1
2022-08-18,SPY,2022,0.0029022113275960814,-1,1,1,1
2022-08-19,SPY,2022,-0.013529279555298646,-1,1,1,1
2022-08-22,SPY,2022,-0.021042331440294437,-1,1,1,1
2022-08-23,SPY,2022,-0.0024220777334006825,-1,1,1,1
2022-08-24,SPY,2022,0.0031959675107993803,-1,1,1,1
2022-08-25,SPY,2022,0.01401898672651362,-1,1,1,1
2022-08-26,SPY,2022,-0.0344353778214157,-1,1,0,1
2022-08-29,SPY,2022,-0.006634052552856094,-1,1,1,1
2022-08-30,SPY,2022,-0.011038563673204344,0,1,1,1
2022-08-31,SPY,2022,-0.007638301629929268,1,1,1,1
2022-09-01,SPY,2022,0.003133047828653684,1,1,1,1
2022-09-02,SPY,2022,-0.010600297651028892,1,1,1,1
2022-09-06,SPY,2022,-0.003780344472810831,0,1,1,1
2022-09-07,SPY,2022,0.017805513463684256,0,1,1,1
2022-09-08,SPY,2022,0.006514871270703629,-1,1,1,1
2022-09-09,SPY,2022,0.01541580413306846,-1,1,1,1
2022-09-12,SPY,2022,0.010690600683540153,-1,1,1,1
2022-09-13,SPY,2022,-0.0444562954610948,-1,1,1,1
2022-09-14,SPY,2022,0.003808468718819319,-1,1,1,1
2022-09-15,SPY,2022,-0.011418196459872269,-1,1,1,1
2022-09-16,SPY,2022,-0.007658184121448498,-1,1,1,1
2022-09-19,SPY,2022,0.007724943841893041,-1,1,1,1
2022-09-20,SPY,2022,-0.011544795703535745,-1,1,1,1
2022-09-21,SPY,2022,-0.017597900180738257,0,1,0,1
2022-09-22,SPY,2022,-0.008435261506362684,-1,1,1,1
2022-09-23,SPY,2022,-0.016896704187772293,-1,1,1,1
2022-09-26,SPY,2022,-0.009942080624348199,0,1,-1,1
2022-09-27,SPY,2022,-0.0025560543932193177,1,1,1,1
2022-09-28,SPY,2022,0.0194854318066124,0,1,1,1
2022-09-29,SPY,2022,-0.021110085353319208,1,1,1,1
2022-09-30,SPY,2022,-0.015584532051082452,0,1,-1,1
2022-10-03,SPY,2022,0.026058810980902253,-1,1,1,1
2022-10-04,SPY,2022,0.030516283725001096,-1,1,1,1
2022-10-05,SPY,2022,-0.002330913312037677,-1,1,1,1
2022-10-06,SPY,2022,-0.010369393424229179,-1,1,1,1
2022-10-07,SPY,2022,-0.028290255918554084,0,1,0,1
2022-10-10,SPY,2022,-0.007664784426307857,1,1,1,1
2022-10-11,SPY,2022,-0.006353035046882885,1,1,1,1
2022-10-12,SPY,2022,-0.0033037537599160914,1,1,1,1
2022-10-13,SPY,2022,0.026048599487221196,0,1,0,1
2022-10-14,SPY,2022,-0.02305248723272179,1,1,0,1
2022-10-17,SPY,2022,0.025372418571182435,1,1,1,1
2022-10-18,SPY,2022,0.011681257736673245,1,1,1,1
2022-10-19,SPY,2022,-0.0071117708665861595,1,1,1,1
2022-10-20,SPY,2022,-0.00842087135527926,1,1,1,1
2022-10-21,SPY,2022,0.024011023783740672,1,1,1,1
2022-10-24,SPY,2022,0.012162267094000683,1,1,1,1
2022-10-25,SPY,2022,0.015842503863104547,0,1,1,1
2022-10-26,SPY,2022,-0.0075626282651911824,-1,1,1,1
2022-10-27,SPY,2022,-0.005354462204589749,-1,1,1,1
2022-10-28,SPY,2022,0.02351208089496376,-1,1,1,1
2022-10-31,SPY,2022,-0.007249400179083908,-1,1,1,1
2022-11-01,SPY,2022,-0.004385423656436853,0,1,1,1
2022-11-02,SPY,2022,-0.02541659007812719,0,1,0,1
2022-11-03,SPY,2022,-0.010350318465313948,1,1,1,1
2022-11-04,SPY,2022,0.014290603061964604,1,1,1,1
2022-11-07,SPY,2022,0.009519897193190711,1,1,1,1
2022-11-08,SPY,2022,0.005381240344996547,1,1,1,1
2022-11-09,SPY,2022,-0.020817230561762986,1,1,1,1
2022-11-10,SPY,2022,0.05349721910708738,0,1,1,1
2022-11-11,SPY,2022,0.009631942624682758,0,1,1,1
2022-11-14,SPY,2022,-0.008543095445883945,0,1,1,1
2022-11-15,SPY,2022,0.00849280910134756,0,1,1,1
2022-11-16,SPY,2022,-0.007657836570266129,1,1,1,-1
2022-11-17,SPY,2022,-0.0030646821974705863,1,1,1,-1
2022-11-18,SPY,2022,0.00453007825247534,0,1,1,-1
2022-11-21,SPY,2022,-0.0036426192763954076,0,1,1,1
2022-11-22,SPY,2022,0.013367131300018834,1,1,1,1
2022-11-23,SPY,2022,0.006281938568814839,1,1,1,1
2022-11-25,SPY,2022,-0.00022367105165537526,1,1,1,1
2022-11-28,SPY,2022,-0.01608585861350106,0,1,1,1
2022-11-29,SPY,2022,-0.001718833782256772,0,1,1,1
2022-11-30,SPY,2022,0.0310145802637035,-1,1,0,1
2022-12-01,SPY,2022,-0.0007361654516693555,-1,1,1,1
2022-12-02,SPY,2022,-0.001154235351235025,-1,1,1,1
2022-12-05,SPY,2022,-0.01815312117664815,0,1,1,1
2022-12-06,SPY,2022,-0.014519537371641238,1,1,1,1
2022-12-07,SPY,2022,-0.0017028826939696367,1,1,-1,1
2022-12-08,SPY,2022,0.007803340937079185,-1,1,1,1
2022-12-09,SPY,2022,-0.007497979235812483,-1,1,1,1
2022-12-12,SPY,2022,0.014314130174367501,-1,1,1,1
2022-12-13,SPY,2022,0.00754145723520679,-1,1,1,1
2022-12-14,SPY,2022,-0.006414136515116945,-1,1,-1,1
2022-12-15,SPY,2022,-0.024765713351160627,-1,1,1,1
2022-12-16,SPY,2022,-0.011876443950921464,0,1,1,1
2022-12-19,SPY,2022,-0.008516006337628869,0,1,1,1
2022-12-20,SPY,2022,0.0013676854763862841,-1,1,1,1
2022-12-21,SPY,2022,0.014841714254981476,0,1,1,1
2022-12-22,SPY,2022,-0.014368965193666268,0,1,0,1
2022-12-23,SPY,2022,0.005735811839417483,0,1,1,1
2022-12-27,SPY,2022,-0.003951225017408125,1,1,1,1
2022-12-28,SPY,2022,-0.012505870996425764,0,1,1,1
2022-12-29,SPY,2022,0.017840269217852023,1,1,1,1
2022-12-30,SPY,2022,-0.0026375618516112764,1,1,1,1
2023-01-03,SPY,2023,-0.004218816178272145,1,1,1,1
2023-01-04,SPY,2023,0.007690637337875662,1,1,1,1
2023-01-05,SPY,2023,-0.01147899949340679,1,1,1,1
2023-01-06,SPY,2023,0.022672960307520907,1,1,1,1
2023-01-09,SPY,2023,-0.0005667998427814093,1,1,1,1
2023-01-10,SPY,2023,0.006988307822303553,0,1,1,1
2023-01-11,SPY,2023,0.012568440174528368,-1,1,1,1
2023-01-12,SPY,2023,0.003634212047374991,0,1,-1,1
2023-01-13,SPY,2023,0.003871926878508987,0,1,1,1
2023-01-17,SPY,2023,-0.0018335871178962475,1,1,1,1
2023-01-18,SPY,2023,-0.015913860857786368,1,1,1,1
2023-01-19,SPY,2023,-0.007306435449520423,1,1,1,1
2023-01-20,SPY,2023,0.018457556618942647,1,1,1,1
2023-01-23,SPY,2023,0.011927323319222128,0,1,1,1
2023-01-24,SPY,2023,-0.0010740563834028734,1,1,1,1
2023-01-25,SPY,2023,0.00037475551628210935,1,1,1,1
2023-01-26,SPY,2023,0.01093028366611188,1,1,-1,1
2023-01-27,SPY,2023,0.0022953170177418213,1,1,1,1
2023-01-30,SPY,2023,-0.012626363495875896,1,1,1,1
2023-01-31,SPY,2023,0.014596357282217864,1,1,1,1
2023-02-01,SPY,2023,0.010571653152728374,0,1,1,1
2023-02-02,SPY,2023,0.0144521989850759,-1,1,1,1
2023-02-03,SPY,2023,-0.010686015860116384,-1,1,1,1
2023-02-06,SPY,2023,-0.006130278830413953,1,1,1,1
2023-02-07,SPY,2023,0.01299390290899595,0,1,1,1
2023-02-08,SPY,2023,-0.010994872467090803,1,1,1,-1
2023-02-09,SPY,2023,-0.008707232778086089,0,1,1,-1
2023-02-10,SPY,2023,0.002331103965330239,0,1,1,-1
2023-02-13,SPY,2023,0.011670568613485968,-1,1,1,-1
2023-02-14,SPY,2023,-0.00046002484357687297,-1,1,1,-1
2023-02-15,SPY,2023,0.0032418743957672753,-1,1,1,-1
2023-02-16,SPY,2023,-0.013864314658932477,-1,1,1,-1
2023-02-17,SPY,2023,-0.0025015773616459034,-1,1,1,-1
2023-02-21,SPY,2023,-0.020264899590689778,0,1,1,-1
2023-02-22,SPY,2023,-0.0013791076256637622,-1,1,1,-1
2023-02-23,SPY,2023,0.005305371287869365,0,1,1,-1
2023-02-24,SPY,2023,-0.010739602551626287,1,1,1,-1
2023-02-27,SPY,2023,0.003399913802058718,1,1,1,-1
2023-02-28,SPY,2023,-0.00370271000650252,0,1,1,-1
2023-03-01,SPY,2023,-0.003843321736304112,1,1,1,-1
2023-03-02,SPY,2023,0.007747026325656102,-1,1,1,-1
2023-03-03,SPY,2023,0.01591066771680532,-1,1,1,-1
2023-03-06,SPY,2023,0.0006925016433866547,-1,1,1,-1
2023-03-07,SPY,2023,-0.0154474124417691,-1,1,1,-1
2023-03-08,SPY,2023,0.0016307321040084973,-1,1,1,-1
2023-03-09,SPY,2023,-0.018622196585477094,0,1,1,-1
2023-03-10,SPY,2023,-0.01453456928868701,0,1,0,1
2023-03-13,SPY,2023,-0.0014263246755815142,1,1,1,1
2023-03-14,SPY,2023,0.01639508441493949,1,1,1,1
2023-03-15,SPY,2023,-0.006273949619230736,1,1,1,1
2023-03-16,SPY,2023,0.017392976761127856,0,1,1,1
2023-03-17,SPY,2023,-0.011761578591957948,1,1,1,1
2023-03-20,SPY,2023,0.009569590000062089,0,1,1,1
2023-03-21,SPY,2023,0.013045125244522468,-1,1,1,1
2023-03-22,SPY,2023,-0.017193306769122205,1,1,1,1
2023-03-23,SPY,2023,0.0026996816159651164,1,1,1,1
2023-03-24,SPY,2023,0.006540555127810384,1,1,1,1
2023-03-27,SPY,2023,0.0018679333887276252,1,1,1,1
2023-03-28,SPY,2023,-0.0022469703284743563,1,1,1,1
2023-03-29,SPY,2023,0.014430110305329482,1,1,1,1
2023-03-30,SPY,2023,0.005838418482446001,1,1,1,1
2023-03-31,SPY,2023,0.013996074661607797,0,1,1,1
2023-04-03,SPY,2023,0.0038033185644785698,0,1,1,1
2023-04-04,SPY,2023,-0.005563479370427324,0,1,1,1
2023-04-05,SPY,2023,-0.002621882224614988,1,1,1,1
2023-04-06,SPY,2023,0.0038933424636558417,1,1,1,1
2023-04-10,SPY,2023,0.0010257548599940751,1,1,1,0
2023-04-11,SPY,2023,0.00026861302745316405,1,1,1,1
2023-04-12,SPY,2023,-0.004084398315390557,1,1,1,1
2023-04-13,SPY,2023,0.013195412987363054,0,1,1,1
2023-04-14,SPY,2023,-0.002445780459953044,0,1,1,1
2023-04-17,SPY,2023,0.003581828682575005,0,1,1,1
2023-04-18,SPY,2023,0.0006520565889335934,-1,1,1,1
2023-04-19,SPY,2023,-0.00016896254771546764,-1,1,1,1
2023-04-20,SPY,2023,-0.005472105309767186,0,1,1,1
2023-04-21,SPY,2023,0.0007767331701839004,1,1,1,1
2023-04-24,SPY,2023,0.001042694558817758,1,1,1,1
2023-04-25,SPY,2023,-0.016001247349096335,1,1,1,1
2023-04-26,SPY,2023,-0.0042447619340265745,1,1,1,1
2023-04-27,SPY,2023,0.019712578453641463,-1,1,0,1
2023-04-28,SPY,2023,0.008498947015169962,-1,1,1,1
2023-05-01,SPY,2023,-0.0010103136976849605,-1,1,1,1
2023-05-02,SPY,2023,-0.011302839516381466,0,1,0,1
2023-05-03,SPY,2023,-0.006887720553694235,1,1,0,1
2023-05-04,SPY,2023,-0.007108053444989366,1,1,1,1
2023-05-05,SPY,2023,0.01834341102706125,0,1,1,1
2023-05-08,SPY,2023,0.0002664931972754493,0,1,1,1
2023-05-09,SPY,2023,-0.004394987402852739,0,1,1,1
2023-05-10,SPY,2023,0.004661486613058235,0,1,0,1
2023-05-11,SPY,2023,-0.001745473476562903,1,1,1,1
2023-05-12,SPY,2023,-0.001311281211255423,1,1,1,1
2023-05-15,SPY,2023,0.003444053210807649,1,1,1,1
2023-05-16,SPY,2023,-0.00670499812004931,1,1,1,1
2023-05-17,SPY,2023,0.012065927310866241,-1,1,1,1
2023-05-18,SPY,2023,0.009587015569254615,-1,1,1,1
2023-05-19,SPY,2023,-0.0014561380343676956,0,1,1,1
2023-05-22,SPY,2023,0.0004061801862468218,0,1,1,1
2023-05-23,SPY,2023,-0.011286447871891231,1,1,1,1
2023-05-24,SPY,2023,-0.007271216403817472,1,1,1,1
2023-05-25,SPY,2023,0.008622741329540622,1,1,1,1
2023-05-26,SPY,2023,0.012867595416700304,1,1,0,1
2023-05-30,SPY,2023,0.0003806883724185237,1,1,1,1
2023-05-31,SPY,2023,-0.0055604674855915664,1,1,1,1
2023-06-01,SPY,2023,0.009456036964891145,1,1,0,1
2023-06-02,SPY,2023,0.01435764910176379,0,1,1,1
2023-06-05,SPY,2023,-0.0019180479785971345,1,1,1,1
2023-06-06,SPY,2023,0.0021750203617206952,1,1,1,1
2023-06-07,SPY,2023,-0.003463791254635156,1,1,1,1
2023-06-08,SPY,2023,0.006030334237583904,1,1,1,1
2023-06-09,SPY,2023,0.0017928758511336809,1,1,1,1
2023-06-12,SPY,2023,0.009031041943999691,1,1,1,1
2023-06-13,SPY,2023,0.006571101521960107,0,1,1,1
2023-06-14,SPY,2023,0.0011900807739882158,0,1,1,1
2023-06-15,SPY,2023,0.012321502858556932,-1,1,0,1
2023-06-16,SPY,2023,-0.003412067952681282,-1,1,1,1
2023-06-20,SPY,2023,-0.005201654145490409,0,1,1,1
2023-06-21,SPY,2023,-0.005136936273311897,0,1,1,1
2023-06-22,SPY,2023,0.0036032831706697783,0,1,1,1
2023-06-23,SPY,2023,-0.007588719689017414,1,1,1,1
2023-06-26,SPY,2023,-0.004094184357063722,1,1,1,1
2023-06-27,SPY,2023,0.010903792443586127,1,1,1,1
2023-06-28,SPY,2023,0.0005041832650293196,1,1,1,1
2023-06-29,SPY,2023,0.003933603849903351,0,1,1,1
2023-06-30,SPY,2023,0.011731754661603632,-1,1,1,1
2023-07-03,SPY,2023,0.0011498522064339338,-1,1,1,1
2023-07-05,SPY,2023,-0.0014884177517076407,1,1,1,1
2023-07-06,SPY,2023,-0.007861321221992507,1,1,1,1
2023-07-07,SPY,2023,-0.0025280003802271816,1,1,1,1
2023-07-10,SPY,2023,0.00252800038022709,1,1,1,1
2023-07-11,SPY,2023,0.0063481332652233,1,1,1,1
2023-07-12,SPY,2023,0.008013915909259652,1,1,1,1
2023-07-13,SPY,2023,0.007905460796837828,1,1,1,1
2023-07-14,SPY,2023,-0.0006230096571354682,1,1,1,1
2023-07-17,SPY,2023,0.003466061109015067,1,1,1,1
2023-07-18,SPY,2023,0.007403106532470574,0,1,1,1
2023-07-19,SPY,2023,0.0022213167746343494,0,1,1,1
2023-07-20,SPY,2023,-0.006656460635188468,0,1,1,1
2023-07-21,SPY,2023,0.0,1,1,1,1
2023-07-24,SPY,2023,0.004457182704715093,1,1,1,1
2023-07-25,SPY,2023,0.0027263467451206606,0,1,1,1
2023-07-26,SPY,2023,0.00015369927050218422,-1,1,1,1
2023-07-27,SPY,2023,-0.006651985577355392,0,1,1,1
2023-07-28,SPY,2023,0.009742720115195813,-1,1,0,1
2023-07-31,SPY,2023,0.0019023312092261919,-1,1,1,1
2023-08-01,SPY,2023,-0.0028657504187194435,-1,1,1,1
2023-08-02,SPY,2023,-0.014008463957871262,-1,1,1,1
2023-08-03,SPY,2023,-0.002869984583321383,-1,1,1,1
2023-08-04,SPY,2023,-0.004533074480540938,0,1,1,1
2023-08-07,SPY,2023,0.00869061871523565,-1,1,1,1
2023-08-08,SPY,2023,-0.004358068655073096,-1,1,1,1
2023-08-09,SPY,2023,-0.006707616349670908,-1,1,1,1
2023-08-10,SPY,2023,0.0003586692301746406,-1,1,0,1
2023-08-11,SPY,2023,-0.0005831871652072265,-1,1,1,1
2023-08-14,SPY,2023,0.005504786397747306,-1,1,1,1
2023-08-15,SPY,2023,-0.011717069083869196,-1,1,1,1
2023-08-16,SPY,2023,-0.007365214118241423,1,1,1,1
2023-08-17,SPY,2023,-0.007649197345569418,0,1,1,1
2023-08-18,SPY,2023,0.00048111270651791005,1,1,1,1
2023-08-21,SPY,2023,0.0064854460092828485,1,1,1,1
2023-08-22,SPY,2023,-0.0027125224700600033,1,1,1,1
2023-08-23,SPY,2023,0.01107631566771167,1,1,1,1
2023-08-24,SPY,2023,-0.013956005648807324,1,1,0,1
2023-08-25,SPY,2023,0.007024992546389962,1,1,0,1
2023-08-28,SPY,2023,0.006321354457318495,1,1,1,1
2023-08-29,SPY,2023,0.014351497894906926,0,1,0,1
2023-08-30,SPY,2023,0.0041101295708427295,-1,1,1,1
2023-08-31,SPY,2023,-0.0014644325334433306,-1,1,1,1
2023-09-01,SPY,2023,0.0018634321605929273,-1,1,1,1
2023-09-05,SPY,2023,-0.004331210526523987,-1,1,1,1
2023-09-06,SPY,2023,-0.0067451403319415135,0,1,1,1
2023-09-07,SPY,2023,-0.0030749540943777564,1,1,1,1
2023-09-08,SPY,2023,0.0015050642208636516,0,1,1,1
2023-09-11,SPY,2023,0.006555043515996764,-1,1,1,1
2023-09-12,SPY,2023,-0.005500671339813137,0,1,1,1
2023-09-13,SPY,2023,0.0011652168200830288,-1,1,1,1
2023-09-14,SPY,2023,0.008585375997847606,-1,1,1,1
2023-09-15,SPY,2023,-0.01212141628734163,-1,1,1,1
2023-09-18,SPY,2023,0.0005862600447152587,-1,1,1,1
2023-09-19,SPY,2023,-0.002076053420704082,-1,1,1,1
2023-09-20,SPY,2023,-0.009235711135858745,-1,1,0,1
2023-09-21,SPY,2023,-0.016666623128888402,0,1,1,1
2023-09-22,SPY,2023,-0.0022508866958947543,-1,1,1,1
2023-09-25,SPY,2023,0.004196245920016671,-1,1,1,1
2023-09-26,SPY,2023,-0.014800237962131936,-1,1,1,1
2023-09-27,SPY,2023,0.00039912347502551624,0,1,1,1
2023-09-28,SPY,2023,0.005780583261124464,-1,1,1,1
2023-09-29,SPY,2023,-0.0024298194148928746,0,1,1,1
2023-10-02,SPY,2023,-0.00039771420840696705,1,1,1,1
2023-10-03,SPY,2023,-0.01347649710560195,1,1,0,1
2023-10-04,SPY,2023,0.007255526482179501,1,1,1,1
2023-10-05,SPY,2023,-0.0003767835369652056,1,1,1,1
2023-10-06,SPY,2023,0.011802774700201624,0,1,1,1
2023-10-09,SPY,2023,0.0063817912466691525,0,1,1,1
2023-10-10,SPY,2023,0.0051913414389659195,0,1,1,1
2023-10-11,SPY,2023,0.004088034898118634,-1,1,1,1
2023-10-12,SPY,2023,-0.0061152621194062035,-1,1,0,1
2023-10-13,SPY,2023,-0.004993248545788567,-1,1,0,1
2023-10-16,SPY,2023,0.010466602803316526,-1,1,1,1
2023-10-17,SPY,2023,-4.6042148844501866e-05,-1,1,0,1
2023-10-18,SPY,2023,-0.013414521784307154,-1,1,0,1
2023-10-19,SPY,2023,-0.008825353023097011,-1,1,0,1
2023-10-20,SPY,2023,-0.012364174862441185,-1,1,1,1
2023-10-23,SPY,2023,-0.0017346583770919913,-1,1,1,1
2023-10-24,SPY,2023,0.007511187478967743,-1,1,1,1
2023-10-25,SPY,2023,-0.014456255454738633,1,1,1,1
2023-10-26,SPY,2023,-0.012046734938047378,1,1,1,1
2023-10-27,SPY,2023,-0.0045431185159590624,1,1,1,1
2023-10-30,SPY,2023,0.01188481359920945,1,1,1,1
2023-10-31,SPY,2023,0.006260604847404083,1,1,1,1
2023-11-01,SPY,2023,0.010608226592806452,1,1,1,1
2023-11-02,SPY,2023,0.018982944971154703,1,1,1,1
2023-11-03,SPY,2023,0.009082160277521472,1,1,1,1
2023-11-06,SPY,2023,0.00229784796184508,1,1,1,1
2023-11-07,SPY,2023,0.0028420035030114654,1,1,1,1
2023-11-08,SPY,2023,0.0007320714065122563,1,1,1,1
2023-11-09,SPY,2023,-0.007829180967580108,1,1,1,1
2023-11-10,SPY,2023,0.015484284022237857,1,1,1,1
2023-11-13,SPY,2023,-0.0009537072163898663,1,1,1,1
2023-11-14,SPY,2023,0.01921497522517495,1,1,1,1
2023-11-15,SPY,2023,0.00211477784466387,1,1,1,1
2023-11-16,SPY,2023,0.001222344643162959,1,1,1,1
2023-11-17,SPY,2023,0.0012429798471948153,1,1,1,1
2023-11-20,SPY,2023,0.007668150646953296,0,1,1,1
2023-11-21,SPY,2023,-0.002181802756715522,0,1,1,1
2023-11-22,SPY,2023,0.0038534694095681294,0,1,1,1
2023-11-24,SPY,2023,0.0006150712763562981,1,1,1,1
2023-11-27,SPY,2023,-0.0018025926693689292,1,1,1,1
2023-11-28,SPY,2023,0.0009896528088818434,0,1,1,1
2023-11-29,SPY,2023,-0.0007036802669634911,0,1,1,1
2023-11-30,SPY,2023,0.003929696108825297,0,1,1,1
2023-12-01,SPY,2023,0.005898502836273647,0,1,1,1
2023-12-04,SPY,2023,-0.005263103465713639,1,1,1,1
2023-12-05,SPY,2023,-0.0001971449382510268,1,1,1,1
2023-12-06,SPY,2023,-0.004037912952452966,1,1,1,1
2023-12-07,SPY,2023,0.007601254998625286,1,1,1,1
2023-12-08,SPY,2023,0.0042899642770482405,1,1,1,1
2023-12-11,SPY,2023,0.003882191741839224,1,1,1,1
2023-12-12,SPY,2023,0.004556882101146917,1,1,1,1
2023-12-13,SPY,2023,0.013695844763532672,0,1,0,1
2023-12-14,SPY,2023,0.0032042930263354386,0,1,1,1
2023-12-15,SPY,2023,-0.0016478186400573829,1,1,1,1
2023-12-18,SPY,2023,0.005609125443266745,1,1,1,1
2023-12-19,SPY,2023,0.006062598375827983,1,1,1,1
2023-12-20,SPY,2023,-0.0139541698568474,1,1,1,1
2023-12-21,SPY,2023,0.009437074256660682,0,1,1,1
2023-12-22,SPY,2023,0.0020077132726562938,0,1,1,1
2023-12-26,SPY,2023,0.004213645152389171,-1,1,1,1
2023-12-27,SPY,2023,0.001806468446889951,-1,1,1,1
2023-12-28,SPY,2023,0.00037764093076431626,-1,1,-1,1
2023-12-29,SPY,2023,-0.002899184888589424,0,1,1,1
2024-01-02,SPY,2024,-0.005612035769785578,0,1,1,1
2024-01-03,SPY,2024,-0.008200143586026835,1,1,1,1
2024-01-04,SPY,2024,-0.003226341198106028,1,1,1,1
2024-01-05,SPY,2024,0.0013686643139206973,1,1,1,1
2024-01-08,SPY,2024,0.014175043275426418,0,1,0,1
2024-01-09,SPY,2024,-0.001518213681543528,0,1,1,1
2024-01-10,SPY,2024,0.005639532812858045,0,1,1,1
2024-01-11,SPY,2024,-0.0004407701354845292,1,1,1,1
2024-01-12,SPY,2024,0.0006924762106077708,1,1,1,1
2024-01-16,SPY,2024,-0.0036779302988608096,1,1,1,1
2024-01-17,SPY,2024,-0.005574135160253993,1,1,1,1
2024-01-18,SPY,2024,0.00885343559801682,1,1,1,-1
2024-01-19,SPY,2024,0.012389086155502233,1,1,1,-1
2024-01-22,SPY,2024,0.0021120896573243605,1,1,1,-1
2024-01-23,SPY,2024,0.002912298683813415,1,1,1,-1
2024-01-24,SPY,2024,0.0010925360352944133,0,1,1,-1
2024-01-25,SPY,2024,0.005424233328387742,0,1,1,-1
2024-01-26,SPY,2024,-0.0012713351009535775,1,1,1,-1
2024-01-29,SPY,2024,0.007888243154561467,0,1,1,1
2024-01-30,SPY,2024,-0.0007737913609752247,1,1,1,1
2024-01-31,SPY,2024,-0.01645198338467447,1,1,1,1
2024-02-01,SPY,2024,0.01300339871119533,1,1,1,1
2024-02-02,SPY,2024,0.01047220559459976,1,1,1,1
2024-02-05,SPY,2024,-0.003647713799742804,1,1,1,1
2024-02-06,SPY,2024,0.002899111128272616,0,1,1,1
2024-02-07,SPY,2024,0.008305589937332002,0,1,1,1
2024-02-08,SPY,2024,0.000441653016141177,1,1,1,1
2024-02-09,SPY,2024,0.0057628254675285324,0,1,1,1
2024-02-12,SPY,2024,-0.0004389891024339729,-1,1,1,1
2024-02-13,SPY,2024,-0.013868843459831637,0,1,1,1
2024-02-14,SPY,2024,0.009046623071212699,1,1,1,1
2024-02-15,SPY,2024,0.006876099062960471,1,1,1,1
2024-02-16,SPY,2024,-0.004992414971991749,1,1,1,1
2024-02-20,SPY,2024,-0.005520591794157814,1,1,1,1
2024-02-21,SPY,2024,0.0009054726231492202,1,1,1,1
2024-02-22,SPY,2024,0.020484245025569173,0,1,1,1
2024-02-23,SPY,2024,0.0006892344884380418,1,1,1,1
2024-02-26,SPY,2024,-0.003669240936009194,1,1,1,1
2024-02-27,SPY,2024,0.0018559629166625285,0,1,1,1
2024-02-28,SPY,2024,-0.001322328848940929,1,1,1,1
2024-02-29,SPY,2024,0.0035883357464785454,1,1,1,1
2024-03-01,SPY,2024,0.009344596683783466,0,1,1,1
2024-03-04,SPY,2024,-0.0010729743748649023,0,1,1,1
2024-03-05,SPY,2024,-0.010044468835889815,1,1,1,1
2024-03-06,SPY,2024,0.005054396556186992,1,1,1,1
2024-03-07,SPY,2024,0.009877631338538589,0,1,0,1
2024-03-08,SPY,2024,-0.006020355911053105,0,1,1,1
2024-03-11,SPY,2024,-0.000860171170850298,1,1,1,1
2024-03-12,SPY,2024,0.010699839960646714,0,1,1,1
2024-03-13,SPY,2024,-0.0015685766790581694,1,1,1,1
2024-03-14,SPY,2024,-0.001978778249766055,1,1,1,1
2024-03-15,SPY,2024,-0.006890390961422348,1,1,1,1
2024-03-18,SPY,2024,0.005925564713180833,1,1,1,1
2024-03-19,SPY,2024,0.0055417054207450335,0,1,1,1
2024-03-20,SPY,2024,0.00920701012397464,0,1,1,1
2024-03-21,SPY,2024,0.0032989225830240007,0,1,1,1
2024-03-22,SPY,2024,-0.0018972522154901213,0,1,1,1
2024-03-25,SPY,2024,-0.002766717050369561,-1,1,1,1
2024-03-26,SPY,2024,-0.0018487398296315718,0,1,1,1
2024-03-27,SPY,2024,0.008368808454007441,-1,1,1,1
2024-03-28,SPY,2024,-0.00019117704517385058,-1,1,-1,1
2024-04-01,SPY,2024,-0.001741566825060971,-1,1,1,1
2024-04-02,SPY,2024,-0.00637831520626888,0,1,1,1
2024-04-03,SPY,2024,0.001097992803741817,-1,1,1,1
2024-04-04,SPY,2024,-0.01228119656826022,0,1,0,1
2024-04-05,SPY,2024,0.010392605455336707,-1,1,1,1
2024-04-08,SPY,2024,0.0005592182693960496,-1,1,1,1
2024-04-09,SPY,2024,0.0011561238041784322,-1,1,1,1
2024-04-10,SPY,2024,-0.010063634216215015,-1,1,1,1
2024-04-11,SPY,2024,0.007518709808825762,-1,1,0,1
2024-04-12,SPY,2024,-0.013899297109681862,-1,1,1,1
2024-04-15,SPY,2024,-0.012607243728592961,0,1,0,1
2024-04-16,SPY,2024,-0.001825514887426496,0,1,1,1
2024-04-17,SPY,2024,-0.005935882555383153,1,1,0,1
2024-04-18,SPY,2024,-0.0020598259139245774,1,1,1,1
2024-04-19,SPY,2024,-0.00876665026417122,1,1,0,1
2024-04-22,SPY,2024,0.009167051448542955,1,1,0,1
2024-04-23,SPY,2024,0.011796656438735847,0,1,0,1
2024-04-24,SPY,2024,-0.00047470309862256247,-1,1,1,1
2024-04-25,SPY,2024,-0.003806194756390687,0,1,0,1
2024-04-26,SPY,2024,0.009429481751337721,1,1,1,1
2024-04-29,SPY,2024,0.003535109368902871,1,1,1,1
2024-04-30,SPY,2024,-0.015968040441022735,1,1,0,1
2024-05-01,SPY,2024,-0.003252433787030626,1,1,0,1
2024-05-02,SPY,2024,0.009309977605627236,1,1,1,1
2024-05-03,SPY,2024,0.01231901679426125,1,1,1,1
2024-05-06,SPY,2024,0.010274021728264728,1,1,1,1
2024-05-07,SPY,2024,0.0011028150306301356,1,1,1,1
2024-05-08,SPY,2024,9.665890181013217e-05,1,1,1,1
2024-05-09,SPY,2024,0.005745328646864496,1,1,1,1
2024-05-10,SPY,2024,0.0012870989513178613,1,1,1,1
2024-05-13,SPY,2024,0.0001344188004465889,1,1,1,1
2024-05-14,SPY,2024,0.004577788468077165,1,1,1,1
2024-05-15,SPY,2024,0.012307022574245924,0,1,1,1
2024-05-16,SPY,2024,-0.002059759065787944,-1,1,1,1
2024-05-17,SPY,2024,0.0014363927266393083,0,1,1,1
2024-05-20,SPY,2024,0.001151627494597059,0,1,1,1
2024-05-21,SPY,2024,0.002449464002916573,-1,1,1,1
2024-05-22,SPY,2024,-0.0028835497978586025,-1,1,1,1
2024-05-23,SPY,2024,-0.007331087212715895,0,1,0,1
2024-05-24,SPY,2024,0.006594839701839707,0,1,1,1
2024-05-28,SPY,2024,0.0006983891355046042,0,1,1,1
2024-05-29,SPY,2024,-0.007026906668048373,1,1,1,1
2024-05-30,SPY,2024,-0.006655917058280808,1,1,1,1
2024-05-31,SPY,2024,0.009066745779778809,1,1,0,1
2024-06-03,SPY,2024,0.0008151459091382385,1,1,1,1
2024-06-04,SPY,2024,0.0011171468105308478,1,1,1,1
2024-06-05,SPY,2024,0.011815341672186903,1,1,1,1
2024-06-06,SPY,2024,-1.8992125419873333e-05,1,1,1,1
2024-06-07,SPY,2024,-0.0012164816561530509,1,1,1,1
2024-06-10,SPY,2024,0.003085125063176545,1,1,1,1
2024-06-11,SPY,2024,0.0024053268171719757,1,1,1,1
2024-06-12,SPY,2024,0.00817956629629219,1,1,1,1
2024-06-13,SPY,2024,0.002011485458195218,1,1,1,1
2024-06-14,SPY,2024,0.0006082006776034688,0,1,1,1
2024-06-17,SPY,2024,0.007927552869230097,0,1,1,1
2024-06-18,SPY,2024,0.002537497687071973,0,1,-1,1
2024-06-20,SPY,2024,-0.002720483837066507,0,1,1,1
2024-06-21,SPY,2024,-0.0013413925912036523,0,1,1,1
2024-06-24,SPY,2024,-0.0032559195472098785,0,1,1,1
2024-06-25,SPY,2024,0.0038432439116696656,1,1,1,1
2024-06-26,SPY,2024,0.0012476073198332599,1,1,1,1
2024-06-27,SPY,2024,0.00157522016295951,1,1,1,1
2024-06-28,SPY,2024,-0.0039429422871660675,1,1,1,1
2024-07-01,SPY,2024,0.0020557943317580313,1,1,1,1
2024-07-02,SPY,2024,0.006707347580390929,1,1,1,1
2024-07-03,SPY,2024,0.0044527059927613995,1,1,1,1
2024-07-05,SPY,2024,0.005749921169851078,1,1,1,1
2024-07-08,SPY,2024,0.001153093738768611,1,1,1,1
2024-07-09,SPY,2024,0.0009720372231332721,1,1,-1,1
2024-07-10,SPY,2024,0.009846532627204863,-1,1,1,1
2024-07-11,SPY,2024,-0.008659731414480832,0,1,1,1
2024-07-12,SPY,2024,0.006287704229287266,-1,1,1,1
2024-07-15,SPY,2024,0.002746178685302027,-1,1,1,1
2024-07-16,SPY,2024,0.005912712202406217,-1,1,1,1
2024-07-17,SPY,2024,-0.014120351175631823,-1,1,1,1
2024-07-18,SPY,2024,-0.0077144340964305355,-1,1,0,1
2024-07-19,SPY,2024,-0.006662787433500588,-1,1,1,1
2024-07-22,SPY,2024,0.010257069212565873,-1,1,1,1
2024-07-23,SPY,2024,-0.0015698511595131069,-1,1,1,1
2024-07-24,SPY,2024,-0.0229233920146443,1,1,1,1
2024-07-25,SPY,2024,-0.005223814609031004,0,1,1,1
2024-07-26,SPY,2024,0.011137302629465187,-1,1,1,1
2024-07-29,SPY,2024,0.00058785873809558,-1,1,1,1
2024-07-30,SPY,2024,-0.0050795488788298905,-1,1,0,0
2024-07-31,SPY,2024,0.016123925168381226,-1,1,1,0
2024-08-01,SPY,2024,-0.014262208397787322,-1,1,0,0
2024-08-02,SPY,2024,-0.018793760048189233,0,1,0,0
2024-08-05,SPY,2024,-0.029556326608491015,1,1,0,0
2024-08-06,SPY,2024,0.009177427039382687,1,1,0,0
2024-08-07,SPY,2024,-0.006706482642421386,1,1,1,0
2024-08-08,SPY,2024,0.022854202897594586,1,1,1,0
2024-08-09,SPY,2024,0.004399881179276231,1,1,1,-1
2024-08-12,SPY,2024,0.0005255014827705956,1,1,1,-1
2024-08-13,SPY,2024,0.01631161441428852,1,1,1,-1
2024-08-14,SPY,2024,0.003149929334443642,1,1,1,-1
2024-08-15,SPY,2024,0.016994927720332405,1,1,1,-1
2024-08-16,SPY,2024,0.002239484132851063,1,1,1,-1
2024-08-19,SPY,2024,0.00951600999874844,0,1,1,-1
2024-08-20,SPY,2024,-0.0016272721970093005,1,1,1,-1
2024-08-21,SPY,2024,0.0034305680333579715,0,1,1,-1
2024-08-22,SPY,2024,-0.007879475116558792,0,1,1,0
2024-08-23,SPY,2024,0.010569110917247061,0,1,1,0
2024-08-26,SPY,2024,-0.002386542756158523,-1,1,1,1
2024-08-27,SPY,2024,0.0013722402939948068,-1,1,1,1
2024-08-28,SPY,2024,-0.005822324575928621,-1,1,1,1
2024-08-29,SPY,2024,8.952502392658487e-05,-1,1,1,0
2024-08-30,SPY,2024,0.00950090860591358,-1,1,1,1
2024-09-03,SPY,2024,-0.020793725645796027,0,1,1,1
2024-09-04,SPY,2024,-0.0020490418722639626,1,1,1,1
2024-09-05,SPY,2024,-0.0024351434153945,1,1,1,1
2024-09-06,SPY,2024,-0.016973327586779302,1,1,1,1
2024-09-09,SPY,2024,0.01113392506144728,1,1,1,1
2024-09-10,SPY,2024,0.004346228611150365,1,1,1,1
2024-09-11,SPY,2024,0.010206698579257474,0,1,1,1
2024-09-12,SPY,2024,0.00838784704874863,1,1,1,1
2024-09-13,SPY,2024,0.005209192979533417,1,1,1,1
2024-09-16,SPY,2024,0.0014758376111602017,1,1,1,1
2024-09-17,SPY,2024,0.0004085391508299861,1,1,1,1
2024-09-18,SPY,2024,-0.0029701211332180113,1,1,1,1
2024-09-19,SPY,2024,0.016920419617095245,0,1,1,1
2024-09-20,SPY,2024,-0.001730098648055058,1,1,1,1
2024-09-23,SPY,2024,0.002495787596560366,1,1,1,1
2024-09-24,SPY,2024,0.0028572918902978113,-1,1,1,1
2024-09-25,SPY,2024,-0.002208118912641866,0,1,1,1
2024-09-26,SPY,2024,0.00395696110747365,-1,1,1,1
2024-09-27,SPY,2024,-0.001451451782586848,0,1,1,1
2024-09-30,SPY,2024,0.003999298913751391,-1,1,1,1
2024-10-01,SPY,2024,-0.008998864597382177,0,1,0,1
2024-10-02,SPY,2024,0.00042198467364129805,1,1,1,1
2024-10-03,SPY,2024,-0.0018298511436541753,1,1,1,1
2024-10-04,SPY,2024,0.00904627377092313,1,1,1,1
2024-10-07,SPY,2024,-0.009081597315396567,1,1,1,1
2024-10-08,SPY,2024,0.009413327109958642,1,1,1,1
2024-10-09,SPY,2024,0.006902388463365834,1,1,1,1
2024-10-10,SPY,2024,-0.0017514618712944753,1,1,1,1
2024-10-11,SPY,2024,0.005970268023691283,1,1,1,1
2024-10-14,SPY,2024,0.008145193029141917,0,1,1,1
2024-10-15,SPY,2024,-0.0078000503766040155,0,1,1,1
2024-10-16,SPY,2024,0.0043368886625765055,-1,1,1,1
2024-10-17,SPY,2024,8.589374884384152e-05,-1,1,1,-1
2024-10-18,SPY,2024,0.003839169318771763,-1,1,1,1
2024-10-21,SPY,2024,-0.00164341658761867,0,1,1,-1
2024-10-22,SPY,2024,-0.0005313207395003318,0,1,1,-1
2024-10-23,SPY,2024,-0.009179582112508515,0,1,1,-1
2024-10-24,SPY,2024,0.002160574642374119,-1,1,1,1
2024-10-25,SPY,2024,-0.0003455720324323848,-1,1,1,1
2024-10-28,SPY,2024,0.0030867687901062935,-1,1,1,1
2024-10-29,SPY,2024,0.0016169642213606978,-1,1,1,-1
2024-10-30,SPY,2024,-0.0030297943793906935,1,1,1,-1
2024-10-31,SPY,2024,-0.019797884833123065,1,1,1,-1
2024-11-01,SPY,2024,0.004211707102523141,1,1,1,-1
2024-11-04,SPY,2024,-0.002156215568006429,1,1,1,-1
2024-11-05,SPY,2024,0.012019183608750759,1,1,1,-1
2024-11-06,SPY,2024,0.024561372580018795,1,1,1,-1
2024-11-07,SPY,2024,0.007702428174841069,0,1,1,-1
2024-11-08,SPY,2024,0.004322461365743317,-1,1,1,-1
2024-11-11,SPY,2024,0.0009522239633202181,-1,1,1,-1
2024-11-12,SPY,2024,-0.0031111713660706623,-1,1,1,-1
2024-11-13,SPY,2024,0.0004858594092337671,-1,1,1,-1
2024-11-14,SPY,2024,-0.006450969292049736,0,1,1,-1
2024-11-15,SPY,2024,-0.012891485071648813,1,1,1,-1
2024-11-18,SPY,2024,0.004089144943224857,1,1,1,-1
2024-11-19,SPY,2024,0.003648809581418136,1,1,1,-1
2024-11-20,SPY,2024,0.0003387703491764651,1,1,1,-1
2024-11-21,SPY,2024,0.005353889567877107,1,1,1,-1
2024-11-22,SPY,2024,0.003094705829717668,1,1,1,-1
2024-11-25,SPY,2024,0.0033862606110790184,1,1,1,1
2024-11-26,SPY,2024,0.005208004485919695,1,1,1,1
2024-11-27,SPY,2024,-0.0030347921123566476,1,1,1,1
2024-11-29,SPY,2024,0.0061930418880992415,1,1,1,1
2024-12-02,SPY,2024,0.0017906196973309035,0,1,1,1
2024-12-03,SPY,2024,0.000463734740076558,0,1,1,1
2024-12-04,SPY,2024,0.006190413553289382,0,1,1,1
2024-12-05,SPY,2024,-0.0016470951992252744,-1,1,1,1
2024-12-06,SPY,2024,0.0018939000361718997,-1,1,1,1
2024-12-09,SPY,2024,-0.00516297833458787,0,1,1,1
2024-12-10,SPY,2024,-0.003113937328071786,0,1,1,1
2024-12-11,SPY,2024,0.007700908748182434,-1,1,1,1
2024-12-12,SPY,2024,-0.00516575465711863,-1,1,1,1
2024-12-13,SPY,2024,-0.00019853478098717054,-1,1,-1,1
2024-12-16,SPY,2024,0.0042606567724248565,-1,1,1,1
2024-12-17,SPY,2024,-0.004128605106322894,0,1,-1,1
2024-12-18,SPY,2024,-0.030256507563296415,1,1,0,1
2024-12-19,SPY,2024,-0.00030719993032865203,1,1,1,1
2024-12-20,SPY,2024,0.01193934890226291,0,1,0,1
2024-12-23,SPY,2024,0.0059704557798403,-1,1,1,1
2024-12-24,SPY,2024,0.0110536768374044,-1,1,1,1
2024-12-26,SPY,2024,6.669282073870614e-05,-1,1,1,1
2024-12-27,SPY,2024,-0.010582380600210406,0,1,1,1
2024-12-30,SPY,2024,-0.011477198153203867,0,1,1,1
2024-12-31,SPY,2024,-0.0036445581852855152,0,1,1,1
2025-01-02,SPY,2025,-0.0024600414946872556,0,1,0,-1
2025-01-03,SPY,2025,0.012425881210557134,-1,1,1,-1
2025-01-06,SPY,2025,0.005743877338499598,-1,1,1,-1
2025-01-07,SPY,2025,-0.011368422949378494,0,1,0,-1
2025-01-08,SPY,2025,0.0014599454310130326,0,1,1,-1
2025-01-10,SPY,2025,-0.015385176811872776,1,1,1,-1
2025-01-13,SPY,2025,0.0015493839894041204,1,1,1,1
2025-01-14,SPY,2025,0.0013750045248620301,1,1,1,1
2025-01-15,SPY,2025,0.01802646478633443,1,1,1,1
2025-01-16,SPY,2025,-0.0019248485022814409,1,1,1,1
2025-01-17,SPY,2025,0.00998973135235659,0,1,1,1
2025-01-21,SPY,2025,0.00911184124464758,0,1,1,1
2025-01-22,SPY,2025,0.005605898821562855,-1,1,1,1
2025-01-23,SPY,2025,0.005443114947977425,-1,1,1,1
2025-01-24,SPY,2025,-0.002923636435108139,-1,1,1,1
2025-01-27,SPY,2025,-0.014246253240348535,0,1,1,1
2025-01-28,SPY,2025,0.008555611473282456,0,1,0,1
2025-01-29,SPY,2025,-0.00449294263302562,0,1,1,1
2025-01-30,SPY,2025,0.0053526282032582235,0,1,1,1
2025-01-31,SPY,2025,-0.005336020290949308,0,1,0,1
2025-02-03,SPY,2025,-0.006752298251460411,1,1,1,1
2025-02-04,SPY,2025,0.006685864947223816,1,1,1,1
2025-02-05,SPY,2025,0.004046328782416979,0,1,1,1
2025-02-06,SPY,2025,0.0034696031494635027,1,1,1,1
2025-02-07,SPY,2025,-0.009195767164134764,1,1,1,1
2025-02-10,SPY,2025,0.006768371131536421,1,1,1,1
2025-02-11,SPY,2025,0.000760046932138118,1,1,1,1
2025-02-12,SPY,2025,-0.003226582667765994,1,1,1,1
2025-02-13,SPY,2025,0.010502261955576539,-1,1,1,1
2025-02-14,SPY,2025,-4.917817717854662e-05,-1,1,1,1
2025-02-18,SPY,2025,0.0029314945155036417,-1,1,1,1
2025-02-19,SPY,2025,0.0023521503613693965,-1,1,1,1
2025-02-20,SPY,2025,-0.004169024434302625,-1,1,1,1
2025-02-21,SPY,2025,-0.01725207272834491,0,1,0,1
2025-02-24,SPY,2025,-0.004560791483029168,-1,1,1,1
2025-02-25,SPY,2025,-0.004985694838379668,-1,1,0,1
2025-02-26,SPY,2025,0.0005049834979800114,-1,1,1,1
2025-02-27,SPY,2025,-0.016090883372741303,-1,1,0,1
2025-02-28,SPY,2025,0.015485081527449984,-1,1,1,1
2025-03-03,SPY,2025,-0.017675268948049022,-1,1,0,1
2025-03-04,SPY,2025,-0.011907373878382277,-1,1,0,1
2025-03-05,SPY,2025,0.010690490980447023,-1,1,1,1
2025-03-06,SPY,2025,-0.01791081303824866,-1,1,1,1
2025-03-07,SPY,2025,0.005589345315687898,-1,1,1,1
2025-03-10,SPY,2025,-0.02699677506529482,0,1,1,1
2025-03-11,SPY,2025,-0.008347524273322408,0,1,1,1
2025-03-12,SPY,2025,0.00529234707668311,1,1,1,1
2025-03-13,SPY,2025,-0.013420085685215372,1,1,1,1
2025-03-14,SPY,2025,0.020445355558062917,0,1,1,1
2025-03-17,SPY,2025,0.00768186670863444,1,1,1,1
2025-03-18,SPY,2025,-0.010867323940460919,1,1,1,1
2025-03-19,SPY,2025,0.010832077298247299,0,1,1,1
2025-03-20,SPY,2025,-0.002895997442686325,0,1,1,1
2025-03-21,SPY,2025,0.0003298375522347131,-1,1,1,1
2025-03-24,SPY,2025,0.017749912119943527,-1,1,1,1
2025-03-25,SPY,2025,0.002401044789621623,-1,1,1,1
2025-03-26,SPY,2025,-0.012010061230411853,0,1,1,1
2025-03-27,SPY,2025,-0.0026593777486080385,-1,1,1,1
2025-03-28,SPY,2025,-0.020343752509044025,-1,1,1,1
2025-03-31,SPY,2025,0.006690370104205908,-1,1,-1,1
2025-04-01,SPY,2025,0.0028205718332439756,-1,1,1,1
2025-04-02,SPY,2025,0.006308357997637376,-1,1,1,1
2025-04-03,SPY,2025,-0.05053641399922805,-1,1,1,1
2025-04-04,SPY,2025,-0.06032671113300068,1,1,0,1
2025-04-07,SPY,2025,-0.0017828380111522095,1,1,0,1
2025-04-08,SPY,2025,-0.015786649939027342,1,1,0,1
2025-04-09,SPY,2025,0.09986287145801089,0,1,0,1
2025-04-10,SPY,2025,-0.04480811874838202,0,1,0,1
2025-04-11,SPY,2025,0.017685577889526977,-1,1,1,1
2025-04-14,SPY,2025,0.009654633614505052,-1,1,1,1
2025-04-15,SPY,2025,-0.0028049519240955145,0,1,-1,1
2025-04-16,SPY,2025,-0.022478730006617785,1,1,1,1
2025-04-17,SPY,2025,0.0014258180630277613,1,1,-1,1
2025-04-21,SPY,2025,-0.024090628879336547,1,1,1,1
2025-04-22,SPY,2025,0.025685233901122914,1,1,1,1
2025-04-23,SPY,2025,0.015376418334407617,1,1,1,1
2025-04-24,SPY,2025,0.020830560538646615,1,1,1,1
2025-04-25,SPY,2025,0.007199333805528579,1,1,-1,1
2025-04-28,SPY,2025,0.0003813124578095559,1,1,-1,1
2025-04-29,SPY,2025,0.0062795189624677665,0,1,-1,-1
2025-04-30,SPY,2025,0.0003967513772843797,0,1,1,-1
2025-05-01,SPY,2025,0.007062096677786744,1,1,-1,-1
2025-05-02,SPY,2025,0.014735038993647611,0,1,-1,-1
2025-05-05,SPY,2025,-0.005750828532530852,1,1,-1,-1
2025-05-06,SPY,2025,-0.008393563113417038,1,1,-1,-1
2025-05-07,SPY,2025,0.004196709046927182,1,1,-1,1
2025-05-08,SPY,2025,0.006943599889265658,1,1,-1,1
2025-05-09,SPY,2025,-0.0012749241863656922,1,1,-1,1
2025-05-12,SPY,2025,0.032513103328074035,1,1,-1,1
2025-05-13,SPY,2025,0.006582045390180123,1,1,-1,1
2025-05-14,SPY,2025,0.0012772667262527715,-1,1,1,1
2025-05-15,SPY,2025,0.004872501047651316,-1,1,1,1
2025-05-16,SPY,2025,0.006314068180387681,-1,1,1,1
2025-05-19,SPY,2025,0.0010934299572647823,0,1,1,1
2025-05-20,SPY,2025,-0.0033680265147150467,-1,1,1,0
2025-05-21,SPY,2025,-0.016994365011937837,0,1,1,0
2025-05-22,SPY,2025,0.0003946302102362482,1,1,1,0
2025-05-23,SPY,2025,-0.006849147058424759,1,1,1,1
2025-05-27,SPY,2025,0.020577296518006608,0,1,1,1
2025-05-28,SPY,2025,-0.005802147596664622,1,1,1,1
2025-05-29,SPY,2025,0.003939671569296213,0,1,1,1
2025-05-30,SPY,2025,-0.0011190269098129057,1,1,1,1
2025-06-02,SPY,2025,0.005617115132785442,1,1,1,1
2025-06-03,SPY,2025,0.005686254815427237,1,1,1,1
2025-06-04,SPY,2025,-0.0002683407657188244,1,1,1,1
2025-06-05,SPY,2025,-0.004844679513600927,1,1,1,1
2025-06-06,SPY,2025,0.010216662684454049,0,1,1,1
2025-06-09,SPY,2025,0.0009009261251625337,1,1,1,1
2025-06-10,SPY,2025,0.005653808080091334,-1,1,1,1
2025-06-11,SPY,2025,-0.0028562549040238145,-1,1,1,1
2025-06-12,SPY,2025,0.003966296296319648,-1,1,1,1
2025-06-13,SPY,2025,-0.011242923891385526,1,1,1,1
2025-06-16,SPY,2025,0.009469264508429075,1,1,1,1
2025-06-17,SPY,2025,-0.008581787124168365,1,1,1,1
2025-06-18,SPY,2025,-0.00015082803167561687,1,1,1,1
2025-06-20,SPY,2025,-0.002351340086370428,1,1,1,1
2025-06-23,SPY,2025,0.009829126090013976,1,1,0,1
2025-06-24,SPY,2025,0.010986611589662867,1,1,1,1
2025-06-25,SPY,2025,0.0005602274649639028,1,1,1,1
2025-06-26,SPY,2025,0.007793362434847595,1,1,1,1
2025-06-27,SPY,2025,0.004956020908146138,1,1,1,1
2025-06-30,SPY,2025,0.004769785792837614,0,1,1,1
2025-07-01,SPY,2025,-0.00032366665853689923,1,1,1,1
2025-07-02,SPY,2025,0.00452302127882086,1,1,1,1
2025-07-03,SPY,2025,0.007850504238325978,0,1,1,1
2025-07-07,SPY,2025,-0.007479876580079352,0,1,1,1
2025-07-08,SPY,2025,-0.0005478853567877983,1,1,1,1
2025-07-09,SPY,2025,0.005978747694233981,0,1,1,1
2025-07-10,SPY,2025,0.0028163874172284034,0,1,1,1
2025-07-11,SPY,2025,-0.0035217006609310183,1,1,1,1
2025-07-14,SPY,2025,0.0019062670749355217,1,1,1,1
2025-07-15,SPY,2025,-0.004282368878185308,1,1,1,1
2025-07-16,SPY,2025,0.0033376974019010464,1,1,1,1
2025-07-17,SPY,2025,0.0061009889381351675,1,1,1,1
2025-07-18,SPY,2025,-0.0007326028897206542,1,1,1,1
2025-07-21,SPY,2025,0.0018943480812726298,1,1,1,1
2025-07-22,SPY,2025,0.00014318518761442616,1,1,-1,1
2025-07-23,SPY,2025,0.008471491723121317,0,1,1,1
2025-07-24,SPY,2025,0.00033097487286408054,-1,1,-1,1
2025-07-25,SPY,2025,0.004215440684552298,-1,1,-1,1
2025-07-28,SPY,2025,-0.0002511005278458048,-1,1,-1,1
2025-07-29,SPY,2025,-0.0026411464479572516,-1,1,-1,1
2025-07-30,SPY,2025,-0.0012601632939269942,0,1,-1,1
2025-07-31,SPY,2025,-0.003758119781633972,0,1,1,1
2025-08-01,SPY,2025,-0.01652642342915897,1,1,1,1
2025-08-04,SPY,2025,0.015085504368414899,1,1,1,1
2025-08-05,SPY,2025,-0.005082920296747279,1,1,-1,1
2025-08-06,SPY,2025,0.007630669984759495,1,1,-1,1
2025-08-07,SPY,2025,-0.0008380849693998135,1,1,0,1
2025-08-08,SPY,2025,0.007767311017072898,1,1,-1,1
2025-08-11,SPY,2025,-0.0019793621405001806,1,1,-1,1
2025-08-12,SPY,2025,0.010589807346852703,0,1,-1,1
2025-08-13,SPY,2025,0.003417286477118479,-1,1,-1,1
2025-08-14,SPY,2025,9.291355233127299e-05,-1,1,1,1
2025-08-15,SPY,2025,-0.0023439428152555583,0,1,1,1
2025-08-18,SPY,2025,-0.00021773625932833604,0,1,-1,1
2025-08-19,SPY,2025,-0.005439966782361189,1,1,1,1
2025-08-20,SPY,2025,-0.0026605206569297025,1,1,1,1
2025-08-21,SPY,2025,-0.0040198787023870254,1,1,1,1
2025-08-22,SPY,2025,0.015240110357538828,0,1,0,1
2025-08-25,SPY,2025,-0.004410829085847295,-1,1,1,1
2025-08-26,SPY,2025,0.0041783238485304415,0,1,1,1
2025-08-27,SPY,2025,0.0022759564506928394,1,1,-1,1
2025-08-28,SPY,2025,0.0035350684092173997,0,1,-1,1
2025-08-29,SPY,2025,-0.005981492907034908,1,1,1,1
2025-09-02,SPY,2025,-0.007437940668457636,1,1,1,1
2025-09-03,SPY,2025,0.005405009131919811,1,1,1,1
2025-09-04,SPY,2025,0.008322591837480268,1,1,1,1
2025-09-05,SPY,2025,-0.0029003961913302155,1,1,1,1
2025-09-08,SPY,2025,0.0024535652814358087,1,1,1,1
2025-09-09,SPY,2025,0.0023092163266358,1,1,1,1
2025-09-10,SPY,2025,0.0028867295722736852,1,1,1,1
2025-09-11,SPY,2025,0.008275855495816567,1,1,1,1
2025-09-12,SPY,2025,-0.00033468641059504023,1,1,-1,1
2025-09-15,SPY,2025,0.005309840610233649,1,1,-1,1
2025-09-16,SPY,2025,-0.0013778336016101538,1,1,-1,1
2025-09-17,SPY,2025,-0.0012432295513901252,0,1,1,1
2025-09-18,SPY,2025,0.004661617295406556,0,1,1,1
2025-09-19,SPY,2025,0.004940643347549601,0,1,1,1
2025-09-22,SPY,2025,0.004719800825183231,0,1,1,1
2025-09-23,SPY,2025,-0.005458248035394466,0,1,1,1
2025-09-24,SPY,2025,-0.0031868295747073685,1,1,1,1
2025-09-25,SPY,2025,-0.004624049362276245,1,1,1,1
2025-09-26,SPY,2025,0.005712685577890228,1,1,-1,1
2025-09-29,SPY,2025,0.0028065048617203843,1,1,1,1
2025-09-30,SPY,2025,0.003759757999068319,0,1,1,1
2025-10-01,SPY,2025,0.0034017796058662298,1,1,-1,1
2025-10-02,SPY,2025,0.0011510698904782946,0,1,1,1
2025-10-03,SPY,2025,-1.4805515983767243e-05,-1,1,-1,1
2025-10-06,SPY,2025,0.0035798566266859286,-1,1,-1,1
2025-10-07,SPY,2025,-0.003714403753721363,-1,1,-1,1
2025-10-08,SPY,2025,0.005945346619066807,-1,1,-1,1
2025-10-09,SPY,2025,-0.002901179078111572,-1,1,-1,1
2025-10-10,SPY,2025,-0.027399832538963102,0,1,0,1
2025-10-13,SPY,2025,0.015227587680655873,1,1,1,1
2025-10-14,SPY,2025,-0.0012223931057610573,1,1,1,1
2025-10-15,SPY,2025,0.004429704266786335,0,1,1,1
2025-10-16,SPY,2025,-0.006833429349370981,1,1,0,1
2025-10-17,SPY,2025,0.005660156214500435,1,1,1,1
2025-10-20,SPY,2025,0.010346787167762106,1,1,1,1
2025-10-21,SPY,2025,-1.4942990429156014e-05,1,1,1,1
2025-10-22,SPY,2025,-0.005212477453439929,1,1,0,1
2025-10-23,SPY,2025,0.005912449677416068,1,1,1,1
2025-10-24,SPY,2025,0.008139340211438471,1,1,1,1
2025-10-27,SPY,2025,0.011728614603400918,0,1,1,1
2025-10-28,SPY,2025,0.0026524950416700003,-1,1,1,1
2025-10-29,SPY,2025,0.00048025529764689906,-1,1,1,1
2025-10-30,SPY,2025,-0.011059114340385109,-1,1,1,1
2025-10-31,SPY,2025,0.003274853895150146,-1,1,1,1
2025-11-03,SPY,2025,0.001874980999473234,0,1,1,1
2025-11-04,SPY,2025,-0.011924360802475447,1,1,1,1
2025-11-05,SPY,2025,0.0034594854141328157,1,1,1,1
2025-11-06,SPY,2025,-0.0107874293787707,0,1,1,1
2025-11-07,SPY,2025,0.0009840807123627038,0,1,0,1
2025-11-10,SPY,2025,0.015483874055295284,-1,1,1,1
2025-11-11,SPY,2025,0.002286560853950906,-1,1,1,1
2025-11-12,SPY,2025,0.0005562356386344725,-1,1,1,1
2025-11-13,SPY,2025,-0.016733219095931014,-1,1,0,1
2025-11-14,SPY,2025,-0.00016356304453120328,-1,1,0,1
2025-11-17,SPY,2025,-0.00936029173962937,0,1,0,1
2025-11-18,SPY,2025,-0.008432918992475554,1,1,1,1
2025-11-19,SPY,2025,0.0038557337390654808,1,1,1,1
2025-11-20,SPY,2025,-0.015359584109870688,1,1,0,1
2025-11-21,SPY,2025,0.009911853052476355,1,1,1,1
2025-11-24,SPY,2025,0.014611339452438529,1,1,1,1
2025-11-25,SPY,2025,0.009361876598705392,1,1,1,1
2025-11-26,SPY,2025,0.006879861801814111,1,1,1,1
2025-11-28,SPY,2025,0.005443590966696786,1,1,1,1
2025-12-01,SPY,2025,-0.004575923889866952,1,1,1,1
2025-12-02,SPY,2025,0.001850563521801528,0,1,1,1
2025-12-03,SPY,2025,0.003456767569100685,1,1,1,1
2025-12-04,SPY,2025,0.0007308726355028201,1,1,1,1
2025-12-05,SPY,2025,0.0018975931835084833,-1,1,1,1
2025-12-08,SPY,2025,-0.0030087308003297914,0,1,1,1
2025-12-09,SPY,2025,-0.000863490795128103,-1,1,1,1
2025-12-10,SPY,2025,0.006610338742418503,-1,1,1,1
2025-12-11,SPY,2025,0.002324242885119065,-1,1,1,1
2025-12-12,SPY,2025,-0.0108102968489866,0,1,0,1
2025-12-15,SPY,2025,-0.0015119509722544683,1,1,1,1
2025-12-16,SPY,2025,-0.002736024649435422,1,1,1,1
2025-12-17,SPY,2025,-0.011064581322954193,1,1,1,1
2025-12-18,SPY,2025,0.007522894645792734,1,1,1,1
2025-12-19,SPY,2025,0.009022679156543787,1,1,1,1
2025-12-22,SPY,2025,0.00621047884157309,0,1,1,1
2025-12-23,SPY,2025,0.004560079363435816,-1,1,1,1
2016-01-04,QQQ,2016,-0.02132340439256892,-1,1,1,-1
2016-01-05,QQQ,2016,-0.0017367982368694697,-1,1,1,-1
2016-01-06,QQQ,2016,-0.00965187545460906,-1,1,1,-1
2016-01-07,QQQ,2016,-0.0318141777407345,0,1,1,-1
2016-01-08,QQQ,2016,-0.008234575475550582,-1,1,1,-1
2016-01-11,QQQ,2016,0.00307204845070554,-1,1,1,-1
2016-01-12,QQQ,2016,0.011530987675439388,-1,1,1,-1
2016-01-13,QQQ,2016,-0.03509804198401529,0,1,0,-1
2016-01-14,QQQ,2016,0.021071837968742638,0,1,0,-1
2016-01-15,QQQ,2016,-0.0315285324562018,0,1,1,1
2016-01-19,QQQ,2016,0.0021792214774833192,1,1,1,1
2016-01-20,QQQ,2016,-0.003072529480839759,0,1,0,1
2016-01-21,QQQ,2016,0.0009922887383132088,0,1,-1,1
2016-01-22,QQQ,2016,0.028542612686887868,0,1,1,1
2016-01-25,QQQ,2016,-0.014951694297040994,1,1,1,1
2016-01-26,QQQ,2016,0.008959013532396233,0,1,-1,1
2016-01-27,QQQ,2016,-0.02523076144465874,0,1,0,1
2016-01-28,QQQ,2016,0.014019316260816267,0,1,-1,1
2016-01-29,QQQ,2016,0.02066716974716447,-1,1,-1,1
2016-02-01,QQQ,2016,0.0026854741584384657,-1,1,1,1
2016-02-02,QQQ,2016,-0.02188308443559132,-1,1,1,1
2016-02-03,QQQ,2016,-0.004808734376524019,-1,1,0,1
2016-02-04,QQQ,2016,-9.811118982168942e-05,-1,1,1,1
2016-02-05,QQQ,2016,-0.03534423073719957,0,1,0,1
2016-02-08,QQQ,2016,-0.01540549285659751,1,1,0,1
2016-02-09,QQQ,2016,-0.003109630552598225,1,1,-1,1
2016-02-10,QQQ,2016,0.003834062686422146,1,1,-1,1
2016-02-11,QQQ,2016,-0.0014491339709238218,1,1,-1,1
2016-02-12,QQQ,2016,0.015110283363974056,1,1,1,1
2016-02-16,QQQ,2016,0.022296213357858644,1,1,-1,1
2016-02-17,QQQ,2016,0.022395264193974803,0,1,1,1
2016-02-18,QQQ,2016,-0.011480263314386013,1,1,-1,1
2016-02-19,QQQ,2016,0.002956029344003231,1,1,1,1
2016-02-22,QQQ,2016,0.016105223358815937,-1,1,-1,1
2016-02-23,QQQ,2016,-0.01659715359686162,1,1,1,1
2016-02-24,QQQ,2016,0.00950376031080823,1,1,1,1
2016-02-25,QQQ,2016,0.009800700311386279,1,1,1,1
2016-02-26,QQQ,2016,-0.0012561859586585472,1,1,-1,1
2016-02-29,QQQ,2016,-0.00903211045510755,1,1,1,1
2016-03-01,QQQ,2016,0.03159329727451851,0,1,1,1
2016-03-02,QQQ,2016,0.00037788873479893464,-1,1,-1,1
2016-03-03,QQQ,2016,-0.0018914960083298963,-1,1,-1,0
2016-03-04,QQQ,2016,0.0003782276050689418,0,1,-1,1
2016-03-07,QQQ,2016,-0.006170023265668336,1,1,1,1
2016-03-08,QQQ,2016,-0.008318602270337129,1,1,-1,1
2016-03-09,QQQ,2016,0.006412425019327984,1,1,-1,1
2016-03-10,QQQ,2016,-0.001527467985878267,1,1,-1,1
2016-03-11,QQQ,2016,0.01733400430853167,1,1,-1,1
2016-03-14,QQQ,2016,0.0016885617404666844,1,1,1,1
2016-03-15,QQQ,2016,-0.00037468117845854116,1,1,1,-1
2016-03-16,QQQ,2016,0.008869836401836704,0,1,1,-1
2016-03-17,QQQ,2016,-0.0005580831259037079,0,1,1,-1
2016-03-18,QQQ,2016,0.0015662005919884385,0,1,1,-1
2016-03-21,QQQ,2016,0.003904080661251568,1,1,1,-1
2016-03-22,QQQ,2016,0.0030567970696925087,1,1,1,-1
2016-03-23,QQQ,2016,-0.008266040129589937,1,1,1,-1
2016-03-24,QQQ,2016,0.00028007768058006024,1,1,1,-1
2016-03-28,QQQ,2016,-0.0013994131510630303,1,1,1,-1
2016-03-29,QQQ,2016,0.015930680765122978,0,1,1,-1
2016-03-30,QQQ,2016,0.00485792886464885,1,1,1,-1
2016-03-31,QQQ,2016,-0.0014638058069677542,0,1,1,-1
2016-04-01,QQQ,2016,0.010566498997981332,-1,1,-1,-1
2016-04-04,QQQ,2016,-0.003812917079647082,-1,1,1,-1
2016-04-05,QQQ,2016,-0.009688616242503893,1,1,1,1
2016-04-06,QQQ,2016,0.016306525988727293,0,1,-1,1
2016-04-07,QQQ,2016,-0.014471148463153075,1,1,0,0
2016-04-08,QQQ,2016,-0.0007337017006735863,1,1,-1,0
2016-04-11,QQQ,2016,-0.0036764540916714426,1,1,1,1
2016-04-12,QQQ,2016,0.008344484300792682,0,1,0,1
2016-04-13,QQQ,2016,0.012703084099764145,0,1,-1,1
2016-04-14,QQQ,2016,9.009765771762208e-05,0,1,1,1
2016-04-15,QQQ,2016,-0.0025275121218764417,-1,1,-1,1
2016-04-18,QQQ,2016,0.005318510740021122,-1,1,1,1
2016-04-19,QQQ,2016,-0.006132254801278334,-1,1,0,1
2016-04-20,QQQ,2016,0.0008137440612571615,-1,1,1,1
2016-04-21,QQQ,2016,9.053978537018155e-05,-1,1,1,1
2016-04-22,QQQ,2016,-0.015207843227663442,-1,1,1,1
2016-04-25,QQQ,2016,0.0,-1,1,1,1
2016-04-26,QQQ,2016,-0.004874757822879737,-1,1,1,1
2016-04-27,QQQ,2016,-0.008054678575000309,-1,1,1,1
2016-04-28,QQQ,2016,-0.012157624223424346,0,1,1,1
2016-04-29,QQQ,2016,-0.005283062995742815,0,1,0,1
2016-05-02,QQQ,2016,0.009414477724785254,0,1,0,1
2016-05-03,QQQ,2016,-0.009319957219522699,1,1,-1,1
2016-05-04,QQQ,2016,-0.006452125337447458,1,1,-1,1
2016-05-05,QQQ,2016,-0.00028573648695380554,1,1,1,1
2016-05-06,QQQ,2016,0.005318183554222481,0,1,0,1
2016-05-09,QQQ,2016,0.0028370342073691713,1,1,-1,1
2016-05-10,QQQ,2016,0.013602391792356554,-1,1,1,1
2016-05-11,QQQ,2016,-0.009078964442137705,0,1,1,1
2016-05-12,QQQ,2016,-0.004428972214982907,0,1,0,1
2016-05-13,QQQ,2016,-0.0036894449215913614,1,1,1,1
2016-05-16,QQQ,2016,0.012434082589602097,0,1,0,1
2016-05-17,QQQ,2016,-0.012623700143222652,1,1,1,-1
2016-05-18,QQQ,2016,0.0035959026215308804,1,1,-1,-1
2016-05-19,QQQ,2016,-0.005208949466814846,1,1,0,1
2016-05-20,QQQ,2016,0.010954913028300591,1,1,1,1
2016-05-23,QQQ,2016,-0.0013158940324816237,1,1,1,1
2016-05-24,QQQ,2016,0.019834341365651376,1,1,0,1
2016-05-25,QQQ,2016,0.007165486626743933,1,1,-1,1
2016-05-26,QQQ,2016,0.0029252261808091987,1,1,1,1
2016-05-27,QQQ,2016,0.0051889614962008866,0,1,1,1
2016-05-31,QQQ,2016,0.001905284183630891,0,1,-1,1
2016-06-01,QQQ,2016,9.026588658823581e-05,0,1,1,1
2016-06-02,QQQ,2016,0.0020821728963277123,0,1,1,1
2016-06-03,QQQ,2016,-0.0047137742104417365,-1,1,1,1
2016-06-06,QQQ,2016,0.0036279963240162002,-1,1,1,1
2016-06-07,QQQ,2016,-0.002538125426124234,-1,1,-1,1
2016-06-08,QQQ,2016,0.001723129062677338,-1,1,1,1
2016-06-09,QQQ,2016,-0.0016319136974824648,-1,1,1,1
2016-06-10,QQQ,2016,-0.011409025175055565,-1,1,1,1
2016-06-13,QQQ,2016,-0.008388479129687109,0,1,1,1
2016-06-14,QQQ,2016,0.0,0,1,1,1
2016-06-15,QQQ,2016,-0.002873562466057198,0,1,1,1
2016-06-16,QQQ,2016,0.002965986067923879,0,1,0,1
2016-06-17,QQQ,2016,-0.011790480121319565,-1,1,1,1
2016-06-20,QQQ,2016,0.0062721586766818285,-1,1,1,1
2016-06-21,QQQ,2016,0.0031675936720290485,-1,1,1,1
2016-06-22,QQQ,2016,-0.002421374328092305,-1,1,1,1
2016-06-23,QQQ,2016,0.014166370296803388,-1,1,1,1
2016-06-24,QQQ,2016,-0.04206029370610505,1,1,1,1
2016-06-27,QQQ,2016,-0.02004806980869937,1,1,1,1
2016-06-28,QQQ,2016,0.02167701833642407,1,1,1,1
2016-06-29,QQQ,2016,0.01755490189402278,1,1,1,1
2016-06-30,QQQ,2016,0.011503674687065878,1,1,0,1
2016-07-01,QQQ,2016,0.005008718737537796,1,1,1,1
2016-07-05,QQQ,2016,-0.0061253600904435015,1,1,1,1
2016-07-06,QQQ,2016,0.008158912774160913,1,1,0,1
2016-07-07,QQQ,2016,0.002950128495284059,1,1,1,1
2016-07-08,QQQ,2016,0.015348630615814094,1,1,1,1
2016-07-11,QQQ,2016,0.005695438501516914,1,1,1,1
2016-07-12,QQQ,2016,0.005035416954495363,1,1,1,1
2016-07-13,QQQ,2016,-0.0024247393322057134,1,1,1,1
2016-07-14,QQQ,2016,0.006810198735434941,1,1,1,1
2016-07-15,QQQ,2016,-0.001608836207727803,1,1,1,0
2016-07-18,QQQ,2016,0.006597082791154145,1,1,1,0
2016-07-19,QQQ,2016,-0.0036494876772194245,1,1,1,0
2016-07-20,QQQ,2016,0.01161532270881114,1,1,1,0
2016-07-21,QQQ,2016,-0.002294944256195192,1,1,1,0
2016-07-22,QQQ,2016,0.004144021351869743,1,1,1,0
2016-07-25,QQQ,2016,8.819556977637108e-05,1,1,1,0
2016-07-26,QQQ,2016,0.0011429610402388418,1,1,1,0
2016-07-27,QQQ,2016,0.006918597477200258,1,1,1,0
2016-07-28,QQQ,2016,0.0034851282436812393,1,1,1,0
2016-07-29,QQQ,2016,0.002172000063444589,1,1,1,0
2016-08-01,QQQ,2016,0.005279589795495793,1,1,1,1
2016-08-02,QQQ,2016,-0.007625750128999644,1,1,1,0
2016-08-03,QQQ,2016,0.0033000416315194176,1,1,1,0
2016-08-04,QQQ,2016,0.0028569742074544702,1,1,1,0
2016-08-05,QQQ,2016,0.009550586829221941,0,1,-1,0
2016-08-08,QQQ,2016,-0.0011136106288796822,1,1,-1,1
2016-08-09,QQQ,2016,0.0023119286770729177,0,1,-1,1
2016-08-10,QQQ,2016,-0.0025694748550748334,1,1,1,1
2016-08-11,QQQ,2016,0.004278332121289794,0,1,-1,1
2016-08-12,QQQ,2016,0.0006827121375391123,0,1,1,1
2016-08-15,QQQ,2016,0.00425755201890715,0,1,-1,1
2016-08-16,QQQ,2016,-0.005538011129104324,1,1,1,1
2016-08-17,QQQ,2016,0.0017925187105594421,0,1,1,1
2016-08-18,QQQ,2016,0.00025586179865706536,-1,1,-1,1
2016-08-19,QQQ,2016,-0.00025586179865711074,0,1,1,1
2016-08-22,QQQ,2016,0.0007672497388025009,0,1,1,1
2016-08-23,QQQ,2016,0.00178800978770013,-1,1,1,1
2016-08-24,QQQ,2016,-0.006486110346495281,0,1,1,1
2016-08-25,QQQ,2016,-0.0016277893053653558,0,1,1,1
2016-08-26,QQQ,2016,0.0014566930730482595,0,1,1,-1
2016-08-29,QQQ,2016,0.0013689996425836652,1,1,-1,-1
2016-08-30,QQQ,2016,-0.003254816577748156,1,1,1,-1
2016-08-31,QQQ,2016,-0.0010299049127409318,1,1,1,-1
2016-09-01,QQQ,2016,0.0025732314266394747,-1,1,1,-1
2016-09-02,QQQ,2016,0.0032496657356742486,-1,1,1,-1
2016-09-06,QQQ,2016,0.006213794923661267,-1,1,1,-1
2016-09-07,QQQ,2016,0.0005937597695979222,-1,1,1,-1
2016-09-08,QQQ,2016,-0.005868640492153742,0,1,-1,-1
2016-09-09,QQQ,2016,-0.025486393135727235,1,1,1,-1
2016-09-12,QQQ,2016,0.01777936456911968,0,1,1,-1
2016-09-13,QQQ,2016,-0.008980401058878665,1,1,1,-1
2016-09-14,QQQ,2016,0.00475948757077633,1,1,1,1
2016-09-15,QQQ,2016,0.015419286227731897,1,1,0,1
2016-09-16,QQQ,2016,-0.00047730637168899115,1,1,-1,1
2016-09-19,QQQ,2016,-0.004357718929213909,0,1,0,1
2016-09-20,QQQ,2016,0.0018819589322404964,1,1,-1,1
2016-09-21,QQQ,2016,0.009781159957835234,0,1,1,1
2016-09-22,QQQ,2016,0.007924325042312755,-1,1,-1,1
2016-09-23,QQQ,2016,-0.006401901667630881,0,1,-1,1
2016-09-26,QQQ,2016,-0.008401740363882734,1,1,-1,1
2016-09-27,QQQ,2016,0.009837268397591085,0,1,1,1
2016-09-28,QQQ,2016,0.001686210292265646,0,1,1,1
2016-09-29,QQQ,2016,-0.007271289379677074,0,1,1,1
2016-09-30,QQQ,2016,0.007439747262891104,0,1,1,1
2016-10-03,QQQ,2016,-0.0014327973714381547,1,1,1,1
2016-10-04,QQQ,2016,-0.00151966500373656,-1,1,1,1
2016-10-05,QQQ,2016,0.0035419789014910492,-1,1,1,1
2016-10-06,QQQ,2016,-0.0005050234626657948,-1,1,1,1
2016-10-07,QQQ,2016,-0.0021924655539542156,-1,1,1,1
2016-10-10,QQQ,2016,0.006310838704372417,-1,1,1,1
2016-10-11,QQQ,2016,-0.014362155714907782,0,1,0,1
2016-10-12,QQQ,2016,-0.0008511805783796912,0,1,1,1
2016-10-13,QQQ,2016,-0.0035833094624865168,0,1,1,1
2016-10-14,QQQ,2016,0.0011957244874599526,1,1,1,1
2016-10-17,QQQ,2016,-0.0027353280329647208,1,1,1,1
2016-10-18,QQQ,2016,0.00886304618256195,1,1,1,1
2016-10-19,QQQ,2016,-8.449398092676949e-05,1,1,-1,1
2016-10-20,QQQ,2016,-0.0011887238214115593,0,1,1,1
2016-10-21,QQQ,2016,0.0037309351231164622,-1,1,1,1
2016-10-24,QQQ,2016,0.011946928559723197,-1,1,-1,1
2016-10-25,QQQ,2016,-0.003183011845729371,-1,1,-1,1
2016-10-26,QQQ,2016,-0.006819085514751786,-1,1,-1,1
2016-10-27,QQQ,2016,-0.004571958878263121,-1,1,0,1
2016-10-28,QQQ,2016,-0.006299588550105394,-1,1,0,1
2016-10-31,QQQ,2016,-0.000939837643395113,-1,1,-1,1
2016-11-01,QQQ,2016,-0.007550459409213245,0,1,0,1
2016-11-02,QQQ,2016,-0.00804207284516154,1,1,0,1
2016-11-03,QQQ,2016,-0.00985914659575547,1,1,1,1
2016-11-04,QQQ,2016,-0.00351355648862493,1,1,1,1
2016-11-07,QQQ,2016,0.023479824476654955,-1,1,1,1
2016-11-08,QQQ,2016,0.006510492564022285,0,1,0,1
2016-11-09,QQQ,2016,0.004600740219165432,0,1,1,1
2016-11-10,QQQ,2016,-0.016281660654041036,0,1,1,1
2016-11-11,QQQ,2016,0.00043196195010861236,1,1,1,1
2016-11-14,QQQ,2016,-0.01015501613632863,1,1,1,1
2016-11-15,QQQ,2016,0.01377539084513504,1,1,1,1
2016-11-16,QQQ,2016,0.0059194602733271635,1,1,1,1
2016-11-17,QQQ,2016,0.007244431313987605,1,1,-1,1
2016-11-18,QQQ,2016,-0.003743661356324731,1,1,1,1
2016-11-21,QQQ,2016,0.010345164162628621,0,1,-1,1
2016-11-22,QQQ,2016,0.0030324693961826564,-1,1,1,1
2016-11-23,QQQ,2016,-0.0040452476762389096,-1,1,1,1
2016-11-25,QQQ,2016,0.0032038819132157526,-1,1,-1,1
2016-11-28,QQQ,2016,-0.0022751816972834548,-1,1,1,1
2016-11-29,QQQ,2016,0.003453142504262856,-1,1,1,1
2016-11-30,QQQ,2016,-0.012181320378766678,0,1,1,1
2016-12-01,QQQ,2016,-0.01742719588203508,1,1,0,1
2016-12-02,QQQ,2016,0.0019897131253759077,1,1,-1,1
2016-12-05,QQQ,2016,0.0077486354849696125,1,1,1,1
2016-12-06,QQQ,2016,0.002398558899449175,1,1,-1,1
2016-12-07,QQQ,2016,0.012582957533260398,1,1,0,1
2016-12-08,QQQ,2016,0.0017728790975593382,1,1,1,1
2016-12-09,QQQ,2016,0.007812832801938323,1,1,-1,1
2016-12-12,QQQ,2016,-0.004529216983332623,1,1,-1,1
2016-12-13,QQQ,2016,0.012530393763566475,0,1,0,1
2016-12-14,QQQ,2016,-0.0020776275397650667,0,1,-1,1
2016-12-15,QQQ,2016,0.001579539479893179,0,1,-1,1
2016-12-16,QQQ,2016,-0.0037139114008310726,0,1,1,1
2016-12-19,QQQ,2016,0.004088702599995659,0,1,1,1
2016-12-20,QQQ,2016,0.0038231784425652978,-1,1,-1,1
2016-12-21,QQQ,2016,-0.0007469960076377301,-1,1,-1,1
2016-12-22,QQQ,2016,-0.002826219129214222,-1,1,1,1
2016-12-23,QQQ,2016,0.0006656997562434475,-1,1,1,1
2016-12-27,QQQ,2016,0.005144690085989566,0,1,1,1
2016-12-28,QQQ,2016,-0.007810830496360816,1,1,1,1
2016-12-29,QQQ,2016,-0.0014188123755253922,1,1,1,1
2016-12-30,QQQ,2016,-0.010328128367113786,1,1,0,1
2017-01-03,QQQ,2017,0.008906687886134006,1,1,-1,1
2017-01-04,QQQ,2017,0.005423179657357716,1,1,-1,1
2017-01-05,QQQ,2017,0.005641733837264901,1,1,-1,1
2017-01-06,QQQ,2017,0.008731471573830819,1,1,0,1
2017-01-09,QQQ,2017,0.003275211643173212,1,1,-1,1
2017-01-10,QQQ,2017,0.0022045252572762074,0,1,1,1
2017-01-11,QQQ,2017,0.0026879688072166666,0,1,1,1
2017-01-12,QQQ,2017,-0.0015466154153869118,0,1,1,1
2017-01-13,QQQ,2017,0.0034163308285540942,0,1,-1,1
2017-01-17,QQQ,2017,-0.0030090390347879714,1,1,-1,1
2017-01-18,QQQ,2017,0.002033842201500229,1,1,-1,1
2017-01-19,QQQ,2017,-0.0004875916099165999,1,1,-1,1
2017-01-20,QQQ,2017,0.0021930181699839776,1,1,-1,1
2017-01-23,QQQ,2017,0.0008112468627912734,1,1,-1,1
2017-01-24,QQQ,2017,0.006706150377620313,0,1,-1,1
2017-01-25,QQQ,2017,0.010015552352883374,0,1,-1,1
2017-01-26,QQQ,2017,0.00103589642433779,0,1,-1,1
2017-01-27,QQQ,2017,0.001909644313534637,0,1,-1,1
2017-01-30,QQQ,2017,-0.007820412552825411,1,1,1,1
2017-01-31,QQQ,2017,-0.0020050699161538467,1,1,1,1
2017-02-01,QQQ,2017,0.00687994173110689,1,1,1,1
2017-02-02,QQQ,2017,-0.0008774664956735201,1,1,1,1
2017-02-03,QQQ,2017,0.0028686732697780016,1,1,-1,1
2017-02-06,QQQ,2017,0.0011928883087710784,1,1,-1,1
2017-02-07,QQQ,2017,0.0036490938474225826,1,1,1,1
2017-02-08,QQQ,2017,0.0016611887811756878,1,1,1,1
2017-02-09,QQQ,2017,0.003629994665743254,1,1,1,1
2017-02-10,QQQ,2017,0.0033026438357633505,1,1,1,1
2017-02-13,QQQ,2017,0.005636557697126467,1,1,-1,0
2017-02-14,QQQ,2017,0.0033510575323550482,1,1,0,0
2017-02-15,QQQ,2017,0.0058954390018887345,1,1,0,0
2017-02-16,QQQ,2017,-0.0003091100297792227,1,1,0,1
2017-02-17,QQQ,2017,0.004322941328093602,1,1,0,1
2017-02-21,QQQ,2017,0.004918334654683712,-1,1,-1,1
2017-02-22,QQQ,2017,0.0003833488060783783,1,1,-1,1
2017-02-23,QQQ,2017,-0.0037623070225520834,0,1,0,1
2017-02-24,QQQ,2017,0.0019215028109102264,1,1,0,1
2017-02-27,QQQ,2017,0.0012275376712102884,0,1,-1,1
2017-02-28,QQQ,2017,-0.0030719243164606313,0,1,0,1
2017-03-01,QQQ,2017,0.010862468826986101,0,1,0,1
2017-03-02,QQQ,2017,-0.005033957442776937,0,1,0,1
2017-03-03,QQQ,2017,0.0018333673868414233,0,1,0,1
2017-03-06,QQQ,2017,-0.002215646470709985,1,1,0,1
2017-03-07,QQQ,2017,-0.0016844640813803438,1,1,0,1
2017-03-08,QQQ,2017,0.0017605335312697494,1,1,0,1
2017-03-09,QQQ,2017,0.00076497545382728,1,1,0,1
2017-03-10,QQQ,2017,0.00419477055632994,1,1,0,1
2017-03-13,QQQ,2017,0.0016729442550397142,1,1,-1,1
2017-03-14,QQQ,2017,-0.002434406632616391,-1,1,-1,1
2017-03-15,QQQ,2017,0.006150319250138985,-1,1,0,1
2017-03-16,QQQ,2017,-0.0006815380312995172,-1,1,-1,1
2017-03-17,QQQ,2017,-0.0003489538259345973,-1,1,-1,1
2017-03-20,QQQ,2017,0.000910757561344393,-1,1,-1,1
2017-03-21,QQQ,2017,-0.015289598381885166,1,1,0,1
2017-03-22,QQQ,2017,0.006756204066518565,1,1,0,1
2017-03-23,QQQ,2017,-0.0025281369971072373,1,1,0,1
2017-03-24,QQQ,2017,0.0020689903998938083,1,1,0,1
2017-03-27,QQQ,2017,0.0016064327288991228,1,1,0,1
2017-03-28,QQQ,2017,0.0060955771247415596,0,1,1,1
2017-03-29,QQQ,2017,0.004623203491573094,0,1,1,1
2017-03-30,QQQ,2017,0.001662057920332609,-1,1,1,1
2017-03-31,QQQ,2017,-0.0006798775599923022,-1,1,1,1
2017-04-03,QQQ,2017,-0.0006042195851753229,0,1,1,1
2017-04-04,QQQ,2017,0.0015860485990583215,-1,1,1,1
2017-04-05,QQQ,2017,-0.004083565769276857,0,1,1,1
2017-04-06,QQQ,2017,0.0005303257853365538,-1,1,1,1
2017-04-07,QQQ,2017,-0.0005303257853365832,0,1,1,1
2017-04-10,QQQ,2017,0.00037851671881085526,-1,1,1,1
2017-04-11,QQQ,2017,-0.004326706323765538,0,1,1,1
2017-04-12,QQQ,2017,-0.004039764971536142,1,1,1,1
2017-04-13,QQQ,2017,-0.003980352562004877,1,1,1,1
2017-04-17,QQQ,2017,0.008248562853036502,1,1,1,1
2017-04-18,QQQ,2017,-0.0015224513828799046,1,1,1,1
2017-04-19,QQQ,2017,0.0015985470846481904,1,1,1,1
2017-04-20,QQQ,2017,0.00833047666485964,1,1,1,1
2017-04-21,QQQ,2017,-0.00022604298689528636,1,1,-1,1
2017-04-24,QQQ,2017,0.01199776560484939,1,1,1,1
2017-04-25,QQQ,2017,0.00720422531743965,1,1,1,1
2017-04-26,QQQ,2017,-0.0014071478401440534,1,1,1,1
2017-04-27,QQQ,2017,0.005984565095630088,1,1,1,1
2017-04-28,QQQ,2017,0.0017666399277783175,1,1,-1,1
2017-05-01,QQQ,2017,0.008858371952492653,0,1,1,1
2017-05-02,QQQ,2017,0.0016750066321204473,1,1,1,1
2017-05-03,QQQ,2017,-0.003206737423033259,1,1,1,-1
2017-05-04,QQQ,2017,0.0003648260797296675,1,1,1,0
2017-05-05,QQQ,2017,0.0036420210262700895,1,1,1,0
2017-05-08,QQQ,2017,0.002178933345471058,1,1,-1,-1
2017-05-09,QQQ,2017,0.00347614299091977,1,1,-1,-1
2017-05-10,QQQ,2017,0.0005779301125845551,-1,1,-1,-1
2017-05-11,QQQ,2017,-0.0007951361271231612,-1,1,0,-1
2017-05-12,QQQ,2017,0.002239145856731914,-1,1,-1,-1
2017-05-15,QQQ,2017,0.0031696640651094742,0,1,-1,-1
2017-05-16,QQQ,2017,0.0041626060001323795,-1,1,-1,-1
2017-05-17,QQQ,2017,-0.025754825960009057,1,1,0,-1
2017-05-18,QQQ,2017,0.00870729235622975,1,1,0,1
2017-05-19,QQQ,2017,0.004217180705424385,1,1,0,1
2017-05-22,QQQ,2017,0.008380445607377033,1,1,0,1
2017-05-23,QQQ,2017,0.0010061850532419848,1,1,-1,1
2017-05-24,QQQ,2017,0.004589308918498722,1,1,-1,1
2017-05-25,QQQ,2017,0.008477507125332488,1,1,0,1
2017-05-26,QQQ,2017,0.001771498190932405,1,1,-1,1
2017-05-30,QQQ,2017,0.0008494950897535486,1,1,-1,1
2017-05-31,QQQ,2017,-0.00035395474158971213,1,1,0,1
2017-06-01,QQQ,2017,0.0038852555175809315,1,1,0,1
2017-06-02,QQQ,2017,0.011356515858131612,-1,1,0,1
2017-06-05,QQQ,2017,-0.00020885726865277045,-1,1,-1,1
2017-06-06,QQQ,2017,-0.003982051699485378,-1,1,0,1
2017-06-07,QQQ,2017,0.003911894834364094,-1,1,0,1
2017-06-08,QQQ,2017,0.0010456192310125823,-1,1,0,1
2017-06-09,QQQ,2017,-0.02532304270949873,0,1,0,1
2017-06-12,QQQ,2017,-0.00537250630051889,1,1,0,1
2017-06-13,QQQ,2017,0.00808312543297581,0,1,-1,1
2017-06-14,QQQ,2017,-0.0043554356432986465,0,1,0,0
2017-06-15,QQQ,2017,-0.0044462252955696675,1,1,1,1
2017-06-16,QQQ,2017,-0.004347863432683717,1,1,1,1
2017-06-19,QQQ,2017,0.016582724434497008,0,1,-1,1
2017-06-20,QQQ,2017,-0.007862614475532098,-1,1,-1,1
2017-06-21,QQQ,2017,0.009853780080013114,0,1,1,1
2017-06-22,QQQ,2017,-0.00028443967387926624,-1,1,1,1
2017-06-23,QQQ,2017,0.003830662160273703,-1,1,1,1
2017-06-26,QQQ,2017,-0.004683430746289726,-1,1,0,1
2017-06-27,QQQ,2017,-0.0183057836694919,0,1,0,1
2017-06-28,QQQ,2017,0.014314241351304402,-1,1,1,1
2017-06-29,QQQ,2017,-0.017507387051799973,0,1,0,1
2017-06-30,QQQ,2017,0.0003635424267642071,1,1,1,1
2017-07-03,QQQ,2017,-0.010590582233232514,1,1,0,1
2017-07-05,QQQ,2017,0.00979110864797752,1,1,1,1
2017-07-06,QQQ,2017,-0.009057160957925105,1,1,1,1
2017-07-07,QQQ,2017,0.010728080567445114,1,1,1,1
2017-07-10,QQQ,2017,0.0065118673749361726,1,1,1,1
2017-07-11,QQQ,2017,0.0028088175672247476,1,1,1,1
2017-07-12,QQQ,2017,0.011796024562813293,1,1,1,1
2017-07-13,QQQ,2017,0.0022008307182753853,1,1,1,1
2017-07-14,QQQ,2017,0.00784146649736349,1,1,1,1
2017-07-17,QQQ,2017,0.0004922036825186791,1,1,1,1
2017-07-18,QQQ,2017,0.006658857172616048,1,1,1,1
2017-07-19,QQQ,2017,0.00585158690929568,1,1,1,1
2017-07-20,QQQ,2017,0.0013185308264160552,0,1,1,1
2017-07-21,QQQ,2017,-0.000416480015569167,0,1,1,1
2017-07-24,QQQ,2017,0.004569531829990319,-1,1,1,1
2017-07-25,QQQ,2017,-0.0025588038703149023,-1,1,1,1
2017-07-26,QQQ,2017,0.0032492681483390173,-1,1,1,1
2017-07-27,QQQ,2017,-0.006301449715260078,0,1,0,1
2017-07-28,QQQ,2017,-0.0008335619428226182,0,1,1,1
2017-07-31,QQQ,2017,-0.00425013104236627,1,1,1,1
2017-08-01,QQQ,2017,0.0023016951971693723,1,1,1,1
2017-08-02,QQQ,2017,0.0027129637251914612,0,1,1,1
2017-08-03,QQQ,2017,-0.00389825303441406,-1,1,1,1
2017-08-04,QQQ,2017,0.0018120547843807032,-1,1,1,1
2017-08-07,QQQ,2017,0.006314442796760521,-1,1,1,1
2017-08-08,QQQ,2017,-0.0017307623466114013,0,1,1,1
2017-08-09,QQQ,2017,-0.0013170263419543323,0,1,1,1
2017-08-10,QQQ,2017,-0.021673929055135512,0,1,0,1
2017-08-11,QQQ,2017,0.007558604430737196,0,1,1,1
2017-08-14,QQQ,2017,0.01279566181385046,-1,1,1,1
2017-08-15,QQQ,2017,0.0006943801856923506,-1,1,1,1
2017-08-16,QQQ,2017,0.0017347974531022013,-1,1,-1,1
2017-08-17,QQQ,2017,-0.020658529947615523,0,1,1,1
2017-08-18,QQQ,2017,-0.0007077648674030722,0,1,1,1
2017-08-21,QQQ,2017,-0.0012753093286702092,1,1,-1,1
2017-08-22,QQQ,2017,0.015127446027540181,0,1,0,1
2017-08-23,QQQ,2017,-0.003567924115214574,1,1,-1,1
2017-08-24,QQQ,2017,-0.0029470560928599693,1,1,1,-1
2017-08-25,QQQ,2017,-0.0021112008268030493,1,1,1,-1
2017-08-28,QQQ,2017,0.0030943287671914765,1,1,-1,-1
2017-08-29,QQQ,2017,0.003924912513665929,1,1,0,-1
2017-08-30,QQQ,2017,0.011681803108946247,0,1,1,-1
2017-08-31,QQQ,2017,0.010658552974396955,-1,1,1,-1
2017-09-01,QQQ,2017,-0.001369051934477391,0,1,1,-1
2017-09-05,QQQ,2017,-0.009013051325967048,0,1,0,-1
2017-09-06,QQQ,2017,0.0030364711206824872,1,1,1,-1
2017-09-07,QQQ,2017,0.00234046981823666,0,1,1,-1
2017-09-08,QQQ,2017,-0.008699616704720494,1,1,1,1
2017-09-11,QQQ,2017,0.011445247725146336,0,1,1,1
2017-09-12,QQQ,2017,0.0023966876776828423,0,1,1,1
2017-09-13,QQQ,2017,0.001366550655068275,-1,1,1,1
2017-09-14,QQQ,2017,-0.005890886775166209,-1,1,1,1
2017-09-15,QQQ,2017,0.003429106714912519,-1,1,1,1
2017-09-18,QQQ,2017,-0.00131144447711042,-1,1,1,1
2017-09-19,QQQ,2017,0.0017162730885774658,-1,1,1,1
2017-09-20,QQQ,2017,-0.0030906599912476594,0,1,1,1
2017-09-21,QQQ,2017,-0.006142262773924644,0,1,1,1
2017-09-22,QQQ,2017,-0.000969401843622412,1,1,1,1
2017-09-25,QQQ,2017,-0.01058826168787597,1,1,1,1
2017-09-26,QQQ,2017,0.0025878846570202086,1,1,-1,1
2017-09-27,QQQ,2017,0.008969778874478357,1,1,1,1
2017-09-28,QQQ,2017,-0.0003460671349983821,1,1,1,1
2017-09-29,QQQ,2017,0.007175759477659428,1,1,-1,1
2017-10-02,QQQ,2017,0.0008932076969761165,1,1,1,1
2017-10-03,QQQ,2017,0.0021269215534857502,1,1,-1,1
2017-10-04,QQQ,2017,0.0009599705443390386,1,1,-1,1
2017-10-05,QQQ,2017,0.009744653819403818,0,1,-1,1
2017-10-06,QQQ,2017,0.0013549531018882466,1,1,-1,1
2017-10-09,QQQ,2017,-0.0011515930611067215,1,1,-1,1
2017-10-10,QQQ,2017,0.0007455186995052266,1,1,-1,1
2017-10-11,QQQ,2017,0.0029763110322601673,1,1,-1,1
2017-10-12,QQQ,2017,-0.0018254664003651221,1,1,-1,1
2017-10-13,QQQ,2017,0.0038501278921109013,0,1,-1,1
2017-10-16,QQQ,2017,0.003432153998585544,-1,1,1,1
2017-10-17,QQQ,2017,0.0012753445521688474,-1,1,-1,1
2017-10-18,QQQ,2017,-0.0012082947904795977,-1,1,-1,1
2017-10-19,QQQ,2017,-0.00370161621472145,-1,1,0,1
2017-10-20,QQQ,2017,0.002693334029140725,1,1,-1,1
2017-10-23,QQQ,2017,-0.006544024189388445,1,1,0,1
2017-10-24,QQQ,2017,0.0016906350197829338,1,1,0,1
2017-10-25,QQQ,2017,-0.003791332791025854,1,1,1,1
2017-10-26,QQQ,2017,-0.003192586455335874,1,1,1,1
2017-10-27,QQQ,2017,0.02870713978365536,1,1,1,1
2017-10-30,QQQ,2017,0.002245810477197823,1,1,1,1
2017-10-31,QQQ,2017,0.003753216338212541,1,1,1,1
2017-11-01,QQQ,2017,-0.00032857330529767584,1,1,1,1
2017-11-02,QQQ,2017,-0.0019084953899100104,1,1,1,1
2017-11-03,QQQ,2017,0.009571381104036167,0,1,1,1
2017-11-06,QQQ,2017,0.003386735778684228,0,1,1,1
2017-11-07,QQQ,2017,0.0005848578673958982,-1,1,1,1
2017-11-08,QQQ,2017,0.004021320810149597,-1,1,0,1
2017-11-09,QQQ,2017,-0.005256317103030532,0,1,0,1
2017-11-10,QQQ,2017,-6.50476048340087e-05,0,1,1,1
2017-11-13,QQQ,2017,0.0012352864968109734,0,1,-1,1
2017-11-14,QQQ,2017,-0.0036461860109220823,1,1,0,1
2017-11-15,QQQ,2017,-0.00470710495637558,1,1,1,1
2017-11-16,QQQ,2017,0.012698049133377626,1,1,1,1
2017-11-17,QQQ,2017,-0.0038251378717367368,1,1,1,1
2017-11-20,QQQ,2017,-0.0007797417004949506,1,1,1,1
2017-11-21,QQQ,2017,0.010797881954301166,-1,1,1,1
2017-11-22,QQQ,2017,0.0012211487008625093,-1,1,-1,1
2017-11-24,QQQ,2017,0.0036541108772717595,-1,1,-1,1
2017-11-27,QQQ,2017,-0.0004477235308120431,-1,1,-1,1
2017-11-28,QQQ,2017,0.0025577281238753006,-1,1,1,1
2017-11-29,QQQ,2017,-0.017587996244995508,0,1,1,1
2017-11-30,QQQ,2017,0.008349166762934644,-1,1,1,1
2017-12-01,QQQ,2017,-0.004262614531367303,0,1,0,1
2017-12-04,QQQ,2017,-0.01158847900757849,1,1,0,1
2017-12-05,QQQ,2017,0.0006540977308443323,1,1,0,1
2017-12-06,QQQ,2017,0.00450551222590537,1,1,0,1
2017-12-07,QQQ,2017,0.0033817744394000018,1,1,-1,1
2017-12-08,QQQ,2017,0.004405262817573088,1,1,-1,1
2017-12-11,QQQ,2017,0.0077271783257078916,1,1,-1,1
2017-12-12,QQQ,2017,-0.0013480179887590902,1,1,-1,1
2017-12-13,QQQ,2017,0.0019252729184458044,1,1,-1,1
2017-12-14,QQQ,2017,-0.0007055099979061453,1,1,-1,1
2017-12-15,QQQ,2017,0.011290432130242521,0,1,1,1
2017-12-18,QQQ,2017,0.008349519668943923,-1,1,1,1
2017-12-19,QQQ,2017,-0.005943082285806797,-1,1,-1,1
2017-12-20,QQQ,2017,-0.001078850179910557,0,1,-1,1
2017-12-21,QQQ,2017,0.00012685159873542182,-1,1,-1,1
2017-12-22,QQQ,2017,-0.0011430633743010016,1,1,-1,1
2017-12-26,QQQ,2017,-0.005415442881076507,1,1,-1,1
2017-12-27,QQQ,2017,0.00012746413518334093,1,1,-1,1
2017-12-28,QQQ,2017,0.0012128760175074073,1,1,-1,1
2017-12-29,QQQ,2017,-0.006207954757788747,1,1,-1,1
2018-01-02,QQQ,2018,0.017375355275363883,1,1,0,1
2018-01-03,QQQ,2018,0.00966974366933663,1,1,-1,1
2018-01-04,QQQ,2018,0.0017477677401064424,1,1,-1,1
2018-01-05,QQQ,2018,0.009993251134782293,1,1,-1,1
2018-01-08,QQQ,2018,0.003883171723780757,1,1,1,1
2018-01-09,QQQ,2018,6.166730550122553e-05,1,1,1,1
2018-01-10,QQQ,2018,-0.002340470252058789,1,1,1,1
2018-01-11,QQQ,2018,0.006820592839192241,1,1,1,1
2018-01-12,QQQ,2018,0.007322132533767678,1,1,1,1
2018-01-16,QQQ,2018,-0.0028612058917265133,1,1,0,1
2018-01-17,QQQ,2018,0.01073338115637518,1,1,0,1
2018-01-18,QQQ,2018,0.0001808896812619435,1,1,1,1
2018-01-19,QQQ,2018,0.003130879198117015,1,1,1,1
2018-01-22,QQQ,2018,0.010644579515430007,1,1,1,1
2018-01-23,QQQ,2018,0.008233705786835218,-1,1,1,1
2018-01-24,QQQ,2018,-0.006510254727417745,0,1,0,1
2018-01-25,QQQ,2018,-0.0003564380998850754,0,1,0,1
2018-01-26,QQQ,2018,0.015209110879813952,-1,1,1,1
2018-01-29,QQQ,2018,-0.004867833906125234,-1,1,1,1
2018-01-30,QQQ,2018,-0.008264352988341023,-1,1,-1,1
2018-01-31,QQQ,2018,0.004140666342431834,-1,1,1,1
2018-02-01,QQQ,2018,-0.008536772310543748,-1,1,1,1
2018-02-02,QQQ,2018,-0.020146885705815003,-1,1,0,1
2018-02-05,QQQ,2018,-0.040225081511307915,0,1,0,1
2018-02-06,QQQ,2018,0.026154305964594435,0,1,0,1
2018-02-07,QQQ,2018,-0.013023034532021235,1,1,0,1
2018-02-08,QQQ,2018,-0.04311063194552665,1,1,0,1
2018-02-09,QQQ,2018,0.0171223646294906,1,1,0,1
2018-02-12,QQQ,2018,0.017589241932963014,1,1,1,1
2018-02-13,QQQ,2018,0.005148359002198199,1,1,1,1
2018-02-14,QQQ,2018,0.018550680392425467,0,1,0,1
2018-02-15,QQQ,2018,0.018393636948272514,1,1,1,1
2018-02-16,QQQ,2018,-0.004475973973529151,1,1,1,1
2018-02-20,QQQ,2018,0.0019985666207166367,1,1,1,1
2018-02-21,QQQ,2018,-0.0028474352696162383,1,1,1,1
2018-02-22,QQQ,2018,-0.00012125594181194265,0,1,1,1
2018-02-23,QQQ,2018,0.02024253564873344,-1,1,1,1
2018-02-26,QQQ,2018,0.013173209213119711,-1,1,-1,1
2018-02-27,QQQ,2018,-0.012459984683427615,0,1,1,1
2018-02-28,QQQ,2018,-0.006437889847767052,0,1,1,1
2018-03-01,QQQ,2018,-0.016461535409847836,1,1,0,1
2018-03-02,QQQ,2018,0.009138363431164283,1,1,1,1
2018-03-05,QQQ,2018,0.011023707451264735,1,1,1,1
2018-03-06,QQQ,2018,0.004221854031179025,1,1,-1,1
2018-03-07,QQQ,2018,0.002311210471018946,1,1,1,1
2018-03-08,QQQ,2018,0.0054904635410510045,1,1,-1,1
2018-03-09,QQQ,2018,0.019241095644582495,-1,1,1,1
2018-03-12,QQQ,2018,0.005298839061417272,-1,1,-1,1
2018-03-13,QQQ,2018,-0.013707752489494227,-1,1,1,1
2018-03-14,QQQ,2018,-0.00017496585910675534,-1,1,-1,1
2018-03-15,QQQ,2018,-0.0008737854877395336,-1,1,-1,1
2018-03-16,QQQ,2018,-0.0029776689467587826,-1,1,1,-1
2018-03-19,QQQ,2018,-0.021567225064234977,-1,1,1,-1
2018-03-20,QQQ,2018,0.003286197699742249,-1,1,-1,-1
2018-03-21,QQQ,2018,-0.004363597398927778,-1,1,1,-1
2018-03-22,QQQ,2018,-0.024992516917523907,-1,1,0,-1
2018-03-23,QQQ,2018,-0.026704853749069682,0,1,0,-1
2018-03-26,QQQ,2018,0.0364847351527968,-1,1,0,-1
2018-03-27,QQQ,2018,-0.03289492675604076,0,1,0,1
2018-03-28,QQQ,2018,-0.011570533565141086,1,1,0,1
2018-03-29,QQQ,2018,0.018149078526687974,-1,1,0,1
2018-04-02,QQQ,2018,-0.02927588793364134,0,1,0,1
2018-04-03,QQQ,2018,0.011190758810616324,1,1,1,1
2018-04-04,QQQ,2018,0.015646675498033755,0,1,0,1
2018-04-05,QQQ,2018,0.005680670108872479,1,1,1,1
2018-04-06,QQQ,2018,-0.025341565962498872,1,1,0,1
2018-04-09,QQQ,2018,0.006998100972921502,1,1,1,1
2018-04-10,QQQ,2018,0.02182345880726887,1,1,1,1
2018-04-11,QQQ,2018,-0.005785855019180923,1,1,1,1
2018-04-12,QQQ,2018,0.011969614418000037,1,1,-1,1
2018-04-13,QQQ,2018,-0.005192151571254281,0,1,1,1
2018-04-16,QQQ,2018,0.007593518684161748,0,1,-1,1
2018-04-17,QQQ,2018,0.021296921678246317,-1,1,1,1
2018-04-18,QQQ,2018,0.002044587174127481,-1,1,-1,1
2018-04-19,QQQ,2018,-0.009234816289546605,-1,1,-1,1
2018-04-20,QQQ,2018,-0.015953622395771198,0,1,1,1
2018-04-23,QQQ,2018,-0.00252904720842014,0,1,1,1
2018-04-24,QQQ,2018,-0.02141515121792608,1,1,0,1
2018-04-25,QQQ,2018,0.0011983791604897103,1,1,1,1
2018-04-26,QQQ,2018,0.020834188322211147,0,1,1,1
2018-04-27,QQQ,2018,0.0006169360301563903,1,1,1,1
2018-04-30,QQQ,2018,-0.0071199976620263,1,1,1,1
2018-05-01,QQQ,2018,0.01136802655541208,1,1,1,1
2018-05-02,QQQ,2018,-0.005915217118348484,1,1,-1,1
2018-05-03,QQQ,2018,-0.0001232046025786542,1,1,1,1
2018-05-04,QQQ,2018,0.018796220590596456,1,1,1,1
2018-05-07,QQQ,2018,0.00827503981296476,1,1,-1,1
2018-05-08,QQQ,2018,-0.0010230977413226677,1,1,-1,1
2018-05-09,QQQ,2018,0.010840248763976297,0,1,1,1
2018-05-10,QQQ,2018,0.010310966063601379,-1,1,-1,1
2018-05-11,QQQ,2018,-0.0009437348205987846,-1,1,-1,1
2018-05-14,QQQ,2018,0.0017099114972588497,-1,1,1,1
2018-05-15,QQQ,2018,-0.011136854924674854,0,1,1,1
2018-05-16,QQQ,2018,0.0065905737956905575,0,1,1,1
2018-05-17,QQQ,2018,-0.0038538057102293546,0,1,1,1
2018-05-18,QQQ,2018,-0.005181797201392714,1,1,1,1
2018-05-21,QQQ,2018,0.005597228050101973,0,1,1,1
2018-05-22,QQQ,2018,-0.001307273777846488,1,1,1,1
2018-05-23,QQQ,2018,0.008407645191496612,0,1,1,1
2018-05-24,QQQ,2018,-0.0002944292498915005,1,1,1,1
2018-05-25,QQQ,2018,0.0010019194570488209,1,1,1,1
2018-05-29,QQQ,2018,-0.0044288102308168535,1,1,1,1
2018-05-30,QQQ,2018,0.007135692739557369,1,1,1,1
2018-05-31,QQQ,2018,-0.0006467283884941323,1,1,1,1
2018-06-01,QQQ,2018,0.01557748558547825,1,1,1,1
2018-06-04,QQQ,2018,0.00899060665106438,0,1,1,1
2018-06-05,QQQ,2018,0.003092963612630926,1,1,1,1
2018-06-06,QQQ,2018,0.005816799790689912,0,1,1,1
2018-06-07,QQQ,2018,-0.008164428070130762,1,1,1,1
2018-06-08,QQQ,2018,5.709762445460911e-05,1,1,1,1
2018-06-11,QQQ,2018,0.0026906805808316336,1,1,1,1
2018-06-12,QQQ,2018,0.005246364480862168,0,1,1,1
2018-06-13,QQQ,2018,-5.692076420684005e-05,1,1,1,1
2018-06-14,QQQ,2018,0.010072953551515143,-1,1,1,1
2018-06-15,QQQ,2018,-0.0034971161750073886,-1,1,1,1
2018-06-18,QQQ,2018,-0.0005774786932163963,-1,1,1,1
2018-06-19,QQQ,2018,-0.0028371216762644335,-1,1,1,1
2018-06-20,QQQ,2018,0.00707713460413305,-1,1,1,1
2018-06-21,QQQ,2018,-0.008726222004310596,-1,1,0,1
2018-06-22,QQQ,2018,-0.0022219179036695323,-1,1,1,1
2018-06-25,QQQ,2018,-0.022788217817686845,0,1,0,1
2018-06-26,QQQ,2018,0.004076792328438648,-1,1,1,1
2018-06-27,QQQ,2018,-0.013692376401797608,1,1,0,1
2018-06-28,QQQ,2018,0.008565131511660962,1,1,0,1
2018-06-29,QQQ,2018,0.00268327670794293,1,1,1,1
2018-07-02,QQQ,2018,0.006677231587719037,1,1,0,1
2018-07-03,QQQ,2018,-0.011641440755686962,1,1,0,1
2018-07-05,QQQ,2018,0.012335836786781143,1,1,1,1
2018-07-06,QQQ,2018,0.015436244347163402,1,1,0,1
2018-07-09,QQQ,2018,0.008957096002252704,1,1,1,1
2018-07-10,QQQ,2018,0.0007334290945393558,1,1,1,1
2018-07-11,QQQ,2018,-0.005088544703771002,1,1,1,1
2018-07-12,QQQ,2018,0.017084696884097045,0,1,1,1
2018-07-13,QQQ,2018,0.0008358130529809076,0,1,1,1
2018-07-16,QQQ,2018,-0.0023970744683155334,0,1,1,1
2018-07-17,QQQ,2018,0.006065003714290147,0,1,0,1
2018-07-18,QQQ,2018,-0.0018880078011908365,1,1,1,1
2018-07-19,QQQ,2018,-0.005014367304485309,1,1,1,1
2018-07-20,QQQ,2018,-0.00022333378959945064,-1,1,1,1
2018-07-23,QQQ,2018,0.0031793721348984273,-1,1,1,1
2018-07-24,QQQ,2018,0.004112786103720692,-1,1,1,1
2018-07-25,QQQ,2018,0.013880065811420334,-1,1,0,1
2018-07-26,QQQ,2018,-0.01526790178835256,0,1,1,1
2018-07-27,QQQ,2018,-0.01358788333202792,0,1,0,1
2018-07-30,QQQ,2018,-0.014232488237961463,1,1,0,1
2018-07-31,QQQ,2018,0.0076234005048904895,1,1,1,1
2018-08-01,QQQ,2018,0.0037899715230613365,1,1,1,1
2018-08-02,QQQ,2018,0.013514735169329668,0,1,0,1
2018-08-03,QQQ,2018,0.0030590062816756797,0,1,1,1
2018-08-06,QQQ,2018,0.005868955904635201,0,1,1,1
2018-08-07,QQQ,2018,0.0036370048366913205,0,1,1,1
2018-08-08,QQQ,2018,0.0012096365853301245,-1,1,1,1
2018-08-09,QQQ,2018,-0.0006045912588846155,-1,1,1,1
2018-08-10,QQQ,2018,-0.0076706629523644555,0,1,1,1
2018-08-13,QQQ,2018,-0.0011085653305032176,0,1,1,1
2018-08-14,QQQ,2018,0.0062473075126479325,-1,1,1,1
2018-08-15,QQQ,2018,-0.012310356794886426,1,1,1,1
2018-08-16,QQQ,2018,0.0032867385792297982,0,1,1,1
2018-08-17,QQQ,2018,0.00022221376153507087,1,1,1,1
2018-08-20,QQQ,2018,-0.0008902236479842691,1,1,1,1
2018-08-21,QQQ,2018,0.0036662744242387277,1,1,1,1
2018-08-22,QQQ,2018,0.0038735341169450713,1,1,-1,1
2018-08-23,QQQ,2018,-0.0014369750837904744,1,1,1,1
2018-08-24,QQQ,2018,0.009249132509715907,1,1,1,1
2018-08-27,QQQ,2018,0.010141138429181752,1,1,1,1
2018-08-28,QQQ,2018,0.0014638452527562977,-1,1,1,1
2018-08-29,QQQ,2018,0.01147185155485491,-1,1,1,1
2018-08-30,QQQ,2018,-0.0017687863893479628,-1,1,1,1
2018-08-31,QQQ,2018,0.0012864969707498135,-1,1,1,1
2018-09-04,QQQ,2018,-0.004295120884685983,-1,1,1,1
2018-09-05,QQQ,2018,-0.01299787309182936,0,1,0,1
2018-09-06,QQQ,2018,-0.008980083323537783,1,1,0,1
2018-09-07,QQQ,2018,-0.003857347260109494,1,1,1,1
2018-09-10,QQQ,2018,0.0033623300171473957,0,1,1,1
2018-09-11,QQQ,2018,0.0076749145429786565,0,1,0,1
2018-09-12,QQQ,2018,-0.0029535345888972164,0,1,0,1
2018-09-13,QQQ,2018,0.0106236793262465,0,1,1,1
2018-09-14,QQQ,2018,-0.0029306723111849117,0,1,1,1
2018-09-17,QQQ,2018,-0.014507667229040606,1,1,0,1
2018-09-18,QQQ,2018,0.008237811630751749,1,1,1,1
2018-09-19,QQQ,2018,-0.0007660268199334429,1,1,0,1
2018-09-20,QQQ,2018,0.010995605522465318,1,1,1,1
2018-09-21,QQQ,2018,-0.005482689919764749,1,1,1,1
2018-09-24,QQQ,2018,0.0027773939718260397,1,1,0,1
2018-09-25,QQQ,2018,0.0013583498436656358,1,1,1,1
2018-09-26,QQQ,2018,0.0007055333849460614,1,1,1,1
2018-09-27,QQQ,2018,0.008430733111933042,-1,1,1,1
2018-09-28,QQQ,2018,-0.00021546407664106105,-1,1,1,1
2018-10-01,QQQ,2018,0.002043401080210508,-1,1,1,1
2018-10-02,QQQ,2018,-0.00225856646160371,-1,1,1,1
2018-10-03,QQQ,2018,0.001075795192860101,-1,1,1,1
2018-10-04,QQQ,2018,-0.019385185585949236,-1,1,1,1
2018-10-05,QQQ,2018,-0.0123027258021476,-1,1,0,1
2018-10-08,QQQ,2018,-0.0061248053179553995,-1,1,0,1
2018-10-09,QQQ,2018,0.003234441924140985,-1,1,1,1
2018-10-10,QQQ,2018,-0.044976258585438696,1,1,0,1
2018-10-11,QQQ,2018,-0.012480385346045071,0,1,0,1
2018-10-12,QQQ,2018,0.02744973911996419,0,1,0,1
2018-10-15,QQQ,2018,-0.012177841311041625,1,1,1,1
2018-10-16,QQQ,2018,0.028677239710549092,-1,1,1,1
2018-10-17,QQQ,2018,0.0003948537774507043,-1,1,1,1
2018-10-18,QQQ,2018,-0.023455235969631883,0,1,1,1
2018-10-19,QQQ,2018,-0.0009242130288220606,-1,1,1,1
2018-10-22,QQQ,2018,0.0051306020207290415,-1,1,1,1
2018-10-23,QQQ,2018,-0.0036871602144498794,-1,1,0,1
2018-10-24,QQQ,2018,-0.04684676013191833,0,1,0,1
2018-10-25,QQQ,2018,0.03401029216145634,0,1,0,1
2018-10-26,QQQ,2018,-0.026058649031506797,0,1,0,1
2018-10-29,QQQ,2018,-0.020795448263461157,0,1,0,1
2018-10-30,QQQ,2018,0.01634539788626782,1,1,1,1
2018-10-31,QQQ,2018,0.02323324283658729,1,1,1,1
2018-11-01,QQQ,2018,0.01310426336032206,1,1,1,1
2018-11-02,QQQ,2018,-0.015698253677996092,0,1,1,1
2018-11-05,QQQ,2018,-0.0024828228680644185,-1,1,1,1
2018-11-06,QQQ,2018,0.007547266971245191,-1,1,1,1
2018-11-07,QQQ,2018,0.03088545731427927,-1,1,1,1
2018-11-08,QQQ,2018,-0.006399090582791339,-1,1,-1,1
2018-11-09,QQQ,2018,-0.016996008345382747,-1,1,1,1
2018-11-12,QQQ,2018,-0.03072611603489387,-1,1,1,1
2018-11-13,QQQ,2018,0.0008416090118389799,-1,1,-1,1
2018-11-14,QQQ,2018,-0.0076583100398153305,-1,1,-1,1
2018-11-15,QQQ,2018,0.017342501066238202,-1,1,1,1
2018-11-16,QQQ,2018,-0.003516206135521661,-1,1,-1,1
2018-11-19,QQQ,2018,-0.0330164524521688,0,1,1,1
2018-11-20,QQQ,2018,-0.01805645685215642,1,1,1,1
2018-11-21,QQQ,2018,0.007573487269068908,1,1,-1,1
2018-11-23,QQQ,2018,-0.007259562561301136,1,1,-1,1
2018-11-26,QQQ,2018,0.022850953822812548,1,1,1,1
2018-11-27,QQQ,2018,0.0033707123418259817,1,1,1,1
2018-11-28,QQQ,2018,0.03167617088630124,0,1,0,1
2018-11-29,QQQ,2018,-0.003265537947166281,-1,1,-1,1
2018-11-30,QQQ,2018,0.007229359634546907,-1,1,1,1
2018-12-03,QQQ,2018,0.01732542004169751,-1,1,1,1
2018-12-04,QQQ,2018,-0.03911195176412641,0,1,0,1
2018-12-06,QQQ,2018,0.007035785986388108,0,1,0,1
2018-12-07,QQQ,2018,-0.0335734370287526,0,1,0,1
2018-12-10,QQQ,2018,0.010417999942615235,-1,1,0,1
2018-12-11,QQQ,2018,0.003306069359482008,-1,1,1,1
2018-12-12,QQQ,2018,0.008762762968895874,-1,1,1,1
2018-12-13,QQQ,2018,0.00030301493291554223,-1,1,1,1
2018-12-14,QQQ,2018,-0.024650400702691488,-1,1,1,1
2018-12-17,QQQ,2018,-0.02292032161029811,-1,1,0,1
2018-12-18,QQQ,2018,0.006269138353069811,-1,1,1,1
2018-12-19,QQQ,2018,-0.02486170832274015,0,1,0,1
2018-12-20,QQQ,2018,-0.014601723254758782,0,1,0,1
2018-12-21,QQQ,2018,-0.03148369532784652,1,1,0,1
2018-12-24,QQQ,2018,-0.025110859951039087,1,1,1,1
2018-12-26,QQQ,2018,0.06056735101161512,0,1,0,1
2018-12-27,QQQ,2018,0.003862163119119816,0,1,1,1
2018-12-28,QQQ,2018,-0.0005224379483554112,1,1,1,1
2018-12-31,QQQ,2018,0.008397501710482739,1,1,1,1
2019-01-02,QQQ,2019,0.004011085864858994,1,1,1,1
2019-01-03,QQQ,2019,-0.033216159557098536,1,1,1,1
2019-01-04,QQQ,2019,0.04189471671553009,1,1,1,1
2019-01-07,QQQ,2019,0.011835478170839539,0,1,1,1
2019-01-08,QQQ,2019,0.009004529060933889,1,1,1,1
2019-01-09,QQQ,2019,0.008116788623450022,1,1,1,1
2019-01-10,QQQ,2019,0.0028557888687419297,1,1,1,1
2019-01-11,QQQ,2019,-0.0036647182922844956,1,1,-1,1
2019-01-14,QQQ,2019,-0.00887635769349787,1,1,-1,1
2019-01-15,QQQ,2019,0.01933849325278668,0,1,1,1
2019-01-16,QQQ,2019,-0.00018465083131563982,0,1,-1,1
2019-01-17,QQQ,2019,0.007853395634624422,0,1,1,1
2019-01-18,QQQ,2019,0.009851331262790025,-1,1,1,1
2019-01-22,QQQ,2019,-0.020233224587558142,0,1,1,1
2019-01-23,QQQ,2019,0.0012957001595659179,1,1,-1,1
2019-01-24,QQQ,2019,0.0064547102374620195,1,1,-1,1
2019-01-25,QQQ,2019,0.011877809543606779,1,1,-1,1
2019-01-28,QQQ,2019,-0.012429471601123293,1,1,-1,1
2019-01-29,QQQ,2019,-0.009486245394279695,1,1,1,1
2019-01-30,QQQ,2019,0.02511979572618262,1,1,-1,1
2019-01-31,QQQ,2019,0.014857895440169593,0,1,1,1
2019-02-01,QQQ,2019,-0.00423138773519552,1,1,-1,1
2019-02-04,QQQ,2019,0.012345055915947197,0,1,1,1
2019-02-05,QQQ,2019,0.008809080047393584,0,1,-1,1
2019-02-06,QQQ,2019,-0.0029863512206122645,0,1,-1,1
2019-02-07,QQQ,2019,-0.013520511071153414,1,1,1,1
2019-02-08,QQQ,2019,0.0019597551463818555,1,1,1,1
2019-02-11,QQQ,2019,-0.0009496931806874681,1,1,1,1
2019-02-12,QQQ,2019,0.014677919966400254,1,1,1,1
2019-02-13,QQQ,2019,0.0007018850969111994,0,1,1,1
2019-02-14,QQQ,2019,0.0012275814323866492,1,1,1,1
2019-02-15,QQQ,2019,0.004195853340000308,1,1,1,1
2019-02-19,QQQ,2019,0.0019758595817717913,1,1,1,1
2019-02-20,QQQ,2019,-0.00017441008847006637,1,1,1,1
2019-02-21,QQQ,2019,-0.003664255259602699,1,1,1,1
2019-02-22,QQQ,2019,0.0073728144682593455,1,1,1,1
2019-02-25,QQQ,2019,0.0036372034252853385,1,1,1,1
2019-02-26,QQQ,2019,0.001037064895781535,0,1,1,1
2019-02-27,QQQ,2019,-0.0006336545303992693,0,1,1,1
2019-02-28,QQQ,2019,-0.0023068171540072957,-1,1,1,1
2019-03-01,QQQ,2019,0.0069052814897530715,-1,1,1,1
2019-03-04,QQQ,2019,0.00017172021083691934,0,1,0,1
2019-03-05,QQQ,2019,0.0007447264422616609,1,1,1,1
2019-03-06,QQQ,2019,-0.005687728601829062,1,1,1,1
2019-03-07,QQQ,2019,-0.012348234458191349,1,1,1,1
2019-03-08,QQQ,2019,-0.0015176128582292598,1,1,1,1
2019-03-11,QQQ,2019,0.020584341485568477,1,1,0,1
2019-03-12,QQQ,2019,0.005479301331884736,1,1,1,1
2019-03-13,QQQ,2019,0.00748498993213123,1,1,1,1
2019-03-14,QQQ,2019,-0.001696167774123314,1,1,1,1
2019-03-15,QQQ,2019,0.009238010632399598,0,1,1,1
2019-03-18,QQQ,2019,0.0023786310952551098,0,1,1,1
2019-03-19,QQQ,2019,0.003356886429640304,0,1,1,1
2019-03-20,QQQ,2019,0.003957362166540207,-1,1,1,1
2019-03-21,QQQ,2019,0.015511558903692092,-1,1,1,1
2019-03-22,QQQ,2019,-0.0222091842290091,0,1,0,1
2019-03-25,QQQ,2019,-0.0019061474357671185,1,1,1,1
2019-03-26,QQQ,2019,0.004646410594543738,1,1,1,1
2019-03-27,QQQ,2019,-0.006443656672450813,1,1,0,1
2019-03-28,QQQ,2019,0.002302126118326737,1,1,1,1
2019-03-29,QQQ,2019,0.007542770796064742,1,1,1,1
2019-04-01,QQQ,2019,0.013160307255599692,1,1,1,1
2019-04-02,QQQ,2019,0.003782758836731116,1,1,1,1
2019-04-03,QQQ,2019,0.005729863572201505,1,1,1,1
2019-04-04,QQQ,2019,-0.0003807801402752963,1,1,1,1
2019-04-05,QQQ,2019,0.00515788307427613,1,1,-1,1
2019-04-08,QQQ,2019,0.0025419861124851644,0,1,1,1
2019-04-09,QQQ,2019,-0.0035175981383149583,1,1,1,1
2019-04-10,QQQ,2019,0.0053524053572084306,1,1,1,1
2019-04-11,QQQ,2019,-0.00237505206775208,1,1,1,1
2019-04-12,QQQ,2019,0.004314323651750427,1,1,1,1
2019-04-15,QQQ,2019,0.0001613719641860861,1,1,1,1
2019-04-16,QQQ,2019,0.003437382305587149,1,1,1,1
2019-04-17,QQQ,2019,0.003479223077343445,1,1,1,1
2019-04-18,QQQ,2019,0.0012818339132971662,1,1,1,1
2019-04-22,QQQ,2019,0.002824060379902353,1,1,1,1
2019-04-23,QQQ,2019,0.012637864887764838,0,1,1,1
2019-04-24,QQQ,2019,-0.003157452798098226,-1,1,1,1
2019-04-25,QQQ,2019,0.004050348414153371,-1,1,1,1
2019-04-26,QQQ,2019,0.0008921827374767036,0,1,1,1
2019-04-29,QQQ,2019,0.0019389935499387263,-1,1,1,1
2019-04-30,QQQ,2019,-0.007778129977725898,-1,1,1,1
2019-05-01,QQQ,2019,-0.0032236608558183903,-1,1,1,1
2019-05-02,QQQ,2019,-0.004349721034702741,-1,1,0,1
2019-05-03,QQQ,2019,0.01582248497659062,-1,1,1,1
2019-05-06,QQQ,2019,-0.006140944077652629,-1,1,0,1
2019-05-07,QQQ,2019,-0.019671929080436523,-1,1,0,1
2019-05-08,QQQ,2019,-0.0025269021955305437,-1,1,1,1
2019-05-09,QQQ,2019,-0.0053978691783292225,0,1,0,1
2019-05-10,QQQ,2019,0.001244184762291318,0,1,0,1
2019-05-13,QQQ,2019,-0.03531898825456158,0,1,1,1
2019-05-14,QQQ,2019,0.01091577608552095,0,1,1,1
2019-05-15,QQQ,2019,0.014025094355145136,0,1,0,1
2019-05-16,QQQ,2019,0.009999590477334834,-1,1,0,1
2019-05-17,QQQ,2019,-0.010272337611673461,-1,1,0,1
2019-05-20,QQQ,2019,-0.01702598717953285,-1,1,1,1
2019-05-21,QQQ,2019,0.010393245872327112,-1,1,1,1
2019-05-22,QQQ,2019,-0.004464871528823102,-1,1,1,1
2019-05-23,QQQ,2019,-0.015420330327681054,-1,1,1,1
2019-05-24,QQQ,2019,-0.0005047814474727438,-1,1,1,1
2019-05-28,QQQ,2019,-0.003767625512991702,-1,1,1,1
2019-05-29,QQQ,2019,-0.008259895194950179,0,1,1,1
2019-05-30,QQQ,2019,0.004194879149747905,0,1,1,1
2019-05-31,QQQ,2019,-0.016081743668437686,1,1,1,1
2019-06-03,QQQ,2019,-0.022263463419078124,1,1,1,1
2019-06-04,QQQ,2019,0.02776732763944792,1,1,1,1
2019-06-05,QQQ,2019,0.007404696114071317,1,1,1,1
2019-06-06,QQQ,2019,0.00791366430586313,1,1,1,1
2019-06-07,QQQ,2019,0.019128214455153753,0,1,1,1
2019-06-10,QQQ,2019,0.011587138867631222,0,1,1,1
2019-06-11,QQQ,2019,0.001364175292327522,1,1,1,1
2019-06-12,QQQ,2019,-0.005796359133824,1,1,1,1
2019-06-13,QQQ,2019,0.00590525277884806,1,1,1,1
2019-06-14,QQQ,2019,-0.004261777394166716,1,1,1,1
2019-06-17,QQQ,2019,0.006005156388316864,1,1,1,1
2019-06-18,QQQ,2019,0.014426763682389473,0,1,1,1
2019-06-19,QQQ,2019,0.003748212475377279,0,1,1,1
2019-06-20,QQQ,2019,0.009256308451646048,-1,1,1,1
2019-06-21,QQQ,2019,-0.001483638722364662,-1,1,1,1
2019-06-24,QQQ,2019,3.1722899880173516e-05,1,1,1,1
2019-06-25,QQQ,2019,-0.01731534919410803,1,1,1,1
2019-06-26,QQQ,2019,0.004639698961198611,1,1,1,1
2019-06-27,QQQ,2019,0.003814294122504619,1,1,1,1
2019-06-28,QQQ,2019,0.0012861901559287226,1,1,1,1
2019-07-01,QQQ,2019,0.013404369319811711,0,1,1,1
2019-07-02,QQQ,2019,0.003954690616215243,1,1,1,1
2019-07-03,QQQ,2019,0.007498001528647973,1,1,1,1
2019-07-05,QQQ,2019,-0.0020392645675754973,1,1,1,1
2019-07-08,QQQ,2019,-0.0070384516876533,1,1,1,1
2019-07-09,QQQ,2019,0.004994936536999077,1,1,1,1
2019-07-10,QQQ,2019,0.009916055602986654,0,1,1,1
2019-07-11,QQQ,2019,-0.0007273427001808549,0,1,1,1
2019-07-12,QQQ,2019,0.0057521689792182345,-1,1,1,1
2019-07-15,QQQ,2019,0.0031983533464789303,-1,1,-1,1
2019-07-16,QQQ,2019,-0.0051639020179162,0,1,1,1
2019-07-17,QQQ,2019,-0.004930550857783711,1,1,1,1
2019-07-18,QQQ,2019,0.0011439305500027918,0,1,1,1
2019-07-19,QQQ,2019,-0.007354836275614498,1,1,0,1
2019-07-22,QQQ,2019,0.007926435217610184,1,1,1,1
2019-07-23,QQQ,2019,0.006522989083936667,0,1,1,1
2019-07-24,QQQ,2019,0.006993225804814528,-1,1,1,1
2019-07-25,QQQ,2019,-0.00952488563508168,-1,1,1,1
2019-07-26,QQQ,2019,0.010242301666968068,-1,1,1,1
2019-07-29,QQQ,2019,-0.003436752430698977,-1,1,1,1
2019-07-30,QQQ,2019,-0.00432555394251014,-1,1,1,1
2019-07-31,QQQ,2019,-0.013926468040864623,-1,1,0,1
2019-08-01,QQQ,2019,-0.004983825462401252,0,1,0,1
2019-08-02,QQQ,2019,-0.01483460737613871,0,1,0,1
2019-08-05,QQQ,2019,-0.035974343431105046,1,1,0,1
2019-08-06,QQQ,2019,0.013901856830970744,1,1,0,1
2019-08-07,QQQ,2019,0.005387401983924177,0,1,0,1
2019-08-08,QQQ,2019,0.021530421202842053,-1,1,0,1
2019-08-09,QQQ,2019,-0.009446313426262645,0,1,1,1
2019-08-12,QQQ,2019,-0.01154130509559939,1,1,1,1
2019-08-13,QQQ,2019,0.021678138321365538,0,1,0,1
2019-08-14,QQQ,2019,-0.03034061874822554,1,1,1,1
2019-08-15,QQQ,2019,-0.0011494979826699471,1,1,1,1
2019-08-16,QQQ,2019,0.01592272852737538,-1,1,1,1
2019-08-19,QQQ,2019,0.015779603993982268,-1,1,1,1
2019-08-20,QQQ,2019,-0.007778608469279263,-1,1,1,1
2019-08-21,QQQ,2019,0.008839603089707111,-1,1,1,1
2019-08-22,QQQ,2019,-0.0032391909484250684,0,1,1,1
2019-08-23,QQQ,2019,-0.03215698216059351,1,1,0,1
2019-08-26,QQQ,2019,0.014991067355659634,0,1,1,1
2019-08-27,QQQ,2019,-0.0021122128713875893,1,1,1,1
2019-08-28,QQQ,2019,0.003571772660216529,1,1,1,1
2019-08-29,QQQ,2019,0.015174150198432481,1,1,1,1
2019-08-30,QQQ,2019,-0.002397456628119922,1,1,1,1
2019-09-03,QQQ,2019,-0.009755658027418778,1,1,1,1
2019-09-04,QQQ,2019,0.014332722826138528,1,1,1,1
2019-09-05,QQQ,2019,0.018152890089655368,1,1,1,1
2019-09-06,QQQ,2019,-0.000991218082313746,1,1,1,1
2019-09-09,QQQ,2019,-0.0020895319098112835,0,1,1,1
2019-09-10,QQQ,2019,-0.002881266491470096,1,1,1,1
2019-09-11,QQQ,2019,0.009345854263144968,0,1,1,1
2019-09-12,QQQ,2019,0.0041486855130735256,0,1,1,1
2019-09-13,QQQ,2019,-0.003577446976680834,-1,1,1,1
2019-09-16,QQQ,2019,-0.004476429042123067,-1,1,1,1
2019-09-17,QQQ,2019,0.004787958858951029,-1,1,1,1
2019-09-18,QQQ,2019,-0.00041528442330502274,-1,1,1,1
2019-09-19,QQQ,2019,0.0016607642488359947,-1,1,1,1
2019-09-20,QQQ,2019,-0.010635103227799382,-1,1,1,1
2019-09-23,QQQ,2019,0.00044112479780338167,-1,1,1,1
2019-09-24,QQQ,2019,-0.013370005268742755,0,1,0,1
2019-09-25,QQQ,2019,0.011162683500091074,-1,1,0,1
2019-09-26,QQQ,2019,-0.003689144370229909,-1,1,1,1
2019-09-27,QQQ,2019,-0.012486515384888434,0,1,0,1
2019-09-30,QQQ,2019,0.009472064683948164,0,1,1,1
2019-10-01,QQQ,2019,-0.008190145712857087,0,1,0,1
2019-10-02,QQQ,2019,-0.017343711129605775,1,1,1,1
2019-10-03,QQQ,2019,0.010915656107655129,0,1,1,1
2019-10-04,QQQ,2019,0.014618200734807822,1,1,1,1
2019-10-07,QQQ,2019,-0.0030233963219352643,1,1,1,1
2019-10-08,QQQ,2019,-0.015094133056472902,1,1,1,1
2019-10-09,QQQ,2019,0.009714113257207866,1,1,1,1
2019-10-10,QQQ,2019,0.007714472924860457,1,1,1,1
2019-10-11,QQQ,2019,0.012796842491158963,0,1,1,1
2019-10-14,QQQ,2019,-0.0001046531109837171,1,1,1,1
2019-10-15,QQQ,2019,0.012636546425944199,-1,1,1,1
2019-10-16,QQQ,2019,-0.002483593063675121,-1,1,1,1
2019-10-17,QQQ,2019,0.0026384745199591565,0,1,1,1
2019-10-18,QQQ,2019,-0.009656340404286026,1,1,1,1
2019-10-21,QQQ,2019,0.008829125098257383,1,1,1,1
2019-10-22,QQQ,2019,-0.007994908123906047,1,1,1,1
2019-10-23,QQQ,2019,0.0019267805586586275,1,1,1,1
2019-10-24,QQQ,2019,0.009681242842107555,1,1,1,1
2019-10-25,QQQ,2019,0.00795448221084894,1,1,1,1
2019-10-28,QQQ,2019,0.009816932201576346,1,1,1,1
2019-10-29,QQQ,2019,-0.007774447649148592,1,1,1,1
2019-10-30,QQQ,2019,0.0048340952194142715,1,1,1,1
2019-10-31,QQQ,2019,0.00045671332076899733,1,1,1,1
2019-11-01,QQQ,2019,0.009041691803133037,1,1,1,1
2019-11-04,QQQ,2019,0.006165772949850451,0,1,1,1
2019-11-05,QQQ,2019,0.0005497508145143394,1,1,1,1
2019-11-06,QQQ,2019,-0.002250120373776083,1,1,1,1
2019-11-07,QQQ,2019,0.00334824062741344,0,1,1,1
2019-11-08,QQQ,2019,0.0039835539386990585,1,1,1,1
2019-11-11,QQQ,2019,-0.001342635638572567,1,1,1,1
2019-11-12,QQQ,2019,0.002882033468318261,1,1,1,1
2019-11-13,QQQ,2019,0.00024816732420945386,0,1,1,1
2019-11-14,QQQ,2019,-0.0007942103706353208,0,1,1,1
2019-11-15,QQQ,2019,0.007320629743726314,-1,1,1,1
2019-11-18,QQQ,2019,0.000788341539034159,1,1,1,1
2019-11-19,QQQ,2019,0.0014760182586196064,1,1,1,1
2019-11-20,QQQ,2019,-0.006017139105934536,1,1,1,1
2019-11-21,QQQ,2019,-0.002228187912111783,1,1,-1,1
2019-11-22,QQQ,2019,0.0006441703789598546,1,1,1,1
2019-11-25,QQQ,2019,0.011772051100429457,-1,1,1,1
2019-11-26,QQQ,2019,0.0019080029715132407,-1,1,1,1
2019-11-27,QQQ,2019,0.006964668924434557,-1,1,1,1
2019-11-29,QQQ,2019,-0.0045727103502260025,0,1,-1,1
2019-12-02,QQQ,2019,-0.010291746127065867,0,1,0,1
2019-12-03,QQQ,2019,-0.007863153900713498,1,1,0,1
2019-12-04,QQQ,2019,0.005051394667745834,1,1,1,1
2019-12-05,QQQ,2019,0.001974042240946624,1,1,1,1
2019-12-06,QQQ,2019,0.010641718997207934,1,1,1,1
2019-12-09,QQQ,2019,-0.004546843561489952,1,1,1,1
2019-12-10,QQQ,2019,-0.0008336343296864475,1,1,1,1
2019-12-11,QQQ,2019,0.00528299350739209,1,1,1,1
2019-12-12,QQQ,2019,0.007436245966025386,1,1,1,1
2019-12-13,QQQ,2019,0.003287663253539465,1,1,1,1
2019-12-16,QQQ,2019,0.009988870947419149,1,1,1,1
2019-12-17,QQQ,2019,0.0005733107722536048,1,1,1,1
2019-12-18,QQQ,2019,0.0007638781644199566,1,1,1,1
2019-12-19,QQQ,2019,0.00623197404118357,1,1,1,1
2019-12-20,QQQ,2019,0.004022961287423763,1,1,1,1
2019-12-23,QQQ,2019,0.0026380141565707786,1,1,1,1
2019-12-24,QQQ,2019,0.0005192144626445206,1,1,-1,1
2019-12-26,QQQ,2019,0.008785128737067927,0,1,1,1
2019-12-27,QQQ,2019,-0.0008423755814472657,1,1,1,1
2019-12-30,QQQ,2019,-0.0065752330059816455,1,1,1,1
2019-12-31,QQQ,2019,0.001882957889592475,1,1,1,1
2020-01-02,QQQ,2020,0.016559458641986755,1,1,1,1
2020-01-03,QQQ,2020,-0.009202227200080808,1,1,1,1
2020-01-06,QQQ,2020,0.006422674192806096,1,1,1,1
2020-01-07,QQQ,2020,-0.000139132859824743,1,1,1,1
2020-01-08,QQQ,2020,0.007488164692790677,1,1,1,1
2020-01-09,QQQ,2020,0.00843780133914792,1,1,1,1
2020-01-10,QQQ,2020,-0.002560699856149923,1,1,1,1
2020-01-13,QQQ,2020,0.011470892998348992,1,1,0,1
2020-01-14,QQQ,2020,-0.003945142087753693,1,1,1,1
2020-01-15,QQQ,2020,0.00040864206149230346,1,1,1,1
2020-01-16,QQQ,2020,0.009538036336182063,0,1,1,1
2020-01-17,QQQ,2020,0.004936517875591587,-1,1,1,1
2020-01-21,QQQ,2020,-0.0004478461584923809,-1,1,1,1
2020-01-22,QQQ,2020,0.0026389729997832847,-1,1,1,1
2020-01-23,QQQ,2020,0.0032109167134150617,-1,1,1,1
2020-01-24,QQQ,2020,-0.008450933003786389,-1,1,0,1
2020-01-27,QQQ,2020,-0.020871810267873072,1,1,-1,1
2020-01-28,QQQ,2020,0.015243152911662592,1,1,1,1
2020-01-29,QQQ,2020,0.0016241841170967061,1,1,-1,1
2020-01-30,QQQ,2020,0.0035554728767198743,1,1,1,1
2020-01-31,QQQ,2020,-0.01598511928976178,1,1,0,1
2020-02-03,QQQ,2020,0.014996280406583174,1,1,1,1
2020-02-04,QQQ,2020,0.02263073987439754,1,1,1,1
2020-02-05,QQQ,2020,0.0032917331411388903,1,1,0,1
2020-02-06,QQQ,2020,0.00859482172660874,1,1,1,1
2020-02-07,QQQ,2020,-0.004310203075233585,1,1,1,1
2020-02-10,QQQ,2020,0.012013381649976857,1,1,1,1
2020-02-11,QQQ,2020,0.00017238302977876037,1,1,1,1
2020-02-12,QQQ,2020,0.009693816566603777,0,1,1,1
2020-02-13,QQQ,2020,-0.0012814829256569734,-1,1,1,1
2020-02-14,QQQ,2020,0.0028595490712390696,-1,1,1,1
2020-02-18,QQQ,2020,0.0003834922766015135,-1,1,1,1
2020-02-19,QQQ,2020,0.009539886580958938,-1,1,1,1
2020-02-20,QQQ,2020,-0.0093267263137793,-1,1,0,1
2020-02-21,QQQ,2020,-0.01939662631961353,-1,1,0,1
2020-02-24,QQQ,2020,-0.039326394209549066,-1,1,1,1
2020-02-25,QQQ,2020,-0.02756854369003073,0,1,0,1
2020-02-26,QQQ,2020,0.00514062956010218,0,1,0,1
2020-02-27,QQQ,2020,-0.05137098751223338,0,1,0,1
2020-02-28,QQQ,2020,0.000777661005591857,0,1,0,1
2020-03-02,QQQ,2020,0.050316150992902604,-1,1,0,1
2020-03-03,QQQ,2020,-0.0325928872725492,0,1,0,1
2020-03-04,QQQ,2020,0.04087585859113924,-1,1,0,1
2020-03-05,QQQ,2020,-0.030853441066949778,-1,1,0,1
2020-03-06,QQQ,2020,-0.017016162422741513,-1,1,0,1
2020-03-09,QQQ,2020,-0.07199512974839282,-1,1,0,1
2020-03-10,QQQ,2020,0.05301995727557414,-1,1,0,1
2020-03-11,QQQ,2020,-0.04453193634774978,-1,1,0,1
2020-03-12,QQQ,2020,-0.0961709676900647,0,1,0,1
2020-03-13,QQQ,2020,0.08130850003045309,-1,1,0,1
2020-03-16,QQQ,2020,-0.1275924391162789,0,1,0,1
2020-03-17,QQQ,2020,0.07310312383350069,0,1,0,1
2020-03-18,QQQ,2020,-0.03088816944137439,0,1,0,1
2020-03-19,QQQ,2020,0.005984384947957423,1,1,0,1
2020-03-20,QQQ,2020,-0.03996405078381242,1,1,0,-1
2020-03-23,QQQ,2020,0.0007218856072406326,1,1,0,1
2020-03-24,QQQ,2020,0.07458571808625669,1,1,1,1
2020-03-25,QQQ,2020,-0.007432725856255587,0,1,0,1
2020-03-26,QQQ,2020,0.05132057235319746,0,1,0,-1
2020-03-27,QQQ,2020,-0.03499831300207097,0,1,1,-1
2020-03-30,QQQ,2020,0.03572757082652585,1,1,1,-1
2020-03-31,QQQ,2020,-0.008576446101563617,1,1,1,-1
2020-04-01,QQQ,2020,-0.04341855126193259,1,1,0,-1
2020-04-02,QQQ,2020,0.020091931523152265,1,1,0,-1
2020-04-03,QQQ,2020,-0.014294395091707619,1,1,1,-1
2020-04-06,QQQ,2020,0.06905466975202329,1,1,0,-1
2020-04-07,QQQ,2020,-0.0004074202720402083,1,1,1,1
2020-04-08,QQQ,2020,0.02100994660587592,1,1,1,1
2020-04-09,QQQ,2020,0.001444851515797445,1,1,1,1
2020-04-13,QQQ,2020,0.010745696187530586,1,1,1,1
2020-04-14,QQQ,2020,0.04257186805133818,-1,1,1,1
2020-04-15,QQQ,2020,-0.011536207452816635,0,1,1,1
2020-04-16,QQQ,2020,0.018075970634077593,0,1,1,1
2020-04-17,QQQ,2020,0.009520711144473691,0,1,1,1
2020-04-20,QQQ,2020,-0.01191543575840849,1,1,1,1
2020-04-21,QQQ,2020,-0.03759745158319639,1,1,1,1
2020-04-22,QQQ,2020,0.029242665169824808,1,1,1,1
2020-04-23,QQQ,2020,-0.002135242437679549,1,1,1,-1
2020-04-24,QQQ,2020,0.01564742995257137,0,1,1,-1
2020-04-27,QQQ,2020,0.008011200591636283,0,1,1,-1
2020-04-28,QQQ,2020,-0.01901436357666236,1,1,1,-1
2020-04-29,QQQ,2020,0.03484676001463964,0,1,1,-1
2020-04-30,QQQ,2020,-0.00041089110490303323,1,1,1,1
2020-05-01,QQQ,2020,-0.028590107026230507,1,1,1,1
2020-05-04,QQQ,2020,0.011590066618079424,1,1,1,1
2020-05-05,QQQ,2020,0.011273659350127354,1,1,1,1
2020-05-06,QQQ,2020,0.006137272162926935,0,1,1,1
2020-05-07,QQQ,2020,0.012794510093955942,0,1,1,1
2020-05-08,QQQ,2020,0.01361166094818802,0,1,-1,1
2020-05-11,QQQ,2020,0.008899315534355952,0,1,1,1
2020-05-12,QQQ,2020,-0.021159372829593667,1,1,-1,1
2020-05-13,QQQ,2020,-0.012594731327640109,1,1,0,1
2020-05-14,QQQ,2020,0.011288262862607147,1,1,-1,1
2020-05-15,QQQ,2020,0.006470569109013342,1,1,-1,1
2020-05-18,QQQ,2020,0.018460388113097723,0,1,-1,1
2020-05-19,QQQ,2020,-0.002509108956513934,1,1,1,1
2020-05-20,QQQ,2020,0.019771367159676926,0,1,-1,1
2020-05-21,QQQ,2020,-0.010950372331797974,1,1,-1,1
2020-05-22,QQQ,2020,0.0034457630504936905,1,1,-1,1
2020-05-26,QQQ,2020,-0.002703464911908478,1,1,1,1
2020-05-27,QQQ,2020,0.00544277443328405,1,1,0,1
2020-05-28,QQQ,2020,-0.001303415424550477,1,1,-1,1
2020-05-29,QQQ,2020,0.01454656904102938,1,1,-1,1
2020-06-01,QQQ,2020,0.0029950052656578362,1,1,-1,1
2020-06-02,QQQ,2020,0.006685435879930983,1,1,1,1
2020-06-03,QQQ,2020,0.004488300961114775,1,1,-1,1
2020-06-04,QQQ,2020,-0.007037909933629608,0,1,-1,1
2020-06-05,QQQ,2020,0.019633114370559566,-1,1,-1,1
2020-06-08,QQQ,2020,0.007730229722885556,-1,1,1,1
2020-06-09,QQQ,2020,0.0072186943308321936,0,1,1,1
2020-06-10,QQQ,2020,0.011930170674350331,-1,1,1,1
2020-06-11,QQQ,2020,-0.050818883664954524,1,1,0,1
2020-06-12,QQQ,2020,0.007916447999173137,1,1,0,1
2020-06-15,QQQ,2020,0.012093899124081332,1,1,0,1
2020-06-16,QQQ,2020,0.01702705483414066,1,1,-1,1
2020-06-17,QQQ,2020,0.0031658581978766813,0,1,1,1
2020-06-18,QQQ,2020,0.002705314557077842,1,1,-1,1
2020-06-19,QQQ,2020,-0.00016363450201677219,-1,1,-1,1
2020-06-22,QQQ,2020,0.011921193857728206,-1,1,1,1
2020-06-23,QQQ,2020,0.008474774146298561,0,1,1,1
2020-06-24,QQQ,2020,-0.020830859524103337,1,1,0,1
2020-06-25,QQQ,2020,0.009474330420513013,1,1,1,1
2020-06-26,QQQ,2020,-0.023898254905258157,1,1,-1,1
2020-06-29,QQQ,2020,0.010847723065779675,1,1,1,1
2020-06-30,QQQ,2020,0.01941176013839946,1,1,1,1
2020-07-01,QQQ,2020,0.011604430634380098,1,1,1,1
2020-07-02,QQQ,2020,0.006763663790866339,1,1,-1,1
2020-07-06,QQQ,2020,0.024287430860719522,0,1,1,1
2020-07-07,QQQ,2020,-0.006912870260525632,1,1,1,1
2020-07-08,QQQ,2020,0.013085639869200916,0,1,1,1
2020-07-09,QQQ,2020,0.008388300336220168,0,1,-1,1
2020-07-10,QQQ,2020,0.006804246178828711,-1,1,1,1
2020-07-13,QQQ,2020,-0.020785394593278297,1,1,0,1
2020-07-14,QQQ,2020,0.0070535167504527435,0,1,0,1
2020-07-15,QQQ,2020,0.0020334546099299994,1,1,-1,1
2020-07-16,QQQ,2020,-0.006845955269954918,0,1,-1,1
2020-07-17,QQQ,2020,0.0011574598370666883,-1,1,1,1
2020-07-20,QQQ,2020,0.027975702740531693,-1,1,1,1
2020-07-21,QQQ,2020,-0.010475619783942323,-1,1,-1,1
2020-07-22,QQQ,2020,0.0035170731803421977,-1,1,1,1
2020-07-23,QQQ,2020,-0.026467545491142358,0,1,0,1
2020-07-24,QQQ,2020,-0.009541021828721807,1,1,-1,1
2020-07-27,QQQ,2020,0.0176858393241278,1,1,1,1
2020-07-28,QQQ,2020,-0.012806463418581701,1,1,1,1
2020-07-29,QQQ,2020,0.011459944101886723,1,1,-1,1
2020-07-30,QQQ,2020,0.005221902826338246,1,1,-1,1
2020-07-31,QQQ,2020,0.017688423727174142,1,1,-1,1
2020-08-03,QQQ,2020,0.013416097555092932,0,1,-1,1
2020-08-04,QQQ,2020,0.003705275457265513,-1,1,-1,1
2020-08-05,QQQ,2020,0.002474850329582587,0,1,-1,1
2020-08-06,QQQ,2020,0.013158032035606913,0,1,1,1
2020-08-07,QQQ,2020,-0.01160923676857801,0,1,1,1
2020-08-10,QQQ,2020,-0.004282379215559117,1,1,1,1
2020-08-11,QQQ,2020,-0.01912320609222878,1,1,-1,1
2020-08-12,QQQ,2020,0.02484082770608551,1,1,-1,1
2020-08-13,QQQ,2020,0.0022784131608047623,1,1,1,1
2020-08-14,QQQ,2020,-0.0011753967737073811,1,1,-1,1
2020-08-17,QQQ,2020,0.011543732390571049,1,1,1,1
2020-08-18,QQQ,2020,0.009579399196492347,1,1,1,1
2020-08-19,QQQ,2020,-0.00675033854662179,1,1,1,1
2020-08-20,QQQ,2020,0.013776750153511716,1,1,1,1
2020-08-21,QQQ,2020,0.0069064706333457175,1,1,-1,1
2020-08-24,QQQ,2020,0.0062246704017959575,1,1,1,1
2020-08-25,QQQ,2020,0.007830977127807065,1,1,1,1
2020-08-26,QQQ,2020,0.021114876941451997,1,1,1,1
2020-08-27,QQQ,2020,-0.00312176801782811,-1,1,1,1
2020-08-28,QQQ,2020,0.005072294268368312,-1,1,1,1
2020-08-31,QQQ,2020,0.0080013006621098,-1,1,1,1
2020-09-01,QQQ,2020,0.016947375999036125,-1,1,1,1
2020-09-02,QQQ,2020,0.009424495674384761,-1,1,1,1
2020-09-03,QQQ,2020,-0.05203058578286006,-1,1,0,1
2020-09-04,QQQ,2020,-0.013415453891583957,0,1,0,1
2020-09-08,QQQ,2020,-0.04925764338071795,1,1,0,1
2020-09-09,QQQ,2020,0.02895263591337919,0,1,-1,1
2020-09-10,QQQ,2020,-0.02013814895460282,0,1,0,1
2020-09-11,QQQ,2020,-0.006964044948009087,0,1,0,1
2020-09-14,QQQ,2020,0.017265617110014942,-1,1,1,1
2020-09-15,QQQ,2020,0.01407394622880885,-1,1,1,1
2020-09-16,QQQ,2020,-0.016074936017853498,-1,1,1,1
2020-09-17,QQQ,2020,-0.015745111542442104,0,1,0,1
2020-09-18,QQQ,2020,-0.012845140396073443,0,1,0,1
2020-09-21,QQQ,2020,0.002395575060156841,1,1,0,1
2020-09-22,QQQ,2020,0.01840845049106531,0,1,1,1
2020-09-23,QQQ,2020,-0.03101043157303295,1,1,1,1
2020-09-24,QQQ,2020,0.00464539986803886,1,1,0,1
2020-09-25,QQQ,2020,0.022982384168356632,0,1,0,1
2020-09-28,QQQ,2020,0.020556608834728974,0,1,-1,1
2020-09-29,QQQ,2020,-0.004519765062561327,0,1,-1,1
2020-09-30,QQQ,2020,0.006825601518297408,0,1,-1,1
2020-10-01,QQQ,2020,0.015747900557286358,0,1,-1,1
2020-10-02,QQQ,2020,-0.02853441203027823,1,1,0,1
2020-10-05,QQQ,2020,0.021101893292358447,1,1,-1,1
2020-10-06,QQQ,2020,-0.018007963396855904,1,1,-1,1
2020-10-07,QQQ,2020,0.017150943176460338,1,1,1,1
2020-10-08,QQQ,2020,0.005309018027312615,1,1,-1,1
2020-10-09,QQQ,2020,0.01516465924681215,1,1,-1,1
2020-10-12,QQQ,2020,0.030403539655317315,-1,1,1,1
2020-10-13,QQQ,2020,-3.409592040495568e-05,-1,1,-1,1
2020-10-14,QQQ,2020,-0.008387757002618306,-1,1,1,1
2020-10-15,QQQ,2020,-0.006733386354833611,-1,1,1,-1
2020-10-16,QQQ,2020,-0.005495831879977056,-1,1,-1,-1
2020-10-19,QQQ,2020,-0.016459862312087147,0,1,1,-1
2020-10-20,QQQ,2020,0.002147129908114067,0,1,1,-1
2020-10-21,QQQ,2020,-0.0007739781137754678,-1,1,1,-1
2020-10-22,QQQ,2020,-3.544761307093946e-05,-1,1,1,-1
2020-10-23,QQQ,2020,0.0019687163291891136,-1,1,1,-1
2020-10-26,QQQ,2020,-0.015109522531225208,-1,1,1,-1
2020-10-27,QQQ,2020,0.0077778784863679,-1,1,1,-1
2020-10-28,QQQ,2020,-0.03976688981033381,1,1,-1,-1
2020-10-29,QQQ,2020,0.01733516405192296,1,1,-1,-1
2020-10-30,QQQ,2020,-0.025690070132487544,1,1,0,-1
2020-11-02,QQQ,2020,0.0022250930769294745,1,1,-1,-1
2020-11-03,QQQ,2020,0.017149628674455037,1,1,1,-1
2020-11-04,QQQ,2020,0.04367106675274151,0,1,0,-1
2020-11-05,QQQ,2020,0.025736646527210544,-1,1,-1,-1
2020-11-06,QQQ,2020,0.0007468499285557295,0,1,1,-1
2020-11-09,QQQ,2020,-0.020645082111995994,0,1,0,-1
2020-11-10,QQQ,2020,-0.0180773479792616,1,1,1,-1
2020-11-11,QQQ,2020,0.022123125939700363,0,1,1,-1
2020-11-12,QQQ,2020,-0.004704513841907657,1,1,1,-1
2020-11-13,QQQ,2020,0.008734206506323451,0,1,1,-1
2020-11-16,QQQ,2020,0.007772242623101076,-1,1,1,-1
2020-11-17,QQQ,2020,-0.003176828252893849,1,1,-1,-1
2020-11-18,QQQ,2020,-0.007417758827160288,1,1,1,-1
2020-11-19,QQQ,2020,0.007793908155747163,1,1,1,-1
2020-11-20,QQQ,2020,-0.006863768795731418,1,1,-1,1
2020-11-23,QQQ,2020,3.425577986411166e-05,1,1,1,1
2020-11-24,QQQ,2020,0.0139521719767407,1,1,1,1
2020-11-25,QQQ,2020,0.006128177005132407,1,1,-1,1
2020-11-27,QQQ,2020,0.009171954025096806,1,1,-1,1
2020-11-30,QQQ,2020,0.002037916317284378,1,1,1,1
2020-12-01,QQQ,2020,0.012735004688046038,1,1,1,1
2020-12-02,QQQ,2020,0.001284351771908338,0,1,1,1
2020-12-03,QQQ,2020,0.0014137902286344938,-1,1,-1,1
2020-12-04,QQQ,2020,0.0040671532624502885,-1,1,1,1
2020-12-07,QQQ,2020,0.005646777278989899,-1,1,1,1
2020-12-08,QQQ,2020,0.003378908660140645,0,1,1,1
2020-12-09,QQQ,2020,-0.022901113306237213,1,1,0,1
2020-12-10,QQQ,2020,0.004007475151410559,1,1,1,1
2020-12-11,QQQ,2020,-0.0022170106870061626,1,1,1,1
2020-12-14,QQQ,2020,0.007229166803170805,1,1,1,1
2020-12-15,QQQ,2020,0.010632272385539569,1,1,1,1
2020-12-16,QQQ,2020,0.005484860118758117,0,1,1,1
2020-12-17,QQQ,2020,0.006516393265384963,0,1,1,1
2020-12-18,QQQ,2020,-0.0030269138581131617,1,1,1,1
2020-12-21,QQQ,2020,-0.0018725943383466463,1,1,0,1
2020-12-22,QQQ,2020,0.0027152334090094865,1,1,1,1
2020-12-23,QQQ,2020,-0.00504861940774102,1,1,1,1
2020-12-24,QQQ,2020,0.0044030364015915585,0,1,1,1
2020-12-28,QQQ,2020,0.010028253248973572,0,1,1,1
2020-12-29,QQQ,2020,0.0008951093801426893,-1,1,1,1
2020-12-30,QQQ,2020,3.192819882160502e-05,1,1,1,1
2020-12-31,QQQ,2020,0.002457223543075379,1,1,1,1
2021-01-04,QQQ,2021,-0.014220334438754026,0,1,0,1
2021-01-05,QQQ,2021,0.00820991143031045,0,1,1,1
2021-01-06,QQQ,2021,-0.013948798714808943,1,1,0,1
2021-01-07,QQQ,2021,0.02390346284985327,0,1,0,1
2021-01-08,QQQ,2021,0.01277624559875915,-1,1,1,1
2021-01-11,QQQ,2021,-0.014555469955699786,0,1,1,1
2021-01-12,QQQ,2021,-0.0015914914071320028,1,1,1,1
2021-01-13,QQQ,2021,0.006730407181022861,1,1,1,1
2021-01-14,QQQ,2021,-0.005361403687994878,1,1,1,1
2021-01-15,QQQ,2021,-0.007952951863999597,1,1,1,1
2021-01-19,QQQ,2021,0.014484617168219338,1,1,1,1
2021-01-20,QQQ,2021,0.02299442692260089,0,1,1,1
2021-01-21,QQQ,2021,0.007967838166195736,-1,1,1,1
2021-01-22,QQQ,2021,-0.0028845429806516197,-1,1,1,1
2021-01-25,QQQ,2021,0.008232572997595411,0,1,1,1
2021-01-26,QQQ,2021,0.0014615133332253367,0,1,1,1
2021-01-27,QQQ,2021,-0.02827256297858524,1,1,1,1
2021-01-28,QQQ,2021,0.00589930418235049,1,1,1,1
2021-01-29,QQQ,2021,-0.02126249881546352,1,1,0,1
2021-02-01,QQQ,2021,0.024679983711510763,1,1,1,1
2021-02-02,QQQ,2021,0.016182899321134474,1,1,1,1
2021-02-03,QQQ,2021,-0.00397533856331819,1,1,1,1
2021-02-04,QQQ,2021,0.011757224717500053,1,1,1,1
2021-02-05,QQQ,2021,0.0033858328724012863,1,1,1,1
2021-02-08,QQQ,2021,0.006677369717202774,1,1,1,1
2021-02-09,QQQ,2021,-0.00021017996926184449,0,1,1,1
2021-02-10,QQQ,2021,-0.002281364557919961,0,1,1,1
2021-02-11,QQQ,2021,0.0054846454245920245,-1,1,1,1
2021-02-12,QQQ,2021,0.005573533317411902,-1,1,1,1
2021-02-16,QQQ,2021,-0.0027081957789083263,-1,1,1,1
2021-02-17,QQQ,2021,-0.004809711054978944,-1,1,1,1
2021-02-18,QQQ,2021,-0.004381933652542778,-1,1,1,1
2021-02-19,QQQ,2021,-0.004370937123469977,-1,1,1,1
2021-02-22,QQQ,2021,-0.026261667251839312,0,1,1,1
2021-02-23,QQQ,2021,-0.002982021878508948,0,1,0,1
2021-02-24,QQQ,2021,0.00820974642374389,-1,1,1,1
2021-02-25,QQQ,2021,-0.03548494559797308,-1,1,0,1
2021-02-26,QQQ,2021,0.004179081174376607,0,1,1,1
2021-03-01,QQQ,2021,0.029638185122220533,-1,1,1,1
2021-03-02,QQQ,2021,-0.016168735093277806,-1,1,1,1
2021-03-03,QQQ,2021,-0.029449260086312826,0,1,1,1
2021-03-04,QQQ,2021,-0.01650267218955266,1,1,0,1
2021-03-05,QQQ,2021,0.014948724553207832,0,1,0,1
2021-03-08,QQQ,2021,-0.028722743813378186,1,1,0,1
2021-03-09,QQQ,2021,0.038683095328213526,1,1,1,1
2021-03-10,QQQ,2021,-0.002858302240466778,1,1,1,1
2021-03-11,QQQ,2021,0.022769931677778455,-1,1,1,1
2021-03-12,QQQ,2021,-0.008145157747210733,0,1,1,1
2021-03-15,QQQ,2021,0.010626138760809766,0,1,1,-1
2021-03-16,QQQ,2021,0.005473894075231839,0,1,1,-1
2021-03-17,QQQ,2021,0.004108907675566718,-1,1,1,-1
2021-03-18,QQQ,2021,-0.03110971339403386,0,1,1,-1
2021-03-19,QQQ,2021,0.0035194450398325443,0,1,1,-1
2021-03-22,QQQ,2021,0.018579446852221956,0,1,1,-1
2021-03-23,QQQ,2021,-0.004372426519068087,0,1,1,-1
2021-03-24,QQQ,2021,-0.01700908755193041,1,1,1,-1
2021-03-25,QQQ,2021,-0.0017329268849251938,1,1,1,-1
2021-03-26,QQQ,2021,0.014888913366366292,1,1,1,-1
2021-03-29,QQQ,2021,-0.00028517221276751204,1,1,1,-1
2021-03-30,QQQ,2021,-0.005045588799914348,1,1,1,-1
2021-03-31,QQQ,2021,0.015187012236333059,1,1,1,-1
2021-04-01,QQQ,2021,0.016902494735887647,1,1,1,-1
2021-04-05,QQQ,2021,0.019768605794800602,1,1,1,-1
2021-04-06,QQQ,2021,-0.0006954044323216871,1,1,1,-1
2021-04-07,QQQ,2021,0.0024154742311800438,1,1,1,-1
2021-04-08,QQQ,2021,0.01037957847914521,1,1,1,-1
2021-04-09,QQQ,2021,0.0060400499408380486,1,1,1,-1
2021-04-12,QQQ,2021,-0.0013062303184706383,1,1,1,-1
2021-04-13,QQQ,2021,0.011605722350815775,-1,1,1,-1
2021-04-14,QQQ,2021,-0.012081053496835725,0,1,1,-1
2021-04-15,QQQ,2021,0.015041855518760144,-1,1,1,-1
2021-04-16,QQQ,2021,0.0011704564457988278,-1,1,1,-1
2021-04-19,QQQ,2021,-0.009194025543965036,0,1,1,-1
2021-04-20,QQQ,2021,-0.007315272602533151,1,1,1,-1
2021-04-21,QQQ,2021,0.008524288355593244,0,1,1,-1
2021-04-22,QQQ,2021,-0.012127515110676466,1,1,1,-1
2021-04-23,QQQ,2021,0.012510748848284698,0,1,1,-1
2021-04-26,QQQ,2021,0.006489838116988496,-1,1,1,-1
2021-04-27,QQQ,2021,-0.0043414967232734926,-1,1,1,1
2021-04-28,QQQ,2021,-0.0033866107333911455,-1,1,1,1
2021-04-29,QQQ,2021,0.0035926133505195168,-1,1,1,1
2021-04-30,QQQ,2021,-0.006576337996157744,-1,1,1,1
2021-05-03,QQQ,2021,-0.005339695287399665,-1,1,1,1
2021-05-04,QQQ,2021,-0.018159942818405383,0,1,0,1
2021-05-05,QQQ,2021,-0.00336795130042406,-1,1,1,1
2021-05-06,QQQ,2021,0.0075093208528037025,-1,1,1,1
2021-05-07,QQQ,2021,0.008081587511241725,-1,1,1,1
2021-05-10,QQQ,2021,-0.025578757540740134,0,1,0,1
2021-05-11,QQQ,2021,-0.0013825465018180592,0,1,1,1
2021-05-12,QQQ,2021,-0.02622365723732264,1,1,1,1
2021-05-13,QQQ,2021,0.007701737856267236,1,1,1,1
2021-05-14,QQQ,2021,0.021836593895061297,0,1,1,1
2021-05-17,QQQ,2021,-0.006084641673375952,1,1,1,1
2021-05-18,QQQ,2021,-0.006773752138634664,1,1,1,1
2021-05-19,QQQ,2021,0.0011479435292092717,1,1,1,1
2021-05-20,QQQ,2021,0.019158218655946854,1,1,1,1
2021-05-21,QQQ,2021,-0.005550076702906656,1,1,1,1
2021-05-24,QQQ,2021,0.01667920103236815,0,1,1,1
2021-05-25,QQQ,2021,0.0013826965898580375,0,1,1,1
2021-05-26,QQQ,2021,0.00347751487714659,-1,1,1,1
2021-05-27,QQQ,2021,-0.0037482457040388245,1,1,1,1
2021-05-28,QQQ,2021,0.003149669573481731,1,1,1,1
2021-06-01,QQQ,2021,-0.00332966149939556,1,1,1,1
2021-06-02,QQQ,2021,0.0019509426251731123,1,1,1,1
2021-06-03,QQQ,2021,-0.010460195631180015,1,1,1,1
2021-06-04,QQQ,2021,0.016827298414503842,1,1,1,1
2021-06-07,QQQ,2021,0.0029753868699719114,1,1,1,1
2021-06-08,QQQ,2021,0.0004751105427341867,1,1,1,1
2021-06-09,QQQ,2021,0.0002376108437252036,1,1,1,1
2021-06-10,QQQ,2021,0.010366629604731732,1,1,1,1
2021-06-11,QQQ,2021,0.0026114408893661667,1,1,1,1
2021-06-14,QQQ,2021,0.009536913378624957,0,1,1,1
2021-06-15,QQQ,2021,-0.006552129257610569,1,1,1,1
2021-06-16,QQQ,2021,-0.003659138751051897,1,1,1,1
2021-06-17,QQQ,2021,0.01261756738425488,1,1,1,1
2021-06-18,QQQ,2021,-0.007878122716371158,1,1,1,1
2021-06-21,QQQ,2021,0.0061957641203352265,1,1,1,1
2021-06-22,QQQ,2021,0.0092783534530608,1,1,1,1
2021-06-23,QQQ,2021,0.0004888848444348569,1,1,1,1
2021-06-24,QQQ,2021,0.006163823741405814,1,1,1,1
2021-06-25,QQQ,2021,-0.001229675086954811,1,1,1,1
2021-06-28,QQQ,2021,0.012088153980353242,1,1,1,1
2021-06-29,QQQ,2021,0.0036122280918820526,1,1,1,1
2021-06-30,QQQ,2021,-0.0015788831208154602,1,1,-1,1
2021-07-01,QQQ,2021,0.0003950875781536252,1,1,1,1
2021-07-02,QQQ,2021,0.011413572650380139,1,1,1,1
2021-07-06,QQQ,2021,0.0043122604719455756,0,1,1,1
2021-07-07,QQQ,2021,0.0021080576183170586,0,1,1,1
2021-07-08,QQQ,2021,-0.00605800231078726,0,1,1,1
2021-07-09,QQQ,2021,0.006224037084564766,-1,1,1,1
2021-07-12,QQQ,2021,0.003898587542944732,-1,1,1,1
2021-07-13,QQQ,2021,0.0,-1,1,1,1
2021-07-14,QQQ,2021,0.0017915763278091548,0,1,1,1
2021-07-15,QQQ,2021,-0.007048521025558677,1,1,1,1
2021-07-16,QQQ,2021,-0.008132136837856617,1,1,1,1
2021-07-19,QQQ,2021,-0.008227359643877986,1,1,1,1
2021-07-20,QQQ,2021,0.011549471631779485,1,1,0,1
2021-07-21,QQQ,2021,0.00769111357843753,1,1,1,1
2021-07-22,QQQ,2021,0.006588198913089281,1,1,-1,1
2021-07-23,QQQ,2021,0.01160975382856431,-1,1,1,1
2021-07-26,QQQ,2021,0.000787195484222285,-1,1,1,1
2021-07-27,QQQ,2021,-0.011078996962709406,0,1,0,1
2021-07-28,QQQ,2021,0.0038341359751756063,0,1,1,1
2021-07-29,QQQ,2021,0.0017753213758051765,1,1,1,1
2021-07-30,QQQ,2021,-0.0052254678036152006,1,1,1,1
2021-08-02,QQQ,2021,8.236902284254917e-05,1,1,1,1
2021-08-03,QQQ,2021,0.006043295382186898,0,1,1,1
2021-08-04,QQQ,2021,0.0014437160031517053,0,1,1,1
2021-08-05,QQQ,2021,0.0063227542013721,-1,1,1,1
2021-08-06,QQQ,2021,-0.004391780233526596,0,1,1,1
2021-08-09,QQQ,2021,0.0018458980031152942,0,1,1,1
2021-08-10,QQQ,2021,-0.005138979113676492,0,1,1,1
2021-08-11,QQQ,2021,-0.0017187067956145026,-1,1,1,1
2021-08-12,QQQ,2021,0.0035979816186021696,-1,1,1,1
2021-08-13,QQQ,2021,0.003503833165171566,0,1,-1,1
2021-08-16,QQQ,2021,0.0004337935002154247,1,1,1,1
2021-08-17,QQQ,2021,-0.008847408195248022,1,1,1,1
2021-08-18,QQQ,2021,-0.009671246909466965,1,1,1,1
2021-08-19,QQQ,2021,0.004819927119909,1,1,1,1
2021-08-20,QQQ,2021,0.0103051095442801,1,1,1,1
2021-08-23,QQQ,2021,0.014845754165419393,1,1,1,1
2021-08-24,QQQ,2021,0.0030497506626157114,1,1,1,1
2021-08-25,QQQ,2021,0.0011479853239073081,1,1,1,1
2021-08-26,QQQ,2021,-0.006370185690612107,1,1,1,1
2021-08-27,QQQ,2021,0.009673053118930146,1,1,1,1
2021-08-30,QQQ,2021,0.011159942212083438,0,1,1,1
2021-08-31,QQQ,2021,-0.000815621356682847,0,1,1,1
2021-09-01,QQQ,2021,0.0016566053458855064,0,1,1,1
2021-09-02,QQQ,2021,-0.000472811469638879,-1,1,1,1
2021-09-03,QQQ,2021,0.003070810729839963,-1,1,1,1
2021-09-07,QQQ,2021,0.0014141609985453964,-1,1,1,1
2021-09-08,QQQ,2021,-0.0034866358001827435,-1,1,1,1
2021-09-09,QQQ,2021,-0.0034464616217965813,0,1,1,1
2021-09-10,QQQ,2021,-0.007618158679089782,0,1,0,1
2021-09-13,QQQ,2021,-0.000690873436058082,-1,1,1,1
2021-09-14,QQQ,2021,-0.002847042524633121,-1,1,1,1
2021-09-15,QQQ,2021,0.007407277394987264,-1,1,1,1
2021-09-16,QQQ,2021,0.000687398659778604,-1,1,1,1
2021-09-17,QQQ,2021,-0.01191286275581401,0,1,1,1
2021-09-20,QQQ,2021,-0.02087971138066007,0,1,0,1
2021-09-21,QQQ,2021,0.0012296477173462772,-1,1,1,1
2021-09-22,QQQ,2021,0.009297424974560571,-1,1,1,1
2021-09-23,QQQ,2021,0.009184408848937025,-1,1,1,1
2021-09-24,QQQ,2021,0.0009379743616401083,-1,1,1,1
2021-09-27,QQQ,2021,-0.00801415508332595,-1,1,1,1
2021-09-28,QQQ,2021,-0.028705915438886728,0,1,0,1
2021-09-29,QQQ,2021,-0.001640617796075198,0,1,1,1
2021-09-30,QQQ,2021,-0.0036808810218686727,1,1,0,1
2021-10-01,QQQ,2021,0.006182791197048915,0,1,0,1
2021-10-04,QQQ,2021,-0.021213087583746446,1,1,0,1
2021-10-05,QQQ,2021,0.01340886749610585,0,1,1,1
2021-10-06,QQQ,2021,0.006387300740292358,0,1,0,1
2021-10-07,QQQ,2021,0.009133013113108598,1,1,1,1
2021-10-08,QQQ,2021,-0.00499879888395232,1,1,1,1
2021-10-11,QQQ,2021,-0.007699431665302532,1,1,1,1
2021-10-12,QQQ,2021,-0.003493977205007204,1,1,1,1
2021-10-13,QQQ,2021,0.007975935810318911,1,1,1,1
2021-10-14,QQQ,2021,0.01824936493112041,1,1,1,1
2021-10-15,QQQ,2021,0.006280971206477685,1,1,1,1
2021-10-18,QQQ,2021,0.010005485120997607,1,1,1,1
2021-10-19,QQQ,2021,0.007538914109650195,1,1,1,1
2021-10-20,QQQ,2021,-0.0013059031936610162,1,1,1,1
2021-10-21,QQQ,2021,0.006088669015645956,1,1,1,1
2021-10-22,QQQ,2021,-0.008438143314154602,1,1,1,1
2021-10-25,QQQ,2021,0.010185781580094998,1,1,1,1
2021-10-26,QQQ,2021,0.0031439386753107017,1,1,1,1
2021-10-27,QQQ,2021,0.002318482962532714,1,1,1,1
2021-10-28,QQQ,2021,0.011043970955969118,1,1,1,1
2021-10-29,QQQ,2021,0.004907199712724041,1,1,1,1
2021-11-01,QQQ,2021,0.0034125712423620997,1,1,1,1
2021-11-02,QQQ,2021,0.004172705065746696,1,1,1,1
2021-11-03,QQQ,2021,0.010559675237596692,-1,1,1,1
2021-11-04,QQQ,2021,0.012737117542282878,-1,1,1,1
2021-11-05,QQQ,2021,0.0009538090839218378,-1,1,1,1
2021-11-08,QQQ,2021,-0.0013557724535489342,-1,1,1,1
2021-11-09,QQQ,2021,-0.0069069998159660565,0,1,1,1
2021-11-10,QQQ,2021,-0.014806053878883353,1,1,0,1
2021-11-11,QQQ,2021,0.002768865209851925,1,1,1,1
2021-11-12,QQQ,2021,0.010467645836895044,1,1,1,1
2021-11-15,QQQ,2021,-0.0002282651476730475,1,1,1,1
2021-11-16,QQQ,2021,0.007095889877159996,0,1,1,1
2021-11-17,QQQ,2021,0.0005282992214900757,0,1,1,1
2021-11-18,QQQ,2021,0.010308051051327488,-1,1,1,1
2021-11-19,QQQ,2021,0.005560026583058755,-1,1,1,1
2021-11-22,QQQ,2021,-0.011677267125033133,0,1,0,1
2021-11-23,QQQ,2021,-0.004568240217551471,-1,1,0,1
2021-11-24,QQQ,2021,0.0032150034231171877,-1,1,0,1
2021-11-26,QQQ,2021,-0.019140470404421784,-1,1,0,1
2021-11-29,QQQ,2021,0.02147008626431883,-1,1,1,1
2021-11-30,QQQ,2021,-0.014795390952934733,0,1,0,1
2021-12-01,QQQ,2021,-0.01715907884124719,1,1,0,1
2021-12-02,QQQ,2021,0.007181209177156353,0,1,1,1
2021-12-03,QQQ,2021,-0.017541521460299452,1,1,0,1
2021-12-06,QQQ,2021,0.007980907100124647,1,1,1,1
2021-12-07,QQQ,2021,0.029669440337796383,-1,1,1,1
2021-12-08,QQQ,2021,0.004464094421905091,-1,1,1,1
2021-12-09,QQQ,2021,-0.014823506952325125,-1,1,1,1
2021-12-10,QQQ,2021,0.010811802232822947,-1,1,1,1
2021-12-13,QQQ,2021,-0.014552209014267563,-1,1,1,1
2021-12-14,QQQ,2021,-0.010404522674692177,0,1,1,1
2021-12-15,QQQ,2021,0.02254188193850769,0,1,0,1
2021-12-16,QQQ,2021,-0.026051033312185567,1,1,0,1
2021-12-17,QQQ,2021,-0.005001632347892487,1,1,1,1
2021-12-20,QQQ,2021,-0.00974787043165387,1,1,1,1
2021-12-21,QQQ,2021,0.02213354340798552,1,1,1,0
2021-12-22,QQQ,2021,0.012104989679278892,1,1,1,0
2021-12-23,QQQ,2021,0.007510796799356417,0,1,1,0
2021-12-27,QQQ,2021,0.0163922065799097,0,1,1,0
2021-12-28,QQQ,2021,-0.004645621382782921,-1,1,1,0
2021-12-29,QQQ,2021,-0.00014912745429306883,-1,1,1,0
2021-12-30,QQQ,2021,-0.0029930272982510004,-1,1,1,0
2021-12-31,QQQ,2021,-0.006264092478700856,-1,1,1,0
2022-01-03,QQQ,2022,0.009580812931168543,-1,1,1,-1
2022-01-04,QQQ,2022,-0.013055554592679236,-1,1,1,-1
2022-01-05,QQQ,2022,-0.031202836689026122,0,1,0,-1
2022-01-06,QQQ,2022,-0.0007028603978874592,-1,1,1,-1
2022-01-07,QQQ,2022,-0.010891874359169149,0,1,1,-1
2022-01-10,QQQ,2022,0.000657819372394381,-1,1,0,-1
2022-01-11,QQQ,2022,0.014910242569868708,-1,1,1,-1
2022-01-12,QQQ,2022,0.0039579262673972455,-1,1,1,-1
2022-01-13,QQQ,2022,-0.025334248663828073,-1,1,1,-1
2022-01-14,QQQ,2022,0.006203103065143236,-1,1,1,-1
2022-01-18,QQQ,2022,-0.02520938259232863,-1,1,1,-1
2022-01-19,QQQ,2022,-0.011044266530937022,-1,1,1,-1
2022-01-20,QQQ,2022,-0.013073421883121515,-1,1,0,-1
2022-01-21,QQQ,2022,-0.028120284558652422,0,1,0,1
2022-01-24,QQQ,2022,0.0045673743247243315,0,1,0,1
2022-01-25,QQQ,2022,-0.023454353732402802,1,1,1,1
2022-01-26,QQQ,2022,-0.0015660774252015265,1,1,0,1
2022-01-27,QQQ,2022,-0.010121492587942553,1,1,1,1
2022-01-28,QQQ,2022,0.030887056530360855,0,1,0,1
2022-01-31,QQQ,2022,0.03147788564675516,0,1,1,1
2022-02-01,QQQ,2022,0.00678026148603934,-1,1,1,1
2022-02-02,QQQ,2022,0.008092541077422074,0,1,1,1
2022-02-03,QQQ,2022,-0.0413886550636144,0,1,1,1
2022-02-04,QQQ,2022,0.012536438003330267,-1,1,1,1
2022-02-07,QQQ,2022,-0.008077216952519412,-1,1,1,1
2022-02-08,QQQ,2022,0.011172596856650906,0,1,1,1
2022-02-09,QQQ,2022,0.02096943273787222,-1,1,1,1
2022-02-10,QQQ,2022,-0.022892813177088953,-1,1,1,1
2022-02-11,QQQ,2022,-0.03223548676900052,0,1,1,1
2022-02-14,QQQ,2022,0.0012382053325065705,-1,1,1,1
2022-02-15,QQQ,2022,0.02455989748402753,-1,1,1,1
2022-02-16,QQQ,2022,-0.0002526673910672024,-1,1,1,1
2022-02-17,QQQ,2022,-0.030195120544337647,0,1,1,1
2022-02-18,QQQ,2022,-0.011470948885729498,1,1,1,1
2022-02-22,QQQ,2022,-0.010094330639987957,0,1,1,1
2022-02-23,QQQ,2022,-0.02594910490705512,1,1,1,1
2022-02-24,QQQ,2022,0.03305208867594818,0,1,0,1
2022-02-25,QQQ,2022,0.01538795784645158,-1,1,1,1
2022-02-28,QQQ,2022,0.0029745016176721626,-1,1,1,1
2022-03-01,QQQ,2022,-0.015429720156342294,-1,1,1,1
2022-03-02,QQQ,2022,0.016639851997375155,-1,1,1,1
2022-03-03,QQQ,2022,-0.014387494838881184,-1,1,1,1
2022-03-04,QQQ,2022,-0.014597985288120254,-1,1,1,1
2022-03-07,QQQ,2022,-0.03757853344218117,0,1,1,1
2022-03-08,QQQ,2022,-0.00465888191210543,0,1,0,1
2022-03-09,QQQ,2022,0.03536523007769267,1,1,1,1
2022-03-10,QQQ,2022,-0.011166727471850548,1,1,1,1
2022-03-11,QQQ,2022,-0.020956678696067904,1,1,1,1
2022-03-14,QQQ,2022,-0.019391278444323597,1,1,1,1
2022-03-15,QQQ,2022,0.030884832849331134,1,1,1,1
2022-03-16,QQQ,2022,0.036415619838412135,1,1,1,1
2022-03-17,QQQ,2022,0.012033568096087185,1,1,1,1
2022-03-18,QQQ,2022,0.020261239159877435,1,1,1,1
2022-03-21,QQQ,2022,-0.0027840256305169506,1,1,1,1
2022-03-22,QQQ,2022,0.0194620049755651,1,1,1,1
2022-03-23,QQQ,2022,-0.014475739610244497,1,1,1,1
2022-03-24,QQQ,2022,0.0219834407283083,0,1,1,1
2022-03-25,QQQ,2022,-0.0008345885473329772,0,1,1,1
2022-03-28,QQQ,2022,0.015354183357885885,0,1,1,1
2022-03-29,QQQ,2022,0.017063013174070857,-1,1,1,1
2022-03-30,QQQ,2022,-0.011107018638199026,-1,1,1,1
2022-03-31,QQQ,2022,-0.012472473611164953,-1,1,1,1
2022-04-01,QQQ,2022,-0.0019046832248775314,-1,1,1,1
2022-04-04,QQQ,2022,0.02037959303159752,-1,1,1,1
2022-04-05,QQQ,2022,-0.022454665250873338,-1,1,1,1
2022-04-06,QQQ,2022,-0.02195042792821758,-1,1,-1,1
2022-04-07,QQQ,2022,0.002375143472523206,-1,1,1,1
2022-04-08,QQQ,2022,-0.014077656852141298,-1,1,1,1
2022-04-11,QQQ,2022,-0.023942072273848865,1,1,1,1
2022-04-12,QQQ,2022,-0.0042330454500920595,0,1,1,1
2022-04-13,QQQ,2022,0.020123016093637897,-1,1,1,1
2022-04-14,QQQ,2022,-0.023132525545819637,-1,1,1,1
2022-04-18,QQQ,2022,0.0007681209825738545,-1,1,1,1
2022-04-19,QQQ,2022,0.022104650942300456,-1,1,1,1
2022-04-20,QQQ,2022,-0.01469186667716346,-1,1,1,1
2022-04-21,QQQ,2022,-0.02090820188859048,0,1,0,1
2022-04-22,QQQ,2022,-0.026534722969198933,-1,1,1,1
2022-04-25,QQQ,2022,0.012763995601066395,-1,1,1,-1
2022-04-26,QQQ,2022,-0.03847579308852843,0,1,0,-1
2022-04-27,QQQ,2022,-0.001199006240839162,1,1,1,1
2022-04-28,QQQ,2022,0.034899742973020474,-1,1,1,1
2022-04-29,QQQ,2022,-0.04604260970646182,0,1,0,1
2022-05-02,QQQ,2022,0.016558148902662245,-1,1,1,1
2022-05-03,QQQ,2022,0.0010669475376583035,-1,1,1,1
2022-05-04,QQQ,2022,0.033253124979776116,-1,1,0,1
2022-05-05,QQQ,2022,-0.051676416463104925,-1,1,0,1
2022-05-06,QQQ,2022,-0.012053359402625365,-1,1,1,1
2022-05-09,QQQ,2022,-0.039912794085071535,0,1,1,1
2022-05-10,QQQ,2022,0.012075549617672269,0,1,1,1
2022-05-11,QQQ,2022,-0.030106723511994414,0,1,0,1
2022-05-12,QQQ,2022,-0.0023675101876913275,0,1,1,1
2022-05-13,QQQ,2022,0.03638982017979828,-1,1,1,1
2022-05-16,QQQ,2022,-0.011659296539506708,-1,1,1,1
2022-05-17,QQQ,2022,0.025571576054320325,-1,1,1,1
2022-05-18,QQQ,2022,-0.05033632166195443,0,1,1,1
2022-05-19,QQQ,2022,-0.005372603753723847,1,1,1,1
2022-05-20,QQQ,2022,-0.0031128226565009234,1,1,0,1
2022-05-23,QQQ,2022,0.016490755212505846,1,1,1,1
2022-05-24,QQQ,2022,-0.021491732381470022,1,1,1,1
2022-05-25,QQQ,2022,0.013898495945786031,1,1,1,1
2022-05-26,QQQ,2022,0.027330229290638455,0,1,1,1
2022-05-27,QQQ,2022,0.03211836312119462,0,1,1,1
2022-05-31,QQQ,2022,-0.0026563489619920474,0,1,1,1
2022-06-01,QQQ,2022,-0.007423336079653703,0,1,1,1
2022-06-02,QQQ,2022,0.02701706244246199,-1,1,1,1
2022-06-03,QQQ,2022,-0.026363810649223142,-1,1,1,1
2022-06-06,QQQ,2022,0.0033256558822061942,-1,1,1,1
2022-06-07,QQQ,2022,0.008588624156346527,-1,1,1,1
2022-06-08,QQQ,2022,-0.007222342776473516,-1,1,1,1
2022-06-09,QQQ,2022,-0.027149844466254486,-1,1,1,1
2022-06-10,QQQ,2022,-0.03590785217679815,-1,1,1,1
2022-06-13,QQQ,2022,-0.04761176198868327,1,1,1,1
2022-06-14,QQQ,2022,0.0018136971290535538,1,1,1,1
2022-06-15,QQQ,2022,0.024665158747807288,0,1,1,1
2022-06-16,QQQ,2022,-0.04118277938036514,1,1,1,1
2022-06-17,QQQ,2022,0.012086188057232454,1,1,1,1
2022-06-21,QQQ,2022,0.024916331616120717,0,1,1,1
2022-06-22,QQQ,2022,-0.0014595188806988465,0,1,1,1
2022-06-23,QQQ,2022,0.014783158973260262,-1,1,1,1
2022-06-24,QQQ,2022,0.03368960324230146,-1,1,1,1
2022-06-27,QQQ,2022,-0.007358653354863081,-1,1,1,1
2022-06-28,QQQ,2022,-0.030940496088170916,0,1,1,1
2022-06-29,QQQ,2022,0.0009168670601433431,1,1,1,1
2022-06-30,QQQ,2022,-0.012480834032738584,1,1,1,1
2022-07-01,QQQ,2022,0.006578886594852194,1,1,1,1
2022-07-05,QQQ,2022,0.01697463620111098,0,1,1,1
2022-07-06,QQQ,2022,0.0063916909516316175,0,1,-1,1
2022-07-07,QQQ,2022,0.021173358056384723,-1,1,1,1
2022-07-08,QQQ,2022,0.0012533517937268956,0,1,-1,1
2022-07-11,QQQ,2022,-0.02159599133802181,0,1,1,1
2022-07-12,QQQ,2022,-0.009734631181268858,1,1,1,1
2022-07-13,QQQ,2022,-0.002063134596612587,1,1,1,1
2022-07-14,QQQ,2022,0.003564199706559033,1,1,1,1
2022-07-15,QQQ,2022,0.01797678100228606,1,1,-1,1
2022-07-18,QQQ,2022,-0.008498375627529173,1,1,1,1
2022-07-19,QQQ,2022,0.030289524606235577,0,1,1,1
2022-07-20,QQQ,2022,0.015732286196871663,0,1,1,1
2022-07-21,QQQ,2022,0.014253171504421411,0,1,1,1
2022-07-22,QQQ,2022,-0.01769089318780594,1,1,1,1
2022-07-25,QQQ,2022,-0.005712187193018878,1,1,1,1
2022-07-26,QQQ,2022,-0.019844457239867924,1,1,1,1
2022-07-27,QQQ,2022,0.041391156581508805,1,1,1,1
2022-07-28,QQQ,2022,0.00973043986389318,1,1,1,1
2022-07-29,QQQ,2022,0.018072899173043368,1,1,1,1
2022-08-01,QQQ,2022,-0.0006025004545328384,1,1,1,1
2022-08-02,QQQ,2022,-0.0029862225027795218,0,1,1,1
2022-08-03,QQQ,2022,0.026868526241705777,0,1,1,1
2022-08-04,QQQ,2022,0.0046657789773268035,0,1,1,1
2022-08-05,QQQ,2022,-0.008202781245536939,1,1,1,1
2022-08-08,QQQ,2022,-0.0032374825156190105,1,1,1,1
2022-08-09,QQQ,2022,-0.01138338136954682,1,1,1,1
2022-08-10,QQQ,2022,0.027528779458921397,0,1,1,1
2022-08-11,QQQ,2022,-0.0056923608402969054,1,1,1,1
2022-08-12,QQQ,2022,0.0192835547037157,-1,1,1,1
2022-08-15,QQQ,2022,0.008048653745000115,-1,1,1,1
2022-08-16,QQQ,2022,-0.0023447061913136917,-1,1,1,1
2022-08-17,QQQ,2022,-0.011471460757985046,-1,1,1,1
2022-08-18,QQQ,2022,0.002401927221645814,-1,1,1,1
2022-08-19,QQQ,2022,-0.019689694985248116,-1,1,1,1
2022-08-22,QQQ,2022,-0.026679948737541204,-1,1,1,1
2022-08-23,QQQ,2022,-0.0008274001469005911,-1,1,1,1
2022-08-24,QQQ,2022,0.002893208193059092,-1,1,1,1
2022-08-25,QQQ,2022,0.017527308883173356,-1,1,1,1
2022-08-26,QQQ,2022,-0.04185184725997524,-1,1,0,1
2022-08-29,QQQ,2022,-0.00990443320992097,-1,1,1,1
2022-08-30,QQQ,2022,-0.011198840113373956,0,1,1,1
2022-08-31,QQQ,2022,-0.005830643888526839,0,1,1,1
2022-09-01,QQQ,2022,0.00043428590139842717,1,1,1,1
2022-09-02,QQQ,2022,-0.014228635555423828,1,1,1,1
2022-09-06,QQQ,2022,-0.007208465874373277,0,1,1,1
2022-09-07,QQQ,2022,0.01999990493384283,0,1,1,1
2022-09-08,QQQ,2022,0.005171033165280616,-1,1,1,1
2022-09-09,QQQ,2022,0.021626527872178877,-1,1,1,1
2022-09-12,QQQ,2022,0.011815837651942286,-1,1,1,1
2022-09-13,QQQ,2022,-0.0563976537499962,0,1,0,1
2022-09-14,QQQ,2022,0.007901753006319318,-1,1,1,1
2022-09-15,QQQ,2022,-0.016793852860155698,-1,1,1,1
2022-09-16,QQQ,2022,-0.006133157031946391,-1,1,1,1
2022-09-19,QQQ,2022,0.007756984279021489,-1,1,1,1
2022-09-20,QQQ,2022,-0.008003237405994214,-1,1,1,1
2022-09-21,QQQ,2022,-0.018068182122118265,0,1,0,1
2022-09-22,QQQ,2022,-0.012384209752210934,-1,1,1,1
2022-09-23,QQQ,2022,-0.016415620555634024,-1,1,1,1
2022-09-26,QQQ,2022,-0.004146244791306401,0,1,1,1
2022-09-27,QQQ,2022,0.0004006259464227835,1,1,1,1
2022-09-28,QQQ,2022,0.019697136802214913,0,1,1,1
2022-09-29,QQQ,2022,-0.029251558500391257,1,1,1,1
2022-09-30,QQQ,2022,-0.017101930248657755,0,1,1,1
2022-10-03,QQQ,2022,0.023189187559291512,-1,1,1,1
2022-10-04,QQQ,2022,0.030956968334208784,-1,1,1,1
2022-10-05,QQQ,2022,-0.0005321132335878935,-1,1,1,1
2022-10-06,QQQ,2022,-0.007904054038227465,-1,1,1,1
2022-10-07,QQQ,2022,-0.038848742110327204,-1,1,1,1
2022-10-10,QQQ,2022,-0.010046636735219812,0,1,1,1
2022-10-11,QQQ,2022,-0.013833392411203313,1,1,1,1
2022-10-12,QQQ,2022,-0.0003426890812207954,1,1,1,1
2022-10-13,QQQ,2022,0.023181536444014772,0,1,0,1
2022-10-14,QQQ,2022,-0.030518337709715668,1,1,1,1
2022-10-17,QQQ,2022,0.032488251607802957,1,1,-1,1
2022-10-18,QQQ,2022,0.00787660834069076,1,1,-1,1
2022-10-19,QQQ,2022,-0.0036534825287773995,1,1,1,1
2022-10-20,QQQ,2022,-0.005114970466989892,0,1,1,1
2022-10-21,QQQ,2022,0.02317713495833646,0,1,1,1
2022-10-24,QQQ,2022,0.010941364000846925,0,1,1,1
2022-10-25,QQQ,2022,0.020474956087096645,-1,1,1,1
2022-10-26,QQQ,2022,-0.022344376634429897,-1,1,1,1
2022-10-27,QQQ,2022,-0.018373473895310903,-1,1,1,1
2022-10-28,QQQ,2022,0.030141738779711193,-1,1,1,0
2022-10-31,QQQ,2022,-0.01169638582537854,-1,1,1,0
2022-11-01,QQQ,2022,-0.010270022252179784,-1,1,1,0
2022-11-02,QQQ,2022,-0.034878398594840695,0,1,1,0
2022-11-03,QQQ,2022,-0.01972799926956523,1,1,1,0
2022-11-04,QQQ,2022,0.01595698785832594,1,1,1,0
2022-11-07,QQQ,2022,0.010934378991475665,1,1,1,1
2022-11-08,QQQ,2022,0.007261130952020125,1,1,1,1
2022-11-09,QQQ,2022,-0.02334706124686851,1,1,1,1
2022-11-10,QQQ,2022,0.07119311829445159,0,1,1,1
2022-11-11,QQQ,2022,0.018258349265114618,0,1,1,0
2022-11-14,QQQ,2022,-0.008789781990371252,-1,1,1,1
2022-11-15,QQQ,2022,0.013743433240876209,0,1,1,1
2022-11-16,QQQ,2022,-0.013743433240876155,1,1,1,1
2022-11-17,QQQ,2022,-0.0022095432930881623,0,1,1,1
2022-11-18,QQQ,2022,3.540079647784979e-05,0,1,1,1
2022-11-21,QQQ,2022,-0.010340480656393673,0,1,1,1
2022-11-22,QQQ,2022,0.014299862133600306,1,1,1,1
2022-11-23,QQQ,2022,0.009986810741757285,1,1,1,1
2022-11-25,QQQ,2022,-0.006600250279190384,1,1,1,1
2022-11-28,QQQ,2022,-0.014781799665758938,1,1,1,1
2022-11-29,QQQ,2022,-0.00759847763514838,0,1,1,1
2022-11-30,QQQ,2022,0.044577549020787574,-1,1,0,1
2022-12-01,QQQ,2022,0.0012260205624676352,-1,1,1,1
2022-12-02,QQQ,2022,-0.0039912220656601926,-1,1,1,1
2022-12-05,QQQ,2022,-0.01692572753284703,0,1,1,1
2022-12-06,QQQ,2022,-0.020937972192486828,1,1,1,1
2022-12-07,QQQ,2022,-0.004091179744110437,1,1,1,1
2022-12-08,QQQ,2022,0.011765295135279595,-1,1,1,1
2022-12-09,QQQ,2022,-0.006396957621946869,-1,1,1,1
2022-12-12,QQQ,2022,0.012473141074406302,-1,1,1,1
2022-12-13,QQQ,2022,0.010692802974436073,-1,1,0,1
2022-12-14,QQQ,2022,-0.007441419522881273,-1,1,1,1
2022-12-15,QQQ,2022,-0.03415311494795205,-1,1,1,1
2022-12-16,QQQ,2022,-0.00958024129552955,-1,1,1,1
2022-12-19,QQQ,2022,-0.014153305129401774,-1,1,1,1
2022-12-20,QQQ,2022,-0.0007786301423418723,-1,1,1,1
2022-12-21,QQQ,2022,0.014401725091959021,-1,1,1,1
2022-12-22,QQQ,2022,-0.024769275528505396,0,1,1,1
2022-12-23,QQQ,2022,0.002246209178065014,0,1,1,1
2022-12-27,QQQ,2022,-0.014238701553517856,0,1,1,1
2022-12-28,QQQ,2022,-0.013290911268340968,0,1,1,1
2022-12-29,QQQ,2022,0.024082844920966205,0,1,1,1
2022-12-30,QQQ,2022,-0.0006003525015181348,1,1,1,1
2023-01-03,QQQ,2023,-0.006782951218289173,1,1,1,0
2023-01-04,QQQ,2023,0.004752529085366626,1,1,-1,0
2023-01-05,QQQ,2023,-0.01577819908064475,1,1,1,0
2023-01-06,QQQ,2023,0.02722751421114262,1,1,0,1
2023-01-09,QQQ,2023,0.006452515909644389,1,1,1,1
2023-01-10,QQQ,2023,0.008428802981877833,1,1,1,1
2023-01-11,QQQ,2023,0.017152336142841094,0,1,-1,1
2023-01-12,QQQ,2023,0.005389796003403786,0,1,1,1
2023-01-13,QQQ,2023,0.006856955937608043,1,1,-1,1
2023-01-17,QQQ,2023,0.0020267701047364324,1,1,1,1
2023-01-18,QQQ,2023,-0.013085354865558542,1,1,1,1
2023-01-19,QQQ,2023,-0.009873041252509263,1,1,-1,1
2023-01-20,QQQ,2023,0.02699910358864252,1,1,1,1
2023-01-23,QQQ,2023,0.02197315422328467,0,1,1,1
2023-01-24,QQQ,2023,-0.0020442177885412025,1,1,-1,1
2023-01-25,QQQ,2023,-0.002221558978434691,1,1,1,1
2023-01-26,QQQ,2023,0.01930965383480322,1,1,-1,1
2023-01-27,QQQ,2023,0.009905042324507276,1,1,1,1
2023-01-30,QQQ,2023,-0.020426042256326438,1,1,-1,1
2023-01-31,QQQ,2023,0.014874817224947216,1,1,-1,1
2023-02-01,QQQ,2023,0.02115810783208724,0,1,0,1
2023-02-02,QQQ,2023,0.035260823541550114,-1,1,1,1
2023-02-03,QQQ,2023,-0.01793192768501027,-1,1,1,1
2023-02-06,QQQ,2023,-0.008495092719143388,0,1,1,1
2023-02-07,QQQ,2023,0.02050697440185417,0,1,1,1
2023-02-08,QQQ,2023,-0.017941243002669548,1,1,-1,1
2023-02-09,QQQ,2023,-0.008876922907513126,0,1,1,1
2023-02-10,QQQ,2023,-0.006584937091116854,0,1,-1,1
2023-02-13,QQQ,2023,0.015889132380426524,-1,1,1,1
2023-02-14,QQQ,2023,0.007362236987700959,-1,1,1,1
2023-02-15,QQQ,2023,0.007631480201529456,-1,1,1,1
2023-02-16,QQQ,2023,-0.01894247148075212,-1,1,-1,1
2023-02-17,QQQ,2023,-0.007080799719179885,-1,1,-1,1
2023-02-21,QQQ,2023,-0.023959738579496972,0,1,1,1
2023-02-22,QQQ,2023,0.0007479851202733968,-1,1,-1,1
2023-02-23,QQQ,2023,0.008696104182343957,0,1,-1,1
2023-02-24,QQQ,2023,-0.01688604849059975,1,1,-1,1
2023-02-27,QQQ,2023,0.007136039912481008,1,1,1,1
2023-02-28,QQQ,2023,-0.0012938823863442037,1,1,1,1
2023-03-01,QQQ,2023,-0.008071418196564291,1,1,-1,1
2023-03-02,QQQ,2023,0.008241769930878008,0,1,-1,1
2023-03-03,QQQ,2023,0.020462899107431053,-1,1,-1,1
2023-03-06,QQQ,2023,0.0011337940934260887,-1,1,-1,1
2023-03-07,QQQ,2023,-0.012341533092296846,0,1,-1,1
2023-03-08,QQQ,2023,0.004981779021325344,0,1,-1,1
2023-03-09,QQQ,2023,-0.017477850051924964,1,1,0,1
2023-03-10,QQQ,2023,-0.014143076193471165,1,1,1,1
2023-03-13,QQQ,2023,0.007388991062539941,1,1,0,1
2023-03-14,QQQ,2023,0.022719742154001736,1,1,-1,1
2023-03-15,QQQ,2023,0.005232229587755893,1,1,1,1
2023-03-16,QQQ,2023,0.026019410084914704,0,1,0,1
2023-03-17,QQQ,2023,-0.004737442183573691,1,1,-1,1
2023-03-20,QQQ,2023,0.003542684714601489,0,1,1,1
2023-03-21,QQQ,2023,0.014181416028782944,-1,1,1,1
2023-03-22,QQQ,2023,-0.013691315610362893,1,1,1,1
2023-03-23,QQQ,2023,0.01178829657157686,1,1,1,1
2023-03-24,QQQ,2023,0.0036737150752807015,1,1,1,1
2023-03-27,QQQ,2023,-0.006875067159910298,1,1,1,1
2023-03-28,QQQ,2023,-0.005325732432282452,1,1,1,1
2023-03-29,QQQ,2023,0.01806990551820508,1,1,1,1
2023-03-30,QQQ,2023,0.009420802194157557,0,1,1,-1
2023-03-31,QQQ,2023,0.016494072269628336,0,1,1,-1
2023-04-03,QQQ,2023,-0.0024335880362415245,-1,1,1,-1
2023-04-04,QQQ,2023,-0.003378880832313889,-1,1,1,-1
2023-04-05,QQQ,2023,-0.009921606249310669,0,1,-1,-1
2023-04-06,QQQ,2023,0.006719478380447036,0,1,1,-1
2023-04-10,QQQ,2023,-0.000566199103046825,0,1,1,-1
2023-04-11,QQQ,2023,-0.0064384443421139515,1,1,1,-1
2023-04-12,QQQ,2023,-0.008873145655368357,1,1,-1,-1
2023-04-13,QQQ,2023,0.01939297132380702,0,1,-1,-1
2023-04-14,QQQ,2023,-0.001881457091975402,0,1,-1,-1
2023-04-17,QQQ,2023,0.0008471181588541047,-1,1,1,-1
2023-04-18,QQQ,2023,6.250787140447374e-05,-1,1,1,-1
2023-04-19,QQQ,2023,-0.00047012378873878476,-1,1,1,-1
2023-04-20,QQQ,2023,-0.007653742767031892,1,1,1,-1
2023-04-21,QQQ,2023,0.001042510033881737,1,1,1,1
2023-04-24,QQQ,2023,-0.0020866984965620715,1,1,1,1
2023-04-25,QQQ,2023,-0.019043953833369643,1,1,1,1
2023-04-26,QQQ,2023,0.006046524770742215,1,1,1,1
2023-04-27,QQQ,2023,0.02682772078674488,-1,1,1,1
2023-04-28,QQQ,2023,0.0068749188660499555,0,1,1,1
2023-05-01,QQQ,2023,-0.0011476573316869982,0,1,1,1
2023-05-02,QQQ,2023,-0.008759530169157708,0,1,1,1
2023-05-03,QQQ,2023,-0.006565664168575044,1,1,1,1
2023-05-04,QQQ,2023,-0.0035360465834588157,1,1,1,1
2023-05-05,QQQ,2023,0.021031603504598196,0,1,1,1
2023-05-08,QQQ,2023,0.0024744405680517745,1,1,1,1
2023-05-09,QQQ,2023,-0.006353246829216782,1,1,1,1
2023-05-10,QQQ,2023,0.010822910423166078,1,1,1,1
2023-05-11,QQQ,2023,0.003254713013464383,1,1,1,1
2023-05-12,QQQ,2023,-0.003593299347987722,1,1,1,1
2023-05-15,QQQ,2023,0.005400437423759225,1,1,1,1
2023-05-16,QQQ,2023,0.0011315116909509767,1,1,1,1
2023-05-17,QQQ,2023,0.012031620008765353,0,1,1,1
2023-05-18,QQQ,2023,0.018402992922099327,0,1,1,1
2023-05-19,QQQ,2023,-0.0022559506977201504,1,1,1,1
2023-05-22,QQQ,2023,0.003352322061939838,1,1,1,1
2023-05-23,QQQ,2023,-0.012757212398724663,1,1,1,1
2023-05-24,QQQ,2023,-0.005142861558284481,1,1,1,-1
2023-05-25,QQQ,2023,0.02404149044958318,1,1,1,-1
2023-05-26,QQQ,2023,0.02522965591560802,1,1,0,-1
2023-05-30,QQQ,2023,0.004524831743878103,1,1,1,-1
2023-05-31,QQQ,2023,-0.005702580003992022,0,1,1,-1
2023-06-01,QQQ,2023,0.011486070317039472,0,1,0,-1
2023-06-02,QQQ,2023,0.0074716726970339604,0,1,1,-1
2023-06-05,QQQ,2023,0.0007047257713532507,1,1,1,-1
2023-06-06,QQQ,2023,-0.00016919054281879666,1,1,1,-1
2023-06-07,QQQ,2023,-0.01711082097439551,1,1,0,-1
2023-06-08,QQQ,2023,0.012336821931415783,1,1,1,-1
2023-06-09,QQQ,2023,0.003815442467657528,1,1,1,-1
2023-06-12,QQQ,2023,0.016755986731393783,1,1,1,-1
2023-06-13,QQQ,2023,0.007654572096130724,0,1,1,-1
2023-06-14,QQQ,2023,0.0072412842753781575,0,1,1,-1
2023-06-15,QQQ,2023,0.011845275641272144,-1,1,1,-1
2023-06-16,QQQ,2023,-0.0063126403932681294,-1,1,1,-1
2023-06-20,QQQ,2023,-0.001432760474339434,-1,1,1,-1
2023-06-21,QQQ,2023,-0.013721288849068118,0,1,1,-1
2023-06-22,QQQ,2023,0.0117298447561571,0,1,1,1
2023-06-23,QQQ,2023,-0.00996284455318199,1,1,1,1
2023-06-26,QQQ,2023,-0.013496207146612222,1,1,1,1
2023-06-27,QQQ,2023,0.01704792236052859,1,1,1,1
2023-06-28,QQQ,2023,0.0019495575166072166,0,1,1,1
2023-06-29,QQQ,2023,-0.0020045200908632246,1,1,1,1
2023-06-30,QQQ,2023,0.015302642629755914,-1,1,1,1
2023-07-03,QQQ,2023,0.002352112311388021,-1,1,1,1
2023-07-05,QQQ,2023,-2.6917619382106435e-05,1,1,1,1
2023-07-06,QQQ,2023,-0.007645093360641967,1,1,1,1
2023-07-07,QQQ,2023,-0.0033257054751748174,1,1,1,1
2023-07-10,QQQ,2023,0.0003277970251191555,1,1,1,1
2023-07-11,QQQ,2023,0.004928225519699968,1,1,1,1
2023-07-12,QQQ,2023,0.012550996918921111,1,1,1,1
2023-07-13,QQQ,2023,0.016836351041061057,0,1,1,1
2023-07-14,QQQ,2023,-0.00021122912619405987,-1,1,1,1
2023-07-17,QQQ,2023,0.009295223806540113,-1,1,1,1
2023-07-18,QQQ,2023,0.0081474768506312,-1,1,1,1
2023-07-19,QQQ,2023,-0.0002332234408259335,-1,1,1,1
2023-07-20,QQQ,2023,-0.02332197497650012,0,1,1,1
2023-07-21,QQQ,2023,-0.003003895831108036,1,1,1,1
2023-07-24,QQQ,2023,0.0015963396035854765,1,1,1,1
2023-07-25,QQQ,2023,0.0067547836677070835,1,1,1,1
2023-07-26,QQQ,2023,-0.003332085038042911,-1,1,1,1
2023-07-27,QQQ,2023,-0.0023868178677164038,0,1,0,1
2023-07-28,QQQ,2023,0.01805075864783607,-1,1,1,1
2023-07-31,QQQ,2023,0.0005213119564552425,-1,1,1,1
2023-08-01,QQQ,2023,-0.0023223327999667373,-1,1,1,1
2023-08-02,QQQ,2023,-0.022188455229702465,-1,1,1,1
2023-08-03,QQQ,2023,-0.001603776363926317,-1,1,1,1
2023-08-04,QQQ,2023,-0.004692857486351349,-1,1,1,1
2023-08-07,QQQ,2023,0.008431284983252709,-1,1,1,1
2023-08-08,QQQ,2023,-0.008538787175758221,-1,1,1,1
2023-08-09,QQQ,2023,-0.011055497250360776,-1,1,1,1
2023-08-10,QQQ,2023,0.0018466688719324417,-1,1,0,1
2023-08-11,QQQ,2023,-0.006396286306288226,-1,1,1,1
2023-08-14,QQQ,2023,0.011159793843271827,-1,1,1,1
2023-08-15,QQQ,2023,-0.010668265700891551,-1,1,1,1
2023-08-16,QQQ,2023,-0.010645319267985976,1,1,1,1
2023-08-17,QQQ,2023,-0.010983160378404631,0,1,1,1
2023-08-18,QQQ,2023,-0.001255777309597678,1,1,1,1
2023-08-21,QQQ,2023,0.015983168779526335,0,1,1,1
2023-08-22,QQQ,2023,-0.0014299905133069515,1,1,1,1
2023-08-23,QQQ,2023,0.015645544589241833,1,1,1,1
2023-08-24,QQQ,2023,-0.02160753767589593,1,1,1,1
2023-08-25,QQQ,2023,0.007721717462508052,1,1,1,1
2023-08-28,QQQ,2023,0.007498911932331645,1,1,1,1
2023-08-29,QQQ,2023,0.021604539166741137,0,1,1,1
2023-08-30,QQQ,2023,0.005561440155345165,-1,1,1,1
2023-08-31,QQQ,2023,0.0029939415495600593,-1,1,1,1
2023-09-01,QQQ,2023,-0.0010588497598242404,0,1,1,1
2023-09-05,QQQ,2023,0.0012704359614150718,-1,1,1,1
2023-09-06,QQQ,2023,-0.008846923280668575,0,1,1,1
2023-09-07,QQQ,2023,-0.0071773893688174785,1,1,1,1
2023-09-08,QQQ,2023,0.001396736328012489,0,1,1,1
2023-09-11,QQQ,2023,0.011713840230842352,-1,1,1,1
2023-09-12,QQQ,2023,-0.011150294148119848,0,1,1,1
2023-09-13,QQQ,2023,0.0038017090692582293,-1,1,1,1
2023-09-14,QQQ,2023,0.00814403034267569,-1,1,1,1
2023-09-15,QQQ,2023,-0.017271261311617502,-1,1,1,1
2023-09-18,QQQ,2023,0.001041896350460206,-1,1,1,1
2023-09-19,QQQ,2023,-0.002133414755083807,-1,1,1,1
2023-09-20,QQQ,2023,-0.014515503506636272,-1,1,1,1
2023-09-21,QQQ,2023,-0.018494501664831447,0,1,1,1
2023-09-22,QQQ,2023,0.0001398297510086426,0,1,1,1
2023-09-25,QQQ,2023,0.004738562831131334,0,1,1,1
2023-09-26,QQQ,2023,-0.01513029896914036,0,1,1,1
2023-09-27,QQQ,2023,0.002340642008695932,1,1,1,1
2023-09-28,QQQ,2023,0.008330435172110193,0,1,1,1
2023-09-29,QQQ,2023,0.0007258351924850591,1,1,1,1
2023-10-02,QQQ,2023,0.008311259127019225,1,1,1,1
2023-10-03,QQQ,2023,-0.01770555276271281,1,1,1,1
2023-10-04,QQQ,2023,0.013517059920661292,1,1,1,1
2023-10-05,QQQ,2023,-0.0029511489706752834,1,1,1,1
2023-10-06,QQQ,2023,0.01661683036957374,0,1,0,1
2023-10-09,QQQ,2023,0.005087099450856395,0,1,1,1
2023-10-10,QQQ,2023,0.005522768756084128,0,1,1,1
2023-10-11,QQQ,2023,0.00710983674240126,-1,1,1,1
2023-10-12,QQQ,2023,-0.003481126584662121,-1,1,1,1
2023-10-13,QQQ,2023,-0.012649605980590511,-1,1,1,1
2023-10-16,QQQ,2023,0.011242877524863767,-1,1,1,1
2023-10-17,QQQ,2023,-0.003280931873265914,-1,1,1,1
2023-10-18,QQQ,2023,-0.01320454140995842,-1,1,1,1
2023-10-19,QQQ,2023,-0.009400924792049936,-1,1,1,1
2023-10-20,QQQ,2023,-0.01503032242113775,-1,1,1,1
2023-10-23,QQQ,2023,0.0030131205016711094,-1,1,1,1
2023-10-24,QQQ,2023,0.00968102637521941,-1,1,1,1
2023-10-25,QQQ,2023,-0.024780188362732186,1,1,1,1
2023-10-26,QQQ,2023,-0.019251559335109015,1,1,1,1
2023-10-27,QQQ,2023,0.004789833851510286,1,1,1,1
2023-10-30,QQQ,2023,0.011202314479886908,1,1,1,1
2023-10-31,QQQ,2023,0.00477075583797585,1,1,1,1
2023-11-01,QQQ,2023,0.01720808718344478,1,1,1,1
2023-11-02,QQQ,2023,0.017990593572641014,1,1,1,1
2023-11-03,QQQ,2023,0.011680340369273418,1,1,1,1
2023-11-06,QQQ,2023,0.004071051811804685,1,1,1,1
2023-11-07,QQQ,2023,0.009408261665152986,1,1,1,1
2023-11-08,QQQ,2023,0.000643613505666316,1,1,1,1
2023-11-09,QQQ,2023,-0.007725450898490177,1,1,1,1
2023-11-10,QQQ,2023,0.022233397842269163,1,1,1,1
2023-11-13,QQQ,2023,-0.0031234551596835865,1,1,1,1
2023-11-14,QQQ,2023,0.02129792414247377,1,1,1,1
2023-11-15,QQQ,2023,0.0007524664543277407,1,1,1,1
2023-11-16,QQQ,2023,0.0008553783850749448,1,1,1,1
2023-11-17,QQQ,2023,0.00023318729177898022,1,1,1,1
2023-11-20,QQQ,2023,0.012101248191683532,0,1,1,1
2023-11-21,QQQ,2023,-0.005826136995997529,0,1,1,1
2023-11-22,QQQ,2023,0.004084297554196957,0,1,1,1
2023-11-24,QQQ,2023,-0.0014108153376833534,0,1,1,1
2023-11-27,QQQ,2023,-0.0008732108443886474,-1,1,1,1
2023-11-28,QQQ,2023,0.0026175072907873736,-1,1,1,1
2023-11-29,QQQ,2023,-0.0009745285362907823,-1,1,1,1
2023-11-30,QQQ,2023,-0.002517112243792885,0,1,1,1
2023-12-01,QQQ,2023,0.002850648135274747,0,1,1,1
2023-12-04,QQQ,2023,-0.009326978289821784,1,1,1,1
2023-12-05,QQQ,2023,0.002507747894510761,1,1,1,1
2023-12-06,QQQ,2023,-0.005800481045597597,1,1,1,1
2023-12-07,QQQ,2023,0.013875397534072784,1,1,1,1
2023-12-08,QQQ,2023,0.004446884005475628,1,1,1,1
2023-12-11,QQQ,2023,0.008505923185241302,1,1,1,1
2023-12-12,QQQ,2023,0.007932675542313595,1,1,1,1
2023-12-13,QQQ,2023,0.012637092366493744,0,1,1,1
2023-12-14,QQQ,2023,-0.0008674011616312468,1,1,1,1
2023-12-15,QQQ,2023,0.004822465507645142,1,1,1,1
2023-12-18,QQQ,2023,0.006278809785597709,1,1,1,1
2023-12-19,QQQ,2023,0.0050967221905151286,1,1,1,1
2023-12-20,QQQ,2023,-0.014971333111126245,1,1,0,1
2023-12-21,QQQ,2023,0.011568210656913124,0,1,1,1
2023-12-22,QQQ,2023,0.0014948092238536085,-1,1,1,1
2023-12-26,QQQ,2023,0.006103105908452507,-1,1,1,1
2023-12-27,QQQ,2023,0.0020337353267428737,-1,1,1,1
2023-12-28,QQQ,2023,-0.0004861643783131231,-1,1,1,1
2023-12-29,QQQ,2023,-0.004337209276713117,-1,1,1,1
2024-01-02,QQQ,2024,-0.0170670260124311,0,1,1,1
2024-01-03,QQQ,2024,-0.010637977947505673,1,1,1,1
2024-01-04,QQQ,2024,-0.00515969096810426,1,1,1,1
2024-01-05,QQQ,2024,0.0011852618662476838,1,1,1,1
2024-01-08,QQQ,2024,0.020457370818412274,0,1,0,1
2024-01-09,QQQ,2024,0.0019735303471804955,0,1,1,1
2024-01-10,QQQ,2024,0.006754808105481888,1,1,1,1
2024-01-11,QQQ,2024,0.002078496994595418,1,1,1,1
2024-01-12,QQQ,2024,0.0005129465871926743,1,1,1,1
2024-01-16,QQQ,2024,-9.771979106916858e-05,1,1,1,1
2024-01-17,QQQ,2024,-0.005656730802684413,1,1,1,1
2024-01-18,QQQ,2024,0.014094447589359937,1,1,1,1
2024-01-19,QQQ,2024,0.019636914137189532,0,1,1,1
2024-01-22,QQQ,2024,0.0013050370743065162,1,1,1,1
2024-01-23,QQQ,2024,0.0041408438791676215,0,1,1,1
2024-01-24,QQQ,2024,0.005534049321340286,-1,1,1,1
2024-01-25,QQQ,2024,0.0012202163708698419,-1,1,1,1
2024-01-26,QQQ,2024,-0.005975174440216856,1,1,1,1
2024-01-29,QQQ,2024,0.010188340058078263,0,1,1,1
2024-01-30,QQQ,2024,-0.006678795289189571,1,1,1,1
2024-01-31,QQQ,2024,-0.019780469997516138,1,1,1,1
2024-02-01,QQQ,2024,0.011706600586165284,1,1,1,1
2024-02-02,QQQ,2024,0.01675929301085753,1,1,1,1
2024-02-05,QQQ,2024,-0.0013061926757222334,1,1,1,1
2024-02-06,QQQ,2024,-0.0020092537027132673,0,1,1,1
2024-02-07,QQQ,2024,0.010237769536453752,0,1,1,1
2024-02-08,QQQ,2024,0.001850184546607912,1,1,1,1
2024-02-09,QQQ,2024,0.009794799750199437,-1,1,1,1
2024-02-12,QQQ,2024,-0.003920225381034541,-1,1,1,1
2024-02-13,QQQ,2024,-0.015719929242612507,0,1,1,1
2024-02-14,QQQ,2024,0.01083823703828537,1,1,1,1
2024-02-15,QQQ,2024,0.0029733858730481085,0,1,1,1
2024-02-16,QQQ,2024,-0.009109061759697595,1,1,1,1
2024-02-20,QQQ,2024,-0.0075767985978234175,1,1,1,1
2024-02-21,QQQ,2024,-0.004009739807517238,1,1,1,1
2024-02-22,QQQ,2024,0.028855356535722115,0,1,1,1
2024-02-23,QQQ,2024,-0.0029491868201035032,1,1,1,1
2024-02-26,QQQ,2024,-0.0005267372010957188,1,1,1,1
2024-02-27,QQQ,2024,0.0024023075959407696,0,1,1,1
2024-02-28,QQQ,2024,-0.005338614885002663,1,1,1,1
2024-02-29,QQQ,2024,0.008532834648325353,1,1,1,1
2024-03-01,QQQ,2024,0.014944663666829188,-1,1,1,1
2024-03-04,QQQ,2024,-0.003574482956456286,-1,1,1,1
2024-03-05,QQQ,2024,-0.018112577417985082,1,1,1,1
2024-03-06,QQQ,2024,0.006264068766078786,0,1,1,1
2024-03-07,QQQ,2024,0.015063965406839417,-1,1,1,1
2024-03-08,QQQ,2024,-0.014540127899765064,0,1,0,1
2024-03-11,QQQ,2024,-0.0037197293833225015,0,1,1,1
2024-03-12,QQQ,2024,0.014233306614902717,0,1,0,1
2024-03-13,QQQ,2024,-0.007715691167406877,1,1,1,0
2024-03-14,QQQ,2024,-0.002524590446281973,1,1,1,0
2024-03-15,QQQ,2024,-0.011957947124845951,1,1,1,0
2024-03-18,QQQ,2024,0.009492275281065709,1,1,1,1
2024-03-19,QQQ,2024,0.00248827878066685,1,1,1,1
2024-03-20,QQQ,2024,0.011787006103713282,0,1,1,1
2024-03-21,QQQ,2024,0.0047209808483045105,0,1,1,1
2024-03-22,QQQ,2024,0.0011433164216738425,0,1,1,1
2024-03-25,QQQ,2024,-0.003635736330769761,-1,1,1,1
2024-03-26,QQQ,2024,-0.003243016317753973,0,1,1,1
2024-03-27,QQQ,2024,0.0034002982911510737,-1,1,1,1
2024-03-28,QQQ,2024,-0.0018451231576878488,-1,1,1,1
2024-04-01,QQQ,2024,0.0021149100228424144,-1,1,1,1
2024-04-02,QQQ,2024,-0.008667736358629177,0,1,1,1
2024-04-03,QQQ,2024,0.0022419147251482897,-1,1,1,1
2024-04-04,QQQ,2024,-0.015408916956916022,1,1,0,-1
2024-04-05,QQQ,2024,0.01171498856056192,0,1,0,-1
2024-04-08,QQQ,2024,0.0002951701077635651,-1,1,1,-1
2024-04-09,QQQ,2024,0.0036926307016708583,-1,1,1,-1
2024-04-10,QQQ,2024,-0.008766727251939227,-1,1,1,-1
2024-04-11,QQQ,2024,0.01584201097835836,-1,1,0,1
2024-04-12,QQQ,2024,-0.01607032070940346,-1,1,1,1
2024-04-15,QQQ,2024,-0.016587851124399193,-1,1,0,1
2024-04-16,QQQ,2024,9.285768234188229e-05,-1,1,1,1
2024-04-17,QQQ,2024,-0.012276309017675029,0,1,0,1
2024-04-18,QQQ,2024,-0.00572272716715295,0,1,1,1
2024-04-19,QQQ,2024,-0.020906202955907654,1,1,0,1
2024-04-22,QQQ,2024,0.010006381480948795,1,1,1,1
2024-04-23,QQQ,2024,0.014812784447951519,0,1,1,1
2024-04-24,QQQ,2024,0.003381944619695911,-1,1,1,1
2024-04-25,QQQ,2024,-0.004841635947048834,0,1,1,1
2024-04-26,QQQ,2024,0.01531389081503093,1,1,1,1
2024-04-29,QQQ,2024,0.0040520465727020335,1,1,1,1
2024-04-30,QQQ,2024,-0.019036204388440208,1,1,1,1
2024-05-01,QQQ,2024,-0.0072568650201868335,1,1,1,1
2024-05-02,QQQ,2024,0.012682761479728187,1,1,1,1
2024-05-03,QQQ,2024,0.019898862249570725,1,1,1,1
2024-05-06,QQQ,2024,0.010894038880626853,1,1,1,1
2024-05-07,QQQ,2024,0.00015896322896921905,1,1,1,1
2024-05-08,QQQ,2024,-0.0005906625394251485,1,1,1,1
2024-05-09,QQQ,2024,0.0021790466308748806,1,1,1,1
2024-05-10,QQQ,2024,0.002355427621824902,1,1,1,1
2024-05-13,QQQ,2024,0.0023047222371204044,1,1,1,1
2024-05-14,QQQ,2024,0.006411793917000151,1,1,1,1
2024-05-15,QQQ,2024,0.015509298163415354,0,1,1,1
2024-05-16,QQQ,2024,-0.0020334644816810718,0,1,1,1
2024-05-17,QQQ,2024,-0.0004868779718418466,1,1,1,1
2024-05-20,QQQ,2024,0.006948542818534443,1,1,1,1
2024-05-21,QQQ,2024,0.0019545842280005716,0,1,1,1
2024-05-22,QQQ,2024,-0.00019755034251818962,-1,1,1,1
2024-05-23,QQQ,2024,-0.004508573392492445,0,1,0,1
2024-05-24,QQQ,2024,0.009411988685035927,-1,1,1,1
2024-05-28,QQQ,2024,0.003770636259678815,-1,1,1,1
2024-05-29,QQQ,2024,-0.007073356971284303,1,1,1,1
2024-05-30,QQQ,2024,-0.010771292532496016,1,1,1,1
2024-05-31,QQQ,2024,-0.0018619763437656778,1,1,0,1
2024-06-03,QQQ,2024,0.005354941446208798,1,1,1,1
2024-06-04,QQQ,2024,0.0027328653666631366,1,1,1,1
2024-06-05,QQQ,2024,0.01995924035367608,1,1,0,1
2024-06-06,QQQ,2024,-0.00034522127793620096,1,1,1,1
2024-06-07,QQQ,2024,-0.0008851238529162044,1,1,1,1
2024-06-10,QQQ,2024,0.004031024926536149,1,1,1,1
2024-06-11,QQQ,2024,0.006839289222081988,1,1,1,1
2024-06-12,QQQ,2024,0.01301265238715637,1,1,1,1
2024-06-13,QQQ,2024,0.0054056866812187045,1,1,1,1
2024-06-14,QQQ,2024,0.005167742391883846,-1,1,1,1
2024-06-17,QQQ,2024,0.012175301709790419,0,1,1,1
2024-06-18,QQQ,2024,0.0003092898194387955,-1,1,1,1
2024-06-20,QQQ,2024,-0.0077378023700868685,0,1,1,1
2024-06-21,QQQ,2024,-0.0026829785041973114,0,1,1,1
2024-06-24,QQQ,2024,-0.011449901953952506,1,1,1,1
2024-06-25,QQQ,2024,0.011370781470074759,1,1,1,1
2024-06-26,QQQ,2024,0.0020629326872979616,1,1,1,1
2024-06-27,QQQ,2024,0.0025779781718611996,1,1,1,1
2024-06-28,QQQ,2024,-0.005204455483442157,1,1,0,1
2024-07-01,QQQ,2024,0.00584800891389724,1,1,1,1
2024-07-02,QQQ,2024,0.010444976005510226,1,1,1,1
2024-07-03,QQQ,2024,0.008302577139950607,0,1,1,1
2024-07-05,QQQ,2024,0.010372743152552764,0,1,1,1
2024-07-08,QQQ,2024,0.002375507121098104,0,1,1,1
2024-07-09,QQQ,2024,0.0008642258115725385,0,1,1,1
2024-07-10,QQQ,2024,0.010372466120750563,-1,1,1,1
2024-07-11,QQQ,2024,-0.022174219044410144,-1,1,0,1
2024-07-12,QQQ,2024,0.00585771245832326,-1,1,1,1
2024-07-15,QQQ,2024,0.0026842320457264673,-1,1,1,1
2024-07-16,QQQ,2024,0.0003827943436928851,-1,1,1,1
2024-07-17,QQQ,2024,-0.02979437058409403,-1,1,1,1
2024-07-18,QQQ,2024,-0.0047436767012990246,-1,1,0,1
2024-07-19,QQQ,2024,-0.008903186616730223,-1,1,1,1
2024-07-22,QQQ,2024,0.014787941015829212,-1,1,1,1
2024-07-23,QQQ,2024,-0.0035308915718871617,-1,1,1,1
2024-07-24,QQQ,2024,-0.0365295313182053,0,1,0,1
2024-07-25,QQQ,2024,-0.011088877741600065,0,1,0,1
2024-07-26,QQQ,2024,0.01020371279762687,-1,1,1,1
2024-07-29,QQQ,2024,0.002006690549031078,-1,1,1,1
2024-07-30,QQQ,2024,-0.01382656743701482,-1,1,1,1
2024-07-31,QQQ,2024,0.02916437944662164,-1,1,1,1
2024-08-01,QQQ,2024,-0.024519646655853183,0,1,0,1
2024-08-02,QQQ,2024,-0.024021105381626162,0,1,1,1
2024-08-05,QQQ,2024,-0.030269726231624258,1,1,0,1
2024-08-06,QQQ,2024,0.00950964978117821,1,1,1,1
2024-08-07,QQQ,2024,-0.010888826993039502,1,1,1,1
2024-08-08,QQQ,2024,0.030132432848738972,1,1,1,1
2024-08-09,QQQ,2024,0.00520871764631221,1,1,1,1
2024-08-12,QQQ,2024,0.002151340636523873,1,1,1,1
2024-08-13,QQQ,2024,0.02450997877586199,1,1,1,1
2024-08-14,QQQ,2024,0.00032413650449727755,1,1,1,1
2024-08-15,QQQ,2024,0.02494938199597925,0,1,1,1
2024-08-16,QQQ,2024,0.001284887665320007,1,1,1,1
2024-08-19,QQQ,2024,0.013050469802152324,-1,1,1,1
2024-08-20,QQQ,2024,-0.002100806611791708,-1,1,1,1
2024-08-21,QQQ,2024,0.00465326255128982,-1,1,1,1
2024-08-22,QQQ,2024,-0.015981919345792156,0,1,1,1
2024-08-23,QQQ,2024,0.010787089153650467,0,1,1,1
2024-08-26,QQQ,2024,-0.009755695626971,-1,1,1,1
2024-08-27,QQQ,2024,0.0029828404462878,-1,1,1,1
2024-08-28,QQQ,2024,-0.01141229953006941,-1,1,1,1
2024-08-29,QQQ,2024,-0.0014649356183966166,-1,1,-1,1
2024-08-30,QQQ,2024,0.011848915100334294,-1,1,1,1
2024-09-03,QQQ,2024,-0.030831257117082764,0,1,0,1
2024-09-04,QQQ,2024,-0.0026020201788676824,1,1,1,1
2024-09-05,QQQ,2024,0.000933175817368677,1,1,1,1
2024-09-06,QQQ,2024,-0.027152458742198647,1,1,1,1
2024-09-09,QQQ,2024,0.012777531925847676,1,1,1,1
2024-09-10,QQQ,2024,0.009199344322982755,1,1,1,1
2024-09-11,QQQ,2024,0.02148307210655123,0,1,0,1
2024-09-12,QQQ,2024,0.009768097750749294,1,1,1,1
2024-09-13,QQQ,2024,0.004469993716493464,1,1,1,1
2024-09-16,QQQ,2024,-0.004427767352287245,1,1,1,1
2024-09-17,QQQ,2024,0.0005282001884210867,1,1,1,1
2024-09-18,QQQ,2024,-0.004338937350266238,1,1,1,1
2024-09-19,QQQ,2024,0.024969890435686325,1,1,1,1
2024-09-20,QQQ,2024,-0.0019052409388256694,1,1,1,1
2024-09-23,QQQ,2024,0.0026472606816422724,1,1,1,1
2024-09-24,QQQ,2024,0.004812006213154091,0,1,1,1
2024-09-25,QQQ,2024,0.0009266938214269301,-1,1,1,1
2024-09-26,QQQ,2024,0.007484910651189951,-1,1,1,1
2024-09-27,QQQ,2024,-0.005572473085323141,0,1,1,1
2024-09-30,QQQ,2024,0.0027081937230011145,-1,1,1,1
2024-10-01,QQQ,2024,-0.014030413284398212,1,1,1,1
2024-10-02,QQQ,2024,0.001411996796007152,1,1,1,1
2024-10-03,QQQ,2024,-0.0007473432972402974,1,1,1,1
2024-10-04,QQQ,2024,0.011827857193616035,1,1,1,1
2024-10-07,QQQ,2024,-0.010769392081243634,1,1,1,1
2024-10-08,QQQ,2024,0.014824167329365248,0,1,1,1
2024-10-09,QQQ,2024,0.007837656819800105,0,1,1,1
2024-10-10,QQQ,2024,-0.0011361928270098018,0,1,1,1
2024-10-11,QQQ,2024,0.0015619715496256866,0,1,1,1
2024-10-14,QQQ,2024,0.008356411060646307,0,1,1,1
2024-10-15,QQQ,2024,-0.013456993817095756,0,1,1,1
2024-10-16,QQQ,2024,0.00012220379631145242,0,1,1,1
2024-10-17,QQQ,2024,0.0006924151908163307,0,1,1,1
2024-10-18,QQQ,2024,0.006533217093031648,0,1,1,1
2024-10-21,QQQ,2024,0.0019194175544071594,0,1,1,1
2024-10-22,QQQ,2024,0.0010894724914515045,1,1,1,1
2024-10-23,QQQ,2024,-0.0154425967025768,1,1,0,1
2024-10-24,QQQ,2024,0.008076135860486573,-1,1,1,1
2024-10-25,QQQ,2024,0.00607520287799824,-1,1,1,1
2024-10-28,QQQ,2024,0.0001613819069021318,-1,1,1,1
2024-10-29,QQQ,2024,0.009562605039997169,-1,1,1,1
2024-10-30,QQQ,2024,-0.007586298518869363,1,1,1,1
2024-10-31,QQQ,2024,-0.02556683510065973,1,1,1,1
2024-11-01,QQQ,2024,0.007371807281767685,1,1,1,1
2024-11-04,QQQ,2024,-0.002917468246951359,1,1,1,1
2024-11-05,QQQ,2024,0.01267627822064424,1,1,1,1
2024-11-06,QQQ,2024,0.026800797053710385,1,1,1,1
2024-11-07,QQQ,2024,0.01562152029309966,-1,1,1,1
2024-11-08,QQQ,2024,0.0011677931609067789,-1,1,1,1
2024-11-11,QQQ,2024,-0.0005836661830080599,-1,1,1,1
2024-11-12,QQQ,2024,-0.0018116412078234456,-1,1,1,1
2024-11-13,QQQ,2024,-0.0012875138991074446,-1,1,1,1
2024-11-14,QQQ,2024,-0.006973956163055725,-1,1,1,1
2024-11-15,QQQ,2024,-0.024114414848810453,1,1,1,1
2024-11-18,QQQ,2024,0.00692366629073521,1,1,1,1
2024-11-19,QQQ,2024,0.006856118831434348,1,1,1,1
2024-11-20,QQQ,2024,-0.0005760997218082404,0,1,1,1
2024-11-21,QQQ,2024,0.0035907385444234217,0,1,0,1
2024-11-22,QQQ,2024,0.0016026459818219727,1,1,1,1
2024-11-25,QQQ,2024,0.0015805082256483988,1,1,1,1
2024-11-26,QQQ,2024,0.005354756534886118,1,1,1,1
2024-11-27,QQQ,2024,-0.007904454432538675,1,1,1,1
2024-11-29,QQQ,2024,0.008748402029755239,1,1,1,1
2024-12-02,QQQ,2024,0.010829126549233454,1,1,1,1
2024-12-03,QQQ,2024,0.003061477158950459,1,1,1,1
2024-12-04,QQQ,2024,0.01228710575011795,1,1,1,1
2024-12-05,QQQ,2024,-0.0027749028283027455,1,1,1,1
2024-12-06,QQQ,2024,0.008909738059358295,1,1,1,1
2024-12-09,QQQ,2024,-0.007817975976259215,1,1,1,1
2024-12-10,QQQ,2024,-0.0034133704339085924,1,1,1,1
2024-12-11,QQQ,2024,0.017744008349520262,-1,1,1,1
2024-12-12,QQQ,2024,-0.006474526518127546,-1,1,1,1
2024-12-13,QQQ,2024,0.0076251659607724075,-1,1,1,1
2024-12-16,QQQ,2024,0.014297790846314528,-1,1,1,1
2024-12-17,QQQ,2024,-0.004413414517261549,-1,1,1,1
2024-12-18,QQQ,2024,-0.03674378380125125,0,1,0,1
2024-12-19,QQQ,2024,-0.004463132782572479,1,1,0,1
2024-12-20,QQQ,2024,0.00869449565720624,0,1,0,1
2024-12-23,QQQ,2024,0.009695583919310854,-1,1,1,1
2024-12-24,QQQ,2024,0.013468764146713998,-1,1,1,1
2024-12-26,QQQ,2024,-0.0006796836714989067,-1,1,1,1
2024-12-27,QQQ,2024,-0.013382078237353903,0,1,1,1
2024-12-30,QQQ,2024,-0.01338934188536072,0,1,1,1
2024-12-31,QQQ,2024,-0.00853088591758069,0,1,1,1
2025-01-02,QQQ,2025,-0.001958051432275453,0,1,0,1
2025-01-03,QQQ,2025,0.016232829619283833,-1,1,1,1
2025-01-06,QQQ,2025,0.011427023674596826,-1,1,1,1
2025-01-07,QQQ,2025,-0.018005161044927998,0,1,0,1
2025-01-08,QQQ,2025,0.00017466148789337357,0,1,1,1
2025-01-10,QQQ,2025,-0.015805296362723188,1,1,1,1
2025-01-13,QQQ,2025,-0.0032189527941262103,1,1,1,1
2025-01-14,QQQ,2025,-0.0009499900994099915,1,1,1,1
2025-01-15,QQQ,2025,0.022745641596760093,1,1,1,1
2025-01-16,QQQ,2025,-0.0070305626562748086,1,1,1,1
2025-01-17,QQQ,2025,0.01673737267870534,-1,1,1,1
2025-01-21,QQQ,2025,0.005848028981622534,0,1,1,1
2025-01-22,QQQ,2025,0.012704979854219263,-1,1,1,1
2025-01-23,QQQ,2025,0.0021236335275146958,-1,1,1,1
2025-01-24,QQQ,2025,-0.0056674252347681565,-1,1,1,1
2025-01-27,QQQ,2025,-0.029546578822227262,0,1,1,1
2025-01-28,QQQ,2025,0.014671707143366268,0,1,1,1
2025-01-29,QQQ,2025,-0.0018798833776379126,1,1,1,1
2025-01-30,QQQ,2025,0.004253287454331517,1,1,1,1
2025-01-31,QQQ,2025,-0.0014539758806739276,0,1,1,1
2025-02-03,QQQ,2025,-0.008035411194964173,1,1,1,1
2025-02-04,QQQ,2025,0.012200630245342705,0,1,1,1
2025-02-05,QQQ,2025,0.004527677157059468,0,1,1,1
2025-02-06,QQQ,2025,0.005206121519608399,1,1,1,1
2025-02-07,QQQ,2025,-0.012693476185179015,1,1,1,1
2025-02-10,QQQ,2025,0.012032268148102904,1,1,1,1
2025-02-11,QQQ,2025,-0.002383416465916139,1,1,1,1
2025-02-12,QQQ,2025,0.0005869010403142721,1,1,1,1
2025-02-13,QQQ,2025,0.014283475879651557,-1,1,1,1
2025-02-14,QQQ,2025,0.004189573818324466,-1,1,1,1
2025-02-18,QQQ,2025,0.0022643725079811794,-1,1,1,1
2025-02-19,QQQ,2025,0.0002781275604381828,-1,1,1,1
2025-02-20,QQQ,2025,-0.004253421602547858,-1,1,1,1
2025-02-21,QQQ,2025,-0.02097305898462997,-1,1,0,1
2025-02-24,QQQ,2025,-0.01187442113218249,-1,1,1,1
2025-02-25,QQQ,2025,-0.012679446934326358,-1,1,1,1
2025-02-26,QQQ,2025,0.002412730849947392,-1,1,1,1
2025-02-27,QQQ,2025,-0.02816424989981016,0,1,0,1
2025-02-28,QQQ,2025,0.015668132065414644,-1,1,1,1
2025-03-03,QQQ,2025,-0.02212544541424221,-1,1,0,1
2025-03-04,QQQ,2025,-0.0030223817166129823,-1,1,0,1
2025-03-05,QQQ,2025,0.012951783484573123,-1,1,1,1
2025-03-06,QQQ,2025,-0.027894819529733363,-1,1,1,1
2025-03-07,QQQ,2025,0.007326525051414208,-1,1,1,1
2025-03-10,QQQ,2025,-0.03952722140183833,0,1,0,1
2025-03-11,QQQ,2025,-0.002393348683325008,0,1,1,1
2025-03-12,QQQ,2025,0.011217688452569631,0,1,1,1
2025-03-13,QQQ,2025,-0.018154311388248256,1,1,1,1
2025-03-14,QQQ,2025,0.023882951203062403,0,1,-1,1
2025-03-17,QQQ,2025,0.006462868891207941,1,1,1,1
2025-03-18,QQQ,2025,-0.01719438726559797,1,1,1,1
2025-03-19,QQQ,2025,0.013292629557824332,0,1,1,1
2025-03-20,QQQ,2025,-0.0033952971706285875,0,1,1,1
2025-03-21,QQQ,2025,0.0032912726524611537,-1,1,1,1
2025-03-24,QQQ,2025,0.021707056449475876,-1,1,1,1
2025-03-25,QQQ,2025,0.005690365903082291,-1,1,1,1
2025-03-26,QQQ,2025,-0.01857219601128231,-1,1,1,1
2025-03-27,QQQ,2025,-0.00571422390242405,-1,1,1,1
2025-03-28,QQQ,2025,-0.02668053885654254,-1,1,1,1
2025-03-31,QQQ,2025,-4.261839707218702e-05,-1,1,1,1
2025-04-01,QQQ,2025,0.008028689870726078,-1,1,1,1
2025-04-02,QQQ,2025,0.007271958824238602,-1,1,1,1
2025-04-03,QQQ,2025,-0.05501966703422548,0,1,-1,1
2025-04-04,QQQ,2025,-0.06412142262066911,1,1,0,1
2025-04-07,QQQ,2025,0.0024101893041747506,1,1,0,1
2025-04-08,QQQ,2025,-0.018172551493845265,1,1,0,1
2025-04-09,QQQ,2025,0.11335620147150638,0,1,0,1
2025-04-10,QQQ,2025,-0.04346319394657388,0,1,0,1
2025-04-11,QQQ,2025,0.01825539562282402,-1,1,1,1
2025-04-14,QQQ,2025,0.00675523246228023,-1,1,1,1
2025-04-15,QQQ,2025,0.0011141872628237068,0,1,1,1
2025-04-16,QQQ,2025,-0.030617407663755834,1,1,1,1
2025-04-17,QQQ,2025,-0.00018012695197179045,1,1,1,1
2025-04-21,QQQ,2025,-0.025058013641938288,1,1,1,1
2025-04-22,QQQ,2025,0.02591343144233242,1,1,1,1
2025-04-23,QQQ,2025,0.02242468722111806,1,1,1,1
2025-04-24,QQQ,2025,0.027748590675401252,1,1,1,1
2025-04-25,QQQ,2025,0.011086320889011637,1,1,1,1
2025-04-28,QQQ,2025,-0.0003175254070555943,1,1,1,1
2025-04-29,QQQ,2025,0.00658271969741626,1,1,1,1
2025-04-30,QQQ,2025,-0.00012621774721561949,0,1,1,1
2025-05-01,QQQ,2025,0.012976221400398924,1,1,1,1
2025-05-02,QQQ,2025,0.014734810626455902,0,1,1,1
2025-05-05,QQQ,2025,-0.005950223554123499,1,1,1,1
2025-05-06,QQQ,2025,-0.009345213754663762,1,1,1,1
2025-05-07,QQQ,2025,0.00391818353702428,1,1,1,1
2025-05-08,QQQ,2025,0.01027197418722214,1,1,1,1
2025-05-09,QQQ,2025,-0.0006556389791819277,1,1,1,1
2025-05-12,QQQ,2025,0.03993231249186456,1,1,1,1
2025-05-13,QQQ,2025,0.015125954810408843,0,1,1,1
2025-05-14,QQQ,2025,0.005974845234192425,-1,1,-1,1
2025-05-15,QQQ,2025,0.0010984949950072868,-1,1,-1,1
2025-05-16,QQQ,2025,0.004343102154747644,-1,1,-1,1
2025-05-19,QQQ,2025,0.000958225707273547,0,1,1,1
2025-05-20,QQQ,2025,-0.0033388737294311964,0,1,1,1
2025-05-21,QQQ,2025,-0.013994236889575152,0,1,-1,1
2025-05-22,QQQ,2025,0.001869607281535052,1,1,-1,1
2025-05-23,QQQ,2025,-0.009303911481714623,1,1,1,1
2025-05-27,QQQ,2025,0.023252754532405287,1,1,1,1
2025-05-28,QQQ,2025,-0.004441715155258164,1,1,1,1
2025-05-29,QQQ,2025,0.001963856881717671,0,1,1,1
2025-05-30,QQQ,2025,-0.0015785593434409365,1,1,1,1
2025-06-02,QQQ,2025,0.007867174164292038,1,1,1,1
2025-06-03,QQQ,2025,0.007786668816599282,1,1,1,1
2025-06-04,QQQ,2025,0.002784006983160425,1,1,1,1
2025-06-05,QQQ,2025,-0.007555375924130085,1,1,1,1
2025-06-06,QQQ,2025,0.009727843494471708,-1,1,1,1
2025-06-09,QQQ,2025,0.0014708382734977305,1,1,1,1
2025-06-10,QQQ,2025,0.006592131124581454,-1,1,1,1
2025-06-11,QQQ,2025,-0.0033751601859361023,0,1,1,1
2025-06-12,QQQ,2025,0.002344951075310763,-1,1,1,1
2025-06-13,QQQ,2025,-0.012634045974175516,1,1,1,1
2025-06-16,QQQ,2025,0.01381400068133339,1,1,1,1
2025-06-17,QQQ,2025,-0.009799091025846548,1,1,1,1
2025-06-18,QQQ,2025,-0.00017025501096575428,1,1,1,1
2025-06-20,QQQ,2025,-0.004091460818911223,1,1,1,1
2025-06-23,QQQ,2025,0.010229907948158078,1,1,1,1
2025-06-24,QQQ,2025,0.015176331351862958,1,1,1,1
2025-06-25,QQQ,2025,0.00255315897904253,1,1,1,1
2025-06-26,QQQ,2025,0.00930687859173076,1,1,1,1
2025-06-27,QQQ,2025,0.0034177686451054173,1,1,1,1
2025-06-30,QQQ,2025,0.006456106076852257,0,1,1,1
2025-07-01,QQQ,2025,-0.008465090503140114,1,1,1,1
2025-07-02,QQQ,2025,0.006941152554471166,1,1,1,-1
2025-07-03,QQQ,2025,0.009792172415583215,0,1,1,-1
2025-07-07,QQQ,2025,-0.007561405121540097,1,1,1,-1
2025-07-08,QQQ,2025,0.0005615508635969372,1,1,1,-1
2025-07-09,QQQ,2025,0.007053880461547068,0,1,1,-1
2025-07-10,QQQ,2025,-0.0014391958876657552,1,1,1,-1
2025-07-11,QQQ,2025,-0.0022532027348809566,1,1,1,-1
2025-07-14,QQQ,2025,0.003620399789933103,1,1,1,-1
2025-07-15,QQQ,2025,0.0009164128069556807,1,1,1,-1
2025-07-16,QQQ,2025,0.0010234274368595719,1,1,0,-1
2025-07-17,QQQ,2025,0.008060091136937474,0,1,1,1
2025-07-18,QQQ,2025,-0.0009615542882039127,1,1,1,1
2025-07-21,QQQ,2025,0.005171377249224138,1,1,1,1
2025-07-22,QQQ,2025,-0.00518918848541577,1,1,1,1
2025-07-23,QQQ,2025,0.004550767146657908,1,1,1,1
2025-07-24,QQQ,2025,0.0021262709073579912,0,1,1,1
2025-07-25,QQQ,2025,0.0024040971086040715,-1,1,1,1
2025-07-28,QQQ,2025,0.0031202187540250734,-1,1,1,1
2025-07-29,QQQ,2025,-0.001550135081599239,-1,1,1,1
2025-07-30,QQQ,2025,0.0013390760519236319,0,1,1,1
2025-07-31,QQQ,2025,-0.005313256832953636,0,1,0,1
2025-08-01,QQQ,2025,-0.019895496347845376,1,1,1,1
2025-08-04,QQQ,2025,0.018283495913388913,1,1,1,1
2025-08-05,QQQ,2025,-0.006812736281335481,1,1,1,1
2025-08-06,QQQ,2025,0.012504756141420626,1,1,1,1
2025-08-07,QQQ,2025,0.003378565348839767,1,1,0,1
2025-08-08,QQQ,2025,0.009284983749656302,0,1,1,1
2025-08-11,QQQ,2025,-0.002963298662596314,1,1,1,1
2025-08-12,QQQ,2025,0.012490471491320392,-1,1,1,1
2025-08-13,QQQ,2025,0.000499875728557352,-1,1,1,1
2025-08-14,QQQ,2025,-0.0007756595331461665,-1,1,1,1
2025-08-15,QQQ,2025,-0.004407088119421071,-1,1,1,1
2025-08-18,QQQ,2025,-0.000398536988864251,-1,1,1,1
2025-08-19,QQQ,2025,-0.013660396838399964,0,1,0,1
2025-08-20,QQQ,2025,-0.005954967352519332,1,1,0,1
2025-08-21,QQQ,2025,-0.00464061646814757,1,1,1,1
2025-08-22,QQQ,2025,0.015309645185313372,0,1,1,1
2025-08-25,QQQ,2025,-0.0028889331100971373,-1,1,1,1
2025-08-26,QQQ,2025,0.004007300915653361,0,1,1,1
2025-08-27,QQQ,2025,0.0015356628785480923,0,1,1,1
2025-08-28,QQQ,2025,0.006240337716357775,0,1,1,1
2025-08-29,QQQ,2025,-0.011642978741077992,1,1,1,1
2025-09-02,QQQ,2025,-0.008415378648370053,1,1,1,1
2025-09-03,QQQ,2025,0.007836756462823469,1,1,1,1
2025-09-04,QQQ,2025,0.009010669193916111,1,1,1,1
2025-09-05,QQQ,2025,0.001441803696256953,1,1,1,1
2025-09-08,QQQ,2025,0.004866066650136729,1,1,1,1
2025-09-09,QQQ,2025,0.0028293150016236598,1,1,1,1
2025-09-10,QQQ,2025,0.00032724068791583846,1,1,1,1
2025-09-11,QQQ,2025,0.005803530716032265,1,1,1,1
2025-09-12,QQQ,2025,0.0044074645679062115,1,1,1,1
2025-09-15,QQQ,2025,0.008520569483881024,1,1,1,1
2025-09-16,QQQ,2025,-0.0008453324302189259,1,1,1,1
2025-09-17,QQQ,2025,-0.001998059304804725,1,1,1,1
2025-09-18,QQQ,2025,0.008976529136785837,0,1,1,1
2025-09-19,QQQ,2025,0.006746551990876561,0,1,1,1
2025-09-22,QQQ,2025,0.005902619154196495,-1,1,1,1
2025-09-23,QQQ,2025,-0.006664419755090148,0,1,1,1
2025-09-24,QQQ,2025,-0.0035167918722211994,1,1,0,1
2025-09-25,QQQ,2025,-0.004320612275500377,1,1,1,1
2025-09-26,QQQ,2025,0.004102521579534001,1,1,1,1
2025-09-29,QQQ,2025,0.004620387718368893,1,1,1,1
2025-09-30,QQQ,2025,0.002735491733528961,1,1,1,1
2025-10-01,QQQ,2025,0.004785451323200659,1,1,1,1
2025-10-02,QQQ,2025,0.004102593138743781,1,1,1,1
2025-10-03,QQQ,2025,-0.0042185662989068385,-1,1,1,1
2025-10-06,QQQ,2025,0.007482093782821667,-1,1,1,1
2025-10-07,QQQ,2025,-0.005279583009126591,-1,1,1,1
2025-10-08,QQQ,2025,0.011398728964268849,-1,1,1,1
2025-10-09,QQQ,2025,-0.00121108735517917,-1,1,1,1
2025-10-10,QQQ,2025,-0.03533104885346548,0,1,0,1
2025-10-13,QQQ,2025,0.020999244023248567,1,1,1,1
2025-10-14,QQQ,2025,-0.006683330126140019,1,1,0,1
2025-10-15,QQQ,2025,0.007031986984332316,0,1,1,1
2025-10-16,QQQ,2025,-0.0037098034473026557,1,1,0,1
2025-10-17,QQQ,2025,0.0065454082328893146,1,1,1,1
2025-10-20,QQQ,2025,0.012521921362932125,1,1,1,1
2025-10-21,QQQ,2025,-0.0002614785071551668,1,1,1,1
2025-10-22,QQQ,2025,-0.00968069451499771,1,1,0,1
2025-10-23,QQQ,2025,0.008371272153050618,1,1,1,1
2025-10-24,QQQ,2025,0.010621670408383138,1,1,1,1
2025-10-27,QQQ,2025,0.01765249697257181,1,1,1,1
2025-10-28,QQQ,2025,0.007660590820871579,-1,1,1,1
2025-10-29,QQQ,2025,0.0044928826690138635,-1,1,1,1
2025-10-30,QQQ,2025,-0.015406729123482257,-1,1,1,1
2025-10-31,QQQ,2025,0.004812336810913628,-1,1,1,1
2025-11-03,QQQ,2025,0.004773395143532112,-1,1,1,1
2025-11-04,QQQ,2025,-0.02050683162302534,0,1,1,1
2025-11-05,QQQ,2025,0.00648686398804856,0,1,1,1
2025-11-06,QQQ,2025,-0.018803036239942363,0,1,0,1
2025-11-07,QQQ,2025,-0.003160280665695229,0,1,0,1
2025-11-10,QQQ,2025,0.02188301612659341,-1,1,1,1
2025-11-11,QQQ,2025,-0.0026671499925751646,-1,1,1,1
2025-11-12,QQQ,2025,-0.0007886429130851422,-1,1,1,1
2025-11-13,QQQ,2025,-0.0206272332406192,-1,1,1,1
2025-11-14,QQQ,2025,0.0007556739057180799,-1,1,1,1
2025-11-17,QQQ,2025,-0.008577156285282652,0,1,1,1
2025-11-18,QQQ,2025,-0.012250547655252483,1,1,1,1
2025-11-19,QQQ,2025,0.005952425352571535,1,1,1,1
2025-11-20,QQQ,2025,-0.023956567630111586,1,1,0,1
2025-11-21,QQQ,2025,0.007484658284509737,1,1,1,1
2025-11-24,QQQ,2025,0.025251735358100397,1,1,1,1
2025-11-25,QQQ,2025,0.006144750819994581,1,1,1,1
2025-11-26,QQQ,2025,0.00879693126233471,1,1,1,1
2025-11-28,QQQ,2025,0.008074559524692734,1,1,1,1
2025-12-01,QQQ,2025,-0.0033646851120008713,1,1,1,1
2025-12-02,QQQ,2025,0.007795706937067122,0,1,1,1
2025-12-03,QQQ,2025,0.0024407442390468616,0,1,1,1
2025-12-04,QQQ,2025,-0.000930622224641031,0,1,1,1
2025-12-05,QQQ,2025,0.00406906010802263,-1,1,1,1
2025-12-08,QQQ,2025,-0.001920247034095815,-1,1,1,1
2025-12-09,QQQ,2025,0.0012325856205166771,-1,1,1,1
2025-12-10,QQQ,2025,0.004087269506081161,-1,1,1,1
2025-12-11,QQQ,2025,-0.003239688543543738,-1,1,1,1
2025-12-12,QQQ,2025,-0.019303325840271238,0,1,1,1
2025-12-15,QQQ,2025,-0.005032125882582181,1,1,1,1
2025-12-16,QQQ,2025,0.00197984179031945,1,1,1,1
2025-12-17,QQQ,2025,-0.01871090960391306,1,1,1,1
2025-12-18,QQQ,2025,0.014386217379170424,1,1,1,1
2025-12-19,QQQ,2025,0.01295103125654776,1,1,1,1
2025-12-22,QQQ,2025,0.004782077382168257,0,1,1,1
2025-12-23,QQQ,2025,0.004672387736510809,-1,1,1,1
2016-01-04,AAPL,2016,0.0008548833333737969,-1,1,1,-1
2016-01-05,AAPL,2016,-0.025378622288209206,-1,1,1,-1
2016-01-06,AAPL,2016,-0.019763782947337216,-1,1,1,-1
2016-01-07,AAPL,2016,-0.04312109379355822,1,1,0,-1
2016-01-08,AAPL,2016,0.005273815105383327,0,1,1,-1
2016-01-11,AAPL,2016,0.016062757855639608,-1,1,-1,-1
2016-01-12,AAPL,2016,0.014408883503229688,-1,1,-1,-1
2016-01-13,AAPL,2016,-0.026046916545624466,0,1,0,-1
2016-01-14,AAPL,2016,0.021635544870454,0,1,0,-1
2016-01-15,AAPL,2016,-0.024308464868032613,1,1,1,-1
2016-01-19,AAPL,2016,-0.004850622847861168,1,1,1,-1
2016-01-20,AAPL,2016,0.001344026572891679,-1,1,0,-1
2016-01-21,AAPL,2016,-0.005075469241178571,-1,1,-1,1
2016-01-22,AAPL,2016,0.05180164584714671,-1,1,1,1
2016-01-25,AAPL,2016,-0.019715355486753957,-1,1,1,1
2016-01-26,AAPL,2016,0.00551570846970246,-1,1,1,1
2016-01-27,AAPL,2016,-0.06796483288499457,1,1,0,1
2016-01-28,AAPL,2016,0.007146202227205816,1,1,1,1
2016-01-29,AAPL,2016,0.033958396630892174,-1,1,1,1
2016-02-01,AAPL,2016,-0.009392277643543969,-1,1,-1,1
2016-02-02,AAPL,2016,-0.02042941805955541,0,1,-1,1
2016-02-03,AAPL,2016,0.019599044634857864,0,1,-1,1
2016-02-04,AAPL,2016,0.008003005002917642,-1,1,-1,1
2016-02-05,AAPL,2016,-0.0270711456797295,0,1,1,1
2016-02-08,AAPL,2016,0.010474766556905988,0,1,1,1
2016-02-09,AAPL,2016,-0.00021117993762589154,1,1,-1,1
2016-02-10,AAPL,2016,-0.007608368489924984,1,1,-1,1
2016-02-11,AAPL,2016,-0.006064721277350342,1,1,0,1
2016-02-12,AAPL,2016,0.0030902771213331616,1,1,-1,1
2016-02-16,AAPL,2016,0.027804166855433254,-1,1,0,1
2016-02-17,AAPL,2016,0.015198667512800385,-1,1,-1,1
2016-02-18,AAPL,2016,-0.019138359513611345,0,1,1,1
2016-02-19,AAPL,2016,-0.0022880071223989355,1,1,1,1
2016-02-22,AAPL,2016,0.00870835985434099,0,1,-1,1
2016-02-23,AAPL,2016,-0.022865106881920762,1,1,-1,1
2016-02-24,AAPL,2016,0.014781212502328767,1,1,1,1
2016-02-25,AAPL,2016,0.006844551016266564,1,1,-1,1
2016-02-26,AAPL,2016,0.0015484392091173276,1,1,-1,1
2016-02-29,AAPL,2016,-0.002272382795796536,1,1,-1,1
2016-03-01,AAPL,2016,0.0389462323022646,0,1,0,1
2016-03-02,AAPL,2016,0.002186180065461132,0,1,1,0
2016-03-03,AAPL,2016,0.007416366437379621,0,1,1,0
2016-03-04,AAPL,2016,0.014767285184293776,0,1,1,0
2016-03-07,AAPL,2016,-0.011128570172144248,0,1,-1,1
2016-03-08,AAPL,2016,-0.00828010351527585,1,1,1,1
2016-03-09,AAPL,2016,0.0008906071315589048,1,1,1,1
2016-03-10,AAPL,2016,0.0004941244586588432,1,1,-1,1
2016-03-11,AAPL,2016,0.010716771182093326,1,1,1,1
2016-03-14,AAPL,2016,0.002539044785757087,1,1,1,-1
2016-03-15,AAPL,2016,0.019894243147964407,1,1,1,-1
2016-03-16,AAPL,2016,0.01320386387510413,0,1,1,-1
2016-03-17,AAPL,2016,-0.0016053255823324992,0,1,1,-1
2016-03-18,AAPL,2016,0.0011335086767268493,0,1,1,-1
2016-03-21,AAPL,2016,-9.470846314727135e-05,1,1,1,-1
2016-03-22,AAPL,2016,0.0076190908195318905,1,1,1,-1
2016-03-23,AAPL,2016,-0.005543769006950744,1,1,1,1
2016-03-24,AAPL,2016,-0.004343840547717766,1,1,1,-1
2016-03-28,AAPL,2016,-0.004552855160991196,1,1,-1,-1
2016-03-29,AAPL,2016,0.023395871912678678,1,1,1,-1
2016-03-30,AAPL,2016,0.017308431911994045,1,1,1,-1
2016-03-31,AAPL,2016,-0.005215972153543063,0,1,1,-1
2016-04-01,AAPL,2016,0.00913280206950854,-1,1,1,1
2016-04-04,AAPL,2016,0.010221489903151809,-1,1,0,1
2016-04-05,AAPL,2016,-0.01185921236589326,0,1,1,-1
2016-04-06,AAPL,2016,0.01041829534097348,0,1,1,-1
2016-04-07,AAPL,2016,-0.02205095265225477,1,1,1,-1
2016-04-08,AAPL,2016,0.0011050652452835308,1,1,1,-1
2016-04-11,AAPL,2016,0.0033074236377794927,-1,1,1,-1
2016-04-12,AAPL,2016,0.012941035285796692,-1,1,1,-1
2016-04-13,AAPL,2016,0.014383434957187139,-1,1,1,-1
2016-04-14,AAPL,2016,0.0005353119670089706,-1,1,1,-1
2016-04-15,AAPL,2016,-0.020275358334753107,-1,1,1,-1
2016-04-18,AAPL,2016,-0.02181108550083112,-1,1,1,-1
2016-04-19,AAPL,2016,-0.005317183627597357,-1,1,1,-1
2016-04-20,AAPL,2016,0.0020555357719227456,-1,1,0,-1
2016-04-21,AAPL,2016,-0.010887034103531949,-1,1,1,-1
2016-04-22,AAPL,2016,-0.0027404396147961076,-1,1,1,1
2016-04-25,AAPL,2016,-0.00569353429001262,-1,1,1,1
2016-04-26,AAPL,2016,-0.006971319924275185,-1,1,1,1
2016-04-27,AAPL,2016,-0.06462149158654033,-1,1,0,1
2016-04-28,AAPL,2016,-0.031043434279919506,0,1,0,1
2016-04-29,AAPL,2016,-0.011560504050430825,0,1,1,1
2016-05-02,AAPL,2016,-0.0010676944129983312,0,1,1,1
2016-05-03,AAPL,2016,0.016312211210400933,0,1,1,1
2016-05-04,AAPL,2016,-0.010455604716392479,0,1,1,1
2016-05-05,AAPL,2016,-0.0040674447293715795,-1,1,1,1
2016-05-06,AAPL,2016,-0.005592609398739069,-1,1,0,1
2016-05-09,AAPL,2016,0.0007548769839938826,1,1,1,1
2016-05-10,AAPL,2016,0.006766398945640349,0,1,1,1
2016-05-11,AAPL,2016,-0.009788335703915671,1,1,-1,1
2016-05-12,AAPL,2016,-0.023736767660316065,1,1,0,1
2016-05-13,AAPL,2016,0.0019904243316430006,1,1,0,1
2016-05-16,AAPL,2016,0.036446610398573644,1,1,1,1
2016-05-17,AAPL,2016,-0.0041632463149741126,1,1,0,1
2016-05-18,AAPL,2016,0.011380455416497546,1,1,1,1
2016-05-19,AAPL,2016,-0.003814422642100825,1,1,1,1
2016-05-20,AAPL,2016,0.010769905802888637,1,1,1,1
2016-05-23,AAPL,2016,0.012627325290310598,1,1,1,1
2016-05-24,AAPL,2016,0.015129163389428933,0,1,1,1
2016-05-25,AAPL,2016,0.017416412042959257,-1,1,1,1
2016-05-26,AAPL,2016,0.007899053142152482,-1,1,1,1
2016-05-27,AAPL,2016,-0.0005979590943457698,-1,1,1,1
2016-05-31,AAPL,2016,-0.00489474886126944,0,1,1,1
2016-06-01,AAPL,2016,-0.014118866498263797,0,1,1,1
2016-06-02,AAPL,2016,-0.007544304034265853,1,1,1,1
2016-06-03,AAPL,2016,0.0020442479101825763,1,1,1,1
2016-06-06,AAPL,2016,0.007225056790952598,0,1,0,1
2016-06-07,AAPL,2016,0.0040472252354244705,-1,1,-1,1
2016-06-08,AAPL,2016,-0.0009088175346007722,-1,1,1,1
2016-06-09,AAPL,2016,0.007150243970384977,-1,1,1,1
2016-06-10,AAPL,2016,-0.00826290677460216,-1,1,1,1
2016-06-13,AAPL,2016,-0.015191162048234806,-1,1,1,1
2016-06-14,AAPL,2016,0.0012322498994425796,-1,1,1,1
2016-06-15,AAPL,2016,-0.003288948804446442,-1,1,1,1
2016-06-16,AAPL,2016,0.004211904581280435,-1,1,0,1
2016-06-17,AAPL,2016,-0.023021049843229387,-1,1,1,1
2016-06-20,AAPL,2016,-0.002415287097087655,-1,1,1,1
2016-06-21,AAPL,2016,0.008481656860372175,-1,1,1,1
2016-06-22,AAPL,2016,-0.0037608052477623574,-1,1,1,1
2016-06-23,AAPL,2016,0.005739585113894812,0,1,1,1
2016-06-24,AAPL,2016,-0.028497905026301455,1,1,0,1
2016-06-27,AAPL,2016,-0.014668042135048437,1,1,1,1
2016-06-28,AAPL,2016,0.016700303607663784,1,1,1,1
2016-06-29,AAPL,2016,0.008617379209816443,1,1,1,1
2016-06-30,AAPL,2016,0.012631679690031893,1,1,1,1
2016-07-01,AAPL,2016,0.0030289117170890474,1,1,1,1
2016-07-05,AAPL,2016,-0.009429939671330602,1,1,1,1
2016-07-06,AAPL,2016,0.005668610370201789,1,1,1,1
2016-07-07,AAPL,2016,0.00428273787778275,1,1,1,1
2016-07-08,AAPL,2016,0.007683131096433988,1,1,1,1
2016-07-11,AAPL,2016,0.0030983731517238307,1,1,1,-1
2016-07-12,AAPL,2016,0.004526607255159649,1,1,1,-1
2016-07-13,AAPL,2016,-0.00566099221679846,1,1,-1,-1
2016-07-14,AAPL,2016,0.01962611298993027,0,1,1,-1
2016-07-15,AAPL,2016,-0.00010109935377953964,0,1,-1,-1
2016-07-18,AAPL,2016,0.01057361130526375,-1,1,1,-1
2016-07-19,AAPL,2016,0.0004006714383806789,-1,1,-1,-1
2016-07-20,AAPL,2016,0.0009006937023297835,1,1,-1,1
2016-07-21,AAPL,2016,-0.005316428346840108,1,1,0,1
2016-07-22,AAPL,2016,-0.007774066862006063,1,1,-1,1
2016-07-25,AAPL,2016,-0.013469655262167446,1,1,1,-1
2016-07-26,AAPL,2016,-0.006906787065472224,1,1,1,-1
2016-07-27,AAPL,2016,0.06294039485341248,1,1,1,-1
2016-07-28,AAPL,2016,0.013410958130748904,1,1,1,-1
2016-07-29,AAPL,2016,-0.0012464613201118512,1,1,-1,-1
2016-08-01,AAPL,2016,0.01750279884270166,1,1,1,-1
2016-08-02,AAPL,2016,-0.01491535353577864,1,1,1,-1
2016-08-03,AAPL,2016,0.012460514352435094,1,1,-1,-1
2016-08-04,AAPL,2016,0.006158659275215647,1,1,-1,1
2016-08-05,AAPL,2016,0.015092709113958724,0,1,1,1
2016-08-08,AAPL,2016,0.008246399722563899,1,1,1,1
2016-08-09,AAPL,2016,0.004051925992873449,0,1,1,1
2016-08-10,AAPL,2016,-0.00747182720361184,1,1,1,1
2016-08-11,AAPL,2016,-0.0006483552843465976,1,1,1,1
2016-08-12,AAPL,2016,0.00231370393198079,1,1,1,1
2016-08-15,AAPL,2016,0.011945017464298026,0,1,1,1
2016-08-16,AAPL,2016,-0.0009136699139325851,0,1,1,1
2016-08-17,AAPL,2016,-0.0014640072062555884,-1,1,1,1
2016-08-18,AAPL,2016,-0.0012827095610419969,-1,1,1,1
2016-08-19,AAPL,2016,0.0025637758858357952,-1,1,1,1
2016-08-22,AAPL,2016,-0.007802592770447449,-1,1,1,1
2016-08-23,AAPL,2016,0.003128514973239399,-1,1,1,1
2016-08-24,AAPL,2016,-0.007562171016455696,-1,1,1,1
2016-08-25,AAPL,2016,-0.004267071613959608,-1,1,1,1
2016-08-26,AAPL,2016,-0.005873920378292542,0,1,1,1
2016-08-29,AAPL,2016,-0.001122749619195295,1,1,1,1
2016-08-30,AAPL,2016,-0.0077060464004568,1,1,1,1
2016-08-31,AAPL,2016,0.0009427902005700179,0,1,1,1
2016-09-01,AAPL,2016,0.005920600198676424,-1,1,1,1
2016-09-02,AAPL,2016,0.009325772494693381,-1,1,1,1
2016-09-06,AAPL,2016,-0.00027851145094184767,0,1,1,1
2016-09-07,AAPL,2016,0.006109327874154027,1,1,1,1
2016-09-08,AAPL,2016,-0.026558465662415272,1,1,1,1
2016-09-09,AAPL,2016,-0.022910558753211577,1,1,1,1
2016-09-12,AAPL,2016,0.022152282640709973,1,1,1,1
2016-09-13,AAPL,2016,0.023525898751843383,1,1,1,1
2016-09-14,AAPL,2016,0.034774875774101356,0,1,0,1
2016-09-15,AAPL,2016,0.03343343448218373,0,1,0,1
2016-09-16,AAPL,2016,-0.005640364316180367,-1,1,1,1
2016-09-19,AAPL,2016,-0.011728894214610333,0,1,0,1
2016-09-20,AAPL,2016,-8.775366114831925e-05,0,1,-1,1
2016-09-21,AAPL,2016,-0.00017611753777744163,0,1,1,1
2016-09-22,AAPL,2016,0.009378997410821203,-1,1,-1,1
2016-09-23,AAPL,2016,-0.016804378993552412,0,1,0,1
2016-09-26,AAPL,2016,0.0015073003697474985,0,1,1,1
2016-09-27,AAPL,2016,0.0018585722891018383,0,1,1,1
2016-09-28,AAPL,2016,0.0075759798341087144,-1,1,1,1
2016-09-29,AAPL,2016,-0.015655181772236623,1,1,1,1
2016-09-30,AAPL,2016,0.007725587769947845,0,1,1,1
2016-10-03,AAPL,2016,-0.0046992676358672495,1,1,1,1
2016-10-04,AAPL,2016,0.004256668408503011,1,1,1,1
2016-10-05,AAPL,2016,0.00044259922736419893,1,1,-1,1
2016-10-06,AAPL,2016,0.007402691515006376,1,1,1,1
2016-10-07,AAPL,2016,0.0014917680807159728,1,1,1,1
2016-10-10,AAPL,2016,0.017296428063910175,1,1,0,1
2016-10-11,AAPL,2016,0.0021519170795561266,0,1,0,1
2016-10-12,AAPL,2016,0.008902746000170629,0,1,1,1
2016-10-13,AAPL,2016,-0.00307263803981672,0,1,1,1
2016-10-14,AAPL,2016,0.005541028133885046,-1,1,1,1
2016-10-17,AAPL,2016,-0.0006803268524130181,0,1,1,1
2016-10-18,AAPL,2016,-0.0006807190723884081,1,1,1,1
2016-10-19,AAPL,2016,-0.002983917631087202,0,1,0,1
2016-10-20,AAPL,2016,-0.0005125663194173595,-1,1,1,1
2016-10-21,AAPL,2016,-0.0039373319725682044,-1,1,1,1
2016-10-24,AAPL,2016,0.008964800434858136,-1,1,1,1
2016-10-25,AAPL,2016,0.005086959669079112,-1,1,-1,1
2016-10-26,AAPL,2016,-0.022751618840926333,-1,1,1,1
2016-10-27,AAPL,2016,-0.0096491224345343,-1,1,1,1
2016-10-28,AAPL,2016,-0.0066609634023941855,-1,1,1,1
2016-10-31,AAPL,2016,-0.0015840083261177292,-1,1,-1,1
2016-11-01,AAPL,2016,-0.018220584316419937,0,1,0,1
2016-11-02,AAPL,2016,0.0008964607884032429,0,1,-1,1
2016-11-03,AAPL,2016,-0.010776439088336585,-1,1,0,1
2016-11-04,AAPL,2016,-0.00905506952260322,0,1,1,1
2016-11-07,AAPL,2016,0.014322314069454015,-1,1,-1,1
2016-11-08,AAPL,2016,0.005869524744034486,-1,1,0,1
2016-11-09,AAPL,2016,-0.00162191119124586,0,1,1,1
2016-11-10,AAPL,2016,-0.028263763164891896,0,1,0,1
2016-11-11,AAPL,2016,0.0059201696974463475,1,1,1,1
2016-11-14,AAPL,2016,-0.0254057504950016,1,1,0,1
2016-11-15,AAPL,2016,0.013157136764959245,1,1,1,1
2016-11-16,AAPL,2016,0.026532960402796076,0,1,0,1
2016-11-17,AAPL,2016,-0.0003636099808517047,1,1,1,1
2016-11-18,AAPL,2016,0.0009998919695720693,1,1,1,1
2016-11-21,AAPL,2016,0.0150598125317403,0,1,0,1
2016-11-22,AAPL,2016,0.000626079293213483,-1,1,1,1
2016-11-23,AAPL,2016,-0.005111171124959407,-1,1,1,1
2016-11-25,AAPL,2016,0.005021734031287726,-1,1,-1,1
2016-11-28,AAPL,2016,-0.001969791144561216,-1,1,1,1
2016-11-29,AAPL,2016,-0.000986575663532969,-1,1,0,1
2016-11-30,AAPL,2016,-0.008469383794104527,0,1,1,1
2016-12-01,AAPL,2016,-0.009363269372421988,1,1,1,1
2016-12-02,AAPL,2016,0.003737729619122376,1,1,1,1
2016-12-05,AAPL,2016,-0.007214150564838659,1,1,1,1
2016-12-06,AAPL,2016,0.007669094219482701,1,1,1,1
2016-12-07,AAPL,2016,0.00977471916560548,1,1,1,1
2016-12-08,AAPL,2016,0.009769058159672755,1,1,1,1
2016-12-09,AAPL,2016,0.016190362346181875,1,1,1,1
2016-12-12,AAPL,2016,-0.005720380398135483,1,1,1,1
2016-12-13,AAPL,2016,0.01654351579247624,1,1,0,1
2016-12-14,AAPL,2016,0.0,1,1,1,1
2016-12-15,AAPL,2016,0.005454215811161308,0,1,1,1
2016-12-16,AAPL,2016,0.0012943826224444727,0,1,1,1
2016-12-19,AAPL,2016,0.005760648707701424,0,1,1,-1
2016-12-20,AAPL,2016,0.002654213331457224,0,1,1,-1
2016-12-21,AAPL,2016,0.0009402844305423345,0,1,1,-1
2016-12-22,AAPL,2016,-0.006599635733947526,0,1,1,-1
2016-12-23,AAPL,2016,0.001976015114937998,0,1,-1,-1
2016-12-27,AAPL,2016,0.006330381908800892,-1,1,1,-1
2016-12-28,AAPL,2016,-0.0042730521867127644,0,1,1,-1
2016-12-29,AAPL,2016,-0.0002570769133598365,1,1,1,-1
2016-12-30,AAPL,2016,-0.007826161281864422,1,1,1,-1
2017-01-03,AAPL,2017,0.0028452335830752174,1,1,1,0
2017-01-04,AAPL,2017,-0.0011200003341925405,1,1,-1,0
2017-01-05,AAPL,2017,0.005072669963470194,1,1,1,0
2017-01-06,AAPL,2017,0.011086400944155458,0,1,1,0
2017-01-09,AAPL,2017,0.00911783639944026,1,1,1,0
2017-01-10,AAPL,2017,0.0010080497536927911,1,1,1,0
2017-01-11,AAPL,2017,0.005358824282108965,0,1,1,0
2017-01-12,AAPL,2017,-0.004184083880123754,1,1,1,0
2017-01-13,AAPL,2017,-0.001762454397773933,1,1,1,0
2017-01-17,AAPL,2017,0.008032171697264253,0,1,1,0
2017-01-18,AAPL,2017,-8.346348021583168e-05,1,1,1,0
2017-01-19,AAPL,2017,-0.0017517831865344155,1,1,1,0
2017-01-20,AAPL,2017,0.0018352466667501497,1,1,1,0
2017-01-23,AAPL,2017,0.0006663524853258301,1,1,-1,0
2017-01-24,AAPL,2017,-0.0009166256139386415,1,1,1,0
2017-01-25,AAPL,2017,0.01579546178950893,1,1,1,0
2017-01-26,AAPL,2017,0.000492166373318747,1,1,-1,0
2017-01-27,AAPL,2017,8.185688402601405e-05,1,1,-1,-1
2017-01-30,AAPL,2017,-0.002627589084623959,1,1,1,-1
2017-01-31,AAPL,2017,-0.002304467603449691,1,1,1,-1
2017-02-01,AAPL,2017,0.05919339468791403,1,1,0,-1
2017-02-02,AAPL,2017,-0.0017100923372535242,1,1,1,-1
2017-02-03,AAPL,2017,0.0042700169523258455,1,1,-1,-1
2017-02-06,AAPL,2017,0.009330295184528572,1,1,-1,-1
2017-02-07,AAPL,2017,0.00947237644247665,1,1,1,-1
2017-02-08,AAPL,2017,0.003869976183106574,1,1,-1,-1
2017-02-09,AAPL,2017,0.007199899443939077,1,1,-1,-1
2017-02-10,AAPL,2017,-0.002268284031431295,1,1,-1,-1
2017-02-13,AAPL,2017,0.00881671056367504,1,1,-1,-1
2017-02-14,AAPL,2017,0.012895864167720608,1,1,1,-1
2017-02-15,AAPL,2017,0.0036223153115117605,0,1,1,-1
2017-02-16,AAPL,2017,-0.0011814020119615036,1,1,-1,-1
2017-02-17,AAPL,2017,0.002730371260872532,1,1,-1,-1
2017-02-21,AAPL,2017,0.0071945719022581305,0,1,-1,-1
2017-02-22,AAPL,2017,0.0029946448937112446,1,1,-1,-1
2017-02-23,AAPL,2017,-0.004239396854546714,1,1,-1,-1
2017-02-24,AAPL,2017,0.0009517100374366661,1,1,-1,-1
2017-02-27,AAPL,2017,0.001974379101083257,1,1,-1,-1
2017-02-28,AAPL,2017,0.00043818185971259874,1,1,-1,-1
2017-03-01,AAPL,2017,0.020232952260536265,0,1,1,-1
2017-03-02,AAPL,2017,-0.005955420253544562,0,1,-1,-1
2017-03-03,AAPL,2017,0.005884200486261673,0,1,-1,-1
2017-03-06,AAPL,2017,-0.003153157151136071,0,1,-1,-1
2017-03-07,AAPL,2017,0.001290785627669183,0,1,-1,-1
2017-03-08,AAPL,2017,-0.003734111753325213,1,1,-1,-1
2017-03-09,AAPL,2017,-0.002304892240248384,1,1,1,-1
2017-03-10,AAPL,2017,0.0033122003241776066,1,1,1,-1
2017-03-13,AAPL,2017,0.00043063058149683554,1,1,1,-1
2017-03-14,AAPL,2017,-0.0015093256764769688,1,1,-1,-1
2017-03-15,AAPL,2017,0.01052033691733059,0,1,1,-1
2017-03-16,AAPL,2017,0.001636366425149376,0,1,-1,-1
2017-03-17,AAPL,2017,-0.004987913508505437,0,1,1,-1
2017-03-20,AAPL,2017,0.01044569634341166,0,1,-1,-1
2017-03-21,AAPL,2017,-0.011517956596967837,1,1,1,-1
2017-03-22,AAPL,2017,0.011235477017370711,1,1,1,-1
2017-03-23,AAPL,2017,-0.003542078782531053,1,1,-1,1
2017-03-24,AAPL,2017,-0.0019886214101757275,1,1,-1,1
2017-03-27,AAPL,2017,0.0017048248667220368,1,1,1,1
2017-03-28,AAPL,2017,0.02051512042435845,0,1,1,1
2017-03-29,AAPL,2017,0.0022229167196204072,0,1,1,1
2017-03-30,AAPL,2017,-0.0013190707801063318,0,1,-1,1
2017-03-31,AAPL,2017,-0.0018775760393779373,0,1,-1,1
2017-04-03,AAPL,2017,0.0002777309069667829,0,1,-1,1
2017-04-04,AAPL,2017,0.007418749742784595,-1,1,-1,1
2017-04-05,AAPL,2017,-0.005194287056499975,-1,1,1,1
2017-04-06,AAPL,2017,-0.002502193593251364,-1,1,-1,1
2017-04-07,AAPL,2017,-0.00223027227031397,-1,1,-1,1
2017-04-10,AAPL,2017,-0.0011867106640148968,-1,1,-1,1
2017-04-11,AAPL,2017,-0.01081442198584751,0,1,1,1
2017-04-12,AAPL,2017,0.0011989075778992486,0,1,-1,1
2017-04-13,AAPL,2017,-0.005302669736693406,1,1,-1,1
2017-04-17,AAPL,2017,0.005514551311053736,1,1,-1,1
2017-04-18,AAPL,2017,-0.004451835668659009,1,1,-1,1
2017-04-19,AAPL,2017,-0.00368948304395398,1,1,-1,1
2017-04-20,AAPL,2017,0.012433069094588224,1,1,1,-1
2017-04-21,AAPL,2017,-0.0011942133398907026,1,1,-1,-1
2017-04-24,AAPL,2017,0.009583207357842217,1,1,-1,-1
2017-04-25,AAPL,2017,0.006177145803978775,1,1,-1,-1
2017-04-26,AAPL,2017,-0.005898686608949143,1,1,-1,-1
2017-04-27,AAPL,2017,0.0007659086062444095,1,1,-1,-1
2017-04-28,AAPL,2017,-0.0009748319313398326,1,1,-1,-1
2017-05-01,AAPL,2017,0.02019197037538182,1,1,1,-1
2017-05-02,AAPL,2017,0.006324625421373177,1,1,1,-1
2017-05-03,AAPL,2017,-0.0030553696287971264,1,1,1,-1
2017-05-04,AAPL,2017,-0.0036102567694849103,1,1,-1,-1
2017-05-05,AAPL,2017,0.016447114272613368,1,1,1,-1
2017-05-08,AAPL,2017,0.026825724453426705,1,1,1,-1
2017-05-09,AAPL,2017,0.006384451160105935,1,1,1,-1
2017-05-10,AAPL,2017,-0.004752060359065931,-1,1,-1,-1
2017-05-11,AAPL,2017,0.008611382512550305,-1,1,-1,-1
2017-05-12,AAPL,2017,0.013869102610676809,-1,1,1,-1
2017-05-15,AAPL,2017,-0.002565862129339285,-1,1,-1,-1
2017-05-16,AAPL,2017,-0.0014784446245735595,-1,1,-1,-1
2017-05-17,AAPL,2017,-0.03415184742012254,0,1,1,-1
2017-05-18,AAPL,2017,0.015125594717296667,0,1,1,-1
2017-05-19,AAPL,2017,0.0034035437424113245,0,1,1,-1
2017-05-22,AAPL,2017,0.006057512613866381,0,1,1,-1
2017-05-23,AAPL,2017,-0.0012342061237637922,0,1,1,1
2017-05-24,AAPL,2017,-0.002995473701105957,0,1,-1,1
2017-05-25,AAPL,2017,0.003450251604985523,1,1,-1,1
2017-05-26,AAPL,2017,-0.0016909373243043902,0,1,-1,1
2017-05-30,AAPL,2017,0.0003901820988454418,1,1,-1,1
2017-05-31,AAPL,2017,-0.005939059298117191,1,1,1,1
2017-06-01,AAPL,2017,0.0027451741598099348,1,1,-1,1
2017-06-02,AAPL,2017,0.01471065635424063,-1,1,1,1
2017-06-05,AAPL,2017,-0.00982617253455169,-1,1,1,1
2017-06-06,AAPL,2017,0.0033722212544300195,-1,1,1,1
2017-06-07,AAPL,2017,0.005939245685906533,-1,1,1,1
2017-06-08,AAPL,2017,-0.0024491389693298807,-1,1,1,1
2017-06-09,AAPL,2017,-0.039548100717209766,-1,1,0,1
2017-06-12,AAPL,2017,-0.024185903118817204,0,1,0,1
2017-06-13,AAPL,2017,0.008013222614711652,-1,1,1,1
2017-06-14,AAPL,2017,-0.009802730387025322,0,1,0,1
2017-06-15,AAPL,2017,-0.006011847836243463,0,1,1,1
2017-06-16,AAPL,2017,-0.01409839068125894,1,1,1,1
2017-06-19,AAPL,2017,0.028206407412989184,0,1,1,1
2017-06-20,AAPL,2017,-0.009130275638204672,0,1,1,1
2017-06-21,AAPL,2017,0.005913105514604209,0,1,1,1
2017-06-22,AAPL,2017,-0.001646796548143931,-1,1,1,1
2017-06-23,AAPL,2017,0.004453674940255909,-1,1,1,1
2017-06-26,AAPL,2017,-0.0031495964926956466,-1,1,1,1
2017-06-27,AAPL,2017,-0.01443639986355275,0,1,1,1
2017-06-28,AAPL,2017,0.01450495288076921,-1,1,0,1
2017-06-29,AAPL,2017,-0.014852774553817602,0,1,1,1
2017-06-30,AAPL,2017,0.002363147626771689,1,1,1,1
2017-07-03,AAPL,2017,-0.003616995787562527,1,1,1,1
2017-07-05,AAPL,2017,0.004103219682011124,1,1,1,1
2017-07-06,AAPL,2017,-0.009483377890461817,1,1,1,1
2017-07-07,AAPL,2017,0.010107589233640472,1,1,1,1
2017-07-10,AAPL,2017,0.006085336813688084,1,1,1,1
2017-07-11,AAPL,2017,0.003234878368863931,1,1,1,1
2017-07-12,AAPL,2017,0.0014416044687362293,1,1,1,1
2017-07-13,AAPL,2017,0.013832887815745163,1,1,1,1
2017-07-14,AAPL,2017,0.008557477538061646,0,1,1,1
2017-07-17,AAPL,2017,0.003483111526862504,1,1,1,1
2017-07-18,AAPL,2017,0.003471021559477962,1,1,1,1
2017-07-19,AAPL,2017,0.0062438337126232,1,1,1,1
2017-07-20,AAPL,2017,-0.004513267961624533,0,1,1,1
2017-07-21,AAPL,2017,-0.00046523984838989436,0,1,1,1
2017-07-24,AAPL,2017,0.012038333741990554,-1,1,1,1
2017-07-25,AAPL,2017,0.004264692745823892,-1,1,1,1
2017-07-26,AAPL,2017,0.004702897130214881,1,1,-1,1
2017-07-27,AAPL,2017,-0.019078114824996415,1,1,0,1
2017-07-28,AAPL,2017,-0.0070651728656269275,1,1,1,1
2017-07-31,AAPL,2017,-0.005164114028046422,1,1,1,1
2017-08-01,AAPL,2017,0.008836084814319276,1,1,1,1
2017-08-02,AAPL,2017,0.04616851089809504,1,1,1,1
2017-08-03,AAPL,2017,-0.010041115518614616,0,1,1,1
2017-08-04,AAPL,2017,0.005256649494595259,1,1,1,1
2017-08-07,AAPL,2017,0.01535584987476553,1,1,1,1
2017-08-08,AAPL,2017,0.007965463829102631,0,1,1,1
2017-08-09,AAPL,2017,0.0061031306279607225,0,1,1,1
2017-08-10,AAPL,2017,-0.03237044860178367,0,1,0,1
2017-08-11,AAPL,2017,0.013810997717374169,0,1,1,1
2017-08-14,AAPL,2017,0.0149379250576498,-1,1,1,1
2017-08-15,AAPL,2017,0.010887696132816172,-1,1,1,1
2017-08-16,AAPL,2017,-0.004030275282960578,0,1,1,1
2017-08-17,AAPL,2017,-0.019385276927275694,0,1,1,1
2017-08-18,AAPL,2017,-0.0022830947504718113,1,1,1,1
2017-08-21,AAPL,2017,-0.0018428624551184982,1,1,1,1
2017-08-22,AAPL,2017,0.016215407764417808,1,1,1,1
2017-08-23,AAPL,2017,0.0012507614013423337,1,1,1,1
2017-08-24,AAPL,2017,-0.004447456162771922,1,1,1,1
2017-08-25,AAPL,2017,0.0036971870660994074,1,1,1,1
2017-08-28,AAPL,2017,0.01002109612126852,0,1,1,1
2017-08-29,AAPL,2017,0.008878086406294191,0,1,-1,1
2017-08-30,AAPL,2017,0.002697758991713231,-1,1,1,1
2017-08-31,AAPL,2017,0.003970877880089695,-1,1,1,1
2017-09-01,AAPL,2017,0.00030483843125334124,-1,1,1,1
2017-09-05,AAPL,2017,-0.012081067530237913,0,1,1,1
2017-09-06,AAPL,2017,-0.0010496207033021275,-1,1,1,1
2017-09-07,AAPL,2017,-0.004022238996932523,-1,1,1,1
2017-09-08,AAPL,2017,-0.01644339366228874,0,1,1,1
2017-09-11,AAPL,2017,0.017930559345729527,-1,1,1,1
2017-09-12,AAPL,2017,-0.003970768418098054,0,1,0,1
2017-09-13,AAPL,2017,-0.007550813845558505,-1,1,1,1
2017-09-14,AAPL,2017,-0.008618062513715786,-1,1,1,1
2017-09-15,AAPL,2017,0.010057627565367613,-1,1,1,1
2017-09-18,AAPL,2017,-0.007596656994080939,-1,1,1,1
2017-09-19,AAPL,2017,0.0003780183267803338,-1,1,1,1
2017-09-20,AAPL,2017,-0.01689991781042314,0,1,0,1
2017-09-21,AAPL,2017,-0.01732090828882588,0,1,1,1
2017-09-22,AAPL,2017,-0.009826910494801928,1,1,1,1
2017-09-25,AAPL,2017,-0.008861797773632047,1,1,1,1
2017-09-26,AAPL,2017,0.01705718920497304,0,1,1,1
2017-09-27,AAPL,2017,0.007092575600332733,0,1,1,1
2017-09-28,AAPL,2017,-0.00617828500893526,1,1,1,1
2017-09-29,AAPL,2017,0.005465070345926132,0,1,1,1
2017-10-02,AAPL,2017,-0.0020135324777169313,1,1,1,1
2017-10-03,AAPL,2017,0.004346638788115417,1,1,-1,1
2017-10-04,AAPL,2017,-0.006494516972731083,1,1,-1,1
2017-10-05,AAPL,2017,0.012367714857694693,0,1,-1,1
2017-10-06,AAPL,2017,-0.0005792209756006281,1,1,1,1
2017-10-09,AAPL,2017,0.0034712498997084337,1,1,-1,1
2017-10-10,AAPL,2017,0.00038456649008552823,1,1,0,1
2017-10-11,AAPL,2017,0.0041608696679109325,1,1,-1,1
2017-10-12,AAPL,2017,-0.003519309115288887,0,1,1,1
2017-10-13,AAPL,2017,0.00632609544298728,-1,1,1,-1
2017-10-16,AAPL,2017,0.018241067287522193,-1,1,-1,-1
2017-10-17,AAPL,2017,0.003683619388309316,-1,1,1,-1
2017-10-18,AAPL,2017,-0.004434358018768008,-1,1,-1,-1
2017-10-19,AAPL,2017,-0.023944934283977072,1,1,1,-1
2017-10-20,AAPL,2017,0.0017297221766550794,1,1,1,-1
2017-10-23,AAPL,2017,-0.0005120586031051337,1,1,1,-1
2017-10-24,AAPL,2017,0.005937435477768973,1,1,1,0
2017-10-25,AAPL,2017,-0.004401940899757339,1,1,1,0
2017-10-26,AAPL,2017,0.0063733471481455676,1,1,1,0
2017-10-27,AAPL,2017,0.035202752774772424,1,1,1,0
2017-10-30,AAPL,2017,0.022258934610211834,1,1,1,1
2017-10-31,AAPL,2017,0.013819803448344305,1,1,1,1
2017-11-01,AAPL,2017,-0.01280103878900619,1,1,1,0
2017-11-02,AAPL,2017,0.0072836614685754175,1,1,1,0
2017-11-03,AAPL,2017,0.025779245662557394,1,1,1,0
2017-11-06,AAPL,2017,0.01009365842684558,0,1,1,0
2017-11-07,AAPL,2017,0.0032084476503250643,-1,1,1,1
2017-11-08,AAPL,2017,0.00814751142141473,-1,1,1,0
2017-11-09,AAPL,2017,-0.002045305797371264,-1,1,1,0
2017-11-10,AAPL,2017,-0.0033147368112216528,-1,1,1,-1
2017-11-13,AAPL,2017,-0.004015636729049919,-1,1,1,-1
2017-11-14,AAPL,2017,-0.015233029444245542,1,1,1,-1
2017-11-15,AAPL,2017,-0.013278045681205738,1,1,1,-1
2017-11-16,AAPL,2017,0.01187641198546547,1,1,-1,-1
2017-11-17,AAPL,2017,-0.005567948760123419,1,1,1,-1
2017-11-20,AAPL,2017,-0.0009996866856313293,1,1,1,-1
2017-11-21,AAPL,2017,0.018419647945635158,-1,1,1,-1
2017-11-22,AAPL,2017,0.010456935936208103,-1,1,1,1
2017-11-24,AAPL,2017,5.70814160227773e-05,-1,1,1,-1
2017-11-27,AAPL,2017,-0.005041959521530898,-1,1,1,1
2017-11-28,AAPL,2017,-0.005876298174054419,-1,1,1,1
2017-11-29,AAPL,2017,-0.020961065946911977,0,1,0,1
2017-11-30,AAPL,2017,0.013887153178987708,-1,1,1,1
2017-12-01,AAPL,2017,-0.004666423916214398,0,1,1,1
2017-12-04,AAPL,2017,-0.007334381756322792,1,1,1,1
2017-12-05,AAPL,2017,-0.0009428732619652312,0,1,1,1
2017-12-06,AAPL,2017,-0.0037208311553958108,1,1,1,1
2017-12-07,AAPL,2017,0.0018328953022728918,1,1,1,1
2017-12-08,AAPL,2017,0.00029487876745431054,1,1,1,1
2017-12-11,AAPL,2017,0.01929651078949682,1,1,1,1
2017-12-12,AAPL,2017,-0.0056332266305812685,1,1,1,-1
2017-12-13,AAPL,2017,0.0033141946205516547,1,1,1,-1
2017-12-14,AAPL,2017,-0.00029010352124027734,1,1,-1,-1
2017-12-15,AAPL,2017,0.01011016451332816,0,1,-1,-1
2017-12-18,AAPL,2017,0.013984880517168138,-1,1,1,-1
2017-12-19,AAPL,2017,-0.010713860109843048,-1,1,1,-1
2017-12-20,AAPL,2017,-0.0010891829263529682,-1,1,1,-1
2017-12-21,AAPL,2017,0.00377847504207868,-1,1,1,-1
2017-12-22,AAPL,2017,0.0,-1,1,1,-1
2017-12-26,AAPL,2017,-0.025697442584686016,1,1,1,1
2017-12-27,AAPL,2017,0.0001759281253484627,1,1,-1,1
2017-12-28,AAPL,2017,0.0028097903435859157,1,1,1,1
2017-12-29,AAPL,2017,-0.010872779398027041,1,1,1,1
2018-01-02,AAPL,2018,0.01774615392076573,0,1,-1,1
2018-01-03,AAPL,2018,-0.00017413790648195706,1,1,1,1
2018-01-04,AAPL,2018,0.004634337381975636,1,1,-1,1
2018-01-05,AAPL,2018,0.011320895265714082,1,1,1,-1
2018-01-08,AAPL,2018,-0.0037212201902739723,1,1,1,-1
2018-01-09,AAPL,2018,-0.00011457206970133106,1,1,-1,-1
2018-01-10,AAPL,2018,-0.00022965168456543316,1,1,-1,-1
2018-01-11,AAPL,2018,0.005664083377902726,1,1,1,-1
2018-01-12,AAPL,2018,0.01027343520713419,0,1,1,-1
2018-01-16,AAPL,2018,-0.0050951820570444804,0,1,0,-1
2018-01-17,AAPL,2018,0.016381316297736193,-1,1,0,-1
2018-01-18,AAPL,2018,0.0008929111973629919,-1,1,1,-1
2018-01-19,AAPL,2018,-0.004472641756109012,-1,1,1,-1
2018-01-22,AAPL,2018,-0.00821483821232108,-1,1,1,-1
2018-01-23,AAPL,2018,0.00022604378486950813,-1,1,1,-1
2018-01-24,AAPL,2018,-0.01605698131564013,-1,1,1,-1
2018-01-25,AAPL,2018,-0.018012149646745225,-1,1,0,-1
2018-01-26,AAPL,2018,0.002334925161011146,-1,1,1,-1
2018-01-29,AAPL,2018,-0.020915583986708536,-1,1,1,-1
2018-01-30,AAPL,2018,-0.005911567121704457,-1,1,1,-1
2018-01-31,AAPL,2018,0.0027510078637891884,-1,1,1,-1
2018-02-01,AAPL,2018,0.0020882100003694103,-1,1,1,-1
2018-02-02,AAPL,2018,-0.04435936558781166,0,1,0,-1
2018-02-05,AAPL,2018,-0.02530241589137036,1,1,0,-1
2018-02-06,AAPL,2018,0.04094263279258613,0,1,0,-1
2018-02-07,AAPL,2018,-0.021639584255474745,1,1,1,-1
2018-02-08,AAPL,2018,-0.02790238066167643,1,1,0,-1
2018-02-09,AAPL,2018,0.01215723845469182,1,1,0,-1
2018-02-12,AAPL,2018,0.0394886804878374,1,1,0,1
2018-02-13,AAPL,2018,0.00996791691091343,1,1,-1,-1
2018-02-14,AAPL,2018,0.018269499861789686,1,1,0,-1
2018-02-15,AAPL,2018,0.03302692956262289,0,1,1,-1
2018-02-16,AAPL,2018,-0.003242651853495803,1,1,1,-1
2018-02-20,AAPL,2018,-0.003369048895502537,1,1,1,1
2018-02-21,AAPL,2018,-0.004549379821946735,1,1,-1,1
2018-02-22,AAPL,2018,0.008324500576260925,1,1,1,-1
2018-02-23,AAPL,2018,0.017241903874604052,0,1,-1,-1
2018-02-26,AAPL,2018,0.019578776933213603,-1,1,1,-1
2018-02-27,AAPL,2018,-0.0032458270028429682,-1,1,1,-1
2018-02-28,AAPL,2018,-0.001514907491737242,-1,1,1,-1
2018-03-01,AAPL,2018,-0.01767120482318317,0,1,0,-1
2018-03-02,AAPL,2018,0.006890504638573052,1,1,1,-1
2018-03-05,AAPL,2018,0.003456069711083649,1,1,-1,1
2018-03-06,AAPL,2018,-0.0008493059163840848,1,1,-1,1
2018-03-07,AAPL,2018,-0.009326118220312372,1,1,-1,1
2018-03-08,AAPL,2018,0.010853541580091093,1,1,-1,1
2018-03-09,AAPL,2018,0.017034764955541782,-1,1,1,1
2018-03-12,AAPL,2018,0.009621516773727249,-1,1,1,1
2018-03-13,AAPL,2018,-0.009676964484202657,-1,1,1,1
2018-03-14,AAPL,2018,-0.00853750539417932,-1,1,1,1
2018-03-15,AAPL,2018,0.001176003423863492,-1,1,1,1
2018-03-16,AAPL,2018,-0.003532623860491222,-1,1,1,1
2018-03-19,AAPL,2018,-0.015396916384401993,0,1,-1,1
2018-03-20,AAPL,2018,-0.0003426369418673933,-1,1,1,1
2018-03-21,AAPL,2018,-0.022915199265303235,-1,1,1,1
2018-03-22,AAPL,2018,-0.014230444860300288,0,1,1,1
2018-03-23,AAPL,2018,-0.023429035336678936,0,1,1,1
2018-03-26,AAPL,2018,0.04637973771142967,0,1,0,1
2018-03-27,AAPL,2018,-0.025975486403260792,0,1,0,1
2018-03-28,AAPL,2018,-0.011110360275717109,1,1,1,1
2018-03-29,AAPL,2018,0.007777988683347126,0,1,1,1
2018-04-02,AAPL,2018,-0.006577617802911586,1,1,1,1
2018-04-03,AAPL,2018,0.010206731633001776,1,1,1,-1
2018-04-04,AAPL,2018,0.018942018860721103,0,1,0,-1
2018-04-05,AAPL,2018,0.006909990340932845,0,1,1,1
2018-04-06,AAPL,2018,-0.02591117686134309,1,1,1,1
2018-04-09,AAPL,2018,0.009868823730992989,1,1,1,1
2018-04-10,AAPL,2018,0.018643173674060928,1,1,1,1
2018-04-11,AAPL,2018,-0.00468603779972584,1,1,1,1
2018-04-12,AAPL,2018,0.00981016965722312,-1,1,1,1
2018-04-13,AAPL,2018,0.003382583551520011,-1,1,-1,1
2018-04-16,AAPL,2018,0.006218493937705915,-1,1,1,1
2018-04-17,AAPL,2018,0.013670239170317575,-1,1,1,1
2018-04-18,AAPL,2018,-0.00224657817812969,-1,1,1,1
2018-04-19,AAPL,2018,-0.028749690882621817,-1,1,1,1
2018-04-20,AAPL,2018,-0.041835041174520374,0,1,0,1
2018-04-23,AAPL,2018,-0.0029007106616859312,0,1,-1,1
2018-04-24,AAPL,2018,-0.014016892912107032,1,1,1,1
2018-04-25,AAPL,2018,0.004347979419143667,1,1,1,1
2018-04-26,AAPL,2018,0.0034768974258351007,1,1,1,1
2018-04-27,AAPL,2018,-0.011637381684665295,1,1,1,1
2018-04-30,AAPL,2018,0.017950568159728456,1,1,1,1
2018-05-01,AAPL,2018,0.022970123631127402,1,1,1,1
2018-05-02,AAPL,2018,0.043227327228462786,1,1,1,1
2018-05-03,AAPL,2018,0.0018101248583344207,1,1,-1,1
2018-05-04,AAPL,2018,0.03848352304362045,1,1,0,1
2018-05-07,AAPL,2018,0.007209320449054908,1,1,1,1
2018-05-08,AAPL,2018,0.00479470945459998,0,1,1,1
2018-05-09,AAPL,2018,0.007016303232171911,1,1,-1,1
2018-05-10,AAPL,2018,0.014203025024420467,-1,1,1,1
2018-05-11,AAPL,2018,-0.003810710722261395,-1,1,1,1
2018-05-14,AAPL,2018,-0.002335597191824979,0,1,-1,1
2018-05-15,AAPL,2018,-0.00913034415353135,0,1,1,1
2018-05-16,AAPL,2018,0.009289696337337578,0,1,1,1
2018-05-17,AAPL,2018,-0.006343844113582729,0,1,-1,1
2018-05-18,AAPL,2018,-0.0036428076825661525,1,1,-1,1
2018-05-21,AAPL,2018,0.007059887182942045,0,1,-1,1
2018-05-22,AAPL,2018,-0.0025083607493681806,0,1,1,1
2018-05-23,AAPL,2018,0.006391221303323962,0,1,1,-1
2018-05-24,AAPL,2018,-0.0011154481245551023,1,1,1,1
2018-05-25,AAPL,2018,0.0022827984122114693,1,1,1,1
2018-05-29,AAPL,2018,-0.0036123823104376846,1,1,1,1
2018-05-30,AAPL,2018,-0.002131311690641206,1,1,1,1
2018-05-31,AAPL,2018,-0.0033653028778615197,1,1,1,1
2018-06-01,AAPL,2018,0.01787308435804461,0,1,1,1
2018-06-04,AAPL,2018,0.008322984241477132,0,1,1,1
2018-06-05,AAPL,2018,0.007685593324156098,0,1,1,1
2018-06-06,AAPL,2018,0.0034602180081693044,-1,1,1,1
2018-06-07,AAPL,2018,-0.002684377801201574,-1,1,1,1
2018-06-08,AAPL,2018,-0.009139137187816494,-1,1,1,1
2018-06-11,AAPL,2018,-0.0024546170949623146,-1,1,-1,1
2018-06-12,AAPL,2018,0.005475539281571004,-1,1,-1,1
2018-06-13,AAPL,2018,-0.00825129373659847,-1,1,1,1
2018-06-14,AAPL,2018,0.0005244566097578303,-1,1,1,1
2018-06-15,AAPL,2018,-0.010325845735744126,-1,1,1,1
2018-06-18,AAPL,2018,-0.0005297300040281672,-1,1,1,1
2018-06-19,AAPL,2018,-0.01629162054797262,0,1,1,1
2018-06-20,AAPL,2018,0.004352636136608597,-1,1,1,1
2018-06-21,AAPL,2018,-0.005592026968020425,0,1,0,1
2018-06-22,AAPL,2018,-0.0029161689140772516,0,1,1,1
2018-06-25,AAPL,2018,-0.014982772092813507,1,1,0,1
2018-06-26,AAPL,2018,0.012329720440799951,0,1,0,1
2018-06-27,AAPL,2018,-0.0014649007842383243,0,1,0,1
2018-06-28,AAPL,2018,0.0072497248279144565,1,1,1,1
2018-06-29,AAPL,2018,-0.0021046004647250027,1,1,0,1
2018-07-02,AAPL,2018,0.011120560763101028,1,1,0,1
2018-07-03,AAPL,2018,-0.017569867654576143,1,1,1,1
2018-07-05,AAPL,2018,0.008014898804570543,1,1,-1,1
2018-07-06,AAPL,2018,0.013766749400392629,1,1,-1,1
2018-07-09,AAPL,2018,0.01378922787854039,0,1,1,1
2018-07-10,AAPL,2018,-0.0012073158353911886,1,1,1,1
2018-07-11,AAPL,2018,-0.013061009849389632,1,1,1,1
2018-07-12,AAPL,2018,0.016626980145609867,0,1,1,1
2018-07-13,AAPL,2018,0.0015694076845368583,0,1,1,1
2018-07-16,AAPL,2018,-0.002197793214807304,0,1,1,1
2018-07-17,AAPL,2018,0.002824715065649534,0,1,1,1
2018-07-18,AAPL,2018,-0.005499682571866869,1,1,1,1
2018-07-19,AAPL,2018,0.007743092264157594,1,1,1,1
2018-07-20,AAPL,2018,-0.0022956734089278194,0,1,-1,1
2018-07-23,AAPL,2018,0.0008873514462041348,-1,1,1,1
2018-07-24,AAPL,2018,0.0072285802485006585,-1,1,-1,1
2018-07-25,AAPL,2018,0.009385636898461874,1,1,1,1
2018-07-26,AAPL,2018,-0.0031359411283115395,1,1,-1,1
2018-07-27,AAPL,2018,-0.016771444343729743,1,1,0,1
2018-07-30,AAPL,2018,-0.00561819576433707,1,1,1,1
2018-07-31,AAPL,2018,0.0019987107189625986,1,1,1,1
2018-08-01,AAPL,2018,0.057240212530524144,1,1,0,1
2018-08-02,AAPL,2018,0.028811832474775468,0,1,0,1
2018-08-03,AAPL,2018,0.0028886778397331785,0,1,1,1
2018-08-06,AAPL,2018,0.005179164885183809,0,1,1,1
2018-08-07,AAPL,2018,-0.009418847176374904,1,1,1,1
2018-08-08,AAPL,2018,0.0006754178979929374,1,1,1,1
2018-08-09,AAPL,2018,0.007834260162568975,1,1,1,1
2018-08-10,AAPL,2018,-0.0029830078206812614,1,1,1,1
2018-08-13,AAPL,2018,0.006436088052969061,1,1,1,1
2018-08-14,AAPL,2018,0.004204140167413468,1,1,1,1
2018-08-15,AAPL,2018,0.0023334587018537835,1,1,-1,1
2018-08-16,AAPL,2018,0.014543718815503997,1,1,-1,1
2018-08-17,AAPL,2018,0.01977308749041083,0,1,0,1
2018-08-20,AAPL,2018,-0.00979105847116284,0,1,1,1
2018-08-21,AAPL,2018,-0.0019515665998771064,1,1,1,1
2018-08-22,AAPL,2018,4.66655653078784e-05,1,1,1,1
2018-08-23,AAPL,2018,0.0020440193228508383,1,1,1,1
2018-08-24,AAPL,2018,0.0031046050851309117,1,1,1,1
2018-08-27,AAPL,2018,0.008200793383050287,1,1,1,1
2018-08-28,AAPL,2018,0.008043104745647187,1,1,1,1
2018-08-29,AAPL,2018,0.014819138762058634,0,1,1,1
2018-08-30,AAPL,2018,0.009151802203514373,0,1,0,1
2018-08-31,AAPL,2018,0.011487503551090652,-1,1,1,1
2018-09-04,AAPL,2018,0.0032019861553380753,-1,1,1,1
2018-09-05,AAPL,2018,-0.0065463089412350845,-1,1,1,1
2018-09-06,AAPL,2018,-0.01675709471106394,0,1,0,1
2018-09-07,AAPL,2018,-0.008100830167140702,0,1,1,1
2018-09-10,AAPL,2018,-0.013511633704894239,0,1,0,1
2018-09-11,AAPL,2018,0.02496880742344607,-1,1,0,1
2018-09-12,AAPL,2018,-0.012497040018469923,0,1,1,1
2018-09-13,AAPL,2018,0.023868115164608416,-1,1,1,1
2018-09-14,AAPL,2018,-0.011415978216957645,-1,1,1,1
2018-09-17,AAPL,2018,-0.026986995865124642,0,1,1,1
2018-09-18,AAPL,2018,0.0016509614305479582,1,1,1,1
2018-09-19,AAPL,2018,0.0005954497308601198,0,1,1,1
2018-09-20,AAPL,2018,0.007573184214204618,1,1,1,1
2018-09-21,AAPL,2018,-0.010829612619469119,1,1,0,1
2018-09-24,AAPL,2018,0.01427750028350793,1,1,1,1
2018-09-25,AAPL,2018,0.006320877785335269,1,1,1,1
2018-09-26,AAPL,2018,-0.007997916787535322,1,1,0,1
2018-09-27,AAPL,2018,0.02034313473583035,1,1,1,1
2018-09-28,AAPL,2018,0.0035056920020799793,-1,1,1,1
2018-10-01,AAPL,2018,0.006710742112463468,-1,1,1,1
2018-10-02,AAPL,2018,0.00884941637283771,-1,1,1,1
2018-10-03,AAPL,2018,0.012094991196405084,-1,1,1,1
2018-10-04,AAPL,2018,-0.01773700372667483,-1,1,1,1
2018-10-05,AAPL,2018,-0.016362062449650057,0,1,0,1
2018-10-08,AAPL,2018,-0.0023211501848898726,-1,1,1,1
2018-10-09,AAPL,2018,0.013758445999743133,-1,1,1,1
2018-10-10,AAPL,2018,-0.04743338409363732,0,1,0,1
2018-10-11,AAPL,2018,-0.008867501064710834,0,1,0,1
2018-10-12,AAPL,2018,0.03509651867132517,0,1,1,1
2018-10-15,AAPL,2018,-0.021617506343517598,1,1,1,1
2018-10-16,AAPL,2018,0.021797561158674324,0,1,0,1
2018-10-17,AAPL,2018,-0.004330799316808634,-1,1,1,1
2018-10-18,AAPL,2018,-0.023651200721429965,0,1,1,1
2018-10-19,AAPL,2018,0.015115459036326625,-1,1,1,1
2018-10-22,AAPL,2018,0.006091358269335851,-1,1,-1,1
2018-10-23,AAPL,2018,0.009382811767382197,-1,1,0,1
2018-10-24,AAPL,2018,-0.03490392121722044,0,1,0,1
2018-10-25,AAPL,2018,0.021661604473123,0,1,1,1
2018-10-26,AAPL,2018,-0.01605196912431023,-1,1,0,1
2018-10-29,AAPL,2018,-0.018948221053619874,-1,1,0,1
2018-10-30,AAPL,2018,0.004981932155490928,-1,1,1,1
2018-10-31,AAPL,2018,0.025732173424675247,-1,1,-1,1
2018-11-01,AAPL,2018,0.015235989901842521,-1,1,1,1
2018-11-02,AAPL,2018,-0.06863319026008503,0,1,0,1
2018-11-05,AAPL,2018,-0.028799170573512257,-1,1,1,1
2018-11-06,AAPL,2018,0.010756259275978355,-1,1,1,1
2018-11-07,AAPL,2018,0.029877432982621122,-1,1,1,1
2018-11-08,AAPL,2018,-0.003495280354493435,-1,1,1,1
2018-11-09,AAPL,2018,-0.019469622529886436,-1,1,1,1
2018-11-12,AAPL,2018,-0.05168722573398713,-1,1,1,1
2018-11-13,AAPL,2018,-0.010041545503111482,-1,1,1,1
2018-11-14,AAPL,2018,-0.028654149021584488,-1,1,0,1
2018-11-15,AAPL,2018,0.02437925616325,-1,1,0,1
2018-11-16,AAPL,2018,0.011014896971013724,-1,1,0,1
2018-11-19,AAPL,2018,-0.040438870512731644,-1,1,0,1
2018-11-20,AAPL,2018,-0.048957122407823614,0,1,0,1
2018-11-21,AAPL,2018,-0.0011306535866156381,1,1,-1,1
2018-11-23,AAPL,2018,-0.02572705412668427,1,1,-1,1
2018-11-26,AAPL,2018,0.013433394687751914,1,1,-1,1
2018-11-27,AAPL,2018,-0.0021784063136493876,0,1,-1,1
2018-11-28,AAPL,2018,0.03773160301727604,-1,1,0,1
2018-11-29,AAPL,2018,-0.007711908263157983,-1,1,0,1
2018-11-30,AAPL,2018,-0.005417025404936193,-1,1,-1,1
2018-12-03,AAPL,2018,0.03434593981949943,-1,1,-1,1
2018-12-04,AAPL,2018,-0.04498588684033177,-1,1,0,1
2018-12-06,AAPL,2018,-0.011212066667556041,-1,1,0,1
2018-12-07,AAPL,2018,-0.03630836487843423,0,1,0,1
2018-12-10,AAPL,2018,0.006566616526631659,-1,1,0,1
2018-12-11,AAPL,2018,-0.005735740394828617,0,1,0,1
2018-12-12,AAPL,2018,0.0027831838061241777,-1,1,-1,1
2018-12-13,AAPL,2018,0.010880717133026357,-1,1,1,1
2018-12-14,AAPL,2018,-0.03252061274824389,-1,1,1,1
2018-12-17,AAPL,2018,-0.00934972592673167,-1,1,0,1
2018-12-18,AAPL,2018,0.012908490651147223,-1,1,1,1
2018-12-19,AAPL,2018,-0.03168836717599521,0,1,0,1
2018-12-20,AAPL,2018,-0.025558451822340077,0,1,0,1
2018-12-21,AAPL,2018,-0.03967188739314382,1,1,0,1
2018-12-24,AAPL,2018,-0.026214840978076137,1,1,0,1
2018-12-26,AAPL,2018,0.06805229766236022,-1,1,0,1
2018-12-27,AAPL,2018,-0.006510724965145828,-1,1,0,1
2018-12-28,AAPL,2018,0.0005121092326115351,-1,1,-1,1
2018-12-31,AAPL,2018,0.009619117174136587,-1,1,-1,1
2019-01-02,AAPL,2019,0.0011402982533539317,-1,1,-1,1
2019-01-03,AAPL,2019,-0.10492455205137123,1,1,0,1
2019-01-04,AAPL,2019,0.0418033456160548,1,1,0,1
2019-01-07,AAPL,2019,-0.002228150449295338,1,1,-1,1
2019-01-08,AAPL,2019,0.018883463313407636,1,1,-1,1
2019-01-09,AAPL,2019,0.01683926600432011,0,1,-1,1
2019-01-10,AAPL,2019,0.003191242509523184,0,1,-1,-1
2019-01-11,AAPL,2019,-0.009866862257891343,1,1,-1,-1
2019-01-14,AAPL,2019,-0.015151232027209652,1,1,-1,-1
2019-01-15,AAPL,2019,0.020260017167149116,0,1,-1,-1
2019-01-16,AAPL,2019,0.012142770926610088,-1,1,-1,-1
2019-01-17,AAPL,2019,0.005920298297245548,0,1,-1,1
2019-01-18,AAPL,2019,0.006140461732787379,0,1,-1,1
2019-01-22,AAPL,2019,-0.0227018228859015,0,1,-1,1
2019-01-23,AAPL,2019,0.004036217828680004,1,1,-1,1
2019-01-24,AAPL,2019,-0.007958120330243113,1,1,-1,1
2019-01-25,AAPL,2019,0.03259973738772648,1,1,-1,1
2019-01-28,AAPL,2019,-0.009297628519385717,1,1,-1,1
2019-01-29,AAPL,2019,-0.010418776673444948,1,1,1,1
2019-01-30,AAPL,2019,0.0661011047820315,1,1,0,1
2019-01-31,AAPL,2019,0.007175428525381018,1,1,1,1
2019-02-01,AAPL,2019,0.000480456186689483,1,1,-1,1
2019-02-04,AAPL,2019,0.02800914111092896,0,1,-1,1
2019-02-05,AAPL,2019,0.01696472482416451,-1,1,1,1
2019-02-06,AAPL,2019,0.0003446991647973332,-1,1,-1,1
2019-02-07,AAPL,2019,-0.019121526325630706,0,1,-1,1
2019-02-08,AAPL,2019,0.0011742379660237882,0,1,1,1
2019-02-11,AAPL,2019,-0.0057670052529030826,1,1,1,1
2019-02-12,AAPL,2019,0.008580050601275573,1,1,1,1
2019-02-13,AAPL,2019,-0.004163180524658958,0,1,1,1
2019-02-14,AAPL,2019,0.003636372082303515,1,1,1,1
2019-02-15,AAPL,2019,-0.0022275236111448534,1,1,1,1
2019-02-19,AAPL,2019,0.002988692279727238,1,1,1,1
2019-02-20,AAPL,2019,0.00641444958233852,1,1,1,1
2019-02-21,AAPL,2019,-0.005654702133955494,1,1,1,1
2019-02-22,AAPL,2019,0.011104085379813338,1,1,1,1
2019-02-25,AAPL,2019,0.007257935888274599,1,1,1,1
2019-02-26,AAPL,2019,0.0005742037719475233,0,1,1,1
2019-02-27,AAPL,2019,0.0030925989516934023,0,1,1,1
2019-02-28,AAPL,2019,-0.009884791971555009,0,1,1,-1
2019-03-01,AAPL,2019,0.010456162742883404,-1,1,1,-1
2019-03-04,AAPL,2019,0.005017185218847977,1,1,1,-1
2019-03-05,AAPL,2019,-0.0018215944608321812,1,1,1,-1
2019-03-06,AAPL,2019,-0.005770847631761678,1,1,1,-1
2019-03-07,AAPL,2019,-0.011641832164800059,1,1,1,-1
2019-03-08,AAPL,2019,0.0023740285815494807,1,1,1,-1
2019-03-11,AAPL,2019,0.03405570735706018,1,1,1,-1
2019-03-12,AAPL,2019,0.011172909843690924,1,1,1,-1
2019-03-13,AAPL,2019,0.004412259376232776,1,1,1,-1
2019-03-14,AAPL,2019,0.011055186183887839,1,1,1,-1
2019-03-15,AAPL,2019,0.012924161330163421,1,1,1,1
2019-03-18,AAPL,2019,0.010156862447943673,0,1,1,-1
2019-03-19,AAPL,2019,-0.00795619898965164,0,1,1,1
2019-03-20,AAPL,2019,0.008700516517429258,0,1,0,1
2019-03-21,AAPL,2019,0.03616811345485852,-1,1,0,1
2019-03-22,AAPL,2019,-0.0209256453813653,0,1,0,1
2019-03-25,AAPL,2019,-0.012164779446727987,0,1,0,1
2019-03-26,AAPL,2019,-0.010385458188628566,1,1,0,1
2019-03-27,AAPL,2019,0.008954023355440724,1,1,0,1
2019-03-28,AAPL,2019,0.0013256582303055595,1,1,1,1
2019-03-29,AAPL,2019,0.006496460723021892,1,1,1,1
2019-04-01,AAPL,2019,0.006768245334484591,1,1,1,1
2019-04-02,AAPL,2019,0.014432114636522653,1,1,1,1
2019-04-03,AAPL,2019,0.00683171451831533,1,1,1,1
2019-04-04,AAPL,2019,0.0017387841328501037,1,1,1,1
2019-04-05,AAPL,2019,0.006671629446942515,1,1,1,1
2019-04-08,AAPL,2019,0.015613666851155813,0,1,1,-1
2019-04-09,AAPL,2019,-0.003003011395490287,0,1,1,-1
2019-04-10,AAPL,2019,0.005598282710985409,1,1,1,-1
2019-04-11,AAPL,2019,-0.008358927474306827,1,1,1,-1
2019-04-12,AAPL,2019,-0.00040209615291642,1,1,1,-1
2019-04-15,AAPL,2019,0.0018084018744607185,1,1,1,-1
2019-04-16,AAPL,2019,0.00010043790129861742,1,1,1,-1
2019-04-17,AAPL,2019,0.019286031107350533,0,1,1,-1
2019-04-18,AAPL,2019,0.003587208324983283,0,1,1,-1
2019-04-22,AAPL,2019,0.0032813001498160402,0,1,1,-1
2019-04-23,AAPL,2019,0.014320099402564354,-1,1,1,-1
2019-04-24,AAPL,2019,-0.0015433719490844573,1,1,1,-1
2019-04-25,AAPL,2019,-0.009116464373679722,1,1,1,-1
2019-04-26,AAPL,2019,-0.004785587951153842,1,1,1,-1
2019-04-29,AAPL,2019,0.0015162958875863507,1,1,1,-1
2019-04-30,AAPL,2019,-0.019444309380839655,0,1,1,-1
2019-05-01,AAPL,2019,0.047919132334912275,-1,1,0,-1
2019-05-02,AAPL,2019,-0.0065287424904197835,-1,1,1,-1
2019-05-03,AAPL,2019,0.012354657965268181,-1,1,1,-1
2019-05-06,AAPL,2019,-0.015563282874292756,-1,1,0,-1
2019-05-07,AAPL,2019,-0.027327055235687722,-1,1,0,-1
2019-05-08,AAPL,2019,0.00019711391519979676,-1,1,1,-1
2019-05-09,AAPL,2019,-0.010802230180169153,-1,1,0,1
2019-05-10,AAPL,2019,-0.013950717788703425,-1,1,0,1
2019-05-13,AAPL,2019,-0.059876423491976,0,1,0,1
2019-05-14,AAPL,2019,0.015706291034908042,0,1,1,1
2019-05-15,AAPL,2019,0.011907931105125008,-1,1,0,1
2019-05-16,AAPL,2019,-0.00440940876675621,-1,1,1,1
2019-05-17,AAPL,2019,-0.005698032141404539,-1,1,1,1
2019-05-20,AAPL,2019,-0.031769256996811275,-1,1,1,1
2019-05-21,AAPL,2019,0.018989619341487764,-1,1,1,1
2019-05-22,AAPL,2019,-0.020684063880177336,-1,1,1,1
2019-05-23,AAPL,2019,-0.01721715971246347,-1,1,1,1
2019-05-24,AAPL,2019,-0.0038481824051473934,-1,1,1,1
2019-05-28,AAPL,2019,-0.004143252556085324,0,1,1,1
2019-05-29,AAPL,2019,-0.004780561994694439,1,1,1,1
2019-05-30,AAPL,2019,0.005173470185908812,1,1,1,1
2019-05-31,AAPL,2019,-0.018281760998144575,1,1,1,1
2019-06-03,AAPL,2019,-0.0101621007588542,1,1,0,1
2019-06-04,AAPL,2019,0.03593115936611398,1,1,1,1
2019-06-05,AAPL,2019,0.01601432404994981,1,1,1,1
2019-06-06,AAPL,2019,0.014575019435051711,1,1,1,1
2019-06-07,AAPL,2019,0.026268777623265346,0,1,-1,1
2019-06-10,AAPL,2019,0.012698402900904734,0,1,-1,1
2019-06-11,AAPL,2019,0.011513229211054727,1,1,1,1
2019-06-12,AAPL,2019,-0.0031873868428189825,1,1,1,1
2019-06-13,AAPL,2019,-0.00020639784946428573,1,1,1,1
2019-06-14,AAPL,2019,-0.007288789451723913,1,1,1,1
2019-06-17,AAPL,2019,0.005948672701134387,1,1,1,1
2019-06-18,AAPL,2019,0.023246213953279388,0,1,1,1
2019-06-19,AAPL,2019,-0.002926837560376454,1,1,1,1
2019-06-20,AAPL,2019,0.008003814950439819,0,1,1,1
2019-06-21,AAPL,2019,-0.003415373945419391,0,1,1,1
2019-06-24,AAPL,2019,-0.0010067173663511697,1,1,1,1
2019-06-25,AAPL,2019,-0.01527339888663863,1,1,1,1
2019-06-26,AAPL,2019,0.02139841372696111,1,1,1,1
2019-06-27,AAPL,2019,-0.00030039920270078375,1,1,1,1
2019-06-28,AAPL,2019,-0.009153621328079531,1,1,1,1
2019-07-01,AAPL,2019,0.018174445117315953,0,1,1,1
2019-07-02,AAPL,2019,0.005837523521518658,0,1,1,1
2019-07-03,AAPL,2019,0.008252727961618415,-1,1,1,1
2019-07-05,AAPL,2019,-0.0008808168086226232,0,1,1,1
2019-07-08,AAPL,2019,-0.020829459267854344,1,1,1,1
2019-07-09,AAPL,2019,0.006080893876407057,1,1,1,1
2019-07-10,AAPL,2019,0.00984013201890797,0,1,1,1
2019-07-11,AAPL,2019,-0.007308953263193592,1,1,1,1
2019-07-12,AAPL,2019,0.0076531445792170074,0,1,1,1
2019-07-15,AAPL,2019,0.009351252391414018,1,1,1,1
2019-07-16,AAPL,2019,-0.0034658809323249527,1,1,1,1
2019-07-17,AAPL,2019,-0.005639245722420345,1,1,1,1
2019-07-18,AAPL,2019,0.01129556706196695,0,1,1,1
2019-07-19,AAPL,2019,-0.015039878222179991,1,1,0,1
2019-07-22,AAPL,2019,0.02259655344049392,0,1,0,1
2019-07-23,AAPL,2019,0.007787699420745402,0,1,-1,1
2019-07-24,AAPL,2019,-0.0008145103373330474,1,1,1,1
2019-07-25,AAPL,2019,-0.007938806416049908,0,1,1,1
2019-07-26,AAPL,2019,0.003471821315419989,-1,1,1,1
2019-07-29,AAPL,2019,0.009295450196821141,-1,1,1,1
2019-07-30,AAPL,2019,-0.004301654292248521,-1,1,1,1
2019-07-31,AAPL,2019,0.02019879336112446,-1,1,0,1
2019-08-01,AAPL,2019,-0.021876537202728943,0,1,0,1
2019-08-02,AAPL,2019,-0.02138499617807778,0,1,1,1
2019-08-05,AAPL,2019,-0.05376805240752559,1,1,0,1
2019-08-06,AAPL,2019,0.018753363779384982,1,1,1,1
2019-08-07,AAPL,2019,0.010302156998355167,1,1,0,1
2019-08-08,AAPL,2019,0.021816171626439982,0,1,1,1
2019-08-09,AAPL,2019,-0.008274548168249374,1,1,1,1
2019-08-12,AAPL,2019,-0.002540484453882269,1,1,1,1
2019-08-13,AAPL,2019,0.04147606960436143,0,1,0,1
2019-08-14,AAPL,2019,-0.030216879822298984,1,1,1,1
2019-08-15,AAPL,2019,-0.004994022968758997,1,1,0,1
2019-08-16,AAPL,2019,0.023320604060841216,-1,1,1,1
2019-08-19,AAPL,2019,0.018472312122886695,-1,1,1,1
2019-08-20,AAPL,2019,4.750570683016723e-05,-1,1,1,1
2019-08-21,AAPL,2019,0.010780503843582173,-1,1,1,1
2019-08-22,AAPL,2019,-0.0008469446871994389,-1,1,1,1
2019-08-23,AAPL,2019,-0.04732258228810675,0,1,0,1
2019-08-26,AAPL,2019,0.018820888518701662,0,1,1,1
2019-08-27,AAPL,2019,-0.011348236354379208,1,1,1,1
2019-08-28,AAPL,2019,0.006688331889568241,1,1,1,1
2019-08-29,AAPL,2019,0.016790011950338007,1,1,1,1
2019-08-30,AAPL,2019,-0.001292807302282141,1,1,1,1
2019-09-03,AAPL,2019,-0.014670449571955553,1,1,1,1
2019-09-04,AAPL,2019,0.0168240236054035,1,1,1,1
2019-09-05,AAPL,2019,0.019363029068352716,1,1,1,1
2019-09-06,AAPL,2019,-9.371276032724577e-05,1,1,1,1
2019-09-09,AAPL,2019,0.004257735250659358,1,1,1,1
2019-09-10,AAPL,2019,0.011743928119984134,1,1,1,1
2019-09-11,AAPL,2019,0.03130018654721691,0,1,1,1
2019-09-12,AAPL,2019,-0.002238965180146576,0,1,1,0
2019-09-13,AAPL,2019,-0.01964557055325562,0,1,1,0
2019-09-16,AAPL,2019,0.005243355941392764,0,1,1,0
2019-09-17,AAPL,2019,0.003631420055810303,-1,1,1,0
2019-09-18,AAPL,2019,0.00933557813555634,0,1,1,0
2019-09-19,AAPL,2019,-0.008158011589247578,0,1,1,0
2019-09-20,AAPL,2019,-0.01472613762995001,0,1,1,0
2019-09-23,AAPL,2019,0.004536665360994966,1,1,1,0
2019-09-24,AAPL,2019,-0.004766320545364416,1,1,1,0
2019-09-25,AAPL,2019,0.015272394134885209,0,1,0,-1
2019-09-26,AAPL,2019,-0.005171104868398775,0,1,1,-1
2019-09-27,AAPL,2019,-0.00487796694757898,1,1,1,-1
2019-09-30,AAPL,2019,0.023262718040285648,1,1,1,-1
2019-10-01,AAPL,2019,0.002764539304194377,0,1,1,-1
2019-10-02,AAPL,2019,-0.025387674923822177,1,1,0,1
2019-10-03,AAPL,2019,0.008458952886952427,1,1,1,1
2019-10-04,AAPL,2019,0.027646223629277045,1,1,1,-1
2019-10-07,AAPL,2019,0.0002200075765935521,1,1,1,-1
2019-10-08,AAPL,2019,-0.011784185992017762,1,1,1,-1
2019-10-09,AAPL,2019,0.011652075288934282,1,1,1,-1
2019-10-10,AAPL,2019,0.013388395298159468,1,1,1,-1
2019-10-11,AAPL,2019,0.026250954713673693,0,1,0,-1
2019-10-14,AAPL,2019,-0.001440646033245421,1,1,1,-1
2019-10-15,AAPL,2019,-0.002334514462830783,1,1,1,-1
2019-10-16,AAPL,2019,-0.004045261483537799,1,1,1,-1
2019-10-17,AAPL,2019,0.003875316167102059,1,1,1,-1
2019-10-18,AAPL,2019,0.004791402227296592,1,1,1,-1
2019-10-21,AAPL,2019,0.017194142444482117,1,1,1,-1
2019-10-22,AAPL,2019,-0.002289556534024142,1,1,1,1
2019-10-23,AAPL,2019,0.013329625041247621,0,1,1,1
2019-10-24,AAPL,2019,0.0016434248994857256,1,1,1,1
2019-10-25,AAPL,2019,0.012241182107698385,1,1,1,1
2019-10-28,AAPL,2019,0.009967202514044638,1,1,1,1
2019-10-29,AAPL,2019,-0.023399428582904922,1,1,0,1
2019-10-30,AAPL,2019,-0.00012336226245189896,1,1,1,1
2019-10-31,AAPL,2019,0.022357474672811753,1,1,0,1
2019-11-01,AAPL,2019,0.027985665358551813,1,1,0,1
2019-11-04,AAPL,2019,0.006545686530535372,1,1,1,1
2019-11-05,AAPL,2019,-0.0014378548067077014,1,1,1,1
2019-11-06,AAPL,2019,0.00042759620793862246,1,1,1,1
2019-11-07,AAPL,2019,0.011475117437630224,1,1,1,1
2019-11-08,AAPL,2019,0.0027332027840938113,1,1,1,1
2019-11-11,AAPL,2019,0.007887305310925241,1,1,1,1
2019-11-12,AAPL,2019,-0.0009153378463662132,1,1,1,1
2019-11-13,AAPL,2019,0.009535525008576289,0,1,1,1
2019-11-14,AAPL,2019,-0.006943326055832776,0,1,1,1
2019-11-15,AAPL,2019,0.011809381385832084,-1,1,1,1
2019-11-18,AAPL,2019,0.005029607940120957,0,1,1,1
2019-11-19,AAPL,2019,-0.0030374502756202342,-1,1,1,1
2019-11-20,AAPL,2019,-0.011709604726740408,1,1,0,1
2019-11-21,AAPL,2019,-0.0044934418354881,1,1,1,1
2019-11-22,AAPL,2019,-0.0008781232521092977,1,1,1,1
2019-11-25,AAPL,2019,0.01738186950242714,-1,1,1,1
2019-11-26,AAPL,2019,-0.007839338939526952,0,1,0,1
2019-11-27,AAPL,2019,0.013342865273847001,-1,1,1,1
2019-11-29,AAPL,2019,-0.0022054584600908283,1,1,1,1
2019-12-02,AAPL,2019,-0.011629696837908331,0,1,0,1
2019-12-03,AAPL,2019,-0.017990807618934075,1,1,1,1
2019-12-04,AAPL,2019,0.008787350261932335,1,1,1,1
2019-12-05,AAPL,2019,0.014564808569933252,1,1,1,1
2019-12-06,AAPL,2019,0.019131993786317435,1,1,1,1
2019-12-09,AAPL,2019,-0.014099342149750404,1,1,0,1
2019-12-10,AAPL,2019,0.0058278531332176635,1,1,1,1
2019-12-11,AAPL,2019,0.008492989247977588,1,1,1,1
2019-12-12,AAPL,2019,0.0025449578902485594,1,1,-1,1
2019-12-13,AAPL,2019,0.013501637137157617,1,1,1,1
2019-12-16,AAPL,2019,0.016973146152146963,1,1,1,1
2019-12-17,AAPL,2019,0.001963511756941077,1,1,1,1
2019-12-18,AAPL,2019,-0.002392394211116069,1,1,1,1
2019-12-19,AAPL,2019,0.0010005905903446724,1,1,1,1
2019-12-20,AAPL,2019,-0.0020737155221297585,1,1,1,1
2019-12-23,AAPL,2019,0.016186814834820634,1,1,1,1
2019-12-24,AAPL,2019,0.0009502629045291549,1,1,1,1
2019-12-26,AAPL,2019,0.01964614097894364,1,1,1,1
2019-12-27,AAPL,2019,-0.00037957705429949017,1,1,1,1
2019-12-30,AAPL,2019,0.005917249581927788,1,1,0,1
2019-12-31,AAPL,2019,0.00727972517881412,1,1,1,1
2020-01-02,AAPL,2020,0.022560590675966188,1,1,0,1
2020-01-03,AAPL,2020,-0.009769592037108903,1,1,1,1
2020-01-06,AAPL,2020,0.007936555910569774,1,1,0,1
2020-01-07,AAPL,2020,-0.004714175060794684,1,1,1,1
2020-01-08,AAPL,2020,0.015958173412213776,1,1,0,1
2020-01-09,AAPL,2020,0.021018250970781287,1,1,1,1
2020-01-10,AAPL,2020,0.0022583722018293217,1,1,1,1
2020-01-13,AAPL,2020,0.021139463356710974,0,1,1,1
2020-01-14,AAPL,2020,-0.01359519049316249,1,1,1,1
2020-01-15,AAPL,2020,-0.004294854510386089,1,1,1,1
2020-01-16,AAPL,2020,0.01244872382014863,1,1,1,1
2020-01-17,AAPL,2020,0.011010048005805361,-1,1,1,1
2020-01-21,AAPL,2020,-0.006800036933952624,0,1,1,1
2020-01-22,AAPL,2020,0.0035632602635525534,1,1,1,1
2020-01-23,AAPL,2020,0.004804257223913688,1,1,1,1
2020-01-24,AAPL,2020,-0.0028861930373302188,-1,1,1,1
2020-01-27,AAPL,2020,-0.02984632223859083,0,1,1,1
2020-01-28,AAPL,2020,0.02789664802520454,0,1,1,1
2020-01-29,AAPL,2020,0.02071637705096227,0,1,1,1
2020-01-30,AAPL,2020,-0.0014498372193940906,0,1,1,1
2020-01-31,AAPL,2020,-0.04535204720547637,1,1,0,1
2020-02-03,AAPL,2020,-0.0027501181151208427,1,1,0,1
2020-02-04,AAPL,2020,0.032480737671147696,0,1,1,1
2020-02-05,AAPL,2020,0.008120797134899087,1,1,1,1
2020-02-06,AAPL,2020,0.011629081043879034,0,1,1,1
2020-02-07,AAPL,2020,-0.013685694505796453,1,1,1,1
2020-02-10,AAPL,2020,0.004738439999511679,0,1,1,1
2020-02-11,AAPL,2020,-0.006051844806123633,1,1,1,1
2020-02-12,AAPL,2020,0.023470006147161694,-1,1,1,1
2020-02-13,AAPL,2020,-0.007146494939630826,-1,1,1,1
2020-02-14,AAPL,2020,0.0002464847484234985,-1,1,1,1
2020-02-18,AAPL,2020,-0.018480281252434883,-1,1,1,1
2020-02-19,AAPL,2020,0.014378832922550537,-1,1,1,1
2020-02-20,AAPL,2020,-0.010312136997905773,-1,1,1,1
2020-02-21,AAPL,2020,-0.022894837528209432,-1,1,1,1
2020-02-24,AAPL,2020,-0.048665879734457435,0,1,0,1
2020-02-25,AAPL,2020,-0.03445884198068735,0,1,0,1
2020-02-26,AAPL,2020,0.015738976996600013,1,1,0,1
2020-02-27,AAPL,2020,-0.0676025106566165,1,1,0,1
2020-02-28,AAPL,2020,-0.0005850683380367383,1,1,0,1
2020-03-02,AAPL,2020,0.08901835260382902,-1,1,0,1
2020-03-03,AAPL,2020,-0.032274643269354766,0,1,0,1
2020-03-04,AAPL,2020,0.045340752401659946,-1,1,0,1
2020-03-05,AAPL,2020,-0.03297439505964371,-1,1,-1,1
2020-03-06,AAPL,2020,-0.013369324084965852,-1,1,0,1
2020-03-09,AAPL,2020,-0.08239520354609471,-1,1,0,1
2020-03-10,AAPL,2020,0.06954607412423167,-1,1,1,1
2020-03-11,AAPL,2020,-0.035347865537521596,-1,1,1,1
2020-03-12,AAPL,2020,-0.10397775728160778,0,1,0,1
2020-03-13,AAPL,2020,0.11315724050101604,-1,1,0,1
2020-03-16,AAPL,2020,-0.13770782482171465,-1,1,0,1
2020-03-17,AAPL,2020,0.04303070801181753,0,1,0,1
2020-03-18,AAPL,2020,-0.024784341971201038,0,1,0,1
2020-03-19,AAPL,2020,-0.007691569954434609,1,1,0,1
2020-03-20,AAPL,2020,-0.06559023599501232,1,1,1,1
2020-03-23,AAPL,2020,-0.02147324538673537,1,1,0,1
2020-03-24,AAPL,2020,0.09560600842924999,0,1,0,1
2020-03-25,AAPL,2020,-0.005524095785951088,0,1,0,1
2020-03-26,AAPL,2020,0.05128511394116601,-1,1,0,1
2020-03-27,AAPL,2020,-0.04228346586213248,-1,1,0,1
2020-03-30,AAPL,2020,0.028138161681976318,1,1,1,1
2020-03-31,AAPL,2020,-0.002042766184972418,0,1,0,1
2020-04-01,AAPL,2020,-0.054051955098617314,1,1,0,1
2020-04-02,AAPL,2020,0.016548805651586607,1,1,0,1
2020-04-03,AAPL,2020,-0.014475377344547877,1,1,1,1
2020-04-06,AAPL,2020,0.08363998712553886,1,1,0,1
2020-04-07,AAPL,2020,-0.011650254105068956,1,1,0,1
2020-04-08,AAPL,2020,0.025273137828906136,1,1,1,1
2020-04-09,AAPL,2020,0.007189621414021197,1,1,1,1
2020-04-13,AAPL,2020,0.01943782323331599,0,1,0,1
2020-04-14,AAPL,2020,0.049269276280479606,-1,1,0,1
2020-04-15,AAPL,2020,-0.009169122419867313,-1,1,1,1
2020-04-16,AAPL,2020,0.007914291736103795,-1,1,1,1
2020-04-17,AAPL,2020,-0.013661845147725152,0,1,1,1
2020-04-20,AAPL,2020,-0.020975276443881037,1,1,-1,1
2020-04-21,AAPL,2020,-0.03139767797994365,1,1,0,1
2020-04-22,AAPL,2020,0.028396627926778148,1,1,1,1
2020-04-23,AAPL,2020,-0.0038832653024458664,1,1,1,1
2020-04-24,AAPL,2020,0.02846054164005532,1,1,1,1
2020-04-27,AAPL,2020,0.0007068463287671626,1,1,-1,1
2020-04-28,AAPL,2020,-0.016342458041288085,1,1,1,1
2020-04-29,AAPL,2020,0.032317456737581206,1,1,1,1
2020-04-30,AAPL,2020,0.02087679571493369,1,1,1,1
2020-05-01,AAPL,2020,-0.016230491415339533,1,1,0,1
2020-05-04,AAPL,2020,0.014049805327107222,1,1,-1,1
2020-05-05,AAPL,2020,0.014897512531975158,1,1,-1,1
2020-05-06,AAPL,2020,0.010264110522453289,1,1,-1,1
2020-05-07,AAPL,2020,0.010291772864970792,1,1,-1,1
2020-05-08,AAPL,2020,0.023522933146016882,0,1,1,1
2020-05-11,AAPL,2020,0.015612594967326884,0,1,1,-1
2020-05-12,AAPL,2020,-0.011494032985098976,0,1,1,1
2020-05-13,AAPL,2020,-0.012147588842941967,1,1,0,1
2020-05-14,AAPL,2020,0.006124773506637785,1,1,1,1
2020-05-15,AAPL,2020,-0.005929623660901321,1,1,1,-1
2020-05-18,AAPL,2020,0.02328786880267368,0,1,-1,-1
2020-05-19,AAPL,2020,-0.005795076080166724,1,1,-1,-1
2020-05-20,AAPL,2020,0.019261391072206722,0,1,-1,-1
2020-05-21,AAPL,2020,-0.007483369118237945,0,1,-1,1
2020-05-22,AAPL,2020,0.00641775302353893,1,1,-1,1
2020-05-26,AAPL,2020,-0.006796729250028112,1,1,1,1
2020-05-27,AAPL,2020,0.004347647292129172,1,1,-1,1
2020-05-28,AAPL,2020,0.00044002579051064065,0,1,1,1
2020-05-29,AAPL,2020,-0.0009746174189549368,1,1,1,1
2020-06-01,AAPL,2020,0.012222800420004764,1,1,1,1
2020-06-02,AAPL,2020,0.0046190889163880075,1,1,1,-1
2020-06-03,AAPL,2020,0.0054897617762132665,1,1,1,-1
2020-06-04,AAPL,2020,-0.008649377284359277,1,1,1,1
2020-06-05,AAPL,2020,0.02808278791039639,1,1,1,1
2020-06-08,AAPL,2020,0.005895514550696872,1,1,1,1
2020-06-09,AAPL,2020,0.03108918468517992,0,1,0,1
2020-06-10,AAPL,2020,0.02540229201324004,0,1,1,1
2020-06-11,AAPL,2020,-0.04920105236145826,1,1,0,1
2020-06-12,AAPL,2020,0.008596279737029068,1,1,0,1
2020-06-15,AAPL,2020,0.012291450987723624,1,1,0,1
2020-06-16,AAPL,2020,0.02615708703485093,1,1,1,1
2020-06-17,AAPL,2020,-0.001392682524399787,1,1,1,1
2020-06-18,AAPL,2020,0.00039804323870187055,1,1,1,1
2020-06-19,AAPL,2020,-0.0057309064625176405,0,1,1,1
2020-06-22,AAPL,2020,0.025827099634853294,0,1,1,1
2020-06-23,AAPL,2020,0.02112034324024284,0,1,1,1
2020-06-24,AAPL,2020,-0.017809601939409336,0,1,1,1
2020-06-25,AAPL,2020,0.013188082262532175,0,1,1,1
2020-06-26,AAPL,2020,-0.031207514078811317,1,1,0,1
2020-06-29,AAPL,2020,0.022784930061296803,1,1,1,1
2020-06-30,AAPL,2020,0.008312861041136911,1,1,1,1
2020-07-01,AAPL,2020,-0.0018930173966706636,1,1,1,1
2020-07-02,AAPL,2020,0.0,1,1,1,1
2020-07-06,AAPL,2020,0.026398546360462384,1,1,1,1
2020-07-07,AAPL,2020,-0.0031074868294575617,1,1,1,1
2020-07-08,AAPL,2020,0.023022769693942836,1,1,1,1
2020-07-09,AAPL,2020,0.004290893236779192,0,1,-1,1
2020-07-10,AAPL,2020,0.0017477723071159827,0,1,1,1
2020-07-13,AAPL,2020,-0.004623597186035663,0,1,0,1
2020-07-14,AAPL,2020,0.016412890108179402,0,1,0,1
2020-07-15,AAPL,2020,0.006853760815387876,0,1,-1,1
2020-07-16,AAPL,2020,-0.01238107908971503,-1,1,-1,1
2020-07-17,AAPL,2020,-0.0020223813863666216,-1,1,-1,1
2020-07-20,AAPL,2020,0.02085468637564212,-1,1,-1,1
2020-07-21,AAPL,2020,-0.013897335861903611,-1,1,-1,1
2020-07-22,AAPL,2020,0.002805151731228962,-1,1,-1,1
2020-07-23,AAPL,2020,-0.046584942899107404,0,1,0,1
2020-07-24,AAPL,2020,-0.002480172414797528,1,1,0,1
2020-07-27,AAPL,2020,0.023423594713500327,1,1,-1,1
2020-07-28,AAPL,2020,-0.016563976449020287,1,1,1,1
2020-07-29,AAPL,2020,0.018987296381281618,1,1,1,1
2020-07-30,AAPL,2020,0.012027157566146245,1,1,1,1
2020-07-31,AAPL,2020,0.09956343664670497,1,1,0,1
2020-08-03,AAPL,2020,0.024885549924940437,1,1,0,1
2020-08-04,AAPL,2020,0.006655994702532187,0,1,-1,1
2020-08-05,AAPL,2020,0.003617995817658844,1,1,-1,1
2020-08-06,AAPL,2020,0.03429450088909461,0,1,0,1
2020-08-07,AAPL,2020,-0.022998030592581025,1,1,1,1
2020-08-10,AAPL,2020,0.014430040088431833,0,1,0,1
2020-08-11,AAPL,2020,-0.03019107627340769,1,1,1,1
2020-08-12,AAPL,2020,0.03269391308732713,1,1,1,1
2020-08-13,AAPL,2020,0.017542855904111383,1,1,1,1
2020-08-14,AAPL,2020,-0.000891728289363473,1,1,-1,1
2020-08-17,AAPL,2020,-0.002614215717512568,1,1,-1,1
2020-08-18,AAPL,2020,0.008298245829851053,1,1,-1,1
2020-08-19,AAPL,2020,0.0012538251791124326,1,1,1,1
2020-08-20,AAPL,2020,0.021947059971174073,1,1,1,1
2020-08-21,AAPL,2020,0.05024881457172323,0,1,0,1
2020-08-24,AAPL,2020,0.011889296260617148,0,1,0,1
2020-08-25,AAPL,2020,-0.008237726469014234,1,1,1,1
2020-08-26,AAPL,2020,0.013507526133671819,1,1,-1,1
2020-08-27,AAPL,2020,-0.012026499929642723,-1,1,1,1
2020-08-28,AAPL,2020,-0.001621050391514202,-1,1,-1,1
2020-08-31,AAPL,2020,0.0333496516162684,-1,1,0,1
2020-09-01,AAPL,2020,0.039059986639081924,-1,1,1,1
2020-09-02,AAPL,2020,-0.02093612463940269,-1,1,0,1
2020-09-03,AAPL,2020,-0.08344792791059903,-1,1,0,1
2020-09-04,AAPL,2020,0.0006616653457282501,0,1,0,1
2020-09-08,AAPL,2020,-0.0696661331677872,0,1,0,1
2020-09-09,AAPL,2020,0.0391113600899995,-1,1,0,1
2020-09-10,AAPL,2020,-0.0331905653495897,0,1,0,1
2020-09-11,AAPL,2020,-0.013215772937048101,-1,1,0,1
2020-09-14,AAPL,2020,0.029558923606947774,-1,1,0,1
2020-09-15,AAPL,2020,0.0015590793554742031,-1,1,0,1
2020-09-16,AAPL,2020,-0.029957872610511277,-1,1,0,1
2020-09-17,AAPL,2020,-0.016092466536268703,0,1,1,1
2020-09-18,AAPL,2020,-0.03223409570302094,1,1,1,1
2020-09-21,AAPL,2020,0.029874851891588696,0,1,0,1
2020-09-22,AAPL,2020,0.01559391565951642,0,1,0,1
2020-09-23,AAPL,2020,-0.04285139470016283,1,1,0,1
2020-09-24,AAPL,2020,0.010216416114873962,1,1,0,1
2020-09-25,AAPL,2020,0.036829790372944954,0,1,0,1
2020-09-28,AAPL,2020,0.023588245602910656,0,1,1,1
2020-09-29,AAPL,2020,-0.007596655378477155,0,1,-1,1
2020-09-30,AAPL,2020,0.014963336156603177,0,1,1,1
2020-10-01,AAPL,2020,0.008426691295898379,-1,1,-1,1
2020-10-02,AAPL,2020,-0.03281271016617378,1,1,1,1
2020-10-05,AAPL,2020,0.03032643536276243,1,1,1,1
2020-10-06,AAPL,2020,-0.029088420215615703,1,1,1,1
2020-10-07,AAPL,2020,0.01682466323546538,1,1,-1,1
2020-10-08,AAPL,2020,-0.0009562453549781865,1,1,-1,1
2020-10-09,AAPL,2020,0.017246146919330404,1,1,-1,1
2020-10-12,AAPL,2020,0.06158467093947396,-1,1,0,1
2020-10-13,AAPL,2020,-0.026885397494469086,0,1,0,1
2020-10-14,AAPL,2020,0.0007427637527638393,-1,1,1,1
2020-10-15,AAPL,2020,-0.003968492206358199,-1,1,1,1
2020-10-16,AAPL,2020,-0.014099396102036484,-1,1,1,1
2020-10-19,AAPL,2020,-0.02587394503494091,0,1,0,1
2020-10-20,AAPL,2020,0.013105831626669485,0,1,1,1
2020-10-21,AAPL,2020,-0.005461278281269683,-1,1,-1,1
2020-10-22,AAPL,2020,-0.009629598043633057,0,1,-1,1
2020-10-23,AAPL,2020,-0.006152537553827915,-1,1,-1,1
2020-10-26,AAPL,2020,8.6692520417887e-05,-1,1,0,-1
2020-10-27,AAPL,2020,0.013382566581065554,-1,1,0,-1
2020-10-28,AAPL,2020,-0.047418998018222115,1,1,0,-1
2020-10-29,AAPL,2020,0.03638056811534657,1,1,0,-1
2020-10-30,AAPL,2020,-0.05764821602989723,1,1,0,-1
2020-11-02,AAPL,2020,-0.0008271443453837625,1,1,-1,-1
2020-11-03,AAPL,2020,0.015236985931747311,1,1,-1,-1
2020-11-04,AAPL,2020,0.040024784544085416,1,1,-1,-1
2020-11-05,AAPL,2020,0.03487814774384913,0,1,1,-1
2020-11-06,AAPL,2020,-0.0011365044475290542,0,1,1,-1
2020-11-09,AAPL,2020,-0.020170233491482316,1,1,0,-1
2020-11-10,AAPL,2020,-0.0030133074841761837,1,1,0,-1
2020-11-11,AAPL,2020,0.029900807205739222,0,1,-1,0
2020-11-12,AAPL,2020,-0.002345739497855583,0,1,-1,1
2020-11-13,AAPL,2020,0.0004192881704780652,-1,1,-1,1
2020-11-16,AAPL,2020,0.008682772694173146,-1,1,1,1
2020-11-17,AAPL,2020,-0.007593392880427328,-1,1,-1,1
2020-11-18,AAPL,2020,-0.011456564390839669,-1,1,-1,1
2020-11-19,AAPL,2020,0.005154802793867805,-1,1,1,1
2020-11-20,AAPL,2020,-0.011017898694570125,1,1,-1,1
2020-11-23,AAPL,2020,-0.03019394636543387,1,1,0,1
2020-11-24,AAPL,2020,0.011527467426326493,1,1,1,1
2020-11-25,AAPL,2020,0.007439621628905044,1,1,1,1
2020-11-27,AAPL,2020,0.004814646965667486,1,1,-1,1
2020-11-30,AAPL,2020,0.020879994493738313,1,1,0,1
2020-12-01,AAPL,2020,0.030361798083120378,0,1,1,1
2020-12-02,AAPL,2020,0.0029292728464685182,0,1,-1,1
2020-12-03,AAPL,2020,-0.0011380677575266733,0,1,1,1
2020-12-04,AAPL,2020,-0.005628530700342651,0,1,-1,1
2020-12-07,AAPL,2020,0.012195428022498142,-1,1,-1,1
2020-12-08,AAPL,2020,0.005077861219238628,1,1,-1,1
2020-12-09,AAPL,2020,-0.021125074276225606,1,1,0,1
2020-12-10,AAPL,2020,0.011917384661973432,1,1,-1,1
2020-12-11,AAPL,2020,-0.006757592161652311,1,1,-1,1
2020-12-14,AAPL,2020,-0.005159792500321114,1,1,1,1
2020-12-15,AAPL,2020,0.04887624968159632,1,1,1,1
2020-12-16,AAPL,2020,-0.0005477898224676425,1,1,1,1
2020-12-17,AAPL,2020,0.006939415102507718,1,1,1,1
2020-12-18,AAPL,2020,-0.015977618228268833,1,1,1,1
2020-12-21,AAPL,2020,0.012319286532564217,1,1,0,1
2020-12-22,AAPL,2020,0.028066743328085772,0,1,0,1
2020-12-23,AAPL,2020,-0.00700052867660258,1,1,1,1
2020-12-24,AAPL,2020,0.007682733554381481,-1,1,1,1
2020-12-28,AAPL,2020,0.03514113320758971,-1,1,1,1
2020-12-29,AAPL,2020,-0.013404500247022015,-1,1,0,1
2020-12-30,AAPL,2020,-0.008563109215257372,-1,1,1,1
2020-12-31,AAPL,2020,-0.007732693110248341,0,1,1,1
2021-01-04,AAPL,2021,-0.025029936909947235,0,1,0,1
2021-01-05,AAPL,2021,0.012287988759338479,0,1,1,1
2021-01-06,AAPL,2021,-0.03424110330832207,1,1,0,1
2021-01-07,AAPL,2021,0.03355407755440684,0,1,-1,1
2021-01-08,AAPL,2021,0.0085941307150162,-1,1,1,1
2021-01-11,AAPL,2021,-0.02352346245578285,-1,1,1,1
2021-01-12,AAPL,2021,-0.001396355368959868,1,1,-1,1
2021-01-13,AAPL,2021,0.016096433619744638,1,1,1,1
2021-01-14,AAPL,2021,-0.015242768770424069,1,1,1,1
2021-01-15,AAPL,2021,-0.01382560542222771,1,1,1,1
2021-01-19,AAPL,2021,0.005412325214798955,1,1,1,1
2021-01-20,AAPL,2021,0.032328149159415835,1,1,-1,1
2021-01-21,AAPL,2021,0.03600195084820539,0,1,0,1
2021-01-22,AAPL,2021,0.015945916298391233,-1,1,0,1
2021-01-25,AAPL,2021,0.027307878698035054,-1,1,0,1
2021-01-26,AAPL,2021,0.0016776675216519836,-1,1,1,1
2021-01-27,AAPL,2021,-0.007713311287683436,-1,1,1,1
2021-01-28,AAPL,2021,-0.03561186238765039,0,1,0,1
2021-01-29,AAPL,2021,-0.03813886612812028,1,1,0,1
2021-02-01,AAPL,2021,0.01638533321521962,0,1,0,1
2021-02-02,AAPL,2021,0.0063168819285704565,1,1,-1,1
2021-02-03,AAPL,2021,-0.007808906902789818,1,1,-1,1
2021-02-04,AAPL,2021,0.025431812319626306,-1,1,1,1
2021-02-05,AAPL,2021,-0.0031030971016735233,-1,1,1,1
2021-02-08,AAPL,2021,0.0010964453491204063,-1,1,1,1
2021-02-09,AAPL,2021,-0.0065955096146635495,-1,1,1,1
2021-02-10,AAPL,2021,-0.004568878098525228,-1,1,-1,1
2021-02-11,AAPL,2021,-0.001922458073095436,-1,1,-1,1
2021-02-12,AAPL,2021,0.0017745474379526,-1,1,1,1
2021-02-16,AAPL,2021,-0.01623483426717147,-1,1,1,1
2021-02-17,AAPL,2021,-0.017801462817366304,-1,1,-1,1
2021-02-18,AAPL,2021,-0.008673949717436518,-1,1,-1,1
2021-02-19,AAPL,2021,0.0012324364884748467,-1,1,-1,1
2021-02-22,AAPL,2021,-0.030252034546174877,0,1,-1,1
2021-02-23,AAPL,2021,-0.0011115142849345541,0,1,0,1
2021-02-24,AAPL,2021,-0.004060510478995054,-1,1,1,1
2021-02-25,AAPL,2021,-0.035401879717812376,0,1,0,1
2021-02-26,AAPL,2021,0.0022289458324740393,0,1,1,1
2021-03-01,AAPL,2021,0.05245144167805322,-1,1,0,1
2021-03-02,AAPL,2021,-0.021115018692501254,-1,1,1,1
2021-03-03,AAPL,2021,-0.024760620721190955,0,1,1,1
2021-03-04,AAPL,2021,-0.015938312631054344,0,1,0,1
2021-03-05,AAPL,2021,0.010681095920539691,0,1,0,1
2021-03-08,AAPL,2021,-0.04256671734137106,1,1,0,1
2021-03-09,AAPL,2021,0.03984538477484963,1,1,1,1
2021-03-10,AAPL,2021,-0.009209001110284415,1,1,1,1
2021-03-11,AAPL,2021,0.01636785561409352,-1,1,-1,1
2021-03-12,AAPL,2021,-0.007654556658496356,0,1,1,1
2021-03-15,AAPL,2021,0.024162387945769706,0,1,1,1
2021-03-16,AAPL,2021,0.012662472036277468,-1,1,-1,1
2021-03-17,AAPL,2021,-0.006471462389743895,-1,1,1,1
2021-03-18,AAPL,2021,-0.03449309545244925,0,1,1,1
2021-03-19,AAPL,2021,-0.004490287433351272,1,1,1,1
2021-03-22,AAPL,2021,0.027941693228067083,0,1,1,1
2021-03-23,AAPL,2021,-0.006912618525421897,-1,1,1,1
2021-03-24,AAPL,2021,-0.020196189049427923,1,1,1,1
2021-03-25,AAPL,2021,0.0041549646849404565,1,1,1,1
2021-03-26,AAPL,2021,0.005128116764052556,1,1,1,1
2021-03-29,AAPL,2021,0.0014840352937817629,1,1,-1,1
2021-03-30,AAPL,2021,-0.012350533087510983,1,1,1,1
2021-03-31,AAPL,2021,0.018591764631556634,1,1,-1,1
2021-04-01,AAPL,2021,0.006934549919395311,1,1,1,1
2021-04-05,AAPL,2021,0.023303805459807824,1,1,1,-1
2021-04-06,AAPL,2021,0.0024591038169880695,1,1,1,-1
2021-04-07,AAPL,2021,0.013301473389625205,1,1,-1,1
2021-04-08,AAPL,2021,0.019051131597171343,1,1,-1,-1
2021-04-09,AAPL,2021,0.020049185258093686,0,1,1,1
2021-04-12,AAPL,2021,-0.013321181976479088,1,1,1,-1
2021-04-13,AAPL,2021,0.024015624475099195,0,1,1,-1
2021-04-14,AAPL,2021,-0.018014422928533662,0,1,1,-1
2021-04-15,AAPL,2021,0.01853545798086059,-1,1,1,1
2021-04-16,AAPL,2021,-0.0025312181156822962,0,1,1,1
2021-04-19,AAPL,2021,0.00505592904907722,0,1,1,1
2021-04-20,AAPL,2021,-0.01291323067481631,0,1,1,1
2021-04-21,AAPL,2021,0.00292545009634888,0,1,1,1
2021-04-22,AAPL,2021,-0.01175421622401294,0,1,1,1
2021-04-23,AAPL,2021,0.01787776642110705,-1,1,1,1
2021-04-26,AAPL,2021,0.002973630271560655,-1,1,1,1
2021-04-27,AAPL,2021,-0.002452752096314126,-1,1,1,1
2021-04-28,AAPL,2021,-0.006045338238681228,-1,1,1,1
2021-04-29,AAPL,2021,-0.0007488600257156318,-1,1,0,1
2021-04-30,AAPL,2021,-0.015249151561439562,0,1,1,1
2021-05-03,AAPL,2021,0.008182059322628837,-1,1,1,1
2021-05-04,AAPL,2021,-0.0360267896700323,0,1,0,1
2021-05-05,AAPL,2021,0.0019535983859192965,-1,1,1,1
2021-05-06,AAPL,2021,0.012721207341156532,-1,1,1,1
2021-05-07,AAPL,2021,0.005313146740961172,-1,1,1,1
2021-05-10,AAPL,2021,-0.026143207681324762,0,1,1,1
2021-05-11,AAPL,2021,-0.007437924574496242,0,1,1,1
2021-05-12,AAPL,2021,-0.025254690074274878,1,1,1,1
2021-05-13,AAPL,2021,0.01776096531607913,1,1,1,1
2021-05-14,AAPL,2021,0.01965051788050815,-1,1,1,1
2021-05-17,AAPL,2021,-0.009301784851868078,0,1,1,1
2021-05-18,AAPL,2021,-0.011309329416635467,1,1,1,1
2021-05-19,AAPL,2021,-0.0012824205684420684,1,1,1,1
2021-05-20,AAPL,2021,0.020794324404640168,-1,1,1,1
2021-05-21,AAPL,2021,-0.014877233849755714,0,1,1,1
2021-05-24,AAPL,2021,0.013226426498278633,-1,1,1,1
2021-05-25,AAPL,2021,-0.0015747087006700066,-1,1,1,1
2021-05-26,AAPL,2021,-0.0003941420633635377,-1,1,1,1
2021-05-27,AAPL,2021,-0.0124541524840809,0,1,1,1
2021-05-28,AAPL,2021,-0.005362184312788152,1,1,1,1
2021-06-01,AAPL,2021,-0.002651920855926612,1,1,1,1
2021-06-02,AAPL,2021,0.006256419250717754,1,1,1,1
2021-06-03,AAPL,2021,-0.012228362468692158,1,1,1,1
2021-06-04,AAPL,2021,0.018843435837503166,0,1,1,1
2021-06-07,AAPL,2021,7.945446740972686e-05,1,1,1,1
2021-06-08,AAPL,2021,0.00664963846207224,1,1,1,1
2021-06-09,AAPL,2021,0.0030724754254547702,1,1,1,1
2021-06-10,AAPL,2021,-0.008055585303568877,1,1,1,1
2021-06-11,AAPL,2021,0.009784491831115707,1,1,1,1
2021-06-14,AAPL,2021,0.02428050902866041,0,1,1,1
2021-06-15,AAPL,2021,-0.006458120619463879,1,1,1,1
2021-06-16,AAPL,2021,0.003926074473070405,1,1,1,1
2021-06-17,AAPL,2021,0.01252248506699287,0,1,1,1
2021-06-18,AAPL,2021,-0.01014329574168867,1,1,1,1
2021-06-21,AAPL,2021,0.014005325357566996,1,1,1,1
2021-06-22,AAPL,2021,0.012618388292361707,1,1,1,1
2021-06-23,AAPL,2021,-0.0020918433544730663,1,1,1,1
2021-06-24,AAPL,2021,-0.0021713216379203116,1,1,1,1
2021-06-25,AAPL,2021,-0.0022513090795433003,1,1,1,1
2021-06-28,AAPL,2021,0.012467983084631883,1,1,1,1
2021-06-29,AAPL,2021,0.011434817173783142,1,1,1,1
2021-06-30,AAPL,2021,0.004610122854216829,1,1,1,1
2021-07-01,AAPL,2021,0.0022610804669421693,1,1,1,1
2021-07-02,AAPL,2021,0.01940689689463793,1,1,1,1
2021-07-06,AAPL,2021,0.014611160802208477,1,1,1,1
2021-07-07,AAPL,2021,0.017795662728521688,1,1,1,1
2021-07-08,AAPL,2021,-0.009242037038711811,1,1,0,1
2021-07-09,AAPL,2021,0.012970625627405927,0,1,1,1
2021-07-12,AAPL,2021,-0.004212608600332589,-1,1,1,1
2021-07-13,AAPL,2021,0.007858343871759637,0,1,0,1
2021-07-14,AAPL,2021,0.023814420755038108,-1,1,1,-1
2021-07-15,AAPL,2021,-0.00450208441982695,0,1,1,1
2021-07-16,AAPL,2021,-0.014175974831901375,0,1,1,1
2021-07-19,AAPL,2021,-0.027283397433008907,1,1,1,1
2021-07-20,AAPL,2021,0.025642437568487445,0,1,1,1
2021-07-21,AAPL,2021,-0.005144926384170648,0,1,1,1
2021-07-22,AAPL,2021,0.00958288506718907,0,1,1,1
2021-07-23,AAPL,2021,0.011917465167544591,-1,1,1,1
2021-07-26,AAPL,2021,0.0028905905229220977,-1,1,1,1
2021-07-27,AAPL,2021,-0.015012602561207324,0,1,1,1
2021-07-28,AAPL,2021,-0.012271192079450127,0,1,1,1
2021-07-29,AAPL,2021,0.004542378628384292,1,1,1,1
2021-07-30,AAPL,2021,0.0015092306284053057,0,1,1,1
2021-08-02,AAPL,2021,-0.002333652884649421,0,1,1,1
2021-08-03,AAPL,2021,0.01256496704899535,0,1,1,1
2021-08-04,AAPL,2021,-0.002786035973408884,0,1,1,1
2021-08-05,AAPL,2021,0.0007480665226086037,1,1,1,1
2021-08-06,AAPL,2021,-0.0047781788696964625,1,1,1,1
2021-08-09,AAPL,2021,-0.00034231892305278106,1,1,1,1
2021-08-10,AAPL,2021,-0.003359760461375162,1,1,1,1
2021-08-11,AAPL,2021,0.001784118157658418,0,1,1,1
2021-08-12,AAPL,2021,0.0205605761815264,-1,1,1,1
2021-08-13,AAPL,2021,0.0014094244292423338,-1,1,1,1
2021-08-16,AAPL,2021,0.013456830506982476,0,1,0,1
2021-08-17,AAPL,2021,-0.006172996162166944,0,1,1,1
2021-08-18,AAPL,2021,-0.02583159501545111,0,1,1,1
2021-08-19,AAPL,2021,0.002319790781835366,0,1,1,1
2021-08-20,AAPL,2021,0.010105784093160784,0,1,1,1
2021-08-23,AAPL,2021,0.010205053073549969,1,1,1,1
2021-08-24,AAPL,2021,-0.0006014542758326155,1,1,1,1
2021-08-25,AAPL,2021,-0.008456879918485323,1,1,1,1
2021-08-26,AAPL,2021,-0.005542513426553771,1,1,1,1
2021-08-27,AAPL,2021,0.007158630819203675,1,1,1,1
2021-08-30,AAPL,2021,0.029963875409441287,1,1,0,1
2021-08-31,AAPL,2021,-0.008460311026577972,1,1,1,1
2021-09-01,AAPL,2021,0.004468448186372559,0,1,1,1
2021-09-02,AAPL,2021,0.007447342388824526,-1,1,1,1
2021-09-03,AAPL,2021,0.004221462320729469,-1,1,1,1
2021-09-07,AAPL,2021,0.015370955567753308,-1,1,1,1
2021-09-08,AAPL,2021,-0.01013521376460976,-1,1,1,1
2021-09-09,AAPL,2021,-0.006727383353474641,-1,1,1,1
2021-09-10,AAPL,2021,-0.03366210277533449,0,1,0,1
2021-09-13,AAPL,2021,0.0038858738388521793,-1,1,1,1
2021-09-14,AAPL,2021,-0.009608008694355253,-1,1,0,1
2021-09-15,AAPL,2021,0.006124754046658864,-1,1,1,1
2021-09-16,AAPL,2021,-0.0016117654468828116,-1,1,1,1
2021-09-17,AAPL,2021,-0.018518276081171424,0,1,1,1
2021-09-20,AAPL,2021,-0.021592597932303417,1,1,1,1
2021-09-21,AAPL,2021,0.0034221760914976995,-1,1,1,1
2021-09-22,AAPL,2021,0.016731534303495776,-1,1,1,1
2021-09-23,AAPL,2021,0.006696704291967336,-1,1,1,1
2021-09-24,AAPL,2021,0.0006126665729181082,-1,1,1,1
2021-09-27,AAPL,2021,-0.010605744846730106,-1,1,1,1
2021-09-28,AAPL,2021,-0.024089204165892487,0,1,1,1
2021-09-29,AAPL,2021,0.006461960476611505,0,1,1,1
2021-09-30,AAPL,2021,-0.009355231744666431,0,1,1,1
2021-10-01,AAPL,2021,0.008094183168448368,0,1,1,1
2021-10-04,AAPL,2021,-0.024913519959476875,1,1,0,1
2021-10-05,AAPL,2021,0.014059353695518875,0,1,1,1
2021-10-06,AAPL,2021,0.0062870451206447015,0,1,1,1
2021-10-07,AAPL,2021,0.009043558267512925,0,1,1,1
2021-10-08,AAPL,2021,-0.002725458525526337,1,1,1,1
2021-10-11,AAPL,2021,-0.0006303450217876334,1,1,1,1
2021-10-12,AAPL,2021,-0.009144564349212396,1,1,1,1
2021-10-13,AAPL,2021,-0.004248640068892223,1,1,1,1
2021-10-14,AAPL,2021,0.020023678675331853,1,1,1,1
2021-10-15,AAPL,2021,0.0074845278183882395,1,1,1,1
2021-10-18,AAPL,2021,0.011737328210296643,0,1,1,1
2021-10-19,AAPL,2021,0.014967251944706992,0,1,1,1
2021-10-20,AAPL,2021,0.003355532373898941,0,1,1,-1
2021-10-21,AAPL,2021,0.0014727533915889486,1,1,1,-1
2021-10-22,AAPL,2021,-0.005298701501434237,1,1,1,-1
2021-10-25,AAPL,2021,-0.0003366575405602996,0,1,1,-1
2021-10-26,AAPL,2021,0.004564652114174127,0,1,1,-1
2021-10-27,AAPL,2021,-0.0031525435391409973,1,1,1,-1
2021-10-28,AAPL,2021,0.024684247685734118,0,1,1,-1
2021-10-29,AAPL,2021,-0.018322286075649733,0,1,1,1
2021-11-01,AAPL,2021,-0.005623180669948361,1,1,1,1
2021-11-02,AAPL,2021,0.007090628751248701,0,1,1,1
2021-11-03,AAPL,2021,0.009750866292358294,-1,1,1,1
2021-11-04,AAPL,2021,-0.0035047321492563547,-1,1,1,1
2021-11-05,AAPL,2021,0.0035761295543625155,0,1,1,1
2021-11-08,AAPL,2021,-0.005568073822521573,0,1,1,1
2021-11-09,AAPL,2021,0.0024562195373818807,0,1,1,1
2021-11-10,AAPL,2021,-0.019349125161237428,1,1,1,1
2021-11-11,AAPL,2021,-0.00033802268450875507,1,1,1,1
2021-11-12,AAPL,2021,0.014235084119277465,1,1,1,1
2021-11-15,AAPL,2021,6.669966273362783e-05,1,1,1,1
2021-11-16,AAPL,2021,0.006644705343232669,1,1,1,1
2021-11-17,AAPL,2021,0.016355542021109188,1,1,0,1
2021-11-18,AAPL,2021,0.028136342589037605,0,1,0,-1
2021-11-19,AAPL,2021,0.016833439141533374,0,1,0,-1
2021-11-22,AAPL,2021,0.0029231508756548522,1,1,1,-1
2021-11-23,AAPL,2021,0.0024191827688147924,1,1,1,-1
2021-11-24,AAPL,2021,0.0032781532197908507,1,1,1,-1
2021-11-26,AAPL,2021,-0.03219088940653581,1,1,1,-1
2021-11-29,AAPL,2021,0.021637851643900592,1,1,1,-1
2021-11-30,AAPL,2021,0.0310890882585757,1,1,0,-1
2021-12-01,AAPL,2021,-0.0032113176038333266,1,1,0,0
2021-12-02,AAPL,2021,-0.006148703664243187,1,1,0,0
2021-12-03,AAPL,2021,-0.011793632124988502,1,1,1,0
2021-12-06,AAPL,2021,0.021275071706400264,1,1,1,0
2021-12-07,AAPL,2021,0.03483211517096681,1,1,1,0
2021-12-08,AAPL,2021,0.022527591471659673,1,1,1,0
2021-12-09,AAPL,2021,-0.0029746135400055694,-1,1,1,0
2021-12-10,AAPL,2021,0.027628239943865127,-1,1,1,1
2021-12-13,AAPL,2021,-0.02089096251799788,-1,1,0,1
2021-12-14,AAPL,2021,-0.008055816744971566,0,1,1,1
2021-12-15,AAPL,2021,0.028110504322469386,0,1,0,0
2021-12-16,AAPL,2021,-0.04005525560414881,0,1,0,0
2021-12-17,AAPL,2021,-0.006523129936464289,1,1,1,0
2021-12-20,AAPL,2021,-0.00815527019452232,1,1,-1,0
2021-12-21,AAPL,2021,0.01890718850676818,1,1,1,0
2021-12-22,AAPL,2021,0.015202510216572707,1,1,1,0
2021-12-23,AAPL,2021,0.003637010969647588,1,1,1,0
2021-12-27,AAPL,2021,0.022714938156400008,0,1,-1,0
2021-12-28,AAPL,2021,-0.005783704811548122,0,1,1,0
2021-12-29,AAPL,2021,0.0005016506098333034,-1,1,1,0
2021-12-30,AAPL,2021,-0.006599675063277665,-1,1,1,0
2021-12-31,AAPL,2021,-0.0035416728455852217,-1,1,-1,0
2022-01-03,AAPL,2022,0.024696844487957458,-1,1,-1,1
2022-01-04,AAPL,2022,-0.01277294918440485,-1,1,-1,1
2022-01-05,AAPL,2022,-0.02696027709283342,0,1,-1,1
2022-01-06,AAPL,2022,-0.01683410345899139,0,1,1,1
2022-01-07,AAPL,2022,0.000987795845948869,0,1,-1,1
2022-01-10,AAPL,2022,0.00011648306546563862,0,1,-1,1
2022-01-11,AAPL,2022,0.016644264869822765,-1,1,1,1
2022-01-12,AAPL,2022,0.0025668946828553596,-1,1,-1,1
2022-01-13,AAPL,2022,-0.019211159552678117,-1,1,-1,1
2022-01-14,AAPL,2022,0.005097529640320209,-1,1,1,1
2022-01-18,AAPL,2022,-0.01907501758023853,-1,1,1,1
2022-01-19,AAPL,2022,-0.021248863478767425,-1,1,1,1
2022-01-20,AAPL,2022,-0.010401000239834602,-1,1,0,1
2022-01-21,AAPL,2022,-0.012847174102824665,1,1,1,1
2022-01-24,AAPL,2022,-0.004876328630448556,1,1,0,1
2022-01-25,AAPL,2022,-0.011449974998191873,1,1,0,1
2022-01-26,AAPL,2022,-0.0005636933288286683,1,1,0,1
2022-01-27,AAPL,2022,-0.0029472389593546526,1,1,0,1
2022-01-28,AAPL,2022,0.0674506103442232,0,1,0,1
2022-01-31,AAPL,2022,0.025790366164985153,0,1,0,1
2022-02-01,AAPL,2022,-0.0009729484489305365,0,1,-1,1
2022-02-02,AAPL,2022,0.007019341639997253,0,1,-1,1
2022-02-03,AAPL,2022,-0.01686082499744739,0,1,1,1
2022-02-04,AAPL,2022,-0.0016807195081612043,-1,1,-1,1
2022-02-07,AAPL,2022,-0.004243756356795053,-1,1,-1,1
2022-02-08,AAPL,2022,0.0182983844077007,0,1,-1,1
2022-02-09,AAPL,2022,0.008259258161369692,-1,1,-1,1
2022-02-10,AAPL,2022,-0.023881415428282232,-1,1,-1,1
2022-02-11,AAPL,2022,-0.020425811072558548,0,1,-1,1
2022-02-14,AAPL,2022,0.0014220927366386507,-1,1,-1,1
2022-02-15,AAPL,2022,0.02288844449269508,-1,1,-1,1
2022-02-16,AAPL,2022,-0.001389709872384613,-1,1,-1,1
2022-02-17,AAPL,2022,-0.02149873462031048,-1,1,-1,1
2022-02-18,AAPL,2022,-0.00939977345659222,0,1,-1,1
2022-02-22,AAPL,2022,-0.017972756549800177,0,1,-1,1
2022-02-23,AAPL,2022,-0.026204308282201147,1,1,0,1
2022-02-24,AAPL,2022,0.016542325532108968,0,1,0,1
2022-02-25,AAPL,2022,0.012882150280127961,0,1,1,1
2022-02-28,AAPL,2022,0.0016366020425081012,-1,1,1,1
2022-03-01,AAPL,2022,-0.01169623523471748,-1,1,0,1
2022-03-02,AAPL,2022,0.02037936107286493,-1,1,1,1
2022-03-03,AAPL,2022,-0.0019833102534006623,-1,1,-1,1
2022-03-04,AAPL,2022,-0.0185798376150723,-1,1,1,1
2022-03-07,AAPL,2022,-0.02400334276426533,-1,1,0,1
2022-03-08,AAPL,2022,-0.011744603606012063,0,1,0,1
2022-03-09,AAPL,2022,0.03439879269419016,-1,1,1,1
2022-03-10,AAPL,2022,-0.027562578570208853,0,1,1,1
2022-03-11,AAPL,2022,-0.024199277665910974,1,1,1,1
2022-03-14,AAPL,2022,-0.02692156345320673,1,1,1,1
2022-03-15,AAPL,2022,0.02924552101926478,1,1,0,1
2022-03-16,AAPL,2022,0.02860250976933176,1,1,0,1
2022-03-17,AAPL,2022,0.006433143741917432,1,1,1,1
2022-03-18,AAPL,2022,0.020703345702252542,1,1,1,-1
2022-03-21,AAPL,2022,0.00850121019152738,1,1,-1,-1
2022-03-22,AAPL,2022,0.020587568775755873,1,1,1,-1
2022-03-23,AAPL,2022,0.008199784475009268,1,1,1,-1
2022-03-24,AAPL,2022,0.02242446339826067,0,1,1,1
2022-03-25,AAPL,2022,0.0037269224664929395,0,1,1,1
2022-03-28,AAPL,2022,0.005024273325471155,1,1,1,1
2022-03-29,AAPL,2022,0.01895346983025435,-1,1,1,1
2022-03-30,AAPL,2022,-0.006671567686105236,-1,1,1,1
2022-03-31,AAPL,2022,-0.01793562002768648,-1,1,-1,1
2022-04-01,AAPL,2022,-0.001719894778539555,-1,1,1,1
2022-04-04,AAPL,2022,0.023417268472661016,-1,1,1,1
2022-04-05,AAPL,2022,-0.01912355490034725,-1,1,1,1
2022-04-06,AAPL,2022,-0.01862332487183929,0,1,-1,1
2022-04-07,AAPL,2022,0.0018026522233860543,-1,1,-1,1
2022-04-08,AAPL,2022,-0.011980508190507284,-1,1,-1,1
2022-04-11,AAPL,2022,-0.025846995744358527,0,1,-1,1
2022-04-12,AAPL,2022,0.011457543723495884,0,1,-1,1
2022-04-13,AAPL,2022,0.01621025384679477,-1,1,1,1
2022-04-14,AAPL,2022,-0.030446924896006332,0,1,0,1
2022-04-18,AAPL,2022,-0.001331837898386694,-1,1,-1,1
2022-04-19,AAPL,2022,0.01401650449441479,-1,1,1,1
2022-04-20,AAPL,2022,-0.0010160617055042865,-1,1,1,1
2022-04-21,AAPL,2022,-0.004855475245883768,0,1,0,1
2022-04-22,AAPL,2022,-0.028215131317977305,0,1,0,1
2022-04-25,AAPL,2022,0.006714175475552282,-1,1,1,1
2022-04-26,AAPL,2022,-0.0380425789619499,0,1,0,1
2022-04-27,AAPL,2022,-0.0014679163485291295,1,1,0,1
2022-04-28,AAPL,2022,0.04416579232841015,-1,1,0,1
2022-04-29,AAPL,2022,-0.037291622182964015,0,1,0,1
2022-05-02,AAPL,2022,0.0019645356772140495,-1,1,1,1
2022-05-03,AAPL,2022,0.009576771387295869,-1,1,-1,1
2022-05-04,AAPL,2022,0.04018969434482918,-1,1,0,1
2022-05-05,AAPL,2022,-0.05732864363243415,-1,1,0,1
2022-05-06,AAPL,2022,0.0047161604973203495,-1,1,0,1
2022-05-09,AAPL,2022,-0.03375239980138121,-1,1,1,1
2022-05-10,AAPL,2022,0.01598359128504098,-1,1,1,1
2022-05-11,AAPL,2022,-0.0532337119542739,0,1,-1,1
2022-05-12,AAPL,2022,-0.027262203083475205,-1,1,0,1
2022-05-13,AAPL,2022,0.03141767301371953,-1,1,-1,1
2022-05-16,AAPL,2022,-0.010729781274618733,-1,1,-1,1
2022-05-17,AAPL,2022,0.025104856077652477,-1,1,-1,1
2022-05-18,AAPL,2022,-0.0580732788753683,0,1,0,1
2022-05-19,AAPL,2022,-0.024949988754911723,1,1,0,1
2022-05-20,AAPL,2022,0.0017458228932016012,1,1,0,1
2022-05-23,AAPL,2022,0.039335356091233356,1,1,0,1
2022-05-24,AAPL,2022,-0.01940286339630878,1,1,0,1
2022-05-25,AAPL,2022,0.0011391203007984098,1,1,-1,1
2022-05-26,AAPL,2022,0.022934636294196065,0,1,0,1
2022-05-27,AAPL,2022,0.03994780215412713,-1,1,1,1
2022-05-31,AAPL,2022,-0.005360396868983448,0,1,-1,1
2022-06-01,AAPL,2022,-0.0008738006330048712,0,1,1,1
2022-06-02,AAPL,2022,0.016671418232701362,-1,1,0,1
2022-06-03,AAPL,2022,-0.03931859863668282,-1,1,-1,1
2022-06-06,AAPL,2022,0.0052141482867230264,-1,1,1,1
2022-06-07,AAPL,2022,0.01743303211725859,-1,1,0,1
2022-06-08,AAPL,2022,-0.005056477343578945,-1,1,-1,1
2022-06-09,AAPL,2022,-0.036617528514403426,-1,1,0,1
2022-06-10,AAPL,2022,-0.0393949080987748,-1,1,-1,-1
2022-06-13,AAPL,2022,-0.039036718444694946,1,1,0,-1
2022-06-14,AAPL,2022,0.006650362647323272,1,1,-1,1
2022-06-15,AAPL,2022,0.019911957884311167,0,1,0,1
2022-06-16,AAPL,2022,-0.04045918025862438,1,1,1,1
2022-06-17,AAPL,2022,0.011467323324706152,1,1,1,1
2022-06-21,AAPL,2022,0.03223557322579893,0,1,-1,1
2022-06-22,AAPL,2022,-0.0038345208994991654,1,1,-1,1
2022-06-23,AAPL,2022,0.021344366701757208,0,1,-1,1
2022-06-24,AAPL,2022,0.024221523995207887,-1,1,-1,1
2022-06-27,AAPL,2022,0.0,0,1,-1,1
2022-06-28,AAPL,2022,-0.030242537648801367,1,1,0,1
2022-06-29,AAPL,2022,0.01293979666716412,1,1,-1,1
2022-06-30,AAPL,2022,-0.018192063681919415,1,1,0,1
2022-07-01,AAPL,2022,0.016035130790274958,1,1,-1,0
2022-07-05,AAPL,2022,0.01875335855426905,1,1,-1,0
2022-07-06,AAPL,2022,0.009561271447481683,1,1,-1,0
2022-07-07,AAPL,2022,0.023716426217957044,0,1,1,0
2022-07-08,AAPL,2022,0.004703331517447373,1,1,1,0
2022-07-11,AAPL,2022,-0.014867925228818775,1,1,-1,0
2022-07-12,AAPL,2022,0.006810379305610897,1,1,1,0
2022-07-13,AAPL,2022,-0.002539673932254871,1,1,1,0
2022-07-14,AAPL,2022,0.020275665573906296,1,1,0,0
2022-07-15,AAPL,2022,0.011384887449734938,1,1,-1,1
2022-07-18,AAPL,2022,-0.020859369055629035,1,1,-1,1
2022-07-19,AAPL,2022,0.0263713814739802,0,1,1,1
2022-07-20,AAPL,2022,0.013419235223885452,1,1,1,1
2022-07-21,AAPL,2022,0.01498161562229508,0,1,1,1
2022-07-22,AAPL,2022,-0.008144155755423124,1,1,-1,1
2022-07-25,AAPL,2022,-0.0074256973922054645,1,1,-1,1
2022-07-26,AAPL,2022,-0.00886544249098233,1,1,-1,1
2022-07-27,AAPL,2022,0.033661821154515756,1,1,0,1
2022-07-28,AAPL,2022,0.003565299686891819,1,1,1,1
2022-07-29,AAPL,2022,0.032267014094673356,1,1,1,1
2022-08-01,AAPL,2022,-0.006172447523039892,1,1,-1,1
2022-08-02,AAPL,2022,-0.00933089495817355,1,1,-1,1
2022-08-03,AAPL,2022,0.037534074870749286,0,1,0,1
2022-08-04,AAPL,2022,-0.0019277956865618455,1,1,-1,1
2022-08-05,AAPL,2022,-0.0013900056088186953,1,1,-1,1
2022-08-08,AAPL,2022,-0.0029071485999676836,1,1,-1,1
2022-08-09,AAPL,2022,0.0003031499622927991,1,1,-1,1
2022-08-10,AAPL,2022,0.025857540414379983,1,1,1,1
2022-08-11,AAPL,2022,-0.00444173186252245,1,1,1,1
2022-08-12,AAPL,2022,0.02119945428517081,0,1,1,1
2022-08-15,AAPL,2022,0.006313576525084627,-1,1,1,1
2022-08-16,AAPL,2022,-0.0009245653026844066,-1,1,1,1
2022-08-17,AAPL,2022,0.008746420308656721,-1,1,1,1
2022-08-18,AAPL,2022,-0.002294306408453384,-1,1,1,1
2022-08-19,AAPL,2022,-0.015216894104503815,-1,1,1,1
2022-08-22,AAPL,2022,-0.023298846668643503,-1,1,1,1
2022-08-23,AAPL,2022,-0.0020310559546280315,-1,1,1,1
2022-08-24,AAPL,2022,0.0017923603982648254,-1,1,1,1
2022-08-25,AAPL,2022,0.014812371953880474,-1,1,1,1
2022-08-26,AAPL,2022,-0.03842804984469302,-1,1,0,1
2022-08-29,AAPL,2022,-0.01378467475117188,-1,1,0,1
2022-08-30,AAPL,2022,-0.015424135963897648,0,1,0,1
2022-08-31,AAPL,2022,-0.010691997127265077,-1,1,1,1
2022-09-01,AAPL,2022,0.004695905188989811,0,1,0,1
2022-09-02,AAPL,2022,-0.013704276815797774,1,1,0,1
2022-09-06,AAPL,2022,-0.008249312604109937,0,1,1,1
2022-09-07,AAPL,2022,0.009211427404300362,0,1,1,1
2022-09-08,AAPL,2022,-0.009664567960778768,0,1,1,1
2022-09-09,AAPL,2022,0.018664809385513247,-1,1,1,1
2022-09-12,AAPL,2022,0.037784517627014014,-1,1,1,1
2022-09-13,AAPL,2022,-0.06047128371528072,0,1,0,1
2022-09-14,AAPL,2022,0.009509791324701119,0,1,1,1
2022-09-15,AAPL,2022,-0.019111295814080574,0,1,1,1
2022-09-16,AAPL,2022,-0.011020527550723483,0,1,1,1
2022-09-19,AAPL,2022,0.024773392183115524,-1,1,0,1
2022-09-20,AAPL,2022,0.0155440197333382,-1,1,1,1
2022-09-21,AAPL,2022,-0.020475789601226584,-1,1,0,1
2022-09-22,AAPL,2022,-0.006395754220176292,-1,1,1,1
2022-09-23,AAPL,2022,-0.015239155389772581,-1,1,1,1
2022-09-26,AAPL,2022,0.002257731156304405,-1,1,1,1
2022-09-27,AAPL,2022,0.006544808157322188,-1,1,1,1
2022-09-28,AAPL,2022,-0.012732447179905652,0,1,0,1
2022-09-29,AAPL,2022,-0.050366243721033384,0,1,0,1
2022-09-30,AAPL,2022,-0.03050004491613519,0,1,0,1
2022-10-03,AAPL,2022,0.030289365038519145,0,1,0,1
2022-10-04,AAPL,2022,0.025300390267469306,-1,1,1,1
2022-10-05,AAPL,2022,0.0020509995739125693,-1,1,1,1
2022-10-06,AAPL,2022,-0.00664757285802404,-1,1,-1,1
2022-10-07,AAPL,2022,-0.03740959430834615,0,1,1,1
2022-10-10,AAPL,2022,0.0023527769397075817,0,1,1,1
2022-10-11,AAPL,2022,-0.010307982843485048,1,1,1,1
2022-10-12,AAPL,2022,-0.004615642443305075,1,1,-1,1
2022-10-13,AAPL,2022,0.033060349801951446,0,1,0,1
2022-10-14,AAPL,2022,-0.03277095933085415,1,1,0,1
2022-10-17,AAPL,2022,0.028706659837392772,1,1,-1,1
2022-10-18,AAPL,2022,0.009365170945655707,1,1,0,1
2022-10-19,AAPL,2022,0.0007650425037646288,1,1,-1,1
2022-10-20,AAPL,2022,-0.003272553435954505,0,1,-1,1
2022-10-21,AAPL,2022,0.026699771079221862,1,1,-1,1
2022-10-24,AAPL,2022,0.014693884151205774,1,1,-1,1
2022-10-25,AAPL,2022,0.019153310758419553,0,1,-1,1
2022-10-26,AAPL,2022,-0.019822701205326303,-1,1,-1,1
2022-10-27,AAPL,2022,-0.030938988487524875,-1,1,0,1
2022-10-28,AAPL,2022,0.07283478271943232,-1,1,0,1
2022-10-31,AAPL,2022,-0.015530641229819397,-1,1,1,1
2022-11-01,AAPL,2022,-0.0176983498439271,-1,1,0,1
2022-11-02,AAPL,2022,-0.038018780006912084,-1,1,0,1
2022-11-03,AAPL,2022,-0.04333008065072234,1,1,0,1
2022-11-04,AAPL,2022,-0.0019492014128925277,1,1,-1,1
2022-11-07,AAPL,2022,0.003894387424026354,1,1,-1,1
2022-11-08,AAPL,2022,0.004166538930032982,1,1,-1,1
2022-11-09,AAPL,2022,-0.033753166751261394,1,1,-1,1
2022-11-10,AAPL,2022,0.0852365607111954,0,1,0,1
2022-11-11,AAPL,2022,0.019085485019783372,0,1,0,1
2022-11-14,AAPL,2022,-0.009530908529146379,0,1,-1,1
2022-11-15,AAPL,2022,0.011799503351833222,0,1,-1,1
2022-11-16,AAPL,2022,-0.008366233335841812,1,1,-1,1
2022-11-17,AAPL,2022,0.012887938589203597,0,1,-1,1
2022-11-18,AAPL,2022,0.0037748068416149296,-1,1,-1,1
2022-11-21,AAPL,2022,-0.021918825497881236,-1,1,-1,1
2022-11-22,AAPL,2022,0.014554764524538558,0,1,0,1
2022-11-23,AAPL,2022,0.00590887267145172,-1,1,-1,1
2022-11-25,AAPL,2022,-0.019787944746689344,0,1,-1,1
2022-11-28,AAPL,2022,-0.02661559918954887,1,1,-1,1
2022-11-29,AAPL,2022,-0.02137497249608825,0,1,-1,1
2022-11-30,AAPL,2022,0.047450221981561125,-1,1,0,1
2022-12-01,AAPL,2022,0.0018898433096402446,-1,1,-1,1
2022-12-02,AAPL,2022,-0.003376997317718828,-1,1,-1,1
2022-12-05,AAPL,2022,-0.00801537431723524,0,1,-1,1
2022-12-06,AAPL,2022,-0.025697422169934737,0,1,0,1
2022-12-07,AAPL,2022,-0.013880651743578476,1,1,-1,1
2022-12-08,AAPL,2022,0.012059340733406162,-1,1,-1,1
2022-12-09,AAPL,2022,-0.003440598427181614,-1,1,-1,1
2022-12-12,AAPL,2022,0.016257063052772455,-1,1,-1,1
2022-12-13,AAPL,2022,0.006759746537971614,-1,1,0,1
2022-12-14,AAPL,2022,-0.01565805957577253,-1,1,0,1
2022-12-15,AAPL,2022,-0.047987514327574685,-1,1,0,1
2022-12-16,AAPL,2022,-0.014686056810199648,-1,1,1,1
2022-12-19,AAPL,2022,-0.01603746170268407,0,1,0,1
2022-12-20,AAPL,2022,-0.0005289654428424147,-1,1,-1,1
2022-12-21,AAPL,2022,0.023530595608357602,-1,1,1,1
2022-12-22,AAPL,2022,-0.024059841003731496,0,1,0,1
2022-12-23,AAPL,2022,-0.0028018840134230514,-1,1,1,1
2022-12-27,AAPL,2022,-0.01397563558720164,-1,1,1,1
2022-12-28,AAPL,2022,-0.031165977538252124,0,1,0,1
2022-12-29,AAPL,2022,0.027930756493393678,0,1,1,1
2022-12-30,AAPL,2022,0.002465779613587995,0,1,-1,1
2023-01-03,AAPL,2023,-0.03812214832815221,1,1,0,-1
2023-01-04,AAPL,2023,0.010261329492623138,1,1,1,-1
2023-01-05,AAPL,2023,-0.010661171422641665,1,1,0,-1
2023-01-06,AAPL,2023,0.03613337145484326,1,1,0,-1
2023-01-09,AAPL,2023,0.004080609140008208,1,1,-1,-1
2023-01-10,AAPL,2023,0.004446315286528208,1,1,-1,-1
2023-01-11,AAPL,2023,0.020892828647828945,0,1,-1,-1
2023-01-12,AAPL,2023,-0.0005997798041455743,1,1,-1,-1
2023-01-13,AAPL,2023,0.010068086733379228,1,1,0,-1
2023-01-17,AAPL,2023,0.00871832269433396,1,1,-1,-1
2023-01-18,AAPL,2023,-0.005384388293555811,1,1,-1,-1
2023-01-19,AAPL,2023,0.0004437089018874854,1,1,-1,-1
2023-01-20,AAPL,2023,0.01903832709912459,1,1,-1,-1
2023-01-23,AAPL,2023,0.023228850156941486,0,1,0,-1
2023-01-24,AAPL,2023,0.01001244303475602,0,1,-1,-1
2023-01-25,AAPL,2023,-0.004711812858329473,1,1,0,-1
2023-01-26,AAPL,2023,0.014694851630483993,1,1,-1,-1
2023-01-27,AAPL,2023,0.013591435038900592,1,1,1,-1
2023-01-30,AAPL,2023,-0.020282441582398416,1,1,-1,-1
2023-01-31,AAPL,2023,0.0089804768246754,1,1,-1,1
2023-02-01,AAPL,2023,0.007869902206606641,1,1,0,1
2023-02-02,AAPL,2023,0.036392215960942983,0,1,1,1
2023-02-03,AAPL,2023,0.024107066343934946,0,1,0,1
2023-02-06,AAPL,2023,-0.0180915617269409,1,1,-1,1
2023-02-07,AAPL,2023,0.019061930228865227,0,1,1,1
2023-02-08,AAPL,2023,-0.017810390362488077,1,1,1,1
2023-02-09,AAPL,2023,-0.006935487253356016,1,1,1,1
2023-02-10,AAPL,2023,0.0024530678021792486,1,1,-1,1
2023-02-13,AAPL,2023,0.018631992436050824,-1,1,1,1
2023-02-14,AAPL,2023,-0.004233699741421141,-1,1,-1,1
2023-02-15,AAPL,2023,0.013807765145823167,-1,1,-1,1
2023-02-16,AAPL,2023,-0.010484387098961415,-1,1,-1,1
2023-02-17,AAPL,2023,-0.007575281372056692,-1,1,-1,1
2023-02-21,AAPL,2023,-0.027042192073950404,0,1,-1,1
2023-02-22,AAPL,2023,0.0028918810328788895,-1,1,1,1
2023-02-23,AAPL,2023,0.0032852872993151152,-1,1,1,1
2023-02-24,AAPL,2023,-0.018169273734481673,1,1,1,1
2023-02-27,AAPL,2023,0.008213294880432162,1,1,1,1
2023-02-28,AAPL,2023,-0.0034536897512532313,1,1,1,1
2023-03-01,AAPL,2023,-0.014348173842328936,1,1,1,1
2023-03-02,AAPL,2023,0.004120346331501263,1,1,1,1
2023-03-03,AAPL,2023,0.03448878760923339,0,1,1,1
2023-03-06,AAPL,2023,0.018369412028241442,-1,1,1,1
2023-03-07,AAPL,2023,-0.014602655017806733,0,1,1,1
2023-03-08,AAPL,2023,0.008342348318508722,0,1,1,1
2023-03-09,AAPL,2023,-0.015027004817885655,1,1,1,1
2023-03-10,AAPL,2023,-0.013975955989975312,1,1,1,1
2023-03-13,AAPL,2023,0.013178966166766072,1,1,0,1
2023-03-14,AAPL,2023,0.013990834202337816,1,1,1,1
2023-03-15,AAPL,2023,0.0026181492406983768,1,1,1,1
2023-03-16,AAPL,2023,0.018521411473458288,0,1,1,1
2023-03-17,AAPL,2023,-0.005469131390002325,1,1,1,1
2023-03-20,AAPL,2023,0.015365357385013805,0,1,1,1
2023-03-21,AAPL,2023,0.011873181158988532,0,1,1,1
2023-03-22,AAPL,2023,-0.009145060793399315,1,1,1,1
2023-03-23,AAPL,2023,0.0069452774110521955,1,1,1,1
2023-03-24,AAPL,2023,0.008271176467955724,1,1,1,1
2023-03-27,AAPL,2023,-0.012369469192129709,1,1,1,1
2023-03-28,AAPL,2023,-0.00398797330981972,1,1,1,-1
2023-03-29,AAPL,2023,0.01959739412482503,1,1,1,-1
2023-03-30,AAPL,2023,0.009841159474628828,1,1,1,1
2023-03-31,AAPL,2023,0.015523015543265056,-1,1,0,1
2023-04-03,AAPL,2023,0.007672444490993071,-1,1,1,1
2023-04-04,AAPL,2023,-0.0032552593947288854,-1,1,1,1
2023-04-05,AAPL,2023,-0.011354534472705015,0,1,1,1
2023-04-06,AAPL,2023,0.005480838969924752,0,1,1,1
2023-04-10,AAPL,2023,-0.01610114922702483,1,1,1,1
2023-04-11,AAPL,2023,-0.007620144761836779,1,1,1,1
2023-04-12,AAPL,2023,-0.004362691663537469,1,1,1,1
2023-04-13,AAPL,2023,0.03353513586936696,0,1,0,1
2023-04-14,AAPL,2023,-0.0021162528118239383,0,1,1,1
2023-04-17,AAPL,2023,0.00012097443515462342,0,1,1,1
2023-04-18,AAPL,2023,0.007476723254018458,-1,1,1,1
2023-04-19,AAPL,2023,0.006944039830227995,-1,1,1,1
2023-04-20,AAPL,2023,-0.005863377956703929,1,1,1,1
2023-04-21,AAPL,2023,-0.009829004442955923,1,1,1,1
2023-04-24,AAPL,2023,0.0018766469313401424,1,1,1,1
2023-04-25,AAPL,2023,-0.00948042995577922,1,1,1,1
2023-04-26,AAPL,2023,-6.130847037094818e-05,1,1,1,1
2023-04-27,AAPL,2023,0.027999720029521512,-1,1,0,1
2023-04-28,AAPL,2023,0.007512768513998791,1,1,1,1
2023-05-01,AAPL,2023,-0.0005304906176057613,1,1,1,1
2023-05-02,AAPL,2023,-0.00621058446564944,1,1,1,1
2023-05-03,AAPL,2023,-0.006488465314755136,1,1,0,1
2023-05-04,AAPL,2023,-0.009962825224449554,1,1,1,1
2023-05-05,AAPL,2023,0.04585910426257203,0,1,1,1
2023-05-08,AAPL,2023,-0.00040356912793950626,-1,1,1,1
2023-05-09,AAPL,2023,-0.0100209257575135,0,1,1,1
2023-05-10,AAPL,2023,0.010366737344719096,0,1,1,1
2023-05-11,AAPL,2023,0.0010944155213458153,0,1,1,1
2023-05-12,AAPL,2023,-0.005432628095469905,1,1,1,-1
2023-05-15,AAPL,2023,-0.0029014937258910562,1,1,1,-1
2023-05-16,AAPL,2023,0.0,0,1,1,-1
2023-05-17,AAPL,2023,0.0035969274505807027,0,1,1,-1
2023-05-18,AAPL,2023,0.01357350760110536,-1,1,1,1
2023-05-19,AAPL,2023,0.0006280802247574338,0,1,1,1
2023-05-22,AAPL,2023,-0.005495889358088996,1,1,1,1
2023-05-23,AAPL,2023,-0.015270912945390442,1,1,1,-1
2023-05-24,AAPL,2023,0.0016308072837419331,1,1,1,-1
2023-05-25,AAPL,2023,0.0066701183080008185,1,1,1,-1
2023-05-26,AAPL,2023,0.014006042169311374,1,1,1,-1
2023-05-30,AAPL,2023,0.010603199750588004,1,1,1,-1
2023-05-31,AAPL,2023,-0.00028209158527724615,0,1,1,-1
2023-06-01,AAPL,2023,0.015895645083774515,0,1,0,-1
2023-06-02,AAPL,2023,0.004764045548709033,0,1,1,-1
2023-06-05,AAPL,2023,-0.007600043311063094,0,1,0,-1
2023-06-06,AAPL,2023,-0.0020624819314530632,1,1,1,-1
2023-06-07,AAPL,2023,-0.007786359566045516,1,1,0,-1
2023-06-08,AAPL,2023,0.015346595724275483,1,1,0,-1
2023-06-09,AAPL,2023,0.0021576968478174766,1,1,1,-1
2023-06-12,AAPL,2023,0.015517556553589402,0,1,1,-1
2023-06-13,AAPL,2023,-0.0026150615623834433,0,1,1,-1
2023-06-14,AAPL,2023,0.0034852593152566516,1,1,1,-1
2023-06-15,AAPL,2023,0.011136398324988986,0,1,1,-1
2023-06-16,AAPL,2023,-0.005877084048970854,0,1,1,-1
2023-06-20,AAPL,2023,0.00048660411316226674,1,1,1,-1
2023-06-21,AAPL,2023,-0.005691414230238865,1,1,1,-1
2023-06-22,AAPL,2023,0.016390271034395824,1,1,1,-1
2023-06-23,AAPL,2023,-0.0017128132282949657,1,1,1,-1
2023-06-26,AAPL,2023,-0.007581599141999039,1,1,1,-1
2023-06-27,AAPL,2023,0.014946712932723023,1,1,1,-1
2023-06-28,AAPL,2023,0.006307780342690919,1,1,1,-1
2023-06-29,AAPL,2023,0.0017950206182643584,1,1,1,-1
2023-06-30,AAPL,2023,0.022839572001644774,-1,1,1,-1
2023-07-03,AAPL,2023,-0.007815152082220828,-1,1,1,-1
2023-07-05,AAPL,2023,-0.005888506457435011,0,1,1,-1
2023-07-06,AAPL,2023,0.0025055827758220886,0,1,1,-1
2023-07-07,AAPL,2023,-0.0059088442031276665,0,1,1,-1
2023-07-10,AAPL,2023,-0.010915243003603244,1,1,1,-1
2023-07-11,AAPL,2023,-0.0028138335992667946,1,1,1,-1
2023-07-12,AAPL,2023,0.008945359612224467,1,1,1,-1
2023-07-13,AAPL,2023,0.004049410783633987,1,1,1,-1
2023-07-14,AAPL,2023,0.0007870489942448741,1,1,1,-1
2023-07-17,AAPL,2023,0.017157312604409246,0,1,1,-1
2023-07-18,AAPL,2023,-0.0013411915770972056,0,1,1,-1
2023-07-19,AAPL,2023,0.007046889140828726,0,1,0,-1
2023-07-20,AAPL,2023,-0.01014863192500154,0,1,0,-1
2023-07-21,AAPL,2023,-0.006180743692761682,1,1,0,-1
2023-07-24,AAPL,2023,0.004211168966031693,1,1,1,-1
2023-07-25,AAPL,2023,0.004503459005212391,1,1,1,1
2023-07-26,AAPL,2023,0.004534739691367246,-1,1,1,1
2023-07-27,AAPL,2023,-0.006602700734787835,0,1,0,1
2023-07-28,AAPL,2023,0.013417408438303208,-1,1,1,1
2023-07-31,AAPL,2023,0.0031608870246298618,-1,1,1,1
2023-08-01,AAPL,2023,-0.004284974612477926,-1,1,1,1
2023-08-02,AAPL,2023,-0.01561125256832511,-1,1,0,1
2023-08-03,AAPL,2023,-0.007348550338260943,-1,1,1,1
2023-08-04,AAPL,2023,-0.04921118938174281,-1,1,0,1
2023-08-07,AAPL,2023,-0.017404271983604197,0,1,0,1
2023-08-08,AAPL,2023,0.005297531592314642,-1,1,1,1
2023-08-09,AAPL,2023,-0.008994620968658874,0,1,0,1
2023-08-10,AAPL,2023,-0.0012354357946028072,-1,1,1,1
2023-08-11,AAPL,2023,0.00033753088612854576,-1,1,1,1
2023-08-14,AAPL,2023,0.009349284669546595,-1,1,1,1
2023-08-15,AAPL,2023,-0.011263409762539287,0,1,1,1
2023-08-16,AAPL,2023,-0.004971642223366741,1,1,1,1
2023-08-17,AAPL,2023,-0.01466216720797964,0,1,1,1
2023-08-18,AAPL,2023,0.002812273103719095,1,1,1,1
2023-08-21,AAPL,2023,0.007706948153768571,1,1,1,1
2023-08-22,AAPL,2023,0.007874014733624037,1,1,1,1
2023-08-23,AAPL,2023,0.021711386660369182,1,1,1,1
2023-08-24,AAPL,2023,-0.02651898402637454,1,1,0,1
2023-08-25,AAPL,2023,0.01256386508812691,1,1,1,1
2023-08-28,AAPL,2023,0.008807088770811631,1,1,1,1
2023-08-29,AAPL,2023,0.021575899944855592,0,1,0,1
2023-08-30,AAPL,2023,0.01899082664551939,-1,1,1,1
2023-08-31,AAPL,2023,0.001171726230287279,-1,1,1,1
2023-09-01,AAPL,2023,0.008427737524034338,-1,1,1,1
2023-09-05,AAPL,2023,0.0012659457281935236,-1,1,1,1
2023-09-06,AAPL,2023,-0.03644965670739864,-1,1,0,1
2023-09-07,AAPL,2023,-0.029685726400977924,0,1,1,1
2023-09-08,AAPL,2023,0.003485637148391974,-1,1,1,1
2023-09-11,AAPL,2023,0.006600743936890492,0,1,1,1
2023-09-12,AAPL,2023,-0.017207899170910645,0,1,0,1
2023-09-13,AAPL,2023,-0.0119254468463014,0,1,1,1
2023-09-14,AAPL,2023,0.008744043536441662,-1,1,1,1
2023-09-15,AAPL,2023,-0.004162376705307074,0,1,1,1
2023-09-18,AAPL,2023,0.01677170998752774,0,1,1,1
2023-09-19,AAPL,2023,0.006161799968047402,-1,1,1,1
2023-09-20,AAPL,2023,-0.020194587343281712,-1,1,0,1
2023-09-21,AAPL,2023,-0.00892950926725559,-1,1,1,1
2023-09-22,AAPL,2023,0.004932617782089572,-1,1,1,1
2023-09-25,AAPL,2023,0.007353253436313441,-1,1,1,1
2023-09-26,AAPL,2023,-0.02367655061167537,0,1,1,1
2023-09-27,AAPL,2023,-0.00893720508881832,1,1,1,1
2023-09-28,AAPL,2023,0.0015241662617349202,1,1,0,1
2023-09-29,AAPL,2023,0.0030418321832920885,1,1,1,1
2023-10-02,AAPL,2023,0.014726637407402423,1,1,1,1
2023-10-03,AAPL,2023,-0.007800105452599264,1,1,1,1
2023-10-04,AAPL,2023,0.0072821234465628645,1,1,1,1
2023-10-05,AAPL,2023,0.00717214517748003,1,1,1,1
2023-10-06,AAPL,2023,0.014642677375673988,0,1,0,1
2023-10-09,AAPL,2023,0.00841568473911072,0,1,1,1
2023-10-10,AAPL,2023,-0.0033577451886481983,-1,1,1,1
2023-10-11,AAPL,2023,0.007872933789124905,-1,1,1,1
2023-10-12,AAPL,2023,0.005048272060230252,-1,1,1,1
2023-10-13,AAPL,2023,-0.01034581150890744,-1,1,0,1
2023-10-16,AAPL,2023,-0.0007275420342893708,-1,1,1,1
2023-10-17,AAPL,2023,-0.008823329965237624,-1,1,0,1
2023-10-18,AAPL,2023,-0.00742229324415338,-1,1,1,1
2023-10-19,AAPL,2023,-0.0021632583922641985,-1,1,1,1
2023-10-20,AAPL,2023,-0.014813525594690985,-1,1,1,1
2023-10-23,AAPL,2023,0.0006937871750938264,0,1,0,1
2023-10-24,AAPL,2023,0.00254034033074209,-1,1,1,1
2023-10-25,AAPL,2023,-0.013583601814804051,1,1,1,1
2023-10-26,AAPL,2023,-0.02491331784542926,1,1,0,1
2023-10-27,AAPL,2023,0.00793774407681798,1,1,1,1
2023-10-30,AAPL,2023,0.012230253632256015,1,1,1,1
2023-10-31,AAPL,2023,0.0028149131504116645,1,1,1,1
2023-11-01,AAPL,2023,0.01856515003427813,1,1,1,1
2023-11-02,AAPL,2023,0.020482028885076907,1,1,1,1
2023-11-03,AAPL,2023,-0.005194800107953134,1,1,1,1
2023-11-06,AAPL,2023,0.014499663925707711,1,1,1,1
2023-11-07,AAPL,2023,0.014347496303895396,1,1,1,1
2023-11-08,AAPL,2023,0.0058677410394010225,1,1,1,1
2023-11-09,AAPL,2023,-0.0026282100060075857,1,1,1,1
2023-11-10,AAPL,2023,0.022954630821852944,1,1,1,1
2023-11-13,AAPL,2023,-0.008620746627762734,1,1,1,1
2023-11-14,AAPL,2023,0.01418467380359995,1,1,1,1
2023-11-15,AAPL,2023,0.0030364070482250182,1,1,1,1
2023-11-16,AAPL,2023,0.009001420084516218,0,1,1,1
2023-11-17,AAPL,2023,-0.00010550694612771151,0,1,1,1
2023-11-20,AAPL,2023,0.009235488850911628,0,1,1,1
2023-11-21,AAPL,2023,-0.004239845035571739,-1,1,1,1
2023-11-22,AAPL,2023,0.0035083440075817417,0,1,1,1
2023-11-24,AAPL,2023,-0.0070287961461207,1,1,1,1
2023-11-27,AAPL,2023,-0.0009482560780716927,0,1,1,1
2023-11-28,AAPL,2023,0.0032090458407148296,1,1,1,1
2023-11-29,AAPL,2023,-0.005424304430597905,1,1,1,1
2023-11-30,AAPL,2023,0.0030579896620656698,1,1,1,1
2023-12-01,AAPL,2023,0.0067683698799520815,1,1,1,1
2023-12-04,AAPL,2023,-0.009509744707589234,1,1,1,1
2023-12-05,AAPL,2023,0.02084475932183417,0,1,0,1
2023-12-06,AAPL,2023,-0.005703520642694762,1,1,1,1
2023-12-07,AAPL,2023,0.010088306498941295,1,1,1,1
2023-12-08,AAPL,2023,0.007385140786910924,1,1,1,1
2023-12-11,AAPL,2023,-0.013011632267672232,1,1,1,1
2023-12-12,AAPL,2023,0.007888891725194743,1,1,1,1
2023-12-13,AAPL,2023,0.016553635171238944,-1,1,1,1
2023-12-14,AAPL,2023,0.0007574129816426516,-1,1,1,1
2023-12-15,AAPL,2023,-0.0027292976336064723,-1,1,1,1
2023-12-18,AAPL,2023,-0.008539818486857958,-1,1,1,1
2023-12-19,AAPL,2023,0.005345789636106834,-1,1,1,1
2023-12-20,AAPL,2023,-0.010771633915481593,0,1,1,1
2023-12-21,AAPL,2023,-0.0007702482824904273,0,1,1,1
2023-12-22,AAPL,2023,-0.005562956405308603,-1,1,1,1
2023-12-26,AAPL,2023,-0.0028449230648524434,-1,1,1,1
2023-12-27,AAPL,2023,0.0005178465785893502,-1,1,1,1
2023-12-28,AAPL,2023,0.002223689601168158,-1,1,1,1
2023-12-29,AAPL,2023,-0.005438910188405739,-1,1,1,1
2024-01-02,AAPL,2024,-0.03644266850572633,0,1,1,-1
2024-01-03,AAPL,2024,-0.0075157467190681655,1,1,1,-1
2024-01-04,AAPL,2024,-0.012781489502673191,1,1,1,-1
2024-01-05,AAPL,2024,-0.004021063570194704,1,1,1,-1
2024-01-08,AAPL,2024,0.023887281752097384,0,1,1,-1
2024-01-09,AAPL,2024,-0.002265981001372972,-1,1,1,-1
2024-01-10,AAPL,2024,0.005655229667894401,1,1,1,-1
2024-01-11,AAPL,2024,-0.0032275951301105896,1,1,0,-1
2024-01-12,AAPL,2024,0.0017765493327085583,1,1,1,1
2024-01-16,AAPL,2024,-0.012393470138953082,1,1,0,1
2024-01-17,AAPL,2024,-0.005187013826568669,1,1,1,1
2024-01-18,AAPL,2024,0.03205154059860362,1,1,1,1
2024-01-19,AAPL,2024,0.015413548852069315,0,1,1,1
2024-01-22,AAPL,2024,0.012090010729079236,-1,1,1,1
2024-01-23,AAPL,2024,0.006631047814753701,-1,1,1,1
2024-01-24,AAPL,2024,-0.003489913422538291,-1,1,1,1
2024-01-25,AAPL,2024,-0.0016981930074198583,-1,1,1,1
2024-01-26,AAPL,2024,-0.009053554920516451,-1,1,1,1
2024-01-29,AAPL,2024,-0.003592374193867146,-1,1,1,1
2024-01-30,AAPL,2024,-0.019433498185128597,0,1,0,1
2024-01-31,AAPL,2024,-0.019547312861585123,1,1,1,1
2024-02-01,AAPL,2024,0.013252355363362668,0,1,1,1
2024-02-02,AAPL,2024,-0.005419735341022806,0,1,0,1
2024-02-05,AAPL,2024,0.00979852685091751,0,1,1,1
2024-02-06,AAPL,2024,0.008594672189488813,-1,1,1,1
2024-02-07,AAPL,2024,0.0005808972499259666,-1,1,1,1
2024-02-08,AAPL,2024,-0.0057711949387897025,-1,1,1,1
2024-02-09,AAPL,2024,0.004085515501385398,-1,1,1,1
2024-02-12,AAPL,2024,-0.009042632446715588,-1,1,1,1
2024-02-13,AAPL,2024,-0.011338441220437081,-1,1,1,1
2024-02-14,AAPL,2024,-0.0048213920065633895,0,1,1,1
2024-02-15,AAPL,2024,-0.001575985976817636,0,1,1,1
2024-02-16,AAPL,2024,-0.00846614726931273,0,1,1,1
2024-02-20,AAPL,2024,-0.004122368094487159,0,1,1,1
2024-02-21,AAPL,2024,0.004177230758839079,0,1,1,1
2024-02-22,AAPL,2024,0.011181174237722972,-1,1,1,1
2024-02-23,AAPL,2024,-0.010084721437046739,-1,1,1,1
2024-02-26,AAPL,2024,-0.007479066803214636,-1,1,1,1
2024-02-27,AAPL,2024,0.008081612233936691,-1,1,0,1
2024-02-28,AAPL,2024,-0.006647543009780415,-1,1,1,1
2024-02-29,AAPL,2024,-0.003699833603836152,-1,1,1,1
2024-03-01,AAPL,2024,-0.006048784879422746,-1,1,1,1
2024-03-04,AAPL,2024,-0.025708904919804963,-1,1,1,1
2024-03-05,AAPL,2024,-0.028853246907197122,1,1,1,1
2024-03-06,AAPL,2024,-0.005895715630924252,1,1,1,1
2024-03-07,AAPL,2024,-0.0007096960961797886,1,1,1,1
2024-03-08,AAPL,2024,0.010184707166980955,0,1,0,1
2024-03-11,AAPL,2024,0.011762098626482346,0,1,1,1
2024-03-12,AAPL,2024,0.0027747394530746408,1,1,1,1
2024-03-13,AAPL,2024,-0.01219661361146525,1,1,1,1
2024-03-14,AAPL,2024,0.010868069180664602,-1,1,1,1
2024-03-15,AAPL,2024,-0.002198915234490065,0,1,1,1
2024-03-18,AAPL,2024,0.006352099952491547,-1,1,0,1
2024-03-19,AAPL,2024,0.013493717844927195,-1,1,1,1
2024-03-20,AAPL,2024,0.014601954211642544,-1,1,1,1
2024-03-21,AAPL,2024,-0.0417155054964453,0,1,0,1
2024-03-22,AAPL,2024,0.0052960536405417735,-1,1,1,1
2024-03-25,AAPL,2024,-0.00833501089589106,-1,1,1,1
2024-03-26,AAPL,2024,-0.006694872198337345,0,1,1,1
2024-03-27,AAPL,2024,0.020990746393716675,-1,1,1,1
2024-03-28,AAPL,2024,-0.010615359861926858,-1,1,1,1
2024-04-01,AAPL,2024,-0.008491615510567437,-1,1,1,1
2024-04-02,AAPL,2024,-0.007023430568385549,1,1,1,1
2024-04-03,AAPL,2024,0.004785971913959819,-1,1,1,1
2024-04-04,AAPL,2024,-0.004904461361691094,1,1,1,1
2024-04-05,AAPL,2024,0.00449175850379507,1,1,1,1
2024-04-08,AAPL,2024,-0.006685709069029421,1,1,1,1
2024-04-09,AAPL,2024,0.007216412538867072,0,1,1,1
2024-04-10,AAPL,2024,-0.011201870919569631,0,1,1,1
2024-04-11,AAPL,2024,0.0423608074764433,-1,1,0,1
2024-04-12,AAPL,2024,0.00858981368688756,-1,1,1,1
2024-04-15,AAPL,2024,-0.022106064074457143,-1,1,0,1
2024-04-16,AAPL,2024,-0.019353467049006437,0,1,0,1
2024-04-17,AAPL,2024,-0.00818077560279292,0,1,1,1
2024-04-18,AAPL,2024,-0.005730697379664942,1,1,1,1
2024-04-19,AAPL,2024,-0.01228766968329516,1,1,1,1
2024-04-22,AAPL,2024,0.005077757943090974,1,1,1,1
2024-04-23,AAPL,2024,0.006371430538214222,1,1,1,1
2024-04-24,AAPL,2024,0.012622353885757973,0,1,1,1
2024-04-25,AAPL,2024,0.005134199715301573,1,1,1,1
2024-04-26,AAPL,2024,-0.003479038786541874,1,1,1,1
2024-04-29,AAPL,2024,0.024505338475845476,1,1,1,1
2024-04-30,AAPL,2024,-0.018439960645972392,1,1,0,1
2024-05-01,AAPL,2024,-0.00606537782987316,1,1,1,1
2024-05-02,AAPL,2024,0.021792731380613054,1,1,1,1
2024-05-03,AAPL,2024,0.05809555882808964,0,1,0,1
2024-05-06,AAPL,2024,-0.009148558304602324,1,1,1,1
2024-05-07,AAPL,2024,0.003790003544512616,1,1,1,1
2024-05-08,AAPL,2024,0.0018623881425134268,1,1,1,1
2024-05-09,AAPL,2024,0.00996451365600707,1,1,1,1
2024-05-10,AAPL,2024,-0.006914127495957038,1,1,1,1
2024-05-13,AAPL,2024,0.01749171543855879,1,1,1,1
2024-05-14,AAPL,2024,0.006154347117897986,1,1,1,1
2024-05-15,AAPL,2024,0.01214397576562989,0,1,1,1
2024-05-16,AAPL,2024,0.000632247787574431,-1,1,1,1
2024-05-17,AAPL,2024,0.00015799950768482,0,1,1,1
2024-05-20,AAPL,2024,0.006143234152241488,0,1,1,1
2024-05-21,AAPL,2024,0.006833810449374253,-1,1,1,1
2024-05-22,AAPL,2024,-0.007566970853530966,0,1,1,1
2024-05-23,AAPL,2024,-0.021282854832149676,1,1,1,1
2024-05-24,AAPL,2024,0.016451872121833144,1,1,1,1
2024-05-28,AAPL,2024,5.2738482152506934e-05,1,1,1,1
2024-05-29,AAPL,2024,0.0015777890255327036,1,1,1,1
2024-05-30,AAPL,2024,0.005241362969396863,1,1,1,1
2024-05-31,AAPL,2024,0.005006147740576882,1,1,1,1
2024-06-03,AAPL,2024,0.009215919167468733,0,1,1,1
2024-06-04,AAPL,2024,0.0016479967353902531,1,1,1,1
2024-06-05,AAPL,2024,0.007790499154828682,1,1,1,1
2024-06-06,AAPL,2024,-0.00712194613312945,1,1,1,1
2024-06-07,AAPL,2024,0.012316154340047136,1,1,1,1
2024-06-10,AAPL,2024,-0.019333607175435346,1,1,0,1
2024-06-11,AAPL,2024,0.07013136623411645,0,1,0,1
2024-06-12,AAPL,2024,0.028177714484368885,0,1,0,1
2024-06-13,AAPL,2024,0.005476087324272172,-1,1,0,1
2024-06-14,AAPL,2024,-0.008201949442049902,-1,1,1,1
2024-06-17,AAPL,2024,0.019480539351029075,-1,1,0,1
2024-06-18,AAPL,2024,-0.011045281330102606,0,1,0,1
2024-06-20,AAPL,2024,-0.02174758175866565,1,1,0,1
2024-06-21,AAPL,2024,-0.010499393975513022,0,1,1,1
2024-06-24,AAPL,2024,0.0031275946812380786,1,1,0,1
2024-06-25,AAPL,2024,0.004458264182826148,1,1,1,1
2024-06-26,AAPL,2024,0.01979607253364804,1,1,1,1
2024-06-27,AAPL,2024,0.00397806698612721,1,1,1,1
2024-06-28,AAPL,2024,-0.016387805165370795,1,1,1,1
2024-07-01,AAPL,2024,0.028689160142552406,1,1,1,1
2024-07-02,AAPL,2024,0.016109551207871924,1,1,1,1
2024-07-03,AAPL,2024,0.005794115152346977,1,1,1,1
2024-07-05,AAPL,2024,0.02139003068536324,1,1,1,1
2024-07-08,AAPL,2024,0.006517597481562641,1,1,1,1
2024-07-09,AAPL,2024,0.0037676729255901515,1,1,1,1
2024-07-10,AAPL,2024,0.018628925531632434,-1,1,1,1
2024-07-11,AAPL,2024,-0.02349453867087294,0,1,1,1
2024-07-12,AAPL,2024,0.012966410534460718,-1,1,1,1
2024-07-15,AAPL,2024,0.016604645461826724,-1,1,1,1
2024-07-16,AAPL,2024,0.0017903541972405345,-1,1,1,1
2024-07-17,AAPL,2024,-0.025621502821612883,-1,1,1,1
2024-07-18,AAPL,2024,-0.020748622538622436,-1,1,0,1
2024-07-19,AAPL,2024,0.0005797565740786449,-1,1,-1,1
2024-07-22,AAPL,2024,-0.0015613798438820499,-1,1,-1,1
2024-07-23,AAPL,2024,0.004677255195918461,-1,1,-1,1
2024-07-24,AAPL,2024,-0.029175891441415892,0,1,0,1
2024-07-25,AAPL,2024,-0.004816062480520214,0,1,1,1
2024-07-26,AAPL,2024,0.002158659530568323,0,1,1,1
2024-07-29,AAPL,2024,0.0012837804745925603,-1,1,1,1
2024-07-30,AAPL,2024,0.002562697568781216,-1,1,1,1
2024-07-31,AAPL,2024,0.014879675820925477,-1,1,1,1
2024-08-01,AAPL,2024,-0.016892726151950192,-1,1,0,1
2024-08-02,AAPL,2024,0.006845920580947079,0,1,0,1
2024-08-05,AAPL,2024,-0.0493655588984285,0,1,0,1
2024-08-06,AAPL,2024,-0.009796124186903758,1,1,0,1
2024-08-07,AAPL,2024,0.012420842045709002,1,1,0,1
2024-08-08,AAPL,2024,0.016496458422253012,1,1,-1,1
2024-08-09,AAPL,2024,0.013642437734129192,1,1,1,1
2024-08-12,AAPL,2024,0.007104625828734811,1,1,-1,1
2024-08-13,AAPL,2024,0.01704690743759989,1,1,-1,1
2024-08-14,AAPL,2024,0.0020316651527100722,1,1,-1,1
2024-08-15,AAPL,2024,0.013439848494398353,0,1,-1,1
2024-08-16,AAPL,2024,0.005901075443882924,0,1,-1,1
2024-08-19,AAPL,2024,-0.0007081442837952332,0,1,-1,1
2024-08-20,AAPL,2024,0.0027408714725653876,1,1,1,1
2024-08-21,AAPL,2024,-0.000485658027281605,0,1,1,1
2024-08-22,AAPL,2024,-0.00829405416320647,1,1,-1,1
2024-08-23,AAPL,2024,0.010235611546731548,0,1,1,1
2024-08-26,AAPL,2024,0.0014977689825092326,-1,1,1,1
2024-08-27,AAPL,2024,0.0037345361424810227,-1,1,1,1
2024-08-28,AAPL,2024,-0.006776439034797312,-1,1,1,1
2024-08-29,AAPL,2024,0.01446507824791516,-1,1,1,1
2024-08-30,AAPL,2024,-0.0034438972173904962,-1,1,1,1
2024-09-03,AAPL,2024,-0.02758205926890721,0,1,0,1
2024-09-04,AAPL,2024,-0.008656118486674759,0,1,1,1
2024-09-05,AAPL,2024,0.00690375236012177,0,1,1,1
2024-09-06,AAPL,2024,-0.007039638581795112,0,1,1,1
2024-09-09,AAPL,2024,0.0004076032823670595,-1,1,1,1
2024-09-10,AAPL,2024,-0.0036280475292080135,-1,1,1,1
2024-09-11,AAPL,2024,0.011518497367034124,0,1,1,1
2024-09-12,AAPL,2024,0.000493951588154967,1,1,1,1
2024-09-13,AAPL,2024,-0.001212743112829914,1,1,1,1
2024-09-16,AAPL,2024,-0.02816830868781578,1,1,1,1
2024-09-17,AAPL,2024,0.0021702977421303895,1,1,1,1
2024-09-18,AAPL,2024,0.017829811688005633,1,1,0,1
2024-09-19,AAPL,2024,0.03639517425549866,0,1,1,1
2024-09-20,AAPL,2024,-0.0029318262901724353,0,1,0,1
2024-09-23,AAPL,2024,-0.007609769696020938,1,1,1,1
2024-09-24,AAPL,2024,0.00396612392366498,0,1,1,1
2024-09-25,AAPL,2024,-0.00440792784195319,0,1,1,1
2024-09-26,AAPL,2024,0.005067410606849745,0,1,1,1
2024-09-27,AAPL,2024,0.0011860010870499743,0,1,1,1
2024-09-30,AAPL,2024,0.022614298451544935,-1,1,1,1
2024-10-01,AAPL,2024,-0.02957458131220156,0,1,0,1
2024-10-02,AAPL,2024,0.0025165061339125203,0,1,0,1
2024-10-03,AAPL,2024,-0.0049065817571294175,1,1,1,1
2024-10-04,AAPL,2024,0.004994839049835235,0,1,1,1
2024-10-07,AAPL,2024,-0.022788615562332054,1,1,1,1
2024-10-08,AAPL,2024,0.018236814306916555,1,1,1,1
2024-10-09,AAPL,2024,0.01656043075820059,0,1,1,1
2024-10-10,AAPL,2024,-0.002180565757251618,1,1,1,1
2024-10-11,AAPL,2024,-0.006526660483886911,1,1,1,1
2024-10-14,AAPL,2024,0.016345612848178138,1,1,1,1
2024-10-15,AAPL,2024,0.010964290164964917,0,1,1,1
2024-10-16,AAPL,2024,-0.008891360997468364,0,1,1,1
2024-10-17,AAPL,2024,0.0015951415232058656,0,1,1,1
2024-10-18,AAPL,2024,0.012201742249239467,-1,1,1,1
2024-10-21,AAPL,2024,0.00627814999523567,-1,1,1,1
2024-10-22,AAPL,2024,-0.002625164359778162,0,1,1,1
2024-10-23,AAPL,2024,-0.021860283213003803,0,1,0,1
2024-10-24,AAPL,2024,-0.0008235593201725486,-1,1,1,1
2024-10-25,AAPL,2024,0.003636415925019152,-1,1,1,1
2024-10-28,AAPL,2024,0.008562738837634991,-1,1,1,1
2024-10-29,AAPL,2024,0.0011561396208315193,-1,1,1,1
2024-10-30,AAPL,2024,-0.015395885446496121,-1,1,1,1
2024-10-31,AAPL,2024,-0.018377259001906225,0,1,1,1
2024-11-01,AAPL,2024,-0.013368646192611527,1,1,1,1
2024-11-04,AAPL,2024,-0.004045639226864029,1,1,1,1
2024-11-05,AAPL,2024,0.006465134704959913,0,1,1,1
2024-11-06,AAPL,2024,-0.0032722076410395735,0,1,1,-1
2024-11-07,AAPL,2024,0.021146926054968325,0,1,1,-1
2024-11-08,AAPL,2024,-0.0011889038318105918,-1,1,1,-1
2024-11-11,AAPL,2024,-0.012101654127941598,1,1,1,-1
2024-11-12,AAPL,2024,0.0,1,1,1,-1
2024-11-13,AAPL,2024,0.003961436603838434,1,1,1,-1
2024-11-14,AAPL,2024,0.01367642684279344,0,1,1,-1
2024-11-15,AAPL,2024,-0.014209659405648662,1,1,1,-1
2024-11-18,AAPL,2024,0.013332994360030707,1,1,0,-1
2024-11-19,AAPL,2024,0.0011395887601670345,1,1,1,-1
2024-11-20,AAPL,2024,0.0031490337274675513,1,1,1,-1
2024-11-21,AAPL,2024,-0.002098231209770198,1,1,0,-1
2024-11-22,AAPL,2024,0.005890135969549004,1,1,1,-1
2024-11-25,AAPL,2024,0.01296650368469272,1,1,1,1
2024-11-26,AAPL,2024,0.009360398114540877,1,1,1,1
2024-11-27,AAPL,2024,-0.0005532952624120362,1,1,1,1
2024-11-29,AAPL,2024,0.010164054625495886,1,1,1,1
2024-12-02,AAPL,2024,0.009477546923704444,1,1,1,1
2024-12-03,AAPL,2024,0.01269094520499032,1,1,1,1
2024-12-04,AAPL,2024,0.0014824443881465337,1,1,1,1
2024-12-05,AAPL,2024,0.0001235958508249288,1,1,1,1
2024-12-06,AAPL,2024,-0.000823312487509727,1,1,1,1
2024-12-09,AAPL,2024,0.015972889432687393,1,1,1,1
2024-12-10,AAPL,2024,0.004125258950728257,1,1,1,1
2024-12-11,AAPL,2024,-0.005179376415267013,0,1,1,1
2024-12-12,AAPL,2024,0.00594587385025335,0,1,1,1
2024-12-13,AAPL,2024,0.0006853972735354901,1,1,1,1
2024-12-16,AAPL,2024,0.011659545305847086,1,1,1,1
2024-12-17,AAPL,2024,0.009672594542154866,1,1,1,1
2024-12-18,AAPL,2024,-0.021654504691534807,1,1,0,1
2024-12-19,AAPL,2024,0.006990059157491245,1,1,1,1
2024-12-20,AAPL,2024,0.018641054768084406,0,1,0,1
2024-12-23,AAPL,2024,0.0030602324920422715,-1,1,1,1
2024-12-24,AAPL,2024,0.011412703502856704,-1,1,1,1
2024-12-26,AAPL,2024,0.003170779304427241,-1,1,1,1
2024-12-27,AAPL,2024,-0.013330716177614454,-1,1,1,1
2024-12-30,AAPL,2024,-0.01335219870688894,-1,1,1,1
2024-12-31,AAPL,2024,-0.007082823666737158,-1,1,1,1
2025-01-02,AAPL,2025,-0.026586286008633653,-1,1,0,1
2025-01-03,AAPL,2025,-0.002011468040457835,-1,1,1,1
2025-01-06,AAPL,2025,0.006716400567433074,-1,1,1,-1
2025-01-07,AAPL,2025,-0.011453051473828165,-1,1,1,-1
2025-01-08,AAPL,2025,0.0020209453458188745,-1,1,1,-1
2025-01-10,AAPL,2025,-0.024398975570841124,-1,1,0,1
2025-01-13,AAPL,2025,-0.010398110825261677,-1,1,1,1
2025-01-14,AAPL,2025,-0.004789521127315873,-1,1,1,1
2025-01-15,AAPL,2025,0.019484821491036735,-1,1,1,0
2025-01-16,AAPL,2025,-0.04123899879228495,0,1,0,0
2025-01-17,AAPL,2025,0.007506931655465175,0,1,1,0
2025-01-21,AAPL,2025,-0.03243613939011361,1,1,0,1
2025-01-22,AAPL,2025,0.0053308049559205265,1,1,1,1
2025-01-23,AAPL,2025,-0.0007598353518100058,1,1,0,1
2025-01-24,AAPL,2025,-0.003942335063843827,1,1,0,1
2025-01-27,AAPL,2025,0.03128567719093825,0,1,0,1
2025-01-28,AAPL,2025,0.035892053069113805,0,1,0,1
2025-01-29,AAPL,2025,0.004606248776426378,-1,1,1,1
2025-01-30,AAPL,2025,-0.007422240814426643,-1,1,1,1
2025-01-31,AAPL,2025,-0.0067146479891791785,0,1,0,1
2025-02-03,AAPL,2025,-0.034442427845016575,0,1,1,1
2025-02-04,AAPL,2025,0.020790327049243183,0,1,1,1
2025-02-05,AAPL,2025,-0.0014185590534161777,1,1,1,1
2025-02-06,AAPL,2025,0.00322109833937535,1,1,1,1
2025-02-07,AAPL,2025,-0.02426060895251515,1,1,-1,1
2025-02-10,AAPL,2025,0.001186484492603538,1,1,1,1
2025-02-11,AAPL,2025,0.02159692967479855,1,1,0,1
2025-02-12,AAPL,2025,0.01810530840941033,1,1,1,1
2025-02-13,AAPL,2025,0.019482183788990276,0,1,1,1
2025-02-14,AAPL,2025,0.012630594967860955,0,1,-1,1
2025-02-18,AAPL,2025,-0.0005316274709570028,1,1,1,1
2025-02-19,AAPL,2025,0.001634816762298603,-1,1,1,1
2025-02-20,AAPL,2025,0.0039127276989343015,-1,1,1,1
2025-02-21,AAPL,2025,-0.0011396082356238142,-1,1,1,1
2025-02-24,AAPL,2025,0.006292589463524479,-1,1,-1,1
2025-02-25,AAPL,2025,-0.00024293974720204436,-1,1,-1,1
2025-02-26,AAPL,2025,-0.02741243635010092,-1,1,1,1
2025-02-27,AAPL,2025,-0.012812563750172624,0,1,1,1
2025-02-28,AAPL,2025,0.018951084186947617,0,1,0,1
2025-03-03,AAPL,2025,-0.01587952046046241,-1,1,-1,1
2025-03-04,AAPL,2025,-0.008861679114480088,-1,1,1,1
2025-03-05,AAPL,2025,-0.0008056225157174363,-1,1,0,1
2025-03-06,AAPL,2025,-0.0017406837006827668,-1,1,-1,1
2025-03-07,AAPL,2025,0.015767651839406743,-1,1,0,1
2025-03-10,AAPL,2025,-0.049694072096303124,-1,1,0,1
2025-03-11,AAPL,2025,-0.029623943593580906,-1,1,0,1
2025-03-12,AAPL,2025,-0.017633249295556267,0,1,1,1
2025-03-13,AAPL,2025,-0.03422260507355097,0,1,0,1
2025-03-14,AAPL,2025,0.018007449695951666,1,1,1,1
2025-03-17,AAPL,2025,0.0023860442152827004,1,1,1,1
2025-03-18,AAPL,2025,-0.0061403138168483196,1,1,-1,1
2025-03-19,AAPL,2025,0.011917875237583938,1,1,1,1
2025-03-20,AAPL,2025,-0.005310391928647065,1,1,1,1
2025-03-21,AAPL,2025,0.019289580468985934,0,1,0,1
2025-03-24,AAPL,2025,0.011207462561574328,0,1,-1,1
2025-03-25,AAPL,2025,0.013589158362350902,0,1,1,1
2025-03-26,AAPL,2025,-0.00997138943054509,0,1,-1,1
2025-03-27,AAPL,2025,0.010418206350687718,-1,1,-1,1
2025-03-28,AAPL,2025,-0.026940103939361405,-1,1,-1,1
2025-03-31,AAPL,2025,0.01922667819794853,-1,1,1,1
2025-04-01,AAPL,2025,0.004760627939717479,-1,1,1,1
2025-04-02,AAPL,2025,0.0031314275761356735,-1,1,-1,1
2025-04-03,AAPL,2025,-0.09701335938325019,-1,1,1,1
2025-04-04,AAPL,2025,-0.07568032046579369,1,1,0,1
2025-04-07,AAPL,2025,-0.03742599941413807,1,1,0,1
2025-04-08,AAPL,2025,-0.051101835883449784,1,1,0,1
2025-04-09,AAPL,2025,0.14261744902614956,0,1,0,1
2025-04-10,AAPL,2025,-0.043318714611892455,0,1,0,1
2025-04-11,AAPL,2025,0.039792268979225276,0,1,0,1
2025-04-14,AAPL,2025,0.021814247212016708,0,1,0,1
2025-04-15,AAPL,2025,-0.001878136709860532,0,1,1,1
2025-04-16,AAPL,2025,-0.03971154912779275,1,1,1,1
2025-04-17,AAPL,2025,0.013853172532603585,1,1,1,1
2025-04-21,AAPL,2025,-0.01958328635881443,1,1,1,1
2025-04-22,AAPL,2025,0.03349771066831219,1,1,1,1
2025-04-23,AAPL,2025,0.024040339909284596,1,1,1,1
2025-04-24,AAPL,2025,0.018258409417234913,1,1,1,1
2025-04-25,AAPL,2025,0.0043577006560267615,-1,1,1,1
2025-04-28,AAPL,2025,0.004101073249198627,-1,1,1,1
2025-04-29,AAPL,2025,0.0050788544402886595,-1,1,1,1
2025-04-30,AAPL,2025,0.006089082548314729,-1,1,1,1
2025-05-01,AAPL,2025,0.003851464551987565,-1,1,1,1
2025-05-02,AAPL,2025,-0.03807757245772203,-1,1,1,1
2025-05-05,AAPL,2025,-0.03196397952264503,1,1,1,1
2025-05-06,AAPL,2025,-0.0019124478912929883,1,1,1,1
2025-05-07,AAPL,2025,-0.011450129026667304,1,1,1,1
2025-05-08,AAPL,2025,0.006298631440689827,1,1,1,1
2025-05-09,AAPL,2025,0.0052522561730470926,1,1,1,1
2025-05-12,AAPL,2025,0.06123260765537306,0,1,1,1
2025-05-13,AAPL,2025,0.010101107307854424,-1,1,1,1
2025-05-14,AAPL,2025,-0.0028217171271168735,-1,1,1,1
2025-05-15,AAPL,2025,-0.0041531193839412905,-1,1,1,1
2025-05-16,AAPL,2025,-0.0008990603888560591,-1,1,1,1
2025-05-19,AAPL,2025,-0.011808460823504164,-1,1,1,1
2025-05-20,AAPL,2025,-0.00923883715308381,-1,1,-1,1
2025-05-21,AAPL,2025,-0.023329135189360545,0,1,1,1
2025-05-22,AAPL,2025,-0.0036186981790262067,0,1,-1,1
2025-05-23,AAPL,2025,-0.03071120124483524,1,1,1,1
2025-05-27,AAPL,2025,0.024983634850397802,1,1,1,1
2025-05-28,AAPL,2025,0.0010483354048508517,1,1,1,1
2025-05-29,AAPL,2025,-0.0023478901995321877,0,1,1,1
2025-05-30,AAPL,2025,0.004491076894813233,0,1,1,1
2025-06-02,AAPL,2025,0.004222971920528316,0,1,1,1
2025-06-03,AAPL,2025,0.007753855637832673,0,1,1,1
2025-06-04,AAPL,2025,-0.002216283617487258,-1,1,1,1
2025-06-05,AAPL,2025,-0.010856493087603674,0,1,1,1
2025-06-06,AAPL,2025,0.016265311589657647,-1,1,1,1
2025-06-09,AAPL,2025,-0.012186604353181588,0,1,1,1
2025-06-10,AAPL,2025,0.006037982155127157,-1,1,1,1
2025-06-11,AAPL,2025,-0.019380380251846595,0,1,1,1
2025-06-12,AAPL,2025,0.002110632335517766,1,1,1,1
2025-06-13,AAPL,2025,-0.013901411536047332,1,1,1,1
2025-06-16,AAPL,2025,0.00997806923497654,1,1,1,1
2025-06-17,AAPL,2025,-0.01410974854577863,1,1,1,1
2025-06-18,AAPL,2025,0.004793205338058987,1,1,1,1
2025-06-20,AAPL,2025,0.022235474358199368,0,1,1,1
2025-06-23,AAPL,2025,0.0024843579641847862,1,1,1,1
2025-06-24,AAPL,2025,-0.005973029135193437,1,1,1,1
2025-06-25,AAPL,2025,0.00627085632161283,1,1,1,1
2025-06-26,AAPL,2025,-0.0027821851506041706,1,1,1,1
2025-06-27,AAPL,2025,0.0003979183634067224,1,1,1,1
2025-06-30,AAPL,2025,0.02013598512579886,0,1,0,1
2025-07-01,AAPL,2025,0.012833554762505453,1,1,1,1
2025-07-02,AAPL,2025,0.021987209167053007,0,1,1,1
2025-07-03,AAPL,2025,0.005211293611914645,-1,1,1,1
2025-07-07,AAPL,2025,-0.01700149564758331,0,1,0,1
2025-07-08,AAPL,2025,0.00028576907769607885,0,1,1,1
2025-07-09,AAPL,2025,0.005366195826791592,0,1,1,1
2025-07-10,AAPL,2025,0.0059970332459500465,-1,1,1,1
2025-07-11,AAPL,2025,-0.005902207974138676,0,1,1,1
2025-07-14,AAPL,2025,-0.012101822196916256,1,1,1,1
2025-07-15,AAPL,2025,0.002346032753829585,1,1,1,1
2025-07-16,AAPL,2025,0.005008797516134687,1,1,1,1
2025-07-17,AAPL,2025,-0.0006664697157569597,1,1,1,1
2025-07-18,AAPL,2025,0.005508060298912673,1,1,1,1
2025-07-21,AAPL,2025,0.006137078072563709,0,1,1,1
2025-07-22,AAPL,2025,0.008995498343452922,-1,1,1,1
2025-07-23,AAPL,2025,-0.0011667067342310043,-1,1,1,1
2025-07-24,AAPL,2025,-0.0018227390553003818,-1,1,1,1
2025-07-25,AAPL,2025,0.0005611306155064072,-1,1,1,1
2025-07-28,AAPL,2025,0.0007945872831611002,-1,1,1,1
2025-07-29,AAPL,2025,-0.013072685194727512,-1,1,1,1
2025-07-30,AAPL,2025,-0.010563477354532497,1,1,1,1
2025-07-31,AAPL,2025,-0.007104751036829674,1,1,1,1
2025-08-01,AAPL,2025,-0.025321677926800696,1,1,0,1
2025-08-04,AAPL,2025,0.004781610667578509,1,1,0,1
2025-08-05,AAPL,2025,-0.002116885719306201,1,1,1,1
2025-08-06,AAPL,2025,0.04965339353018598,1,1,0,1
2025-08-07,AAPL,2025,0.03129869520106027,1,1,1,1
2025-08-08,AAPL,2025,0.041485325469322876,0,1,0,1
2025-08-11,AAPL,2025,-0.008372309551005904,1,1,1,1
2025-08-12,AAPL,2025,0.01081373926222068,0,1,1,1
2025-08-13,AAPL,2025,0.015897409188223566,-1,1,1,1
2025-08-14,AAPL,2025,-0.002359951548342355,-1,1,1,1
2025-08-15,AAPL,2025,-0.005125312002106956,-1,1,1,1
2025-08-18,AAPL,2025,-0.0030271086609148412,-1,1,1,1
2025-08-19,AAPL,2025,-0.0014302831382129908,0,1,1,1
2025-08-20,AAPL,2025,-0.01993191516264375,1,1,1,1
2025-08-21,AAPL,2025,-0.004923405133202545,1,1,1,1
2025-08-22,AAPL,2025,0.01263657196565801,1,1,1,1
2025-08-25,AAPL,2025,-0.0026377830643618963,1,1,1,1
2025-08-26,AAPL,2025,0.009420191929208597,1,1,1,1
2025-08-27,AAPL,2025,0.005132723136336729,1,1,1,1
2025-08-28,AAPL,2025,0.00894079103525418,1,1,1,1
2025-08-29,AAPL,2025,-0.0018076532753705872,1,1,1,1
2025-09-02,AAPL,2025,-0.010479415315868323,1,1,1,1
2025-09-03,AAPL,2025,0.03738232170686491,-1,1,1,1
2025-09-04,AAPL,2025,0.005478194691820946,-1,1,1,1
2025-09-05,AAPL,2025,-0.0003753123897331411,-1,1,1,1
2025-09-08,AAPL,2025,-0.007580043466471161,0,1,1,1
2025-09-09,AAPL,2025,-0.01495059126410601,1,1,1,1
2025-09-10,AAPL,2025,-0.0327913485579626,1,1,0,1
2025-09-11,AAPL,2025,0.014185282152052413,1,1,1,1
2025-09-12,AAPL,2025,0.017410578462299327,1,1,1,1
2025-09-15,AAPL,2025,0.011173206896220039,1,1,1,1
2025-09-16,AAPL,2025,0.006107203194049754,1,1,1,1
2025-09-17,AAPL,2025,0.0035210509004652986,1,1,1,1
2025-09-18,AAPL,2025,-0.004655381783018187,1,1,1,1
2025-09-19,AAPL,2025,0.031530569936912015,1,1,0,1
2025-09-22,AAPL,2025,0.04219290013168558,0,1,0,1
2025-09-23,AAPL,2025,-0.006464066249566799,0,1,1,1
2025-09-24,AAPL,2025,-0.008367357647185152,0,1,1,1
2025-09-25,AAPL,2025,0.017911625985712415,0,1,0,1
2025-09-26,AAPL,2025,-0.0055042148040742,0,1,1,1
2025-09-29,AAPL,2025,-0.004040053534453041,1,1,1,1
2025-09-30,AAPL,2025,0.0007857485936756352,0,1,1,1
2025-10-01,AAPL,2025,0.0032151298202565005,1,1,1,1
2025-10-02,AAPL,2025,0.006555105475920218,-1,1,1,1
2025-10-03,AAPL,2025,0.0034552785601604428,-1,1,1,1
2025-10-06,AAPL,2025,-0.005167971387568465,-1,1,1,1
2025-10-07,AAPL,2025,-0.0008183388500995134,-1,1,1,1
2025-10-08,AAPL,2025,0.006141440918380204,-1,1,1,1
2025-10-09,AAPL,2025,-0.01570053155599148,-1,1,1,1
2025-10-10,AAPL,2025,-0.03513195092238275,0,1,0,1
2025-10-13,AAPL,2025,0.009697182425174814,1,1,1,1
2025-10-14,AAPL,2025,0.00044402022615236544,1,1,1,1
2025-10-15,AAPL,2025,0.006316514957929752,1,1,1,1
2025-10-16,AAPL,2025,-0.007608909806463546,1,1,1,1
2025-10-17,AAPL,2025,0.019370654536732482,1,1,0,1
2025-10-20,AAPL,2025,0.03868092101339173,1,1,0,1
2025-10-21,AAPL,2025,0.0020190045980656188,1,1,1,1
2025-10-22,AAPL,2025,-0.01657682531661047,1,1,0,1
2025-10-23,AAPL,2025,0.0043625258369113535,1,1,1,-1
2025-10-24,AAPL,2025,0.012404587722707347,1,1,1,-1
2025-10-27,AAPL,2025,0.022535356074125303,0,1,1,-1
2025-10-28,AAPL,2025,0.0007065288197559364,0,1,1,-1
2025-10-29,AAPL,2025,0.0025989767572192316,0,1,1,-1
2025-10-30,AAPL,2025,0.006283466664280875,0,1,1,-1
2025-10-31,AAPL,2025,-0.003802376160255665,0,1,0,-1
2025-11-03,AAPL,2025,-0.004894071892846057,0,1,1,-1
2025-11-04,AAPL,2025,0.0036728825801045834,1,1,1,-1
2025-11-05,AAPL,2025,0.00037018397954444794,1,1,1,1
2025-11-06,AAPL,2025,-0.0013706039944364156,0,1,1,1
2025-11-07,AAPL,2025,-0.0048305427121975416,1,1,1,1
2025-11-10,AAPL,2025,0.004538267036518442,0,1,1,1
2025-11-11,AAPL,2025,0.021371261548658933,-1,1,1,1
2025-11-12,AAPL,2025,-0.006487751089554257,-1,1,1,1
2025-11-13,AAPL,2025,-0.001903436960562969,-1,1,1,1
2025-11-14,AAPL,2025,-0.0019802422957864835,0,1,1,1
2025-11-17,AAPL,2025,-0.018338397301833606,1,1,1,1
2025-11-18,AAPL,2025,-7.47637995860424e-05,1,1,1,1
2025-11-19,AAPL,2025,0.004179213098975278,1,1,1,1
2025-11-20,AAPL,2025,-0.008638668653641398,1,1,0,1
2025-11-21,AAPL,2025,0.01948948732721377,1,1,1,1
2025-11-24,AAPL,2025,0.016185880529873065,1,1,1,1
2025-11-25,AAPL,2025,0.0037980518798046425,1,1,1,1
2025-11-26,AAPL,2025,0.002091988799439141,1,1,1,1
2025-11-28,AAPL,2025,0.00467286127681409,0,1,1,1
2025-12-01,AAPL,2025,0.0151262172065036,-1,1,1,1
2025-12-02,AAPL,2025,0.010855696011275954,-1,1,1,1
2025-12-03,AAPL,2025,-0.007153684504557431,-1,1,1,1
2025-12-04,AAPL,2025,-0.012215789741831256,0,1,1,1
2025-12-05,AAPL,2025,-0.00686355564689062,0,1,1,1
2025-12-08,AAPL,2025,-0.003197540392983899,-1,1,1,1
2025-12-09,AAPL,2025,-0.0025582223487182498,-1,1,1,1
2025-12-10,AAPL,2025,0.005755762741702212,-1,1,1,1
2025-12-11,AAPL,2025,-0.0026938721785778564,-1,1,1,1
2025-12-12,AAPL,2025,0.0008986907156853279,-1,1,1,1
2025-12-15,AAPL,2025,-0.015098298686657966,0,1,0,1
2025-12-16,AAPL,2025,0.0018224664254049999,0,1,1,1
2025-12-17,AAPL,2025,-0.010138247658845348,0,1,1,1
2025-12-18,AAPL,2025,0.0012867465772248758,0,1,0,1
2025-12-19,AAPL,2025,0.005422681951884745,0,1,1,1
2025-12-22,AAPL,2025,-0.009914939859583293,0,1,1,1
2025-12-23,AAPL,2025,0.005116600880012057,0,1,1,1
2016-01-04,TLT,2016,0.007189731426951862,0,1,1,1
2016-01-05,TLT,2016,-0.004042644577498949,1,1,1,1
2016-01-06,TLT,2016,0.013385227509947114,1,1,1,1
2016-01-07,TLT,2016,0.0017934429484420444,1,1,1,1
2016-01-08,TLT,2016,0.004467921849483316,1,1,1,1
2016-01-11,TLT,2016,-0.011003501847110193,1,1,1,1
2016-01-12,TLT,2016,0.01432167786243713,1,1,0,1
2016-01-13,TLT,2016,0.009809084403365621,0,1,0,1
2016-01-14,TLT,2016,-0.009405187053790075,1,1,1,1
2016-01-15,TLT,2016,0.015466712880890725,0,1,-1,1
2016-01-19,TLT,2016,-0.0031056187047495964,0,1,1,1
2016-01-20,TLT,2016,0.010474247919520084,0,1,-1,-1
2016-01-21,TLT,2016,-0.006812020813889901,0,1,1,-1
2016-01-22,TLT,2016,-0.003821961934692052,1,1,1,1
2016-01-25,TLT,2016,0.005410531740802757,1,1,1,1
2016-01-26,TLT,2016,0.00047597344631353797,1,1,1,1
2016-01-27,TLT,2016,-0.00023795840431690578,1,1,1,-1
2016-01-28,TLT,2016,0.0014271457108699403,1,1,1,-1
2016-01-29,TLT,2016,0.008440877978004621,1,1,1,-1
2016-02-01,TLT,2016,-0.003066451279354266,1,1,1,-1
2016-02-02,TLT,2016,0.018382612533913392,1,1,1,-1
2016-02-03,TLT,2016,-0.008328458159495298,1,1,1,1
2016-02-04,TLT,2016,0.004834034664260767,1,1,1,1
2016-02-05,TLT,2016,0.0011664303981889302,1,1,1,1
2016-02-08,TLT,2016,0.02129072823247003,-1,1,0,1
2016-02-09,TLT,2016,0.0010644377418865482,-1,1,1,1
2016-02-10,TLT,2016,0.008773918647087675,-1,1,1,1
2016-02-11,TLT,2016,0.006978956709998459,-1,1,0,1
2016-02-12,TLT,2016,-0.016741127400580622,0,1,0,1
2016-02-16,TLT,2016,-0.010626429288969097,1,1,1,-1
2016-02-17,TLT,2016,-0.006168088354517936,1,1,-1,-1
2016-02-18,TLT,2016,0.012221444211908954,0,1,1,1
2016-02-19,TLT,2016,0.0008400902816691788,0,1,1,1
2016-02-22,TLT,2016,-0.0005344003426962122,0,1,1,1
2016-02-23,TLT,2016,0.004039510211132485,-1,1,-1,1
2016-02-24,TLT,2016,-0.0019794219954583215,-1,1,-1,1
2016-02-25,TLT,2016,0.0035757015029651475,-1,1,-1,1
2016-02-26,TLT,2016,-0.009691526682459827,-1,1,1,-1
2016-02-29,TLT,2016,0.00436109886775975,-1,1,1,-1
2016-03-01,TLT,2016,-0.01776552907408602,0,1,0,-1
2016-03-02,TLT,2016,0.0041182042645374495,0,1,-1,-1
2016-03-03,TLT,2016,0.0036383676363302407,0,1,1,-1
2016-03-04,TLT,2016,-0.006433812545513483,-1,1,1,-1
2016-03-07,TLT,2016,-0.0003114590434076452,-1,1,1,-1
2016-03-08,TLT,2016,0.010985273848412023,-1,1,1,-1
2016-03-09,TLT,2016,-0.006096308828919065,-1,1,1,-1
2016-03-10,TLT,2016,-0.004110459490509564,0,1,0,-1
2016-03-11,TLT,2016,-0.010155550887405126,1,1,-1,-1
2016-03-14,TLT,2016,0.0031351684029671755,0,1,1,-1
2016-03-15,TLT,2016,0.0009389728005052765,0,1,-1,-1
2016-03-16,TLT,2016,0.0029670924775927515,1,1,-1,-1
2016-03-17,TLT,2016,0.0041238894034045055,1,1,1,-1
2016-03-18,TLT,2016,0.002093808639217147,1,1,1,-1
2016-03-21,TLT,2016,-0.007700263574072519,1,1,1,-1
2016-03-22,TLT,2016,-0.00023417267671169882,1,1,1,-1
2016-03-23,TLT,2016,0.011261162808641678,1,1,1,1
2016-03-24,TLT,2016,0.0003860196215367538,1,1,1,1
2016-03-28,TLT,2016,0.0013114320492037695,1,1,1,1
2016-03-29,TLT,2016,0.010429997956744904,1,1,1,1
2016-03-30,TLT,2016,-0.010584185569636747,1,1,1,1
2016-03-31,TLT,2016,0.007068686721464901,1,1,1,1
2016-04-01,TLT,2016,0.002605166727152404,1,1,1,-1
2016-04-04,TLT,2016,0.0006118438689501209,1,1,1,-1
2016-04-05,TLT,2016,0.010876795901591008,-1,1,1,-1
2016-04-06,TLT,2016,-0.007288830486780548,0,1,1,-1
2016-04-07,TLT,2016,0.012269317956604252,-1,1,1,-1
2016-04-08,TLT,2016,-0.006343546951852002,0,1,1,-1
2016-04-11,TLT,2016,-0.0012882252924951358,0,1,1,-1
2016-04-12,TLT,2016,-0.006926185173713876,0,1,1,-1
2016-04-13,TLT,2016,0.0035072175528489532,-1,1,1,-1
2016-04-14,TLT,2016,-0.004806543506202621,-1,1,1,-1
2016-04-15,TLT,2016,0.008528904269452006,-1,1,1,-1
2016-04-18,TLT,2016,-0.004331969246178034,-1,1,-1,-1
2016-04-19,TLT,2016,-0.0031268938675814983,-1,1,1,-1
2016-04-20,TLT,2016,-0.011061572881450292,0,1,0,-1
2016-04-21,TLT,2016,-0.005965380768705002,0,1,1,-1
2016-04-22,TLT,2016,-0.0025676052267252594,1,1,1,-1
2016-04-25,TLT,2016,-0.004137622124826792,0,1,-1,-1
2016-04-26,TLT,2016,-0.0045477766703441,1,1,-1,-1
2016-04-27,TLT,2016,0.009930808900010218,1,1,-1,-1
2016-04-28,TLT,2016,0.004115849964348385,1,1,-1,-1
2016-04-29,TLT,2016,0.0025538151182997225,1,1,0,-1
2016-05-02,TLT,2016,-0.010119511680270752,1,1,-1,1
2016-05-03,TLT,2016,0.01251727949238304,1,1,-1,-1
2016-05-04,TLT,2016,0.005470173113355965,1,1,-1,-1
2016-05-05,TLT,2016,0.006662950051108858,0,1,0,-1
2016-05-06,TLT,2016,-0.0042832488768943374,1,1,1,-1
2016-05-09,TLT,2016,0.0031379034356738807,0,1,1,-1
2016-05-10,TLT,2016,7.625195204786003e-05,1,1,1,-1
2016-05-11,TLT,2016,0.0056387946126915086,-1,1,1,-1
2016-05-12,TLT,2016,-0.004569701123518955,-1,1,1,-1
2016-05-13,TLT,2016,0.009647809498537732,-1,1,1,-1
2016-05-16,TLT,2016,-0.008656102205647371,-1,1,1,-1
2016-05-17,TLT,2016,0.0016765017322055245,-1,1,1,-1
2016-05-18,TLT,2016,-0.01433806870005265,0,1,0,-1
2016-05-19,TLT,2016,0.00431524947775877,0,1,1,-1
2016-05-20,TLT,2016,0.0007690380930760286,0,1,1,-1
2016-05-23,TLT,2016,0.0022255916010480393,0,1,1,-1
2016-05-24,TLT,2016,-0.0044564611516881986,1,1,1,-1
2016-05-25,TLT,2016,-0.0037803958334821537,1,1,1,-1
2016-05-26,TLT,2016,0.005165729433399196,1,1,1,1
2016-05-27,TLT,2016,-0.0014624138683905698,1,1,1,1
2016-05-31,TLT,2016,0.002385008861203216,1,1,1,1
2016-06-01,TLT,2016,0.004048463674845796,1,1,1,1
2016-06-02,TLT,2016,0.007181766398321692,1,1,1,1
2016-06-03,TLT,2016,0.014135275265140622,1,1,-1,1
2016-06-06,TLT,2016,-0.0074582092759588854,1,1,-1,1
2016-06-07,TLT,2016,0.0024163436448859377,1,1,1,1
2016-06-08,TLT,2016,0.0053420198512823406,1,1,1,1
2016-06-09,TLT,2016,0.00643230188095959,1,1,-1,1
2016-06-10,TLT,2016,0.004834482795760836,1,1,1,1
2016-06-13,TLT,2016,0.0044419265093029086,-1,1,1,1
2016-06-14,TLT,2016,-0.0007393778968063652,-1,1,1,1
2016-06-15,TLT,2016,0.00383623507796283,-1,1,1,1
2016-06-16,TLT,2016,0.004848450825847513,-1,1,0,1
2016-06-17,TLT,2016,-0.006247942100779226,0,1,1,1
2016-06-20,TLT,2016,-0.010749934254844516,1,1,1,1
2016-06-21,TLT,2016,-0.004632378828205306,1,1,1,1
2016-06-22,TLT,2016,0.00164613608694603,1,1,1,1
2016-06-23,TLT,2016,-0.01150426233318316,1,1,-1,1
2016-06-24,TLT,2016,0.026493109692017583,1,1,-1,1
2016-06-27,TLT,2016,0.02466041723154533,1,1,1,1
2016-06-28,TLT,2016,0.002081528545408101,1,1,-1,1
2016-06-29,TLT,2016,-0.007702129846747416,1,1,1,1
2016-06-30,TLT,2016,0.0036785674453130098,1,1,0,1
2016-07-01,TLT,2016,0.01378883951836838,1,1,0,1
2016-07-05,TLT,2016,0.012442874603479216,-1,1,1,1
2016-07-06,TLT,2016,0.0016151459062944632,-1,1,1,1
2016-07-07,TLT,2016,-7.086557536171227e-05,-1,1,0,1
2016-07-08,TLT,2016,0.0073390858799713375,-1,1,-1,1
2016-07-11,TLT,2016,-0.008813246210185366,-1,1,-1,1
2016-07-12,TLT,2016,-0.016576489890312886,-1,1,1,1
2016-07-13,TLT,2016,0.011716899719938279,-1,1,-1,1
2016-07-14,TLT,2016,-0.014649282072907685,-1,1,-1,1
2016-07-15,TLT,2016,-0.008634035463074806,0,1,-1,1
2016-07-18,TLT,2016,-0.0009397459066265939,0,1,0,1
2016-07-19,TLT,2016,0.005625419971451641,0,1,-1,1
2016-07-20,TLT,2016,-0.005480543565626325,1,1,-1,1
2016-07-21,TLT,2016,0.0020229944378290384,1,1,1,1
2016-07-22,TLT,2016,0.0017302323563783942,1,1,1,1
2016-07-25,TLT,2016,-0.000720706526783245,1,1,1,1
2016-07-26,TLT,2016,0.001585614008178015,0,1,1,1
2016-07-27,TLT,2016,0.012375860719356502,-1,1,1,1
2016-07-28,TLT,2016,-0.0018501327444969372,0,1,1,1
2016-07-29,TLT,2016,0.008298988508402242,-1,1,1,1
2016-08-01,TLT,2016,-0.010901472162926088,-1,1,1,1
2016-08-02,TLT,2016,-0.010355816636143185,1,1,1,1
2016-08-03,TLT,2016,0.0005780314838348297,1,1,1,1
2016-08-04,TLT,2016,0.007486194443235583,0,1,1,1
2016-08-05,TLT,2016,-0.010452694097210087,1,1,1,1
2016-08-08,TLT,2016,0.001882306553221272,0,1,1,1
2016-08-09,TLT,2016,0.00978826765248097,-1,1,1,1
2016-08-10,TLT,2016,0.0038605526188104167,-1,1,1,1
2016-08-11,TLT,2016,-0.008958533184988992,0,1,1,1
2016-08-12,TLT,2016,0.008387504249130135,-1,1,1,-1
2016-08-15,TLT,2016,-0.009468376282996484,1,1,1,-1
2016-08-16,TLT,2016,-0.002669625343906496,1,1,1,-1
2016-08-17,TLT,2016,0.005979503727939868,0,1,1,-1
2016-08-18,TLT,2016,0.001578997873173186,0,1,-1,-1
2016-08-19,TLT,2016,-0.00524857516923576,0,1,-1,-1
2016-08-22,TLT,2016,0.008399472732861544,0,1,-1,-1
2016-08-23,TLT,2016,0.0010713539312916646,0,1,-1,-1
2016-08-24,TLT,2016,-0.0023595101928543085,0,1,-1,-1
2016-08-25,TLT,2016,-0.003800685770128693,1,1,-1,-1
2016-08-26,TLT,2016,-0.00583720132704946,0,1,1,-1
2016-08-29,TLT,2016,0.013282158624985652,0,1,-1,-1
2016-08-30,TLT,2016,-0.003858594080734665,0,1,-1,-1
2016-08-31,TLT,2016,0.0014310385198530546,-1,1,-1,-1
2016-09-01,TLT,2016,0.0011017263215887068,-1,1,0,-1
2016-09-02,TLT,2016,-0.008188910185907663,-1,1,1,-1
2016-09-06,TLT,2016,0.007258718843689186,-1,1,0,-1
2016-09-07,TLT,2016,-0.0007159372054826145,-1,1,1,-1
2016-09-08,TLT,2016,-0.012621430328091144,-1,1,1,-1
2016-09-09,TLT,2016,-0.016611172127687174,-1,1,-1,-1
2016-09-12,TLT,2016,0.0005164987849839919,-1,1,-1,-1
2016-09-13,TLT,2016,-0.011422494173642782,0,1,1,-1
2016-09-14,TLT,2016,0.001490768103633416,1,1,1,-1
2016-09-15,TLT,2016,-0.0043296596807424065,1,1,1,1
2016-09-16,TLT,2016,0.008046698384560519,1,1,1,1
2016-09-19,TLT,2016,-0.0032705196950890995,1,1,-1,1
2016-09-20,TLT,2016,0.0034936131366585183,1,1,-1,1
2016-09-21,TLT,2016,0.008054627963060066,1,1,1,1
2016-09-22,TLT,2016,0.007917364202115786,1,1,-1,1
2016-09-23,TLT,2016,-0.0009497971496372207,1,1,-1,1
2016-09-26,TLT,2016,0.006338518879148789,-1,1,-1,1
2016-09-27,TLT,2016,0.007308752152189827,-1,1,1,-1
2016-09-28,TLT,2016,-0.0021656856147038244,-1,1,-1,1
2016-09-29,TLT,2016,0.0025258499042140558,-1,1,0,1
2016-09-30,TLT,2016,-0.008977034305945809,-1,1,0,1
2016-10-03,TLT,2016,-0.0033059304956902335,-1,1,1,1
2016-10-04,TLT,2016,-0.011763118170325689,-1,1,1,1
2016-10-05,TLT,2016,-0.004671000306925177,-1,1,1,1
2016-10-06,TLT,2016,-0.005588308058558627,0,1,1,1
2016-10-07,TLT,2016,0.0006719920921945961,-1,1,1,-1
2016-10-10,TLT,2016,-0.005916174307500642,-1,1,1,-1
2016-10-11,TLT,2016,-0.0022556057176944494,0,1,1,-1
2016-10-12,TLT,2016,0.000978225844270946,0,1,-1,-1
2016-10-13,TLT,2016,0.003752880430140975,0,1,1,-1
2016-10-14,TLT,2016,-0.014110889985034902,1,1,0,-1
2016-10-17,TLT,2016,0.006363256020871354,0,1,1,-1
2016-10-18,TLT,2016,0.0032417554813527747,0,1,-1,-1
2016-10-19,TLT,2016,0.0008278039045857491,-1,1,-1,1
2016-10-20,TLT,2016,0.0010528334112181266,-1,1,-1,1
2016-10-21,TLT,2016,0.001500484337951724,-1,1,-1,1
2016-10-24,TLT,2016,-0.0043595527220031864,-1,1,-1,1
2016-10-25,TLT,2016,0.0026333541848667756,-1,1,1,1
2016-10-26,TLT,2016,-0.006785609391046399,0,1,1,-1
2016-10-27,TLT,2016,-0.010954330616467464,0,1,1,-1
2016-10-28,TLT,2016,-0.0022207129981097347,1,1,1,-1
2016-10-31,TLT,2016,0.006114060340597416,0,1,1,-1
2016-11-01,TLT,2016,7.57035928786958e-05,0,1,0,-1
2016-11-02,TLT,2016,0.004341777159651318,-1,1,1,-1
2016-11-03,TLT,2016,-0.007705543293209918,-1,1,1,-1
2016-11-04,TLT,2016,0.008921022283703393,-1,1,1,-1
2016-11-07,TLT,2016,-0.00853792374740947,-1,1,1,-1
2016-11-08,TLT,2016,-0.004066055705601495,-1,1,1,-1
2016-11-09,TLT,2016,-0.04335852252555804,0,1,0,-1
2016-11-10,TLT,2016,-0.014881493712491438,-1,1,0,1
2016-11-11,TLT,2016,-0.0056378765444805405,-1,1,1,1
2016-11-14,TLT,2016,-0.005999708182125635,0,1,-1,1
2016-11-15,TLT,2016,0.0049343663808163645,-1,1,1,1
2016-11-16,TLT,2016,0.008982272943199148,-1,1,1,1
2016-11-17,TLT,2016,-0.0148234798956179,0,1,1,1
2016-11-18,TLT,2016,-0.00289191517021628,0,1,1,1
2016-11-21,TLT,2016,0.0024793673458976886,1,1,1,1
2016-11-22,TLT,2016,-0.00033049338740520797,-1,1,1,1
2016-11-23,TLT,2016,-0.003887495082368658,-1,1,1,1
2016-11-25,TLT,2016,0.0014903126201172314,-1,1,1,1
2016-11-28,TLT,2016,0.0073394284038609285,-1,1,1,1
2016-11-29,TLT,2016,0.0041814803587213335,-1,1,1,1
2016-11-30,TLT,2016,-0.016332833534033166,0,1,-1,1
2016-12-01,TLT,2016,-0.01061482799536414,0,1,-1,1
2016-12-02,TLT,2016,0.007300629493376789,-1,1,1,1
2016-12-05,TLT,2016,-0.0010875811472466045,-1,1,0,1
2016-12-06,TLT,2016,-0.0007538803316296766,-1,1,1,1
2016-12-07,TLT,2016,0.008508235177638233,-1,1,1,1
2016-12-08,TLT,2016,-0.011864084345600217,-1,1,1,1
2016-12-09,TLT,2016,-0.01251727979923226,0,1,1,1
2016-12-12,TLT,2016,0.0018710676205461894,1,1,1,1
2016-12-13,TLT,2016,0.0035613174360564458,0,1,1,1
2016-12-14,TLT,2016,-0.011236119878197575,0,1,0,1
2016-12-15,TLT,2016,0.005038151487622418,0,1,1,1
2016-12-16,TLT,2016,-0.002303017949529559,1,1,1,1
2016-12-19,TLT,2016,0.010699074365959682,0,1,1,1
2016-12-20,TLT,2016,-0.004995496108383686,1,1,1,1
2016-12-21,TLT,2016,0.004404054205147116,1,1,-1,1
2016-12-22,TLT,2016,-0.0017891026437143313,1,1,1,1
2016-12-23,TLT,2016,0.002034397811062855,1,1,1,1
2016-12-27,TLT,2016,-0.0032234343528686235,1,1,1,1
2016-12-28,TLT,2016,0.007281546642159406,1,1,1,1
2016-12-29,TLT,2016,0.0035373259835783802,1,1,1,1
2016-12-30,TLT,2016,0.0015121387542510335,1,1,1,1
2017-01-03,TLT,2017,0.004272059280316118,1,1,1,1
2017-01-04,TLT,2017,0.0038370717418462034,1,1,1,1
2017-01-05,TLT,2017,0.015533070357428772,0,1,1,1
2017-01-06,TLT,2017,-0.009224469549049456,0,1,1,1
2017-01-09,TLT,2017,0.007993023650724542,1,1,1,1
2017-01-10,TLT,2017,-0.0006565027206467276,-1,1,1,1
2017-01-11,TLT,2017,0.0033619783326284108,-1,1,1,1
2017-01-12,TLT,2017,-0.0022122712660789185,-1,1,1,1
2017-01-13,TLT,2017,-0.004770840040333356,0,1,1,1
2017-01-17,TLT,2017,0.010415177906629236,-1,1,1,1
2017-01-18,TLT,2017,-0.012890320329940216,-1,1,-1,1
2017-01-19,TLT,2017,-0.006882743425317176,-1,1,1,1
2017-01-20,TLT,2017,-0.001998722164784276,0,1,1,1
2017-01-23,TLT,2017,0.009955058093146037,-1,1,-1,1
2017-01-24,TLT,2017,-0.006875582586417609,0,1,1,1
2017-01-25,TLT,2017,-0.01262952671368712,0,1,1,1
2017-01-26,TLT,2017,0.003361158600066626,0,1,1,1
2017-01-27,TLT,2017,0.0036005011830773782,0,1,1,1
2017-01-30,TLT,2017,-0.0030133111377785944,1,1,1,1
2017-01-31,TLT,2017,0.006934321810332445,0,1,1,1
2017-02-01,TLT,2017,-0.0062022042275741525,1,1,-1,1
2017-02-02,TLT,2017,-0.0004199192976824465,1,1,1,1
2017-02-03,TLT,2017,-0.0004200116671903733,1,1,1,1
2017-02-06,TLT,2017,0.0060324167975304615,0,1,1,1
2017-02-07,TLT,2017,0.007323377450043686,-1,1,1,1
2017-02-08,TLT,2017,0.01350730188397619,-1,1,1,-1
2017-02-09,TLT,2017,-0.01160191531980908,-1,1,1,-1
2017-02-10,TLT,2017,-0.000579267593320024,0,1,1,-1
2017-02-13,TLT,2017,-0.0031518999497980806,0,1,1,-1
2017-02-14,TLT,2017,-0.007253211802534558,0,1,1,-1
2017-02-15,TLT,2017,-0.00461292104814299,1,1,1,-1
2017-02-16,TLT,2017,0.0054495197887754684,1,1,1,-1
2017-02-17,TLT,2017,0.005918297722186916,1,1,1,-1
2017-02-21,TLT,2017,-0.0017466862477325737,1,1,1,-1
2017-02-22,TLT,2017,0.0016630692524215135,0,1,-1,-1
2017-02-23,TLT,2017,0.002988080866807226,-1,1,1,-1
2017-02-24,TLT,2017,0.011043464904712898,-1,1,1,-1
2017-02-27,TLT,2017,-0.005918777143264763,-1,1,1,-1
2017-02-28,TLT,2017,0.003703390329126982,-1,1,1,-1
2017-03-01,TLT,2017,-0.016898398508806305,-1,1,1,1
2017-03-02,TLT,2017,-0.0036056231483308884,-1,1,-1,1
2017-03-03,TLT,2017,0.0026004861663598542,-1,1,-1,1
2017-03-06,TLT,2017,-0.004786922825562067,-1,1,-1,1
2017-03-07,TLT,2017,-0.003035585901131887,-1,1,1,1
2017-03-08,TLT,2017,-0.0054187395067984935,1,1,1,1
2017-03-09,TLT,2017,-0.008013297195735897,1,1,1,1
2017-03-10,TLT,2017,0.0035029794230405833,1,1,1,1
2017-03-13,TLT,2017,-0.006331752375692535,1,1,1,1
2017-03-14,TLT,2017,0.0047950495635762655,1,1,1,1
2017-03-15,TLT,2017,0.012141337416559513,1,1,0,1
2017-03-16,TLT,2017,-0.005075958211827842,1,1,-1,1
2017-03-17,TLT,2017,0.006256322185799136,1,1,1,1
2017-03-20,TLT,2017,0.004289900521209077,1,1,1,1
2017-03-21,TLT,2017,0.008274613175063863,0,1,0,1
2017-03-22,TLT,2017,0.003987159627320198,1,1,1,1
2017-03-23,TLT,2017,-0.0014104535285743521,0,1,-1,1
2017-03-24,TLT,2017,0.0035638208215094144,0,1,1,1
2017-03-27,TLT,2017,0.004539247452777199,0,1,1,1
2017-03-28,TLT,2017,-0.006692614745712328,0,1,0,1
2017-03-29,TLT,2017,0.0059514183102740885,0,1,1,1
2017-03-30,TLT,2017,-0.008109183819913282,1,1,1,1
2017-03-31,TLT,2017,0.0029037980537716308,0,1,1,1
2017-04-03,TLT,2017,0.010035883709821395,0,1,0,-1
2017-04-04,TLT,2017,-0.005439061261025958,1,1,1,-1
2017-04-05,TLT,2017,0.0030529875541816355,1,1,1,-1
2017-04-06,TLT,2017,-0.0014838686440336566,1,1,1,1
2017-04-07,TLT,2017,-0.004051308096442567,1,1,0,1
2017-04-10,TLT,2017,0.004628283018148203,1,1,1,1
2017-04-11,TLT,2017,0.009438205885600763,1,1,1,1
2017-04-12,TLT,2017,0.005458152819113801,0,1,1,1
2017-04-13,TLT,2017,0.0030826305692036094,0,1,1,1
2017-04-17,TLT,2017,-0.0030826305692035574,0,1,1,1
2017-04-18,TLT,2017,0.012994860683125178,-1,1,1,1
2017-04-19,TLT,2017,-0.0054676399123472766,-1,1,1,1
2017-04-20,TLT,2017,-0.0038775749033006924,-1,1,1,1
2017-04-21,TLT,2017,0.0,-1,1,1,1
2017-04-24,TLT,2017,-0.00495050355941558,-1,1,1,1
2017-04-25,TLT,2017,-0.012112241613547991,0,1,1,1
2017-04-26,TLT,2017,0.005501707154395678,0,1,1,1
2017-04-27,TLT,2017,-0.0003276788704632711,-1,1,1,1
2017-04-28,TLT,2017,0.0022090391948863418,-1,1,1,1
2017-05-01,TLT,2017,-0.0083482943635968,0,1,1,1
2017-05-02,TLT,2017,0.0051079610081368335,-1,1,1,1
2017-05-03,TLT,2017,0.0006571505401415273,-1,1,1,1
2017-05-04,TLT,2017,-0.004938982657522967,-1,1,1,1
2017-05-05,TLT,2017,0.0009073969620749734,0,1,1,1
2017-05-08,TLT,2017,-0.005456526371852861,1,1,1,1
2017-05-09,TLT,2017,-8.272800716889749e-05,1,1,1,1
2017-05-10,TLT,2017,-0.0011618811973571855,1,1,1,1
2017-05-11,TLT,2017,0.0,1,1,1,1
2017-05-12,TLT,2017,0.007524933511441952,1,1,1,1
2017-05-15,TLT,2017,-0.0027220075183336935,1,1,1,1
2017-05-16,TLT,2017,0.003710209935942759,1,1,1,1
2017-05-17,TLT,2017,0.01446172573629948,0,1,1,1
2017-05-18,TLT,2017,0.0011347011020131751,0,1,1,1
2017-05-19,TLT,2017,0.0023468579291045246,0,1,1,1
2017-05-22,TLT,2017,-0.0027521792101620683,1,1,1,1
2017-05-23,TLT,2017,-0.006750075101876476,1,1,1,1
2017-05-24,TLT,2017,0.005614510443981092,1,1,1,1
2017-05-25,TLT,2017,0.00032459016744526217,1,1,1,1
2017-05-26,TLT,2017,0.001702512847660077,1,1,1,-1
2017-05-30,TLT,2017,0.0049278713870880946,1,1,1,-1
2017-05-31,TLT,2017,0.0024949686407874793,1,1,1,-1
2017-06-01,TLT,2017,0.00010458101193075928,1,1,1,-1
2017-06-02,TLT,2017,0.011771289260390226,-1,1,1,-1
2017-06-05,TLT,2017,-0.006228755012022902,-1,1,1,-1
2017-06-06,TLT,2017,0.005432653253942848,-1,1,1,-1
2017-06-07,TLT,2017,-0.004792189098875301,1,1,1,-1
2017-06-08,TLT,2017,-0.0026448809993910964,1,1,1,-1
2017-06-09,TLT,2017,-0.0015261249028903465,1,1,1,-1
2017-06-12,TLT,2017,-0.0003219978117935302,1,1,1,-1
2017-06-13,TLT,2017,0.00016157005939418487,1,1,1,-1
2017-06-14,TLT,2017,0.01531849957799314,1,1,1,-1
2017-06-15,TLT,2017,-0.001585198650710193,1,1,1,-1
2017-06-16,TLT,2017,0.0019802817555964235,1,1,1,-1
2017-06-19,TLT,2017,-0.001424979818906681,1,1,1,-1
2017-06-20,TLT,2017,0.008916077432292863,-1,1,1,-1
2017-06-21,TLT,2017,0.002040322713490427,-1,1,1,-1
2017-06-22,TLT,2017,0.0021926667834587777,-1,1,1,1
2017-06-23,TLT,2017,-0.0004694914097530032,-1,1,1,1
2017-06-26,TLT,2017,0.0037494645884459275,-1,1,1,1
2017-06-27,TLT,2017,-0.010739075268346882,-1,1,1,1
2017-06-28,TLT,2017,-0.0033152103706894157,-1,1,1,1
2017-06-29,TLT,2017,-0.008416740666267585,-1,1,1,1
2017-06-30,TLT,2017,-0.002315180766579721,-1,1,1,-1
2017-07-03,TLT,2017,-0.003224756196967683,-1,1,1,-1
2017-07-05,TLT,2017,0.0002409357095791006,-1,1,1,1
2017-07-06,TLT,2017,-0.008308010448471117,0,1,1,1
2017-07-07,TLT,2017,-0.006012060527345334,1,1,1,1
2017-07-10,TLT,2017,0.001466019248115732,1,1,1,1
2017-07-11,TLT,2017,0.0017071882499531098,1,1,1,1
2017-07-12,TLT,2017,0.006880565012062631,1,1,1,1
2017-07-13,TLT,2017,-0.006312068960530513,1,1,1,1
2017-07-14,TLT,2017,0.0012168434684220097,1,1,1,1
2017-07-17,TLT,2017,0.0027527248980859145,1,1,1,1
2017-07-18,TLT,2017,0.008695670588305586,-1,1,1,1
2017-07-19,TLT,2017,0.00040019731967239704,-1,1,1,1
2017-07-20,TLT,2017,0.002880498452048115,-1,1,1,1
2017-07-21,TLT,2017,0.004225559909809451,-1,1,1,-1
2017-07-24,TLT,2017,-0.003905963398867043,-1,1,1,-1
2017-07-25,TLT,2017,-0.01310447643911831,1,1,1,1
2017-07-26,TLT,2017,0.0016170936973332658,1,1,1,1
2017-07-27,TLT,2017,-0.00494103663862654,1,1,1,-1
2017-07-28,TLT,2017,0.00590971957864195,1,1,1,-1
2017-07-31,TLT,2017,0.001210353519604437,1,1,1,1
2017-08-01,TLT,2017,0.006996600707057083,0,1,1,1
2017-08-02,TLT,2017,0.000561648456902759,1,1,1,1
2017-08-03,TLT,2017,0.010290810299021283,0,1,1,1
2017-08-04,TLT,2017,-0.008528696699895772,1,1,1,1
2017-08-07,TLT,2017,0.0011200607217299405,1,1,1,1
2017-08-08,TLT,2017,-0.0036050083814273713,1,1,1,1
2017-08-09,TLT,2017,0.005442693020552557,0,1,1,1
2017-08-10,TLT,2017,0.008503302431012971,0,1,1,1
2017-08-11,TLT,2017,0.00047397246690088045,0,1,1,1
2017-08-14,TLT,2017,-0.005154244660852298,1,1,1,1
2017-08-15,TLT,2017,-0.004222500280366672,1,1,1,1
2017-08-16,TLT,2017,0.0036658665123502536,1,1,1,1
2017-08-17,TLT,2017,0.00744958735934614,0,1,1,1
2017-08-18,TLT,2017,-0.0002365464602353347,1,1,1,1
2017-08-21,TLT,2017,0.0024452764221306557,0,1,1,1
2017-08-22,TLT,2017,-0.0038679185391041464,1,1,1,1
2017-08-23,TLT,2017,0.006778660983813859,0,1,1,1
2017-08-24,TLT,2017,-0.003699342832053303,1,1,1,1
2017-08-25,TLT,2017,0.0038560492057463365,0,1,1,1
2017-08-28,TLT,2017,-0.0006282148105252632,1,1,1,1
2017-08-29,TLT,2017,0.003217294252206201,0,1,1,1
2017-08-30,TLT,2017,-0.00031347806175335873,1,1,1,1
2017-08-31,TLT,2017,0.0029734255387220427,1,1,1,1
2017-09-01,TLT,2017,-0.007678640100133888,1,1,1,1
2017-09-05,TLT,2017,0.015733185141789664,-1,1,1,1
2017-09-06,TLT,2017,-0.0061541519138816015,-1,1,0,1
2017-09-07,TLT,2017,0.010184748365999636,-1,1,1,1
2017-09-08,TLT,2017,-0.002167896734182507,-1,1,1,1
2017-09-11,TLT,2017,-0.012009838716598898,-1,1,1,1
2017-09-12,TLT,2017,-0.005270778914999712,-1,1,1,1
2017-09-13,TLT,2017,-0.003950772854477117,0,1,1,1
2017-09-14,TLT,2017,0.00410864123524925,-1,1,1,1
2017-09-15,TLT,2017,0.00039413464140061207,-1,1,1,1
2017-09-18,TLT,2017,-0.0057712364385781156,1,1,1,1
2017-09-19,TLT,2017,-0.0024606785025121283,1,1,1,1
2017-09-20,TLT,2017,0.0007151761211589423,-1,1,1,1
2017-09-21,TLT,2017,-0.000556090754370297,-1,1,1,1
2017-09-22,TLT,2017,0.0028564058217768473,-1,1,1,1
2017-09-25,TLT,2017,0.006240742340455192,-1,1,1,1
2017-09-26,TLT,2017,-0.0018126655202007672,-1,1,1,1
2017-09-27,TLT,2017,-0.01518299668987114,0,1,1,1
2017-09-28,TLT,2017,-0.002967936705703558,0,1,1,1
2017-09-29,TLT,2017,0.0022468442308565427,-1,1,1,1
2017-10-02,TLT,2017,-0.001832670260946782,0,1,1,1
2017-10-03,TLT,2017,0.0009652649373922756,0,1,1,1
2017-10-04,TLT,2017,8.056800527104645e-05,0,1,1,1
2017-10-05,TLT,2017,-0.0037853183623995975,1,1,1,1
2017-10-06,TLT,2017,-0.002827788518018907,1,1,1,1
2017-10-09,TLT,2017,0.0031502653715539506,1,1,1,1
2017-10-10,TLT,2017,0.0016120935851339107,1,1,1,1
2017-10-11,TLT,2017,0.0019309141572339183,1,1,1,1
2017-10-12,TLT,2017,0.0042503461899949585,0,1,1,1
2017-10-13,TLT,2017,0.007177460250611077,-1,1,1,1
2017-10-16,TLT,2017,-0.0007152445271434748,-1,1,1,1
2017-10-17,TLT,2017,0.0012714180241631824,-1,1,1,1
2017-10-18,TLT,2017,-0.006613511442233502,-1,1,1,1
2017-10-19,TLT,2017,0.0017574705250865922,-1,1,1,1
2017-10-20,TLT,2017,-0.0106709467628464,-1,1,1,1
2017-10-23,TLT,2017,0.0017731917777610254,0,1,1,1
2017-10-24,TLT,2017,-0.00621886044922632,1,1,1,1
2017-10-25,TLT,2017,-0.004791605405751636,1,1,1,1
2017-10-26,TLT,2017,-0.003342947240458271,1,1,1,1
2017-10-27,TLT,2017,0.00659374929269327,1,1,1,1
2017-10-30,TLT,2017,0.009529479767349684,1,1,1,1
2017-10-31,TLT,2017,0.00032115389930465014,1,1,1,1
2017-11-01,TLT,2017,0.004443186565118743,1,1,1,1
2017-11-02,TLT,2017,0.004399013362656993,1,1,1,1
2017-11-03,TLT,2017,0.002709384905438195,-1,1,1,1
2017-11-06,TLT,2017,0.0037344929019778946,-1,1,1,1
2017-11-07,TLT,2017,0.004193498310290968,-1,1,1,1
2017-11-08,TLT,2017,-0.002213080543783113,0,1,1,1
2017-11-09,TLT,2017,-0.0028536065141406,-1,1,1,1
2017-11-10,TLT,2017,-0.015194097859605828,1,1,1,1
2017-11-13,TLT,2017,0.0020929714874825785,1,1,1,1
2017-11-14,TLT,2017,0.006732118855936478,1,1,1,1
2017-11-15,TLT,2017,0.01080327609436813,0,1,1,1
2017-11-16,TLT,2017,-0.0087289878847327,1,1,1,1
2017-11-17,TLT,2017,0.007384827287074402,0,1,1,1
2017-11-20,TLT,2017,-0.00039559861525888235,1,1,1,1
2017-11-21,TLT,2017,0.003161422405868732,-1,1,1,1
2017-11-22,TLT,2017,0.0032302788568703204,-1,1,1,1
2017-11-24,TLT,2017,-0.0027568141077734974,0,1,1,1
2017-11-27,TLT,2017,-0.0014209122479893468,0,1,1,1
2017-11-28,TLT,2017,0.001341952509983259,1,1,1,1
2017-11-29,TLT,2017,-0.009907742137626378,1,1,1,1
2017-11-30,TLT,2017,-0.003351161278914913,1,1,1,1
2017-12-01,TLT,2017,0.013404432207269678,0,1,0,1
2017-12-04,TLT,2017,0.00047390549150082756,0,1,1,1
2017-12-05,TLT,2017,0.004963957883897573,-1,1,1,1
2017-12-06,TLT,2017,0.003452134808202779,0,1,1,1
2017-12-07,TLT,2017,-0.007862919613253166,0,1,0,1
2017-12-08,TLT,2017,7.840330058720967e-05,1,1,1,1
2017-12-11,TLT,2017,-0.0020543545296351625,1,1,1,1
2017-12-12,TLT,2017,-0.00039528716856269524,-1,1,1,1
2017-12-13,TLT,2017,0.007488790148217418,-1,1,1,1
2017-12-14,TLT,2017,0.004231752471721899,-1,1,1,1
2017-12-15,TLT,2017,0.0037471933048281187,-1,1,1,1
2017-12-18,TLT,2017,-0.009157810181460103,-1,1,1,1
2017-12-19,TLT,2017,-0.013058584937007069,1,1,0,1
2017-12-20,TLT,2017,-0.011134930509005282,1,1,1,1
2017-12-21,TLT,2017,0.005811785425017884,1,1,1,1
2017-12-22,TLT,2017,0.0013632938093205071,1,1,1,1
2017-12-26,TLT,2017,0.002961086083153303,1,1,-1,1
2017-12-27,TLT,2017,0.012940785888935064,0,1,0,1
2017-12-28,TLT,2017,-0.0008676638196059927,-1,1,1,1
2017-12-29,TLT,2017,0.0015779426629984996,-1,1,1,1
2018-01-02,TLT,2018,-0.010858153782889438,-1,1,1,-1
2018-01-03,TLT,2018,0.004769563650354813,-1,1,1,-1
2018-01-04,TLT,2018,-0.0001582344051800345,-1,1,1,-1
2018-01-05,TLT,2018,-0.0028598182304377696,-1,1,1,-1
2018-01-08,TLT,2018,-0.0006364025906724363,-1,1,1,-1
2018-01-09,TLT,2018,-0.013463210868683217,1,1,1,-1
2018-01-10,TLT,2018,-0.0012106050849766872,0,1,0,-1
2018-01-11,TLT,2018,0.004110657892802411,-1,1,0,-1
2018-01-12,TLT,2018,0.0016882926571410546,-1,1,-1,-1
2018-01-16,TLT,2018,0.004167146300848598,-1,1,-1,-1
2018-01-17,TLT,2018,-0.0013603483838181838,-1,1,1,-1
2018-01-18,TLT,2018,-0.009332957837725924,0,1,1,-1
2018-01-19,TLT,2018,-0.005268066785300063,1,1,1,1
2018-01-22,TLT,2018,0.000974057897972621,0,1,1,-1
2018-01-23,TLT,2018,0.004294008887327413,-1,1,1,-1
2018-01-24,TLT,2018,-0.005431071395942912,0,1,1,-1
2018-01-25,TLT,2018,0.008175694047691296,-1,1,1,-1
2018-01-26,TLT,2018,-0.0037152166874949736,-1,1,1,-1
2018-01-29,TLT,2018,-0.006982965877092922,-1,1,1,-1
2018-01-30,TLT,2018,-0.005883617660902166,-1,1,1,-1
2018-01-31,TLT,2018,0.005883617660902104,-1,1,1,-1
2018-02-01,TLT,2018,-0.014598554632798797,-1,1,1,-1
2018-02-02,TLT,2018,-0.009322612548672763,-1,1,1,-1
2018-02-05,TLT,2018,0.009405040741036031,-1,1,0,-1
2018-02-06,TLT,2018,-0.006232107843108203,-1,1,-1,1
2018-02-07,TLT,2018,-0.009548751394383707,0,1,1,1
2018-02-08,TLT,2018,-0.001094993968498487,0,1,1,1
2018-02-09,TLT,2018,-0.0063382611598275925,0,1,1,1
2018-02-12,TLT,2018,0.00439897849115312,0,1,1,1
2018-02-13,TLT,2018,0.004463905802666555,-1,1,1,1
2018-02-14,TLT,2018,-0.011155321153695646,0,1,1,1
2018-02-15,TLT,2018,0.00339339800781697,0,1,1,1
2018-02-16,TLT,2018,0.005405762835045997,0,1,1,1
2018-02-20,TLT,2018,-0.0043895309066841045,0,1,1,1
2018-02-21,TLT,2018,-0.01234402423086936,1,1,-1,1
2018-02-22,TLT,2018,0.0029931103267823414,1,1,1,1
2018-02-23,TLT,2018,0.008843381184864201,1,1,1,1
2018-02-26,TLT,2018,0.00033799855314274065,0,1,1,1
2018-02-27,TLT,2018,-0.001439474114500882,0,1,1,1
2018-02-28,TLT,2018,0.00633644756883783,-1,1,1,1
2018-03-01,TLT,2018,0.00680258888554988,0,1,1,1
2018-03-02,TLT,2018,-0.008162804408444734,0,1,1,1
2018-03-05,TLT,2018,-0.002707601651687357,0,1,1,-1
2018-03-06,TLT,2018,0.0009316398733917626,1,1,1,1
2018-03-07,TLT,2018,-0.0011010622383903733,1,1,1,1
2018-03-08,TLT,2018,0.005745958543048235,1,1,1,1
2018-03-09,TLT,2018,-0.006593666316865625,1,1,1,1
2018-03-12,TLT,2018,0.005750899604587971,1,1,1,1
2018-03-13,TLT,2018,0.005046714315657687,0,1,1,1
2018-03-14,TLT,2018,0.008770985293561984,-1,1,1,1
2018-03-15,TLT,2018,0.0,0,1,1,1
2018-03-16,TLT,2018,-0.0035829512225098517,1,1,1,-1
2018-03-19,TLT,2018,-0.003176702758374918,0,1,1,-1
2018-03-20,TLT,2018,-0.004027452786248438,1,1,1,1
2018-03-21,TLT,2018,0.0010925294597142674,1,1,1,1
2018-03-22,TLT,2018,0.009860695805014547,1,1,-1,1
2018-03-23,TLT,2018,-0.0007491277903060132,1,1,1,1
2018-03-26,TLT,2018,-0.003835071115687149,1,1,1,1
2018-03-27,TLT,2018,0.01063579597312148,0,1,1,1
2018-03-28,TLT,2018,0.002641206992192169,-1,1,1,1
2018-03-29,TLT,2018,0.004852306027940723,-1,1,1,1
2018-04-02,TLT,2018,0.0019708847818335016,0,1,1,1
2018-04-03,TLT,2018,-0.00774244245118388,0,1,1,1
2018-04-04,TLT,2018,-0.00206911713769573,1,1,1,1
2018-04-05,TLT,2018,-0.007485412838328308,1,1,1,1
2018-04-06,TLT,2018,0.010876621140033856,0,1,1,1
2018-04-09,TLT,2018,0.001650179741004295,0,1,1,1
2018-04-10,TLT,2018,-0.0018155962910586865,0,1,1,1
2018-04-11,TLT,2018,0.003545243359311565,-1,1,1,1
2018-04-12,TLT,2018,-0.007351758329348805,-1,1,1,1
2018-04-13,TLT,2018,0.0023189438367906766,-1,1,1,1
2018-04-16,TLT,2018,0.0003308965192910369,-1,1,1,1
2018-04-17,TLT,2018,0.0027243847935964557,-1,1,1,1
2018-04-18,TLT,2018,-0.008030379085330414,-1,1,1,1
2018-04-19,TLT,2018,-0.008179645738933537,-1,1,1,1
2018-04-20,TLT,2018,-0.00723353287055808,0,1,1,1
2018-04-23,TLT,2018,0.0002530275173953648,1,1,1,1
2018-04-24,TLT,2018,-0.004567696465188627,1,1,1,1
2018-04-25,TLT,2018,-0.006720214661115722,1,1,1,1
2018-04-26,TLT,2018,0.006975159488681031,1,1,1,0
2018-04-27,TLT,2018,0.007683317011433995,1,1,1,0
2018-04-30,TLT,2018,0.0017636983303919347,0,1,1,1
2018-05-01,TLT,2018,-0.003606882055287174,0,1,1,1
2018-05-02,TLT,2018,-0.001098955120522978,0,1,1,1
2018-05-03,TLT,2018,0.004471074595723851,0,1,1,0
2018-05-04,TLT,2018,0.0015138129121855634,0,1,1,0
2018-05-07,TLT,2018,-0.0015978448802800415,-1,1,1,0
2018-05-08,TLT,2018,-0.0009266145953909138,-1,1,1,0
2018-05-09,TLT,2018,-0.005999732055029334,-1,1,-1,1
2018-05-10,TLT,2018,0.008020004806675876,-1,1,1,1
2018-05-11,TLT,2018,0.002519289646327024,-1,1,1,1
2018-05-14,TLT,2018,-0.005297932144496238,-1,1,1,1
2018-05-15,TLT,2018,-0.011447834792776323,0,1,1,1
2018-05-16,TLT,2018,-0.0038458350895050598,1,1,1,1
2018-05-17,TLT,2018,-0.005064511346962878,1,1,1,1
2018-05-18,TLT,2018,0.008568710486428923,1,1,1,1
2018-05-21,TLT,2018,0.0005117489482973,1,1,1,1
2018-05-22,TLT,2018,-0.0015361987354027315,1,1,1,1
2018-05-23,TLT,2018,0.007233365149270141,1,1,-1,1
2018-05-24,TLT,2018,0.00793841316211134,1,1,1,1
2018-05-25,TLT,2018,0.006205666688713561,0,1,1,1
2018-05-29,TLT,2018,0.02166617732846331,-1,1,0,1
2018-05-30,TLT,2018,-0.006730693891389308,-1,1,0,1
2018-05-31,TLT,2018,-0.0016487559872422,-1,1,1,-1
2018-06-01,TLT,2018,-0.005297624992639628,-1,1,1,-1
2018-06-04,TLT,2018,-0.007258329657984766,0,1,1,-1
2018-06-05,TLT,2018,0.0023416439709874827,-1,1,1,-1
2018-06-06,TLT,2018,-0.00813539954821072,1,1,1,-1
2018-06-07,TLT,2018,0.009638473965294117,0,1,0,-1
2018-06-08,TLT,2018,-0.003007845156433234,1,1,1,-1
2018-06-11,TLT,2018,-0.001842046458317065,1,1,1,-1
2018-06-12,TLT,2018,0.00025146907547137046,1,1,1,-1
2018-06-13,TLT,2018,-0.0005030824747583541,0,1,1,-1
2018-06-14,TLT,2018,0.008265895399398312,0,1,1,-1
2018-06-15,TLT,2018,0.0009140955053716345,0,1,1,-1
2018-06-18,TLT,2018,-0.0009140955053716424,1,1,1,-1
2018-06-19,TLT,2018,0.005803321775060728,0,1,1,-1
2018-06-20,TLT,2018,-0.008801004555777517,1,1,1,-1
2018-06-21,TLT,2018,0.005239881925662979,1,1,1,-1
2018-06-22,TLT,2018,-8.287459149593053e-05,1,1,1,-1
2018-06-25,TLT,2018,0.0022378484458192758,1,1,1,-1
2018-06-26,TLT,2018,0.0014061487757912737,1,1,1,-1
2018-06-27,TLT,2018,0.00937951562838409,1,1,1,1
2018-06-28,TLT,2018,0.000245941082593372,1,1,1,1
2018-06-29,TLT,2018,-0.003444878271088755,0,1,1,1
2018-07-02,TLT,2018,-0.0007822138862766534,1,1,-1,1
2018-07-03,TLT,2018,0.005341936632402515,1,1,1,1
2018-07-05,TLT,2018,0.0028646087368625187,0,1,1,1
2018-07-06,TLT,2018,0.0032638218315872557,0,1,1,1
2018-07-09,TLT,2018,-0.006456131853668787,1,1,1,1
2018-07-10,TLT,2018,-8.251570206105556e-05,0,1,1,1
2018-07-11,TLT,2018,0.0038470162708441834,-1,1,1,1
2018-07-12,TLT,2018,-8.141744545475006e-05,0,1,1,1
2018-07-13,TLT,2018,0.0025285683646693526,-1,1,1,1
2018-07-16,TLT,2018,-0.004163837266911432,-1,1,1,1
2018-07-17,TLT,2018,-0.001883989703751937,-1,1,1,1
2018-07-18,TLT,2018,-0.004025378226700327,-1,1,1,1
2018-07-19,TLT,2018,0.006318159714117963,-1,1,1,1
2018-07-20,TLT,2018,-0.01234518586475468,-1,1,1,1
2018-07-23,TLT,2018,-0.012415362277136492,0,1,0,1
2018-07-24,TLT,2018,0.003431973195565738,0,1,1,1
2018-07-25,TLT,2018,-0.0015886235649552557,-1,1,1,1
2018-07-26,TLT,2018,-0.0019268365964588447,0,1,1,1
2018-07-27,TLT,2018,0.0016759277166950332,0,1,1,1
2018-07-30,TLT,2018,-0.003438303107693723,1,1,-1,1
2018-07-31,TLT,2018,0.0054451032748684585,-1,1,-1,1
2018-08-01,TLT,2018,-0.008180276647728857,0,1,1,1
2018-08-02,TLT,2018,0.0014337278614664618,1,1,1,1
2018-08-03,TLT,2018,0.004961184823552274,1,1,1,1
2018-08-06,TLT,2018,0.0005873517097755711,1,1,1,1
2018-08-07,TLT,2018,-0.005211010134504438,1,1,1,1
2018-08-08,TLT,2018,0.0010103564208148452,1,1,1,1
2018-08-09,TLT,2018,0.008383092810796635,1,1,1,1
2018-08-10,TLT,2018,0.007236250690361297,0,1,1,1
2018-08-13,TLT,2018,-0.002073515390977858,1,1,-1,1
2018-08-14,TLT,2018,-0.0022448805989310427,1,1,1,1
2018-08-15,TLT,2018,0.005809414994997185,1,1,1,1
2018-08-16,TLT,2018,-8.261674729004717e-05,1,1,1,1
2018-08-17,TLT,2018,0.0012406835876477749,1,1,1,1
2018-08-20,TLT,2018,0.0066727629827686525,0,1,1,0
2018-08-21,TLT,2018,-0.0033720964533750716,-1,1,1,0
2018-08-22,TLT,2018,0.003946978396164511,-1,1,1,0
2018-08-23,TLT,2018,0.001557670768388336,-1,1,1,1
2018-08-24,TLT,2018,0.0019642880766255,-1,1,1,1
2018-08-27,TLT,2018,-0.005740098214575431,-1,1,-1,0
2018-08-28,TLT,2018,-0.00602227972299595,-1,1,1,1
2018-08-29,TLT,2018,0.0013231087674445972,-1,1,1,1
2018-08-30,TLT,2018,0.002146027331218238,-1,1,1,1
2018-08-31,TLT,2018,-0.0023112605516811737,-1,1,-1,1
2018-09-04,TLT,2018,-0.0057981098765441655,-1,1,-1,1
2018-09-05,TLT,2018,-0.002670168217681509,-1,1,-1,1
2018-09-06,TLT,2018,0.0036691563554561765,-1,1,1,1
2018-09-07,TLT,2018,-0.008525557145149694,-1,1,-1,1
2018-09-10,TLT,2018,0.0036870660295326985,-1,1,1,1
2018-09-11,TLT,2018,-0.007640218469168862,-1,1,1,1
2018-09-12,TLT,2018,0.002357227494260939,-1,1,1,1
2018-09-13,TLT,2018,0.0015116655821042107,-1,1,1,1
2018-09-14,TLT,2018,-0.004796246307553529,-1,1,1,1
2018-09-17,TLT,2018,0.0,-1,1,1,1
2018-09-18,TLT,2018,-0.010515034813992841,-1,1,1,1
2018-09-19,TLT,2018,-0.005984685078361817,1,1,-1,1
2018-09-20,TLT,2018,0.004619822317925441,0,1,1,1
2018-09-21,TLT,2018,-0.0004266045833909131,0,1,1,1
2018-09-24,TLT,2018,-0.00256534782699844,-1,1,1,1
2018-09-25,TLT,2018,-0.0010278200130104502,1,1,-1,1
2018-09-26,TLT,2018,0.007002881497440225,-1,1,1,0
2018-09-27,TLT,2018,0.0006810399532082206,-1,1,1,1
2018-09-28,TLT,2018,-0.0026400406820336233,-1,1,-1,1
2018-10-01,TLT,2018,-0.007368431761914906,-1,1,1,1
2018-10-02,TLT,2018,0.00609397566120593,-1,1,1,1
2018-10-03,TLT,2018,-0.017523691031882966,0,1,0,1
2018-10-04,TLT,2018,-0.007078754704849522,1,1,1,1
2018-10-05,TLT,2018,-0.008632466942941059,1,1,0,1
2018-10-08,TLT,2018,-0.0033671945558052395,1,1,1,1
2018-10-09,TLT,2018,0.010068180455159179,1,1,1,1
2018-10-10,TLT,2018,-0.002727684458301567,0,1,0,1
2018-10-11,TLT,2018,0.012086057384312024,0,1,0,1
2018-10-12,TLT,2018,-0.0034879262078661728,-1,1,1,0
2018-10-15,TLT,2018,-0.00043738138465034004,-1,1,1,0
2018-10-16,TLT,2018,0.0022701576512440687,-1,1,1,0
2018-10-17,TLT,2018,-0.005947261118584423,1,1,1,0
2018-10-18,TLT,2018,-0.0003514671941557467,0,1,1,0
2018-10-19,TLT,2018,-0.002195764660265143,1,1,1,0
2018-10-22,TLT,2018,-0.0013203169143196495,1,1,1,0
2018-10-23,TLT,2018,0.003165332081573054,0,1,0,0
2018-10-24,TLT,2018,0.007520981597464753,-1,1,1,1
2018-10-25,TLT,2018,-0.004190799608029201,-1,1,-1,1
2018-10-26,TLT,2018,0.006018464061696861,-1,1,1,1
2018-10-29,TLT,2018,-0.0022634467097452553,-1,1,1,1
2018-10-30,TLT,2018,-0.004980698479239132,-1,1,1,1
2018-10-31,TLT,2018,-0.005093127407846512,-1,1,1,1
2018-11-01,TLT,2018,0.0009258854619757849,-1,1,1,1
2018-11-02,TLT,2018,-0.012510396116140746,1,1,0,1
2018-11-05,TLT,2018,0.003920507876518153,1,1,1,1
2018-11-06,TLT,2018,-0.00062251591567134,1,1,1,1
2018-11-07,TLT,2018,0.001333779796411107,1,1,1,1
2018-11-08,TLT,2018,-8.905027463192484e-05,1,1,1,1
2018-11-09,TLT,2018,0.00743871425176407,1,1,1,1
2018-11-12,TLT,2018,0.006506885042228258,1,1,1,1
2018-11-13,TLT,2018,-0.000613426343908929,1,1,1,1
2018-11-14,TLT,2018,0.00061342634390893,1,1,0,1
2018-11-15,TLT,2018,-0.00043819513258538294,1,1,1,1
2018-11-16,TLT,2018,0.00577080564114333,0,1,1,1
2018-11-19,TLT,2018,0.00278618777033915,0,1,1,1
2018-11-20,TLT,2018,0.0003477178929322884,-1,1,1,1
2018-11-21,TLT,2018,-0.0003477178929323029,0,1,1,-1
2018-11-23,TLT,2018,0.0010425420624742936,0,1,1,-1
2018-11-26,TLT,2018,-0.0022605909422550702,1,1,1,-1
2018-11-27,TLT,2018,0.001130934254917527,1,1,1,-1
2018-11-28,TLT,2018,-0.004880964288397691,1,1,1,-1
2018-11-29,TLT,2018,0.003924032783262549,1,1,1,-1
2018-11-30,TLT,2018,0.0037354539195208784,1,1,-1,-1
2018-12-03,TLT,2018,0.007075339609683859,1,1,0,-1
2018-12-04,TLT,2018,0.016603074752956425,0,1,0,-1
2018-12-06,TLT,2018,0.003135108953447488,0,1,1,-1
2018-12-07,TLT,2018,0.0018602797928422559,0,1,1,-1
2018-12-10,TLT,2018,0.004129379510559519,0,1,1,-1
2018-12-11,TLT,2018,-0.000168320805410679,1,1,1,1
2018-12-12,TLT,2018,-0.0044681159201309505,1,1,1,1
2018-12-13,TLT,2018,-0.002369403190319715,1,1,1,1
2018-12-14,TLT,2018,0.003466910734234251,1,1,1,1
2018-12-17,TLT,2018,0.0058069706474882,1,1,1,1
2018-12-18,TLT,2018,0.005971180834601954,0,1,1,1
2018-12-19,TLT,2018,0.013124096580083247,0,1,0,1
2018-12-20,TLT,2018,-0.003637529096630691,0,1,1,1
2018-12-21,TLT,2018,-0.00016559970757985685,1,1,1,1
2018-12-24,TLT,2018,0.004957591105312614,1,1,1,1
2018-12-26,TLT,2018,-0.010773224821152163,1,1,0,1
2018-12-27,TLT,2018,0.00016672404533504313,1,1,1,1
2018-12-28,TLT,2018,0.008378472472657824,1,1,1,1
2018-12-31,TLT,2018,0.003793016655131312,0,1,1,1
2019-01-02,TLT,2019,0.0052530759765022335,-1,1,1,1
2019-01-03,TLT,2019,0.011315372982380851,-1,1,0,1
2019-01-04,TLT,2019,-0.011642697946020956,-1,1,1,1
2019-01-07,TLT,2019,-0.0029523974049854604,-1,1,1,1
2019-01-08,TLT,2019,-0.0026317954809287904,-1,1,1,1
2019-01-09,TLT,2019,-0.001566333904430492,-1,1,-1,1
2019-01-10,TLT,2019,-0.006454126070328334,0,1,1,1
2019-01-11,TLT,2019,0.003894343261506861,-1,1,-1,1
2019-01-14,TLT,2019,-0.0037283861119568173,0,1,-1,1
2019-01-15,TLT,2019,-0.003658544429528276,0,1,-1,1
2019-01-16,TLT,2019,0.0009993649916481087,1,1,1,1
2019-01-17,TLT,2019,0.0002491112655755537,0,1,-1,1
2019-01-18,TLT,2019,-0.005255078072446955,1,1,1,1
2019-01-22,TLT,2019,0.0067516061004074335,1,1,1,1
2019-01-23,TLT,2019,-0.000415442478697546,1,1,1,1
2019-01-24,TLT,2019,0.006544902483318662,1,1,1,1
2019-01-25,TLT,2019,-0.004800634264920082,1,1,1,1
2019-01-28,TLT,2019,-0.000996453726442951,0,1,1,1
2019-01-29,TLT,2019,0.0050535190811673795,0,1,1,1
2019-01-30,TLT,2019,-0.0007439648381245482,0,1,1,1
2019-01-31,TLT,2019,0.008563008558368793,0,1,1,1
2019-02-01,TLT,2019,-0.0060580118361870305,1,1,1,1
2019-02-04,TLT,2019,-0.004474240972807477,1,1,1,1
2019-02-05,TLT,2019,0.00455712534914992,1,1,1,1
2019-02-06,TLT,2019,0.0004955931078091806,0,1,1,1
2019-02-07,TLT,2019,0.006588649592412859,0,1,1,1
2019-02-08,TLT,2019,0.004258847381522215,-1,1,1,1
2019-02-11,TLT,2019,-0.003931120389663735,1,1,1,1
2019-02-12,TLT,2019,-0.0025467203462358483,1,1,1,1
2019-02-13,TLT,2019,-0.003791748401189817,0,1,1,-1
2019-02-14,TLT,2019,0.005681660006805225,0,1,1,-1
2019-02-15,TLT,2019,0.001558944519537517,-1,1,1,-1
2019-02-19,TLT,2019,0.002537963320084196,-1,1,1,-1
2019-02-20,TLT,2019,-0.002865861911119741,-1,1,-1,-1
2019-02-21,TLT,2019,-0.0089790733063551,-1,1,-1,-1
2019-02-22,TLT,2019,0.005940122465123691,-1,1,-1,-1
2019-02-25,TLT,2019,-0.002965493946463462,-1,1,-1,-1
2019-02-26,TLT,2019,0.00493771943684896,-1,1,1,-1
2019-02-27,TLT,2019,-0.011393035491262627,0,1,-1,-1
2019-02-28,TLT,2019,-0.0034108868375522365,1,1,-1,-1
2019-03-01,TLT,2019,-0.00928600212151312,1,1,-1,-1
2019-03-04,TLT,2019,0.0078075073136553924,1,1,-1,-1
2019-03-05,TLT,2019,0.0020877495193645855,1,1,-1,-1
2019-03-06,TLT,2019,0.0036648469224781583,1,1,-1,-1
2019-03-07,TLT,2019,0.0064640861215768605,0,1,-1,-1
2019-03-08,TLT,2019,0.0042033751474798665,0,1,-1,-1
2019-03-11,TLT,2019,-0.002965018700128678,1,1,-1,-1
2019-03-12,TLT,2019,0.006987963998506082,0,1,-1,-1
2019-03-13,TLT,2019,-0.001885636249085207,1,1,-1,-1
2019-03-14,TLT,2019,-0.007249641670952665,1,1,-1,-1
2019-03-15,TLT,2019,0.006592524456286886,1,1,1,-1
2019-03-18,TLT,2019,-0.0005753222568452573,1,1,-1,-1
2019-03-19,TLT,2019,-0.002221102217360513,1,1,-1,-1
2019-03-20,TLT,2019,0.010405678811854408,1,1,-1,-1
2019-03-21,TLT,2019,0.0021988287562969317,1,1,-1,-1
2019-03-22,TLT,2019,0.015415511388695671,1,1,0,-1
2019-03-25,TLT,2019,0.0015998680513485853,0,1,0,-1
2019-03-26,TLT,2019,-0.0007195897762260181,0,1,1,-1
2019-03-27,TLT,2019,0.00916030464613776,-1,1,1,-1
2019-03-28,TLT,2019,0.003482376783926937,-1,1,1,-1
2019-03-29,TLT,2019,-0.000948189673010611,-1,1,0,-1
2019-04-01,TLT,2019,-0.014306033299931417,0,1,0,-1
2019-04-02,TLT,2019,0.0018476567513077617,-1,1,1,-1
2019-04-03,TLT,2019,-0.008705635235312517,1,1,1,-1
2019-04-04,TLT,2019,0.0028296165753964237,-1,1,1,-1
2019-04-05,TLT,2019,0.0012908574812459976,-1,1,1,-1
2019-04-08,TLT,2019,-0.0035538945423674827,-1,1,1,1
2019-04-09,TLT,2019,0.0031506853147344176,-1,1,1,1
2019-04-10,TLT,2019,0.0024164399662085167,-1,1,1,1
2019-04-11,TLT,2019,-0.005891042450642707,-1,1,1,1
2019-04-12,TLT,2019,-0.0071476893960774855,-1,1,1,1
2019-04-15,TLT,2019,0.002523930445995346,-1,1,1,1
2019-04-16,TLT,2019,-0.006281120980365486,1,1,1,1
2019-04-17,TLT,2019,0.00040889321252851,1,1,1,1
2019-04-18,TLT,2019,0.005221381371596794,1,1,1,1
2019-04-22,TLT,2019,-0.004812191532766456,1,1,-1,1
2019-04-23,TLT,2019,0.002123349187164513,1,1,-1,1
2019-04-24,TLT,2019,0.008125801911084304,1,1,-1,1
2019-04-25,TLT,2019,-0.0014579239102165203,0,1,1,1
2019-04-26,TLT,2019,0.0033977838353587953,0,1,-1,1
2019-04-29,TLT,2019,-0.006400939215253036,1,1,-1,1
2019-04-30,TLT,2019,0.005107786170587807,1,1,-1,1
2019-05-01,TLT,2019,0.004116608479081521,0,1,-1,1
2019-05-02,TLT,2019,-0.0047731078925076905,1,1,-1,1
2019-05-03,TLT,2019,0.0028346031011426127,1,1,-1,1
2019-05-06,TLT,2019,0.0027450376212673723,1,1,1,1
2019-05-07,TLT,2019,0.0076326986017648465,0,1,-1,1
2019-05-08,TLT,2019,-0.00433123466840067,1,1,-1,1
2019-05-09,TLT,2019,0.0040909635883089775,1,1,-1,1
2019-05-10,TLT,2019,-0.0013618462361790252,1,1,-1,1
2019-05-13,TLT,2019,0.007825161081449579,0,1,-1,1
2019-05-14,TLT,2019,-0.0029473944421804393,0,1,-1,1
2019-05-15,TLT,2019,0.006123028256487423,0,1,-1,-1
2019-05-16,TLT,2019,-0.0033349394372282413,1,1,-1,-1
2019-05-17,TLT,2019,0.00222475288933556,1,1,-1,-1
2019-05-20,TLT,2019,-0.0020654472664143352,1,1,-1,-1
2019-05-21,TLT,2019,-0.0015920200081811129,1,1,-1,1
2019-05-22,TLT,2019,0.00571918032119316,1,1,-1,1
2019-05-23,TLT,2019,0.011184742279630816,1,1,-1,1
2019-05-24,TLT,2019,0.0008610605742778217,1,1,1,-1
2019-05-28,TLT,2019,0.00717445162096095,1,1,-1,-1
2019-05-29,TLT,2019,0.0030254410016437596,1,1,-1,-1
2019-05-30,TLT,2019,0.008562087696432078,0,1,0,-1
2019-05-31,TLT,2019,0.01244123673365127,0,1,1,-1
2019-06-03,TLT,2019,0.006667026573501919,-1,1,1,-1
2019-06-04,TLT,2019,-0.011466832241929409,0,1,0,-1
2019-06-05,TLT,2019,-0.005668011108287471,0,1,1,1
2019-06-06,TLT,2019,0.003220986961678652,0,1,1,1
2019-06-07,TLT,2019,0.008614553680851166,0,1,1,1
2019-06-10,TLT,2019,-0.00945717072385727,1,1,1,1
2019-06-11,TLT,2019,0.0006122929132213659,1,1,1,1
2019-06-12,TLT,2019,0.0007655237108548425,1,1,1,1
2019-06-13,TLT,2019,0.0034376948677720376,1,1,1,1
2019-06-14,TLT,2019,0.0025140356134819857,0,1,1,1
2019-06-17,TLT,2019,0.00174794353160297,1,1,1,1
2019-06-18,TLT,2019,0.004999040227186741,0,1,1,1
2019-06-19,TLT,2019,0.0014345767818834327,0,1,1,1
2019-06-20,TLT,2019,0.002637594284148995,0,1,1,1
2019-06-21,TLT,2019,-0.011047989523263226,1,1,1,1
2019-06-24,TLT,2019,0.007429046366119402,0,1,1,1
2019-06-25,TLT,2019,0.0030916545051342457,1,1,1,1
2019-06-26,TLT,2019,-0.006420224810578831,1,1,1,1
2019-06-27,TLT,2019,0.0070228885599953736,0,1,1,1
2019-06-28,TLT,2019,-0.0006775171951236797,0,1,1,1
2019-07-01,TLT,2019,-0.002341642801787683,0,1,0,1
2019-07-02,TLT,2019,0.007683188211386536,-1,1,1,1
2019-07-03,TLT,2019,0.00710379893783498,-1,1,1,1
2019-07-05,TLT,2019,-0.013352040425225736,-1,1,1,1
2019-07-08,TLT,2019,0.0013592046074320926,-1,1,1,1
2019-07-09,TLT,2019,-0.00037779684652731587,-1,1,1,1
2019-07-10,TLT,2019,-0.005522271587468536,0,1,1,1
2019-07-11,TLT,2019,-0.013439635936469388,1,1,0,1
2019-07-12,TLT,2019,0.0011522570963860103,1,1,1,1
2019-07-15,TLT,2019,0.005743103842681112,1,1,1,1
2019-07-16,TLT,2019,-0.0029828759068606984,1,1,1,1
2019-07-17,TLT,2019,0.010740634970770454,0,1,1,1
2019-07-18,TLT,2019,7.559813289033226e-05,-1,1,1,1
2019-07-19,TLT,2019,-0.0023509127808159593,0,1,1,1
2019-07-22,TLT,2019,0.0018962412329440927,0,1,1,1
2019-07-23,TLT,2019,-0.005472101365702507,1,1,1,1
2019-07-24,TLT,2019,0.0043343033592672464,1,1,1,1
2019-07-25,TLT,2019,-0.004791033520940429,1,1,1,1
2019-07-26,TLT,2019,0.0023601865803622598,1,1,1,1
2019-07-29,TLT,2019,0.0003043399696004598,1,1,1,1
2019-07-30,TLT,2019,0.0024298943258871707,1,1,1,1
2019-07-31,TLT,2019,0.008009165957165975,1,1,0,1
2019-08-01,TLT,2019,0.019665543995846003,1,1,0,1
2019-08-02,TLT,2019,0.009198687446338087,1,1,-1,1
2019-08-05,TLT,2019,0.017140573414172047,1,1,1,1
2019-08-06,TLT,2019,0.007961563318715222,1,1,0,1
2019-08-07,TLT,2019,0.00035686262674768137,1,1,0,1
2019-08-08,TLT,2019,0.0021403097580523773,1,1,0,1
2019-08-09,TLT,2019,-0.00199754679221057,1,1,1,1
2019-08-12,TLT,2019,0.020635423760599795,0,1,1,1
2019-08-13,TLT,2019,-0.003433538928318284,1,1,1,-1
2019-08-14,TLT,2019,0.02227983467216301,-1,1,1,-1
2019-08-15,TLT,2019,0.011058287080591391,-1,1,0,-1
2019-08-16,TLT,2019,-0.008042697792835072,0,1,1,-1
2019-08-19,TLT,2019,-0.014405576521864529,1,1,1,1
2019-08-20,TLT,2019,0.010291057009004317,1,1,1,1
2019-08-21,TLT,2019,-0.006687561912805403,1,1,0,1
2019-08-22,TLT,2019,-0.0066630376976651315,1,1,1,1
2019-08-23,TLT,2019,0.01630152964315743,0,1,0,1
2019-08-26,TLT,2019,-0.004050875713656473,1,1,1,1
2019-08-27,TLT,2019,0.015291361848195453,0,1,1,1
2019-08-28,TLT,2019,0.0012866288763589973,-1,1,1,1
2019-08-29,TLT,2019,-0.0037959512553808446,-1,1,1,1
2019-08-30,TLT,2019,0.0002715904643930161,-1,1,1,1
2019-09-03,TLT,2019,0.0012908447241643582,-1,1,1,1
2019-09-04,TLT,2019,0.0014938400789527506,-1,1,1,1
2019-09-05,TLT,2019,-0.018276869570269697,-1,1,-1,1
2019-09-06,TLT,2019,0.00709065694256261,-1,1,-1,1
2019-09-09,TLT,2019,-0.01792544992712531,-1,1,1,1
2019-09-10,TLT,2019,-0.01768307746305061,0,1,-1,1
2019-09-11,TLT,2019,-0.001778462893233429,-1,1,1,-1
2019-09-12,TLT,2019,-0.006572311721139873,0,1,1,-1
2019-09-13,TLT,2019,-0.02159083919590494,1,1,1,-1
2019-09-16,TLT,2019,0.012663040643840181,1,1,1,1
2019-09-17,TLT,2019,0.0054094375360720145,1,1,1,1
2019-09-18,TLT,2019,0.004234924706735264,1,1,1,-1
2019-09-19,TLT,2019,0.0030031842805207376,1,1,-1,1
2019-09-20,TLT,2019,0.013124634162581673,0,1,1,1
2019-09-23,TLT,2019,-0.00021205720108007417,1,1,1,1
2019-09-24,TLT,2019,0.011982286111740407,0,1,0,1
2019-09-25,TLT,2019,-0.014735189458291638,1,1,-1,1
2019-09-26,TLT,2019,0.006412064475666606,1,1,1,1
2019-09-27,TLT,2019,0.0024548686255031938,1,1,1,-1
2019-09-30,TLT,2019,0.002449249541749759,1,1,1,-1
2019-10-01,TLT,2019,0.003006334401563425,1,1,0,-1
2019-10-02,TLT,2019,0.0024399742928407813,1,1,1,-1
2019-10-03,TLT,2019,0.009080689103357369,-1,1,1,-1
2019-10-04,TLT,2019,0.007355714584621601,-1,1,1,-1
2019-10-07,TLT,2019,-0.008322156746942169,-1,1,1,-1
2019-10-08,TLT,2019,0.0026896039891118892,-1,1,1,-1
2019-10-09,TLT,2019,-0.00566406979441465,-1,1,1,-1
2019-10-10,TLT,2019,-0.015006637503856345,-1,1,1,-1
2019-10-11,TLT,2019,-0.012454156579674826,0,1,1,1
2019-10-14,TLT,2019,0.007236922278187924,-1,1,1,1
2019-10-15,TLT,2019,-0.012161851164514985,0,1,0,1
2019-10-16,TLT,2019,0.0012154764121554312,0,1,1,1
2019-10-17,TLT,2019,-0.0024330345272068534,0,1,1,1
2019-10-18,TLT,2019,0.0,-1,1,1,1
2019-10-21,TLT,2019,-0.007550924745321803,-1,1,1,1
2019-10-22,TLT,2019,0.0058297124070922504,-1,1,-1,1
2019-10-23,TLT,2019,0.0010046238472651357,0,1,1,1
2019-10-24,TLT,2019,-0.0020092510336449008,1,1,1,1
2019-10-25,TLT,2019,-0.004897061572295862,1,1,1,1
2019-10-28,TLT,2019,-0.009137886500950062,1,1,1,1
2019-10-29,TLT,2019,0.0006556526694143246,0,1,1,1
2019-10-30,TLT,2019,0.014527894826014564,-1,1,1,1
2019-10-31,TLT,2019,0.013400056797622283,-1,1,-1,-1
2019-11-01,TLT,2019,-0.0030829101022167276,-1,1,1,-1
2019-11-04,TLT,2019,-0.01324882104898789,-1,1,1,-1
2019-11-05,TLT,2019,-0.011310451250458433,-1,1,-1,-1
2019-11-06,TLT,2019,0.0060334770550016705,-1,1,-1,-1
2019-11-07,TLT,2019,-0.018284488857476893,1,1,0,1
2019-11-08,TLT,2019,-0.004216329838148752,1,1,1,1
2019-11-11,TLT,2019,0.00066694476359163,1,1,1,1
2019-11-12,TLT,2019,0.004582124773616985,1,1,1,1
2019-11-13,TLT,2019,0.006467832903185088,1,1,1,1
2019-11-14,TLT,2019,0.010276613025526323,1,1,1,1
2019-11-15,TLT,2019,-0.0010878973670229559,1,1,1,1
2019-11-18,TLT,2019,0.0018123926717957314,1,1,1,1
2019-11-19,TLT,2019,0.008298778236306733,1,1,1,1
2019-11-20,TLT,2019,0.010294686456167762,0,1,1,1
2019-11-21,TLT,2019,-0.006279098786771003,1,1,1,1
2019-11-22,TLT,2019,0.001287636252816187,-1,1,1,-1
2019-11-25,TLT,2019,0.0029263202830159796,1,1,1,-1
2019-11-26,TLT,2019,0.005827339521180395,-1,1,1,1
2019-11-27,TLT,2019,-0.0029091598753667367,-1,1,1,1
2019-11-29,TLT,2019,-0.002134125503655189,-1,1,1,1
2019-12-02,TLT,2019,-0.013422813859035543,0,1,-1,1
2019-12-03,TLT,2019,0.020750552048612186,-1,1,0,1
2019-12-04,TLT,2019,-0.010035386991296157,0,1,1,1
2019-12-05,TLT,2019,-0.004876174792175137,-1,1,1,1
2019-12-06,TLT,2019,-0.00554958830227623,0,1,1,1
2019-12-09,TLT,2019,0.00216573355733677,-1,1,1,1
2019-12-10,TLT,2019,7.213054907161678e-05,-1,1,1,1
2019-12-11,TLT,2019,0.007830136085625385,-1,1,1,1
2019-12-12,TLT,2019,-0.016594976784137027,0,1,0,1
2019-12-13,TLT,2019,0.011501484576356231,-1,1,0,1
2019-12-16,TLT,2019,-0.009031006064387778,-1,1,1,1
2019-12-17,TLT,2019,-0.0013796299586692656,0,1,1,1
2019-12-18,TLT,2019,-0.008245999763831866,1,1,1,1
2019-12-19,TLT,2019,0.0015987179846002784,1,1,1,1
2019-12-20,TLT,2019,0.0013181367483984375,0,1,1,1
2019-12-23,TLT,2019,-0.0014645522814606112,-1,1,1,1
2019-12-24,TLT,2019,0.002853587288797273,0,1,1,1
2019-12-26,TLT,2019,0.0024091996863911027,1,1,1,1
2019-12-27,TLT,2019,0.001092750249091296,1,1,1,1
2019-12-30,TLT,2019,-0.003647969603687415,0,1,1,1
2019-12-31,TLT,2019,-0.009842023529293253,1,1,1,1
2020-01-02,TLT,2020,0.011229944939980039,0,1,1,1
2020-01-03,TLT,2020,0.015282688756523348,0,1,1,1
2020-01-06,TLT,2020,-0.005694465040207589,0,1,1,1
2020-01-07,TLT,2020,-0.004927995762549729,1,1,1,1
2020-01-08,TLT,2020,-0.006632985287545457,1,1,0,1
2020-01-09,TLT,2020,0.0035043025457701777,1,1,1,1
2020-01-10,TLT,2020,0.008851601947132016,0,1,1,1
2020-01-13,TLT,2020,-0.003038518979910036,1,1,1,1
2020-01-14,TLT,2020,0.00513123886028888,1,1,-1,1
2020-01-15,TLT,2020,0.00660931906026342,1,1,1,1
2020-01-16,TLT,2020,-0.003155732409586467,1,1,1,1
2020-01-17,TLT,2020,-0.008584825510965767,1,1,-1,1
2020-01-21,TLT,2020,0.010450822350040025,1,1,1,1
2020-01-22,TLT,2020,0.003507305939088947,1,1,-1,1
2020-01-23,TLT,2020,0.006977394893438723,1,1,-1,1
2020-01-24,TLT,2020,0.008056180494981875,1,1,-1,1
2020-01-27,TLT,2020,0.015435284061149255,1,1,-1,1
2020-01-28,TLT,2020,-0.007862543571301218,0,1,1,1
2020-01-29,TLT,2020,0.009731785597952618,-1,1,1,1
2020-01-30,TLT,2020,0.00013768756616535006,-1,1,0,1
2020-01-31,TLT,2020,0.009088668339400276,-1,1,1,1
2020-02-03,TLT,2020,-0.0008102564238546272,0,1,1,1
2020-02-04,TLT,2020,-0.013558821074081443,0,1,1,1
2020-02-05,TLT,2020,-0.01099463221268756,1,1,1,1
2020-02-06,TLT,2020,0.004496426903396492,1,1,1,1
2020-02-07,TLT,2020,0.012400833838704852,0,1,1,1
2020-02-10,TLT,2020,0.00276569392125581,1,1,1,1
2020-02-11,TLT,2020,-0.005053139666330079,1,1,1,1
2020-02-12,TLT,2020,-0.0050784799220772855,1,1,1,1
2020-02-13,TLT,2020,0.003828157051344504,1,1,1,1
2020-02-14,TLT,2020,0.004368504982337825,1,1,1,1
2020-02-18,TLT,2020,0.006825456178136914,1,1,1,1
2020-02-19,TLT,2020,-6.843329811353313e-05,1,1,1,1
2020-02-20,TLT,2020,0.007802333688636864,1,1,1,1
2020-02-21,TLT,2020,0.009297869016163824,1,1,1,1
2020-02-24,TLT,2020,0.01481814324687946,1,1,-1,1
2020-02-25,TLT,2020,0.00531029762979464,1,1,0,1
2020-02-26,TLT,2020,-0.005310297629794667,1,1,0,1
2020-02-27,TLT,2020,0.01078977649009663,1,1,0,1
2020-02-28,TLT,2020,0.02233263750479018,1,1,1,1
2020-03-02,TLT,2020,-0.007384619670724838,1,1,0,1
2020-03-03,TLT,2020,0.015406145286794409,1,1,0,1
2020-03-04,TLT,2020,-0.010675074711597793,0,1,0,1
2020-03-05,TLT,2020,0.024586779893770765,0,1,1,1
2020-03-06,TLT,2020,0.05073503667045144,-1,1,0,1
2020-03-09,TLT,2020,0.026742173191280933,-1,1,1,1
2020-03-10,TLT,2020,-0.05261794618539729,-1,1,0,1
2020-03-11,TLT,2020,-0.0374926318021314,-1,1,1,1
2020-03-12,TLT,2020,0.006178057935611203,-1,1,1,1
2020-03-13,TLT,2020,-0.02286254027878228,1,1,1,1
2020-03-16,TLT,2020,0.06275481346476457,0,1,1,1
2020-03-17,TLT,2020,-0.06901100621469099,1,1,1,1
2020-03-18,TLT,2020,-0.058066050148399745,1,1,1,1
2020-03-19,TLT,2020,0.02686162959333013,1,1,1,1
2020-03-20,TLT,2020,0.07250256677850242,1,1,1,1
2020-03-23,TLT,2020,0.040382545743567484,0,1,1,1
2020-03-24,TLT,2020,-0.018789616948300017,0,1,1,1
2020-03-25,TLT,2020,-0.002273801745117727,1,1,1,1
2020-03-26,TLT,2020,0.004909857857600962,1,1,1,1
2020-03-27,TLT,2020,0.026342371592823547,0,1,1,1
2020-03-30,TLT,2020,-0.008262439080507621,0,1,1,1
2020-03-31,TLT,2020,-0.008149907504460204,0,1,1,1
2020-04-01,TLT,2020,0.013913172826557185,-1,1,1,1
2020-04-02,TLT,2020,0.00632567618245551,-1,1,1,1
2020-04-03,TLT,2020,0.0023767762284540115,-1,1,1,1
2020-04-06,TLT,2020,-0.0026153045166611,-1,1,1,1
2020-04-07,TLT,2020,-0.010527263781093006,1,1,1,1
2020-04-08,TLT,2020,-0.0073027830370749405,1,1,1,1
2020-04-09,TLT,2020,0.0018159009471887895,1,1,1,1
2020-04-13,TLT,2020,-0.009172181301436308,1,1,1,1
2020-04-14,TLT,2020,-0.0002436545758313896,1,1,1,1
2020-04-15,TLT,2020,0.026144185352166855,1,1,1,1
2020-04-16,TLT,2020,0.011292917104827762,0,1,1,1
2020-04-17,TLT,2020,-0.013495628148669635,1,1,-1,1
2020-04-20,TLT,2020,0.008013167967647682,-1,1,1,1
2020-04-21,TLT,2020,0.012512867721695997,-1,1,1,1
2020-04-22,TLT,2020,-0.010268979514924259,0,1,1,1
2020-04-23,TLT,2020,0.0052942905889159925,-1,1,1,1
2020-04-24,TLT,2020,0.0023442915677958378,-1,1,1,1
2020-04-27,TLT,2020,-0.018789476272285617,0,1,1,0
2020-04-28,TLT,2020,0.011445297040028715,-1,1,1,0
2020-04-29,TLT,2020,-0.005202072661820697,-1,1,1,0
2020-04-30,TLT,2020,-0.011745641411035639,0,1,1,0
2020-05-01,TLT,2020,0.008526655056887374,-1,1,1,0
2020-05-04,TLT,2020,-0.004715113288091288,-1,1,1,1
2020-05-05,TLT,2020,-0.006421654614407171,-1,1,-1,1
2020-05-06,TLT,2020,-0.016266822967121362,1,1,-1,1
2020-05-07,TLT,2020,0.016568175137023244,0,1,-1,1
2020-05-08,TLT,2020,-0.013086735038237061,1,1,-1,1
2020-05-11,TLT,2020,-0.007836236977803878,0,1,1,1
2020-05-12,TLT,2020,0.010211926155450335,0,1,-1,1
2020-05-13,TLT,2020,0.00697166443591101,-1,1,-1,1
2020-05-14,TLT,2020,0.009740353888635466,-1,1,-1,1
2020-05-15,TLT,2020,-0.0025760860086126037,0,1,-1,1
2020-05-18,TLT,2020,-0.022198359899751215,0,1,1,1
2020-05-19,TLT,2020,0.0037335696984276095,0,1,1,1
2020-05-20,TLT,2020,0.002989869947910219,-1,1,1,1
2020-05-21,TLT,2020,0.002494670597126071,-1,1,1,1
2020-05-22,TLT,2020,0.005997895641277083,-1,1,1,1
2020-05-26,TLT,2020,-0.013500655563281718,-1,1,1,1
2020-05-27,TLT,2020,-0.0018383686703396626,-1,1,1,1
2020-05-28,TLT,2020,-0.0036873625367241075,-1,1,-1,1
2020-05-29,TLT,2020,0.0071163377714789,-1,1,0,1
2020-06-01,TLT,2020,-0.006755407696737709,-1,1,1,1
2020-06-02,TLT,2020,-0.0036425793967597635,-1,1,-1,1
2020-06-03,TLT,2020,-0.013386364305245476,1,1,1,1
2020-06-04,TLT,2020,-0.014584331166547707,1,1,1,1
2020-06-05,TLT,2020,-0.007149231142673851,1,1,0,1
2020-06-08,TLT,2020,0.0038356820020171,1,1,1,1
2020-06-09,TLT,2020,0.011295386909419154,1,1,1,1
2020-06-10,TLT,2020,0.014718332453449343,0,1,1,1
2020-06-11,TLT,2020,0.018724099924507076,-1,1,0,1
2020-06-12,TLT,2020,-0.009687225805930164,0,1,0,1
2020-06-15,TLT,2020,0.0005541582965933633,0,1,1,1
2020-06-16,TLT,2020,-0.015452649602613056,0,1,1,1
2020-06-17,TLT,2020,0.004119051770811782,1,1,1,1
2020-06-18,TLT,2020,0.01053245416894474,1,1,-1,1
2020-06-19,TLT,2020,0.0008011436628566056,1,1,0,1
2020-06-22,TLT,2020,0.0001226625272917356,1,1,1,1
2020-06-23,TLT,2020,-0.006857926080352977,1,1,-1,1
2020-06-24,TLT,2020,0.010668308569709715,0,1,1,1
2020-06-25,TLT,2020,0.002878889848156886,0,1,1,1
2020-06-26,TLT,2020,0.010646511456171619,-1,1,1,1
2020-06-29,TLT,2020,-0.003152144656665374,1,1,1,1
2020-06-30,TLT,2020,-0.00486809818716374,0,1,0,1
2020-07-01,TLT,2020,-0.0019440320103016927,1,1,1,1
2020-07-02,TLT,2020,0.001039504239863724,1,1,1,1
2020-07-06,TLT,2020,-0.004103959716892464,1,1,1,1
2020-07-07,TLT,2020,0.013958375784461166,1,1,1,1
2020-07-08,TLT,2020,-0.004002669163809661,1,1,1,1
2020-07-09,TLT,2020,0.015796421147096118,0,1,0,1
2020-07-10,TLT,2020,-0.005037664779508757,0,1,1,1
2020-07-13,TLT,2020,0.003301556203284581,0,1,0,1
2020-07-14,TLT,2020,0.001436906952478228,0,1,1,1
2020-07-15,TLT,2020,-0.0046783757629555245,1,1,1,1
2020-07-16,TLT,2020,0.004738510120783243,1,1,1,-1
2020-07-17,TLT,2020,-0.0020963532359370264,1,1,-1,-1
2020-07-20,TLT,2020,0.0024549878534929717,1,1,-1,-1
2020-07-21,TLT,2020,0.000598173554208908,1,1,1,-1
2020-07-22,TLT,2020,0.002984633132917462,1,1,1,-1
2020-07-23,TLT,2020,0.011613017664913806,1,1,-1,-1
2020-07-24,TLT,2020,-5.8880294531488105e-05,1,1,1,-1
2020-07-27,TLT,2020,-0.003718537092088525,1,1,1,-1
2020-07-28,TLT,2020,0.006894854976607395,1,1,1,-1
2020-07-29,TLT,2020,-0.0017042648019641026,0,1,-1,1
2020-07-30,TLT,2020,0.006567594648829433,0,1,-1,1
2020-07-31,TLT,2020,-0.0006438007665532468,0,1,-1,1
2020-08-03,TLT,2020,-0.005047670507105804,-1,1,-1,1
2020-08-04,TLT,2020,0.009487408472095895,-1,1,1,1
2020-08-05,TLT,2020,-0.008781538339246657,-1,1,1,0
2020-08-06,TLT,2020,0.0055708284351372005,-1,1,1,1
2020-08-07,TLT,2020,-0.006688641180233473,-1,1,0,0
2020-08-10,TLT,2020,-0.004484114839849607,-1,1,-1,0
2020-08-11,TLT,2020,-0.011955616711867827,-1,1,-1,0
2020-08-12,TLT,2020,-0.009137987777056874,-1,1,-1,0
2020-08-13,TLT,2020,-0.010746225183366449,0,1,0,0
2020-08-14,TLT,2020,-0.003914690805446835,1,1,-1,0
2020-08-17,TLT,2020,0.0025100133503811782,1,1,-1,0
2020-08-18,TLT,2020,0.0071263884683966695,0,1,1,0
2020-08-19,TLT,2020,-0.0062710150564634255,0,1,0,0
2020-08-20,TLT,2020,0.00899851043072487,-1,1,1,0
2020-08-21,TLT,2020,0.005974099105401581,-1,1,1,0
2020-08-24,TLT,2020,-0.0016254102597452506,-1,1,1,1
2020-08-25,TLT,2020,-0.007683542058174675,0,1,1,1
2020-08-26,TLT,2020,-0.003833928233969202,1,1,1,1
2020-08-27,TLT,2020,-0.017154784251954658,1,1,0,1
2020-08-28,TLT,2020,-0.0007443114602970432,1,1,-1,0
2020-08-31,TLT,2020,0.006618866557027182,1,1,0,0
2020-09-01,TLT,2020,0.011372643960321527,0,1,0,0
2020-09-02,TLT,2020,0.009475273707198703,0,1,1,0
2020-09-03,TLT,2020,0.0028379066310760736,-1,1,0,1
2020-09-04,TLT,2020,-0.019171317878959655,1,1,1,1
2020-09-08,TLT,2020,0.006125546650141978,0,1,1,1
2020-09-09,TLT,2020,-0.0026904296300092395,0,1,1,1
2020-09-10,TLT,2020,0.005069782736019478,0,1,-1,1
2020-09-11,TLT,2020,0.0021299882707112292,-1,1,1,1
2020-09-14,TLT,2020,-6.029527571556997e-05,0,1,1,1
2020-09-15,TLT,2020,-0.0024356550728965843,0,1,1,1
2020-09-16,TLT,2020,-0.002990677049157779,0,1,1,1
2020-09-17,TLT,2020,0.0030519042989362697,1,1,1,1
2020-09-18,TLT,2020,-0.003113431183645349,1,1,1,1
2020-09-21,TLT,2020,0.005061325530230903,0,1,1,1
2020-09-22,TLT,2020,-0.0007905525081449646,0,1,1,1
2020-09-23,TLT,2020,0.001338567740079213,-1,1,1,1
2020-09-24,TLT,2020,0.00382214922272295,-1,1,1,1
2020-09-25,TLT,2020,0.0,-1,1,1,1
2020-09-28,TLT,2020,-0.0028506026029623626,-1,1,1,1
2020-09-29,TLT,2020,0.0011537845347065563,-1,1,1,1
2020-09-30,TLT,2020,-0.009631150501086939,-1,1,-1,1
2020-10-01,TLT,2020,0.0016472953613295505,-1,1,0,1
2020-10-02,TLT,2020,-0.003740249566712426,-1,1,1,1
2020-10-05,TLT,2020,-0.019732292404029964,1,1,-1,-1
2020-10-06,TLT,2020,0.00537431336271224,0,1,0,-1
2020-10-07,TLT,2020,-0.007319362380764816,1,1,0,-1
2020-10-08,TLT,2020,0.0053850930833788824,1,1,1,1
2020-10-09,TLT,2020,-0.00018746753741102402,1,1,1,-1
2020-10-12,TLT,2020,0.003180919473910316,0,1,1,-1
2020-10-13,TLT,2020,0.00713545829477265,-1,1,1,-1
2020-10-14,TLT,2020,0.0022847979233949285,-1,1,-1,-1
2020-10-15,TLT,2020,-0.0017286108620808978,-1,1,-1,-1
2020-10-16,TLT,2020,-0.0027851727722783153,-1,1,1,-1
2020-10-19,TLT,2020,-0.003786448620464192,-1,1,1,1
2020-10-20,TLT,2020,-0.009561699440255431,1,1,1,1
2020-10-21,TLT,2020,-0.003459680592356161,1,1,1,1
2020-10-22,TLT,2020,-0.010451443139631592,1,1,0,1
2020-10-23,TLT,2020,0.0060945878844077365,0,1,1,1
2020-10-26,TLT,2020,0.009260153064049136,-1,1,1,1
2020-10-27,TLT,2020,0.006686488774149256,-1,1,1,1
2020-10-28,TLT,2020,0.0009341886346570361,0,1,1,1
2020-10-29,TLT,2020,-0.00975506596304674,1,1,1,1
2020-10-30,TLT,2020,-0.009914502460327974,1,1,1,1
2020-11-02,TLT,2020,0.007462299279969884,-1,1,1,1
2020-11-03,TLT,2020,-0.0058178888110918215,-1,1,1,1
2020-11-04,TLT,2020,0.02146031854408684,-1,1,0,1
2020-11-05,TLT,2020,0.0017364913558181633,-1,1,-1,1
2020-11-06,TLT,2020,-0.012158198216448106,-1,1,-1,1
2020-11-09,TLT,2020,-0.021239607726034438,1,1,1,1
2020-11-10,TLT,2020,-0.005782769431482823,1,1,1,1
2020-11-11,TLT,2020,0.003602363324146144,1,1,1,1
2020-11-12,TLT,2020,0.01687389973897759,1,1,1,1
2020-11-13,TLT,2020,-0.001325989349712011,1,1,-1,1
2020-11-16,TLT,2020,-0.0024062317675686454,1,1,1,1
2020-11-17,TLT,2020,0.006507157994789883,0,1,1,1
2020-11-18,TLT,2020,0.0028921112861624815,0,1,1,1
2020-11-19,TLT,2020,0.005135088182478337,0,1,1,1
2020-11-20,TLT,2020,0.008831249004010267,-1,1,1,1
2020-11-23,TLT,2020,-0.004592464324629083,-1,1,1,1
2020-11-24,TLT,2020,-0.010001294794734375,-1,1,1,1
2020-11-25,TLT,2020,-0.0030844790852092296,-1,1,1,1
2020-11-27,TLT,2020,0.009658988212266578,-1,1,1,1
2020-11-30,TLT,2020,-0.0012497408033498645,-1,1,1,1
2020-12-01,TLT,2020,-0.014853282054813706,0,1,1,1
2020-12-02,TLT,2020,-0.00796801872445984,0,1,1,1
2020-12-03,TLT,2020,0.008031018497693129,0,1,1,1
2020-12-04,TLT,2020,-0.014773925249735602,1,1,1,1
2020-12-07,TLT,2020,0.00898012494336019,1,1,1,1
2020-12-08,TLT,2020,0.0047142205222266914,0,1,1,1
2020-12-09,TLT,2020,-0.003310309390296497,0,1,1,1
2020-12-10,TLT,2020,0.00882470367858893,-1,1,1,1
2020-12-11,TLT,2020,0.003533375477036327,-1,1,1,1
2020-12-14,TLT,2020,-0.002775469754354814,-1,1,0,1
2020-12-15,TLT,2020,-0.0033529219529966304,0,1,1,1
2020-12-16,TLT,2020,-0.002665514919383199,0,1,1,1
2020-12-17,TLT,2020,-0.0026490344478778396,0,1,1,1
2020-12-18,TLT,2020,-0.00300199558648943,1,1,1,1
2020-12-21,TLT,2020,0.003957974218979106,0,1,1,1
2020-12-22,TLT,2020,0.005147480769307215,0,1,1,1
2020-12-23,TLT,2020,-0.006932753083799971,1,1,1,1
2020-12-24,TLT,2020,0.0039490515320690514,0,1,1,1
2020-12-28,TLT,2020,0.00044535197808400314,-1,1,1,1
2020-12-29,TLT,2020,-0.0012720614280731766,-1,1,1,1
2020-12-30,TLT,2020,0.0021606584826663203,-1,1,1,1
2020-12-31,TLT,2020,0.00145984358243104,-1,1,1,1
2021-01-04,TLT,2021,-0.0012058046056235882,-1,1,0,-1
2021-01-05,TLT,2021,-0.00745427028962933,-1,1,1,-1
2021-01-06,TLT,2021,-0.02074162884436583,0,1,0,-1
2021-01-07,TLT,2021,-0.008853429334993565,0,1,1,-1
2021-01-08,TLT,2021,-0.0032325558082056992,0,1,1,-1
2021-01-11,TLT,2021,-0.0016543458972749388,1,1,1,-1
2021-01-12,TLT,2021,-0.0007943042261700074,1,1,1,-1
2021-01-13,TLT,2021,0.01119895478716239,-1,1,0,-1
2021-01-14,TLT,2021,-0.009411581355125603,0,1,1,-1
2021-01-15,TLT,2021,0.0039597891696057305,1,1,-1,-1
2021-01-19,TLT,2021,0.003221927878992637,1,1,1,-1
2021-01-20,TLT,2021,0.0009843271670450565,1,1,1,-1
2021-01-21,TLT,2021,-0.007042515126623087,1,1,1,-1
2021-01-22,TLT,2021,0.0032314865392967344,0,1,1,-1
2021-01-25,TLT,2021,0.01171665805472299,-1,1,1,-1
2021-01-26,TLT,2021,-0.001889530237573367,-1,1,1,-1
2021-01-27,TLT,2021,0.002539671708999608,-1,1,1,-1
2021-01-28,TLT,2021,-0.005542987469428248,-1,1,1,-1
2021-01-29,TLT,2021,-0.006034430154425962,-1,1,1,-1
2021-02-01,TLT,2021,0.0011585846542253309,-1,1,1,-1
2021-02-02,TLT,2021,-0.0064680213020271585,-1,1,1,-1
2021-02-03,TLT,2021,-0.008912027302607893,0,1,1,-1
2021-02-04,TLT,2021,-0.002676438136166647,0,1,1,1
2021-02-05,TLT,2021,-0.008408910329487526,0,1,0,1
2021-02-08,TLT,2021,0.004381235371274297,-1,1,1,1
2021-02-09,TLT,2021,0.0007395056674173044,-1,1,1,1
2021-02-10,TLT,2021,0.006632034071707884,-1,1,1,1
2021-02-11,TLT,2021,-0.005490012870230633,-1,1,1,1
2021-02-12,TLT,2021,-0.012497066542637263,-1,1,-1,1
2021-02-16,TLT,2021,-0.015343855900823966,-1,1,1,1
2021-02-17,TLT,2021,0.006330144683574401,-1,1,1,1
2021-02-18,TLT,2021,-0.004054778161676112,-1,1,1,1
2021-02-19,TLT,2021,-0.013381148187607281,0,1,1,1
2021-02-22,TLT,2021,-0.007637376288936576,0,1,1,1
2021-02-23,TLT,2021,-0.0028877221322061745,0,1,1,1
2021-02-24,TLT,2021,-0.006581171824352802,0,1,0,1
2021-02-25,TLT,2021,-0.01646564040958977,0,1,0,1
2021-02-26,TLT,2021,0.03252441020112677,-1,1,0,1
2021-03-01,TLT,2021,-0.013295512896799868,-1,1,1,1
2021-03-02,TLT,2021,7.126907681866354e-05,-1,1,1,1
2021-03-03,TLT,2021,-0.010905498032322125,0,1,0,1
2021-03-04,TLT,2021,-0.006470295651222939,0,1,1,1
2021-03-05,TLT,2021,0.0019453501099104987,-1,1,1,1
2021-03-08,TLT,2021,-0.007805271326797518,-1,1,1,-1
2021-03-09,TLT,2021,0.013762814167843772,-1,1,1,-1
2021-03-10,TLT,2021,0.0020017245711032782,-1,1,1,-1
2021-03-11,TLT,2021,-0.007239923904880966,-1,1,1,-1
2021-03-12,TLT,2021,-0.02144972936498541,-1,1,1,-1
2021-03-15,TLT,2021,0.005862738132397001,-1,1,1,-1
2021-03-16,TLT,2021,-0.004026895584563589,1,1,0,-1
2021-03-17,TLT,2021,-0.007510939750210933,1,1,0,-1
2021-03-18,TLT,2021,-0.010177883032703094,1,1,1,1
2021-03-19,TLT,2021,0.006178434120007547,1,1,1,1
2021-03-22,TLT,2021,0.011143556754583799,-1,1,1,1
2021-03-23,TLT,2021,0.008986893802467163,-1,1,0,1
2021-03-24,TLT,2021,0.00536696605771586,-1,1,1,-1
2021-03-25,TLT,2021,-0.007916460714905633,0,1,0,-1
2021-03-26,TLT,2021,-0.0035059697923499424,0,1,1,-1
2021-03-29,TLT,2021,-0.008524647930949073,1,1,0,-1
2021-03-30,TLT,2021,0.0052261178558050255,0,1,0,-1
2021-03-31,TLT,2021,-0.005595885269166724,1,1,-1,-1
2021-04-01,TLT,2021,0.01646163453893745,0,1,1,-1
2021-04-05,TLT,2021,-0.004372727222398437,0,1,1,-1
2021-04-06,TLT,2021,0.00676974751964803,0,1,1,-1
2021-04-07,TLT,2021,-0.0069892333409919795,1,1,1,-1
2021-04-08,TLT,2021,0.008221338273479819,1,1,1,-1
2021-04-09,TLT,2021,-0.003629125229737451,1,1,1,-1
2021-04-12,TLT,2021,-0.00043657265933537697,1,1,1,-1
2021-04-13,TLT,2021,0.007465540745076508,1,1,1,-1
2021-04-14,TLT,2021,-0.00318208778951939,1,1,1,-1
2021-04-15,TLT,2021,0.016595893946522982,0,1,-1,-1
2021-04-16,TLT,2021,-0.0077972557371080616,1,1,1,-1
2021-04-19,TLT,2021,-0.002876105519954223,1,1,1,-1
2021-04-20,TLT,2021,0.004598460910901028,0,1,1,-1
2021-04-21,TLT,2021,0.0020053024336224093,-1,1,1,-1
2021-04-22,TLT,2021,0.004354198959485957,-1,1,1,-1
2021-04-23,TLT,2021,-0.0023533007125151927,-1,1,1,-1
2021-04-26,TLT,2021,-0.0014290001639726292,-1,1,1,-1
2021-04-27,TLT,2021,-0.008761052509797826,1,1,1,-1
2021-04-28,TLT,2021,0.0006487084286497525,1,1,1,-1
2021-04-29,TLT,2021,-0.002959689856798065,1,1,-1,1
2021-04-30,TLT,2021,0.002310981428148172,1,1,1,1
2021-05-03,TLT,2021,0.0005991668706245432,0,1,0,1
2021-05-04,TLT,2021,0.006763124130175573,-1,1,1,1
2021-05-05,TLT,2021,0.0016478243030475534,-1,1,1,1
2021-05-06,TLT,2021,0.0016453088511805024,-1,1,-1,1
2021-05-07,TLT,2021,-0.004943677264590449,-1,1,1,1
2021-05-10,TLT,2021,-0.010178689408136744,0,1,1,1
2021-05-11,TLT,2021,-0.0056759765376065,-1,1,-1,1
2021-05-12,TLT,2021,-0.01056302910441477,0,1,0,1
2021-05-13,TLT,2021,0.001547537099110446,1,1,-1,-1
2021-05-14,TLT,2021,0.009307669846737683,1,1,1,-1
2021-05-17,TLT,2021,-0.0021177941626547908,1,1,1,1
2021-05-18,TLT,2021,-0.0025617823260915577,1,1,1,1
2021-05-19,TLT,2021,-0.002421510456052592,1,1,1,1
2021-05-20,TLT,2021,0.00819443348186644,1,1,1,1
2021-05-21,TLT,2021,0.0032013256725908863,1,1,1,-1
2021-05-24,TLT,2021,0.0036975145994149515,0,1,1,-1
2021-05-25,TLT,2021,0.009220845405598643,-1,1,1,-1
2021-05-26,TLT,2021,-0.0017227472808197778,-1,1,1,-1
2021-05-27,TLT,2021,-0.004029964652361708,1,1,1,-1
2021-05-28,TLT,2021,-0.0015879201448941078,1,1,1,-1
2021-06-01,TLT,2021,-0.00022438021479369514,1,1,1,-1
2021-06-02,TLT,2021,0.002312426715918454,1,1,1,-1
2021-06-03,TLT,2021,-0.0037608504322588156,1,1,1,-1
2021-06-04,TLT,2021,0.013602187416465085,1,1,0,-1
2021-06-07,TLT,2021,-0.0030785336438740483,1,1,1,-1
2021-06-08,TLT,2021,0.007001936749300136,1,1,1,-1
2021-06-09,TLT,2021,0.008790163444893976,-1,1,1,-1
2021-06-10,TLT,2021,0.005980849274869166,0,1,0,-1
2021-06-11,TLT,2021,-0.0016150215368886858,1,1,1,-1
2021-06-14,TLT,2021,-0.007688340756000653,1,1,1,-1
2021-06-15,TLT,2021,-0.001204652624204537,1,1,-1,-1
2021-06-16,TLT,2021,-0.0008513277602042057,1,1,0,-1
2021-06-17,TLT,2021,0.014860926905790956,0,1,0,-1
2021-06-18,TLT,2021,0.01863136508012432,-1,1,1,-1
2021-06-21,TLT,2021,-0.016884715582311617,0,1,1,-1
2021-06-22,TLT,2021,0.002439384315637511,0,1,1,-1
2021-06-23,TLT,2021,-0.0025789938981122394,1,1,1,-1
2021-06-24,TLT,2021,0.0016038272885192848,1,1,1,-1
2021-06-25,TLT,2021,-0.010437284345509905,1,1,0,-1
2021-06-28,TLT,2021,0.010228422838798204,1,1,1,-1
2021-06-29,TLT,2021,0.0016714450263610114,1,1,1,-1
2021-06-30,TLT,2021,0.004443429407502951,1,1,-1,-1
2021-07-01,TLT,2021,5.566791937755127e-05,1,1,1,-1
2021-07-02,TLT,2021,0.006016214214450829,1,1,1,-1
2021-07-06,TLT,2021,0.011652925146469935,-1,1,-1,-1
2021-07-07,TLT,2021,0.0088200714100356,-1,1,-1,-1
2021-07-08,TLT,2021,0.003910161456255403,0,1,-1,-1
2021-07-09,TLT,2021,-0.014162464034072071,1,1,1,-1
2021-07-12,TLT,2021,-0.001297577419282121,1,1,1,-1
2021-07-13,TLT,2021,-0.007683197396403387,1,1,0,-1
2021-07-14,TLT,2021,0.011298392128237496,1,1,1,-1
2021-07-15,TLT,2021,0.01096989053663597,0,1,-1,1
2021-07-16,TLT,2021,-0.0018875450246048661,0,1,1,1
2021-07-19,TLT,2021,0.021691409686639424,-1,1,-1,1
2021-07-20,TLT,2021,-0.009686388069235457,0,1,0,1
2021-07-21,TLT,2021,-0.012747745638853936,1,1,1,1
2021-07-22,TLT,2021,0.009409128892684452,0,1,0,1
2021-07-23,TLT,2021,-0.006711227026226209,1,1,1,1
2021-07-26,TLT,2021,-0.0029678411299220273,1,1,1,1
2021-07-27,TLT,2021,0.010614686681903266,1,1,1,1
2021-07-28,TLT,2021,6.693089187494786e-05,1,1,1,1
2021-07-29,TLT,2021,-0.005561220811143502,1,1,1,1
2021-07-30,TLT,2021,0.004692532414241271,-1,1,1,-1
2021-08-02,TLT,2021,0.00887961421208019,-1,1,1,-1
2021-08-03,TLT,2021,0.0005307751845427341,-1,1,1,-1
2021-08-04,TLT,2021,0.0020541270440923233,-1,1,0,-1
2021-08-05,TLT,2021,-0.005110180393552952,-1,1,1,1
2021-08-06,TLT,2021,-0.016842186639062843,1,1,1,1
2021-08-09,TLT,2021,-0.0035930739688644357,1,1,1,1
2021-08-10,TLT,2021,-0.004628605035388342,1,1,1,1
2021-08-11,TLT,2021,-0.0006142699845527439,1,1,0,1
2021-08-12,TLT,2021,-0.001639652103232057,1,1,1,1
2021-08-13,TLT,2021,0.01567271847265761,1,1,0,1
2021-08-16,TLT,2021,0.0024199209881216807,1,1,1,1
2021-08-17,TLT,2021,-0.00040254780005989464,0,1,1,1
2021-08-18,TLT,2021,0.0033534735340160168,-1,1,1,1
2021-08-19,TLT,2021,0.0073379319419329585,-1,1,1,1
2021-08-20,TLT,2021,0.000664756784637104,-1,1,1,1
2021-08-23,TLT,2021,-0.0006647567846371183,-1,1,-1,1
2021-08-24,TLT,2021,-0.007806608002676295,0,1,1,1
2021-08-25,TLT,2021,-0.008341367320074228,0,1,0,1
2021-08-26,TLT,2021,0.0027653646974916484,1,1,1,1
2021-08-27,TLT,2021,0.006780899659906083,-1,1,1,1
2021-08-30,TLT,2021,0.002605862611919418,-1,1,1,1
2021-08-31,TLT,2021,-0.006829796071888768,0,1,0,-1
2021-09-01,TLT,2021,0.0016737398008930904,1,1,-1,-1
2021-09-02,TLT,2021,0.0043561553023683695,-1,1,1,-1
2021-09-03,TLT,2021,-0.00913644715654383,1,1,1,-1
2021-09-07,TLT,2021,-0.008471567282377832,1,1,1,-1
2021-09-08,TLT,2021,0.006782813891439,1,1,1,-1
2021-09-09,TLT,2021,0.012028112413882026,0,1,1,-1
2021-09-10,TLT,2021,-0.008855467281810348,1,1,1,-1
2021-09-13,TLT,2021,0.006045791237770886,1,1,1,-1
2021-09-14,TLT,2021,0.012050699875133939,0,1,0,-1
2021-09-15,TLT,2021,-0.0035134989995914455,1,1,-1,-1
2021-09-16,TLT,2021,-0.004592892843894005,-1,1,1,-1
2021-09-17,TLT,2021,-0.004815360708069984,-1,1,1,-1
2021-09-20,TLT,2021,0.012325799826995788,-1,1,1,-1
2021-09-21,TLT,2021,-0.0008614881538558603,-1,1,1,-1
2021-09-22,TLT,2021,0.005947099800126655,-1,1,-1,-1
2021-09-23,TLT,2021,-0.022855973688532354,-1,1,0,-1
2021-09-24,TLT,2021,-0.00982164106278985,-1,1,1,-1
2021-09-27,TLT,2021,-0.003682446111012948,-1,1,1,-1
2021-09-28,TLT,2021,-0.015699815520480505,0,1,0,-1
2021-09-29,TLT,2021,0.0017337196895570478,0,1,1,-1
2021-09-30,TLT,2021,-0.00013869757969826678,-1,1,1,-1
2021-10-01,TLT,2021,0.008380443014319672,-1,1,-1,-1
2021-10-04,TLT,2021,-0.002548598296093075,-1,1,-1,-1
2021-10-05,TLT,2021,-0.009703279410885134,0,1,1,1
2021-10-06,TLT,2021,0.005625596694293575,1,1,1,-1
2021-10-07,TLT,2021,-0.010513059123919642,1,1,-1,-1
2021-10-08,TLT,2021,-0.007023195907381154,1,1,-1,-1
2021-10-11,TLT,2021,-0.0025410756028460906,1,1,1,-1
2021-10-12,TLT,2021,0.016955704327296303,0,1,1,1
2021-10-13,TLT,2021,0.009679192440684103,-1,1,1,1
2021-10-14,TLT,2021,0.0037083942685289016,-1,1,1,-1
2021-10-15,TLT,2021,-0.005843523080536598,-1,1,1,-1
2021-10-18,TLT,2021,0.00467779558153864,-1,1,1,-1
2021-10-19,TLT,2021,-0.013890328929805637,1,1,-1,-1
2021-10-20,TLT,2021,-0.006773414166109835,1,1,1,-1
2021-10-21,TLT,2021,-0.0011918509185249808,1,1,1,1
2021-10-22,TLT,2021,0.01095314043336871,1,1,-1,1
2021-10-25,TLT,2021,-0.0015278986831290672,1,1,1,1
2021-10-26,TLT,2021,0.008234926174805432,1,1,1,1
2021-10-27,TLT,2021,0.018031216763573908,-1,1,0,1
2021-10-28,TLT,2021,-0.0033903221875322413,0,1,0,1
2021-10-29,TLT,2021,0.0030509729416173252,1,1,1,1
2021-11-01,TLT,2021,-0.007225314867282058,1,1,1,1
2021-11-02,TLT,2021,0.004428843034923883,1,1,1,1
2021-11-03,TLT,2021,-0.010387940654087541,1,1,0,1
2021-11-04,TLT,2021,0.010456058978840693,0,1,0,1
2021-11-05,TLT,2021,0.014844668219570223,-1,1,1,1
2021-11-08,TLT,2021,-0.0018767253468611412,-1,1,1,1
2021-11-09,TLT,2021,0.012934263964318675,-1,1,-1,1
2021-11-10,TLT,2021,-0.018452327458338864,0,1,0,1
2021-11-11,TLT,2021,-0.0014856035452205485,-1,1,1,1
2021-11-12,TLT,2021,-0.004402148214162021,0,1,0,1
2021-11-15,TLT,2021,-0.012636498710346568,0,1,0,1
2021-11-16,TLT,2021,-0.0025465626331349885,0,1,0,0
2021-11-17,TLT,2021,0.007893825001383569,0,1,0,0
2021-11-18,TLT,2021,0.0037536100622671585,1,1,1,0
2021-11-19,TLT,2021,0.010502975486342832,1,1,1,0
2021-11-22,TLT,2021,-0.01179811061486757,1,1,0,0
2021-11-23,TLT,2021,-0.014564743871730332,1,1,0,0
2021-11-24,TLT,2021,0.015928127235621484,1,1,0,0
2021-11-26,TLT,2021,0.02495474839197913,1,1,1,0
2021-11-29,TLT,2021,-0.008070977503090567,1,1,0,0
2021-11-30,TLT,2021,0.015088256924860119,0,1,0,0
2021-12-01,TLT,2021,0.006149565966615533,-1,1,0,0
2021-12-02,TLT,2021,0.0012464455758835755,-1,1,-1,0
2021-12-03,TLT,2021,0.011862230291188745,-1,1,1,0
2021-12-06,TLT,2021,-0.013830494615865909,0,1,1,0
2021-12-07,TLT,2021,-0.008112750704801282,0,1,1,0
2021-12-08,TLT,2021,-0.01743598867055793,0,1,1,0
2021-12-09,TLT,2021,0.00557758936720209,0,1,-1,0
2021-12-10,TLT,2021,-0.0024155031483584738,1,1,1,0
2021-12-13,TLT,2021,0.014670882513972578,-1,1,1,0
2021-12-14,TLT,2021,-0.002386345445781165,-1,1,1,0
2021-12-15,TLT,2021,-0.009668398476754518,0,1,1,0
2021-12-16,TLT,2021,0.0003895959006841749,0,1,1,0
2021-12-17,TLT,2021,0.011268048327507463,-1,1,-1,0
2021-12-20,TLT,2021,-0.007520044987599737,-1,1,-1,0
2021-12-21,TLT,2021,-0.0038146698049460414,-1,1,1,0
2021-12-22,TLT,2021,0.004615967515084137,-1,1,1,0
2021-12-23,TLT,2021,-0.008715165350122112,0,1,-1,0
2021-12-27,TLT,2021,0.002420788267754218,-1,1,1,0
2021-12-28,TLT,2021,-0.003970657498141728,-1,1,1,0
2021-12-29,TLT,2021,-0.01098465366519004,-1,1,-1,0
2021-12-30,TLT,2021,0.00835098754185154,-1,1,-1,1
2021-12-31,TLT,2021,0.00195895938914628,-1,1,1,1
2022-01-03,TLT,2022,-0.02660023632150776,0,1,1,-1
2022-01-04,TLT,2022,-0.004166879059553739,0,1,-1,-1
2022-01-05,TLT,2022,-0.005443150734933768,0,1,-1,-1
2022-01-06,TLT,2022,0.0025856667749857673,1,1,-1,-1
2022-01-07,TLT,2022,-0.0072138206863842525,0,1,-1,-1
2022-01-10,TLT,2022,0.0024567671345203383,-1,1,-1,-1
2022-01-11,TLT,2022,0.006639404088637258,-1,1,-1,-1
2022-01-12,TLT,2022,-0.003838590430392517,-1,1,1,-1
2022-01-13,TLT,2022,0.00884141728015477,0,1,1,-1
2022-01-14,TLT,2022,-0.015224565798147327,0,1,0,-1
2022-01-18,TLT,2022,-0.01417471232202599,1,1,1,-1
2022-01-19,TLT,2022,0.006899877255768612,0,1,0,-1
2022-01-20,TLT,2022,0.006147935448123548,1,1,1,-1
2022-01-21,TLT,2022,0.011836135695030404,0,1,0,-1
2022-01-24,TLT,2022,-0.008249642192578607,0,1,0,-1
2022-01-25,TLT,2022,-0.001615711683138705,0,1,1,-1
2022-01-26,TLT,2022,-0.012167802381134456,1,1,0,-1
2022-01-27,TLT,2022,0.018196692489909957,-1,1,1,-1
2022-01-28,TLT,2022,0.0003491433257457527,-1,1,0,-1
2022-01-31,TLT,2022,-0.005182954076919046,-1,1,-1,1
2022-02-01,TLT,2022,-0.0033251614359273147,-1,1,1,1
2022-02-02,TLT,2022,0.0033809180603036476,-1,1,0,1
2022-02-03,TLT,2022,-0.007836206106046316,-1,1,1,1
2022-02-04,TLT,2022,-0.014852359597282457,0,1,1,1
2022-02-07,TLT,2022,0.0006472620459269331,-1,1,1,1
2022-02-08,TLT,2022,-0.006708271983559585,-1,1,1,1
2022-02-09,TLT,2022,0.0018796207584481197,-1,1,1,1
2022-02-10,TLT,2022,-0.016019996768666618,0,1,0,1
2022-02-11,TLT,2022,0.014719693782796837,0,1,0,1
2022-02-14,TLT,2022,-0.012519437989023824,1,1,1,1
2022-02-15,TLT,2022,-0.011418054170186537,1,1,1,1
2022-02-16,TLT,2022,0.005909173458830958,0,1,1,1
2022-02-17,TLT,2022,0.007410991564521495,0,1,0,1
2022-02-18,TLT,2022,0.010472252147932366,1,1,1,1
2022-02-22,TLT,2022,0.002600594123760421,1,1,1,1
2022-02-23,TLT,2022,-0.013877103408745322,0,1,1,1
2022-02-24,TLT,2022,0.0006580287617949767,0,1,0,1
2022-02-25,TLT,2022,0.0007311256186152529,1,1,1,1
2022-02-28,TLT,2022,0.021681432247630177,0,1,-1,1
2022-03-01,TLT,2022,0.011495697508767723,-1,1,-1,1
2022-03-02,TLT,2022,-0.034780470803646886,0,1,0,1
2022-03-03,TLT,2022,0.010134015190999863,-1,1,1,1
2022-03-04,TLT,2022,0.017116423389817195,-1,1,1,1
2022-03-07,TLT,2022,-0.0076589250286396285,-1,1,1,1
2022-03-08,TLT,2022,-0.010110830234853678,-1,1,1,1
2022-03-09,TLT,2022,-0.009847194608760752,-1,1,1,1
2022-03-10,TLT,2022,-0.01447140555452609,-1,1,1,1
2022-03-11,TLT,2022,0.0033411075002881406,-1,1,1,1
2022-03-14,TLT,2022,-0.02362583050466265,-1,1,-1,1
2022-03-15,TLT,2022,-0.00174737036786094,-1,1,1,1
2022-03-16,TLT,2022,0.009760229556764153,0,1,0,1
2022-03-17,TLT,2022,-0.007481789827428063,0,1,0,1
2022-03-18,TLT,2022,0.012138743954454193,-1,1,-1,1
2022-03-21,TLT,2022,-0.023428650975602434,0,1,-1,1
2022-03-22,TLT,2022,-0.012894773882211486,1,1,-1,1
2022-03-23,TLT,2022,0.021678350899569997,0,1,0,1
2022-03-24,TLT,2022,-0.007863533172587457,1,1,1,1
2022-03-25,TLT,2022,-0.013970127117971087,1,1,1,1
2022-03-28,TLT,2022,0.00851312369299838,1,1,1,1
2022-03-29,TLT,2022,0.007524098367011263,-1,1,-1,1
2022-03-30,TLT,2022,0.007771698872863212,-1,1,1,1
2022-03-31,TLT,2022,0.0024253687879573793,-1,1,-1,1
2022-04-01,TLT,2022,0.003799516456602673,-1,1,-1,1
2022-04-04,TLT,2022,-0.006973872551640578,-1,1,-1,1
2022-04-05,TLT,2022,-0.02285141481345145,-1,1,0,1
2022-04-06,TLT,2022,-0.00812705452388182,-1,1,-1,1
2022-04-07,TLT,2022,-0.007560691569489148,-1,1,-1,1
2022-04-08,TLT,2022,-0.01089032337154201,-1,1,-1,1
2022-04-11,TLT,2022,-0.015951295004899783,-1,1,-1,1
2022-04-12,TLT,2022,-0.0013813591312089137,-1,1,-1,1
2022-04-13,TLT,2022,0.0020308966339115933,-1,1,-1,1
2022-04-14,TLT,2022,-0.02024898619209445,0,1,0,1
2022-04-18,TLT,2022,-0.004981581694976296,1,1,1,1
2022-04-19,TLT,2022,-0.00751876215672715,1,1,-1,1
2022-04-20,TLT,2022,0.019926123667676692,0,1,-1,1
2022-04-21,TLT,2022,-0.007425779815973315,0,1,-1,1
2022-04-22,TLT,2022,-0.006314005693555912,0,1,-1,1
2022-04-25,TLT,2022,0.009951062518173128,-1,1,-1,1
2022-04-26,TLT,2022,0.010016543046405793,-1,1,-1,1
2022-04-27,TLT,2022,-0.01290905598538656,-1,1,1,1
2022-04-28,TLT,2022,0.0014886145449830017,-1,1,-1,1
2022-04-29,TLT,2022,-0.013057698773182991,-1,1,-1,-1
2022-05-02,TLT,2022,-0.017486016947535626,-1,1,-1,-1
2022-05-03,TLT,2022,0.006719414081445759,-1,1,1,-1
2022-05-04,TLT,2022,0.005494649287646264,0,1,-1,-1
2022-05-05,TLT,2022,-0.027780772763652692,1,1,1,-1
2022-05-06,TLT,2022,-0.014844849221539825,1,1,-1,-1
2022-05-09,TLT,2022,0.00875896127986659,0,1,-1,-1
2022-05-10,TLT,2022,0.009028812483970913,-1,1,-1,-1
2022-05-11,TLT,2022,0.019088637759527897,0,1,0,-1
2022-05-12,TLT,2022,-0.0018669361670034068,0,1,-1,-1
2022-05-13,TLT,2022,-0.01489101158063406,1,1,1,-1
2022-05-16,TLT,2022,-0.0010352690625929095,0,1,-1,-1
2022-05-17,TLT,2022,-0.012157010682909584,1,1,-1,-1
2022-05-18,TLT,2022,0.021093423546490245,1,1,0,-1
2022-05-19,TLT,2022,0.0023919510393848637,1,1,-1,-1
2022-05-20,TLT,2022,0.011286230902374315,0,1,-1,-1
2022-05-23,TLT,2022,-0.01659087398657753,0,1,0,-1
2022-05-24,TLT,2022,0.019540222182789103,-1,1,-1,-1
2022-05-25,TLT,2022,0.003946339373590675,-1,1,-1,-1
2022-05-26,TLT,2022,-0.004535438031590649,-1,1,1,1
2022-05-27,TLT,2022,0.0024380695806864023,-1,1,-1,1
2022-05-31,TLT,2022,-0.021389193105475605,-1,1,-1,1
2022-06-01,TLT,2022,-0.0011439614482518714,-1,1,1,1
2022-06-02,TLT,2022,0.0005162881156327722,-1,1,-1,1
2022-06-03,TLT,2022,-0.002152472549085026,-1,1,-1,1
2022-06-06,TLT,2022,-0.018615657824648357,-1,1,-1,1
2022-06-07,TLT,2022,0.010742019510589274,-1,1,1,1
2022-06-08,TLT,2022,-0.008899736381115266,-1,1,-1,1
2022-06-09,TLT,2022,0.0033249888782322127,-1,1,-1,1
2022-06-10,TLT,2022,-0.006221722178469979,-1,1,-1,1
2022-06-13,TLT,2022,-0.03188156497563597,0,1,1,1
2022-06-14,TLT,2022,-0.012693860532327246,1,1,-1,1
2022-06-15,TLT,2022,0.018484578087926622,1,1,-1,1
2022-06-16,TLT,2022,0.007908017930024583,0,1,0,1
2022-06-17,TLT,2022,0.003217431985190409,0,1,-1,1
2022-06-21,TLT,2022,-0.0170980801732871,1,1,1,1
2022-06-22,TLT,2022,0.02712945779243698,1,1,-1,1
2022-06-23,TLT,2022,0.008181107964889113,0,1,-1,1
2022-06-24,TLT,2022,-0.013939093345109878,1,1,-1,1
2022-06-27,TLT,2022,-0.00856528520385519,1,1,-1,1
2022-06-28,TLT,2022,0.004648640775203833,1,1,1,-1
2022-06-29,TLT,2022,0.015487867783567946,0,1,1,-1
2022-06-30,TLT,2022,0.008743377719053248,-1,1,-1,-1
2022-07-01,TLT,2022,0.010214236673040554,0,1,0,-1
2022-07-05,TLT,2022,0.007826216240982937,-1,1,-1,-1
2022-07-06,TLT,2022,-0.01693334557056213,0,1,-1,-1
2022-07-07,TLT,2022,-0.00883929437800436,1,1,1,-1
2022-07-08,TLT,2022,-0.011137642242911654,1,1,-1,-1
2022-07-11,TLT,2022,0.017097684261341208,0,1,1,-1
2022-07-12,TLT,2022,0.005924109359676522,0,1,1,-1
2022-07-13,TLT,2022,0.011401094772133562,0,1,0,-1
2022-07-14,TLT,2022,-0.008191934846741323,0,1,-1,-1
2022-07-15,TLT,2022,0.005612100804209596,1,1,-1,-1
2022-07-18,TLT,2022,-0.010473168115604028,1,1,-1,-1
2022-07-19,TLT,2022,-0.005409000628635052,1,1,1,-1
2022-07-20,TLT,2022,0.0026207685870888978,1,1,1,-1
2022-07-21,TLT,2022,0.017128697994824495,0,1,-1,-1
2022-07-22,TLT,2022,0.016671503674597132,-1,1,-1,-1
2022-07-25,TLT,2022,-0.009833747736679437,1,1,-1,-1
2022-07-26,TLT,2022,0.0007668527364673559,0,1,-1,-1
2022-07-27,TLT,2022,-0.00563402740675841,1,1,-1,-1
2022-07-28,TLT,2022,0.007929090642207027,1,1,-1,-1
2022-07-29,TLT,2022,-0.002720833939522566,0,1,-1,-1
2022-08-01,TLT,2022,0.023798064648421963,-1,1,-1,-1
2022-08-02,TLT,2022,-0.02138672005850046,0,1,0,-1
2022-08-03,TLT,2022,0.015621841603271777,-1,1,0,-1
2022-08-04,TLT,2022,-0.00033498534285264075,-1,1,1,-1
2022-08-05,TLT,2022,-0.02409137265203071,-1,1,-1,-1
2022-08-08,TLT,2022,0.016012599417583227,-1,1,-1,-1
2022-08-09,TLT,2022,-0.0038946681787650453,-1,1,-1,-1
2022-08-10,TLT,2022,-0.006552781238619159,-1,1,-1,-1
2022-08-11,TLT,2022,-0.02358531092582389,0,1,0,-1
2022-08-12,TLT,2022,0.0100892730144055,-1,1,-1,-1
2022-08-15,TLT,2022,-0.000865311133557533,-1,1,-1,-1
2022-08-16,TLT,2022,0.004149004964083291,-1,1,1,-1
2022-08-17,TLT,2022,-0.010492232101345636,-1,1,-1,-1
2022-08-18,TLT,2022,0.0014808507116348178,-1,1,-1,-1
2022-08-19,TLT,2022,-0.016233458155274313,1,1,-1,1
2022-08-22,TLT,2022,-0.0033673118989800844,0,1,-1,1
2022-08-23,TLT,2022,-0.005518280908310621,0,1,-1,1
2022-08-24,TLT,2022,-0.007345628516587416,0,1,-1,1
2022-08-25,TLT,2022,0.013839855449483409,-1,1,-1,1
2022-08-26,TLT,2022,0.007509205861710809,-1,1,-1,-1
2022-08-29,TLT,2022,-0.008307521166163326,-1,1,-1,-1
2022-08-30,TLT,2022,0.002481864678655768,-1,1,-1,-1
2022-08-31,TLT,2022,-0.009606957549036652,-1,1,-1,-1
2022-09-01,TLT,2022,-0.01847787812784583,-1,1,-1,-1
2022-09-02,TLT,2022,0.0056409540392224,-1,1,-1,-1
2022-09-06,TLT,2022,-0.025080541596599133,0,1,-1,-1
2022-09-07,TLT,2022,0.015691598812866105,-1,1,-1,-1
2022-09-08,TLT,2022,-0.010310424203758715,0,1,-1,-1
2022-09-09,TLT,2022,0.0022182787590120435,-1,1,1,1
2022-09-12,TLT,2022,-0.008251200982078176,0,1,-1,1
2022-09-13,TLT,2022,0.002324765665846183,-1,1,1,1
2022-09-14,TLT,2022,0.003430504807245374,0,1,-1,1
2022-09-15,TLT,2022,-0.0006479342245916091,-1,1,-1,1
2022-09-16,TLT,2022,-0.008370798758116383,-1,1,1,1
2022-09-19,TLT,2022,0.0023328535625630623,-1,1,1,1
2022-09-20,TLT,2022,-0.010020656983160913,-1,1,-1,1
2022-09-21,TLT,2022,0.016614105992547343,-1,1,0,1
2022-09-22,TLT,2022,-0.025880244365379265,-1,1,-1,1
2022-09-23,TLT,2022,0.004076161037527172,-1,1,0,1
2022-09-26,TLT,2022,-0.019295562721209716,0,1,0,1
2022-09-27,TLT,2022,-0.026684055750374636,1,1,0,1
2022-09-28,TLT,2022,0.032933408091652926,-1,1,1,1
2022-09-29,TLT,2022,-0.005189356891251099,-1,1,1,1
2022-09-30,TLT,2022,-0.012994233167473052,0,1,0,1
2022-10-03,TLT,2022,0.01576438588175338,-1,1,-1,1
2022-10-04,TLT,2022,-0.002796992637080626,-1,1,1,1
2022-10-05,TLT,2022,-0.009607317706181132,-1,1,-1,1
2022-10-06,TLT,2022,-0.0055737362733667825,-1,1,1,1
2022-10-07,TLT,2022,-0.00975535040375538,-1,1,1,1
2022-10-10,TLT,2022,-0.015668283204897035,-1,1,-1,1
2022-10-11,TLT,2022,0.004415759403338695,-1,1,0,1
2022-10-12,TLT,2022,0.004894953499774212,-1,1,-1,1
2022-10-13,TLT,2022,-0.009612699653986425,-1,1,0,1
2022-10-14,TLT,2022,-0.008284502311825911,-1,1,0,1
2022-10-17,TLT,2022,-0.0048814612832766046,-1,1,-1,1
2022-10-18,TLT,2022,0.002341986447339201,-1,1,1,1
2022-10-19,TLT,2022,-0.018373683380938675,0,1,-1,1
2022-10-20,TLT,2022,-0.01724096822624052,1,1,-1,1
2022-10-21,TLT,2022,-0.018186959388373784,1,1,1,1
2022-10-24,TLT,2022,-0.008299081555636936,1,1,0,1
2022-10-25,TLT,2022,0.028697008521693452,1,1,-1,1
2022-10-26,TLT,2022,0.014304943346010587,0,1,-1,1
2022-10-27,TLT,2022,0.010415858046785373,-1,1,0,1
2022-10-28,TLT,2022,-0.006897440493029672,-1,1,1,1
2022-10-31,TLT,2022,-0.007153643093240827,-1,1,1,1
2022-11-01,TLT,2022,0.009302407203755978,-1,1,1,1
2022-11-02,TLT,2022,-0.004350138824264958,-1,1,0,1
2022-11-03,TLT,2022,-0.00541141460751755,1,1,1,1
2022-11-04,TLT,2022,-0.0169432624862363,1,1,1,1
2022-11-07,TLT,2022,-0.010026789891230832,1,1,1,1
2022-11-08,TLT,2022,0.010875273754181455,1,1,-1,1
2022-11-09,TLT,2022,0.0032821918138353588,1,1,1,1
2022-11-10,TLT,2022,0.03775192579326994,1,1,-1,1
2022-11-11,TLT,2022,-0.0036706585291216,1,1,-1,1
2022-11-14,TLT,2022,-0.0024545218282902514,1,1,-1,1
2022-11-15,TLT,2022,0.016050513435348895,1,1,-1,1
2022-11-16,TLT,2022,0.02163262441403287,1,1,-1,1
2022-11-17,TLT,2022,-0.01060813054867156,1,1,-1,1
2022-11-18,TLT,2022,-0.006901052532090347,1,1,1,1
2022-11-21,TLT,2022,0.004206005521849596,1,1,1,1
2022-11-22,TLT,2022,0.01409204151311344,1,1,1,1
2022-11-23,TLT,2022,0.01729127816800802,1,1,-1,1
2022-11-25,TLT,2022,-0.0033954101440049904,1,1,-1,1
2022-11-28,TLT,2022,0.0028145013306076576,1,1,1,1
2022-11-29,TLT,2022,-0.011795386798371407,1,1,-1,1
2022-11-30,TLT,2022,0.00732734473792268,1,1,-1,1
2022-12-01,TLT,2022,0.031446076161054534,1,1,0,1
2022-12-02,TLT,2022,0.012497357461020035,0,1,-1,1
2022-12-05,TLT,2022,-0.014106088298038482,1,1,-1,1
2022-12-06,TLT,2022,0.01279804255806206,0,1,-1,1
2022-12-07,TLT,2022,0.023289068992593625,-1,1,-1,1
2022-12-08,TLT,2022,-0.002744365830387262,0,1,-1,1
2022-12-09,TLT,2022,-0.02635889245655514,0,1,-1,1
2022-12-12,TLT,2022,0.00319287081217219,0,1,-1,1
2022-12-13,TLT,2022,0.009609296473951619,-1,1,-1,1
2022-12-14,TLT,2022,0.00426215991787746,-1,1,-1,1
2022-12-15,TLT,2022,0.003893974379868314,-1,1,-1,1
2022-12-16,TLT,2022,-0.011233243985263425,-1,1,1,1
2022-12-19,TLT,2022,-0.016948100224102904,-1,1,-1,1
2022-12-20,TLT,2022,-0.017916841131194444,-1,1,-1,1
2022-12-21,TLT,2022,0.0025104991023174573,-1,1,1,1
2022-12-22,TLT,2022,-0.00019271513884659588,-1,1,-1,1
2022-12-23,TLT,2022,-0.014768869286990307,-1,1,-1,1
2022-12-27,TLT,2022,-0.01997126415101967,1,1,-1,1
2022-12-28,TLT,2022,-0.005909209849863201,1,1,-1,1
2022-12-29,TLT,2022,0.011287418660436623,1,1,-1,1
2022-12-30,TLT,2022,-0.011187191688761108,1,1,-1,1
2023-01-03,TLT,2023,0.01890440499172256,1,1,-1,-1
2023-01-04,TLT,2023,0.013607289809033783,1,1,-1,-1
2023-01-05,TLT,2023,0.0041721411108235846,1,1,-1,-1
2023-01-06,TLT,2023,0.018229066248371294,0,1,0,-1
2023-01-09,TLT,2023,0.005310235688229033,0,1,-1,-1
2023-01-10,TLT,2023,-0.016688432305571804,1,1,-1,-1
2023-01-11,TLT,2023,0.016120667512874002,1,1,-1,-1
2023-01-12,TLT,2023,0.019490880866642937,0,1,0,-1
2023-01-13,TLT,2023,-0.009416550448296238,-1,1,-1,-1
2023-01-17,TLT,2023,-0.006484888597244605,1,1,-1,-1
2023-01-18,TLT,2023,0.02394250314692364,-1,1,-1,-1
2023-01-19,TLT,2023,-0.00627953854468433,-1,1,-1,-1
2023-01-20,TLT,2023,-0.016344059301623182,0,1,-1,-1
2023-01-23,TLT,2023,-0.0047188617890006005,1,1,-1,-1
2023-01-24,TLT,2023,0.014277759924935192,0,1,-1,-1
2023-01-25,TLT,2023,0.002421770934536534,1,1,-1,-1
2023-01-26,TLT,2023,-0.004662615160793075,1,1,-1,-1
2023-01-27,TLT,2023,-0.0025271007154478568,0,1,-1,-1
2023-01-30,TLT,2023,-0.003661383890253526,0,1,-1,-1
2023-01-31,TLT,2023,0.007962677437771322,-1,1,-1,-1
2023-02-01,TLT,2023,0.011949839843637032,-1,1,0,-1
2023-02-02,TLT,2023,0.0012931683585937514,-1,1,-1,-1
2023-02-03,TLT,2023,-0.01506861656399376,-1,1,-1,-1
2023-02-06,TLT,2023,-0.007431406444405716,-1,1,-1,-1
2023-02-07,TLT,2023,-0.008058368130217534,-1,1,-1,-1
2023-02-08,TLT,2023,0.00474804778255024,-1,1,-1,1
2023-02-09,TLT,2023,-0.009518410775243964,-1,1,0,1
2023-02-10,TLT,2023,-0.011252718006961362,-1,1,-1,1
2023-02-13,TLT,2023,0.008379606266479869,-1,1,-1,1
2023-02-14,TLT,2023,-0.0023047012316165924,-1,1,-1,1
2023-02-15,TLT,2023,-0.009368951406338678,0,1,-1,1
2023-02-16,TLT,2023,-0.014269292883223095,-1,1,-1,1
2023-02-17,TLT,2023,0.007746371176228798,-1,1,-1,1
2023-02-21,TLT,2023,-0.01962866173048477,1,1,-1,1
2023-02-22,TLT,2023,0.00912242160124367,-1,1,-1,1
2023-02-23,TLT,2023,0.009724551851603553,-1,1,-1,1
2023-02-24,TLT,2023,-0.013086168376082006,1,1,-1,1
2023-02-27,TLT,2023,0.0027691493301551496,0,1,-1,1
2023-02-28,TLT,2023,0.0045327847095054325,0,1,0,1
2023-03-01,TLT,2023,-0.010801320216254842,1,1,-1,1
2023-03-02,TLT,2023,-0.008906532043446304,1,1,-1,1
2023-03-03,TLT,2023,0.023937289858072915,1,1,-1,1
2023-03-06,TLT,2023,-0.007783646783072801,1,1,1,1
2023-03-07,TLT,2023,0.0061137451418011015,1,1,-1,1
2023-03-08,TLT,2023,0.0009828607725144033,1,1,-1,1
2023-03-09,TLT,2023,0.002452031694235231,1,1,1,1
2023-03-10,TLT,2023,0.03390484545327578,1,1,-1,1
2023-03-13,TLT,2023,0.002270284143251071,0,1,0,1
2023-03-14,TLT,2023,-0.01657813131690224,0,1,-1,1
2023-03-15,TLT,2023,0.01912634453604307,0,1,0,1
2023-03-16,TLT,2023,-0.007853888311340663,0,1,0,1
2023-03-17,TLT,2023,0.014897455518089723,0,1,-1,1
2023-03-20,TLT,2023,-0.008836273390081669,-1,1,-1,1
2023-03-21,TLT,2023,-0.008629095715066456,0,1,-1,1
2023-03-22,TLT,2023,0.01324523444330267,-1,1,-1,1
2023-03-23,TLT,2023,0.0,-1,1,-1,1
2023-03-24,TLT,2023,0.004220134661845489,0,1,-1,1
2023-03-27,TLT,2023,-0.023770784874260237,1,1,-1,1
2023-03-28,TLT,2023,0.0018191523529905488,1,1,-1,1
2023-03-29,TLT,2023,-0.0020112373827723302,1,1,-1,1
2023-03-30,TLT,2023,0.0045909333677020886,1,1,-1,1
2023-03-31,TLT,2023,0.014869858305363056,0,1,-1,1
2023-04-03,TLT,2023,0.004691913321648043,0,1,-1,1
2023-04-04,TLT,2023,0.00495960788419627,0,1,0,1
2023-04-05,TLT,2023,0.010400325200275944,-1,1,-1,1
2023-04-06,TLT,2023,0.002583126635259556,-1,1,-1,1
2023-04-10,TLT,2023,-0.016255989770871733,-1,1,-1,1
2023-04-11,TLT,2023,0.0020581802263575167,-1,1,-1,1
2023-04-12,TLT,2023,-0.0010285606000417996,-1,1,-1,1
2023-04-13,TLT,2023,-0.00788940932814272,-1,1,-1,1
2023-04-14,TLT,2023,-0.009188762871216316,-1,1,-1,1
2023-04-17,TLT,2023,-0.011967342258682267,1,1,-1,1
2023-04-18,TLT,2023,0.0035573857649865343,1,1,-1,1
2023-04-19,TLT,2023,-0.0009598199732720302,1,1,-1,1
2023-04-20,TLT,2023,0.00851274214121754,0,1,-1,1
2023-04-21,TLT,2023,-0.005635371213645111,1,1,-1,1
2023-04-24,TLT,2023,0.009627931597845528,-1,1,-1,1
2023-04-25,TLT,2023,0.014597336840539106,-1,1,-1,1
2023-04-26,TLT,2023,-0.010715306541511786,0,1,-1,1
2023-04-27,TLT,2023,-0.0099719650557158,1,1,-1,1
2023-04-28,TLT,2023,0.016001572620509583,-1,1,-1,1
2023-05-01,TLT,2023,-0.029258307787472865,0,1,0,1
2023-05-02,TLT,2023,0.024614697479492003,-1,1,-1,1
2023-05-03,TLT,2023,0.005566154528754861,-1,1,-1,1
2023-05-04,TLT,2023,-0.009927576155690138,0,1,1,1
2023-05-05,TLT,2023,-0.003331325937439395,-1,1,1,1
2023-05-08,TLT,2023,-0.014113951757054138,0,1,1,1
2023-05-09,TLT,2023,-0.0035838619442718394,0,1,1,1
2023-05-10,TLT,2023,0.009657058974036513,-1,1,1,1
2023-05-11,TLT,2023,0.010516513369964649,-1,1,1,1
2023-05-12,TLT,2023,-0.008404344319001692,-1,1,1,1
2023-05-15,TLT,2023,-0.010411903465088513,-1,1,1,1
2023-05-16,TLT,2023,-0.003008481831771257,-1,1,-1,1
2023-05-17,TLT,2023,-0.002920579370568552,-1,1,1,1
2023-05-18,TLT,2023,-0.007435952311283218,-1,1,1,1
2023-05-19,TLT,2023,-0.007096791244500644,0,1,1,1
2023-05-22,TLT,2023,-0.003566809051524862,1,1,0,1
2023-05-23,TLT,2023,0.0028744336362175396,1,1,1,1
2023-05-24,TLT,2023,-0.00496164975116732,1,1,1,1
2023-05-25,TLT,2023,-0.0024893476037459337,1,1,1,1
2023-05-26,TLT,2023,0.00804471330880838,1,1,1,1
2023-05-30,TLT,2023,0.00994141330777463,0,1,0,1
2023-05-31,TLT,2023,0.008679306125303746,-1,1,0,1
2023-06-01,TLT,2023,0.003915570381355035,-1,1,1,1
2023-06-02,TLT,2023,-0.01101857699735306,0,1,0,1
2023-06-05,TLT,2023,-0.001864619915023367,0,1,1,1
2023-06-06,TLT,2023,0.0058767211971648275,-1,1,1,1
2023-06-07,TLT,2023,-0.014955171046632217,1,1,1,1
2023-06-08,TLT,2023,0.011629244789752562,1,1,0,1
2023-06-09,TLT,2023,-0.0013730773818356739,1,1,1,1
2023-06-12,TLT,2023,0.0029395170459406528,1,1,0,1
2023-06-13,TLT,2023,-0.009929888952312551,1,1,0,1
2023-06-14,TLT,2023,0.007971285062068525,0,1,-1,1
2023-06-15,TLT,2023,0.009560393007093123,0,1,0,1
2023-06-16,TLT,2023,-0.0038911299409995783,1,1,1,1
2023-06-20,TLT,2023,0.006896245298813556,0,1,1,1
2023-06-21,TLT,2023,0.002416835211332208,0,1,0,1
2023-06-22,TLT,2023,-0.012143779545700806,0,1,0,1
2023-06-23,TLT,2023,0.009920260310859783,0,1,1,1
2023-06-26,TLT,2023,0.001064295164505252,-1,1,1,1
2023-06-27,TLT,2023,-0.002614147989250356,-1,1,0,1
2023-06-28,TLT,2023,0.004256223755572846,-1,1,1,1
2023-06-29,TLT,2023,-0.01821354747295002,-1,1,1,1
2023-06-30,TLT,2023,0.011725896346859539,-1,1,0,1
2023-07-03,TLT,2023,-0.005684920670573635,-1,1,1,1
2023-07-05,TLT,2023,-0.009547910934070735,0,1,0,1
2023-07-06,TLT,2023,-0.014244156060999122,1,1,-1,1
2023-07-07,TLT,2023,-0.006037418815542326,1,1,1,0
2023-07-10,TLT,2023,0.0013111400044730469,1,1,1,1
2023-07-11,TLT,2023,0.005127695029574178,1,1,1,1
2023-07-12,TLT,2023,0.011069457014459954,1,1,0,1
2023-07-13,TLT,2023,0.010457974324133729,0,1,1,1
2023-07-14,TLT,2023,-0.005906078766749304,0,1,1,1
2023-07-17,TLT,2023,0.0004933649624459037,0,1,1,1
2023-07-18,TLT,2023,0.004529039691027928,-1,1,1,1
2023-07-19,TLT,2023,0.011233072955135216,-1,1,0,0
2023-07-20,TLT,2023,-0.012215754971120625,-1,1,-1,0
2023-07-21,TLT,2023,0.0002945647366556706,-1,1,1,1
2023-07-24,TLT,2023,-0.003643439047916266,-1,1,1,1
2023-07-25,TLT,2023,-0.0018764673572307137,-1,1,1,1
2023-07-26,TLT,2023,0.0009879134689582503,-1,1,1,1
2023-07-27,TLT,2023,-0.019644434011757615,-1,1,0,1
2023-07-28,TLT,2023,0.005122797795373573,-1,1,1,1
2023-07-31,TLT,2023,0.0024016522145709138,-1,1,1,1
2023-08-01,TLT,2023,-0.01652288523959738,-1,1,0,0
2023-08-02,TLT,2023,-0.010756465544363419,0,1,-1,0
2023-08-03,TLT,2023,-0.023341729964469062,1,1,1,0
2023-08-04,TLT,2023,0.017557602811779822,-1,1,0,0
2023-08-07,TLT,2023,-0.009890885471300312,0,1,1,0
2023-08-08,TLT,2023,0.011546487917597383,-1,1,1,0
2023-08-09,TLT,2023,0.005157953603317711,-1,1,1,0
2023-08-10,TLT,2023,-0.016599669983216304,-1,1,0,0
2023-08-11,TLT,2023,-0.0023039737562434307,-1,1,1,1
2023-08-14,TLT,2023,-0.002204322247391672,-1,1,1,1
2023-08-15,TLT,2023,-0.00611380628631212,-1,1,1,1
2023-08-16,TLT,2023,-0.007854805193146373,1,1,1,1
2023-08-17,TLT,2023,-0.004271630064429793,1,1,1,1
2023-08-18,TLT,2023,0.0035250507786485576,1,1,1,1
2023-08-21,TLT,2023,-0.013419547589339683,1,1,1,1
2023-08-22,TLT,2023,0.007644500220136445,1,1,1,1
2023-08-23,TLT,2023,0.02447529142163743,0,1,1,1
2023-08-24,TLT,2023,-0.006615675869148063,1,1,1,1
2023-08-25,TLT,2023,0.003260859984802312,0,1,1,1
2023-08-28,TLT,2023,0.0010497256904547017,-1,1,1,1
2023-08-29,TLT,2023,0.01033230657814362,-1,1,0,1
2023-08-30,TLT,2023,-0.0010388398695420334,-1,1,1,1
2023-08-31,TLT,2023,0.004459473212311163,-1,1,1,1
2023-09-01,TLT,2023,-0.015701085770180565,-1,1,0,1
2023-09-05,TLT,2023,-0.014121585564049936,1,1,1,1
2023-09-06,TLT,2023,0.0024565374381957843,1,1,1,1
2023-09-07,TLT,2023,0.0027692850626159773,-1,1,1,1
2023-09-08,TLT,2023,0.0038223337384368033,-1,1,1,1
2023-09-11,TLT,2023,-0.007231760965407212,0,1,1,1
2023-09-12,TLT,2023,0.005747130115025486,-1,1,1,1
2023-09-13,TLT,2023,-0.00021221782127731382,-1,1,1,1
2023-09-14,TLT,2023,-0.007244271713244458,-1,1,1,1
2023-09-15,TLT,2023,-0.006112997099338477,-1,1,1,1
2023-09-18,TLT,2023,0.005684969538460567,-1,1,1,1
2023-09-19,TLT,2023,-0.007407485200825596,-1,1,-1,1
2023-09-20,TLT,2023,0.003120069396583418,-1,1,1,1
2023-09-21,TLT,2023,-0.02600955794445928,-1,1,-1,1
2023-09-22,TLT,2023,0.008016489947411786,-1,1,0,1
2023-09-25,TLT,2023,-0.024916704348323118,-1,1,0,1
2023-09-26,TLT,2023,-0.003482347181774082,-1,1,0,1
2023-09-27,TLT,2023,-0.005189455859253314,-1,1,0,1
2023-09-28,TLT,2023,0.003049487518307734,-1,1,0,1
2023-09-29,TLT,2023,0.00011278000335895148,-1,1,0,1
2023-10-02,TLT,2023,-0.016881823070351017,0,1,0,1
2023-10-03,TLT,2023,-0.021746687605531455,1,1,0,1
2023-10-04,TLT,2023,0.014009200699928913,1,1,0,1
2023-10-05,TLT,2023,-0.004997359760457661,0,1,1,1
2023-10-06,TLT,2023,-0.012191002677144052,1,1,0,1
2023-10-09,TLT,2023,0.02319870941956829,0,1,0,1
2023-10-10,TLT,2023,-0.00138362468593078,-1,1,0,1
2023-10-11,TLT,2023,0.020670848221085655,-1,1,0,1
2023-10-12,TLT,2023,-0.02750288766173023,-1,1,0,1
2023-10-13,TLT,2023,0.017734396962137446,-1,1,-1,1
2023-10-16,TLT,2023,-0.01622492321650061,-1,1,-1,1
2023-10-17,TLT,2023,-0.011081883802614254,0,1,-1,1
2023-10-18,TLT,2023,-0.008837113813596423,-1,1,-1,1
2023-10-19,TLT,2023,-0.020685358711223095,1,1,0,1
2023-10-20,TLT,2023,0.005662101055201424,1,1,-1,1
2023-10-23,TLT,2023,0.01194196817410801,0,1,0,1
2023-10-24,TLT,2023,0.013090584860578677,-1,1,-1,1
2023-10-25,TLT,2023,-0.02251295089295669,1,1,-1,1
2023-10-26,TLT,2023,0.015222222631924283,1,1,-1,1
2023-10-27,TLT,2023,-0.0042580250659502075,1,1,0,1
2023-10-30,TLT,2023,-0.0045138268281096775,1,1,-1,1
2023-10-31,TLT,2023,-0.004893542495861729,1,1,-1,-1
2023-11-01,TLT,2023,0.021450582259864973,1,1,1,-1
2023-11-02,TLT,2023,0.022540482295408882,0,1,1,-1
2023-11-03,TLT,2023,0.006755715589121189,0,1,-1,-1
2023-11-06,TLT,2023,-0.009746974873486684,1,1,-1,-1
2023-11-07,TLT,2023,0.014641971577606818,1,1,1,-1
2023-11-08,TLT,2023,0.016890369618727672,-1,1,1,-1
2023-11-09,TLT,2023,-0.023270003530636563,1,1,0,-1
2023-11-10,TLT,2023,0.005584219206146355,1,1,1,-1
2023-11-13,TLT,2023,-0.0022751014387723625,1,1,1,-1
2023-11-14,TLT,2023,0.022414163829640038,1,1,-1,-1
2023-11-15,TLT,2023,-0.014133465983525263,1,1,-1,-1
2023-11-16,TLT,2023,0.012349939126125828,0,1,-1,-1
2023-11-17,TLT,2023,0.004675550069802468,1,1,-1,-1
2023-11-20,TLT,2023,0.006089788483664897,1,1,-1,-1
2023-11-21,TLT,2023,-0.00044185884332453065,1,1,-1,-1
2023-11-22,TLT,2023,0.003527906585022242,1,1,-1,1
2023-11-24,TLT,2023,-0.011844915338284731,1,1,-1,1
2023-11-27,TLT,2023,0.016565790647635754,1,1,-1,1
2023-11-28,TLT,2023,0.00196958650117278,1,1,-1,1
2023-11-29,TLT,2023,0.012492714983085193,1,1,-1,1
2023-11-30,TLT,2023,-0.011618638879259152,1,1,-1,1
2023-12-01,TLT,2023,0.018658932448615894,1,1,0,1
2023-12-04,TLT,2023,-0.003986952302590826,1,1,-1,1
2023-12-05,TLT,2023,0.021258182845981372,0,1,-1,1
2023-12-06,TLT,2023,0.013229927760120592,1,1,-1,1
2023-12-07,TLT,2023,-0.005753416880523853,1,1,-1,1
2023-12-08,TLT,2023,-0.00821675961419171,1,1,-1,1
2023-12-11,TLT,2023,-0.0021177749324345738,1,1,-1,1
2023-12-12,TLT,2023,0.00296370296280141,1,1,-1,1
2023-12-13,TLT,2023,0.02319117703151853,1,1,0,1
2023-12-14,TLT,2023,0.02568045622966656,0,1,1,1
2023-12-15,TLT,2023,0.0011100499071923055,-1,1,-1,1
2023-12-18,TLT,2023,-0.007999768011770669,1,1,-1,1
2023-12-19,TLT,2023,0.005373907682256243,1,1,-1,1
2023-12-20,TLT,2023,0.006752645030074464,0,1,-1,1
2023-12-21,TLT,2023,-0.006348118095203742,0,1,-1,1
2023-12-22,TLT,2023,-0.0045589848109367425,0,1,1,1
2023-12-26,TLT,2023,0.0028390668812948877,0,1,1,1
2023-12-27,TLT,2023,0.01756469945556011,-1,1,0,1
2023-12-28,TLT,2023,-0.007289712651304625,-1,1,1,1
2023-12-29,TLT,2023,-0.009060645429111568,-1,1,0,1
2024-01-02,TLT,2024,-0.005781365260213754,-1,1,1,1
2024-01-03,TLT,2024,0.0041620593281686625,-1,1,0,1
2024-01-04,TLT,2024,-0.015310954083554935,-1,1,-1,1
2024-01-05,TLT,2024,-0.009612317447744316,0,1,0,1
2024-01-08,TLT,2024,0.009817856669136116,-1,1,1,1
2024-01-09,TLT,2024,-0.006396380184956322,-1,1,1,1
2024-01-10,TLT,2024,-0.004668235815430021,-1,1,0,1
2024-01-11,TLT,2024,0.00559909740542851,-1,1,-1,1
2024-01-12,TLT,2024,-0.001966375465275794,-1,1,-1,1
2024-01-16,TLT,2024,-0.017769895271379843,-1,1,-1,1
2024-01-17,TLT,2024,-0.0015835953902292945,-1,1,1,1
2024-01-18,TLT,2024,-0.009338501255866983,0,1,0,1
2024-01-19,TLT,2024,0.0031936071627793475,0,1,0,1
2024-01-22,TLT,2024,0.005933774440015455,0,1,-1,1
2024-01-23,TLT,2024,-0.007955594812676959,1,1,1,1
2024-01-24,TLT,2024,-0.005874538335462943,1,1,1,1
2024-01-25,TLT,2024,0.006513635745291984,1,1,1,1
2024-01-26,TLT,2024,-0.0019177921862888062,1,1,1,1
2024-01-29,TLT,2024,0.01145080170256731,0,1,1,1
2024-01-30,TLT,2024,0.009024889791620319,0,1,0,1
2024-01-31,TLT,2024,0.00977266303223953,-1,1,-1,1
2024-02-01,TLT,2024,0.01942590391030353,-1,1,-1,1
2024-02-02,TLT,2024,-0.022336462783520215,-1,1,1,1
2024-02-05,TLT,2024,-0.02040035288218102,0,1,1,1
2024-02-06,TLT,2024,0.009726377907393483,-1,1,0,0
2024-02-07,TLT,2024,-0.004851004620618742,-1,1,1,0
2024-02-08,TLT,2024,-0.005831581767217952,-1,1,1,0
2024-02-09,TLT,2024,-0.0020225546471837946,-1,1,1,0
2024-02-12,TLT,2024,0.001171260975443328,-1,1,-1,0
2024-02-13,TLT,2024,-0.017283564986286012,0,1,1,0
2024-02-14,TLT,2024,0.005076514765580001,0,1,-1,-1
2024-02-15,TLT,2024,0.005157907679841359,1,1,1,-1
2024-02-16,TLT,2024,-0.005804246142005406,1,1,1,-1
2024-02-20,TLT,2024,0.0008615698671686183,0,1,1,-1
2024-02-21,TLT,2024,-0.00713375061129191,1,1,1,1
2024-02-22,TLT,2024,0.004869719566282061,1,1,1,-1
2024-02-23,TLT,2024,0.013297458351539048,1,1,0,-1
2024-02-26,TLT,2024,-0.002987388721483454,1,1,1,-1
2024-02-27,TLT,2024,-0.007076745214287758,1,1,-1,-1
2024-02-28,TLT,2024,0.006328592292446572,1,1,1,-1
2024-02-29,TLT,2024,0.007032708202729856,1,1,1,-1
2024-03-01,TLT,2024,0.006211706160145311,1,1,-1,-1
2024-03-04,TLT,2024,-0.004030414841303701,1,1,-1,-1
2024-03-05,TLT,2024,0.014141022055685503,-1,1,1,-1
2024-03-06,TLT,2024,0.005851253077363111,-1,1,1,-1
2024-03-07,TLT,2024,-0.0009383513760767342,-1,1,1,-1
2024-03-08,TLT,2024,-0.001774031995429315,-1,1,-1,-1
2024-03-11,TLT,2024,-0.0005226234186580826,-1,1,1,-1
2024-03-12,TLT,2024,-0.008396391951512488,-1,1,1,-1
2024-03-13,TLT,2024,-0.004859967728928445,-1,1,1,-1
2024-03-14,TLT,2024,-0.015476014729225022,0,1,-1,-1
2024-03-15,TLT,2024,-0.00032272340953626213,1,1,1,-1
2024-03-18,TLT,2024,-0.003017270423189023,1,1,1,-1
2024-03-19,TLT,2024,0.0028018510497964605,1,1,1,-1
2024-03-20,TLT,2024,-0.0003226237786946957,1,1,1,-1
2024-03-21,TLT,2024,0.002150619703038678,1,1,-1,-1
2024-03-22,TLT,2024,0.009515404313252922,-1,1,1,-1
2024-03-25,TLT,2024,-0.005013703665512861,-1,1,1,-1
2024-03-26,TLT,2024,0.0027762370573388173,-1,1,1,-1
2024-03-27,TLT,2024,0.00986933529279619,-1,1,-1,-1
2024-03-28,TLT,2024,-0.0008453930964149376,-1,1,1,-1
2024-04-01,TLT,2024,-0.0188166127453545,-1,1,1,-1
2024-04-02,TLT,2024,-0.005525972363442116,0,1,1,-1
2024-04-03,TLT,2024,-0.00021745051459288732,-1,1,0,-1
2024-04-04,TLT,2024,0.007147012299552836,-1,1,-1,-1
2024-04-05,TLT,2024,-0.014016496760379991,-1,1,1,-1
2024-04-08,TLT,2024,-0.00010958493861538996,-1,1,-1,-1
2024-04-09,TLT,2024,0.0092587557145106,-1,1,1,-1
2024-04-10,TLT,2024,-0.022034191735227297,-1,1,0,-1
2024-04-11,TLT,2024,-0.004554905317735593,-1,1,0,-1
2024-04-12,TLT,2024,0.005330388860654761,-1,1,1,1
2024-04-15,TLT,2024,-0.015626805595714218,0,1,-1,1
2024-04-16,TLT,2024,-0.006659812944656264,1,1,-1,-1
2024-04-17,TLT,2024,0.011037439224370166,-1,1,0,-1
2024-04-18,TLT,2024,-0.005052964832703888,-1,1,1,-1
2024-04-19,TLT,2024,0.0035960735970031986,-1,1,-1,-1
2024-04-22,TLT,2024,-0.0016842242443733993,0,1,1,-1
2024-04-23,TLT,2024,0.00033731823793128814,-1,1,0,-1
2024-04-24,TLT,2024,-0.007101675647311483,0,1,0,-1
2024-04-25,TLT,2024,-0.007038570654770236,1,1,1,-1
2024-04-26,TLT,2024,0.005226847205525092,1,1,1,-1
2024-04-29,TLT,2024,0.008351391646942933,1,1,1,-1
2024-04-30,TLT,2024,-0.008577825051197845,1,1,-1,-1
2024-05-01,TLT,2024,0.0073438842207445894,1,1,1,-1
2024-05-02,TLT,2024,0.004281615902405724,1,1,1,-1
2024-05-03,TLT,2024,0.010068240184323342,0,1,1,-1
2024-05-06,TLT,2024,0.003888290768699968,0,1,1,-1
2024-05-07,TLT,2024,0.00607949691040419,0,1,1,-1
2024-05-08,TLT,2024,-0.006079496910404251,1,1,1,-1
2024-05-09,TLT,2024,0.0048666806271514314,1,1,0,-1
2024-05-10,TLT,2024,-0.0056433914290054225,1,1,1,-1
2024-05-13,TLT,2024,0.002549069829870375,1,1,1,-1
2024-05-14,TLT,2024,0.005628972179857132,1,1,1,-1
2024-05-15,TLT,2024,0.013555084276262928,0,1,-1,-1
2024-05-16,TLT,2024,-0.0009777686740640834,-1,1,-1,-1
2024-05-17,TLT,2024,-0.00676097482097803,0,1,1,-1
2024-05-20,TLT,2024,-0.0029587462653162875,-1,1,1,-1
2024-05-21,TLT,2024,0.0051446983650078855,-1,1,1,-1
2024-05-22,TLT,2024,0.0012003866713531245,-1,1,1,-1
2024-05-23,TLT,2024,-0.006454887792889669,-1,1,0,-1
2024-05-24,TLT,2024,0.0029591626850644353,1,1,1,-1
2024-05-28,TLT,2024,-0.01443957275152484,1,1,0,-1
2024-05-29,TLT,2024,-0.012175582184031622,1,1,1,-1
2024-05-30,TLT,2024,0.009618578514542899,1,1,1,-1
2024-05-31,TLT,2024,0.006766804374759826,1,1,1,-1
2024-06-03,TLT,2024,0.016045307305596286,0,1,0,-1
2024-06-04,TLT,2024,0.011613676023261271,-1,1,1,-1
2024-06-05,TLT,2024,0.007310847128952883,-1,1,0,1
2024-06-06,TLT,2024,-0.0015008484104750185,1,1,1,1
2024-06-07,TLT,2024,-0.018515784002445277,1,1,1,1
2024-06-10,TLT,2024,-0.006689174363806443,1,1,1,1
2024-06-11,TLT,2024,0.010289083153469582,1,1,0,1
2024-06-12,TLT,2024,0.007485611924384482,1,1,1,1
2024-06-13,TLT,2024,0.01459262159492896,0,1,0,1
2024-06-14,TLT,2024,0.008379780531956996,0,1,1,1
2024-06-17,TLT,2024,-0.009978966702825663,1,1,1,1
2024-06-18,TLT,2024,0.009133662717826745,-1,1,1,1
2024-06-20,TLT,2024,-0.006682782306946878,0,1,1,1
2024-06-21,TLT,2024,0.0,-1,1,1,1
2024-06-24,TLT,2024,0.0040363593628492764,-1,1,-1,1
2024-06-25,TLT,2024,0.0016943683401889431,-1,1,1,1
2024-06-26,TLT,2024,-0.014388421348834448,-1,1,1,1
2024-06-27,TLT,2024,0.003963790794911468,-1,1,1,1
2024-06-28,TLT,2024,-0.018780790999003087,0,1,0,1
2024-07-01,TLT,2024,-0.017409459681196164,1,1,1,1
2024-07-02,TLT,2024,0.007755479511357482,1,1,1,1
2024-07-03,TLT,2024,0.013047609048285414,1,1,1,1
2024-07-05,TLT,2024,0.008244596690620661,1,1,1,1
2024-07-08,TLT,2024,0.0021585130825859896,0,1,1,1
2024-07-09,TLT,2024,-0.004429674499327593,1,1,1,1
2024-07-10,TLT,2024,0.0031352340194050797,1,1,1,1
2024-07-11,TLT,2024,0.009668108285947368,0,1,-1,1
2024-07-12,TLT,2024,0.004267203979153622,-1,1,1,1
2024-07-15,TLT,2024,-0.011563314953950143,0,1,1,1
2024-07-16,TLT,2024,0.014008517588815116,-1,1,1,1
2024-07-17,TLT,2024,0.00021257148927037838,-1,1,1,1
2024-07-18,TLT,2024,-0.007673500587971625,-1,1,1,1
2024-07-19,TLT,2024,-0.00590155736221402,0,1,1,1
2024-07-22,TLT,2024,-0.0029101169150367533,1,1,0,1
2024-07-23,TLT,2024,-0.0014042102989743751,1,1,1,-1
2024-07-24,TLT,2024,-0.010867185526841756,1,1,0,1
2024-07-25,TLT,2024,0.008161463182413538,1,1,1,1
2024-07-26,TLT,2024,0.00777300088453291,1,1,1,1
2024-07-29,TLT,2024,0.005362322582856327,1,1,1,1
2024-07-30,TLT,2024,0.00384346870489399,1,1,1,1
2024-07-31,TLT,2024,0.010177111526501253,1,1,-1,1
2024-08-01,TLT,2024,0.008587766597938744,0,1,-1,1
2024-08-02,TLT,2024,0.03068584501548329,-1,1,-1,1
2024-08-05,TLT,2024,0.005277028570199881,-1,1,0,1
2024-08-06,TLT,2024,-0.022622372913722474,0,1,0,1
2024-08-07,TLT,2024,-0.007065046284565253,1,1,0,1
2024-08-08,TLT,2024,-0.00617039020185864,1,1,1,1
2024-08-09,TLT,2024,0.009813147611684647,1,1,1,1
2024-08-12,TLT,2024,0.0036294497120858806,1,1,1,1
2024-08-13,TLT,2024,0.006911096630191927,1,1,1,1
2024-08-14,TLT,2024,0.006251066390486577,1,1,1,1
2024-08-15,TLT,2024,-0.008103168426459357,1,1,1,1
2024-08-16,TLT,2024,0.003495426236004471,1,1,1,1
2024-08-19,TLT,2024,0.004607742190454996,0,1,1,1
2024-08-20,TLT,2024,0.007936379184027571,-1,1,1,1
2024-08-21,TLT,2024,0.0006079221857927577,-1,1,1,1
2024-08-22,TLT,2024,-0.009975746034080338,0,1,1,1
2024-08-23,TLT,2024,0.00652606967068864,-1,1,1,1
2024-08-26,TLT,2024,-0.0025441105168149095,0,1,1,1
2024-08-27,TLT,2024,-0.0017334651447727678,1,1,1,1
2024-08-28,TLT,2024,-0.0012259095648697444,1,1,1,1
2024-08-29,TLT,2024,-0.0032757188156072453,1,1,1,1
2024-08-30,TLT,2024,-0.010720589331056813,1,1,1,1
2024-09-03,TLT,2024,0.016222983656101968,1,1,-1,1
2024-09-04,TLT,2024,0.01280759197844933,1,1,0,1
2024-09-05,TLT,2024,0.005640188618805721,0,1,-1,1
2024-09-06,TLT,2024,-0.00010058653123159817,0,1,1,1
2024-09-09,TLT,2024,0.004309720983218704,1,1,1,1
2024-09-10,TLT,2024,0.006976283441144709,0,1,0,-1
2024-09-11,TLT,2024,-0.0007947812451504828,-1,1,1,-1
2024-09-12,TLT,2024,-0.0046825646334330015,-1,1,1,-1
2024-09-13,TLT,2024,0.0026926369453200622,-1,1,1,-1
2024-09-16,TLT,2024,0.009120811722530955,-1,1,1,-1
2024-09-17,TLT,2024,-0.004847413532701567,-1,1,1,-1
2024-09-18,TLT,2024,-0.01247338101034365,-1,1,-1,-1
2024-09-19,TLT,2024,-0.003318941794041308,-1,1,1,-1
2024-09-20,TLT,2024,-0.003835695302084329,0,1,1,-1
2024-09-23,TLT,2024,-0.0021261880975795423,0,1,0,-1
2024-09-24,TLT,2024,-0.0002027661225040513,0,1,0,-1
2024-09-25,TLT,2024,-0.008346804945134232,0,1,1,-1
2024-09-26,TLT,2024,0.0023482827671989703,-1,1,1,-1
2024-09-27,TLT,2024,0.00518729882830882,-1,1,1,-1
2024-09-30,TLT,2024,-0.00477962227065031,-1,1,1,-1
2024-10-01,TLT,2024,0.007194106169840737,-1,1,1,-1
2024-10-02,TLT,2024,-0.008462857091957557,-1,1,1,-1
2024-10-03,TLT,2024,-0.00946482297577771,-1,1,1,-1
2024-10-04,TLT,2024,-0.01237756865854609,-1,1,-1,-1
2024-10-07,TLT,2024,-0.007563755404154717,-1,1,1,-1
2024-10-08,TLT,2024,0.0016854953390991873,0,1,-1,-1
2024-10-09,TLT,2024,-0.00570082322627407,1,1,-1,-1
2024-10-10,TLT,2024,-0.00392505049834133,0,1,-1,-1
2024-10-11,TLT,2024,-0.004047314627162008,0,1,1,-1
2024-10-14,TLT,2024,0.0007467248417241884,-1,1,1,-1
2024-10-15,TLT,2024,0.01208415809398428,-1,1,1,-1
2024-10-16,TLT,2024,0.004205578262033636,-1,1,1,-1
2024-10-17,TLT,2024,-0.015969793865331868,-1,1,1,-1
2024-10-18,TLT,2024,0.0007458409490520531,-1,1,1,-1
2024-10-21,TLT,2024,-0.017625275621383378,0,1,-1,-1
2024-10-22,TLT,2024,0.0009752654351201781,0,1,1,1
2024-10-23,TLT,2024,-0.0027117819560293953,0,1,1,1
2024-10-24,TLT,2024,0.0063880043638741115,0,1,0,1
2024-10-25,TLT,2024,-0.005628064395151915,-1,1,1,1
2024-10-28,TLT,2024,-0.002716637270728138,1,1,0,1
2024-10-29,TLT,2024,0.001522186460836153,1,1,0,1
2024-10-30,TLT,2024,0.002929828539297623,-1,1,0,1
2024-10-31,TLT,2024,0.0016235934001148356,-1,1,0,1
2024-11-01,TLT,2024,-0.014198487402014091,1,1,-1,1
2024-11-04,TLT,2024,0.01540252634797433,0,1,-1,1
2024-11-05,TLT,2024,0.005297432627404572,-1,1,0,1
2024-11-06,TLT,2024,-0.027770107743100358,0,1,0,1
2024-11-07,TLT,2024,0.012449766590560102,-1,1,0,1
2024-11-08,TLT,2024,0.012621037719489211,-1,1,1,1
2024-11-11,TLT,2024,-0.004877076380071714,-1,1,1,1
2024-11-12,TLT,2024,-0.01510702836712368,0,1,1,1
2024-11-13,TLT,2024,-0.009531314348280851,0,1,0,1
2024-11-14,TLT,2024,0.005773909776398538,0,1,1,1
2024-11-15,TLT,2024,-0.002660816885827904,0,1,0,1
2024-11-18,TLT,2024,0.0017746339041928387,1,1,1,1
2024-11-19,TLT,2024,0.005084542683457054,1,1,1,1
2024-11-20,TLT,2024,-0.0032022732719121597,1,1,1,1
2024-11-21,TLT,2024,-0.0007748001993751812,1,1,0,1
2024-11-22,TLT,2024,0.0005534117996059398,1,1,1,1
2024-11-25,TLT,2024,0.025558474367773216,1,1,1,1
2024-11-26,TLT,2024,-0.0038898392734665315,1,1,1,1
2024-11-27,TLT,2024,0.006904715515169898,1,1,1,1
2024-11-29,TLT,2024,0.010268628743927624,1,1,1,1
2024-12-02,TLT,2024,0.0023996960512507113,0,1,0,1
2024-12-03,TLT,2024,-0.008666166693035764,0,1,1,1
2024-12-04,TLT,2024,0.010688334643288274,-1,1,-1,1
2024-12-05,TLT,2024,0.0020178255751569806,-1,1,-1,1
2024-12-06,TLT,2024,0.0014842681693062896,-1,1,1,1
2024-12-09,TLT,2024,-0.009259731799421994,-1,1,1,1
2024-12-10,TLT,2024,-0.004715873569808184,-1,1,1,1
2024-12-11,TLT,2024,-0.009499083632717188,-1,1,0,1
2024-12-12,TLT,2024,-0.01222190814794402,-1,1,1,1
2024-12-13,TLT,2024,-0.010263258682506667,-1,1,1,1
2024-12-16,TLT,2024,0.0029903907333013063,-1,1,1,1
2024-12-17,TLT,2024,0.0024300806103331966,-1,1,-1,1
2024-12-18,TLT,2024,-0.012583152886042925,-1,1,0,1
2024-12-19,TLT,2024,-0.015257244436128851,-1,1,0,1
2024-12-20,TLT,2024,0.005677947188403705,-1,1,1,1
2024-12-23,TLT,2024,-0.009214279502223716,0,1,1,1
2024-12-24,TLT,2024,0.004219509844234165,0,1,0,1
2024-12-26,TLT,2024,-0.0005690337296937596,-1,1,1,1
2024-12-27,TLT,2024,-0.008232391095215891,0,1,1,1
2024-12-30,TLT,2024,0.008004556436217865,-1,1,1,1
2024-12-31,TLT,2024,-0.0053674726985303315,-1,1,0,1
2025-01-02,TLT,2025,0.002744337167945076,-1,1,1,-1
2025-01-03,TLT,2025,-0.003202522300838762,-1,1,1,-1
2025-01-06,TLT,2025,-0.004477705868735358,-1,1,1,-1
2025-01-07,TLT,2025,-0.011341771793467922,1,1,0,-1
2025-01-08,TLT,2025,0.001279788601770264,1,1,1,-1
2025-01-10,TLT,2025,-0.0066475425532030565,1,1,1,-1
2025-01-13,TLT,2025,-0.000351259072976152,1,1,1,-1
2025-01-14,TLT,2025,-0.0016402347781404676,1,1,1,-1
2025-01-15,TLT,2025,0.017088647844161357,0,1,-1,-1
2025-01-16,TLT,2025,0.00322205393723243,0,1,0,-1
2025-01-17,TLT,2025,0.0017216884723200055,1,1,1,-1
2025-01-21,TLT,2025,0.008906423484896942,0,1,1,1
2025-01-22,TLT,2025,-0.005242897768840348,1,1,1,1
2025-01-23,TLT,2025,-0.0078008515175042115,1,1,1,-1
2025-01-24,TLT,2025,0.004481495704672444,1,1,1,-1
2025-01-27,TLT,2025,0.011739781338722746,0,1,1,-1
2025-01-28,TLT,2025,-0.0006798637788938117,1,1,1,-1
2025-01-29,TLT,2025,-0.0020431128093789785,1,1,1,-1
2025-01-30,TLT,2025,0.0037425547629153276,1,1,1,-1
2025-01-31,TLT,2025,-0.006587268240165293,1,1,0,-1
2025-02-03,TLT,2025,0.008109047502900254,0,1,1,-1
2025-02-04,TLT,2025,0.003057927462271798,0,1,0,-1
2025-02-05,TLT,2025,0.01637536478321635,-1,1,-1,-1
2025-02-06,TLT,2025,-0.0004450932714430907,-1,1,1,-1
2025-02-07,TLT,2025,-0.00647594040962492,0,1,1,-1
2025-02-10,TLT,2025,-0.0030293842480237465,-1,1,1,-1
2025-02-11,TLT,2025,-0.006424946854124637,-1,1,1,-1
2025-02-12,TLT,2025,-0.013662965216922618,1,1,-1,-1
2025-02-13,TLT,2025,0.016486154647887143,1,1,1,-1
2025-02-14,TLT,2025,0.005285800233248344,1,1,1,-1
2025-02-18,TLT,2025,-0.011847923689902194,1,1,1,-1
2025-02-19,TLT,2025,0.0012480501417124925,1,1,1,-1
2025-02-20,TLT,2025,0.0037340950816612557,1,1,1,-1
2025-02-21,TLT,2025,0.012012332375522254,1,1,0,-1
2025-02-24,TLT,2025,0.002897480786312332,1,1,1,-1
2025-02-25,TLT,2025,0.01709982298046112,0,1,-1,-1
2025-02-26,TLT,2025,0.005889594210405793,-1,1,1,-1
2025-02-27,TLT,2025,-0.007093438661690873,-1,1,-1,-1
2025-02-28,TLT,2025,0.012191186690042825,-1,1,0,-1
2025-03-03,TLT,2025,0.004655798892738029,-1,1,1,-1
2025-03-04,TLT,2025,-0.012391180742500596,-1,1,0,1
2025-03-05,TLT,2025,-0.008016374768075443,-1,1,0,1
2025-03-06,TLT,2025,-0.00331279154500224,0,1,1,1
2025-03-07,TLT,2025,-0.0032133932639928867,0,1,0,1
2025-03-10,TLT,2025,0.010377809197901986,0,1,1,1
2025-03-11,TLT,2025,-0.00716441593390909,0,1,0,1
2025-03-12,TLT,2025,-0.0059914913461775725,1,1,-1,1
2025-03-13,TLT,2025,0.008753017135220973,0,1,0,1
2025-03-14,TLT,2025,-0.00530938364871878,1,1,1,1
2025-03-17,TLT,2025,0.004978567958151039,-1,1,1,1
2025-03-18,TLT,2025,0.0009923877419513445,-1,1,0,1
2025-03-19,TLT,2025,0.0051679553787110045,-1,1,1,1
2025-03-20,TLT,2025,0.0006580842092472904,-1,1,0,1
2025-03-21,TLT,2025,-0.005936345883383144,-1,1,1,1
2025-03-24,TLT,2025,-0.010306424539083819,1,1,1,1
2025-03-25,TLT,2025,-0.00011128029530374072,1,1,1,1
2025-03-26,TLT,2025,-0.006594753894813488,1,1,1,1
2025-03-27,TLT,2025,-0.002920225551611338,1,1,1,1
2025-03-28,TLT,2025,0.013739367625509608,1,1,1,1
2025-03-31,TLT,2025,0.00982522954746395,0,1,0,1
2025-04-01,TLT,2025,0.008628076441353345,-1,1,-1,1
2025-04-02,TLT,2025,-0.0006560603665610831,-1,1,0,1
2025-04-03,TLT,2025,0.004583144941971713,-1,1,-1,1
2025-04-04,TLT,2025,0.010828512650845196,-1,1,0,1
2025-04-07,TLT,2025,-0.030619996689336678,-1,1,0,1
2025-04-08,TLT,2025,-0.019058850665022768,0,1,0,1
2025-04-09,TLT,2025,0.005868261289450656,0,1,0,1
2025-04-10,TLT,2025,-0.027955529313892696,0,1,0,1
2025-04-11,TLT,2025,0.005423913758608658,0,1,0,1
2025-04-14,TLT,2025,0.007110168560750272,-1,1,-1,1
2025-04-15,TLT,2025,0.003536123550438013,0,1,1,1
2025-04-16,TLT,2025,0.005563945673770981,0,1,1,1
2025-04-17,TLT,2025,-0.008871691791200117,1,1,-1,1
2025-04-21,TLT,2025,-0.01763408981670104,1,1,-1,1
2025-04-22,TLT,2025,0.005565710775587868,1,1,-1,1
2025-04-23,TLT,2025,0.009666234029833383,1,1,0,1
2025-04-24,TLT,2025,0.010481076939801479,1,1,-1,1
2025-04-25,TLT,2025,0.007339111675146274,-1,1,1,1
2025-04-28,TLT,2025,0.006280169672743858,-1,1,-1,1
2025-04-29,TLT,2025,0.008349487579029624,-1,1,1,1
2025-04-30,TLT,2025,-0.008126062631184105,-1,1,-1,1
2025-05-01,TLT,2025,-0.0050832084430528675,-1,1,-1,1
2025-05-02,TLT,2025,-0.010883070737295237,-1,1,-1,1
2025-05-05,TLT,2025,-0.005601236584885764,-1,1,-1,1
2025-05-06,TLT,2025,0.0033185611205842447,-1,1,-1,1
2025-05-07,TLT,2025,0.004218448077896252,-1,1,-1,1
2025-05-08,TLT,2025,-0.011211619097983402,-1,1,-1,1
2025-05-09,TLT,2025,0.001494508671783601,-1,1,-1,1
2025-05-12,TLT,2025,-0.009348739851899806,0,1,-1,1
2025-05-13,TLT,2025,-0.004066715929838161,0,1,-1,1
2025-05-14,TLT,2025,-0.006658549520302523,-1,1,-1,1
2025-05-15,TLT,2025,0.008752007323640865,-1,1,-1,1
2025-05-16,TLT,2025,0.00266885606360088,-1,1,-1,1
2025-05-19,TLT,2025,-0.0029012878567222246,0,1,-1,1
2025-05-20,TLT,2025,-0.007231179852681938,0,1,-1,1
2025-05-21,TLT,2025,-0.017237337645443246,1,1,-1,-1
2025-05-22,TLT,2025,0.005226130565335068,1,1,-1,-1
2025-05-23,TLT,2025,0.00165726108143067,1,1,-1,-1
2025-05-27,TLT,2025,0.013859698075776201,0,1,-1,-1
2025-05-28,TLT,2025,-0.004325267686555695,1,1,-1,-1
2025-05-29,TLT,2025,0.00921240822111095,1,1,-1,-1
2025-05-30,TLT,2025,0.0015076693551734587,-1,1,1,1
2025-06-02,TLT,2025,-0.009349965505695449,0,1,1,1
2025-06-03,TLT,2025,-0.001763052498180497,1,1,0,1
2025-06-04,TLT,2025,0.01610299757767547,0,1,0,1
2025-06-05,TLT,2025,0.0006942337807501243,1,1,1,1
2025-06-06,TLT,2025,-0.01280590294756709,1,1,1,1
2025-06-09,TLT,2025,0.0010541796351889396,0,1,1,1
2025-06-10,TLT,2025,0.005136727781032638,1,1,1,-1
2025-06-11,TLT,2025,0.0030225331383618172,1,1,1,-1
2025-06-12,TLT,2025,0.011886352035778503,-1,1,-1,-1
2025-06-13,TLT,2025,-0.009682746379299894,0,1,0,-1
2025-06-16,TLT,2025,-0.010128985219638245,1,1,0,-1
2025-06-17,TLT,2025,0.01209607961732938,1,1,1,-1
2025-06-18,TLT,2025,0.0017327095334703192,1,1,1,-1
2025-06-20,TLT,2025,-0.001848423268229461,1,1,1,-1
2025-06-23,TLT,2025,0.00323224719626232,1,1,1,-1
2025-06-24,TLT,2025,0.007234421713054769,1,1,0,-1
2025-06-25,TLT,2025,0.001257683968519185,0,1,1,-1
2025-06-26,TLT,2025,0.005015251829794449,-1,1,1,-1
2025-06-27,TLT,2025,-0.006387549885632692,-1,1,1,-1
2025-06-30,TLT,2025,0.00979280362012089,-1,1,-1,-1
2025-07-01,TLT,2025,0.0024764307635808487,-1,1,-1,-1
2025-07-02,TLT,2025,-0.006373656725504356,-1,1,1,-1
2025-07-03,TLT,2025,-0.006989487552261149,-1,1,1,-1
2025-07-07,TLT,2025,-0.009589373988312748,-1,1,-1,-1
2025-07-08,TLT,2025,-0.0012778817281856197,-1,1,1,-1
2025-07-09,TLT,2025,0.010407244575638071,-1,1,-1,-1
2025-07-10,TLT,2025,0.000689845311362117,-1,1,1,1
2025-07-11,TLT,2025,-0.013890571123722774,-1,1,-1,1
2025-07-14,TLT,2025,-0.002100431059037239,1,1,1,1
2025-07-15,TLT,2025,-0.007033220767805222,1,1,0,1
2025-07-16,TLT,2025,0.0014106258326673964,0,1,0,1
2025-07-17,TLT,2025,-0.00023495047964541368,1,1,-1,1
2025-07-18,TLT,2025,0.0015262392934856557,1,1,1,1
2025-07-21,TLT,2025,0.008876692546191884,0,1,-1,1
2025-07-22,TLT,2025,0.006027906089032577,1,1,1,1
2025-07-23,TLT,2025,-0.005563200887046877,1,1,1,1
2025-07-24,TLT,2025,-0.0017447615590858686,1,1,1,1
2025-07-25,TLT,2025,0.006267390757510003,1,1,1,1
2025-07-28,TLT,2025,-0.006500262025376917,1,1,1,1
2025-07-29,TLT,2025,0.016744943303275583,1,1,0,1
2025-07-30,TLT,2025,-0.00516675115342584,1,1,1,1
2025-07-31,TLT,2025,0.0005754239924203381,1,1,-1,1
2025-08-01,TLT,2025,0.014116415843443681,-1,1,-1,1
2025-08-04,TLT,2025,0.0027291290862753595,-1,1,1,1
2025-08-05,TLT,2025,0.0030613935978750506,-1,1,1,1
2025-08-06,TLT,2025,-0.0057905226841504995,0,1,1,1
2025-08-07,TLT,2025,-0.0017094046903599093,-1,1,1,1
2025-08-08,TLT,2025,-0.004343785748053488,-1,1,1,1
2025-08-11,TLT,2025,0.0011448264045916653,-1,1,1,1
2025-08-12,TLT,2025,-0.005047637876178005,-1,1,1,1
2025-08-13,TLT,2025,0.008246597219639879,-1,1,1,1
2025-08-14,TLT,2025,-0.007441984799069288,-1,1,1,1
2025-08-15,TLT,2025,-0.007150039874077843,1,1,1,1
2025-08-18,TLT,2025,-0.0028977676113069537,1,1,1,1
2025-08-19,TLT,2025,0.005787162422073049,0,1,1,1
2025-08-20,TLT,2025,0.0021902009718121904,0,1,1,1
2025-08-21,TLT,2025,-0.004963800460192215,1,1,1,1
2025-08-22,TLT,2025,0.007379207705796766,-1,1,-1,1
2025-08-25,TLT,2025,-0.002876006956030414,-1,1,1,1
2025-08-26,TLT,2025,-0.0005764160314613387,0,1,1,1
2025-08-27,TLT,2025,-0.0011531852299250637,1,1,1,1
2025-08-28,TLT,2025,0.006556447250248868,1,1,1,1
2025-08-29,TLT,2025,-0.007133769269565715,1,1,1,1
2025-09-02,TLT,2025,-0.007469582534427678,1,1,1,1
2025-09-03,TLT,2025,0.01091769150234709,1,1,0,1
2025-09-04,TLT,2025,0.007595093631486881,1,1,1,1
2025-09-05,TLT,2025,0.015132026771036075,1,1,1,1
2025-09-08,TLT,2025,0.0132361380831214,0,1,1,1
2025-09-09,TLT,2025,-0.005699369440389712,1,1,1,1
2025-09-10,TLT,2025,0.005699369440389763,0,1,0,1
2025-09-11,TLT,2025,0.006663723443061873,-1,1,1,1
2025-09-12,TLT,2025,-0.004326197891626676,-1,1,1,1
2025-09-15,TLT,2025,0.002331809786469438,-1,1,1,1
2025-09-16,TLT,2025,0.002105153990662407,-1,1,1,1
2025-09-17,TLT,2025,-0.002548872432494674,-1,1,0,1
2025-09-18,TLT,2025,-0.010373152298301408,0,1,-1,1
2025-09-19,TLT,2025,-0.0019079761065213278,0,1,1,1
2025-09-22,TLT,2025,-0.003601242481950135,1,1,1,1
2025-09-23,TLT,2025,0.006965602627331806,0,1,1,1
2025-09-24,TLT,2025,-0.0038137621901332677,1,1,1,1
2025-09-25,TLT,2025,0.0,1,1,1,1
2025-09-26,TLT,2025,-0.0008994104302852979,1,1,1,1
2025-09-29,TLT,2025,0.008177907506658567,-1,1,1,1
2025-09-30,TLT,2025,-0.0029049735939733184,0,1,0,1
2025-10-01,TLT,2025,0.0025791062042151494,0,1,1,1
2025-10-02,TLT,2025,0.0029077623744241513,-1,1,1,1
2025-10-03,TLT,2025,-0.001900347121303054,1,1,1,1
2025-10-06,TLT,2025,-0.00797540962912548,1,1,1,1
2025-10-07,TLT,2025,0.005735408181478778,1,1,1,1
2025-10-08,TLT,2025,0.0007845891371231599,1,1,1,1
2025-10-09,TLT,2025,-0.0007845891371231945,1,1,1,1
2025-10-10,TLT,2025,0.016018121985663596,1,1,0,1
2025-10-13,TLT,2025,-0.0005519590730423845,1,1,1,1
2025-10-14,TLT,2025,0.0031969208005077935,1,1,1,1
2025-10-15,TLT,2025,-0.002203561296839196,1,1,1,1
2025-10-16,TLT,2025,0.007472415914201203,0,1,1,1
2025-10-17,TLT,2025,-0.0015339343721565213,1,1,1,1
2025-10-20,TLT,2025,0.0038303898832773068,1,1,1,1
2025-10-21,TLT,2025,0.004903252323679634,0,1,1,1
2025-10-22,TLT,2025,0.0006518853997055776,-1,1,1,1
2025-10-23,TLT,2025,-0.006866863570941662,-1,1,1,1
2025-10-24,TLT,2025,0.0004374042923057631,-1,1,1,1
2025-10-27,TLT,2025,0.0033834549519212555,-1,1,1,1
2025-10-28,TLT,2025,0.00261157605175171,-1,1,1,1
2025-10-29,TLT,2025,-0.010157855888811152,-1,1,0,1
2025-10-30,TLT,2025,-0.005835460392132395,-1,1,1,1
2025-10-31,TLT,2025,-0.0029859920329049464,-1,1,1,1
2025-11-03,TLT,2025,-0.0025041556847981423,0,1,1,1
2025-11-04,TLT,2025,0.0022263718853178537,0,1,1,1
2025-11-05,TLT,2025,-0.010955946105476552,1,1,1,1
2025-11-06,TLT,2025,0.008952584071417618,-1,1,1,1
2025-11-07,TLT,2025,-0.0021191944327079025,-1,1,1,1
2025-11-10,TLT,2025,-0.00022313047029897336,-1,1,1,1
2025-11-11,TLT,2025,0.004568025428240481,-1,1,1,1
2025-11-12,TLT,2025,0.0017768429532585628,-1,1,1,1
2025-11-13,TLT,2025,-0.008245167963077029,0,1,1,1
2025-11-14,TLT,2025,-0.005722306891965582,0,1,0,1
2025-11-17,TLT,2025,0.0024724753057763283,1,1,1,1
2025-11-18,TLT,2025,-0.0003366952682706395,1,1,1,1
2025-11-19,TLT,2025,-0.0020231773151536984,1,1,1,1
2025-11-20,TLT,2025,0.003930121202078374,1,1,1,1
2025-11-21,TLT,2025,0.0030213093575812613,-1,1,1,1
2025-11-24,TLT,2025,0.0056820533010636725,-1,1,1,1
2025-11-25,TLT,2025,0.002552104711805617,-1,1,1,1
2025-11-26,TLT,2025,0.004422772464420141,-1,1,1,1
2025-11-28,TLT,2025,-0.004755263725810488,-1,1,1,1
2025-12-01,TLT,2025,-0.012526800561550892,-1,1,-1,1
2025-12-02,TLT,2025,0.00045047782765247104,-1,1,1,1
2025-12-03,TLT,2025,0.002811030538182057,-1,1,1,1
2025-12-04,TLT,2025,-0.005404186863998085,-1,1,1,1
2025-12-05,TLT,2025,-0.004639311281224027,-1,1,1,1
2025-12-08,TLT,2025,-0.0032944846581720866,-1,1,1,1
2025-12-09,TLT,2025,0.0010235913455193509,0,1,1,1
2025-12-10,TLT,2025,0.003857482522169604,-1,1,1,1
2025-12-11,TLT,2025,-0.0013598813456179276,0,1,1,1
2025-12-12,TLT,2025,-0.009685111329228424,1,1,1,1
2025-12-15,TLT,2025,0.0006868790843101636,0,1,1,1
2025-12-16,TLT,2025,0.005477039722847203,0,1,1,1
2025-12-17,TLT,2025,-0.0009107891534214087,1,1,1,1
2025-12-18,TLT,2025,0.004772125420931602,0,1,1,1
2025-12-19,TLT,2025,-0.0037394592866907468,1,1,1,-1
2025-12-22,TLT,2025,-0.002172387607975743,1,1,1,-1
2025-12-23,TLT,2025,0.0016012630019486085,0,1,1,-1
